county_fips5,yr,index_nsa_pred
1001,2021,197.5266831906363
1001,2022,206.41232265852392
1001,2023,216.10321114264363
1001,2024,225.2227710207522
1001,2025,233.74857036231984
1003,2021,434.31004450245734
1003,2022,451.3155512586262
1003,2023,469.467005446617
1003,2024,488.3552327239784
1003,2025,507.7813744912907
1005,2021,226.0337355248788
1005,2022,226.2589582820322
1005,2023,224.91031608311627
1005,2024,224.38817273157878
1005,2025,224.74176676948514
1007,2021,168.9377923173818
1007,2022,167.7114830339667
1007,2023,166.48350476342586
1007,2024,164.832503599053
1007,2025,162.37646949975468
1009,2021,217.43752571263218
1009,2022,228.45434027959845
1009,2023,240.06500422943822
1009,2024,251.81392793057333
1009,2025,263.7096148132834
1013,2021,164.86738639498526
1013,2022,154.524450118338
1013,2023,139.713182116428
1013,2024,122.38243701488372
1013,2025,102.55600663002505
1015,2021,315.74311139235317
1015,2022,315.30399430323644
1015,2023,314.168013959557
1015,2024,312.47217547730224
1015,2025,309.80668153015597
1017,2021,220.96144549598688
1017,2022,217.46052058422953
1017,2023,212.57825451304373
1017,2024,206.25948549971986
1017,2025,198.10369270688767
1019,2021,172.24325717988927
1019,2022,178.6428784385758
1019,2023,184.7005746055347
1019,2024,190.32058583498957
1019,2025,195.46739594822782
1021,2021,242.82209096307182
1021,2022,250.42884623441142
1021,2023,258.1324897854352
1021,2024,265.9388093201619
1021,2025,273.74533739695767
1023,2021,135.86452676768124
1023,2022,133.99384007950852
1023,2023,135.3767255044896
1023,2024,137.9450561189186
1023,2025,140.71324546681885
1025,2021,216.89879673634286
1025,2022,212.314489752814
1025,2023,207.87698831196022
1025,2024,204.97049608113116
1025,2025,203.35096063375934
1027,2021,154.16852213579347
1027,2022,166.9109305122593
1027,2023,179.65679848921067
1027,2024,192.39760023577196
1027,2025,205.71556659192677
1029,2021,198.71020043903007
1029,2022,207.35125016618267
1029,2023,216.0395736748066
1029,2024,225.29885286669543
1029,2025,235.1213717350588
1031,2021,205.83906488585887
1031,2022,218.75903626794394
1031,2023,233.04707489060837
1031,2024,247.75068728560066
1031,2025,263.0018706993777
1033,2021,239.8003221296824
1033,2022,239.58519584427256
1033,2023,238.6656793614629
1033,2024,237.32027169043755
1033,2025,235.31069981288718
1035,2021,122.36156766625245
1035,2022,126.03491580281448
1035,2023,122.65643719443386
1035,2024,118.62121842229723
1035,2025,116.21234598121538
1037,2021,136.04188593488848
1037,2022,137.87908236816142
1037,2023,139.08880052786319
1037,2024,140.2321111092257
1037,2025,141.16738783655734
1039,2021,160.9608609050148
1039,2022,170.77475615349368
1039,2023,181.41005763652186
1039,2024,192.75388257597962
1039,2025,204.96200662890595
1041,2021,154.45953934481182
1041,2022,156.632143774535
1041,2023,160.2027521062372
1041,2024,163.35257503871838
1041,2025,165.58819510411797
1043,2021,255.47350767351625
1043,2022,267.18154275120327
1043,2023,278.2685280226251
1043,2024,289.34884145992083
1043,2025,300.6389197396886
1045,2021,176.89021985714064
1045,2022,185.64139851893015
1045,2023,195.3226899071414
1045,2024,204.82443133862063
1045,2025,214.17122049405373
1047,2021,155.84253786601977
1047,2022,137.67222244187593
1047,2023,115.08788665742688
1047,2024,90.51400288900709
1047,2025,63.20042229941825
1049,2021,213.45952131626984
1049,2022,223.62706897114185
1049,2023,234.15369919286798
1049,2024,245.30761204704254
1049,2025,257.1655760769778
1051,2021,208.5324245768974
1051,2022,218.06897308762285
1051,2023,227.31802256013088
1051,2024,235.91556361755136
1051,2025,244.0027783032676
1053,2021,235.21971792428118
1053,2022,239.23579628318413
1053,2023,242.82062444041753
1053,2024,246.42931728098975
1053,2025,250.06925933037797
1055,2021,267.797458551185
1055,2022,262.54689316484513
1055,2023,254.70022304440033
1055,2024,245.05769342219048
1055,2025,233.3014127911782
1057,2021,198.25954927785534
1057,2022,205.75222386050777
1057,2023,212.20656215648583
1057,2024,218.77968967403473
1057,2025,225.9517498822656
1059,2021,154.73646525105937
1059,2022,161.42359491349822
1059,2023,168.92563710433038
1059,2024,176.47596590816335
1059,2025,183.90894326081792
1061,2021,176.80615229433482
1061,2022,189.14893606772574
1061,2023,202.29547429376598
1061,2024,215.91168571290973
1061,2025,230.2459365282053
1065,2021,147.13955062075908
1065,2022,135.69796456543781
1065,2023,115.60231798647652
1065,2024,92.21163480897127
1065,2025,66.19934914133682
1067,2021,176.80346486929875
1067,2022,183.83125611537042
1067,2023,194.50560064182548
1067,2024,205.67341138997764
1067,2025,216.71193607371922
1069,2021,299.5376054694548
1069,2022,308.85280352195264
1069,2023,318.44530731339296
1069,2024,328.0627470200601
1069,2025,337.71990781110316
1071,2021,236.40604774464177
1071,2022,242.11017432465485
1071,2023,247.60397988205344
1071,2024,253.12223297667165
1071,2025,258.65776304035415
1073,2021,499.0041288497464
1073,2022,514.5963859675827
1073,2023,530.3699054181454
1073,2024,545.9791844390581
1073,2025,561.301678931221
1075,2021,165.81067216649805
1075,2022,170.83565058761914
1075,2023,175.35226772199735
1075,2024,179.4999900355637
1075,2025,183.2928858848997
1077,2021,253.5331310340006
1077,2022,258.73833738402266
1077,2023,264.0541327350903
1077,2024,269.31387199169427
1077,2025,274.3543569716447
1079,2021,223.82031700543126
1079,2022,231.75009142402385
1079,2023,239.28751325003896
1079,2024,247.52307056790283
1079,2025,256.64887599207754
1081,2021,437.1175349226405
1081,2022,448.4378616343914
1081,2023,460.0432789312737
1081,2024,471.37917658269134
1081,2025,482.2717809392058
1083,2021,260.3067171161269
1083,2022,275.88698974627647
1083,2023,292.08141800251826
1083,2024,308.96991880077184
1083,2025,326.62010366793754
1085,2021,103.00973483417621
1085,2022,69.94906754761053
1085,2023,27.976207170509696
1085,2024,-24.583874760278036
1085,2025,-123.36133761088058
1087,2021,116.07160966530395
1087,2022,96.07370377735705
1087,2023,73.63908234435667
1087,2024,48.18398609058724
1087,2025,16.89286720816466
1089,2021,521.2069399015506
1089,2022,546.1702709607634
1089,2023,572.1514411835897
1089,2024,600.014331458169
1089,2025,629.4647590378445
1091,2021,197.26533374436008
1091,2022,199.78873531102244
1091,2023,202.42564820070058
1091,2024,205.40589900073942
1091,2025,208.6068438602907
1093,2021,164.20308170657236
1093,2022,169.17826128211803
1093,2023,174.35099767960853
1093,2024,179.9200365007215
1093,2025,185.80015251252314
1095,2021,229.86253074988298
1095,2022,241.3287348729657
1095,2023,253.06502500487528
1095,2024,264.8926172348527
1095,2025,276.8905449469366
1097,2021,454.01113915229405
1097,2022,458.7101436367046
1097,2023,462.36531446560605
1097,2024,466.0179199901246
1097,2025,469.32554408861955
1099,2021,151.16169679559684
1099,2022,145.95818263830643
1099,2023,140.904324676617
1099,2024,136.43691864290156
1099,2025,132.21789702606927
1101,2021,264.9392033117604
1101,2022,262.13943472670627
1101,2023,256.669138796207
1101,2024,249.51556580233748
1101,2025,240.50356837350705
1103,2021,372.89643683146505
1103,2022,385.4347309951377
1103,2023,398.0662206973289
1103,2024,411.44506500826884
1103,2025,425.3797250666894
1107,2021,149.3839876737448
1107,2022,147.85247718833236
1107,2023,142.4993322081664
1107,2024,136.14254273116052
1107,2025,129.39340451113506
1109,2021,183.76088882579222
1109,2022,192.94709678381446
1109,2023,202.82031448100173
1109,2024,213.1155137897485
1109,2025,223.97198256190853
1111,2021,196.32120588225987
1111,2022,203.87256932957285
1111,2023,211.24845858063532
1111,2024,218.70040633314838
1111,2025,226.23584161372713
1113,2021,219.9385682171436
1113,2022,225.43214315782305
1113,2023,231.25990705283849
1113,2024,236.97132166782202
1113,2025,242.30219561688358
1115,2021,373.15145226885613
1115,2022,384.07983058633783
1115,2023,394.450359477981
1115,2024,404.5887500981113
1115,2025,414.4888807956226
1117,2021,430.466389400614
1117,2022,453.19161457328147
1117,2023,475.98377978364397
1117,2024,499.047470576234
1117,2025,522.578533814016
1119,2021,154.34194348728013
1119,2022,152.29114506853438
1119,2023,148.67395737871846
1119,2024,145.26304853254166
1119,2025,142.0759873839315
1121,2021,228.97101103867323
1121,2022,226.26926394919948
1121,2023,221.68520447754332
1121,2024,216.18565383387573
1121,2025,209.61607609588776
1123,2021,232.61125635085705
1123,2022,229.2715876821961
1123,2023,223.74995073707845
1123,2024,216.68360871878858
1123,2025,207.83078389356794
1125,2021,288.24737690250186
1125,2022,291.41896775621586
1125,2023,293.0880437099076
1125,2024,293.8440464873776
1125,2025,293.5457031449267
1127,2021,236.29869286204257
1127,2022,240.49991267665212
1127,2023,245.4776416710918
1127,2024,251.25685770168866
1127,2025,257.57046553022167
1129,2021,114.12745720961965
1129,2022,107.20701527756705
1129,2023,100.01821677421557
1129,2024,92.76709008344415
1129,2025,85.0948597411892
1131,2021,108.17247589907288
1131,2022,73.66315952215038
1131,2023,33.09642734324976
1131,2024,-14.423683705491555
1131,2025,-92.68415695556376
1133,2021,214.44073512960753
1133,2022,224.35932596557393
1133,2023,234.40044794863553
1133,2024,245.37951397878032
1133,2025,257.55523851451994
2020,2021,505.81399859107
2020,2022,513.8541087350839
2020,2023,520.3488687890929
2020,2024,524.8909363459518
2020,2025,527.5780048127559
2090,2021,394.1034457368585
2090,2022,402.7503953088943
2090,2023,409.67792351600076
2090,2024,415.98027134085885
2090,2025,421.8488826835011
2110,2021,445.75275469571375
2110,2022,449.9260736246489
2110,2023,451.8844183467034
2110,2024,451.7487176515161
2110,2025,449.55252330111267
2122,2021,214.51165002061026
2122,2022,210.47234442983438
2122,2023,204.37314762027526
2122,2024,197.59590492599793
2122,2025,190.13012976403098
2130,2021,282.1280303826652
2130,2022,268.3968769418093
2130,2023,252.77127385399646
2130,2024,234.34079475996913
2130,2025,212.23920752636838
2150,2021,287.2882012129488
2150,2022,289.97895069080545
2150,2023,291.866482849828
2150,2024,292.28909751213774
2150,2025,291.0977467621362
2170,2021,166.80277901241215
2170,2022,168.06582162738067
2170,2023,168.52952035149443
2170,2024,168.7728819355979
2170,2025,168.80719796178826
2220,2021,374.2716696649316
2220,2022,374.7314354023186
2220,2023,372.4132414922324
2220,2024,368.2818482304897
2220,2025,362.14779911267544
4001,2021,250.157103134983
4001,2022,236.64506683071852
4001,2023,223.85751501128362
4001,2024,212.35504138491396
4001,2025,201.04950138082742
4003,2021,428.8102250277416
4003,2022,438.38818347259496
4003,2023,449.1058129034808
4003,2024,461.07167458690503
4003,2025,473.636013592161
4005,2021,799.3058404521167
4005,2022,813.958076510587
4005,2023,828.3128742599143
4005,2024,843.100214087075
4005,2025,857.5504117353618
4007,2021,512.4749211688373
4007,2022,525.595938114426
4007,2023,540.6192127378006
4007,2024,558.0961538279348
4007,2025,577.1950095040013
4009,2021,269.67333340032116
4009,2022,280.14942198381834
4009,2023,291.60053085626726
4009,2024,304.51227692558365
4009,2025,318.7099367219995
4012,2021,323.5843465350786
4012,2022,325.30310625908544
4012,2023,326.44322015658577
4012,2024,328.03001665850246
4012,2025,329.46496405907726
4013,2021,907.7179922765373
4013,2022,1075.8925757718405
4013,2023,1253.735669330174
4013,2024,1437.3464558424157
4013,2025,1630.7188399095135
4015,2021,571.397552720143
4015,2022,580.0436841419507
4015,2023,589.1923753170745
4015,2024,600.0360326718792
4015,2025,611.4842146702455
4017,2021,383.3289036368757
4017,2022,381.4034642775294
4017,2023,378.8696063787311
4017,2024,377.6006485161063
4017,2025,376.6549913289892
4019,2021,695.2762324106623
4019,2022,741.6499354420639
4019,2023,792.0266177823652
4019,2024,845.4831198891627
4019,2025,902.0919029797104
4021,2021,483.0017745597306
4021,2022,516.9703491875476
4021,2023,554.5979032318878
4021,2024,594.7960169528546
4021,2025,637.3771765105128
4023,2021,179.13798270893994
4023,2022,165.26964241010467
4023,2023,150.5872675864008
4023,2024,136.1727127251888
4023,2025,121.16688798537038
4025,2021,526.7045009805422
4025,2022,549.881155461267
4025,2023,574.7166638267106
4025,2024,600.9711520476919
4025,2025,628.3977450443415
4027,2021,369.06428143117495
4027,2022,347.7595702590249
4027,2023,327.89845747831134
4027,2024,312.437597152506
4027,2025,299.88490278470005
5001,2021,252.54609599978855
5001,2022,263.85494144346814
5001,2023,274.90339343781216
5001,2024,284.6863481026001
5001,2025,293.3947437031319
5003,2021,192.9968434366795
5003,2022,180.9206442898473
5003,2023,164.57665141612642
5003,2024,145.4636121989631
5003,2025,123.29745902426251
5005,2021,234.68653274137768
5005,2022,237.60634090481767
5005,2023,238.81247081239903
5005,2024,238.6516503157004
5005,2025,237.14891211344388
5007,2021,447.74235823360004
5007,2022,468.6940422845813
5007,2023,488.65082646647807
5007,2024,507.2771868731395
5007,2025,524.7520764877812
5009,2021,169.42518187787405
5009,2022,172.90488544491427
5009,2023,174.67891916160875
5009,2024,174.25485106008432
5009,2025,171.6967894153139
5011,2021,148.5965423495844
5011,2022,154.30789250076253
5011,2023,152.9248318186585
5011,2024,149.44005152030553
5011,2025,145.67846733302397
5015,2021,166.29579330733577
5015,2022,165.64214429119238
5015,2023,164.20483910236726
5015,2024,160.58803633991246
5015,2025,154.26361392339373
5017,2021,106.99336972241929
5017,2022,83.78870073969284
5017,2023,56.03791627238792
5017,2024,22.417566132724005
5017,2025,-23.201322105657766
5019,2021,228.23818408236286
5019,2022,229.35258936507302
5019,2023,228.00420860078452
5019,2024,224.88132369005731
5019,2025,220.05455650596502
5021,2021,5574430336.532474
5021,2022,6502613169.517369
5021,2023,5480949779.430642
5021,2024,5031284574.535623
5021,2025,5093548200.841435
5023,2021,234.829415894414
5023,2022,232.07707711015115
5023,2023,226.96427773654364
5023,2024,220.36621389165802
5023,2025,212.20813760487547
5025,2021,162.29801532527833
5025,2022,162.49317309388246
5025,2023,157.70592032224687
5025,2024,150.80099933600695
5025,2025,142.44002685482874
5027,2021,219.66294173755477
5027,2022,217.9013414322254
5027,2023,215.26797847087005
5027,2024,212.01085042207012
5027,2025,207.68120817390064
5029,2021,158.36360062613932
5029,2022,159.0341297447278
5029,2023,161.59317510431072
5029,2024,163.75473216139102
5029,2025,164.75381840757365
5031,2021,302.6590639114781
5031,2022,310.03520828043685
5031,2023,315.99989452070935
5031,2024,320.18245999771256
5031,2025,322.68768936725047
5033,2021,338.04499781698564
5033,2022,343.11722052326104
5033,2023,347.17243025976796
5033,2024,349.4103710930258
5033,2025,349.75678139618014
5035,2021,311.3269318559664
5035,2022,303.00622535714905
5035,2023,290.5412880243841
5035,2024,275.42482652843125
5035,2025,257.2369530672787
5037,2021,198.5745215047287
5037,2022,199.68650072973145
5037,2023,197.7157821306493
5037,2024,193.85411054787102
5037,2025,188.35308061668812
5041,2021,167.33290451335512
5041,2022,165.54924083714872
5041,2023,160.02261599197908
5041,2024,152.8987516374993
5041,2025,144.52894115265767
5043,2021,203.30292485305145
5043,2022,201.150559635214
5043,2023,197.58356072750428
5043,2024,192.76859341975523
5043,2025,186.5237642758797
5045,2021,330.3546516555933
5045,2022,338.5515275316683
5045,2023,345.1892376946335
5045,2024,350.34651333025994
5045,2025,354.10792058120876
5047,2021,158.4274049775652
5047,2022,159.34545428323966
5047,2023,158.21694571744246
5047,2024,154.93444021842225
5047,2025,149.5205113865638
5049,2021,143.19628551420854
5049,2022,149.04999877000694
5049,2023,154.250635077295
5049,2024,158.20338697159815
5049,2025,161.09516910889946
5051,2021,226.39520380521407
5051,2022,220.66075040568717
5051,2023,211.58190653533103
5051,2024,199.6720537511997
5051,2025,184.64904718076252
5053,2021,165.62412453819888
5053,2022,168.35072670215584
5053,2023,169.38744788758348
5053,2024,168.40990363205736
5053,2025,165.455363018731
5055,2021,212.37010315639185
5055,2022,214.16023994605462
5055,2023,214.67484399698628
5055,2024,213.48694625083127
5055,2025,210.51398445319475
5057,2021,169.19193985450215
5057,2022,174.3904375258321
5057,2023,175.63513396607954
5057,2024,175.280098923048
5057,2025,173.9824713668593
5059,2021,177.12789061228614
5059,2022,179.07212726944874
5059,2023,179.02984719589978
5059,2024,177.02113077861503
5059,2025,173.09496626879735
5061,2021,155.36125262409928
5061,2022,157.28826982684188
5061,2023,158.89306976385416
5061,2024,158.48761270782498
5061,2025,155.68566346244907
5063,2021,207.04841807747732
5063,2022,210.45257933667114
5063,2023,213.7447540634974
5063,2024,216.0072170176514
5063,2025,217.10895101505236
5065,2021,143.97216386177385
5065,2022,133.54520568500038
5065,2023,118.89595648673975
5065,2024,101.74845308558574
5065,2025,81.70196542591174
5067,2021,144.37432773921583
5067,2022,139.66550981978952
5067,2023,134.8024495030513
5067,2024,128.80751682957532
5067,2025,121.13422065335877
5069,2021,261.71324412739585
5069,2022,254.45767484572468
5069,2023,245.11200782202374
5069,2024,233.8569319571327
5069,2025,220.16704641968337
5071,2021,160.37716982555702
5071,2022,159.21660655801742
5071,2023,156.3075022525761
5071,2024,151.50122772909418
5071,2025,144.64176241807417
5075,2021,147.57412335516253
5075,2022,146.4431826759805
5075,2023,144.59750582014678
5075,2024,140.853885395731
5075,2025,134.90025344652892
5079,2021,154.2307633786801
5079,2022,153.62169047501902
5079,2023,153.54918098948613
5079,2024,152.178947442444
5079,2025,148.9059279747721
5081,2021,142.90493864485535
5081,2022,139.57878630887828
5081,2023,135.4651059415766
5081,2024,129.55542162477613
5081,2025,121.3709176182729
5083,2021,168.05741479630814
5083,2022,164.53866059389162
5083,2023,158.45515214618538
5083,2024,149.71770516227792
5083,2025,138.2673426450809
5085,2021,234.9007770986968
5085,2022,239.82097464072572
5085,2023,242.50981258114214
5085,2024,243.03124925849778
5085,2025,241.50122570145268
5087,2021,169.4423230398085
5087,2022,178.54348118316017
5087,2023,186.5104155123714
5087,2024,192.9278968581151
5087,2025,197.97869933207664
5089,2021,166.84377624115373
5089,2022,165.01267070356255
5089,2023,159.7240747016425
5089,2024,152.1572049723598
5089,2025,142.43591398459236
5091,2021,213.5680198588564
5091,2022,211.62928988934982
5091,2023,205.5115475493431
5091,2024,197.185820832222
5091,2025,186.82067002745492
5093,2021,265.25706406984955
5093,2022,257.2101877975104
5093,2023,244.68667768643294
5093,2024,230.85142680544826
5093,2025,215.54570122459424
5097,2021,165.9652845511765
5097,2022,159.97411699965693
5097,2023,152.579663477444
5097,2024,143.51619708693914
5097,2025,132.23062752231024
5101,2021,187.37142800570666
5101,2022,195.6161267732159
5101,2023,197.2369188721678
5101,2024,196.85782617397527
5101,2025,195.95384411294373
5103,2021,181.82904816208912
5103,2022,182.66353296241238
5103,2023,182.9067871139539
5103,2024,182.1625056757973
5103,2025,180.15539734817807
5105,2021,128.23164481679143
5105,2022,131.21408923458202
5105,2023,133.1073020181755
5105,2024,133.30549119666478
5105,2025,131.93326132453706
5107,2021,110.46740499250498
5107,2022,90.56175261898792
5107,2023,72.65931107805184
5107,2024,50.94846237835196
5107,2025,21.77368875638689
5109,2021,144.05311947912517
5109,2022,143.50727294301996
5109,2023,140.6207306519243
5109,2024,135.40317075983418
5109,2025,127.9998735532919
5111,2021,185.42481116251125
5111,2022,188.48947804415027
5111,2023,189.26143247188503
5111,2024,188.6435481910276
5111,2025,186.8034146101275
5113,2021,157.22857217064603
5113,2022,152.90923850390033
5113,2023,148.81705252253565
5113,2024,142.9820170244495
5113,2025,134.67469683316827
5115,2021,258.0424942333059
5115,2022,262.6059916860536
5115,2023,266.03243124227305
5115,2024,268.2520762853885
5115,2025,269.24343563874754
5119,2021,473.5445930908303
5119,2022,476.2897184539125
5119,2023,475.65107887643603
5119,2024,472.126334545618
5119,2025,465.6259107816604
5121,2021,156.73356664421974
5121,2022,158.4352771361889
5121,2023,158.7970527510157
5121,2024,157.51053625878762
5121,2025,154.6759869040866
5123,2021,136.57249532888
5123,2022,128.23520647838535
5123,2023,113.56350972628371
5123,2024,95.6721916058465
5123,2025,74.72548998822555
5125,2021,220.83817159797582
5125,2022,230.04782139210008
5125,2023,237.64330483500652
5125,2024,243.19908826969868
5125,2025,246.982432376164
5127,2021,129.29720784913567
5127,2022,131.65762894341307
5127,2023,136.66635295481885
5127,2024,140.6753964377607
5127,2025,142.49567951957556
5129,2021,111.14153957965033
5129,2022,109.8313057663151
5129,2023,106.82821023835524
5129,2024,101.57888259631085
5129,2025,94.00479087695791
5131,2021,398.6095936976779
5131,2022,402.6535818378813
5131,2023,404.9188673588776
5131,2024,405.290669140357
5131,2025,403.68631313289006
5133,2021,166.52731495490107
5133,2022,168.95203355578155
5133,2023,169.72688866326297
5133,2024,169.19914075706083
5133,2025,167.55656004900374
5135,2021,154.55670876903304
5135,2022,150.9500822794394
5135,2023,144.14570480964358
5135,2024,135.69270405514192
5135,2025,125.69072382734544
5137,2021,164.33037410821495
5137,2022,161.38435600621403
5137,2023,154.47527452652002
5137,2024,145.76956614120093
5137,2025,135.49715775671123
5139,2021,185.95810002341653
5139,2022,177.96343775248954
5139,2023,165.8037564902994
5139,2024,150.9274677955902
5139,2025,133.3225949914832
5141,2021,157.01039888389565
5141,2022,156.63535175540508
5141,2023,153.99364919182216
5141,2024,150.9196102140524
5141,2025,147.6622653290368
5143,2021,547.2362377839444
5143,2022,563.1791595293357
5143,2023,578.5293585803946
5143,2024,592.4548215142254
5143,2025,604.9164961400927
5145,2021,257.7070615204232
5145,2022,261.95640976109433
5145,2023,263.9995709884603
5145,2024,264.86754574787534
5145,2025,264.84054524987204
5147,2021,129.47602715852358
5147,2022,133.49625719484823
5147,2023,136.58047044610535
5147,2024,138.4590051590807
5147,2025,139.38942341143752
5149,2021,150.12393990902297
5149,2022,154.3952503187627
5149,2023,159.33843030984968
5149,2024,163.17347616716822
5149,2025,165.51606629129293
6001,2021,2054.8764415107653
6001,2022,2082.29536766822
6001,2023,2108.337409381809
6001,2024,2130.6059681386773
6001,2025,2149.9153213906675
6003,2021,209.38432818301163
6003,2022,186.98919881866715
6003,2023,162.54190033500316
6003,2024,134.36046883225777
6003,2025,100.94913824942844
6005,2021,365.17836472676504
6005,2022,356.7224679759694
6005,2023,346.7011065216348
6005,2024,334.74794157988
6005,2025,320.23456733278584
6007,2021,905.3020874307203
6007,2022,905.1740081839937
6007,2023,909.5468187151674
6007,2024,913.191231218181
6007,2025,914.1630951885246
6009,2021,436.0143424222995
6009,2022,436.44186213589194
6009,2023,435.8787853267261
6009,2024,434.42426432570613
6009,2025,431.594720145751
6011,2021,368.3123625505767
6011,2022,340.1450693935302
6011,2023,312.5893877473671
6011,2024,286.68992248319944
6011,2025,260.71370887506146
6013,2021,1458.6379216033592
6013,2022,1484.6524134916035
6013,2023,1509.3458828807493
6013,2024,1531.3629451257561
6013,2025,1551.0104285800057
6015,2021,510.0629614550322
6015,2022,503.66109515601977
6015,2023,494.96427807956314
6015,2024,486.741691931644
6015,2025,477.814002276122
6017,2021,973.5217607149377
6017,2022,987.466617010903
6017,2023,999.829296779759
6017,2024,1010.5913054617614
6017,2025,1019.5685457554948
6019,2021,795.4485483556597
6019,2022,803.7141470508473
6019,2023,811.3844641834988
6019,2024,819.2511692030138
6019,2025,826.4858400136509
6021,2021,416.7325865393919
6021,2022,411.613200253099
6021,2023,410.0432468734991
6021,2024,409.91013552020627
6021,2025,409.5837555507715
6023,2021,867.6730756211579
6023,2022,870.274694677817
6023,2023,869.5943053047105
6023,2024,868.0106782273602
6023,2025,864.6100104703495
6025,2021,396.4365460305772
6025,2022,350.77407996640125
6025,2023,305.3536151536798
6025,2024,263.7799277771438
6025,2025,223.80545323397155
6027,2021,623.2483340303477
6027,2022,623.0319326329197
6027,2023,622.1992129986807
6027,2024,619.8681586608129
6027,2025,615.4207754865074
6029,2021,666.7742367151218
6029,2022,670.136199578621
6029,2023,673.1711660276151
6029,2024,677.4393153236527
6029,2025,681.9252439857545
6031,2021,757.1185938342501
6031,2022,749.2444841387535
6031,2023,739.91508685957
6031,2024,731.6524510232689
6031,2025,723.0529397750945
6033,2021,474.43799252671954
6033,2022,468.3481382664694
6033,2023,459.2811433030348
6033,2024,449.0007430258355
6033,2025,436.96192380801114
6035,2021,329.55863250609724
6035,2022,336.24271043372676
6035,2023,344.0373818944402
6035,2024,352.6852451140163
6035,2025,361.92995450041
6037,2021,1644.82940134896
6037,2022,1597.2550154053733
6037,2023,1546.2608766551002
6037,2024,1493.7424872124861
6037,2025,1436.4047388936638
6039,2021,773.282826443476
6039,2022,769.867137004022
6039,2023,766.4083118925371
6039,2024,764.3451457675333
6039,2025,762.292205529277
6041,2021,1668.1419950279596
6041,2022,1694.624944467283
6041,2023,1720.20619858583
6041,2024,1740.4534478265823
6041,2025,1757.3020716689284
6043,2021,415.0804243728856
6043,2022,401.22753384582063
6043,2023,384.182866851884
6043,2024,364.52939409427466
6043,2025,341.6364419799117
6045,2021,1180.8457642989622
6045,2022,1187.687658101037
6045,2023,1191.5645934199138
6045,2024,1194.5443341164196
6045,2025,1195.832294956217
6047,2021,902.0253027272391
6047,2022,897.2868954607471
6047,2023,892.3644076568403
6047,2024,888.3736350023776
6047,2025,884.2508617419401
6049,2021,206.5743995857323
6049,2022,200.03615454401373
6049,2023,195.94237100510298
6049,2024,191.75648532510567
6049,2025,186.4577397188144
6051,2021,511.95638049335673
6051,2022,494.925137934095
6051,2023,472.608767437555
6051,2024,447.32756401633293
6051,2025,418.0281416719251
6053,2021,1453.3837599465123
6053,2022,1453.186318233185
6053,2023,1452.8009789656244
6053,2024,1452.3362915862313
6053,2025,1449.922136915799
6055,2021,1604.245592753428
6055,2022,1614.6996193427253
6055,2023,1623.2530990090909
6055,2024,1629.114982758966
6055,2025,1631.822947984987
6057,2021,915.3003451144779
6057,2022,923.3964883320012
6057,2023,929.8182025558896
6057,2024,934.6722338995796
6057,2025,937.5305603707184
6059,2021,1488.7581521523007
6059,2022,1499.381611435721
6059,2023,1506.4999046422167
6059,2024,1510.5011553489717
6059,2025,1510.834448413495
6061,2021,1088.5231769825184
6061,2022,1110.6243039068409
6061,2023,1132.0177379833071
6061,2024,1151.8149977170388
6061,2025,1169.7762279129802
6063,2021,486.5532074455725
6063,2022,479.49520189161217
6063,2023,473.46391745173435
6063,2024,468.3358170024633
6063,2025,462.98776834869847
6065,2021,1080.3765689487127
6065,2022,1144.0942424784716
6065,2023,1209.3650766205267
6065,2024,1275.519979542011
6065,2025,1343.3631633698128
6067,2021,1145.067364636688
6067,2022,1168.703377735941
6067,2023,1190.5431018420813
6067,2024,1211.4034456706436
6067,2025,1230.5787020603093
6069,2021,1411.5246065830997
6069,2022,1415.809758986964
6069,2023,1420.4634839186283
6069,2024,1424.2000520483216
6069,2025,1425.8349197967068
6071,2021,1160.871225821541
6071,2022,1200.8969660547787
6071,2023,1243.1486408650358
6071,2024,1287.5736451052517
6071,2025,1333.866859496768
6073,2021,1449.8508674275809
6073,2022,1481.4634009551792
6073,2023,1511.1189299996822
6073,2024,1539.701425432252
6073,2025,1566.8830661434927
6075,2021,2361.2494387828256
6075,2022,2392.2011566231245
6075,2023,2428.6149603243966
6075,2024,2452.187925429672
6075,2025,2467.9149512149393
6077,2021,943.7706280870865
6077,2022,948.3016031337795
6077,2023,952.745491584228
6077,2024,957.4972801410189
6077,2025,961.5053262592667
6079,2021,1857.970268665791
6079,2022,1881.6119049834715
6079,2023,1905.161563651675
6079,2024,1927.0587450022317
6079,2025,1946.7869071367636
6081,2021,2110.1698097292406
6081,2022,2145.3077003275243
6081,2023,2181.920869906829
6081,2024,2208.6566433039757
6081,2025,2229.8555213925897
6083,2021,1681.8178999101742
6083,2022,1697.7193872632238
6083,2023,1712.7562014900636
6083,2024,1726.2884762900453
6083,2025,1737.724856910259
6085,2021,2197.1477822947827
6085,2022,2231.6040409234474
6085,2023,2262.923563128454
6085,2024,2286.471696323108
6085,2025,2305.8670485989173
6087,2021,1870.0381121304868
6087,2022,1886.3456714676954
6087,2023,1902.7862272212342
6087,2024,1916.1671131040166
6087,2025,1926.998258100759
6089,2021,624.9768872940044
6089,2022,631.3190571265732
6089,2023,638.1215914204056
6089,2024,645.5702086191022
6089,2025,652.8309484291955
6091,2021,248.18775879315973
6091,2022,246.59819983754045
6091,2023,244.31579200812007
6091,2024,242.07943920224017
6091,2025,239.78489824026917
6093,2021,355.45818590499096
6093,2022,350.83055621857477
6093,2023,346.50950863101247
6093,2024,342.0228600307032
6093,2025,336.65342381566205
6095,2021,1201.4011361154253
6095,2022,1212.2227370644214
6095,2023,1221.6663443950079
6095,2024,1229.3184889915824
6095,2025,1234.5396984713375
6097,2021,1584.801849155308
6097,2022,1606.588288975482
6097,2023,1625.6435958021325
6097,2024,1641.2995199021939
6097,2025,1654.3786244576536
6099,2021,1018.5148378710305
6099,2022,1024.7762568032608
6099,2023,1030.9212131965062
6099,2024,1038.4961315185474
6099,2025,1046.0725928583142
6101,2021,818.9413715821681
6101,2022,811.8659955920185
6101,2023,805.36932006906
6101,2024,800.5221520192318
6101,2025,795.368775237327
6103,2021,453.26446442277586
6103,2022,451.719871068967
6103,2023,450.8870376071889
6103,2024,450.45386287788574
6103,2025,449.365332729319
6105,2021,266.4261198376412
6105,2022,268.835550654025
6105,2023,265.6274976478768
6105,2024,261.63691741510695
6105,2025,257.9591962631082
6107,2021,728.2550311362354
6107,2022,719.1338044968561
6107,2023,709.090869674819
6107,2024,699.9019913976508
6107,2025,690.0790755238747
6109,2021,598.179557921691
6109,2022,590.1485566808337
6109,2023,580.7513944997224
6109,2024,568.9265159820424
6109,2025,553.8406452786901
6111,2021,1564.0710560718885
6111,2022,1579.7092108318066
6111,2023,1593.8531310254184
6111,2024,1606.3847482025794
6111,2025,1616.6250068657182
6113,2021,1473.437583191071
6113,2022,1490.3755203510632
6113,2023,1508.2230495506192
6113,2024,1525.4540005060094
6113,2025,1541.6009970019754
6115,2021,516.4198233722789
6115,2022,508.4919573304234
6115,2023,500.27485176168227
6115,2024,492.598474874189
6115,2025,484.14968640152983
8001,2021,1089.4553424267808
8001,2022,1119.1666672146878
8001,2023,1149.481558958902
8001,2024,1179.3487455156887
8001,2025,1208.4598364599437
8003,2021,278.2348166796619
8003,2022,283.1380556429136
8003,2023,287.70783440896923
8003,2024,290.9303454870725
8003,2025,292.65686196629383
8005,2021,1039.7858602540414
8005,2022,1071.8278495329255
8005,2023,1102.9372729041133
8005,2024,1131.9355025125096
8005,2025,1158.9371033304901
8007,2021,356.61673706466377
8007,2022,356.5439389016292
8007,2023,357.34802946635193
8007,2024,355.86527558783865
8007,2025,351.1893217011856
8011,2021,5624214650.889046
8011,2022,6549553259.112591
8011,2023,5519401649.733231
8011,2024,5067618858.978738
8011,2025,5130912132.692448
8013,2021,1328.5773319383643
8013,2022,1352.2005354235716
8013,2023,1375.181417385163
8013,2024,1395.1359112361051
8013,2025,1412.126547387872
8014,2021,780.7126778030586
8014,2022,790.4211623298023
8014,2023,798.3583142484649
8014,2024,804.4289391777517
8014,2025,808.3646326104069
8015,2021,597.1884848670863
8015,2022,602.118879069664
8015,2023,606.627205420293
8015,2024,609.251919279908
8015,2025,609.2562113657855
8019,2021,438.58148588872757
8019,2022,432.8549532213931
8019,2023,424.1169881948068
8019,2024,412.6110972888647
8019,2025,397.5205078380405
8021,2021,187.7218337029292
8021,2022,197.27531526966584
8021,2023,205.41982353371736
8021,2024,213.4217168104858
8021,2025,221.63313380479016
8025,2021,4649713270.963424
8025,2022,5630726219.606218
8025,2023,4766727119.686904
8025,2024,4356395067.365979
8025,2025,4399533661.388292
8027,2021,243.65042975500015
8027,2022,253.96695952749087
8027,2023,261.17025572994135
8027,2024,267.459716556799
8027,2025,273.2357190943063
8029,2021,405.6769141105873
8029,2022,415.6260745187348
8029,2023,426.45725873585843
8029,2024,437.3376103386679
8029,2025,447.85382335158164
8031,2021,1636.3771150112666
8031,2022,1677.3673701975354
8031,2023,1718.783330616321
8031,2024,1759.4826100631317
8031,2025,1799.3643565271127
8035,2021,862.3975268766135
8035,2022,896.1957588888257
8035,2023,930.1170715087596
8035,2024,962.3640253883765
8035,2025,993.4804969243594
8037,2021,858.5134891070387
8037,2022,856.618713085922
8037,2023,851.4755580417755
8037,2024,843.1487849063445
8037,2025,830.5335395076928
8039,2021,640.9400291015593
8039,2022,656.0876731558837
8039,2023,672.1315157130928
8039,2024,687.105715433364
8039,2025,700.8261104926596
8041,2021,961.4388546419265
8041,2022,1007.8291923475674
8041,2023,1054.6535625113956
8041,2024,1101.6588348311338
8041,2025,1148.5251520433253
8043,2021,426.4281885310031
8043,2022,428.96986690160725
8043,2023,429.7623785639928
8043,2024,429.99651932294194
8043,2025,429.03177295159
8045,2021,853.5356947652862
8045,2022,866.8912995363621
8045,2023,878.5445985826518
8045,2024,889.496218563502
8045,2025,899.123226625585
8047,2021,352.61226932696127
8047,2022,333.2422044366881
8047,2023,307.55322638318603
8047,2024,275.867790816712
8047,2025,237.35312311035284
8049,2021,472.6497485147638
8049,2022,467.1509719007969
8049,2023,460.0933830253473
8049,2024,450.20025925992155
8049,2025,436.301410033646
8051,2021,654.3953706149671
8051,2022,659.4724292704373
8051,2023,664.2433197316054
8051,2024,667.2030471358609
8051,2025,667.4008258041054
8053,2021,192.88279171641733
8053,2022,202.91802725316916
8053,2023,215.04944083694045
8053,2024,225.68445589733847
8053,2025,234.2924491267434
8055,2021,188.6865978219157
8055,2022,181.70116340377822
8055,2023,172.60338701238126
8055,2024,161.85952362205097
8055,2025,149.1110080172628
8057,2021,134.56795263629382
8057,2022,137.07351275273362
8057,2023,149.48853333434235
8057,2024,161.83239648175694
8057,2025,170.5499813517249
8059,2021,1067.8373297055537
8059,2022,1096.804609401814
8059,2023,1124.3230421254143
8059,2024,1149.4596071537537
8059,2025,1172.1012481246603
8063,2021,302.2538344906269
8063,2022,320.5317275352035
8063,2023,337.9024637415447
8063,2024,354.9368019384892
8063,2025,372.04339891590587
8065,2021,647.5428499892259
8065,2022,643.4467666107712
8065,2023,637.6741607808297
8065,2024,630.1826622372394
8065,2025,619.3801400425546
8067,2021,1100.4898388308131
8067,2022,1119.2234549293462
8067,2023,1138.6308968769754
8067,2024,1155.330629839059
8067,2025,1169.3014288651311
8069,2021,1037.7662920999678
8069,2022,1062.709354831476
8069,2023,1087.2929758995301
8069,2024,1109.509973818339
8069,2025,1129.4033280520844
8071,2021,278.1941328952688
8071,2022,279.84845300078086
8071,2023,280.9904792400902
8071,2024,281.17169408272514
8071,2025,279.9700004499166
8073,2021,225.1345678209409
8073,2022,234.900098029791
8073,2023,243.52826374269523
8073,2024,250.80374346160391
8073,2025,256.8597418383947
8075,2021,632.7007536530416
8075,2022,646.2106558039325
8075,2023,660.2266515697308
8075,2024,674.4237319889819
8075,2025,688.0033980278201
8077,2021,812.6316115425453
8077,2022,834.4964206055776
8077,2023,857.8101659486242
8077,2024,882.088939786779
8077,2025,906.5664940490899
8079,2021,201.1469025968882
8079,2022,212.92698920314265
8079,2023,212.0758524890331
8079,2024,208.29545208603304
8079,2025,204.279596156261
8081,2021,313.5968492591794
8081,2022,320.99226191627116
8081,2023,327.6981152643406
8081,2024,333.32706926788836
8081,2025,337.74162729655063
8083,2021,548.4238439839506
8083,2022,556.2697910384362
8083,2023,563.1017632570959
8083,2024,569.9168631837247
8083,2025,576.0952923936932
8085,2021,507.43797493612755
8085,2022,515.9525364864808
8085,2023,523.8318932992329
8085,2024,531.2195430290946
8085,2025,537.4405941119549
8087,2021,452.03490747646833
8087,2022,460.6405935313278
8087,2023,471.3892992796626
8087,2024,481.61972182846773
8087,2025,490.702168900031
8089,2021,551.9937514595365
8089,2022,558.2395053679215
8089,2023,564.5192672441369
8089,2024,572.6051771921049
8089,2025,580.9566587354943
8091,2021,323.8354061195043
8091,2022,321.028265981037
8091,2023,317.1610440054035
8091,2024,311.3166526128957
8091,2025,302.73485328784164
8093,2021,552.7821134328323
8093,2022,562.259484744759
8093,2023,569.9713740735773
8093,2024,576.2889958845323
8093,2025,580.8790241351337
8095,2021,229.74726838697325
8095,2022,245.14759420377015
8095,2023,261.2011048300321
8095,2024,276.82455870385166
8095,2025,291.88635568147447
8097,2021,643.1989145346195
8097,2022,636.2115011832796
8097,2023,622.0695021622157
8097,2024,604.8611666923313
8097,2025,583.9264035140942
8099,2021,285.1412757533368
8099,2022,296.32722997291154
8099,2023,306.8797590399036
8099,2024,317.16052209792144
8099,2025,327.10085809034234
8101,2021,635.4897954719358
8101,2022,639.9438925684514
8101,2023,643.178617034184
8101,2024,646.775724935897
8101,2025,649.4434911480055
8103,2021,272.8823498251631
8103,2022,283.68250126752366
8103,2023,295.398213708504
8103,2024,306.5825090955445
8103,2025,317.2076412894574
8105,2021,292.0212466990171
8105,2022,294.0718980574584
8105,2023,295.14135976919664
8105,2024,295.6662511200318
8105,2025,295.16510896476933
8107,2021,610.4302642081338
8107,2022,610.9468483975188
8107,2023,607.6392648219356
8107,2024,601.7556210053403
8107,2025,592.6633997467675
8109,2021,147.88380396033563
8109,2022,149.8800288172628
8109,2023,151.45330221669525
8109,2024,151.44467472487744
8109,2025,149.68071616381778
8111,2021,145.8255043281949
8111,2022,146.2232384351747
8111,2023,147.2687656475602
8111,2024,146.2471282340801
8111,2025,142.46898253197665
8113,2021,287.29055281250373
8113,2022,271.6042005070789
8113,2023,252.5353369966067
8113,2024,229.2496630955654
8113,2025,200.55443477961498
8115,2021,165.25720280329654
8115,2022,175.75010533767002
8115,2023,187.6370724386027
8115,2024,198.4546094577639
8115,2025,207.73945077247276
8117,2021,784.1091599557158
8117,2022,777.1785653217323
8117,2023,767.9634672317769
8117,2024,754.1968109224655
8117,2025,734.7095468920177
8119,2021,414.0053731668181
8119,2022,415.63366687342244
8119,2023,415.43842595462684
8119,2024,413.6047005069173
8119,2025,409.5567416272803
8121,2021,250.49148738762685
8121,2022,265.27666588426297
8121,2023,280.9833046185086
8121,2024,296.56582008188866
8121,2025,311.72300192617683
8123,2021,936.3402165764363
8123,2022,962.0786532189148
8123,2023,988.3298666919216
8123,2024,1013.0415145105208
8123,2025,1036.0236460953297
8125,2021,314.3996855719378
8125,2022,331.71222923684826
8125,2023,349.31706950096185
8125,2024,366.1688576228879
8125,2025,382.47095415387685
9001,2021,740.0689965879718
9001,2022,782.4463346800749
9001,2023,824.1180165582958
9001,2024,864.4267774907494
9001,2025,904.4951014138761
9003,2021,574.0508188252006
9003,2022,606.9104520797226
9003,2023,638.307680632924
9003,2024,667.7501586174606
9003,2025,696.0852641717563
9005,2021,568.3815150245711
9005,2022,584.2551858842877
9005,2023,597.387898780037
9005,2024,609.4804725239637
9005,2025,620.5669634272538
9007,2021,767.546745508725
9007,2022,783.4325568861888
9007,2023,797.3670680897897
9007,2024,809.7983491229448
9007,2025,820.6031574052514
9009,2021,603.473167722168
9009,2022,632.1071226427232
9009,2023,659.4965588956305
9009,2024,685.4606862108858
9009,2025,710.5175053616862
9011,2021,390.49025803085004
9011,2022,391.77930754426217
9011,2023,388.5200856149121
9011,2024,381.9662809699365
9011,2025,372.08400619954915
9013,2021,522.0803982707117
9013,2022,536.2587361133822
9013,2023,549.046230455926
9013,2024,560.185953916015
9013,2025,569.8856281751735
9015,2021,280.82900220017916
9015,2022,284.5835857117801
9015,2023,285.628533616631
9015,2024,284.8170219710793
9015,2025,282.1399833852174
10001,2021,410.20719613358926
10001,2022,410.5169181985549
10001,2023,407.490081241326
10001,2024,402.8233104460762
10001,2025,396.24568576381995
10003,2021,599.2564780971903
10003,2022,611.357824685256
10003,2023,621.905596316464
10003,2024,631.1532974206043
10003,2025,638.9527309119104
10005,2021,497.92005782573756
10005,2022,506.9929391243639
10005,2023,515.5610173745602
10005,2024,523.0570496633371
10005,2025,529.2686625767818
11001,2021,1778.5981668718505
11001,2022,1808.2567474908105
11001,2023,1839.9825263963703
11001,2024,1872.189976254981
11001,2025,1904.2224354095542
12001,2021,473.3997171803237
12001,2022,481.68288429386934
12001,2023,489.3122923313965
12001,2024,496.95800727253334
12001,2025,504.11638427043687
12003,2021,217.8887335412831
12003,2022,223.1902850897428
12003,2023,228.25941509594128
12003,2024,232.9604588251716
12003,2025,237.14335754533022
12005,2021,709.6124435039362
12005,2022,723.7872881343119
12005,2023,739.2097569848002
12005,2024,756.3085493522037
12005,2025,773.8894203827391
12007,2021,223.79935384288837
12007,2022,223.3826518138833
12007,2023,221.3728808217522
12007,2024,217.92934484444558
12007,2025,212.8283803635571
12009,2021,599.418994039469
12009,2022,619.2135228454949
12009,2023,638.5295930243556
12009,2024,658.2187512849289
12009,2025,677.9978665214519
12011,2021,614.8524596492903
12011,2022,630.002614028322
12011,2023,643.1119268313031
12011,2024,654.4964645896264
12011,2025,663.9282569052749
12013,2021,196.1209572162511
12013,2022,201.7827365225359
12013,2023,208.7314553138525
12013,2024,216.63652571590092
12013,2025,225.11078168482314
12015,2021,445.4250974781297
12015,2022,451.6366068992628
12015,2023,457.5315680793277
12015,2024,463.1421736148483
12015,2025,468.0565768621843
12017,2021,470.38290656172967
12017,2022,469.92489438638995
12017,2023,468.05090651369255
12017,2024,466.8535424294007
12017,2025,465.3709985941162
12019,2021,484.57897727003683
12019,2022,496.77248985346034
12019,2023,509.5988613393181
12019,2024,522.2368863089264
12019,2025,534.1961196283776
12021,2021,976.1289223120742
12021,2022,994.6564353068434
12021,2023,1012.7031183901795
12021,2024,1031.1429649178976
12021,2025,1049.4007085586
12023,2021,161.50557808741314
12023,2022,161.44523851037874
12023,2023,159.854021664406
12023,2024,157.4841053143175
12023,2025,154.23332672985447
12027,2021,271.73140484578846
12027,2022,276.97530623547016
12027,2023,283.6521965869885
12027,2024,290.98156735112923
12027,2025,298.4257505440088
12029,2021,77.12158233505644
12029,2022,77.71194645332506
12029,2023,78.05910731981058
12029,2024,78.03968238914027
12029,2025,77.58508518145786
12031,2021,631.8387622053575
12031,2022,655.7026431439774
12031,2023,679.1745511827421
12031,2024,702.7125237756836
12031,2025,726.1810819766108
12033,2021,507.26483741216464
12033,2022,515.0548422441019
12033,2023,522.1940224316402
12033,2024,529.8773595958066
12033,2025,537.2979965293315
12035,2021,496.3648552689565
12035,2022,498.7899905443149
12035,2023,499.9769464634571
12035,2024,500.8042711685481
12035,2025,500.7004282421105
12037,2021,386.1006040689089
12037,2022,391.5363220192768
12037,2023,395.8733056930133
12037,2024,400.3344818358552
12037,2025,404.4040450341073
12039,2021,199.19953360904918
12039,2022,196.49831215881048
12039,2023,193.45804317034788
12039,2024,190.38174224494364
12039,2025,186.79743433681833
12041,2021,215.93483855583443
12041,2022,220.88459109584764
12041,2023,225.70520474986512
12041,2024,230.6859633936895
12041,2025,235.67362993271064
12045,2021,321.33727629302535
12045,2022,323.45146555887214
12045,2023,324.7818511011569
12045,2024,326.4129234893389
12045,2025,327.6678085787045
12047,2021,161.94177975197277
12047,2022,154.19746126961027
12047,2023,139.97451438568947
12047,2024,124.56182648170602
12047,2025,108.20225252213544
12049,2021,242.60573189010879
12049,2022,243.28112935655065
12049,2023,244.30260563112518
12049,2024,246.31542255528632
12049,2025,248.77902356316474
12051,2021,249.0903240501457
12051,2022,245.1647998199966
12051,2023,241.44858198641913
12051,2024,239.33632507029057
12051,2025,238.22087260945364
12053,2021,369.72585942244245
12053,2022,371.25245239129197
12053,2023,371.38522127992877
12053,2024,371.7106911938686
12053,2025,371.5411502195053
12055,2021,293.48754170301663
12055,2022,291.6235616644448
12055,2023,288.52440202367507
12055,2024,285.67131754221657
12055,2025,282.5283432080152
12057,2021,821.45605116953
12057,2022,861.8030602906719
12057,2023,903.5936331312125
12057,2024,946.4543011384746
12057,2025,990.1795862344935
12059,2021,189.83525738228937
12059,2022,192.93201306972225
12059,2023,193.67362216381133
12059,2024,194.35875403995465
12059,2025,195.29027482254932
12061,2021,322.1651869468251
12061,2022,323.5429866405675
12061,2023,323.34970162107464
12061,2024,322.91497359325786
12061,2025,321.91035073348723
12063,2021,227.01192560376933
12063,2022,231.41619647356404
12063,2023,234.49385653196836
12063,2024,237.5814499250715
12063,2025,240.6395304078312
12065,2021,170.94731944025887
12065,2022,174.79088982840477
12065,2023,176.79755619988686
12065,2024,178.7082395248703
12065,2025,180.8013713046156
12069,2021,550.5941395572554
12069,2022,554.6639334211485
12069,2023,556.6354276966865
12069,2024,557.134162085772
12069,2025,555.480153438548
12071,2021,587.279317477256
12071,2022,613.9480194009404
12071,2023,640.628103040617
12071,2024,667.5452184031953
12071,2025,694.8680724447769
12073,2021,584.3750316398389
12073,2022,594.0224712739777
12073,2023,602.8569045355146
12073,2024,611.7872231748054
12073,2025,620.2892047053938
12075,2021,254.25097911375082
12075,2022,255.72067699857337
12075,2023,256.1556268084496
12075,2024,256.213223288526
12075,2025,255.51938726142467
12077,2021,104.4412299109639
12077,2022,108.70275251327934
12077,2023,116.10748844941344
12077,2024,124.68710794232683
12077,2025,133.24671953327118
12079,2021,145.80569686392576
12079,2022,146.5809576377404
12079,2023,145.43165796148045
12079,2024,143.2946930655963
12079,2025,140.36354772438258
12081,2021,743.1359998679653
12081,2022,759.8198867045817
12081,2023,775.4551922799019
12081,2024,791.310540917958
12081,2025,806.8665177056054
12083,2021,363.2965517694036
12083,2022,373.5321367397527
12083,2023,384.484356759754
12083,2024,396.01420066223847
12083,2025,407.69924310746705
12085,2021,682.39516188662
12085,2022,690.7828364403933
12085,2023,698.1482716767384
12085,2024,705.3664827205915
12085,2025,711.8699124511338
12086,2021,951.868115462858
12086,2022,965.7559277617326
12086,2023,981.8703669961243
12086,2024,1000.7161095959356
12086,2025,1021.1972952831555
12087,2021,981.5788053955117
12087,2022,981.5763180568944
12087,2023,979.9640853254454
12087,2024,976.4618246792024
12087,2025,969.6784624031884
12089,2021,576.7366963441394
12089,2022,584.5302355753898
12089,2023,592.7640765003373
12089,2024,601.3428887566185
12089,2025,609.3026180201435
12091,2021,523.3573161366003
12091,2022,536.6234060908725
12091,2023,549.6263065994397
12091,2024,563.1973901877668
12091,2025,576.6443974124147
12093,2021,304.3385192544842
12093,2022,309.6568860763804
12093,2023,313.83201167943446
12093,2024,318.62026307326016
12093,2025,323.75399622671614
12095,2021,887.8886620421895
12095,2022,893.7118875879289
12095,2023,896.4230256336631
12095,2024,896.2078150731865
12095,2025,892.1108783744734
12097,2021,545.1585802934815
12097,2022,527.5642890148338
12097,2023,505.2890407168776
12097,2024,479.3622196597836
12097,2025,448.23483302271495
12099,2021,639.6127201496906
12099,2022,663.9352888709177
12099,2023,687.463859620168
12099,2024,710.9640859942651
12099,2025,734.3811019421141
12101,2021,436.41867065145703
12101,2022,457.5974091720831
12101,2023,479.8923902668243
12101,2024,503.0126905702941
12101,2025,526.7091232451413
12103,2021,826.9685694671601
12103,2022,844.4634824323552
12103,2023,861.2066701896583
12103,2024,878.3709519766662
12103,2025,894.8774643937328
12105,2021,617.1790473903011
12105,2022,634.0550279861441
12105,2023,651.0544398388661
12105,2024,669.4292567142019
12105,2025,688.3520280787696
12107,2021,267.23857455186914
12107,2022,260.0695656940727
12107,2023,250.3221845133522
12107,2024,239.98331179114956
12107,2025,228.35558967724197
12109,2021,734.9905814758813
12109,2022,762.6809272050684
12109,2023,791.349859919403
12109,2024,820.5154015863574
12109,2025,849.9683327029741
12111,2021,500.56657339929694
12111,2022,509.48262397133647
12111,2023,518.0903575460327
12111,2024,527.1601274768644
12111,2025,536.1650508646485
12113,2021,480.35084389715064
12113,2022,497.0747624734625
12113,2023,514.4374666203474
12113,2024,532.3076237729356
12113,2025,550.3039679216347
12115,2021,771.7520982680267
12115,2022,789.46229321434
12115,2023,806.3190225498558
12115,2024,823.4022310429932
12115,2025,840.2683111961657
12117,2021,624.5722744228121
12117,2022,632.9706781344373
12117,2023,640.5130919963983
12117,2024,647.0280994143134
12117,2025,651.7771041369971
12119,2021,241.75737099636126
12119,2022,243.7532264018581
12119,2023,245.9443020403997
12119,2024,248.38837217760576
12119,2025,250.791044297531
12121,2021,209.78974445013552
12121,2022,210.06779091912705
12121,2023,210.8274797890649
12121,2024,210.73498806407883
12121,2025,209.3392521753933
12123,2021,212.968332789489
12123,2022,213.81489434510493
12123,2023,212.47723010245835
12123,2024,210.47984966891278
12123,2025,207.84585186004205
12125,2021,98.38906409518691
12125,2022,104.0661454854843
12125,2023,108.15478433516034
12125,2024,110.73968737779342
12125,2025,112.31306423890538
12127,2021,645.8612641192876
12127,2022,659.7766859986651
12127,2023,673.2005528389354
12127,2024,687.1531727394881
12127,2025,700.9221085385892
12129,2021,225.81160136159696
12129,2022,236.04860774223084
12129,2023,245.81981781929983
12129,2024,255.57463149208755
12129,2025,265.36906725191176
12131,2021,359.5964386058548
12131,2022,365.9713438787555
12131,2023,371.508940051791
12131,2024,376.6985633938778
12131,2025,381.07756250141404
12133,2021,194.52161128978446
12133,2022,194.3010978389721
12133,2023,195.42662692672462
12133,2024,196.51146374127745
12133,2025,196.77768673085154
13001,2021,161.87807945548332
13001,2022,170.28343302462457
13001,2023,185.1862069928408
13001,2024,201.67015135161543
13001,2025,218.17465150027715
13005,2021,164.07035595474633
13005,2022,173.54588014221923
13005,2023,186.889997112907
13005,2024,201.253468845253
13005,2025,215.62791121552902
13009,2021,286.61943751647976
13009,2022,287.2959659208779
13009,2023,289.0011288663943
13009,2024,291.0819708294782
13009,2025,292.83382351283655
13011,2021,199.3003931634368
13011,2022,208.86363182931012
13011,2023,220.32655534493762
13011,2024,231.99164291848683
13011,2025,243.3994974021339
13013,2021,255.6463189963663
13013,2022,266.7403393314487
13013,2023,277.6511265055744
13013,2024,288.5463560598902
13013,2025,299.28986972408717
13015,2021,280.9760485974594
13015,2022,287.88546798926126
13015,2023,294.6203259624707
13015,2024,300.98455954698665
13015,2025,306.66464564786475
13017,2021,186.87815464332118
13017,2022,195.33167008235523
13017,2023,201.3477888055499
13017,2024,207.72925259009384
13017,2025,215.71014593108285
13019,2021,149.53578378287452
13019,2022,157.59656261353314
13019,2023,165.27476282067346
13019,2024,173.28064481426244
13019,2025,181.91042407556085
13021,2021,306.19770155736893
13021,2022,306.6648510830145
13021,2023,305.604160039734
13021,2024,303.90294544132104
13021,2025,301.28464533217425
13023,2021,107.69325644376477
13023,2022,111.5632982470442
13023,2023,114.50036293459732
13023,2024,118.08091722091501
13023,2025,122.87409301170055
13025,2021,110.41328246395193
13025,2022,121.39722144372621
13025,2023,133.03164116085944
13025,2024,144.92767080121885
13025,2025,157.44084666009883
13027,2021,147.7311962109352
13027,2022,155.8602765994665
13027,2023,165.8407398764689
13027,2024,175.8396476188622
13027,2025,185.4880116738733
13029,2021,245.8220174229342
13029,2022,258.1240745705807
13029,2023,270.1714197631787
13029,2024,282.22051838144455
13029,2025,294.4264361376705
13031,2021,238.24629981713107
13031,2022,241.1611159377037
13031,2023,243.24314988559195
13031,2024,244.86640198562844
13031,2025,245.86717323693986
13033,2021,223.04852432659106
13033,2022,225.10944630695977
13033,2023,227.09321306479893
13033,2024,229.5430452224661
13033,2025,232.31088416788407
13035,2021,221.85870239786257
13035,2022,225.98089978875504
13035,2023,229.7381272477924
13035,2024,233.38750601574097
13035,2025,236.6816703022273
13039,2021,248.21521100842202
13039,2022,261.88475742101434
13039,2023,276.9350979887112
13039,2024,292.6973422110893
13039,2025,309.17023118667134
13043,2021,179.65709615571217
13043,2022,187.8000755315283
13043,2023,198.18178176488462
13043,2024,208.06132584861794
13043,2025,217.01723445159558
13045,2021,275.8398923549244
13045,2022,283.46999999542606
13045,2023,290.9529066503098
13045,2024,298.9643937991887
13045,2025,307.27756522246875
13047,2021,273.62989893980716
13047,2022,286.4814666497125
13047,2023,299.4910337572802
13047,2024,312.7335271475164
13047,2025,326.19661144659227
13051,2021,629.3648357302972
13051,2022,638.5294457000412
13051,2023,647.5118685224993
13051,2024,656.3545921235173
13051,2025,664.4444169284889
13055,2021,163.06734178832906
13055,2022,155.44285569245812
13055,2023,144.74722195387585
13055,2024,132.30912505726786
13055,2025,117.88673654883425
13057,2021,536.1787205220472
13057,2022,558.4944528454076
13057,2023,581.2518945028673
13057,2024,603.9471065324109
13057,2025,626.4062985931458
13059,2021,745.001837544163
13059,2022,752.0367570011271
13059,2023,759.685285542666
13059,2024,768.5213131099927
13059,2025,777.1295423918406
13063,2021,341.8472437606616
13063,2022,330.5059692847965
13063,2023,317.7463283744998
13063,2024,304.19066724740026
13063,2025,288.50702792067784
13067,2021,552.3117875727157
13067,2022,578.9456013354804
13067,2023,605.7931616235721
13067,2024,632.3911494813335
13067,2025,658.7210801033536
13069,2021,200.6981676557922
13069,2022,208.51219239213071
13069,2023,216.28076649352374
13069,2024,223.87550565915515
13069,2025,231.51644749847077
13071,2021,239.2293524571145
13071,2022,253.74572867260446
13071,2023,268.5709431510817
13071,2024,283.62708456709487
13071,2025,299.29843483631305
13073,2021,380.4855731698869
13073,2022,401.308432803498
13073,2023,421.83206609835804
13073,2024,442.7515849502523
13073,2025,464.30302680369863
13075,2021,182.9324130286256
13075,2022,193.3458218315743
13075,2023,206.46297896990475
13075,2024,219.77585271528125
13075,2025,232.99708519084095
13077,2021,415.80453415080615
13077,2022,426.85478730739453
13077,2023,437.88434210927323
13077,2024,448.3316201012502
13077,2025,457.98727769780743
13079,2021,144.29765280143687
13079,2022,151.13495529588283
13079,2023,158.54792886763096
13079,2024,166.12587417342345
13079,2025,173.8037089165624
13081,2021,196.32891777939128
13081,2022,188.48673847708596
13081,2023,173.57391098835512
13081,2024,155.93928049020386
13081,2025,136.15126506609764
13083,2021,207.70437017171562
13083,2022,220.16453332267824
13083,2023,232.51447809897658
13083,2024,245.21004250761882
13083,2025,258.4150980452247
13085,2021,282.0702888884657
13085,2022,292.5981784387364
13085,2023,303.57316319919056
13085,2024,314.350157202516
13085,2025,324.7551595796668
13087,2021,208.87600010356238
13087,2022,222.0916465872899
13087,2023,237.7611838782591
13087,2024,255.00283949366408
13087,2025,273.5633103533339
13089,2021,626.1850631081657
13089,2022,640.6557386552545
13089,2023,654.752137821391
13089,2024,667.8654789701775
13089,2025,679.8694601070224
13091,2021,150.26921116776398
13091,2022,156.22841785192395
13091,2023,160.73921372704393
13091,2024,165.9246324871786
13091,2025,172.27604508718477
13093,2021,155.3873630722528
13093,2022,141.56480013829827
13093,2023,123.04586756706428
13093,2024,102.2079521882857
13093,2025,78.22506393360135
13095,2021,290.946330637699
13095,2022,286.95653666115436
13095,2023,281.00343205130275
13095,2024,274.3632295623041
13095,2025,266.7397940551373
13097,2021,447.65421311131377
13097,2022,451.8904243686924
13097,2023,454.1658545715135
13097,2024,456.69046854821306
13097,2025,458.76805284113743
13099,2021,133.96943156748284
13099,2022,141.09165894436694
13099,2023,151.3978657197901
13099,2024,162.59360195525693
13099,2025,174.09434815925817
13103,2021,249.83265132689363
13103,2022,262.97089554442687
13103,2023,276.72188657575043
13103,2024,290.55452456264237
13103,2025,304.52000029303736
13105,2021,200.89643831668212
13105,2022,201.21201877913296
13105,2023,200.5062204894747
13105,2024,199.21430887197874
13105,2025,197.2755866977709
13107,2021,169.8550545323243
13107,2022,171.721996794868
13107,2023,173.0462032960258
13107,2024,174.5606833245139
13107,2025,176.3672697591585
13109,2021,123.52834879102065
13109,2022,126.1423607097399
13109,2023,132.1478184467223
13109,2024,138.14696255342267
13109,2025,142.7710141027067
13111,2021,273.2808114215664
13111,2022,282.85777871095524
13111,2023,292.42467022181563
13111,2024,302.48545258902277
13111,2025,312.84629759750095
13113,2021,409.7158800698399
13113,2022,421.0676096772677
13113,2023,432.16774500185704
13113,2024,442.7510740284131
13113,2025,452.7039217140647
13115,2021,367.29764095200477
13115,2022,373.7391629586757
13115,2023,379.9420751045225
13115,2024,386.5356980697749
13115,2025,393.13913142194383
13117,2021,310.52285667596914
13117,2022,329.72202434608096
13117,2023,348.2541691749923
13117,2024,365.2227029297631
13117,2025,380.9570654076167
13119,2021,238.22930327469192
13119,2022,242.7375372149757
13119,2023,246.48644133135818
13119,2024,249.85062668472466
13119,2025,252.63139283477045
13121,2021,787.1923682029487
13121,2022,817.3057475947302
13121,2023,848.8621816507169
13121,2024,880.3572574379662
13121,2025,911.6469708831539
13123,2021,233.9005349326111
13123,2022,244.43434246458972
13123,2023,255.77676512960522
13123,2024,267.9547729492264
13123,2025,280.70286866373834
13127,2021,543.278452615745
13127,2022,551.2266566813673
13127,2023,557.3571153557118
13127,2024,563.7403199137862
13127,2025,569.9383812446063
13129,2021,263.1394571157266
13129,2022,272.12983361379264
13129,2023,280.2820310792111
13129,2024,288.7587917270048
13129,2025,297.5765838279236
13131,2021,203.77104237353814
13131,2022,218.46549460428105
13131,2023,233.91851463508885
13131,2024,250.28478046049372
13131,2025,267.74481908556857
13133,2021,302.657124784486
13133,2022,309.8840607015078
13133,2023,315.84597005534437
13133,2024,322.2909981119549
13133,2025,329.17388790507755
13135,2021,513.2177610404764
13135,2022,538.1623868001092
13135,2023,563.1714291558519
13135,2024,587.2632749831255
13135,2025,610.4288489911994
13137,2021,210.35437064346178
13137,2022,216.6888781419004
13137,2023,223.3807337534078
13137,2024,230.009150045482
13137,2025,236.2562116681703
13139,2021,756.4861530418648
13139,2022,777.4321944324302
13139,2023,799.2178870116084
13139,2024,822.2829621868501
13139,2025,845.9762750137119
13141,2021,128.2041282415696
13141,2022,121.52706009102906
13141,2023,111.18948465180898
13141,2024,100.18376573577785
13141,2025,88.89492335717748
13143,2021,244.1876730598361
13143,2022,249.31183866127668
13143,2023,255.5853551348987
13143,2024,261.9415943673046
13143,2025,267.94247794896773
13145,2021,219.41648802634307
13145,2022,231.1584734175958
13145,2023,241.97343292894757
13145,2024,252.37404053950075
13145,2025,262.76847062947826
13147,2021,250.62676743619784
13147,2022,256.7739972738461
13147,2023,262.63697161456645
13147,2024,268.34647839924827
13147,2025,273.717621733451
13149,2021,219.1296760078147
13149,2022,220.8878194689651
13149,2023,221.64368707381988
13149,2024,222.28821762405755
13149,2025,222.5465649805312
13151,2021,326.93021323791436
13151,2022,334.6857124515341
13151,2023,341.72983642369377
13151,2024,348.3653506255254
13151,2025,354.26543806997205
13153,2021,342.30546573916996
13153,2022,356.67864945942546
13153,2023,370.83954004848715
13153,2024,385.3036929531024
13153,2025,400.1669822846384
13155,2021,168.3859973139783
13155,2022,178.53913067830746
13155,2023,190.6485204190428
13155,2024,204.19884374749654
13155,2025,219.25998039133142
13157,2021,251.342090829301
13157,2022,265.69892778015145
13157,2023,280.31051879049545
13157,2024,294.58182783595765
13157,2025,308.57255145830715
13159,2021,206.89820817951107
13159,2022,215.61242704945295
13159,2023,223.93593927086073
13159,2024,232.02317026567536
13159,2025,239.90758406000296
13161,2021,138.51264136402045
13161,2022,149.48266980477027
13161,2023,160.39922067114952
13161,2024,171.56599198105351
13161,2025,183.4844383819801
13163,2021,169.8123830757924
13163,2022,170.67338230285418
13163,2023,171.6499563540221
13163,2024,173.5467456623166
13163,2025,176.0408523839904
13165,2021,-2172267853.2206974
13165,2022,-3483791042.6601753
13165,2023,-3404456728.9680595
13165,2024,-3200569398.5989485
13165,2025,-3176060112.024923
13169,2021,189.218476078509
13169,2022,200.06661859114888
13169,2023,210.94509974676637
13169,2024,221.50064437662903
13169,2025,231.94522893002767
13171,2021,222.48057752137754
13171,2022,226.01535996468084
13171,2023,229.51610880337674
13171,2024,233.5151132985831
13171,2025,237.70928057620483
13175,2021,191.19905123882327
13175,2022,193.2362364961512
13175,2023,194.8506744943466
13175,2024,195.81650500291593
13175,2025,196.2277864182068
13177,2021,181.4728857499893
13177,2022,192.72400270075877
13177,2023,203.3515960535104
13177,2024,213.5993652678179
13177,2025,223.81592248110945
13179,2021,181.37745330544595
13179,2022,188.98152967777537
13179,2023,195.08146816743832
13179,2024,200.82863771754086
13179,2025,206.6526218280937
13181,2021,200.8488787836434
13181,2022,207.36075600788737
13181,2023,213.21470457098832
13181,2024,219.342174928352
13181,2025,225.78943430547363
13185,2021,337.83022527550287
13185,2022,347.59057530999434
13185,2023,357.9266871741985
13185,2024,368.23401436110123
13185,2025,378.3534776726833
13187,2021,203.8223418646548
13187,2022,212.0328947387663
13187,2023,219.95780018176606
13187,2024,227.4761723551124
13187,2025,234.55982677672444
13189,2021,207.9653361162292
13189,2022,204.85393140956387
13189,2023,200.0741891631098
13189,2024,195.08513153947143
13189,2025,189.69625687060477
13191,2021,140.03534652536013
13191,2022,146.4442932050848
13191,2023,153.7106049264638
13191,2024,160.83077946024605
13191,2025,167.69448282829745
13193,2021,185.02499873908
13193,2022,187.75699129088784
13193,2023,183.6727954576804
13193,2024,180.20135523650765
13193,2025,178.73407347627943
13195,2021,175.60608801860582
13195,2022,181.6544817999277
13195,2023,187.99604105067482
13195,2024,193.86548921875985
13195,2025,199.0313555239955
13197,2021,4566386345.838612
13197,2022,5552159860.224368
13197,2023,4702368010.105471
13197,2024,4295580304.612369
13197,2025,4336995538.496956
13199,2021,168.28008237709412
13199,2022,159.95522600945273
13199,2023,149.4822579999136
13199,2024,137.4437857730672
13199,2025,123.49295610413964
13201,2021,119.5038067759559
13201,2022,133.27708118449024
13201,2023,151.43610881304696
13201,2024,170.3575856822209
13201,2025,189.19422339027935
13205,2021,153.58326081839488
13205,2022,156.68636189483203
13205,2023,162.29914451382103
13205,2024,168.2482914014913
13205,2025,173.9216389247952
13207,2021,215.0019681551983
13207,2022,224.7828097289033
13207,2023,234.3390294447787
13207,2024,243.6221834709135
13207,2025,252.80086588447062
13209,2021,156.86549657750976
13209,2022,162.895039188896
13209,2023,173.06815869145157
13209,2024,184.26554369397218
13209,2025,195.67917316713368
13211,2021,362.92420106600105
13211,2022,370.95352273301626
13211,2023,379.802513423064
13211,2024,388.7047244648867
13211,2025,397.2339011724123
13213,2021,209.77566973622328
13213,2022,207.00581701947115
13213,2023,203.26309086688346
13213,2024,199.2002457300215
13213,2025,194.47913926059823
13215,2021,318.5497410433722
13215,2022,318.77120976167214
13215,2023,318.2529860242808
13215,2024,317.6598172181773
13215,2025,316.55512597354027
13217,2021,274.30594787222236
13217,2022,277.55728744027033
13217,2023,281.2807036622114
13217,2024,285.04101774431484
13217,2025,288.23697185476016
13219,2021,322.4410504060674
13219,2022,336.0274264328936
13219,2023,350.4399342357149
13219,2024,364.6483845476648
13219,2025,378.5585171749652
13221,2021,183.4298417349832
13221,2022,191.14514532319288
13221,2023,199.05107492830115
13221,2024,206.88650824628093
13221,2025,214.46032150751176
13223,2021,354.0140153614607
13223,2022,369.66742659406816
13223,2023,385.2516808411218
13223,2024,400.82565170921
13223,2025,416.2646616743093
13225,2021,185.94155801231483
13225,2022,189.4664130553623
13225,2023,193.93110506260405
13225,2024,198.8160498212886
13225,2025,203.8514662732454
13227,2021,237.4340168748269
13227,2022,248.31856099247153
13227,2023,259.40258791717497
13227,2024,270.2992719376107
13227,2025,281.0089014720118
13229,2021,193.74064580228924
13229,2022,206.8976099131375
13229,2023,220.86260589947
13229,2024,235.11746575931616
13229,2025,249.87747152201877
13231,2021,197.10788693861812
13231,2022,205.44824244309774
13231,2023,213.36339673044438
13231,2024,221.15994574058914
13231,2025,228.88995202227852
13233,2021,251.52198661559208
13233,2022,258.173910889516
13233,2023,264.8183842630474
13233,2024,272.0015214210655
13233,2025,279.5098999016975
13235,2021,113.62432145151425
13235,2022,122.14319250795373
13235,2023,132.23064475479293
13235,2024,142.5107871452147
13235,2025,152.74594576729083
13237,2021,405.52083131140034
13237,2022,410.87917138014507
13237,2023,418.045324183189
13237,2024,426.67497319296933
13237,2025,435.87405724514576
13241,2021,192.32164980835307
13241,2022,200.04914557669701
13241,2023,206.66438439627632
13241,2024,213.56745377549223
13241,2025,220.93967134992272
13245,2021,430.9964747679287
13245,2022,432.28153301464454
13245,2023,432.9685662911472
13245,2024,434.3082489641666
13245,2025,435.48271338449274
13247,2021,345.89118816381153
13247,2022,345.68256295355314
13247,2023,344.4115883802365
13247,2024,343.22729317829686
13247,2025,341.29392447551254
13249,2021,102.16668395162421
13249,2022,114.05157511584014
13249,2023,128.55767955836413
13249,2024,143.62848847695327
13249,2025,158.89236994241526
13251,2021,207.20453460243203
13251,2022,205.02869298836728
13251,2023,199.66803467829783
13251,2024,194.9882128389405
13251,2025,190.96205274404826
13253,2021,135.6749511521685
13253,2022,144.93162164533697
13253,2023,162.561485305617
13253,2024,183.3187780145119
13253,2025,205.1034043652739
13255,2021,409.18174638563295
13255,2022,411.2268739546523
13255,2023,411.9028769873084
13255,2024,413.86494938477335
13255,2025,416.298723891515
13257,2021,189.18500962049288
13257,2022,192.19284876794262
13257,2023,194.25724536437232
13257,2024,196.041222260741
13257,2025,197.45433635803136
13261,2021,182.83945257816288
13261,2022,182.7436491265284
13261,2023,181.38938846827477
13261,2024,180.08178542170953
13261,2025,178.93489469629003
13263,2021,126.81285731930723
13263,2022,128.7311319824896
13263,2023,128.27083526360732
13263,2024,126.75590565089038
13263,2025,124.88453707896451
13267,2021,170.2395790231594
13267,2022,180.55639505152763
13267,2023,191.95246865768127
13267,2024,203.59440173960058
13267,2025,215.42860055750887
13269,2021,102.71602145912729
13269,2022,101.83219920769389
13269,2023,99.27073676613574
13269,2024,96.44876747362719
13269,2025,93.75814456824415
13273,2021,123.41806527235983
13273,2022,117.92549957206657
13273,2023,112.78922553217367
13273,2024,106.91131447040857
13273,2025,99.55334746356394
13275,2021,256.8208843102317
13275,2022,264.9055818025222
13275,2023,273.3500246035719
13275,2024,282.14437027446155
13275,2025,291.2579641016581
13277,2021,236.04647796350727
13277,2022,246.6311328188463
13277,2023,257.08725490839765
13277,2024,267.7901252383704
13277,2025,278.88930976575784
13279,2021,226.33353689493276
13279,2022,229.52460544072298
13279,2023,234.34047896335616
13279,2024,240.01593514841022
13279,2025,246.161380864493
13281,2021,233.9479994242614
13281,2022,235.33449501401228
13281,2023,237.8331281073191
13281,2024,240.37940032037497
13281,2025,242.4552695932745
13285,2021,280.83235939270713
13285,2022,280.81148894857705
13285,2023,278.6365909547548
13285,2024,275.2163288753996
13285,2025,270.34488363284953
13287,2021,175.14184352887918
13287,2022,173.87303662953457
13287,2023,170.4889347714197
13287,2024,167.05390410841375
13287,2025,163.4656017960371
13289,2021,4075604851.279367
13289,2022,5089417247.396814
13289,2023,4323303646.976723
13289,2024,3937391487.088678
13289,2025,3968656348.844631
13291,2021,286.42389923639587
13291,2022,297.22786249337395
13291,2023,307.77625881611743
13291,2024,318.42492131610203
13291,2025,329.0792771939494
13293,2021,242.08031686495804
13293,2022,244.70092223013307
13293,2023,246.6085782130608
13293,2024,248.694343649166
13293,2025,250.7528045277698
13295,2021,313.03814949023683
13295,2022,324.7912696745959
13295,2023,336.9163231576303
13295,2024,349.72626916271594
13295,2025,363.11407336868467
13297,2021,295.79761474499986
13297,2022,306.428499103486
13297,2023,316.6217303445392
13297,2024,326.9362723027825
13297,2025,337.22797809210715
13299,2021,267.08212391319296
13299,2022,275.888875677337
13299,2023,285.52091848703077
13299,2024,294.83212092303233
13299,2025,303.82888281850296
13303,2021,199.8732665574655
13303,2022,200.30885823818272
13303,2023,200.53846206957203
13303,2024,201.03813335346632
13303,2025,201.32916243553262
13305,2021,191.835379794041
13305,2022,201.03347255307435
13305,2023,211.11660330948442
13305,2024,222.07979353499286
13305,2025,233.9921931571768
13311,2021,214.1874247542563
13311,2022,224.70047432200826
13311,2023,235.58186399401174
13311,2024,245.93257898339888
13311,2025,255.80095135574263
13313,2021,475.40078264282215
13313,2022,478.01210742968647
13313,2023,478.9199953498204
13313,2024,479.9539466848284
13313,2025,480.4958323880429
13315,2021,122.85303128747415
13315,2022,125.10781416200786
13315,2023,130.38892925954067
13315,2024,136.88683056678855
13315,2025,143.71686550846465
13317,2021,181.69649612434154
13317,2022,185.39654290734254
13317,2023,183.0140831190669
13317,2024,180.739497587944
13317,2025,179.59988603195774
13319,2021,128.44270289306795
13319,2022,133.78057201364058
13319,2023,141.00905549604053
13319,2024,148.67478564134308
13319,2025,156.28288107870839
13321,2021,195.78705832862556
13321,2022,202.26326992616356
13321,2023,211.21115047927708
13321,2024,220.25282382071273
13321,2025,228.8652514819887
15001,2021,558.0261733306321
15001,2022,542.8858887874285
15001,2023,521.7073683195649
15001,2024,495.9028266034562
15001,2025,464.6675487592537
15003,2021,1111.1890517903882
15003,2022,1108.8865784987274
15003,2023,1102.5572401503132
15003,2024,1089.4529941527092
15003,2025,1069.9175120613172
15007,2021,517.8819814658347
15007,2022,477.04636556205
15007,2023,426.8108552048993
15007,2024,368.17246548512753
15007,2025,305.14371264078954
15009,2021,855.3525005086956
15009,2022,808.3781068048157
15009,2023,752.376093021847
15009,2024,692.6156169361229
15009,2025,632.1897045401929
16001,2021,959.4636026165978
16001,2022,985.7228454001533
16001,2023,1012.7005377942846
16001,2024,1041.2242509304713
16001,2025,1069.227741606204
16003,2021,249.12534882321188
16003,2022,239.94716305669058
16003,2023,227.03073011847871
16003,2024,213.75959232148188
16003,2025,199.31743246096022
16005,2021,486.89506697339345
16005,2022,500.1136605023148
16005,2023,513.5595757504755
16005,2024,528.0439583174755
16005,2025,542.5847407340758
16007,2021,350.08354681950175
16007,2022,358.68056194908417
16007,2023,370.706379084511
16007,2024,383.29091794594547
16007,2025,395.41666502946276
16009,2021,260.58299469786584
16009,2022,259.9779907415007
16009,2023,257.34416762658356
16009,2024,254.23261538947
16009,2025,250.20873563418257
16011,2021,392.7782659548647
16011,2022,407.58718217140535
16011,2023,422.5050238273293
16011,2024,438.554310046869
16011,2025,455.12577335869327
16013,2021,530.7721171984383
16013,2022,529.3026549225023
16013,2023,524.3719228885641
16013,2024,517.7329497030274
16013,2025,508.4009013100401
16015,2021,238.25376830421285
16015,2022,233.68389433966553
16015,2023,226.5260796398504
16015,2024,218.34952234780397
16015,2025,208.44304746727255
16017,2021,446.43982734026633
16017,2022,447.22387830435304
16017,2023,446.1564855133993
16017,2024,445.6167905930867
16017,2025,444.3708382525774
16019,2021,592.7040321162114
16019,2022,610.2613352944097
16019,2023,628.6841835581021
16019,2024,649.17877805317
16019,2025,670.2843564690792
16021,2021,235.23892183321414
16021,2022,238.59592729402078
16021,2023,241.83021330745794
16021,2024,244.98185063654591
16021,2025,247.46198686962535
16023,2021,163.50826466063913
16023,2022,176.9323656316267
16023,2023,191.75018250202388
16023,2024,206.172824542361
16023,2025,220.08186002951481
16027,2021,675.6025414985734
16027,2022,692.5918025730762
16027,2023,710.7967446961717
16027,2024,731.6544525142174
16027,2025,753.1456722292082
16029,2021,327.7557295980916
16029,2022,340.15616500764
16029,2023,354.14028406822746
16029,2024,368.6344584326688
16029,2025,383.00102212378505
16031,2021,321.1411355669409
16031,2022,336.17866770701306
16031,2023,350.4974587873032
16031,2024,364.6556589653328
16031,2025,378.70347681071553
16035,2021,275.62241529791163
16035,2022,273.01697813955525
16035,2023,270.6376366086272
16035,2024,268.4083066486056
16035,2025,265.4392580033802
16037,2021,209.06195989048672
16037,2022,217.20564906454092
16037,2023,225.10879922012253
16037,2024,233.52050707721912
16037,2025,242.18699138908545
16039,2021,350.50525491688126
16039,2022,361.4944204864662
16039,2023,371.95302415312216
16039,2024,383.808347159809
16039,2025,396.1646987784509
16041,2021,396.9527265831133
16041,2022,410.3996524446854
16041,2023,424.631063804379
16041,2024,439.309281436167
16041,2025,453.8448647301308
16043,2021,406.1338920279385
16043,2022,419.50413739955417
16043,2023,432.1028458246848
16043,2024,446.0105356461155
16043,2025,460.4826206379762
16045,2021,445.3453806441724
16045,2022,449.4209526083698
16045,2023,452.11605129058444
16045,2024,456.38152152542307
16045,2025,460.73406870745845
16047,2021,363.3989285717716
16047,2022,376.79883548920634
16047,2023,391.49424069403335
16047,2024,406.8963027947537
16047,2025,422.2431016853591
16049,2021,288.01741092082244
16049,2022,293.1880846878918
16049,2023,297.1085826075137
16049,2024,301.0751063061009
16049,2025,304.720259830046
16051,2021,367.6541733748734
16051,2022,382.3074023017281
16051,2023,398.0064229950284
16051,2024,414.49411718598776
16051,2025,431.06032252502075
16053,2021,300.7195604582956
16053,2022,313.8308788164383
16053,2023,326.7994892524361
16053,2024,340.03078956489276
16053,2025,353.25540232159165
16055,2021,878.9719507020402
16055,2022,890.2047724001795
16055,2023,901.1640450114702
16055,2024,914.2149359095589
16055,2025,927.0274831356323
16057,2021,421.11709930727864
16057,2022,430.8595517132421
16057,2023,440.26133679017005
16057,2024,448.9866116414971
16057,2025,456.5757273778025
16059,2021,222.1936012962903
16059,2022,225.46723533300184
16059,2023,227.95220232014313
16059,2024,230.68912014224435
16059,2025,233.38127966750972
16061,2021,173.22379907248677
16061,2022,164.7872314954259
16061,2023,159.20430247022782
16061,2024,153.77341906991654
16061,2025,146.62338247261647
16063,2021,226.11565572143428
16063,2022,230.73143583482317
16063,2023,231.45795853193005
16063,2024,232.2607500756046
16063,2025,233.18190700580084
16065,2021,355.3517223182449
16065,2022,371.6305379146406
16065,2023,387.96626249994006
16065,2024,404.51323956360216
16065,2025,420.9574683200613
16067,2021,331.88446951492693
16067,2022,345.27528656995634
16067,2023,359.8916545560667
16067,2024,374.61585142023347
16067,2025,389.0529219241291
16069,2021,610.8776856282998
16069,2022,622.4260595514622
16069,2023,633.1965278918651
16069,2024,644.1067721727359
16069,2025,654.357052268789
16071,2021,239.88486595229566
16071,2022,250.9101339640896
16071,2023,261.10648028129884
16071,2024,271.22552102759784
16071,2025,281.2964273058198
16073,2021,248.54850453704339
16073,2022,251.630745740642
16073,2023,253.4591521722166
16073,2024,255.29183219079576
16073,2025,256.4626675038129
16075,2021,350.4766011375245
16075,2022,357.8496475931916
16075,2023,364.95966277913226
16075,2024,372.81212191557967
16075,2025,380.5908095741429
16077,2021,319.6312406703503
16077,2022,330.4466182765985
16077,2023,343.1614573164576
16077,2024,356.5975760674626
16077,2025,370.004942245661
16079,2021,373.51502425701153
16079,2022,366.95383763763624
16079,2023,359.15651445807157
16079,2024,352.45641271661583
16079,2025,345.2260464607908
16081,2021,311.46205736583494
16081,2022,314.8546275336987
16081,2023,316.7878518619805
16081,2024,317.6065268806414
16081,2025,316.78277143413584
16083,2021,515.3132929736943
16083,2022,528.6136183514335
16083,2023,541.7990410672414
16083,2024,555.818100185121
16083,2025,569.7855589188417
16085,2021,410.7553716517691
16085,2022,407.34432457945235
16085,2023,404.0029092445128
16085,2024,400.21794788197576
16085,2025,394.55630877200383
16087,2021,343.8502899678758
16087,2022,349.7315191781249
16087,2023,356.21464438833243
16087,2024,364.0667575054014
16087,2025,372.19387058178967
17001,2021,250.90092989031024
17001,2022,249.91337408411732
17001,2023,246.83523092728922
17001,2024,242.2770613603956
17001,2025,236.21021124860232
17005,2021,188.95964441356273
17005,2022,182.57558453946567
17005,2023,173.62408093315184
17005,2024,163.66597000945833
17005,2025,152.52173441951874
17007,2021,237.12319346108305
17007,2022,213.87152320242438
17007,2023,186.4591911870226
17007,2024,155.72062099134712
17007,2025,120.56202626467808
17009,2021,134.69915216236515
17009,2022,141.1797641940619
17009,2023,147.24047486331213
17009,2024,151.93785467288797
17009,2025,155.36354321349597
17011,2021,204.60846846353127
17011,2022,195.32991766988798
17011,2023,186.5470102713153
17011,2024,176.80362516341478
17011,2025,165.330611646847
17015,2021,200.80945018352895
17015,2022,196.52712074990717
17015,2023,189.19368231089297
17015,2024,180.81707484794515
17015,2025,171.6075730857529
17017,2021,182.6230182629322
17017,2022,179.0795138172978
17017,2023,173.97227926198934
17017,2024,167.8336110073082
17017,2025,160.64111639776132
17019,2021,260.4150465755859
17019,2022,261.1233369177635
17019,2023,260.5495413760021
17019,2024,258.8393909375319
17019,2025,255.98546357957983
17021,2021,196.6933584396686
17021,2022,185.8327134150964
17021,2023,172.86239785508394
17021,2024,158.11396104765026
17021,2025,141.2157019893168
17023,2021,147.31137435645513
17023,2022,134.6800755436375
17023,2023,118.08742716175212
17023,2024,99.2530496751479
17023,2025,77.74286445064573
17025,2021,121.68217136133521
17025,2022,103.00667264274483
17025,2023,79.32098473619641
17025,2024,52.040621200142795
17025,2025,19.41075000293705
17027,2021,215.78163898995493
17027,2022,214.44255016309768
17027,2023,212.040979599676
17027,2024,208.00162218989578
17027,2025,202.20017269647195
17029,2021,216.87349460790497
17029,2022,209.114334343834
17029,2023,199.56056855368178
17029,2024,188.56096196759106
17029,2025,175.79136429709868
17031,2021,617.1038568893082
17031,2022,649.0521590180401
17031,2023,681.5254864313652
17031,2024,712.5651235174272
17031,2025,742.9995877680218
17033,2021,189.8652457106907
17033,2022,184.23502288093664
17033,2023,178.63749379063128
17033,2024,172.4721169595241
17033,2025,165.2717130576068
17035,2021,152.8538054210435
17035,2022,152.92307474524858
17035,2023,151.77107576521126
17035,2024,149.83097415372424
17035,2025,147.22320976975095
17037,2021,289.1804059880869
17037,2022,280.869946249091
17037,2023,270.71801887446827
17037,2024,258.95021434955646
17037,2025,245.10104464934741
17039,2021,196.20735841763064
17039,2022,194.70915270268313
17039,2023,192.5480222452121
17039,2024,189.56088650400716
17039,2025,185.70336463252363
17041,2021,233.18202939192065
17041,2022,234.18327973421103
17041,2023,234.4946097982409
17041,2024,233.85398469640734
17041,2025,232.13342796501203
17043,2021,590.7041574080997
17043,2022,606.7331755817332
17043,2023,621.9043817231938
17043,2024,635.1898523293877
17043,2025,646.9625928713876
17045,2021,231.87250984802074
17045,2022,227.71029506233515
17045,2023,223.07090003550462
17045,2024,218.08812875244558
17045,2025,212.29470267926868
17047,2021,93.98560310334767
17047,2022,75.50874131728341
17047,2023,50.717242500442296
17047,2024,19.56625475633379
17047,2025,-23.36888057547708
17049,2021,210.82360026621828
17049,2022,207.1191219936111
17049,2023,201.76757876068766
17049,2024,195.07505197970983
17049,2025,186.81509086890657
17051,2021,207.35275920207698
17051,2022,199.40674279384103
17051,2023,190.9751042425118
17051,2024,182.2302792038638
17051,2025,172.65647276751287
17053,2021,217.05085750862798
17053,2022,213.9333989442442
17053,2023,210.51292310459854
17053,2024,206.23271206279418
17053,2025,200.89045093150696
17055,2021,185.25226289507157
17055,2022,164.8489322390322
17055,2023,142.57734699756182
17055,2024,118.60809750835756
17055,2025,91.83658216053306
17057,2021,182.8432295492397
17057,2022,172.31740715225078
17057,2023,162.35394901234605
17057,2024,152.01893634879184
17057,2025,140.59359075076537
17059,2021,147.37104855280205
17059,2022,132.44651914011482
17059,2023,112.93720641563797
17059,2024,90.76831142568702
17059,2025,65.85645087675218
17061,2021,173.36482042730466
17061,2022,167.8300341717823
17061,2023,161.03863598889495
17061,2024,153.1572538998825
17061,2025,143.9475151365265
17063,2021,315.22467180919244
17063,2022,309.968636167805
17063,2023,303.2924604165674
17063,2024,296.11002458780735
17063,2025,288.095969387882
17065,2021,104.89764949335529
17065,2022,99.04450375994023
17065,2023,91.84473641030775
17065,2024,84.77859130302201
17065,2025,77.92394258587123
17067,2021,176.29723335159773
17067,2022,172.43617037716012
17067,2023,167.04201706363705
17067,2024,161.0586178679042
17067,2025,154.51143284519168
17071,2021,108.56577550793341
17071,2022,104.93620723117633
17071,2023,98.91504200197576
17071,2024,91.99340796695301
17071,2025,84.52599837472647
17073,2021,281.4599037745885
17073,2022,274.0327181756814
17073,2023,265.2413396210586
17073,2024,255.13777580963142
17073,2025,243.34045372560345
17075,2021,208.74579203794227
17075,2022,209.1215919650947
17075,2023,207.89626954949438
17075,2024,206.61889468776502
17075,2025,205.3908300225309
17077,2021,171.8124824560154
17077,2022,161.786343577178
17077,2023,148.1879206446659
17077,2024,132.14907992921974
17077,2025,113.62195458213034
17079,2021,151.57110946029138
17079,2022,151.03961603326061
17079,2023,148.79667306183865
17079,2024,146.62917635869164
17079,2025,144.8864472148287
17081,2021,206.09330569699574
17081,2022,187.0959612115017
17081,2023,162.8905891026368
17081,2024,135.90449545605046
17081,2025,105.5007044788739
17083,2021,219.45204015200176
17083,2022,212.85635790946256
17083,2023,204.972664289305
17083,2024,195.98503706495694
17083,2025,185.56694451943014
17085,2021,220.81924543806306
17085,2022,207.95489486794466
17085,2023,192.87742081741249
17085,2024,175.65288760723166
17085,2025,155.58900439873696
17087,2021,173.58428266765557
17087,2022,161.73933413060513
17087,2023,148.2150887568419
17087,2024,134.6458710887802
17087,2025,120.7149445780422
17089,2021,516.8464375251141
17089,2022,519.0056846014511
17089,2023,519.7408852856598
17089,2024,518.4893927621683
17089,2025,515.0931360349811
17091,2021,268.16431523212407
17091,2022,258.4744765689302
17091,2023,247.22293134199464
17091,2024,235.1376998050672
17091,2025,221.66661283430574
17093,2021,310.0258322691486
17093,2022,307.79577677423976
17093,2023,304.0984779228594
17093,2024,298.90770730866114
17093,2025,292.0060501740182
17095,2021,250.69237444067963
17095,2022,240.0482917735207
17095,2023,225.4082062056142
17095,2024,209.0937267383049
17095,2025,190.91890003715793
17097,2021,505.09788637984434
17097,2022,513.9316232194749
17097,2023,521.7131531196508
17097,2024,527.5279816591765
17097,2025,531.5967610834925
17099,2021,250.16333028227336
17099,2022,236.9597777316987
17099,2023,222.05735345742366
17099,2024,205.7322527078229
17099,2025,187.34622401299475
17101,2021,179.28242782374542
17101,2022,161.26956058815523
17101,2023,141.00951304671332
17101,2024,118.86102182326147
17101,2025,93.87556031681947
17103,2021,296.7280495964572
17103,2022,293.24269693465834
17103,2023,288.3297231901811
17103,2024,282.4122763066307
17103,2025,275.1975447453923
17105,2021,217.56447079035246
17105,2022,213.26638018660515
17105,2023,208.74964093308256
17105,2024,203.63539987368105
17105,2025,197.49795203656834
17107,2021,352.09675841050006
17107,2022,351.0884311031253
17107,2023,348.9777605825751
17107,2024,346.01782779934155
17107,2025,342.00707587779414
17109,2021,217.273652562459
17109,2022,210.94419860507986
17109,2023,202.71436756232447
17109,2024,193.45491192902495
17109,2025,183.0327795989744
17111,2021,452.8227394152834
17111,2022,456.4071431075348
17111,2023,458.66959318402064
17111,2024,459.5655619946913
17111,2025,458.9573819020635
17113,2021,371.14810127043984
17113,2022,373.7684499549762
17113,2023,374.9901578848299
17113,2024,374.97467943264513
17113,2025,373.7432686322371
17115,2021,140.93407906686102
17115,2022,122.68396621035538
17115,2023,100.05286896065346
17115,2024,74.00022459112003
17115,2025,43.24461809511749
17117,2021,234.34246772118985
17117,2022,231.77411080845602
17117,2023,228.37012408102467
17117,2024,224.52075392922382
17117,2025,220.0409279581387
17119,2021,451.5460483921431
17119,2022,453.32441352247633
17119,2023,454.29809054830514
17119,2024,454.61625706354494
17119,2025,454.01891276821414
17121,2021,192.07229432828848
17121,2022,176.00026944545877
17121,2023,155.94800446646337
17121,2024,133.7720142772969
17121,2025,108.90492766138163
17123,2021,200.9988188366465
17123,2022,195.06840441850295
17123,2023,188.87232644075456
17123,2024,182.30552655920314
17123,2025,175.0027730448166
17125,2021,191.24761459481286
17125,2022,183.13193471051085
17125,2023,175.12337687954937
17125,2024,166.69498737105872
17125,2025,157.43403832709447
17127,2021,131.9392795928679
17127,2022,110.15093694236987
17127,2023,85.83237881680776
17127,2024,57.919754477341144
17127,2025,24.065531089586443
17129,2021,189.94840451387864
17129,2022,186.5171196277717
17129,2023,181.5406109360257
17129,2024,174.84590371720722
17129,2025,166.284447845246
17131,2021,238.70361936062642
17131,2022,228.23822283157463
17131,2023,217.05096714870245
17131,2024,204.92342259115514
17131,2025,191.07302470264418
17133,2021,256.37243814021764
17133,2022,258.2984648128558
17133,2023,259.39902471020343
17133,2024,259.35403246068597
17133,2025,258.0485353300545
17135,2021,219.51461688612466
17135,2022,207.44870147873723
17135,2023,193.62740812909652
17135,2024,178.9304552183213
17135,2025,162.81599059136067
17137,2021,211.00185044636618
17137,2022,206.78142615720077
17137,2023,200.366597271983
17137,2024,192.14288917475926
17137,2025,182.0429125312912
17139,2021,278.08248796957406
17139,2022,282.7601205563094
17139,2023,285.0871062215265
17139,2024,287.1951392520069
17139,2025,289.2495786030031
17141,2021,333.44004422708423
17141,2022,326.45624237602334
17141,2023,318.8386649095867
17141,2024,309.77383472010973
17141,2025,298.8193676896344
17143,2021,301.9552560118565
17143,2022,287.81257066472307
17143,2023,270.09011687262984
17143,2024,250.08302548759062
17143,2025,227.33755820047583
17145,2021,178.99197411900388
17145,2022,162.5757090067341
17145,2023,143.71307328540482
17145,2024,122.84157972604731
17145,2025,99.26904598877525
17147,2021,248.0780229125428
17147,2022,251.31937349929103
17147,2023,254.58656281428853
17147,2024,257.36227202201974
17147,2025,259.5180515216179
17149,2021,208.2446171400065
17149,2022,206.4814134096207
17149,2023,204.63616488849314
17149,2024,201.78668054618328
17149,2025,197.56820473026318
17155,2021,145.50614431862275
17155,2022,130.19646616505085
17155,2023,113.72337027432533
17155,2024,94.51183495755271
17155,2025,71.37574143042113
17157,2021,215.4551572177851
17157,2022,210.76735414105286
17157,2023,204.08630767119996
17157,2024,196.12997109509598
17157,2025,186.6313220858608
17159,2021,193.0645943905759
17159,2022,188.10513699126926
17159,2023,181.57353962713805
17159,2024,174.3427944942333
17159,2025,166.22514258384632
17161,2021,307.66892182606614
17161,2022,295.77276413208165
17161,2023,281.44484623238975
17161,2024,265.1929451844824
17161,2025,246.54228688720448
17163,2021,273.8872656887907
17163,2022,265.3307771232292
17163,2023,254.48597210609537
17163,2024,241.96251479950848
17163,2025,227.36518654223218
17165,2021,180.12755895871112
17165,2022,164.14633219191708
17165,2023,144.9424261874454
17165,2024,125.04087678680642
17165,2025,104.01631772284244
17167,2021,254.55481499521335
17167,2022,249.02949498733892
17167,2023,240.5590743708423
17167,2024,229.4122387793841
17167,2025,215.47649997204257
17169,2021,143.38477714467604
17169,2022,139.13650057593128
17169,2023,134.7471575957872
17169,2024,130.088276686904
17169,2025,124.61623755706233
17171,2021,139.9086790816791
17171,2022,136.92069409485964
17171,2023,131.4314105103475
17171,2024,124.68746588852332
17171,2025,116.99027393608094
17173,2021,189.6389351859027
17173,2022,186.22144994090218
17173,2023,179.85111096649626
17173,2024,172.38663616572205
17173,2025,164.06811596441344
17175,2021,125.19075727894239
17175,2022,118.78025948394998
17175,2023,110.19252252249541
17175,2024,101.14891650265636
17175,2025,91.87868656995812
17177,2021,170.3525809294963
17177,2022,160.50955715321723
17177,2023,148.22522334914663
17177,2024,135.08198007653138
17177,2025,120.70948401923548
17179,2021,319.3918398299663
17179,2022,316.8623214752143
17179,2023,312.5307181720289
17179,2024,307.3513731517733
17179,2025,301.2181859507497
17181,2021,147.3947210410534
17181,2022,138.14664512239662
17181,2023,127.3178820070049
17181,2024,115.70110037600517
17181,2025,103.09225860764695
17183,2021,129.30162269217786
17183,2022,114.11094193206239
17183,2023,96.34240682523361
17183,2024,77.08390761481195
17183,2025,55.50874953785254
17185,2021,177.16985255641652
17185,2022,159.34861343943356
17185,2023,136.61263258665363
17185,2024,110.6988197537813
17185,2025,80.97551299778604
17187,2021,199.71231559182024
17187,2022,198.61704741935006
17187,2023,194.7782358852847
17187,2024,190.36963621719457
17187,2025,185.57414705341242
17189,2021,190.9094152581274
17189,2022,192.1171557096224
17189,2023,190.19602014266235
17189,2024,186.82361534320228
17189,2025,182.38994174601655
17191,2021,125.02345939114866
17191,2022,113.93526243106572
17191,2023,102.22483064981205
17191,2024,90.15468747993836
17191,2025,77.42420403400149
17193,2021,157.4832006923446
17193,2022,147.55384581110758
17193,2023,135.0609810080144
17193,2024,121.23416950766745
17193,2025,105.88673238806152
17195,2021,238.9871082585855
17195,2022,229.72640466334303
17195,2023,217.52122210825112
17195,2024,204.07997565746575
17195,2025,189.14203648875412
17197,2021,406.02077532080807
17197,2022,413.7914631344572
17197,2023,421.04629618427305
17197,2024,427.0251146248751
17197,2025,431.7454026394419
17199,2021,226.30063927237504
17199,2022,215.5922730961553
17199,2023,201.64499471672082
17199,2024,185.7923457077121
17199,2025,167.80993609907063
17201,2021,310.3812785043547
17201,2022,291.9090061856881
17201,2023,270.51558110197243
17201,2024,246.86079320158504
17201,2025,220.07652222500016
17203,2021,269.26593397194324
17203,2022,270.033520633596
17203,2023,270.2850828595855
17203,2024,270.3256746297997
17203,2025,269.96723504972806
18001,2021,198.27672585076647
18001,2022,201.98770505946976
18001,2023,204.9502279462926
18001,2024,206.19602482807616
18001,2025,205.55299601069038
18003,2021,493.88030940596207
18003,2022,501.4528667039499
18003,2023,507.25946057212764
18003,2024,511.8443852008159
18003,2025,514.5940900928323
18005,2021,431.59418023725675
18005,2022,434.28238148100144
18005,2023,434.77511377162466
18005,2024,433.4896597783429
18005,2025,430.00914734575775
18007,2021,223.62902074923954
18007,2022,231.38159370913826
18007,2023,237.33391970546296
18007,2024,242.74949132354936
18007,2025,247.8169762775784
18009,2021,203.6883673519423
18009,2022,199.76879679981727
18009,2023,190.8189786574593
18009,2024,179.64192063953107
18009,2025,166.5876616305638
18011,2021,493.5332125992067
18011,2022,509.59885225632536
18011,2023,525.5930075846226
18011,2024,541.4443402220345
18011,2025,556.9047010281103
18013,2021,257.04503087609464
18013,2022,255.4862453330765
18013,2023,252.54223496299727
18013,2024,247.97931525660925
18013,2025,241.3496902107164
18015,2021,222.17575326693836
18015,2022,224.4099507036494
18015,2023,225.64525577404885
18015,2024,225.16232164918063
18015,2025,222.78267517860053
18017,2021,265.6464752012169
18017,2022,266.9042902632716
18017,2023,265.50972881319086
18017,2024,262.8355282585256
18017,2025,258.75905128018036
18019,2021,410.8415060866004
18019,2022,413.1686664786415
18019,2023,413.15239745373617
18019,2024,411.5681652207326
18019,2025,407.9930186842649
18021,2021,215.0171245692843
18021,2022,216.01399858387921
18021,2023,214.66719775485836
18021,2024,211.90466680699046
18021,2025,207.7133949859068
18023,2021,248.85468773290157
18023,2022,254.0413912334756
18023,2023,256.58001986734354
18023,2024,258.21010427028125
18023,2025,258.9217006910473
18025,2021,141.42452268858688
18025,2022,137.31451478702016
18025,2023,130.49880602502915
18025,2024,121.96827233843672
18025,2025,111.73391603421757
18027,2021,236.82218975836372
18027,2022,245.62480351802213
18027,2023,257.5064110074355
18027,2024,268.5321941040687
18027,2025,278.0733870162189
18029,2021,256.6817911010396
18029,2022,255.8344356453399
18029,2023,253.2260510734309
18029,2024,249.08876144792671
18029,2025,243.11035662899246
18031,2021,253.94498294241797
18031,2022,248.48258913416714
18031,2023,239.1924620259361
18031,2024,227.40252237546835
18031,2025,212.6962309721338
18033,2021,290.66172308974836
18033,2022,290.71619662103126
18033,2023,287.98122717690006
18033,2024,283.0730061838755
18033,2025,275.77748688616
18035,2021,246.19158219126916
18035,2022,246.3225376379765
18035,2023,244.50848755388145
18035,2024,241.3214314839455
18035,2025,236.6136754374545
18037,2021,239.58316129615784
18037,2022,247.16213183089144
18037,2023,253.23698425799427
18037,2024,257.6929683379541
18037,2025,260.68691682786095
18039,2021,477.581110095058
18039,2022,479.5312355639994
18039,2023,478.5995264688245
18039,2024,475.4838284364961
18039,2025,469.71318253875984
18041,2021,165.48569049824107
18041,2022,151.43813969786123
18041,2023,132.8869796162366
18041,2024,111.46110032342432
18041,2025,86.46814349567211
18043,2021,374.58303925740165
18043,2022,376.98305944853377
18043,2023,377.3856515135406
18043,2024,376.39372280432207
18043,2025,373.61012746130353
18045,2021,244.24397484418347
18045,2022,246.41881537790414
18045,2023,248.37026100708894
18045,2024,249.87231854287788
18045,2025,250.6673447956074
18047,2021,232.11568780643196
18047,2022,235.88604046013938
18047,2023,238.63867076410077
18047,2024,240.2661855835801
18047,2025,240.66150754492904
18049,2021,254.90193892937495
18049,2022,256.9638599889422
18049,2023,256.9027418847231
18049,2024,255.5603615545426
18049,2025,252.87228428758033
18051,2021,287.88824826255035
18051,2022,288.07002780637214
18051,2023,285.84483316571476
18051,2024,281.33539787373127
18051,2025,274.35553673274444
18053,2021,367.0460615013844
18053,2022,372.3681078466678
18053,2023,375.6457969901986
18053,2024,378.65413323593066
18053,2025,381.18881726110607
18055,2021,217.24867783764614
18055,2022,220.87149359620628
18055,2023,224.8529991474602
18055,2024,229.13871274589079
18055,2025,233.52119113709765
18057,2021,497.5992794998301
18057,2022,523.9509115308191
18057,2023,550.9910963223165
18057,2024,576.9810562819573
18057,2025,602.201004038828
18059,2021,365.79549333307904
18059,2022,373.9863340383392
18059,2023,381.468081370323
18059,2024,387.820441260535
18059,2025,392.81559743869866
18061,2021,267.0435073231528
18061,2022,267.62966372175123
18061,2023,266.3563355387889
18061,2024,263.2528538493851
18061,2025,258.1406127325518
18063,2021,459.14976723283314
18063,2022,475.37629020443126
18063,2023,491.0120005086743
18063,2024,505.9291576623175
18063,2025,520.0183197387815
18065,2021,269.2517447522447
18065,2022,270.62019075981823
18065,2023,271.84007444547734
18065,2024,271.9891400604888
18065,2025,270.59054027884326
18067,2021,232.9050208818016
18067,2022,215.1446607133326
18067,2023,191.2265890565339
18067,2024,162.63691698366245
18067,2025,128.56736336927582
18069,2021,285.99440793367165
18069,2022,287.8706697435812
18069,2023,287.52878112250755
18069,2024,285.6112981079118
18069,2025,281.97896520772815
18071,2021,332.79090321251823
18071,2022,329.2071676988297
18071,2023,324.53435176814963
18071,2024,317.67201373500296
18071,2025,307.8716736180611
18073,2021,261.92585575422913
18073,2022,263.5248398138353
18073,2023,264.12302071798365
18073,2024,263.852665785346
18073,2025,262.5333352612221
18075,2021,294.03654761938697
18075,2022,294.4962333415965
18075,2023,294.2775936798626
18075,2024,292.7604055085203
18075,2025,289.44568333454083
18077,2021,311.69668057765125
18077,2022,308.5042627384763
18077,2023,303.3336591583603
18077,2024,296.5342734311488
18077,2025,287.59438603282086
18079,2021,289.99436989886
18079,2022,286.29682220630224
18079,2023,280.6317035367886
18079,2024,273.62990546952665
18079,2025,264.7242749781159
18081,2021,463.5594325272507
18081,2022,476.1312471159131
18081,2023,488.0348148783922
18081,2024,499.2579238752478
18081,2025,509.50266986416716
18083,2021,210.53379174083034
18083,2022,211.87538735320177
18083,2023,211.46613266115907
18083,2024,209.12119212623352
18083,2025,204.86950738356086
18085,2021,364.0374724957366
18085,2022,369.0240092398335
18085,2023,372.8363856144575
18085,2024,375.0134306409046
18085,2025,375.27788967321385
18087,2021,258.8721406340895
18087,2022,259.93494800428016
18087,2023,258.9158499381587
18087,2024,255.48255515354637
18087,2025,249.49142932285022
18089,2021,534.609807716133
18089,2022,533.4065477063717
18089,2023,530.3685094675081
18089,2024,525.7543723465963
18089,2025,518.8462372220172
18091,2021,367.20090187992014
18091,2022,357.92971414128453
18091,2023,345.99755533300663
18091,2024,332.00649178934293
18091,2025,315.2174752555154
18093,2021,310.9288804036546
18093,2022,310.9286550555835
18093,2023,309.48671609712807
18093,2024,307.64134763217214
18093,2025,304.910370533604
18095,2021,363.02563732943815
18095,2022,361.13668465297087
18095,2023,357.9862265149437
18095,2024,353.8603907696266
18095,2025,348.0194979668254
18097,2021,560.4325263591243
18097,2022,578.5704828589305
18097,2023,596.2616433751839
18097,2024,613.6451298598756
18097,2025,630.3881813751535
18099,2021,295.2419433519731
18099,2022,297.46501634246795
18099,2023,297.74523315894044
18099,2024,296.27958243929896
18099,2025,292.888632222793
18101,2021,182.41638215172276
18101,2022,191.3256994133826
18101,2023,200.53795804399286
18101,2024,208.7440275456479
18101,2025,215.99696273460435
18103,2021,211.2700544734194
18103,2022,205.25728299735925
18103,2023,195.89858876330953
18103,2024,184.22882079021645
18103,2025,169.93146310275182
18105,2021,431.7080343855764
18105,2022,441.0858284909443
18105,2023,450.8804721290286
18105,2024,460.5357968792415
18105,2025,469.6609477641259
18107,2021,253.7333562532238
18107,2022,260.7768266989495
18107,2023,267.10951281590496
18107,2024,272.4183128348885
18107,2025,276.58780263328885
18109,2021,368.8152862415621
18109,2022,378.18965643025507
18109,2023,386.5902117446588
18109,2024,394.482267038704
18109,2025,401.75628609356977
18111,2021,191.37448126723336
18111,2022,191.96049950147096
18111,2023,191.0500777924646
18111,2024,189.51863741870673
18111,2025,187.28290340820803
18113,2021,237.22908824970622
18113,2022,229.47846208925782
18113,2023,216.94422409127048
18113,2024,201.02406248941247
18113,2025,181.50213236642372
18115,2021,152.4621733684434
18115,2022,145.58818227662726
18115,2023,136.75688672931597
18115,2024,125.93472583582994
18115,2025,112.58391537498775
18117,2021,172.51006684308226
18117,2022,147.6822467079387
18117,2023,116.08360830919298
18117,2024,78.56728190012458
18117,2025,33.01891625976231
18119,2021,157.2829447209657
18119,2022,159.63539771050762
18119,2023,160.81457731643087
18119,2024,161.5438275873591
18119,2025,161.81829271923124
18121,2021,156.5625848339306
18121,2022,162.28841208500756
18121,2023,166.35928969871088
18121,2024,169.80876023099106
18121,2025,172.97610588908552
18123,2021,228.91492450805308
18123,2022,228.43205190790061
18123,2023,224.73299796543594
18123,2024,219.02848007561158
18123,2025,211.4743853578712
18125,2021,177.9494361059722
18125,2022,178.1849314249908
18125,2023,178.02086139312297
18125,2024,176.4246373083772
18125,2025,172.94580798677057
18127,2021,476.66877788168404
18127,2022,479.6964995933268
18127,2023,480.86006824725735
18127,2024,480.61528960371913
18127,2025,478.56312958471267
18129,2021,256.4958180206927
18129,2022,264.57477349529404
18129,2023,270.73594723729946
18129,2024,275.63031036023517
18129,2025,279.5561021762956
18131,2021,260.5509088732824
18131,2022,265.1923748268686
18131,2023,267.79085515901437
18131,2024,269.54273506053744
18131,2025,270.5111115086465
18133,2021,216.0829059914056
18133,2022,218.98493242590723
18133,2023,220.00553550952017
18133,2024,219.86696693319277
18133,2025,218.5178128647674
18135,2021,156.94183212145185
18135,2022,156.67606596019715
18135,2023,154.4014538704712
18135,2024,150.17249954093433
18135,2025,143.92557298304123
18137,2021,224.42810664057194
18137,2022,225.20918724350602
18137,2023,224.75222996411347
18137,2024,223.08065193476307
18137,2025,219.91076296648677
18139,2021,224.4558873164268
18139,2022,225.50357100436074
18139,2023,224.3968604594781
18139,2024,221.75113948334086
18139,2025,217.38457803818892
18141,2021,501.7031476400133
18141,2022,502.4034964999123
18141,2023,500.82720977066145
18141,2024,497.6642192424277
18141,2025,492.2998519287879
18143,2021,245.79806551376953
18143,2022,237.62738066097205
18143,2023,225.84838293136318
18143,2024,211.5144201334365
18143,2025,194.31244187313337
18145,2021,297.1964475094405
18145,2022,294.9198099883886
18145,2023,289.2766368571097
18145,2024,281.74169470920395
18145,2025,271.9704277394001
18147,2021,169.8563325381744
18147,2022,171.93441395151413
18147,2023,171.45356182602518
18147,2024,169.2362116961204
18147,2025,165.41820984735313
18149,2021,229.13442882805222
18149,2022,223.99035730783288
18149,2023,216.95415986919073
18149,2024,208.4522352339671
18149,2025,198.04186422945213
18151,2021,251.24977668642566
18151,2022,252.22359674516446
18151,2023,250.87731778044412
18151,2024,247.4239225617704
18151,2025,241.68840639952097
18153,2021,174.99223299509947
18153,2022,174.22063873814798
18153,2023,170.81374978121784
18153,2024,166.14288337603807
18153,2025,160.43316526908654
18155,2021,168.74326293215444
18155,2022,158.89146121428286
18155,2023,147.1396005765101
18155,2024,132.73206292845626
18155,2025,114.94401814493355
18157,2021,333.6556675613735
18157,2022,339.41174971930036
18157,2023,344.1132598534514
18157,2024,347.4466701885615
18157,2025,349.1399768255864
18159,2021,269.78505946730763
18159,2022,271.09998426338797
18159,2023,270.27953239097496
18159,2024,267.8849049783985
18159,2025,263.69302487648827
18161,2021,191.46602443179404
18161,2022,194.6838868052679
18161,2023,198.11516585108345
18161,2024,200.54471359853278
18161,2025,201.5418608753155
18163,2021,374.2746882585321
18163,2022,374.97138440462294
18163,2023,373.83595913860233
18163,2024,370.3057532808851
18163,2025,364.04112090638597
18165,2021,149.27947035340128
18165,2022,146.60242530363735
18165,2023,141.89467785754914
18165,2024,136.07167658570484
18165,2025,129.2326653027527
18167,2021,253.58737106661118
18167,2022,249.7785338333741
18167,2023,243.3801294185446
18167,2024,235.04311643912826
18167,2025,224.5217193399548
18169,2021,244.8969395472503
18169,2022,248.57007050548026
18169,2023,251.4580239091618
18169,2024,253.36363758416337
18169,2025,253.99032576489248
18171,2021,187.5508541965927
18171,2022,195.05148334371188
18171,2023,200.70888210649449
18171,2024,205.56253658471758
18171,2025,210.09087759860142
18173,2021,393.0197718497468
18173,2022,399.5857374677316
18173,2023,405.10126287846253
18173,2024,409.38442897791157
18173,2025,412.2329695175329
18175,2021,319.0884392516704
18175,2022,317.74337488846686
18175,2023,312.9597928130873
18175,2024,306.6965996810637
18175,2025,298.7240432644811
18177,2021,290.6863604235614
18177,2022,291.61097389774375
18177,2023,290.78578864912794
18177,2024,288.55672614906524
18177,2025,284.70488089895827
18179,2021,356.2329017204668
18179,2022,361.3776978151511
18179,2023,365.40346736297886
18179,2024,367.9720706227803
18179,2025,368.87222868088816
18181,2021,226.89275390134242
18181,2022,235.65222633681668
18181,2023,243.22201205237508
18181,2024,249.98058509154137
18181,2025,256.0985187464587
18183,2021,229.43296611765282
18183,2022,232.9803019389869
18183,2023,235.26826609005116
18183,2024,235.77263939113794
18183,2025,234.35081001137968
19001,2021,199.14476250578412
19001,2022,212.88505760681804
19001,2023,225.952783317281
19001,2024,238.2455708752833
19001,2025,250.1258068191605
19003,2021,148.0691364823447
19003,2022,160.49767347316396
19003,2023,174.34505475393883
19003,2024,187.10788260673834
19003,2025,198.57981631307814
19005,2021,194.69635456039208
19005,2022,202.3134493979082
19005,2023,208.81648158987826
19005,2024,214.72956034353805
19005,2025,220.41087285222054
19007,2021,185.71097252479274
19007,2022,191.85681649282657
19007,2023,196.8733825585427
19007,2024,200.8096621821488
19007,2025,203.86563131709545
19009,2021,203.36828631926159
19009,2022,216.04379049368575
19009,2023,233.42210436833284
19009,2024,251.64171882982706
19009,2025,269.5757530271199
19011,2021,251.03235418394766
19011,2022,259.74419386578967
19011,2023,266.9810117927083
19011,2024,272.97133408589127
19011,2025,277.98042052200776
19013,2021,405.3316683788228
19013,2022,415.52475473041727
19013,2023,424.90389511828505
19013,2024,432.96677688801356
19013,2025,439.9312874572855
19015,2021,285.07023395387785
19015,2022,298.468882890636
19015,2023,312.1400058957961
19015,2024,324.83609609427185
19015,2025,336.7297320610845
19017,2021,275.3827347402024
19017,2022,288.97837725700373
19017,2023,303.98669673323457
19017,2024,318.14992858604273
19017,2025,331.549942513758
19019,2021,281.59649696547245
19019,2022,292.65564658853583
19019,2023,303.3759917790353
19019,2024,313.6717194786787
19019,2025,323.66820221915896
19021,2021,249.88109182622938
19021,2022,266.0550656767314
19021,2023,282.4253185272422
19021,2024,298.41885695462037
19021,2025,314.4731774723904
19023,2021,270.8768165486849
19023,2022,280.94857506169376
19023,2023,293.34403394205947
19023,2024,305.26936636782915
19023,2025,316.4884667021449
19025,2021,266.4925869185907
19025,2022,282.0940237522241
19025,2023,295.31124455071364
19025,2024,308.3687967898798
19025,2025,322.03722808086366
19027,2021,327.60577490627776
19027,2022,340.7919808490584
19027,2023,354.5445177120769
19027,2024,367.42735727494335
19027,2025,379.4423952998004
19029,2021,233.26158514012357
19029,2022,247.57858565091072
19029,2023,262.4780183956388
19029,2024,276.96817776194575
19029,2025,291.21149480854535
19031,2021,246.18359986114953
19031,2022,256.5563976783235
19031,2023,266.8352310433437
19031,2024,275.709746244389
19031,2025,283.35847735517916
19033,2021,503.4661335213307
19033,2022,514.6216176296715
19033,2023,525.0345388942408
19033,2024,534.5282780682267
19033,2025,543.1610555834426
19035,2021,245.90624754874028
19035,2022,261.16556088403684
19035,2023,277.71929970325726
19035,2024,293.98908906924163
19035,2025,310.16895618068963
19037,2021,227.15907404264416
19037,2022,235.10403716686957
19037,2023,246.3418751572019
19037,2024,257.3692734715844
19037,2025,267.5081684314989
19039,2021,165.46393787150083
19039,2022,171.97591224534963
19039,2023,175.6710916889149
19039,2024,177.11323128962465
19039,2025,176.85903639091174
19041,2021,322.41388235324814
19041,2022,335.40548692203356
19041,2023,348.94412044870523
19041,2024,361.80831759143166
19041,2025,374.229115160354
19043,2021,190.578574207168
19043,2022,193.51234880440268
19043,2023,194.62212759004177
19043,2024,194.16927455167698
19043,2025,192.27614702607207
19045,2021,264.27594868429327
19045,2022,265.8352651344413
19045,2023,266.1841906528077
19045,2024,265.3442004340119
19045,2025,263.1898670773407
19047,2021,227.26766930109747
19047,2022,239.02780093517976
19047,2023,251.57446664093382
19047,2024,264.40427149604
19047,2025,277.7981153292667
19049,2021,301.45817593388745
19049,2022,322.5274059737262
19049,2023,344.22389918345084
19049,2024,364.5562611737935
19049,2025,384.0895038942931
19051,2021,174.1731553287838
19051,2022,186.1580887324808
19051,2023,198.89428461190553
19051,2024,211.1681736786841
19051,2025,222.99922394085434
19053,2021,140.00213303070026
19053,2022,154.22994492846215
19053,2023,165.7536813272228
19053,2024,175.53903940574375
19053,2025,184.66822881751767
19055,2021,244.81364443061256
19055,2022,256.0853418739422
19055,2023,267.0940381918499
19055,2024,276.7778489981406
19055,2025,285.4245342964469
19057,2021,242.6295877367206
19057,2022,242.9275222066587
19057,2023,241.60549934374086
19057,2024,238.3926680822866
19057,2025,233.31640531967187
19059,2021,310.6939331917622
19059,2022,320.36167748082465
19059,2023,330.3411810952359
19059,2024,339.64270622042875
19059,2025,348.32199384327714
19061,2021,388.47835768196035
19061,2022,394.81638612903373
19061,2023,399.680162730069
19061,2024,402.5494719125366
19061,2025,403.4096510681363
19063,2021,223.1897927191983
19063,2022,231.8081476256907
19063,2023,240.90331447758848
19063,2024,249.0284904168613
19063,2025,256.24765126721564
19065,2021,216.32583862063308
19065,2022,222.8451811795323
19065,2023,228.78871682350274
19065,2024,233.504235937908
19065,2025,237.17359736069818
19067,2021,275.4508244192328
19067,2022,279.8053371276732
19067,2023,281.4082573004365
19067,2024,281.65197054161996
19067,2025,280.6839069055908
19069,2021,274.9263918061779
19069,2022,288.6941563189188
19069,2023,302.4891806579912
19069,2024,316.09850046587917
19069,2025,329.6655485372487
19071,2021,160.64711426821194
19071,2022,177.1239969690869
19071,2023,197.027922500881
19071,2024,216.94817029542952
19071,2025,236.46721694073912
19073,2021,163.92831227405972
19073,2022,175.84300758513635
19073,2023,188.17631935942737
19073,2024,199.0129169550687
19073,2025,208.6314772774863
19075,2021,280.4576989753249
19075,2022,291.76812299232046
19075,2023,302.44856225386343
19075,2024,312.34903584104376
19075,2025,321.6313907111301
19077,2021,256.57142690662783
19077,2022,267.36833540168016
19077,2023,276.52741019294467
19077,2024,284.98534496553003
19077,2025,293.12048483674204
19079,2021,221.26699116616322
19079,2022,232.53785412759092
19079,2023,245.09210557478968
19079,2024,256.76661499355765
19079,2025,267.59741703264336
19081,2021,290.8772690689114
19081,2022,299.76316281124133
19081,2023,308.49646935030125
19081,2024,315.7448151118924
19081,2025,321.4683062987237
19083,2021,236.65963461827045
19083,2022,246.95376053947962
19083,2023,257.470443972042
19083,2024,267.39052793165894
19083,2025,276.77188122244144
19085,2021,273.70113406145174
19085,2022,286.684149253015
19085,2023,300.49920288298154
19085,2024,314.3053683384776
19085,2025,328.0143639800436
19087,2021,249.76773731905053
19087,2022,256.29446261029466
19087,2023,260.4479776189832
19087,2024,262.6429262200114
19087,2025,263.2063800475236
19089,2021,205.21313778722833
19089,2022,214.88159950804237
19089,2023,223.67831208510555
19089,2024,231.83120921284632
19089,2025,239.49125026399392
19091,2021,237.72943769373956
19091,2022,249.68062316574603
19091,2023,261.9369271894371
19091,2024,272.75476631061065
19091,2025,282.37549144644856
19093,2021,189.85381661255047
19093,2022,203.9349467694003
19093,2023,218.09292544373517
19093,2024,231.160730801797
19093,2025,243.40609667036003
19095,2021,255.58372044494462
19095,2022,266.2842393907098
19095,2023,276.56847948090103
19095,2024,285.71201612500164
19095,2025,293.7856873014599
19097,2021,281.1961951118227
19097,2022,284.0160784663777
19097,2023,285.3044278259895
19097,2024,284.92041067955745
19097,2025,282.8614269154153
19099,2021,270.5542546654433
19099,2022,278.15851577377344
19099,2023,285.8952693309635
19099,2024,292.30915135462965
19099,2025,297.28243738563924
19101,2021,208.46517244050693
19101,2022,211.99339650785208
19101,2023,215.5679841992747
19101,2024,217.0358156495635
19101,2025,216.12854496448915
19103,2021,421.1631045322093
19103,2022,436.2176419247339
19103,2023,450.15776892239825
19103,2024,461.9027125770706
19103,2025,471.87106610365976
19105,2021,249.78827559978768
19105,2022,254.4641856929775
19105,2023,258.46209540569106
19105,2024,261.13209475539867
19105,2025,262.4392870620437
19107,2021,161.89300893121322
19107,2022,169.4798447534428
19107,2023,177.7236252890913
19107,2024,184.9565685508052
19107,2025,191.01983131285021
19109,2021,254.09976648314293
19109,2022,267.6301608761298
19109,2023,280.37511992745607
19109,2024,291.69838810049765
19109,2025,302.0538223013348
19111,2021,246.18888575361328
19111,2022,250.18443045426454
19111,2023,252.4369645250575
19111,2024,254.27889341120598
19111,2025,255.83071934704233
19113,2021,457.65269812390596
19113,2022,469.7642195764448
19113,2023,480.0508152620325
19113,2024,488.01311857533483
19113,2025,493.8592221821474
19115,2021,190.3789424188597
19115,2022,197.04446454464386
19115,2023,204.33938987136847
19115,2024,210.4541924800324
19115,2025,215.16749011240535
19117,2021,156.75856108608608
19117,2022,169.35810153681538
19117,2023,182.67219003994026
19117,2024,194.81084135788046
19117,2025,205.73815976704276
19119,2021,286.42012481048437
19119,2022,304.60863752924604
19119,2023,322.74685362691696
19119,2024,340.0968513412834
19119,2025,357.0288850591197
19121,2021,278.52368420794846
19121,2022,284.2411034693964
19121,2023,289.97782401530105
19121,2024,293.87195264490254
19121,2025,295.8388155926203
19123,2021,277.17612089352804
19123,2022,286.6435520276937
19123,2023,295.33730504553006
19123,2024,302.6845071660523
19123,2025,308.86479126573727
19125,2021,429.79731673168567
19125,2022,442.73391383712965
19125,2023,456.7428885142197
19125,2024,469.6243491998232
19125,2025,481.33899733464017
19127,2021,364.27654648475766
19127,2022,367.0802095222234
19127,2023,368.6802997980629
19127,2024,369.0543452047923
19127,2025,368.07901923935435
19129,2021,256.381707222448
19129,2022,270.9624022032126
19129,2023,286.31724798706415
19129,2024,301.6946513869022
19129,2025,317.18259042932186
19131,2021,251.61744722830545
19131,2022,265.37150799462796
19131,2023,279.93218272625035
19131,2024,293.54063069609754
19131,2025,306.30299954592124
19133,2021,180.7708161866922
19133,2022,190.9509710708489
19133,2023,200.85592952876647
19133,2024,210.1193757515705
19133,2025,219.00252207835035
19135,2021,179.74808714465593
19135,2022,185.88424381417866
19135,2023,190.70086862243244
19135,2024,194.7056524227396
19135,2025,197.97585655316374
19137,2021,216.22215866059602
19137,2022,225.4652698067427
19137,2023,237.365099647488
19137,2024,248.37119287191152
19137,2025,258.0820865430141
19139,2021,335.3204615579135
19139,2022,341.0227227466654
19139,2023,345.04668463129167
19139,2024,347.4787998882869
19139,2025,348.4013040973883
19141,2021,262.67099716843165
19141,2022,277.8489492024191
19141,2023,294.48450661993814
19141,2024,310.02586152227275
19141,2025,324.4708604873445
19143,2021,210.67801603907378
19143,2022,223.63095533210006
19143,2023,243.8305525384844
19143,2024,263.022331849796
19143,2025,280.03817047590644
19145,2021,224.12826016621753
19145,2022,237.1354918589617
19145,2023,249.78222618481342
19145,2024,262.7739392806455
19145,2025,276.5531536614729
19147,2021,207.11656284485753
19147,2022,218.60069851227377
19147,2023,226.8472225564318
19147,2024,233.6918231853756
19147,2025,239.9932188196713
19149,2021,322.6613515068254
19149,2022,337.66971245784055
19149,2023,352.8909318228625
19149,2024,367.00774501103604
19149,2025,380.28896614540525
19151,2021,175.43661625557448
19151,2022,189.46165875204537
19151,2023,204.36460373129106
19151,2024,218.65406533830577
19151,2025,232.3198463166316
19153,2021,523.2685059491519
19153,2022,548.6346837624145
19153,2023,573.568439097791
19153,2024,596.8658272407881
19153,2025,619.0831501612024
19155,2021,384.7491314726683
19155,2022,397.02772352345096
19155,2023,409.1040735169112
19155,2024,420.9947237222076
19155,2025,432.5042671799017
19157,2021,335.69163600524445
19157,2022,346.375026858033
19157,2023,356.29246642423345
19157,2024,365.09071553349526
19157,2025,372.9562257466227
19159,2021,173.2658302186342
19159,2022,185.20524819202743
19159,2023,196.9570257294825
19159,2024,208.54219095553094
19159,2025,219.99792639462933
19161,2021,205.98307597392926
19161,2022,220.80285620362912
19161,2023,236.28206412929273
19161,2024,250.9980095652648
19161,2025,265.2048283740287
19163,2021,380.7800803785423
19163,2022,387.5722433906592
19163,2023,392.875528327766
19163,2024,396.5430548744505
19163,2025,398.61547488740365
19165,2021,282.3600561195225
19165,2022,298.2022906488195
19165,2023,314.62875167412585
19165,2024,330.79214757165875
19165,2025,346.86053797326406
19167,2021,385.6564493031265
19167,2022,405.58419679571057
19167,2023,426.79968331682886
19167,2024,447.6025711414217
19167,2025,468.22118231880484
19169,2021,320.54843036047964
19169,2022,337.18699912872364
19169,2023,354.2594397436392
19169,2024,370.06368200646455
19169,2025,384.92409961267447
19171,2021,273.1472427309015
19171,2022,281.9290739650432
19171,2023,290.7058564002421
19171,2024,298.96986523119585
19171,2025,306.6051881787039
19173,2021,156.84150749585126
19173,2022,169.68757726007846
19173,2023,184.8111470907628
19173,2024,199.42343849972906
19173,2025,213.12833588607214
19175,2021,189.94360391488016
19175,2022,196.77420641520624
19175,2023,200.67127799927766
19175,2024,203.129650372522
19175,2025,204.70230618006426
19177,2021,5368231497.999466
19177,2022,6308194705.485038
19177,2023,5321688228.627827
19177,2024,4880793764.496085
19177,2025,4938792782.020065
19179,2021,270.57054396954607
19179,2022,276.4411714554035
19179,2023,282.46252896055313
19179,2024,287.74561179554206
19179,2025,292.27755285108896
19181,2021,438.85563582335044
19181,2022,452.6802380817287
19181,2023,466.58132866054626
19181,2024,479.1167598208243
19181,2025,490.5307522400898
19183,2021,250.6881440360836
19183,2022,262.09902199899597
19183,2023,273.4118197661575
19183,2024,283.1444243885941
19183,2025,291.4610000927208
19185,2021,158.13896631851057
19185,2022,164.7764200907664
19185,2023,173.52979159506043
19185,2024,181.56916767104974
19185,2025,188.09511300683985
19187,2021,315.84465664604255
19187,2022,326.15583531749553
19187,2023,336.4887331402824
19187,2024,345.9509027344549
19187,2025,354.69411630744503
19189,2021,254.21635624774032
19189,2022,256.4473127467506
19189,2023,256.14285121270814
19189,2024,253.705579973453
19189,2025,249.2558212142272
19191,2021,268.40754656295593
19191,2022,276.98143733423694
19191,2023,284.7691321536263
19191,2024,291.2533446467334
19191,2025,296.6256541493034
19193,2021,403.2037905695603
19193,2022,413.5705461029671
19193,2023,423.52290107492576
19193,2024,432.6135776178048
19193,2025,440.7796536368189
19195,2021,181.9113247197643
19195,2022,187.8682998100696
19195,2023,191.21084523130995
19195,2024,192.5351715438179
19195,2025,192.4007256013444
19197,2021,224.5825027791865
19197,2022,238.39464339235806
19197,2023,253.55839600589368
19197,2024,268.77660059059286
19197,2025,284.0865022004401
20001,2021,222.6445052308424
20001,2022,230.45623384759867
20001,2023,239.38629161264066
20001,2024,248.2035998481194
20001,2025,256.81251116755936
20003,2021,146.2018399686089
20003,2022,154.51969757994274
20003,2023,168.37623448260996
20003,2024,183.04189657786
20003,2025,196.7607362959768
20005,2021,427.50621604455387
20005,2022,430.9623929663669
20005,2023,435.3841945840787
20005,2024,439.90255387569346
20005,2025,443.86642506639305
20007,2021,135.84860760471938
20007,2022,147.83545534293359
20007,2023,167.2715661618074
20007,2024,185.6583219719351
20007,2025,201.45562609572974
20009,2021,293.7525904005197
20009,2022,302.73145928093544
20009,2023,312.87794309214246
20009,2024,322.37106253953976
20009,2025,331.0574560726325
20011,2021,138.0700405361458
20011,2022,139.3258902165508
20011,2023,141.44591797431835
20011,2024,142.1577655842171
20011,2025,140.9220346944941
20013,2021,227.27507792828257
20013,2022,238.15659321812208
20013,2023,247.92513175991354
20013,2024,256.7033374954792
20013,2025,264.8518431073752
20015,2021,341.93316999935803
20015,2022,345.9313097715323
20015,2023,347.2444163237018
20015,2024,347.04841909837995
20015,2025,345.28411674937973
20021,2021,195.5553029560648
20021,2022,202.79426291180988
20021,2023,206.10613701488882
20021,2024,208.26011813803535
20021,2025,210.1145700508133
20023,2021,142.29264657519613
20023,2022,161.00620309892722
20023,2023,185.5225134110213
20023,2024,209.77280955683074
20023,2025,232.6800711788729
20027,2021,183.18672728774317
20027,2022,193.55795691389108
20027,2023,202.3163647924421
20027,2024,210.8182061980129
20027,2025,219.43415285906076
20029,2021,155.41979237622394
20029,2022,169.1413714024206
20029,2023,180.4639058109383
20029,2024,191.10270274032302
20029,2025,202.02611043174744
20031,2021,207.07161571666046
20031,2022,218.71384207640654
20031,2023,230.51139441808624
20031,2024,242.34464401892006
20031,2025,254.69783544980254
20035,2021,273.72025911691645
20035,2022,274.52758090640367
20035,2023,272.5413937878443
20035,2024,268.9460582601868
20035,2025,263.6822459216333
20037,2021,328.4480338467968
20037,2022,334.00783381357667
20037,2023,339.13298134229876
20037,2024,343.21270718084946
20037,2025,346.18172989710837
20041,2021,220.85857654918703
20041,2022,230.8517018051656
20041,2023,239.59631859560506
20041,2024,247.66691563879976
20041,2025,255.4633523623021
20043,2021,182.787794800845
20043,2022,192.59855786563827
20043,2023,201.15672933570397
20043,2024,208.52866821098218
20043,2025,215.1796022198992
20045,2021,594.1338730671374
20045,2022,601.7419260094919
20045,2023,607.2831315192839
20045,2024,611.6932365971568
20045,2025,614.5465300972737
20051,2021,362.5939390960897
20051,2022,376.744526084232
20051,2023,389.8161094689432
20051,2024,402.0382525644352
20051,2025,413.75482021899035
20053,2021,205.53867273390028
20053,2022,222.72323072889108
20053,2023,238.11886886920684
20053,2024,253.2404378836175
20053,2025,269.0288242912726
20055,2021,448.4821690533772
20055,2022,466.4603742609386
20055,2023,484.8537747036209
20055,2024,503.0113911317869
20055,2025,521.1110023889294
20057,2021,311.7394488403938
20057,2022,326.97361855086405
20057,2023,342.68641528953276
20057,2024,358.2188618951962
20057,2025,373.69350801864425
20059,2021,445.86009642232773
20059,2022,453.5548497431399
20059,2023,461.6872790195937
20059,2024,469.22487394821985
20059,2025,475.70076273238544
20061,2021,324.407467387885
20061,2022,326.81342009448736
20061,2023,327.1151910313866
20061,2024,326.77080242283176
20061,2025,325.663407887448
20067,2021,217.92019699915514
20067,2022,231.11033051517342
20067,2023,245.0291925225235
20067,2024,258.227568413016
20067,2025,270.92842768078447
20069,2021,214.6979688703932
20069,2022,235.60073948622082
20069,2023,255.79508271597885
20069,2024,275.97488760278185
20069,2025,296.76942511151356
20077,2021,-2003414453.811265
20077,2022,-3191210764.894747
20077,2023,-3119287553.0817127
20077,2024,-2934962221.0060234
20077,2025,-2913284512.5312095
20079,2021,416.0031535967673
20079,2022,426.6148149411505
20079,2023,437.17626372331154
20079,2024,446.95898752027733
20079,2025,456.0078044055097
20081,2021,257.7686426535121
20081,2022,278.6703524138187
20081,2023,298.7281095695023
20081,2024,319.1414177484648
20081,2025,340.4929515257742
20085,2021,218.73037168408234
20085,2022,224.436817797277
20085,2023,228.59264387887495
20085,2024,231.13757780027436
20085,2025,232.2151537369262
20087,2021,239.99109588080418
20087,2022,248.5010569099878
20087,2023,256.9503978270171
20087,2024,264.6304226673347
20087,2025,271.4730804074775
20091,2021,588.3921938496419
20091,2022,615.4611494686214
20091,2023,641.5833965255997
20091,2024,666.6451242180681
20091,2025,690.8306002510337
20093,2021,228.63704021690137
20093,2022,247.94464550135567
20093,2023,268.0853597196118
20093,2024,287.7026983777671
20093,2025,307.3347582643974
20095,2021,158.27658499747412
20095,2022,165.58169371045872
20095,2023,170.09154963325307
20095,2024,173.52388157521256
20095,2025,176.58951257748078
20099,2021,188.215274572055
20099,2022,195.06105020450036
20099,2023,197.41800029039536
20099,2024,198.98739702922003
20099,2025,200.82155578443292
20103,2021,252.24404443766142
20103,2022,258.0736532301073
20103,2023,262.8847391868712
20103,2024,266.7821636802681
20103,2025,269.65969838559545
20107,2021,150.95596756832447
20107,2022,151.4929639250903
20107,2023,150.91016512286726
20107,2024,149.8540506751702
20107,2025,148.30812841198681
20109,2021,143.51635730596067
20109,2022,158.70683442086812
20109,2023,177.6941605252252
20109,2024,196.31332600827034
20109,2025,213.6420606552154
20111,2021,410.2040583425189
20111,2022,422.469644199587
20111,2023,433.6092731426443
20111,2024,444.65564506506286
20111,2025,455.5901435540368
20113,2021,445.99274291189226
20113,2022,463.9150112743964
20113,2023,482.2133609907901
20113,2024,499.79680843464723
20113,2025,517.0373809965467
20115,2021,201.56203661568077
20115,2022,214.02878708986785
20115,2023,226.63843397389883
20115,2024,238.98531233017565
20115,2025,251.2317570986059
20117,2021,149.00704841056637
20117,2022,160.09029303170408
20117,2023,175.66451138536203
20117,2024,190.88346230234964
20117,2025,204.44543198531827
20119,2021,187.82350121996222
20119,2022,204.72087757200822
20119,2023,220.7261673973357
20119,2024,236.22725866923432
20119,2025,251.82649701876073
20121,2021,457.6396149290818
20121,2022,469.45898302038734
20121,2023,480.62291554530714
20121,2024,491.48642103600855
20121,2025,501.96440339714513
20123,2021,127.84583012222782
20123,2022,144.19333178561845
20123,2023,163.58600540266605
20123,2024,181.87953470957342
20123,2025,198.7368622116063
20125,2021,198.5433230174735
20125,2022,194.8132417403505
20125,2023,191.25287523879626
20125,2024,186.83112530879288
20125,2025,180.80990917512304
20127,2021,164.0641490349962
20127,2022,181.71725348767654
20127,2023,193.24474036033857
20127,2024,203.0233712566952
20127,2025,213.33789952853047
20131,2021,174.94290292638172
20131,2022,191.39619060405087
20131,2023,208.17284834853905
20131,2024,223.63710480150502
20131,2025,238.18145801961282
20133,2021,214.28245855216107
20133,2022,216.7492318710935
20133,2023,220.12609335594263
20133,2024,224.44088739989883
20133,2025,229.2105635938105
20139,2021,227.65446540794966
20139,2022,234.55719561905363
20139,2023,240.36058465509285
20139,2024,245.73763282044467
20139,2025,250.63373492406419
20143,2021,166.15581359966959
20143,2022,176.01933861506234
20143,2023,185.69582262231023
20143,2024,195.04321776448427
20143,2025,204.0557376569264
20145,2021,153.14793298960024
20145,2022,166.78424241483555
20145,2023,179.0490177832046
20145,2024,189.8728928781302
20145,2025,200.04709719900245
20149,2021,451.36191091525365
20149,2022,465.91813977189497
20149,2023,481.32689805180587
20149,2024,495.68364218485567
20149,2025,509.20519088813114
20151,2021,221.7149403718027
20151,2022,238.0844809392724
20151,2023,255.1486351581446
20151,2024,272.2476782880426
20151,2025,289.7312682809859
20155,2021,348.8439219612417
20155,2022,357.86720879229233
20155,2023,366.6873928663948
20155,2024,374.745481432141
20155,2025,382.12053250631436
20159,2021,253.6418220793642
20159,2022,265.3724251758771
20159,2023,275.612632842346
20159,2024,285.74246199637497
20159,2025,296.05659368141426
20161,2021,547.6632816577082
20161,2022,561.3492002176428
20161,2023,573.6258615388022
20161,2024,584.8192222783321
20161,2025,595.1361295286624
20163,2021,161.4588927792134
20163,2022,173.1185043037415
20163,2023,185.66640287636676
20163,2024,198.64622445773173
20163,2025,211.9431929133077
20165,2021,109.96384656011418
20165,2022,114.02658456794663
20165,2023,119.90268205598028
20165,2024,124.4416473329924
20165,2025,126.83089951460653
20167,2021,191.5069524073847
20167,2022,203.674769827026
20167,2023,214.4930510163283
20167,2024,225.11991455691495
20167,2025,236.00845273824257
20169,2021,438.8753981761103
20169,2022,446.77986768184525
20169,2023,453.21381552584626
20169,2024,458.31576236476064
20169,2025,462.08220835300824
20171,2021,253.840161875777
20171,2022,272.6051392576209
20171,2023,290.4279516160648
20171,2024,307.74144689019613
20171,2025,325.01261462553447
20173,2021,411.94078673623926
20173,2022,415.82159972881607
20173,2023,416.7576867191109
20173,2024,416.1378317268527
20173,2025,413.67366823889984
20175,2021,249.5368976370028
20175,2022,262.9362312571975
20175,2023,278.27110981002033
20175,2024,293.83241709501715
20175,2025,309.60957535033646
20177,2021,399.5590510812425
20177,2022,409.2105045143734
20177,2023,417.21545257805906
20177,2024,424.24117342267846
20177,2025,430.2391347412512
20181,2021,263.4135371399755
20181,2022,279.12383538785195
20181,2023,294.2090615003376
20181,2024,309.3539689664185
20181,2025,324.81313973737514
20189,2021,219.4356180298743
20189,2022,238.66542311674226
20189,2023,259.7871941732882
20189,2024,281.3419494807751
20189,2025,303.59712641220847
20191,2021,258.7987545276871
20191,2022,250.8664223405826
20191,2023,240.21512363219531
20191,2024,226.5099411451897
20191,2025,209.26230315311088
20193,2021,264.8782262428565
20193,2022,281.7885506972035
20193,2023,299.35281908307024
20193,2024,316.09750858928226
20193,2025,332.286334356163
20195,2021,135.7416408543518
20195,2022,150.50339446819925
20195,2023,167.9385201905931
20195,2024,185.3200733687034
20195,2025,202.2827333888269
20197,2021,143.2264682933803
20197,2022,151.1307620137988
20197,2023,162.43210973124093
20197,2024,173.00796089608843
20197,2025,181.86282072999904
20203,2021,180.2377107971481
20203,2022,199.62892953732094
20203,2023,221.83912131293476
20203,2024,243.54451581208997
20203,2025,264.5784329666833
20209,2021,546.7581284776542
20209,2022,547.9398910588336
20209,2023,546.86713753258
20209,2024,546.205407774415
20209,2025,544.9141994036845
21001,2021,260.2606279127041
21001,2022,259.8654728553115
21001,2023,259.484953404917
21001,2024,258.8164665436203
21001,2025,257.49740115361845
21003,2021,266.1803996642252
21003,2022,269.825104044034
21003,2023,272.185373698441
21003,2024,273.3349210279223
21003,2025,273.10957626905196
21005,2021,243.82397838277444
21005,2022,246.5228372186939
21005,2023,246.76292411906246
21005,2024,245.46239512717116
21005,2025,242.68214192459985
21007,2021,177.42002886821
21007,2022,184.0150517353863
21007,2023,190.3441646304123
21007,2024,199.01992457644113
21007,2025,210.23751404322826
21009,2021,281.37729190815907
21009,2022,277.1621333161475
21009,2023,270.295634407476
21009,2024,261.27239010057593
21009,2025,249.73332280555945
21011,2021,157.73342143543334
21011,2022,151.93438971233854
21011,2023,142.65557516982585
21011,2024,132.17211812050812
21011,2025,120.76834817407934
21013,2021,137.1858859660138
21013,2022,136.84175190665894
21013,2023,136.19697599858807
21013,2024,136.3375434468012
21013,2025,137.49689447384105
21015,2021,419.0354813632282
21015,2022,431.3532690526597
21015,2023,443.30343767969816
21015,2024,454.6321792174102
21015,2025,465.1517039857499
21017,2021,254.64109805681355
21017,2022,257.7545922253402
21017,2023,259.62374542794436
21017,2024,260.33795705602324
21017,2025,259.75938539380127
21019,2021,247.11167973591395
21019,2022,244.023844103914
21019,2023,241.13801541197194
21019,2024,238.2701956373341
21019,2025,234.94634454727907
21021,2021,234.4849644886993
21021,2022,233.85316642275419
21021,2023,230.49257559132087
21021,2024,225.66586726242974
21021,2025,219.28881430190538
21023,2021,139.16279335238428
21023,2022,141.71638204752563
21023,2023,143.1845157696518
21023,2024,143.94393180510923
21023,2025,144.15052501675763
21027,2021,146.56726265250936
21027,2022,143.1151305803641
21027,2023,139.75985451660864
21027,2024,135.85886447093176
21027,2025,130.83816671273618
21029,2021,321.72269547143355
21029,2022,325.9182864268817
21029,2023,328.2686297905902
21029,2024,329.15953753665934
21029,2025,328.40924334077016
21031,2021,149.77193411481124
21031,2022,146.16847530030986
21031,2023,141.3471019647931
21031,2024,135.09291661455833
21031,2025,127.08519938999788
21033,2021,182.4934929507827
21033,2022,186.01618283373665
21033,2023,189.04191202374034
21033,2024,191.17185731541122
21033,2025,192.45372454750964
21035,2021,209.5971194030196
21035,2022,211.9456855944687
21035,2023,212.7412834742551
21035,2024,212.09819112175285
21035,2025,210.00865022799633
21037,2021,706.7771197686232
21037,2022,719.0139258633827
21037,2023,730.5841886855858
21037,2024,741.9561771713869
21037,2025,752.548202741551
21041,2021,176.72369224623037
21041,2022,180.89547868784302
21041,2023,183.56822685352964
21041,2024,185.61969100456196
21041,2025,187.13907559787413
21043,2021,166.2530078498794
21043,2022,157.84114009005782
21043,2023,150.67223869571365
21043,2024,144.554963805392
21043,2025,138.8279564195426
21045,2021,166.1656006040696
21045,2022,164.44040655834294
21045,2023,165.4493795589206
21045,2024,164.98645979137302
21045,2025,161.9519355537921
21047,2021,218.86687580579363
21047,2022,216.80373217489887
21047,2023,211.4375997362219
21047,2024,205.25755019604335
21047,2025,198.28787481232007
21049,2021,269.6817950982179
21049,2022,271.1290732131191
21049,2023,269.49612988514355
21049,2024,266.3954305418807
21049,2025,261.86206712291505
21051,2021,130.36209884527102
21051,2022,126.69945335815424
21051,2023,121.91770745587488
21051,2024,118.51085520634211
21051,2025,116.76983368988564
21053,2021,108.64938514411733
21053,2022,116.09669461647559
21053,2023,127.80056393314024
21053,2024,141.58681415206698
21053,2025,156.3542912611128
21055,2021,161.09970383516549
21055,2022,170.20860617293414
21055,2023,174.04645395340373
21055,2024,176.68809304866036
21055,2025,179.7428192295734
21057,2021,132.04999006369056
21057,2022,140.06554095168767
21057,2023,148.69849901058785
21057,2024,156.92421929072418
21057,2025,164.83996101490686
21059,2021,391.8189201645247
21059,2022,398.63340580632
21059,2023,403.8707475286076
21059,2024,408.330304775636
21059,2025,411.8146411110631
21061,2021,168.03039035023042
21061,2022,162.36555697603433
21061,2023,156.51215585539111
21061,2024,149.42168926874632
21061,2025,140.5078279396619
21065,2021,196.1443766551804
21065,2022,192.08726335111623
21065,2023,184.63572133970126
21065,2024,175.53868631844642
21065,2025,164.94419061770282
21067,2021,543.6991427606913
21067,2022,556.0413247785388
21067,2023,566.575963086108
21067,2024,575.672858323918
21067,2025,583.1751406940302
21069,2021,136.0305496584638
21069,2022,134.4270243058624
21069,2023,127.68066154554401
21069,2024,119.1405096153268
21069,2025,109.72430762107243
21071,2021,152.26769493703145
21071,2022,149.3248022383363
21071,2023,145.77392057415918
21071,2024,144.133919201252
21071,2025,144.74244332110445
21073,2021,281.9536249256882
21073,2022,283.2403564442388
21073,2023,281.92547647926347
21073,2024,279.14094164479707
21073,2025,274.7066879926435
21075,2021,-1907135863.4005086
21075,2022,-3091032313.901503
21075,2023,-3019527168.421468
21075,2024,-2834992414.941791
21075,2025,-2812094352.037014
21077,2021,123.98665503829221
21077,2022,125.03869080312734
21077,2023,126.61400832712516
21077,2024,127.34739153726704
21077,2025,126.71814908737875
21079,2021,210.68527318364858
21079,2022,211.4671667563499
21079,2023,211.5275271507009
21079,2024,210.61541887040167
21079,2025,208.37862083447618
21081,2021,216.5460396137607
21081,2022,214.97856186079702
21081,2023,211.15491013508563
21081,2024,206.05773839831525
21081,2025,199.4586280810902
21083,2021,247.413135559814
21083,2022,252.99144668331803
21083,2023,259.0416024499544
21083,2024,265.4810290767918
21083,2025,272.04247394946793
21085,2021,195.85197781816254
21085,2022,193.2257840301084
21085,2023,188.91977906739825
21085,2024,183.9043741065174
21085,2025,178.11335341658875
21087,2021,218.07828748738376
21087,2022,224.3782483118157
21087,2023,228.2898516236222
21087,2024,230.7926643327665
21087,2025,232.37413095067558
21089,2021,226.28392398073348
21089,2022,222.32074740330552
21089,2023,217.3265049002531
21089,2024,212.24631415573685
21089,2025,206.87304552080482
21091,2021,200.83635239564444
21091,2022,202.61642667670506
21091,2023,204.1706785475235
21091,2024,205.50076070297973
21091,2025,206.15714171685158
21093,2021,290.2877980542272
21093,2022,290.7881196728395
21093,2023,289.08116271659156
21093,2024,285.2983974786311
21093,2025,279.27283610474456
21095,2021,194.68041715979336
21095,2022,183.98677643728104
21095,2023,169.70690878534913
21095,2024,156.55265827406825
21095,2025,145.04749993878352
21097,2021,210.40482598054683
21097,2022,211.17337795625056
21097,2023,210.5580254400594
21097,2024,208.92612311068228
21097,2025,205.97112280395396
21099,2021,178.85249870218775
21099,2022,180.94284514808857
21099,2023,177.30916357726522
21099,2024,171.99455449749797
21099,2025,165.9002642715266
21101,2021,297.61100147382064
21101,2022,302.34812383439777
21101,2023,305.1772650178986
21101,2024,307.15918764723807
21101,2025,308.2978541441537
21103,2021,197.83821297032003
21103,2022,200.54446575057813
21103,2023,201.46426971080427
21103,2024,200.80829769377962
21103,2025,198.62172466008707
21107,2021,205.76145136865668
21107,2022,204.31135823946295
21107,2023,201.46476615915458
21107,2024,197.46091229361338
21107,2025,192.16618426704667
21109,2021,123.14738316251362
21109,2022,114.41124894233465
21109,2023,104.02589315848454
21109,2024,92.33972644906984
21109,2025,79.05295562597334
21111,2021,588.7404190181904
21111,2022,609.5130118503755
21111,2023,629.6201845524911
21111,2024,648.7832302796394
21111,2025,667.077922453137
21113,2021,262.57321634133
21113,2022,268.71567521052634
21113,2023,273.7169793273278
21113,2024,277.43804817169723
21113,2025,279.86283959266984
21115,2021,147.17472631288783
21115,2022,144.38136304138675
21115,2023,141.9860592029728
21115,2024,141.27866396311558
21115,2025,142.19251477843025
21117,2021,536.7512157992064
21117,2022,548.8229828714971
21117,2023,560.342304314235
21117,2024,571.7091970843223
21117,2025,582.4715362184238
21119,2021,104.26446484090093
21119,2022,98.7872158716246
21119,2023,99.60871983717112
21119,2024,104.60487723167913
21119,2025,112.18736186295067
21121,2021,137.52964000554223
21121,2022,132.24955801404388
21121,2023,125.77324840526771
21121,2024,118.76229597773812
21121,2025,111.15265115179548
21123,2021,268.20580249320517
21123,2022,265.98393341170004
21123,2023,259.1141678128533
21123,2024,250.2275522492174
21123,2025,239.4278793901813
21125,2021,228.53384658523407
21125,2022,228.67505124852397
21125,2023,226.7806357118452
21125,2024,224.15435359066225
21125,2025,220.77721036857963
21127,2021,134.1267609075941
21127,2022,132.97903280273783
21127,2023,134.02970323058855
21127,2024,137.43327159876384
21127,2025,142.95409366339263
21133,2021,147.13803803124054
21133,2022,139.80206024362133
21133,2023,133.494354566939
21133,2024,129.2773739111264
21133,2025,127.02543195852712
21137,2021,235.7668161665825
21137,2022,231.66014084139945
21137,2023,225.11790108199173
21137,2024,217.36873561966812
21137,2025,208.16600845456966
21139,2021,182.44128451862204
21139,2022,182.01675871409117
21139,2023,179.05346139278743
21139,2024,176.0578895096662
21139,2025,173.27896093935618
21141,2021,220.71698054427688
21141,2022,225.91169330183857
21141,2023,228.8355879868615
21141,2024,230.66868092645336
21141,2025,231.63252262655362
21143,2021,193.241355160026
21143,2022,202.61393110727852
21143,2023,210.21366539309412
21143,2024,218.19553629165995
21143,2025,227.07334210884238
21145,2021,350.0061025570923
21145,2022,353.0806581539498
21145,2023,354.533060057812
21145,2024,355.2096583538392
21145,2025,355.0609577454541
21147,2021,130.47182347005145
21147,2022,128.5297436366013
21147,2023,127.16643427953437
21147,2024,126.66259632770732
21147,2025,126.65941011331702
21149,2021,204.5759818073521
21149,2022,208.88807162273287
21149,2023,211.5445419714527
21149,2024,213.87109315759153
21149,2025,215.85131957399892
21151,2021,267.1734587586272
21151,2022,272.0125972618687
21151,2023,274.8245512180163
21151,2024,276.2132853616011
21151,2025,276.2034025107858
21155,2021,236.47564753177215
21155,2022,229.2771500486581
21155,2023,220.482837860577
21155,2024,208.81877981033458
21155,2025,193.64094559532106
21157,2021,203.25888148591133
21157,2022,207.33791783483156
21157,2023,211.27642712762437
21157,2024,214.94909855182493
21157,2025,218.21943507071956
21161,2021,167.82257183207977
21161,2022,163.45199567036502
21161,2023,156.38334058742316
21161,2024,147.62821675845214
21161,2025,137.26482550729494
21163,2021,241.4180912892587
21163,2022,239.9304817337447
21163,2023,236.1197345171302
21163,2024,230.6474735318202
21163,2025,223.390820423323
21167,2021,302.3996889929661
21167,2022,301.87901784612916
21167,2023,299.3225893653158
21167,2024,295.2322542549363
21167,2025,289.4199785080788
21169,2021,140.8816745258236
21169,2022,133.6502982423277
21169,2023,121.84612784608072
21169,2024,106.29882814621217
21169,2025,87.06731634339604
21171,2021,195.58630202015195
21171,2022,199.53987622403216
21171,2023,201.24598516771192
21171,2024,201.671943136477
21171,2025,200.95548533314627
21173,2021,249.7657352799274
21173,2022,245.6369245701965
21173,2023,238.7906553718246
21173,2024,230.79904476123644
21173,2025,221.48162561777508
21175,2021,149.95096374643273
21175,2022,153.3738237514753
21175,2023,154.748249522438
21175,2024,156.95760847147358
21175,2025,160.585197885357
21177,2021,134.36329851210292
21177,2022,124.71072429008862
21177,2023,115.28919033143421
21177,2024,105.06391183681257
21177,2025,93.06876610743387
21179,2021,250.4135058005894
21179,2022,249.5565467031218
21179,2023,246.79564964961733
21179,2024,242.31914690234922
21179,2025,235.83970837167703
21181,2021,156.7708718197665
21181,2022,152.89311442422854
21181,2023,148.41173449194963
21181,2024,142.46293826344112
21181,2025,134.60602949395573
21183,2021,236.22016576091738
21183,2022,236.04199326969666
21183,2023,235.68740995080756
21183,2024,235.05003141842633
21183,2025,233.85824802242013
21185,2021,552.2970874438867
21185,2022,564.8344413721702
21185,2023,577.1542811271011
21185,2024,588.5267068605358
21185,2025,598.8249836573455
21187,2021,176.86091322219778
21187,2022,175.25430586491143
21187,2023,172.8004985314632
21187,2024,168.82541638911283
21187,2025,162.88718854161212
21191,2021,147.35720419573641
21191,2022,153.41143780652231
21191,2023,159.33017622605342
21191,2024,164.48791601139033
21191,2025,168.88139763767037
21193,2021,145.17668328555004
21193,2022,142.26824163718086
21193,2023,139.5452658723688
21193,2024,138.54224570337018
21193,2025,139.39536456322904
21195,2021,179.6212620802738
21195,2022,179.25353885820738
21195,2023,178.90895405695295
21195,2024,180.47669676073434
21195,2025,184.20163591811934
21197,2021,257.53096223315333
21197,2022,256.0999308751543
21197,2023,252.75610673241638
21197,2024,249.89087768839792
21197,2025,247.20011684855874
21199,2021,251.78863370152223
21199,2022,250.07790986848522
21199,2023,245.56061077655232
21199,2024,239.92477979197295
21199,2025,233.03536181190998
21203,2021,132.16317342163268
21203,2022,128.1926091921617
21203,2023,121.1890670765809
21203,2024,112.7034265771843
21203,2025,102.82019067351655
21205,2021,209.29106947795697
21205,2022,207.6808681459143
21205,2023,201.26883284506027
21205,2024,193.26407610781916
21205,2025,184.21805046394692
21207,2021,220.93912840763164
21207,2022,215.89583032317407
21207,2023,212.71844889302386
21207,2024,210.02636183229924
21207,2025,206.97935435681424
21209,2021,262.11549237429887
21209,2022,264.9842256767432
21209,2023,266.3027059255815
21209,2024,265.548910599637
21209,2025,262.595227562875
21211,2021,315.9220110168134
21211,2022,321.6270239058196
21211,2023,326.36424370401244
21211,2024,329.68343746228214
21211,2025,331.3893956656193
21213,2021,250.20281273038802
21213,2022,246.50132712567856
21213,2023,239.94063915641368
21213,2024,231.27918383328407
21213,2025,220.2186231752379
21215,2021,243.840641968891
21215,2022,247.3945997652937
21215,2023,248.45683802555632
21215,2024,247.99117158114404
21215,2025,246.0382265535957
21217,2021,251.2474465486708
21217,2022,254.24702257746952
21217,2023,257.26823857114056
21217,2024,259.44467933907714
21217,2025,260.4602578597486
21219,2021,141.1915563215464
21219,2022,148.07647863251918
21219,2023,156.9014419885529
21219,2024,164.80682685625388
21219,2025,171.3381642930542
21221,2021,200.43785595848027
21221,2022,200.77888633403973
21221,2023,199.57292309271912
21221,2024,197.38611416778411
21221,2025,194.17492600108403
21223,2021,168.8084418867386
21223,2022,167.3885883755035
21223,2023,165.79231270201723
21223,2024,163.48461355821576
21223,2025,159.90220686418203
21225,2021,225.06534537964524
21225,2022,230.30647826130206
21225,2023,236.03128008133015
21225,2024,242.18222244215985
21225,2025,248.70674700655962
21227,2021,338.8671396264488
21227,2022,341.58139085101254
21227,2023,342.81095947360564
21227,2024,341.7868348701148
21227,2025,338.387792542089
21229,2021,192.3918153258722
21229,2022,191.78659528356457
21229,2023,190.14227601911398
21229,2024,186.86960305448878
21229,2025,181.6155318161221
21231,2021,164.85157574186002
21231,2022,167.79768819519467
21231,2023,171.82717733960266
21231,2024,177.02461756237673
21231,2025,183.10033749859315
21233,2021,207.45482461346302
21233,2022,212.0510542233901
21233,2023,212.82886940453187
21233,2024,213.53549589288477
21233,2025,214.78021742400568
21235,2021,194.41669505315366
21235,2022,193.63421157683337
21235,2023,190.52282311542143
21235,2024,186.76343040482033
21235,2025,182.48158986163872
21239,2021,270.8372632790281
21239,2022,277.4103135275326
21239,2023,282.59720702513584
21239,2024,286.37776153726037
21239,2025,288.72433449282676
22001,2021,246.75777313281165
22001,2022,246.79348198611933
22001,2023,247.46953686017483
22001,2024,248.24629252852696
22001,2025,248.8269366044425
22003,2021,198.0140909760346
22003,2022,187.28926328760235
22003,2023,174.75485920058
22003,2024,159.8978118243014
22003,2025,142.09002213002773
22005,2021,276.9004302814684
22005,2022,282.9616986829988
22005,2023,287.5688581534958
22005,2024,290.87361495042967
22005,2025,293.04931045058595
22007,2021,286.13913995603133
22007,2022,276.04602997155126
22007,2023,263.0297803469725
22007,2024,249.26139142363692
22007,2025,234.42045025533145
22009,2021,207.71802891829932
22009,2022,202.94581501871795
22009,2023,196.87864941630028
22009,2024,189.78534996219582
22009,2025,181.4782278042393
22011,2021,212.58748036198924
22011,2022,214.62398984456857
22011,2023,215.9100525937055
22011,2024,216.33338609545152
22011,2025,215.80867192995788
22013,2021,176.0105825529737
22013,2022,174.2152329910012
22013,2023,168.83674132822364
22013,2024,163.39937530239644
22013,2025,158.3658361102439
22015,2021,265.0242988039215
22015,2022,270.71640636075824
22015,2023,275.1616863410972
22015,2024,278.5846547822452
22015,2025,281.1476085763552
22017,2021,290.50753818680226
22017,2022,284.27435586065195
22017,2023,275.1252088972062
22017,2024,264.4623179266152
22017,2025,252.08025674055423
22019,2021,272.3309986746071
22019,2022,262.922123717934
22019,2023,249.0684705278694
22019,2024,231.30090843434039
22019,2025,209.44413955286774
22021,2021,185.0678448114794
22021,2022,183.33697548728207
22021,2023,179.8919014730426
22021,2024,175.86677453464569
22021,2025,171.5401448188351
22023,2021,198.24465990049464
22023,2022,202.07138717717805
22023,2023,204.68525826992686
22023,2024,205.8396018365366
22023,2025,205.62669374834678
22025,2021,158.09523609483801
22025,2022,159.5238477592639
22025,2023,161.38991952016
22025,2024,164.7490718358587
22025,2025,169.65922500788628
22027,2021,197.48663024385098
22027,2022,199.87370905098174
22027,2023,198.9256429386637
22027,2024,197.57797700483144
22027,2025,196.4956063118778
22029,2021,286.4914329232666
22029,2022,283.5965440177339
22029,2023,278.713238175858
22029,2024,274.0341029811484
22029,2025,269.4233616087096
22031,2021,230.86676746396878
22031,2022,230.34125852856104
22031,2023,230.14091457782968
22031,2024,229.90306928582118
22031,2025,229.35682883310028
22033,2021,496.95889834167326
22033,2022,503.2942336815562
22033,2023,508.38308917227266
22033,2024,511.8156280114582
22033,2025,513.6052765380412
22037,2021,260.71676255529627
22037,2022,261.62818427639326
22037,2023,262.5055800153495
22037,2024,262.6400568096443
22037,2025,261.7909891259
22039,2021,179.40908001823146
22039,2022,177.05481276990724
22039,2023,172.77909005947575
22039,2024,167.9713097231286
22039,2025,162.74467900726154
22041,2021,158.80808645361242
22041,2022,153.0872368839675
22041,2023,147.73577919810583
22041,2024,143.0176107311711
22041,2025,138.55371360416572
22043,2021,207.7573719537385
22043,2022,209.4850542335385
22043,2023,211.38070164119415
22043,2024,213.14795297834573
22043,2025,214.71583808861413
22045,2021,188.7813946697188
22045,2022,180.18744320458194
22045,2023,170.95403011921002
22045,2024,161.86139716501884
22045,2025,152.57411859140464
22047,2021,224.88831191366725
22047,2022,211.8733152322061
22047,2023,196.0393009396111
22047,2024,177.9613653600482
22047,2025,157.15692747458502
22049,2021,232.26302819386328
22049,2022,238.43330897526923
22049,2023,244.6728576377178
22049,2024,250.36159986718008
22049,2025,255.62918405903443
22051,2021,559.900156682663
22051,2022,555.3141267146668
22051,2023,547.9752039424925
22051,2024,538.7051120730674
22051,2025,526.7619202428262
22053,2021,249.36832397345364
22053,2022,247.29171381857756
22053,2023,244.14452399335022
22053,2024,239.61464452787757
22053,2025,233.55563558682348
22055,2021,473.2464278861786
22055,2022,483.38135708793186
22055,2023,492.9335843160828
22055,2024,502.1028481348078
22055,2025,511.05372796987626
22057,2021,279.76706530350975
22057,2022,284.8579792769959
22057,2023,290.11883794980776
22057,2024,294.95958343388975
22057,2025,299.40147160069967
22059,2021,201.1754303010165
22059,2022,211.47326366778753
22059,2023,221.9792990932344
22059,2024,233.4054819234435
22059,2025,245.9604332713704
22061,2021,234.5222692512237
22061,2022,237.39925773212258
22061,2023,240.31395038602295
22061,2024,242.69935938414892
22061,2025,244.53275860730093
22063,2021,307.076699321778
22063,2022,315.91165193661277
22063,2023,323.6349901299498
22063,2024,330.54724366244733
22063,2025,336.92389475261433
22065,2021,147.55600567936193
22065,2022,144.4181416639563
22065,2023,136.55931525408337
22065,2024,127.62414402679607
22065,2025,118.8860113083538
22067,2021,168.62982576903386
22067,2022,156.1477733224793
22067,2023,143.19647528928311
22067,2024,129.78675802494263
22067,2025,115.38221776767338
22069,2021,286.8333095937018
22069,2022,287.80395273885665
22069,2023,286.68986604539975
22069,2024,285.3808671801944
22069,2025,283.8982539102908
22071,2021,719.1734200974552
22071,2022,706.2323864118425
22071,2023,689.3009944737496
22071,2024,669.212695390927
22071,2025,645.0727540828623
22073,2021,455.28362982815634
22073,2022,457.4090740150449
22073,2023,457.9339268184406
22073,2024,457.3024964092128
22073,2025,455.51128671188746
22075,2021,229.53208494599832
22075,2022,229.31642568104354
22075,2023,227.44445410045986
22075,2024,224.20415744948872
22075,2025,219.5224754280551
22077,2021,262.2103582945934
22077,2022,258.4421046607381
22077,2023,253.1024425642321
22077,2024,246.51493068719654
22077,2025,238.48494952358314
22079,2021,295.28485661232565
22079,2022,300.76409198966866
22079,2023,305.7321299754878
22079,2024,309.91883364525876
22079,2025,313.5188954742204
22083,2021,239.4143265645797
22083,2022,236.17419570164208
22083,2023,232.1035895492718
22083,2024,227.59048380468195
22083,2025,222.44348626539778
22085,2021,236.48498084166224
22085,2022,241.92879877668983
22085,2023,248.61800258984405
22085,2024,256.0760439018595
22085,2025,264.03519181830245
22087,2021,518.1209241549569
22087,2022,508.6165924655642
22087,2023,495.9519604368804
22087,2024,481.48036375229594
22087,2025,464.3194059454478
22089,2021,295.0333636961404
22089,2022,292.15184665650634
22089,2023,287.0463857563525
22089,2024,280.2185681721842
22089,2025,271.3621641545879
22091,2021,134.04551099920434
22091,2022,109.86882036835715
22091,2023,82.15913145716695
22091,2024,49.53320786504716
22091,2025,8.97997955319363
22093,2021,242.2712750968963
22093,2022,230.48642941597166
22093,2023,216.20927971233684
22093,2024,200.3917991521755
22093,2025,182.49848672124648
22095,2021,287.2951001289193
22095,2022,269.6730385991486
22095,2023,247.51466882414454
22095,2024,222.64914702469562
22095,2025,194.30810767025466
22097,2021,230.0819965042936
22097,2022,224.8619093074545
22097,2023,217.89361406591883
22097,2024,210.59684084826944
22097,2025,202.9005062493202
22099,2021,255.24550068061794
22099,2022,252.61589376085408
22099,2023,248.48213637786597
22099,2024,244.16882402237817
22099,2025,239.62989257990893
22101,2021,230.78319037415042
22101,2022,226.89695723262918
22101,2023,221.52198994161782
22101,2024,216.62718089361198
22101,2025,212.28606889407763
22103,2021,490.0511854388338
22103,2022,502.9645828190076
22103,2023,514.7804997807675
22103,2024,525.7830122876419
22103,2025,536.0483162689795
22105,2021,290.20798849645445
22105,2022,282.9071936631298
22105,2023,273.7624100433507
22105,2024,263.16067726684383
22105,2025,250.71392727495555
22109,2021,367.7427660816991
22109,2022,370.41895286831414
22109,2023,372.5709109849722
22109,2024,374.59076480333744
22109,2025,376.36392367173335
22111,2021,188.99978419914083
22111,2022,186.34633757308754
22111,2023,182.73956163501492
22111,2024,178.06277185314025
22111,2025,172.24379933553922
22113,2021,218.71711469837655
22113,2022,219.1184273625161
22113,2023,219.76638888687592
22113,2024,220.51489797011388
22113,2025,221.2688236943705
22115,2021,189.32147217080674
22115,2022,190.9440619246551
22115,2023,191.5659540728568
22115,2024,191.6577007064633
22115,2025,191.39775737892478
22117,2021,219.77892689871018
22117,2022,214.37685013081963
22117,2023,206.79315381849742
22117,2024,198.53478853743195
22117,2025,189.3978030883623
22119,2021,213.1925166589391
22119,2022,209.28785600428284
22119,2023,207.12992463228682
22119,2024,205.32762833633598
22119,2025,203.26832028126242
22121,2021,236.77956137823452
22121,2022,235.74028734835753
22121,2023,233.54905859701637
22121,2024,229.84264132517032
22121,2025,224.45207111223556
22123,2021,186.71052974631965
22123,2022,175.65935503558075
22123,2023,166.28624927167596
22123,2024,158.11337112916016
22123,2025,150.59068328269984
22125,2021,280.56607100314505
22125,2022,287.06900787722054
22125,2023,294.54539855531294
22125,2024,301.3881156476349
22125,2025,307.49294180962926
22127,2021,149.93023617440554
22127,2022,146.53687865665208
22127,2023,146.78409815490437
22127,2024,147.3268434279257
22127,2025,147.07886368998817
23001,2021,653.7912215926972
23001,2022,665.3429762597834
23001,2023,676.3635365664736
23001,2024,687.9171895075406
23001,2025,699.2316237015649
23003,2021,235.51190028809992
23003,2022,247.01340987817383
23003,2023,258.06320053795054
23003,2024,269.4256647626614
23003,2025,281.4789805619236
23005,2021,907.7898986059005
23005,2022,928.3023688910674
23005,2023,948.1618471396444
23005,2024,968.2733217779505
23005,2025,987.9263514357414
23007,2021,188.3051062273645
23007,2022,191.4274752233706
23007,2023,194.27021718844964
23007,2024,196.44342031693247
23007,2025,197.64297862047147
23009,2021,238.744713598028
23009,2022,247.32435885077123
23009,2023,255.99284760814106
23009,2024,264.3455321320766
23009,2025,272.2216951866856
23011,2021,289.6765930037536
23011,2022,302.24544644856934
23011,2023,314.05409898194847
23011,2024,325.6181987687004
23011,2025,337.0402336738926
23013,2021,351.79544312719895
23013,2022,360.01872559795254
23013,2023,365.95925548132806
23013,2024,371.3447914880976
23013,2025,376.1274533433767
23015,2021,187.61337757958773
23015,2022,195.0123539015225
23015,2023,202.07884842693414
23015,2024,208.10516901649908
23015,2025,213.02262818039083
23017,2021,270.4716795301505
23017,2022,274.9524203170943
23017,2023,278.29876336499876
23017,2024,281.27705063847867
23017,2025,283.6301920417608
23019,2021,387.1433939992502
23019,2022,400.5277402690428
23019,2023,413.9144165243546
23019,2024,427.6526320901123
23019,2025,441.56581080913554
23021,2021,159.87472924590423
23021,2022,168.25148169171496
23021,2023,177.00571456957255
23021,2024,185.77755480991468
23021,2025,194.57451591804852
23023,2021,355.74554727313586
23023,2022,365.17680543690113
23023,2023,373.6002830089259
23023,2024,381.4824998099692
23023,2025,388.5825276290524
23025,2021,204.55291828028305
23025,2022,208.36785584204077
23025,2023,211.77964189104915
23025,2024,215.35884714938055
23025,2025,218.896584675489
23027,2021,236.43949508501885
23027,2022,244.69305262054186
23027,2023,254.04813586016255
23027,2024,263.2271018661853
23027,2025,271.88834686918227
23029,2021,182.7432145756395
23029,2022,191.35945345375518
23029,2023,199.04097460358406
23029,2024,206.55649678062025
23029,2025,214.32338011624856
23031,2021,570.710881377388
23031,2022,587.1294929282469
23031,2023,602.8556313185511
23031,2024,618.4494191004709
23031,2025,633.6468047355434
24001,2021,258.43752479417424
24001,2022,258.7951305669102
24001,2023,257.5666043973273
24001,2024,255.57163598030235
24001,2025,252.65623796261372
24003,2021,831.5787933280336
24003,2022,864.8536641144497
24003,2023,897.9099832173201
24003,2024,930.9840845162241
24003,2025,964.4718136901901
24005,2021,651.0527757886135
24005,2022,670.3689999293936
24005,2023,689.0803244289682
24005,2024,706.9962049147348
24005,2025,724.262488505476
24009,2021,579.9496492107456
24009,2022,595.1950937553286
24009,2023,609.2814670827945
24009,2024,622.6133534716093
24009,2025,635.2486240298545
24011,2021,227.18390076001523
24011,2022,235.94389130777805
24011,2023,242.93134879503003
24011,2024,249.335469568222
24011,2025,255.46376493241078
24013,2021,701.6831877126933
24013,2022,720.694702540731
24013,2023,739.0807541094978
24013,2024,756.674190405763
24013,2025,773.5803787756431
24015,2021,462.06274721931175
24015,2022,473.8795252943333
24015,2023,485.5980199087532
24015,2024,497.1778234263566
24015,2025,508.48706064186064
24017,2021,521.7030664593253
24017,2022,532.6864162652
24017,2023,541.999479859029
24017,2024,550.4471250695622
24017,2025,557.7717737571719
24019,2021,300.9028609924936
24019,2022,306.24975160758953
24019,2023,312.75207332045
24019,2024,319.1864883729785
24019,2025,325.20784441384853
24021,2021,673.86786906308
24021,2022,696.500465685261
24021,2023,718.7658171965293
24021,2024,740.3394204393146
24021,2025,761.4864564776205
24023,2021,200.85534838094964
24023,2022,205.66004761754914
24023,2023,209.31325839848841
24023,2024,212.1155795818843
24023,2025,214.2126826841565
24025,2021,638.6190714916504
24025,2022,657.7754989088356
24025,2023,676.3928110245199
24025,2024,694.5769061340634
24025,2025,712.3745005163069
24027,2021,747.2568016915667
24027,2022,767.8191858214191
24027,2023,787.0772748876042
24027,2024,804.5253592694357
24027,2025,820.5713325395718
24029,2021,219.49255317704342
24029,2022,222.6573055893038
24029,2023,224.24127325516218
24029,2024,224.6288330898161
24029,2025,223.78605608840948
24031,2021,882.7743513077853
24031,2022,906.873498175094
24031,2023,929.716949249325
24031,2024,950.3623431401822
24031,2025,969.2774175900809
24033,2021,678.2039722967322
24033,2022,692.9159144984881
24033,2023,706.0973474603737
24033,2024,718.663318970944
24033,2025,730.2082098344094
24035,2021,400.78610444170437
24035,2022,413.51522675253267
24035,2023,425.2965895423078
24035,2024,435.9716581108173
24035,2025,445.76878096818916
24037,2021,225.79361087058422
24037,2022,241.59144121886322
24037,2023,257.9860350375923
24037,2024,273.7731299277627
24037,2025,289.161224511286
24039,2021,188.4522751589123
24039,2022,185.96585266234203
24039,2023,181.3939613849651
24039,2024,176.53112409318382
24039,2025,171.37494223971737
24041,2021,306.4069640366355
24041,2022,312.31691204956235
24041,2023,316.90702885067844
24041,2024,320.0012596141215
24041,2025,321.6318827282123
24043,2021,637.0246827695075
24043,2022,647.8098151121098
24043,2023,656.9515842081131
24043,2024,665.4696250694276
24043,2025,673.2271488486522
24045,2021,376.71323464534623
24045,2022,380.9293679542278
24045,2023,384.3051687626874
24045,2024,387.7323986981768
24045,2025,390.88058991114974
24047,2021,326.6474493488467
24047,2022,316.9069964536978
24047,2023,306.4677232027419
24047,2024,295.9001455619538
24047,2025,284.40728929262946
24510,2021,873.8271420508663
24510,2022,885.2700475153723
24510,2023,895.988348963571
24510,2024,906.7248762576303
24510,2025,917.2084807411592
25001,2021,1111.6651382472157
25001,2022,1114.4596687355172
25001,2023,1114.6662098442007
25001,2024,1113.3278256982003
25001,2025,1109.2509601051713
25003,2021,458.36406366634816
25003,2022,450.78115630611774
25003,2023,438.37820372972095
25003,2024,422.85486321168423
25003,2025,403.77587639230126
25005,2021,952.9045207804013
25005,2022,953.9336213319148
25005,2023,951.715499252425
25005,2024,947.2659564093651
25005,2025,939.5545368733152
25007,2021,591.8243191176198
25007,2022,581.5255127823077
25007,2023,568.3322951133023
25007,2024,552.9980617627205
25007,2025,534.3160472376637
25009,2021,1113.320203226805
25009,2022,1119.5446069342079
25009,2023,1122.2329850786748
25009,2024,1121.4721693689492
25009,2025,1116.29552277815
25011,2021,343.3135922462418
25011,2022,342.58715971871453
25011,2023,337.21492168312557
25011,2024,329.09856388135165
25011,2025,318.2485836738062
25013,2021,888.1037612940289
25013,2022,886.9541149453942
25013,2023,881.4416789869205
25013,2024,874.1431625190382
25013,2025,864.0788773354848
25015,2021,741.6028557953376
25015,2022,746.5084180762564
25015,2023,748.8597741672568
25015,2024,749.2541729477443
25015,2025,747.0956282618852
25017,2021,1306.4467299357616
25017,2022,1334.4610009911157
25017,2023,1361.5821952202837
25017,2024,1386.5694915220733
25017,2025,1409.2708370726004
25019,2021,500.48993743128267
25019,2022,477.9898527567607
25019,2023,459.0408442094713
25019,2024,434.44147877620924
25019,2025,402.3897164336977
25021,2021,1219.2901699591348
25021,2022,1231.0389518870297
25021,2023,1240.0419960385298
25021,2024,1246.214704472935
25021,2025,1248.868951234977
25023,2021,1196.96871972576
25023,2022,1205.088591153649
25023,2023,1210.0913023966873
25023,2024,1212.6444730956496
25023,2025,1211.8164495346418
25025,2021,1833.4251754152338
25025,2022,1836.3818058400361
25025,2023,1838.482189973614
25025,2024,1838.157501807099
25025,2025,1833.2728769315745
25027,2021,995.0521127855766
25027,2022,1009.941172391132
25027,2023,1021.4672415739539
25027,2024,1030.4842333671465
25027,2025,1036.3073407409775
26001,2021,199.39095824519862
26001,2022,184.80310881541368
26001,2023,166.80126912750634
26001,2024,146.92046528932255
26001,2025,124.53604160652858
26003,2021,207.44612786842566
26003,2022,188.97993497544644
26003,2023,167.6087893521318
26003,2024,143.54276509894666
26003,2025,116.10040260509874
26005,2021,516.3730193148276
26005,2022,516.2220947530761
26005,2023,514.3493435791579
26005,2024,510.36017929549564
26005,2025,503.53866774431185
26007,2021,238.68040562011404
26007,2022,233.3196479859071
26007,2023,226.05710091592243
26007,2024,217.24041943801575
26007,2025,206.457742070834
26009,2021,389.4340050965007
26009,2022,376.86496901360147
26009,2023,363.1196685189641
26009,2024,347.67610170190767
26009,2025,329.4894011093874
26011,2021,221.7018241042802
26011,2022,203.17581564354776
26011,2023,180.85173515617674
26011,2024,156.43615869121155
26011,2025,129.15815254953168
26013,2021,88.61822556032448
26013,2022,61.53997175451343
26013,2023,26.790724189133186
26013,2024,-18.256543586181465
26013,2025,-104.10674004485554
26015,2021,429.2172080819624
26015,2022,427.39810973511635
26015,2023,422.4167360398633
26015,2024,415.43377733312593
26015,2025,405.9443532886573
26017,2021,279.99227896133686
26017,2022,271.6265058371109
26017,2023,259.816675366907
26017,2024,245.65704198494663
26017,2025,228.70680282445844
26019,2021,303.45486225703644
26019,2022,291.444237577929
26019,2023,276.39967555777946
26019,2024,259.48433144908137
26019,2025,239.96025515613965
26021,2021,598.8359502688652
26021,2022,597.5783983237837
26021,2023,594.279443926062
26021,2024,589.7041572111177
26021,2025,582.9550834856734
26023,2021,385.5372020428839
26023,2022,380.5724633103434
26023,2023,373.43036242712185
26023,2024,364.13330305254135
26023,2025,352.15061413480487
26025,2021,340.6271509211398
26025,2022,329.0500600514713
26025,2023,313.4832089006957
26025,2024,294.80140151487376
26025,2025,272.2664469822085
26027,2021,505.4485229761827
26027,2022,499.21429850573327
26027,2023,489.20862667198423
26027,2024,477.02453702656817
26027,2025,461.979856328069
26029,2021,386.8798336248377
26029,2022,372.03186306005125
26029,2023,354.2454095580601
26029,2024,333.6489470238457
26029,2025,309.1980018213287
26031,2021,339.53684694858094
26031,2022,308.9455726965199
26031,2023,272.37901186518917
26031,2024,232.9697289734121
26031,2025,189.2951358670258
26033,2021,307.5394329340923
26033,2022,299.23803733470174
26033,2023,288.76204608270604
26033,2024,277.6605052584184
26033,2025,265.36001658828
26035,2021,236.09723303155658
26035,2022,215.93136341803347
26035,2023,190.22399164104868
26035,2024,161.57952161587386
26035,2025,129.1860906922375
26037,2021,522.1312933435238
26037,2022,524.8251645803975
26037,2023,525.6208901305906
26037,2024,524.839658215485
26037,2025,521.8731263481665
26039,2021,220.70097881609863
26039,2022,202.96368451748663
26039,2023,181.28732151846071
26039,2024,157.41543187539304
26039,2025,130.44398734359348
26041,2021,272.73520920315855
26041,2022,263.33724050948655
26041,2023,251.36415443752458
26041,2024,237.56264937162945
26041,2025,221.5015656191525
26043,2021,271.8131768272631
26043,2022,269.307439707532
26043,2023,264.6515888001081
26043,2024,258.10511723758236
26043,2025,249.505386021696
26045,2021,429.2442494926252
26045,2022,427.8506696246883
26045,2023,423.19081147391375
26045,2024,416.5783471312352
26045,2025,407.52158220622033
26047,2021,600.0973007646505
26047,2022,588.4014609023926
26047,2023,574.2912821790774
26047,2024,558.0407243750254
26047,2025,538.5848384752827
26049,2021,414.62569765273815
26049,2022,402.34379865783563
26049,2023,385.893951304042
26049,2024,366.42102236788025
26049,2025,343.10563156119656
26051,2021,271.97657952109057
26051,2022,259.8702232354456
26051,2023,244.57040248175133
26051,2024,227.2719638042904
26051,2025,207.455603932842
26053,2021,215.59309493542435
26053,2022,209.68658390748885
26053,2023,203.27595797893483
26053,2024,195.4504667776858
26053,2025,185.709689311182
26055,2021,669.8256374621578
26055,2022,665.5592335635796
26055,2023,658.3257544087282
26055,2024,648.8201289825174
26055,2025,636.0293597902601
26057,2021,336.3483919287132
26057,2022,330.7324645928318
26057,2023,322.8831908561249
26057,2024,313.34362492611103
26057,2025,301.546815757085
26059,2021,315.305794325369
26059,2022,305.8965856152532
26059,2023,292.24643497340446
26059,2024,276.2909111385033
26059,2025,257.4666062866268
26061,2021,296.4314756396952
26061,2022,296.2440327167394
26061,2023,294.95139234352393
26061,2024,292.864458472209
26061,2025,289.7939831410359
26063,2021,244.9868208693289
26063,2022,236.99658986923686
26063,2023,226.30503884575165
26063,2024,213.18530563320985
26063,2025,197.16686701333504
26065,2021,413.22995740449187
26065,2022,413.66761142278347
26065,2023,412.1300258088632
26065,2024,408.5299819600657
26065,2025,402.42706800990163
26067,2021,411.8048442718423
26067,2022,406.6212134838504
26067,2023,398.85367310838245
26067,2024,389.34366833516196
26067,2025,377.24659335857416
26069,2021,293.94970983311975
26069,2022,278.42803305601933
26069,2023,260.7963243326358
26069,2024,241.18505862272127
26069,2025,218.60679645392412
26071,2021,201.3869124821228
26071,2022,192.79604961867818
26071,2023,184.10949315263179
26071,2024,173.6704032304143
26071,2025,160.7846814600445
26073,2021,281.44571052942234
26073,2022,272.5945872993713
26073,2023,260.3653159256464
26073,2024,245.37556758040114
26073,2025,227.09339003446405
26075,2021,424.1336934901068
26075,2022,418.4765716824663
26075,2023,410.4245707359688
26075,2024,400.1643848540177
26075,2025,386.9684736618336
26077,2021,522.7454138299164
26077,2022,527.0903419665051
26077,2023,529.3426281625273
26077,2024,529.685801833677
26077,2025,527.6840717875629
26079,2021,302.3763534202519
26079,2022,281.927300186977
26079,2023,258.70308509460716
26079,2024,232.64766753339063
26079,2025,202.562966974461
26081,2021,541.0070842574089
26081,2022,552.55882144889
26081,2023,562.0287804087711
26081,2024,569.1058041125215
26081,2025,573.4249815263295
26083,2021,124.48191511243513
26083,2022,115.62707229965008
26083,2023,106.03274945346911
26083,2024,96.8013153530828
26083,2025,87.50723812646757
26085,2021,160.6687422897221
26085,2022,141.63181760353476
26085,2023,118.24807020068673
26085,2024,91.87723539904746
26085,2025,61.35477376086877
26087,2021,466.23207692564563
26087,2022,448.3742985254887
26087,2023,426.4098532960028
26087,2024,401.4878704972664
26087,2025,372.5300752837822
26089,2021,544.0278860851961
26089,2022,540.2373182700824
26089,2023,533.5775688116746
26089,2024,525.2663361390843
26089,2025,514.5182572424948
26091,2021,390.7838472728292
26091,2022,383.21010405169267
26091,2023,372.96759032095986
26091,2024,360.053257383184
26091,2025,343.7615656045781
26093,2021,556.9054203558989
26093,2022,555.7662994990472
26093,2023,551.6140314839294
26093,2024,544.2741800980723
26093,2025,533.3118047421029
26095,2021,100.17807167387136
26095,2022,89.5380595544409
26095,2023,75.62686595014466
26095,2024,58.95982917138056
26095,2025,38.79654284684878
26097,2021,199.61571698715017
26097,2022,171.98357340599932
26097,2023,140.17090621478874
26097,2024,105.4455228074161
26097,2025,66.20943760440153
26099,2021,482.3327628784498
26099,2022,477.97273344794405
26099,2023,468.882808789671
26099,2024,455.6310119347554
26099,2025,437.71632735520933
26101,2021,348.98182757337844
26101,2022,329.9652451788192
26101,2023,308.07049204825233
26101,2024,283.65684875975217
26101,2025,255.38744888520787
26103,2021,478.9310367440007
26103,2022,474.6576593679222
26103,2023,468.8650850991004
26103,2024,461.4239935685342
26103,2025,451.72180065003226
26105,2021,328.46181061276366
26105,2022,317.09497767456304
26105,2023,302.687310417288
26105,2024,286.11923117363904
26105,2025,266.61800791157924
26107,2021,264.5020676766776
26107,2022,253.17067710823213
26107,2023,239.74689728457585
26107,2024,224.3469302521661
26107,2025,206.09641229921374
26109,2021,244.28670875111948
26109,2022,242.93071044865383
26109,2023,240.97857560430134
26109,2024,237.75413892047126
26109,2025,232.7827230571301
26111,2021,240.14918358432584
26111,2022,236.60232361258696
26111,2023,230.6067979719878
26111,2024,222.3463328479533
26111,2025,211.4952106431545
26113,2021,265.5940761525745
26113,2022,252.77660668840886
26113,2023,238.56657952411857
26113,2024,222.00737363963043
26113,2025,202.13334258518088
26115,2021,416.73849893938745
26115,2022,411.9710821712674
26115,2023,403.82832823251636
26115,2024,392.8665988750095
26115,2025,378.62610478839
26117,2021,359.1161150678909
26117,2022,348.7844932544573
26117,2023,335.8404928870842
26117,2024,320.8831794971385
26117,2025,303.01727423284126
26119,2021,167.06365632539422
26119,2022,138.1596069135278
26119,2023,103.98500379429777
26119,2024,66.42981951813553
26119,2025,22.923217620699802
26121,2021,807.811883495504
26121,2022,793.4814406073673
26121,2023,776.0767202050198
26121,2024,756.5789704588719
26121,2025,733.0158105042949
26123,2021,296.3620966023191
26123,2022,289.211599848981
26123,2023,279.7753927739967
26123,2024,268.3061108220762
26123,2025,254.1210461436292
26125,2021,603.5770568593427
26125,2022,620.8687528428432
26125,2023,635.1983094589636
26125,2024,645.7589981813832
26125,2025,652.722403822429
26127,2021,242.15647630621768
26127,2022,226.7277237111513
26127,2023,208.8437848014023
26127,2024,189.24452372925998
26127,2025,167.02831317575738
26129,2021,231.11262007965723
26129,2022,213.2972798698093
26129,2023,191.67635716579736
26129,2024,168.04849171800197
26129,2025,141.58517290848266
26131,2021,105.10179407482556
26131,2022,85.00112284589466
26131,2023,63.24940156200199
26131,2024,38.475061175765745
26131,2025,7.45914606683624
26133,2021,229.96240540119766
26133,2022,223.57840169366793
26133,2023,213.56374638343073
26133,2024,201.7270291260524
26133,2025,187.92390131422945
26135,2021,202.93363561619046
26135,2022,175.63508050908496
26135,2023,140.1490028041927
26135,2024,100.46967619223224
26135,2025,54.94558729082712
26137,2021,253.06147362870053
26137,2022,235.84508317814704
26137,2023,214.13088531670704
26137,2024,188.98475363918465
26137,2025,159.61504541600794
26139,2021,541.1026060288859
26139,2022,546.4661912418894
26139,2023,549.3441800709809
26139,2024,549.834612331375
26139,2025,547.4913277115012
26141,2021,191.29064233693742
26141,2022,172.5380953132644
26141,2023,151.34493151364558
26141,2024,128.99797130483825
26141,2025,104.5321698796372
26143,2021,308.271565727832
26143,2022,286.06952830657974
26143,2023,260.08425497685624
26143,2024,232.33612945195662
26143,2025,201.5558375030731
26145,2021,345.3925990145861
26145,2022,335.0919901154202
26145,2023,322.32638385360946
26145,2024,307.1289704949983
26145,2025,288.7096234400268
26147,2021,467.84466638291235
26147,2022,453.1911200605956
26147,2023,434.5643898541914
26147,2024,412.8577986712007
26147,2025,387.1601395504232
26149,2021,316.9673736833282
26149,2022,306.4087378279696
26149,2023,291.71066909422615
26149,2024,273.662122746672
26149,2025,251.6968928445735
26151,2021,278.71226149078774
26151,2022,266.9731732502184
26151,2023,252.17913604207908
26151,2024,235.1984330714725
26151,2025,215.407715293334
26153,2021,133.72889201565815
26153,2022,117.84679502712422
26153,2023,100.50670603398089
26153,2024,82.39022644558807
26153,2025,62.46058386462272
26155,2021,470.06765692277094
26155,2022,460.2840384095331
26155,2023,447.70643171136066
26155,2024,432.80144563787644
26155,2025,414.6559639440974
26157,2021,299.05641118870807
26157,2022,285.10112780411527
26157,2023,269.12021263121306
26157,2024,250.79287215255027
26157,2025,229.24648245974126
26159,2021,486.92709934766987
26159,2022,483.9133275998632
26159,2023,479.71725455070646
26159,2024,474.44021929211783
26159,2025,467.26813697997324
26161,2021,649.4342513535646
26161,2022,656.8138514040668
26161,2023,662.997507318335
26161,2024,666.7602298169994
26161,2025,667.8755236274565
26163,2021,494.5985585023276
26163,2022,478.2583051690697
26163,2023,457.54017364900784
26163,2024,433.61200058101446
26163,2025,405.43550040458274
26165,2021,310.65324565850733
26165,2022,295.5900341510494
26165,2023,276.58689717935283
26165,2024,254.80990340567686
26165,2025,229.41572347724417
27001,2021,188.1280293204718
27001,2022,184.855782993189
27001,2023,180.83224946634834
27001,2024,176.48514341030213
27001,2025,171.4777683507604
27003,2021,633.887392490148
27003,2022,652.4483376257542
27003,2023,670.2055464084021
27003,2024,686.7202187910475
27003,2025,701.9362539771573
27005,2021,456.2167997609471
27005,2022,463.04551994047614
27005,2023,470.1313610936504
27005,2024,475.83809951574494
27005,2025,479.9724239624318
27007,2021,318.04846655410586
27007,2022,327.0352117110149
27007,2023,336.881170096127
27007,2024,346.38072245094213
27007,2025,355.35521605086876
27009,2021,282.4892131842273
27009,2022,285.0845679626257
27009,2023,285.5385568315839
27009,2024,284.3767444845956
27009,2025,281.56734392084286
27011,2021,174.12149313454276
27011,2022,183.27834750582934
27011,2023,193.55390113097172
27011,2024,203.38641062362854
27011,2025,212.682781896935
27013,2021,438.28569063550196
27013,2022,445.0114596948908
27013,2023,450.12267494242656
27013,2024,453.4138560806754
27013,2025,454.8940664724503
27015,2021,383.18490416391694
27015,2022,391.06424287741567
27015,2023,399.29753370441773
27015,2024,406.6173803386284
27015,2025,412.885700683962
27017,2021,380.79801783527995
27017,2022,383.41498785808164
27017,2023,385.11514973882385
27017,2024,385.9688600234237
27017,2025,385.6549447443496
27019,2021,552.594066444753
27019,2022,565.9017153630016
27019,2023,578.1303198624821
27019,2024,588.8503775343509
27019,2025,598.128778503504
27021,2021,181.82670035946876
27021,2022,174.61620214588126
27021,2023,164.96817249532842
27021,2024,153.57846804504362
27021,2025,140.16253418110395
27023,2021,247.03170815053136
27023,2022,253.9919887347777
27023,2023,261.8474913276375
27023,2024,269.0787310225338
27023,2025,275.43309686480563
27025,2021,429.14314568864745
27025,2022,435.21244901193637
27025,2023,439.76253311818476
27025,2024,443.3454638921612
27025,2025,445.7023094859054
27027,2021,381.8236213835783
27027,2022,393.9869954472986
27027,2023,405.10827686262667
27027,2024,414.4143023983928
27027,2025,422.2959850595872
27029,2021,119.26176637257487
27029,2022,108.12285851749479
27029,2023,95.1179017314013
27029,2024,81.38250206240357
27029,2025,66.56839772649315
27031,2021,186.96235850654753
27031,2022,181.06060471025933
27031,2023,171.39809264930727
27031,2024,159.20656533750352
27031,2025,144.40375587600516
27033,2021,263.83216850709715
27033,2022,276.48820934073984
27033,2023,291.7602460570092
27033,2024,308.9681713001508
27033,2025,328.01431142368136
27035,2021,410.4734576350844
27035,2022,413.6145721964023
27035,2023,416.5299445616698
27035,2024,418.17682767959036
27035,2025,418.1770621327562
27037,2021,621.0095003806362
27037,2022,638.2105876387052
27037,2023,654.0295294510947
27037,2024,667.8811435488999
27037,2025,679.770406672611
27039,2021,296.7765777544312
27039,2022,301.07086982127043
27039,2023,303.901473802891
27039,2024,305.3709302309386
27039,2025,305.3868745441526
27041,2021,428.46680825494707
27041,2022,440.589299119946
27041,2023,452.3728601515594
27041,2024,463.0048619733292
27041,2025,472.5738626363588
27043,2021,207.5973587829002
27043,2022,208.3113041103179
27043,2023,209.88229688705252
27043,2024,210.01375520824453
27043,2025,208.18222005335028
27045,2021,260.76069163123265
27045,2022,268.2510798654643
27045,2023,274.433061665966
27045,2024,280.1116512271668
27045,2025,285.26571679685924
27047,2021,262.7613951501752
27047,2022,266.5283521871631
27047,2023,269.35195207796494
27047,2024,270.81268023809537
27047,2025,270.7667555463118
27049,2021,382.349661518294
27049,2022,387.7331950211521
27049,2023,392.54349349346614
27049,2024,395.8979726264554
27049,2025,397.56815953875014
27051,2021,188.36579520471932
27051,2022,194.07412294861138
27051,2023,197.79101275440706
27051,2024,200.44227155390072
27051,2025,202.3397621871548
27053,2021,805.7795621689444
27053,2022,841.3091980690666
27053,2023,875.771487699484
27053,2024,908.0897402631109
27053,2025,938.7690753388649
27055,2021,315.3003517265365
27055,2022,326.1855124891299
27055,2023,337.1079641471664
27055,2024,347.5310928133033
27055,2025,357.49097480165653
27057,2021,171.4567869723853
27057,2022,172.34247030514757
27057,2023,172.992610881723
27057,2024,173.21641338886033
27057,2025,172.80812359696722
27059,2021,277.30364193824647
27059,2022,280.79393297250067
27059,2023,283.3394961144946
27059,2024,284.6827216359001
27059,2025,284.61674995610974
27061,2021,381.85587136012737
27061,2022,383.5355786507297
27061,2023,385.05567830260446
27061,2024,387.25753344047035
27061,2025,389.8089849195471
27063,2021,181.95309418849516
27063,2022,188.71947596370615
27063,2023,194.80622092111994
27063,2024,200.03360089690713
27063,2025,204.59160624330752
27065,2021,218.49498609574735
27065,2022,215.67569823075263
27065,2023,210.8993373627858
27065,2024,205.45832683646492
27065,2025,199.19273330385064
27067,2021,366.26437322945617
27067,2022,377.1051816246684
27067,2023,387.75273610452894
27067,2024,397.50348742806904
27067,2025,406.42281347573936
27069,2021,189.37140833972092
27069,2022,199.74562584440156
27069,2023,209.78803191313372
27069,2024,219.52278839665036
27069,2025,229.20779284845565
27071,2021,186.56281997575275
27071,2022,189.90751672693852
27071,2023,194.70656830979146
27071,2024,200.50035664506765
27071,2025,207.1559568862363
27073,2021,181.96243466506314
27073,2022,192.0505284121767
27073,2023,200.0940268005149
27073,2024,207.4872871481508
27073,2025,214.79846374646766
27075,2021,298.9444813691997
27075,2022,301.11369844627535
27075,2023,305.765743650365
27075,2024,310.33613218882294
27075,2025,314.16651696972235
27077,2021,184.6899276622254
27077,2022,188.44843702660577
27077,2023,191.4267144072022
27077,2024,193.5752370034554
27077,2025,194.8553571208643
27079,2021,417.2171341826712
27079,2022,418.284196002818
27079,2023,418.72296073023847
27079,2024,417.779853638728
27079,2025,415.10220599194156
27081,2021,147.15914888756927
27081,2022,157.93919199411033
27081,2023,166.55118985207386
27081,2024,173.42976866853735
27081,2025,179.44099140190562
27083,2021,328.2175115183817
27083,2022,337.14081057126657
27083,2023,344.59004761291646
27083,2024,350.80748014298797
27083,2025,355.9768644057442
27085,2021,284.1973831711331
27085,2022,290.8974827993835
27085,2023,296.5350289126322
27085,2024,301.1273794259395
27085,2025,304.678322378811
27087,2021,118.68810168147508
27087,2022,87.0150870304904
27087,2023,45.92232242076986
27087,2024,-5.940777534128188
27087,2025,-84.94736366563126
27089,2021,197.4418004625728
27089,2022,200.5577831118468
27089,2023,204.34384780529922
27089,2024,208.86151386737387
27089,2025,213.80564505293543
27091,2021,371.76019408562297
27091,2022,380.0863395795626
27091,2023,387.0912846507877
27091,2024,393.3700658468277
27091,2025,398.9821436753554
27093,2021,301.1701016063079
27093,2022,310.12721163474407
27093,2023,318.6746477728699
27093,2024,326.8435434267593
27093,2025,334.5787148635673
27095,2021,261.7011858773543
27095,2022,255.65138274843576
27095,2023,249.39191023786287
27095,2024,241.81813117808562
27095,2025,232.13189925721218
27097,2021,292.25211247023344
27097,2022,293.99643180983077
27097,2023,295.09362923113724
27097,2024,295.4769561343007
27097,2025,294.814146658321
27099,2021,382.93251478375066
27099,2022,391.67903326956855
27099,2023,399.39812495209986
27099,2024,405.90928613237975
27099,2025,411.1673742194689
27101,2021,218.98445940595877
27101,2022,224.99769272458246
27101,2023,233.0884429961514
27101,2024,240.48515038596415
27101,2025,246.81078045471583
27103,2021,346.8992877015577
27103,2022,354.7899763494209
27103,2023,362.16607911022095
27103,2024,367.6565390078996
27103,2025,371.2393611504178
27105,2021,289.94066348778836
27105,2022,301.70681857580763
27105,2023,314.7373733051722
27105,2024,326.85816255671625
27105,2025,338.16774113059137
27107,2021,157.91167029408297
27107,2022,155.72906438145267
27107,2023,153.7013518304469
27107,2024,149.89092070759784
27107,2025,143.6934193313125
27109,2021,634.1053062509988
27109,2022,646.685531155509
27109,2023,657.9324190865293
27109,2024,667.7634419046844
27109,2025,675.9451353101152
27111,2021,451.25728905419555
27111,2022,458.5744995281252
27111,2023,465.4305864387412
27111,2024,470.9811576797961
27111,2025,475.0930391915001
27113,2021,329.4379267580557
27113,2022,334.73063216568073
27113,2023,339.0287426279199
27113,2024,342.8768313054401
27113,2025,346.18284668610244
27115,2021,266.8961384627041
27115,2022,263.0619494713794
27115,2023,255.86064912636309
27115,2024,247.32485197874178
27115,2025,237.27875105796656
27117,2021,315.602213123682
27117,2022,328.9875830722092
27117,2023,340.96799291406904
27117,2024,352.45691251599044
27117,2025,363.9439021936105
27119,2021,319.9691412514609
27119,2022,324.69500196597323
27119,2023,328.96955989413624
27119,2024,331.6113990810681
27119,2025,332.4883816744914
27121,2021,224.68734738090032
27121,2022,234.5811232489839
27121,2023,244.67125685490225
27121,2024,253.80606390444655
27121,2025,261.9807197008489
27123,2021,717.4261694128243
27123,2022,731.6499173647267
27123,2023,744.5473834695675
27123,2024,756.1225293235166
27123,2025,766.0561500475986
27125,2021,159.45568684124225
27125,2022,162.67685363492262
27125,2023,165.58633180495576
27125,2024,168.76962228663876
27125,2025,172.3066670765312
27127,2021,243.48207559722513
27127,2022,248.57820156536775
27127,2023,250.25487031401633
27127,2024,250.47124973164827
27127,2025,249.67777462312185
27129,2021,205.2989464268846
27129,2022,209.60454615684657
27129,2023,215.28563066092585
27129,2024,220.39409928396702
27129,2025,224.5188352708118
27131,2021,339.47261869990876
27131,2022,344.99287848685685
27131,2023,349.2143738961164
27131,2024,351.9275042953397
27131,2025,353.0374550249762
27133,2021,407.6307917047445
27133,2022,424.3024034233855
27133,2023,440.8898034460178
27133,2024,456.4709090951564
27133,2025,471.30415733984535
27135,2021,178.47661290910636
27135,2022,182.51627105055547
27135,2023,187.24115760085138
27135,2024,191.3089067312821
27135,2025,194.40573770263262
27137,2021,702.5535049818438
27137,2022,716.5826465679097
27137,2023,731.0221080519087
27137,2024,745.4582814906123
27137,2025,759.6517349680479
27139,2021,572.5254991889532
27139,2022,582.972690626043
27139,2023,591.5993701508546
27139,2024,598.3359554596638
27139,2025,603.0838352564233
27141,2021,406.92870795479655
27141,2022,416.6407953992681
27141,2023,425.64508144644026
27141,2024,433.6420329976421
27141,2025,440.4490304937342
27143,2021,254.8968050961571
27143,2022,259.96113234782445
27143,2023,264.19168284073425
27143,2024,267.65920069920776
27143,2025,270.1568983153217
27145,2021,404.5848799298682
27145,2022,412.72265510352156
27145,2023,419.8669786103277
27145,2024,425.461487195323
27145,2025,429.4183401461237
27147,2021,279.7862445624574
27147,2022,283.50582553462766
27147,2023,285.40592302495395
27147,2024,285.73350935347224
27147,2025,284.4339557557205
27149,2021,319.7364619849834
27149,2022,336.1668189618743
27149,2023,352.0484445045597
27149,2024,367.25339179192156
27149,2025,382.1743639306342
27151,2021,243.6940088360017
27151,2022,249.3317829518201
27151,2023,254.75543498143483
27151,2024,260.0940580545673
27151,2025,265.1893967280974
27153,2021,209.05261072758663
27153,2022,214.0518053464253
27153,2023,217.71836151818226
27153,2024,220.67693404952325
27153,2025,222.93815038447502
27155,2021,171.28440134465185
27155,2022,182.57897658022335
27155,2023,191.17888797013705
27155,2024,198.38127606539865
27155,2025,205.07164035715815
27157,2021,350.4304155391827
27157,2022,357.1586447727553
27157,2023,362.19921509955907
27157,2024,366.331421422739
27157,2025,369.4899890342406
27159,2021,189.75568599732267
27159,2022,184.74201512928457
27159,2023,179.67398375042455
27159,2024,173.517631402004
27159,2025,165.47608581875937
27161,2021,384.2790242932481
27161,2022,385.3473362557695
27161,2023,386.65319639707934
27161,2024,386.0380300790033
27161,2025,383.2082668044228
27163,2021,699.0240709330103
27163,2022,718.2466874150525
27163,2023,736.9390246814303
27163,2024,754.4918252984517
27163,2025,770.8800346075082
27165,2021,204.8485939500343
27165,2022,213.17593101269767
27165,2023,223.52858576201498
27165,2024,233.82505915778677
27165,2025,243.8094409060749
27167,2021,225.06129963840374
27167,2022,231.65739352786824
27167,2023,240.05189638805786
27167,2024,246.9369166735502
27167,2025,251.7683122727688
27169,2021,565.2694717924098
27169,2022,577.015414260255
27169,2023,588.6037972908608
27169,2024,599.1598204944611
27169,2025,608.6335711572119
27171,2021,406.5048820095947
27171,2022,419.9820351263743
27171,2023,433.14124296061914
27171,2024,445.33685561403524
27171,2025,456.60417284068967
27173,2021,262.52369755445443
27173,2022,271.55101848060804
27173,2023,280.3496864305491
27173,2024,288.50465228576553
27173,2025,295.9299451659493
28001,2021,229.67166174656307
28001,2022,217.3682631224541
28001,2023,200.40947370189815
28001,2024,181.57286983113713
28001,2025,160.91395380793176
28003,2021,241.48436242971
28003,2022,243.12601828636764
28003,2023,243.4079616868861
28003,2024,242.34054121082164
28003,2025,239.9329847042585
28005,2021,140.83988169102784
28005,2022,135.19702470077968
28005,2023,128.78855618549832
28005,2024,122.04779769647291
28005,2025,114.66175058000718
28007,2021,145.5611746779085
28007,2022,136.85833284682568
28007,2023,125.26411515719113
28007,2024,111.47741276229357
28007,2025,95.33788415260031
28009,2021,162.39039149591946
28009,2022,152.00435992035716
28009,2023,144.62697221212935
28009,2024,135.94077468733602
28009,2025,124.40987824083692
28011,2021,214.08379417796013
28011,2022,207.7578985876992
28011,2023,199.54713535468363
28011,2024,190.41316378126862
28011,2025,180.15779249827085
28013,2021,169.36341281429443
28013,2022,162.10999394570024
28013,2023,153.43294442563956
28013,2024,142.04148843358792
28013,2025,127.54263923910298
28015,2021,104.75359570426039
28015,2022,100.59105668784699
28015,2023,96.076877356577
28015,2024,91.16380464784194
28015,2025,85.5692922159867
28017,2021,142.28140241033594
28017,2022,122.48209168018133
28017,2023,96.4115237384419
28017,2024,65.72329143577838
28017,2025,28.808355856283754
28023,2021,160.01338686969248
28023,2022,152.5229206310495
28023,2023,143.80266139419805
28023,2024,133.3531596252005
28023,2025,120.82628704227494
28025,2021,122.40947580869397
28025,2022,99.76472055252304
28025,2023,70.49661492267171
28025,2024,36.287596451829046
28025,2025,-6.352834138709909
28027,2021,116.82681961653341
28027,2022,90.6413105184466
28027,2023,59.29197043239199
28027,2024,22.21664602398519
28027,2025,-26.739240308650608
28029,2021,195.7511100323616
28029,2022,188.89074600495314
28029,2023,181.05006011911595
28029,2024,171.64152047283307
28029,2025,160.28314786231846
28031,2021,158.84961891107932
28031,2022,159.29364892512933
28031,2023,157.18177961930425
28031,2024,153.5304552081207
28031,2025,148.6692598667681
28033,2021,309.9579631247806
28033,2022,321.0359755649832
28033,2023,331.5923460584408
28033,2024,341.2402552718484
28033,2025,349.97576968399164
28035,2021,343.34230352277547
28035,2022,343.19741528238427
28035,2023,340.4717995334303
28035,2024,336.7391939229837
28035,2025,331.85595875747094
28037,2021,128.22207142629233
28037,2022,125.349816622833
28037,2023,116.97595658447185
28037,2024,107.51075681288279
28037,2025,98.00280900644427
28039,2021,211.20135064066864
28039,2022,205.73902027613957
28039,2023,197.2140178625512
28039,2024,188.28846102057187
28039,2025,178.86171036560415
28041,2021,144.33997428571092
28041,2022,129.35559790388686
28041,2023,114.90559679122492
28041,2024,99.01384624495955
28041,2025,80.15004248063096
28043,2021,187.62511929265904
28043,2022,185.85772719326934
28043,2023,181.57414617550228
28043,2024,175.31287471988063
28043,2025,167.1328889731439
28045,2021,356.4358764242967
28045,2022,353.6851808574478
28045,2023,351.48171116247784
28045,2024,348.58453054974603
28045,2025,344.12797129595583
28047,2021,418.54821691610005
28047,2022,417.5414765904555
28047,2023,414.9522594099659
28047,2024,411.0862538168361
28047,2025,405.42794801760965
28049,2021,308.4164532632972
28049,2022,297.40615479245383
28049,2023,282.90775898138577
28049,2024,265.64558298897316
28049,2025,245.17681201173588
28057,2021,190.60079843532554
28057,2022,187.5154814640601
28057,2023,181.66858770748848
28057,2024,173.9633991451002
28057,2025,164.337484375131
28059,2021,258.62012484095555
28059,2022,254.503331069075
28059,2023,248.24991998106685
28059,2024,240.84751564623076
28059,2025,231.95618778528706
28061,2021,110.30554087059869
28061,2022,97.83843322696362
28061,2023,87.13250016014155
28061,2024,75.55937248180561
28061,2025,61.52408890159671
28067,2021,213.05912581452023
28067,2022,214.37075266372455
28067,2023,213.91666231859875
28067,2024,212.96737578945348
28067,2025,211.59619531258642
28071,2021,378.5958901264605
28071,2022,384.17390619680526
28071,2023,389.0082580815433
28071,2024,392.6380276115518
28071,2025,395.0512012010414
28073,2021,256.43602644053465
28073,2022,263.66906780286564
28073,2023,269.95945693676146
28073,2024,274.92330205869223
28073,2025,278.73484707388036
28075,2021,187.44349147866026
28075,2022,185.5680348095917
28075,2023,182.18698004103436
28075,2024,177.37663745309322
28075,2025,171.0747643987987
28077,2021,140.96176352424422
28077,2022,130.78695768084177
28077,2023,120.82141245532878
28077,2024,109.97738153448105
28077,2025,97.25473077398826
28079,2021,165.79191251874403
28079,2022,158.36377584762215
28079,2023,149.2944260803203
28079,2024,138.3116514984398
28079,2025,125.03509787659769
28081,2021,209.57746369750583
28081,2022,203.4686217832999
28081,2023,193.88722976081596
28081,2024,181.71082353286306
28081,2025,166.69751041482237
28083,2021,191.1713230481808
28083,2022,179.25228849060042
28083,2023,162.50729375300173
28083,2024,144.4519132897386
28083,2025,125.30150349216979
28085,2021,217.55929647034685
28085,2022,216.0419377076066
28085,2023,212.69532445751562
28085,2024,207.95667239251458
28085,2025,201.77394489200663
28087,2021,211.3861774724769
28087,2022,205.21355813639303
28087,2023,196.4485710923774
28087,2024,185.82919648689892
28087,2025,173.17613794643327
28089,2021,258.2964947209234
28089,2022,262.1226293546746
28089,2023,265.07268387889144
28089,2024,265.9131418126713
28089,2025,264.61503596486943
28091,2021,230.7565274943127
28091,2022,231.86893927089451
28091,2023,233.44419650791008
28091,2024,234.8400782064106
28091,2025,235.74713011199873
28093,2021,185.9976310667729
28093,2022,181.72549678705275
28093,2023,176.36672288260237
28093,2024,169.96489743814578
28093,2025,162.1249813683262
28095,2021,202.13501967819917
28095,2022,193.44008650710487
28095,2023,179.61377638912955
28095,2024,163.61359223802253
28095,2025,145.52327431703802
28097,2021,139.52469575322863
28097,2022,134.72149438674109
28097,2023,127.25530743259918
28097,2024,118.3516488917914
28097,2025,108.04894600031662
28099,2021,139.88175515526592
28099,2022,123.83200865912443
28099,2023,105.7860257480728
28099,2024,84.38113577394907
28099,2025,58.08323418205546
28101,2021,145.14083264472924
28101,2022,138.90344770038413
28101,2023,130.44479613674213
28101,2024,120.02085156048389
28101,2025,107.42562758288568
28105,2021,303.3299775080089
28105,2022,299.3202443480875
28105,2023,293.28458199782494
28105,2024,285.25180762319354
28105,2025,274.9684133260915
28107,2021,206.7367685398836
28107,2022,195.66938365337455
28107,2023,180.7448880851638
28107,2024,163.65832435654363
28107,2025,144.3296300684085
28109,2021,225.1545889846212
28109,2022,227.30928623672463
28109,2023,228.6060756799084
28109,2024,229.39958361994925
28109,2025,229.5686486842065
28111,2021,216.70644572448876
28111,2022,209.58103751205903
28111,2023,204.86425815162428
28111,2024,199.28673156649404
28111,2025,191.80358649092705
28113,2021,204.95482828603303
28113,2022,198.47895105547923
28113,2023,188.81302821072134
28113,2024,177.678266920525
28113,2025,165.10439026897663
28115,2021,208.8388062441661
28115,2022,202.94340545792141
28115,2023,194.11269743643697
28115,2024,182.41141785318285
28115,2025,167.68289520111398
28117,2021,209.96236318229802
28117,2022,209.36797795207326
28117,2023,205.84761380564447
28117,2024,200.8531491156991
28117,2025,194.59250754983532
28121,2021,388.4822332684253
28121,2022,400.2576172835119
28121,2023,411.4550678874274
28121,2024,421.34106930486547
28121,2025,430.11586662368916
28123,2021,171.51587265419263
28123,2022,171.46552619034793
28123,2023,171.5497023467168
28123,2024,170.17443666075894
28123,2025,166.89780800580314
28127,2021,201.8537291130292
28127,2022,200.72617590180684
28127,2023,198.6547478618334
28127,2024,195.4719480720976
28127,2025,190.9372722052125
28129,2021,152.275431582757
28129,2022,153.60336851101647
28129,2023,156.40412386265865
28129,2024,158.77482444914057
28129,2025,159.99575344825593
28131,2021,236.11909007227098
28131,2022,236.76662556249514
28131,2023,237.15970569206075
28131,2024,237.5724899873426
28131,2025,237.74478686739735
28133,2021,184.4200552454808
28133,2022,168.4731174944202
28133,2023,149.08856462945477
28133,2024,128.53835778587515
28133,2025,106.34847621745078
28137,2021,214.13933649961507
28137,2022,210.18351707508265
28137,2023,204.8153236454131
28137,2024,198.35220139901085
28137,2025,190.4378432670858
28139,2021,173.38773617210296
28139,2022,171.8890420310035
28139,2023,167.47303477290046
28139,2024,161.67400455557078
28139,2025,154.66462575241488
28141,2021,188.3440319964305
28141,2022,189.29920405890755
28141,2023,187.04519304352687
28141,2024,183.1822975007862
28141,2025,178.16484773660028
28145,2021,196.5784551318136
28145,2022,192.48874575556323
28145,2023,185.59480465564462
28145,2024,176.19258085779353
28145,2025,164.10377075405944
28147,2021,165.24767249926265
28147,2022,158.77796482341154
28147,2023,153.85958424500848
28147,2024,149.19420589518177
28147,2025,143.87282483327084
28149,2021,256.52543537815626
28149,2022,249.28319359245478
28149,2023,239.71697618692536
28149,2024,228.4365889799118
28149,2025,215.12436745423832
28151,2021,210.74886818338837
28151,2022,197.74382315858813
28151,2023,181.71912331570218
28151,2024,164.80945939965284
28151,2025,146.7286144342523
28153,2021,199.5935696064358
28153,2022,192.05950333552465
28153,2023,183.57498109503763
28153,2024,173.83741088859904
28153,2025,162.4863483998554
28155,2021,122.0571523468933
28155,2022,119.00963533796084
28155,2023,114.95602132401612
28155,2024,109.94009748250193
28155,2025,103.76762891600308
28159,2021,136.46252505727114
28159,2022,126.17356961427183
28159,2023,114.29176271415085
28159,2024,100.35338321355192
28159,2025,83.81932987158797
28161,2021,129.31580406339043
28161,2022,120.42854739267565
28161,2023,112.77618148449716
28161,2024,103.97231980988582
28161,2025,92.73517494905374
28163,2021,180.60102415956482
28163,2022,165.20772393170972
28163,2023,146.0243187882747
28163,2024,124.41923857354504
28163,2025,99.79090815938187
29001,2021,228.88628866215134
29001,2022,237.65513967770121
29001,2023,246.70019206014285
29001,2024,255.38674170606402
29001,2025,263.94035651879216
29003,2021,309.5742397039928
29003,2022,322.6980245458632
29003,2023,334.1891067613457
29003,2024,345.5404302590763
29003,2025,357.0227303411394
29005,2021,143.65629938571885
29005,2022,159.64133137487045
29005,2023,175.69899047412713
29005,2024,191.17077296831866
29005,2025,206.7284301285182
29007,2021,247.75959320164125
29007,2022,250.2141953888075
29007,2023,252.73416845939403
29007,2024,253.9147322023201
29007,2025,253.36624041695038
29009,2021,199.41548938836627
29009,2022,197.28069861491878
29009,2023,194.28704276802813
29009,2024,189.06606722048434
29009,2025,181.15076208448193
29011,2021,158.40825787453173
29011,2022,167.05363357448755
29011,2023,174.52520263172312
29011,2024,181.67627003234395
29011,2025,188.99188319551737
29013,2021,189.8052089849155
29013,2022,195.32856441192422
29013,2023,199.91710752375195
29013,2024,203.98574482160294
29013,2025,207.6344720021689
29015,2021,135.02389336086327
29015,2022,131.97070846167213
29015,2023,126.79415765114317
29015,2024,120.4033554572097
29015,2025,112.74451022904384
29017,2021,141.09692306122972
29017,2022,143.8443251232616
29017,2023,146.5764422952538
29017,2024,148.73750728496088
29017,2025,150.15571920342376
29019,2021,419.21482155908427
29019,2022,434.76961466480714
29019,2023,449.7232779239011
29019,2024,463.8035827840429
29019,2025,477.146182872272
29021,2021,341.87098199608295
29021,2022,352.65702248623785
29021,2023,362.91206527519876
29021,2024,372.7799843692628
29021,2025,382.2342115860033
29023,2021,209.35779372305586
29023,2022,214.52275478688995
29023,2023,218.68945039713486
29023,2024,222.5385015777673
29023,2025,226.25355933888983
29025,2021,162.9300069234228
29025,2022,166.3677584071367
29025,2023,170.06862539729713
29025,2024,173.26199640068404
29025,2025,175.5673556378569
29027,2021,264.7316876474716
29027,2022,275.3603120804782
29027,2023,285.9061063022567
29027,2024,295.7149412833652
29027,2025,304.93896145641594
29029,2021,266.0009341272488
29029,2022,268.230710708959
29029,2023,269.14694157293786
29029,2024,269.4490658668128
29029,2025,268.9006961436817
29031,2021,406.20241402629136
29031,2022,416.40957555818096
29031,2023,425.4535404161171
29031,2024,433.75629237155795
29031,2025,441.4105946333708
29033,2021,156.44736523386854
29033,2022,159.58694840410598
29033,2023,163.0846572976771
29033,2024,166.4423339631473
29033,2025,169.24416725716446
29037,2021,479.8482015298844
29037,2022,490.12660524992
29037,2023,499.60881702744484
29037,2024,508.4598906000333
29037,2025,516.3541850162987
29039,2021,149.52637557101602
29039,2022,158.9198125028239
29039,2023,168.08458566612228
29039,2024,176.67345584267213
29039,2025,184.95575750420227
29041,2021,144.491148439706
29041,2022,161.2283210509999
29041,2023,170.29077549483094
29041,2024,177.34562375482972
29041,2025,185.17762797609535
29043,2021,246.93822214012755
29043,2022,258.4462936351797
29043,2023,269.53594644641834
29043,2024,279.5182965986317
29043,2025,288.4971077796816
29047,2021,510.2853757481291
29047,2022,524.3363851114377
29047,2023,537.2496696974042
29047,2024,549.5132367283543
29047,2025,560.8125578379155
29049,2021,304.304501435709
29049,2022,308.33607081648245
29049,2023,311.27367203073055
29049,2024,313.1824431935879
29049,2025,313.8652163971372
29051,2021,313.87716383231566
29051,2022,325.2986577762492
29051,2023,336.36683830352086
29051,2024,346.33971686587586
29051,2025,355.3473851199693
29053,2021,395.1388406329489
29053,2022,402.6185636317962
29053,2023,410.17245417688946
29053,2024,417.4496784716602
29053,2025,424.1418712660918
29055,2021,247.09517777557366
29055,2022,248.0903709848358
29055,2023,247.39720549067533
29055,2024,245.87494277556613
29055,2025,243.40478750018025
29057,2021,123.82030163797157
29057,2022,131.27631422612234
29057,2023,139.99227295632113
29057,2024,148.09421367886839
29057,2025,155.18152344755322
29059,2021,160.5006022167033
29059,2022,163.2023794553382
29059,2023,165.80095653221252
29059,2024,168.02454370939256
29059,2025,169.7118354680507
29061,2021,166.3325516446158
29061,2022,176.91444048093012
29061,2023,184.33949899180848
29061,2024,190.47090813505855
29061,2025,196.25668296505526
29063,2021,157.05237493748928
29063,2022,164.3616151295929
29063,2023,172.36721642403833
29063,2024,179.78321724581681
29063,2025,186.44471995170443
29065,2021,146.2174089633659
29065,2022,153.9003744397089
29065,2023,163.53950799235184
29065,2024,173.26938085861323
29065,2025,182.69582146053438
29067,2021,141.98765555440804
29067,2022,137.25345513029038
29067,2023,129.13942873340378
29067,2024,118.80349517513096
29067,2025,106.47716298212785
29069,2021,151.45548001912692
29069,2022,151.02237862844575
29069,2023,150.55268204591886
29069,2024,150.5412620799668
29069,2025,150.9760491246003
29071,2021,261.1441166912555
29071,2022,264.65018686952266
29071,2023,266.8441198691303
29071,2024,267.54458458609486
29071,2025,266.66200409886136
29073,2021,181.1989876462972
29073,2022,183.07021210802077
29073,2023,184.90195768223492
29073,2024,185.79942330252373
29073,2025,185.34615154977757
29075,2021,158.3493554207453
29075,2022,176.76665462133897
29075,2023,190.85687020705848
29075,2024,204.21859622670888
29075,2025,218.6207190631137
29077,2021,490.7500620881654
29077,2022,504.52438708403736
29077,2023,517.6312544956252
29077,2024,530.1680304126326
29077,2025,541.789648793257
29079,2021,160.9409159539009
29079,2022,169.37164178632986
29079,2023,178.6196811762013
29079,2024,187.13610150686696
29079,2025,194.8981175995221
29081,2021,169.4010769376742
29081,2022,179.6032609569345
29081,2023,188.2771953951954
29081,2024,196.14033427416297
29081,2025,203.76812444310264
29083,2021,197.50479972088328
29083,2022,201.49990706318457
29083,2023,203.94445151503075
29083,2024,205.31425512846016
29083,2025,205.68656200241736
29085,2021,217.4221325730299
29085,2022,223.95245506804127
29085,2023,230.65616952542075
29085,2024,237.4515763437646
29085,2025,244.21496039249416
29087,2021,180.1704275180435
29087,2022,196.54629382353352
29087,2023,209.8365133300297
29087,2024,222.34784863556746
29087,2025,235.18694542999862
29089,2021,189.3974711949319
29089,2022,198.73392725274522
29089,2023,210.12460387281175
29089,2024,221.2057392861397
29089,2025,231.61505457679692
29091,2021,216.63555281924522
29091,2022,219.83332360194166
29091,2023,220.9771081954529
29091,2024,222.00383185027596
29091,2025,223.1082912917873
29093,2021,111.90458265943559
29093,2022,106.47438641565816
29093,2023,105.95380085055132
29093,2024,106.27588489558329
29093,2025,105.56797776323123
29095,2021,497.8856214832721
29095,2022,514.454966134571
29095,2023,530.6069968964089
29095,2024,546.8539242106033
29095,2025,562.8370695849485
29097,2021,383.6205017098859
29097,2022,392.3865829093209
29097,2023,399.6074085213019
29097,2024,405.80553731427733
29097,2025,410.9321043863308
29099,2021,586.1970039305386
29099,2022,597.6160010495581
29099,2023,609.0802755972115
29099,2024,619.7991415234377
29099,2025,629.3982950482568
29101,2021,248.8996716158396
29101,2022,254.5246047108233
29101,2023,260.5439576450906
29101,2024,265.95015045296327
29101,2025,270.4058515255814
29105,2021,184.73650782229294
29105,2022,175.92488870850957
29105,2023,163.74864007940727
29105,2024,148.9345679319824
29105,2025,131.12290283471742
29107,2021,287.9882771920759
29107,2022,294.696334709626
29107,2023,300.55413465118636
29107,2024,305.66976678706624
29107,2025,309.9006775333842
29109,2021,236.2943247543601
29109,2022,238.01203828365692
29109,2023,237.73628426030803
29109,2024,236.02883842928537
29109,2025,232.72567251879565
29111,2021,153.1749428654473
29111,2022,159.41439787438412
29111,2023,165.85157350573067
29111,2024,171.5739190814174
29111,2025,176.37167204207512
29113,2021,267.49504633550265
29113,2022,270.80851501554935
29113,2023,272.83263430983067
29113,2024,273.48283504167927
29113,2025,272.56150835152226
29115,2021,152.87609426588347
29115,2022,156.4794499793449
29115,2023,159.91911945790207
29115,2024,163.23716895281535
29115,2025,166.50176861250452
29117,2021,185.1447627471509
29117,2022,198.65943501295084
29117,2023,209.82452058886372
29117,2024,220.17025809490997
29117,2025,230.5818422653058
29119,2021,149.39443044372945
29119,2022,152.7390202776129
29119,2023,156.2545639915897
29119,2024,158.74541320911112
29119,2025,159.7646231258155
29121,2021,172.56685112177252
29121,2022,180.0601422692746
29121,2023,188.19933157287758
29121,2024,195.39161430398008
29121,2025,201.60915823073788
29123,2021,137.68976413879994
29123,2022,138.2723879828113
29123,2023,136.34273676918366
29123,2024,132.91959712133954
29123,2025,128.3545385504867
29125,2021,166.61427262998956
29125,2022,175.93317789850985
29125,2023,183.13351727024042
29125,2024,189.8941023223457
29125,2025,196.90336879348934
29127,2021,268.07053062363735
29127,2022,277.0338304090029
29127,2023,285.5140831853863
29127,2024,293.33579052109644
29127,2025,300.50073257407547
29131,2021,245.7907655668172
29131,2022,248.5296130234251
29131,2023,250.11546688101018
29131,2024,251.1273259746193
29131,2025,251.3378536620374
29133,2021,169.3712666440947
29133,2022,177.4248723465319
29133,2023,185.22391954643757
29133,2024,193.40590893418164
29133,2025,202.28346545662288
29135,2021,249.2772460699282
29135,2022,258.6103260473491
29135,2023,269.24862727302155
29135,2024,279.1855392026095
29135,2025,288.2376512283752
29137,2021,196.86572410136702
29137,2022,201.56619127200818
29137,2023,203.2841312370066
29137,2024,203.64355774808027
29137,2025,203.14619057726418
29139,2021,182.42670818528754
29139,2022,189.55181316084048
29139,2023,196.17408364568809
29139,2024,202.44260002454956
29139,2025,208.40004631851207
29141,2021,217.75128753078917
29141,2022,220.3819797645606
29141,2023,222.46598418717372
29141,2024,224.61343459218057
29141,2025,226.51417341675628
29143,2021,207.67770855472656
29143,2022,215.49909473200813
29143,2023,229.44110961450087
29143,2024,245.78750868582742
29143,2025,263.7035034241183
29145,2021,226.60450830370388
29145,2022,233.2963899465948
29145,2023,239.1480450639403
29145,2024,243.6894150365045
29145,2025,246.92159269702233
29147,2021,220.89796101978746
29147,2022,234.38737445526107
29147,2023,247.57976520628972
29147,2024,260.8943756553797
29147,2025,274.71436898465714
29149,2021,112.43643890779927
29149,2022,103.20285986799288
29149,2023,101.7359492584497
29149,2024,101.67562156378955
29149,2025,99.7411645829082
29151,2021,184.22241752362194
29151,2022,196.45035102462685
29151,2023,208.9771221526624
29151,2024,220.7487247217435
29151,2025,231.91528794073471
29153,2021,100.37585470760419
29153,2022,97.66805865734145
29153,2023,93.59884391771257
29153,2024,89.16776149843548
29153,2025,84.549081165878
29155,2021,172.80142855577577
29155,2022,172.6781408903783
29155,2023,169.19605782357894
29155,2024,166.4790794596614
29155,2025,165.2079182537229
29157,2021,235.35975412181384
29157,2022,238.88849894641277
29157,2023,241.18576210112332
29157,2024,241.8097934961363
29157,2025,240.64266809072237
29159,2021,298.7362795513028
29159,2022,298.9329317239716
29159,2023,298.2269865521856
29159,2024,296.2343707527557
29159,2025,292.58770897965553
29161,2021,211.96481378358317
29161,2022,222.08541533877752
29161,2023,232.33146601113503
29161,2024,242.18897318780498
29161,2025,251.81018069846817
29163,2021,167.1418949327192
29163,2022,170.4821035413564
29163,2023,172.8081867471876
29163,2024,174.15265274929854
29163,2025,174.34995923953488
29165,2021,504.35710396216257
29165,2022,515.3213315143178
29165,2023,525.8421800856131
29165,2024,535.7937420114545
29165,2025,544.738890429258
29167,2021,202.1964902885909
29167,2022,211.70652091263833
29167,2023,221.7360134287814
29167,2024,231.62926786624246
29167,2025,241.41163329765902
29169,2021,181.08488163966445
29169,2022,187.0874839655089
29169,2023,192.30903448954632
29169,2024,196.83009425002285
29169,2025,200.80747723297816
29171,2021,120.51079934324957
29171,2022,126.36448376122993
29171,2023,134.82295889684372
29171,2024,143.20257639015819
29171,2025,150.5031694441449
29173,2021,189.2619298522029
29173,2022,197.75571351830456
29173,2023,207.64702464531643
29173,2024,216.9527887809031
29173,2025,225.24483241364857
29175,2021,241.23720449118866
29175,2022,244.70360909075447
29175,2023,247.91125109670614
29175,2024,250.22104925188216
29175,2025,251.4478894716787
29177,2021,272.0011189977014
29177,2022,270.7985159724055
29177,2023,269.1490536594742
29177,2024,266.56647512008317
29177,2025,262.4036667340913
29181,2021,5535591471.076312
29181,2022,6465993179.816066
29181,2023,5450951805.224868
29181,2024,5002938619.973502
29181,2025,5064398974.115211
29183,2021,565.3329228908523
29183,2022,586.6530739978455
29183,2023,607.472006987666
29183,2024,627.2754318396501
29183,2025,646.0172879790994
29185,2021,158.79312420767843
29185,2022,160.08090086911994
29185,2023,160.6315919063059
29185,2024,160.74786652602174
29185,2025,160.41281388594
29186,2021,188.00748271456575
29186,2022,195.9650229166227
29186,2023,204.1202794218624
29186,2024,211.50099046967597
29186,2025,218.1750823010334
29187,2021,202.37284152671484
29187,2022,202.52007147212845
29187,2023,201.4595327573914
29187,2024,199.2292630115675
29187,2025,195.7400799561413
29189,2021,510.4249867193065
29189,2022,530.8170807082279
29189,2023,550.3924390953532
29189,2024,568.5049327396598
29189,2025,585.3919896798793
29195,2021,248.6696656368628
29195,2022,259.39771787471057
29195,2023,269.4831010709282
29195,2024,279.17485909643017
29195,2025,288.7358109041602
29201,2021,176.16445467024988
29201,2022,183.17912316825067
29201,2023,190.3801371036957
29201,2024,197.51705553365946
29201,2025,204.61725520252466
29203,2021,116.33796588399082
29203,2022,115.66789830282596
29203,2023,114.13861401943672
29203,2024,112.34060673614687
29203,2025,110.39958748331466
29205,2021,171.34589605360622
29205,2022,179.30331741971298
29205,2023,186.6903850947038
29205,2024,193.6978104751027
29205,2025,200.27320345359152
29207,2021,202.28351996468365
29207,2022,208.78159527178644
29207,2023,214.2247490101766
29207,2024,219.83045146856665
29207,2025,225.9315694163141
29209,2021,206.3762479400302
29209,2022,194.10571897128727
29209,2023,178.61049991570343
29209,2024,160.94714784840258
29209,2025,140.63457373354433
29213,2021,198.59799289367874
29213,2022,171.4169431911253
29213,2023,137.63425226916152
29213,2024,98.9704336295928
29213,2025,53.66901794891882
29215,2021,167.78396872793013
29215,2022,173.49603041347652
29215,2023,179.2115200834633
29215,2024,185.11748000028552
29215,2025,191.26582445866984
29217,2021,204.47240651447873
29217,2022,213.74553799460145
29217,2023,223.06264326815742
29217,2024,232.02332341741965
29217,2025,240.66886701281135
29219,2021,254.27661716720368
29219,2022,258.5643123113815
29219,2023,262.1801035498719
29219,2024,264.82033425751746
29219,2025,266.25882720098264
29221,2021,115.72819876730424
29221,2022,110.05781908558242
29221,2023,104.25600791418944
29221,2024,97.82942423781083
29221,2025,90.14214955366916
29225,2021,220.16414120467854
29225,2022,226.4848578040306
29225,2023,232.56266435442365
29225,2024,238.23277060017682
29225,2025,243.4455910586143
29229,2021,196.79148642152074
29229,2022,195.5963694570766
29229,2023,192.00256731906734
29229,2024,187.7583584775852
29229,2025,182.83975691357097
29510,2021,579.14747537833
29510,2022,579.8676521769721
29510,2023,578.3872912853242
29510,2024,575.8233065952547
29510,2025,571.458380206212
30001,2021,313.39814788241466
30001,2022,326.3230247039929
30001,2023,340.85192513200445
30001,2024,355.29407133365237
30001,2025,369.22228143752034
30003,2021,163.12948411646983
30003,2022,170.08554860703595
30003,2023,182.55177492920205
30003,2024,196.22805105633103
30003,2025,210.0704558164348
30007,2021,259.1650996463956
30007,2022,263.7168067958965
30007,2023,267.96249537790646
30007,2024,271.98435596016657
30007,2025,275.35282080735476
30009,2021,320.13694192164587
30009,2022,324.74274098996426
30009,2023,327.3067997689779
30009,2024,328.3477815195394
30009,2025,327.7829808597655
30013,2021,396.92071915656174
30013,2022,406.5426301984861
30013,2023,414.3597846246658
30013,2024,421.02927922875676
30013,2025,426.62112844934865
30015,2021,240.03772231491683
30015,2022,252.93188914887804
30015,2023,268.6266679617093
30015,2024,284.27625280520857
30015,2025,299.48680126861314
30017,2021,279.1400026179313
30017,2022,289.83544220786985
30017,2023,299.56122457865064
30017,2024,308.2219293581568
30017,2025,315.9952520524033
30021,2021,285.85135459713996
30021,2022,290.9074478531151
30021,2023,293.0334736357265
30021,2024,294.2147455944379
30021,2025,294.4584737412598
30023,2021,263.0622243136774
30023,2022,270.2681934884191
30023,2023,276.80506274673127
30023,2024,282.3625312370783
30023,2025,286.7854600256614
30025,2021,293.24617810018765
30025,2022,304.5301051313773
30025,2023,316.4470055126015
30025,2024,327.3711956089459
30025,2025,337.42046815912
30027,2021,286.7683360998478
30027,2022,297.72415367756884
30027,2023,308.01951333712003
30027,2024,317.93283359330894
30027,2025,327.5226578718632
30029,2021,1027.4950271033795
30029,2022,1041.3475725438234
30029,2023,1056.5792069444442
30029,2024,1073.298239353042
30029,2025,1089.9663888370335
30031,2021,635.343372356568
30031,2022,651.5366324282445
30031,2023,668.4857243544756
30031,2024,684.9988444834574
30031,2025,700.4904947288319
30035,2021,186.64876812755605
30035,2022,181.45621020045698
30035,2023,172.00045578143562
30035,2024,161.80032112598417
30035,2025,151.4505069127904
30039,2021,249.63444644981587
30039,2022,245.4064283564752
30039,2023,238.35278677224
30039,2024,230.79795106369613
30039,2025,222.17166529207816
30041,2021,346.34957773536627
30041,2022,357.63352560717146
30041,2023,368.7815441116565
30041,2024,380.09588156732485
30041,2025,391.51025228586775
30043,2021,288.7378103483059
30043,2022,300.2669545669936
30043,2023,311.0736212257373
30043,2024,321.47532370498914
30043,2025,331.6912641370631
30047,2021,319.6162849016132
30047,2022,325.96569566122804
30047,2023,331.2043835158714
30047,2024,335.9891349233988
30047,2025,340.0874674533733
30049,2021,668.9910026762227
30049,2022,683.4865415460049
30049,2023,697.4053367349787
30049,2024,710.5597470023375
30049,2025,722.525942671919
30053,2021,270.45345350392984
30053,2022,264.7158764083924
30053,2023,259.63964498505703
30053,2024,255.3486254314732
30053,2025,250.89949909334177
30057,2021,230.11132862867612
30057,2022,238.02873517992123
30057,2023,248.4820077210139
30057,2024,257.7569983387425
30057,2025,265.3458540083735
30059,2021,135.5331780167299
30059,2022,141.84558396995095
30059,2023,151.32917886753984
30059,2024,160.23319007712712
30059,2025,167.473063869746
30061,2021,228.6658639932955
30061,2022,217.45054964909124
30061,2023,204.26970025454685
30061,2024,190.3340432802848
30061,2025,174.80296664410645
30063,2021,956.6884601871096
30063,2022,979.1023016290595
30063,2023,1001.922610053405
30063,2024,1025.883242260933
30063,2025,1050.0412665619806
30065,2021,216.9203775412882
30065,2022,220.24412193166032
30065,2023,220.42681076384105
30065,2024,219.9276659765724
30065,2025,219.07785812993876
30067,2021,392.59550896962605
30067,2022,392.0064569458186
30067,2023,390.29510563896037
30067,2024,387.02994159418785
30067,2025,381.56252589946644
30071,2021,159.69410348729133
30071,2022,170.38439243018632
30071,2023,181.15777255056662
30071,2024,192.15287703522483
30071,2025,203.69155499621516
30073,2021,219.04695559643346
30073,2022,227.65116120198715
30073,2023,234.07539185555282
30073,2024,238.8473375048747
30073,2025,242.54258221082938
30077,2021,210.6132346283777
30077,2022,222.07158008643844
30077,2023,231.4181311028202
30077,2024,240.80566344456577
30077,2025,250.77637324223633
30081,2021,396.928187188164
30081,2022,408.0989763462683
30081,2023,418.8444749853251
30081,2024,430.28364511165455
30081,2025,441.99698827031943
30083,2021,336.95762708236765
30083,2022,341.9579838791809
30083,2023,344.8024449414675
30083,2024,347.00738470112265
30083,2025,348.5773213069101
30085,2021,249.3972573271625
30085,2022,259.2921690076222
30085,2023,267.1295949845625
30085,2024,275.5657857754402
30085,2025,284.8967665042798
30087,2021,201.59409361683805
30087,2022,208.30782074856918
30087,2023,215.0640154251302
30087,2024,221.61993440252067
30087,2025,227.89885634498512
30089,2021,273.3060003389126
30089,2022,274.74093461468334
30089,2023,276.09177868717757
30089,2024,278.7186643833205
30089,2025,282.03612377879705
30091,2021,110.88431938949125
30091,2022,115.97488187989364
30091,2023,121.79122685995688
30091,2024,125.63897880150614
30091,2025,126.99987581752077
30093,2021,305.11814687927813
30093,2022,308.8536878458623
30093,2023,310.4016551613262
30093,2024,310.8076152553741
30093,2025,309.893648962383
30095,2021,240.9547500984824
30095,2022,245.84224444608537
30095,2023,250.70559074661384
30095,2024,254.21112473045855
30095,2025,256.1114528513327
30097,2021,257.31845118469965
30097,2022,270.8030253916694
30097,2023,281.4300259861345
30097,2024,291.949550425562
30097,2025,302.70570697667523
30099,2021,205.73729237486367
30099,2022,216.42423015925667
30099,2023,225.09006014817962
30099,2024,232.08012457441347
30099,2025,237.96424486444613
30101,2021,196.9620151851103
30101,2022,204.47784847429344
30101,2023,210.78473151682618
30101,2024,215.38108821145224
30101,2025,218.48204095883807
30105,2021,296.4938414586094
30105,2022,308.4419559371813
30105,2023,319.77933230037684
30105,2024,330.6195311890601
30105,2025,341.15424299336485
30111,2021,665.2545609490858
30111,2022,681.5011834129659
30111,2023,696.614651826081
30111,2024,711.1154445267576
30111,2025,724.8533423025856
31001,2021,515.5346686085013
31001,2022,527.5627004362079
31001,2023,539.3285416868216
31001,2024,550.6890061524866
31001,2025,561.4559936679393
31003,2021,176.3827591807675
31003,2022,193.52435864545006
31003,2023,213.0102391571645
31003,2024,232.59102827574304
31003,2025,252.09772342404236
31011,2021,239.04703349021472
31011,2022,255.7141888873283
31011,2023,272.05854855285
31011,2024,287.5661702839871
31011,2025,302.75008443706645
31013,2021,259.4762541156624
31013,2022,266.83858481432554
31013,2023,274.7725508615512
31013,2024,282.39086690516535
31013,2025,289.47817144298614
31017,2021,167.40265615844675
31017,2022,181.42874435394157
31017,2023,194.62142597535126
31017,2024,208.16945622563304
31017,2025,222.48029529057965
31019,2021,370.49957399734535
31019,2022,379.9853417094697
31019,2023,388.1227920900294
31019,2024,394.7544715287053
31019,2025,399.9854855368189
31021,2021,189.93283480993028
31021,2022,199.52365329969882
31021,2023,210.18199124767068
31021,2024,221.43959647965093
31021,2025,232.9462221569316
31023,2021,212.67757949454335
31023,2022,220.11805578011734
31023,2023,232.4662956965561
31023,2024,245.01918594705975
31023,2025,256.4851194420163
31025,2021,292.36830089959165
31025,2022,301.4292691608006
31025,2023,311.2428177646375
31025,2024,320.8527843805398
31025,2025,330.04518437688387
31027,2021,211.15304995663627
31027,2022,227.07442652237359
31027,2023,244.0353633002649
31027,2024,260.25296548415173
31027,2025,276.0235794410658
31029,2021,211.02310301339168
31029,2022,229.85944670907276
31029,2023,251.0356766822262
31029,2024,271.2736809995392
31029,2025,290.6537022889078
31031,2021,196.50255651387442
31031,2022,210.13558640627787
31031,2023,223.65736823102225
31031,2024,236.4440398451472
31031,2025,248.72323326502897
31033,2021,428.6356824748438
31033,2022,436.39065826034005
31033,2023,443.2841584716115
31033,2024,449.8002087869327
31033,2025,455.44809460503507
31035,2021,204.90587318972072
31035,2022,212.85256715458195
31035,2023,222.81508447061282
31035,2024,232.4317121421687
31035,2025,240.98042747204943
31037,2021,198.47216564992476
31037,2022,212.513999839294
31037,2023,226.97943054440645
31037,2024,241.53411873045607
31037,2025,256.23268674527907
31039,2021,274.8846782385903
31039,2022,291.6855951885251
31039,2023,309.8913568246151
31039,2024,328.2374948442813
31039,2025,346.83038794198154
31041,2021,205.76574211347946
31041,2022,218.46711109491946
31041,2023,229.99537096264692
31041,2024,240.18191244151114
31041,2025,249.4161677354146
31043,2021,310.1463963381254
31043,2022,317.69081295994164
31043,2023,325.5940947775875
31043,2024,333.2826060651095
31043,2025,340.65537998124637
31045,2021,226.586670617455
31045,2022,240.59375781714726
31045,2023,257.85797353865735
31045,2024,275.0435210802498
31045,2025,291.744707600919
31047,2021,357.0105699785836
31047,2022,368.54291653528037
31047,2023,380.38009352336957
31047,2024,391.6045333303577
31047,2025,402.1265079789146
31051,2021,196.4315500075632
31051,2022,207.6133715966779
31051,2023,222.99802363059686
31051,2024,238.31179156299882
31051,2025,252.86641939769368
31053,2021,463.5658380541586
31053,2022,479.5381972737081
31053,2023,495.8865319424872
31053,2024,513.0618330007684
31053,2025,530.8577956937645
31055,2021,589.8378655487898
31055,2022,611.0989870986336
31055,2023,632.9777721361677
31055,2024,654.6400176991915
31055,2025,675.8955235212915
31059,2021,199.14209021530385
31059,2022,211.67561546044715
31059,2023,224.01035639524184
31059,2024,235.12830416541857
31059,2025,245.30127016727778
31063,2021,164.47585776410165
31063,2022,176.72008664327524
31063,2023,187.12191661191622
31063,2024,196.75062191118116
31063,2025,206.1254028130965
31065,2021,161.24441022790745
31065,2022,170.69670540483236
31065,2023,183.4454606403764
31065,2024,195.5131691266003
31065,2025,206.13988191668633
31067,2021,277.1783721364231
31067,2022,285.8718971356337
31067,2023,294.9876347458292
31067,2024,302.97405410759063
31067,2025,309.7974094772499
31073,2021,182.07857564411964
31073,2022,195.5638634070603
31073,2023,209.23931116822098
31073,2024,222.17492642687543
31073,2025,234.51089604598968
31079,2021,475.7868724228296
31079,2022,477.69736420406076
31079,2023,478.043575945122
31079,2024,476.7496073560244
31079,2025,473.4683563977728
31081,2021,308.35338129916204
31081,2022,318.02481764652407
31081,2023,326.2624802758772
31081,2024,333.266836012113
31081,2025,339.2302096087755
31083,2021,195.83834624982393
31083,2022,204.97007164792961
31083,2023,215.5599482085949
31083,2024,225.6362663343841
31083,2025,234.72177171650992
31089,2021,255.38730670335798
31089,2022,270.04714222570595
31089,2023,285.4329486750895
31089,2024,300.0382092653378
31089,2025,314.07848998517915
31093,2021,204.28170029841533
31093,2022,209.8590042806598
31093,2023,214.60996174427288
31093,2024,218.6487878283427
31093,2025,221.8989989461748
31095,2021,178.55274126209278
31095,2022,190.9814041032162
31095,2023,203.44554585452232
31095,2024,214.79050267023737
31095,2025,225.1352793912149
31099,2021,213.33979984417786
31099,2022,223.3602139838015
31099,2023,232.94529268806457
31099,2024,240.79418045531048
31099,2025,247.0634636771461
31101,2021,227.54580886181003
31101,2022,241.3553866114712
31101,2023,254.1339063192351
31101,2024,266.8227901342926
31101,2025,279.6850017753582
31105,2021,252.15407560086862
31105,2022,264.26702922068245
31105,2023,276.9779936920718
31105,2024,290.25937017547955
31105,2025,304.1073633902252
31107,2021,218.0390778234936
31107,2022,231.32158814731662
31107,2023,246.4433021192694
31107,2024,261.5486303694938
31107,2025,276.4504721362966
31109,2021,559.9251425329901
31109,2022,577.5734010277997
31109,2023,595.266333161137
31109,2024,612.4202600150379
31109,2025,629.0183798380415
31111,2021,318.7442781972727
31111,2022,328.63163005396774
31111,2023,336.99577275478606
31111,2024,343.91460636611384
31111,2025,349.7503699721422
31119,2021,418.7029908329655
31119,2022,431.55105492873224
31119,2023,443.4987805291959
31119,2024,454.5469788523326
31119,2025,464.83132554741064
31121,2021,201.34449348742297
31121,2022,206.70347959433008
31121,2023,213.4554847861312
31121,2024,219.32179053741143
31121,2025,223.8252200618154
31123,2021,167.1910423053015
31123,2022,176.443773531726
31123,2023,187.8996575868651
31123,2024,198.53402773736602
31123,2025,208.09504462546926
31125,2021,206.7886410772387
31125,2022,217.89165695667202
31125,2023,229.23766303891716
31125,2024,239.22334309481994
31125,2025,248.02198828983614
31127,2021,139.84575530940086
31127,2022,150.86879230051483
31127,2023,163.0468745720062
31127,2024,174.467081584465
31127,2025,185.07557455731893
31129,2021,176.80947915375296
31129,2022,186.6207176871862
31129,2023,199.1384179225606
31129,2024,211.53243336199753
31129,2025,222.95854591540837
31131,2021,266.57000336395726
31131,2022,278.92617885900637
31131,2023,291.71344771975527
31131,2024,304.47896115049497
31131,2025,317.30898642560334
31135,2021,158.4562448610764
31135,2022,178.35864903950483
31135,2023,199.76446859507874
31135,2024,219.87673041823308
31135,2025,239.1415002470685
31137,2021,314.65601958722226
31137,2022,328.2744072346726
31137,2023,340.677124102992
31137,2024,352.4090912404804
31137,2025,363.70101896391736
31139,2021,197.97636536793692
31139,2022,208.9657972819186
31139,2023,221.64893483060504
31139,2024,233.3408422085418
31139,2025,243.76277379621624
31141,2021,391.5788759574992
31141,2022,405.2555609400654
31141,2023,420.1939479174895
31141,2024,435.5406492243304
31141,2025,451.0375386526018
31143,2021,186.53897093634876
31143,2022,194.7552070550006
31143,2023,207.00009180685356
31143,2024,218.37317566001116
31143,2025,227.94451583567846
31145,2021,307.52510815498624
31145,2022,321.4679843420839
31145,2023,333.91937297690555
31145,2024,345.6165759765221
31145,2025,357.0611697267391
31147,2021,152.02429497326546
31147,2022,164.03633264934743
31147,2023,177.4664662615343
31147,2024,190.05023470359708
31147,2025,201.69951800302908
31151,2021,258.0358459297953
31151,2022,267.3778570258223
31151,2023,276.1224262446405
31151,2024,284.30436901538656
31151,2025,291.8899323979539
31153,2021,525.2652005133426
31153,2022,544.3271787800593
31153,2023,563.9515231257069
31153,2024,583.5473623680451
31153,2025,603.0778387524463
31155,2021,374.81274748774445
31155,2022,388.54177394716925
31155,2023,403.10038033344233
31155,2024,417.6691461299141
31155,2025,432.2283442908821
31157,2021,428.53857839852157
31157,2022,441.66409159806926
31157,2023,456.69097125573103
31157,2024,471.56822709883966
31157,2025,486.26905057015085
31159,2021,317.433124729822
31159,2022,325.0049307522263
31159,2023,332.70738744642694
31159,2024,339.35221447425545
31159,2025,344.7708467697294
31167,2021,255.01898186123836
31167,2022,266.2787689507944
31167,2023,278.2693049451866
31167,2024,289.8520901867962
31167,2025,300.8775437058829
31173,2021,195.7635057625555
31173,2022,200.865488207191
31173,2023,204.59164873220155
31173,2024,209.0609775435006
31173,2025,214.22804375632785
31175,2021,198.78528476044585
31175,2022,210.6907769063279
31175,2023,223.3891698220357
31175,2024,235.04633799610104
31175,2025,245.8166815128755
31177,2021,338.4148062274634
31177,2022,351.2753075252963
31177,2023,365.2974220121469
31177,2024,379.48997321791796
31177,2025,393.73187503064446
31179,2021,280.3138345081054
31179,2022,295.73167571736093
31179,2023,311.9329199348178
31179,2024,327.7544109068594
31179,2025,343.4735154889059
31185,2021,309.00325833714953
31185,2022,320.7276014717613
31185,2023,331.6269135872143
31185,2024,341.37805194506234
31185,2025,350.31029875691075
32001,2021,459.2237309176097
32001,2022,469.95027646329277
32001,2023,482.14467785743113
32001,2024,495.2224095315371
32001,2025,508.64643022793894
32003,2021,722.9737285457161
32003,2022,745.9424000617123
32003,2023,765.6109672788879
32003,2024,780.1790495807563
32003,2025,789.7102902009566
32005,2021,758.103228306292
32005,2022,758.8172386465532
32005,2023,760.3570969675129
32005,2024,761.1959552101346
32005,2025,760.0832768805192
32007,2021,377.43794253352996
32007,2022,390.05528314016993
32007,2023,402.3400494867009
32007,2024,414.0218032053559
32007,2025,425.28525390817435
32013,2021,319.5106315340829
32013,2022,331.66825080907824
32013,2023,344.84965870890846
32013,2024,358.715943552738
32013,2025,373.06043656608597
32015,2021,238.08435594507986
32015,2022,252.04450906012136
32015,2023,267.36772588208197
32015,2024,284.349562856296
32015,2025,302.93919791361986
32019,2021,371.8555741162137
32019,2022,371.1964470790541
32019,2023,371.0438585255809
32019,2024,371.4083225644365
32019,2025,371.5107049805101
32021,2021,230.83935560819555
32021,2022,242.05309291149376
32021,2023,253.4648186183963
32021,2024,265.0433355495844
32021,2025,277.30205388300453
32023,2021,223.34277574638526
32023,2022,213.0287179080407
32023,2023,200.98063620069652
32023,2024,187.91937435277148
32023,2025,173.09521822230352
32027,2021,192.91427947299786
32027,2022,206.54623218603825
32027,2023,220.09105170159853
32027,2024,235.11635578709482
32027,2025,251.84843818758185
32029,2021,306.3441817128195
32029,2022,303.12432260345565
32029,2023,299.2635377004117
32029,2024,296.0969960535136
32029,2025,292.55471143487955
32031,2021,911.5108943266447
32031,2022,928.1860766820852
32031,2023,945.1106167555619
32031,2024,961.4244792183853
32031,2025,976.4588623273194
32033,2021,258.5373496951303
32033,2022,275.9951684742149
32033,2023,292.58826672743163
32033,2024,309.88559503723195
32033,2025,328.39711626972934
32510,2021,585.2126282239519
32510,2022,585.9166520499439
32510,2023,586.2236565628889
32510,2024,586.7032920059263
32510,2025,586.282688353554
33001,2021,329.82697031211654
33001,2022,328.90633517683494
33001,2023,325.33107458129757
33001,2024,319.39073778841816
33001,2025,310.5061376561813
33003,2021,294.4224136704714
33003,2022,289.27448557845
33003,2023,279.9509876952699
33003,2024,267.5374981774181
33003,2025,251.5644176978211
33005,2021,489.2596734393977
33005,2022,493.54712367550826
33005,2023,495.1301313014353
33005,2024,495.1610187742631
33005,2025,493.04156473849
33007,2021,255.47166382111982
33007,2022,251.53201324263978
33007,2023,242.53978222604565
33007,2024,230.87486413940482
33007,2025,216.49173787936647
33009,2021,388.5995877362548
33009,2022,394.5297961993597
33009,2023,397.70330726054056
33009,2024,398.9626902138694
33009,2025,398.07182884259123
33011,2021,788.8238603269325
33011,2022,800.5537264629603
33011,2023,809.3988533363588
33011,2024,816.7368350827973
33011,2025,821.8152333840488
33013,2021,457.34164439742636
33013,2022,466.02662873482745
33013,2023,471.81785103720864
33013,2024,476.07929126056143
33013,2025,478.5367500368378
33015,2021,846.6003752651515
33015,2022,858.6597372912889
33015,2023,868.409623050941
33015,2024,876.3686591757248
33015,2025,881.8659589182754
33017,2021,420.9436722633367
33017,2022,425.90584672388064
33017,2023,427.94319984681476
33017,2024,427.7735694666751
33017,2025,425.03737506701464
33019,2021,248.55677341828903
33019,2022,253.2020710666449
33019,2023,255.12808003317932
33019,2024,254.69102508214635
33019,2025,251.84159053671647
34001,2021,679.3562750851797
34001,2022,647.291373700346
34001,2023,608.6590906126789
34001,2024,566.012243231575
34001,2025,517.2935799604979
34003,2021,1020.0957304725182
34003,2022,1027.1885808783504
34003,2023,1030.572778283191
34003,2024,1031.0303415521971
34003,2025,1028.2094477560368
34005,2021,685.9640934574539
34005,2022,697.2693894155125
34005,2023,706.4904017389136
34005,2024,714.5056064629982
34005,2025,721.027200060923
34007,2021,567.0258208077787
34007,2022,568.0367447823248
34007,2023,566.1443634665184
34007,2024,563.0156352359011
34007,2025,558.0465313330926
34009,2021,1021.2993172143057
34009,2022,1007.3862081205936
34009,2023,991.4698835442952
34009,2024,976.5885023872888
34009,2025,960.1834850849392
34011,2021,545.3629068200078
34011,2022,539.8506215056536
34011,2023,532.0653610154154
34011,2024,523.6539762774544
34011,2025,513.7915768664585
34013,2021,1080.1479434584066
34013,2022,1077.136850152854
34013,2023,1071.1670560675157
34013,2024,1063.794751014403
34013,2025,1053.7388353344454
34015,2021,622.4983310971168
34015,2022,626.3976761751369
34015,2023,627.64202110668
34015,2024,627.6706684299813
34015,2025,625.9439488930057
34017,2021,1188.3984217059572
34017,2022,1181.8306074363172
34017,2023,1172.0702880288068
34017,2024,1160.0948324268693
34017,2025,1144.093790570299
34019,2021,780.1023317544004
34019,2022,792.1030186718273
34019,2023,801.8615917811497
34019,2024,809.5360681854664
34019,2025,815.1695015320938
34021,2021,791.6899999400115
34021,2022,800.1702164262152
34021,2023,806.536015144478
34021,2024,811.6297503552423
34021,2025,815.0237930186804
34023,2021,746.7586573592538
34023,2022,752.3980295143456
34023,2023,755.9122103305372
34023,2024,757.2588695212089
34023,2025,755.9417805197652
34025,2021,995.5655683498716
34025,2022,1009.6458837912572
34025,2023,1021.8501679579439
34025,2024,1032.325888544678
34025,2025,1040.6318575634623
34027,2021,983.7352469467618
34027,2022,1000.9195330881477
34027,2023,1015.6568127621641
34027,2024,1027.8559716000705
34027,2025,1037.7002243886918
34029,2021,885.2375051918477
34029,2022,902.0976195923921
34029,2023,916.9701985360692
34029,2024,931.2878806731763
34029,2025,944.5960968157847
34031,2021,866.714811668994
34031,2022,855.3287195164098
34031,2023,839.9795906581147
34031,2024,822.0975191425431
34031,2025,800.355097675339
34033,2021,447.1827349245147
34033,2022,442.5793263252017
34033,2023,435.88025950622625
34033,2024,427.979411120254
34033,2025,418.2402674577629
34035,2021,811.5014431041559
34035,2022,822.8127724357981
34035,2023,831.2048945517943
34035,2024,836.9077765783505
34035,2025,840.0348574085561
34037,2021,716.2883940663676
34037,2022,719.8873297868906
34037,2023,720.6123511142812
34037,2024,719.7355938894691
34037,2025,716.5354516424346
34039,2021,973.8872916435391
34039,2022,977.0339343695674
34039,2023,978.104502603167
34039,2024,977.4058747084781
34039,2025,974.0597625608075
34041,2021,619.5008799309694
34041,2022,622.7312561161377
34041,2023,622.2558158676076
34041,2024,620.3946843314009
34041,2025,616.6311398087373
35001,2021,630.8874378131287
35001,2022,652.7964371636145
35001,2023,675.2088207888569
35001,2024,698.8386188449291
35001,2025,723.4277273129728
35005,2021,330.43144620869276
35005,2022,332.25567607441604
35005,2023,331.9954807707834
35005,2024,332.4105519345869
35005,2025,333.1095612104962
35006,2021,273.68376648265604
35006,2022,273.97684790174907
35006,2023,271.441475622868
35006,2024,269.9352879444746
35006,2025,269.4386535273793
35007,2021,249.6177066838293
35007,2022,255.00974486040408
35007,2023,259.16311420332534
35007,2024,263.5445203844503
35007,2025,268.0599718776076
35009,2021,338.73181842090014
35009,2022,350.9158050828352
35009,2023,361.8146401280628
35009,2024,372.75530953491926
35009,2025,384.041996632045
35013,2021,476.51057995414897
35013,2022,481.71493173553006
35013,2023,487.01867865899436
35013,2024,492.95059946477625
35013,2025,499.0182574713981
35015,2021,531.742282185962
35015,2022,540.7887254093072
35015,2023,551.9058815446697
35015,2024,564.4998857796752
35015,2025,577.650583724653
35017,2021,300.8852166156618
35017,2022,296.91652185775934
35017,2023,290.21123042829095
35017,2024,282.2597802271412
35017,2025,272.900519475358
35025,2021,473.7210228281732
35025,2022,467.9194574399074
35025,2023,462.359157098452
35025,2024,457.47170958604886
35025,2025,452.30300262441307
35027,2021,275.97603895797994
35027,2022,273.9675051453573
35027,2023,268.94173598610666
35027,2024,263.15785493519115
35027,2025,256.36672789961574
35028,2021,699.3197436827788
35028,2022,721.1875380411112
35028,2023,744.7814706613353
35028,2024,770.3929466913318
35028,2025,797.3444297800746
35029,2021,118.18106953808663
35029,2022,84.27854000208603
35029,2023,48.9132862579869
35029,2024,10.0509556469097
35029,2025,-42.13009493097161
35031,2021,261.3629306101583
35031,2022,257.1404485917315
35031,2023,252.35867185633327
35031,2024,248.34975312752462
35031,2025,244.8077214520305
35035,2021,343.17176762026713
35035,2022,344.40535917831727
35035,2023,345.1507611035894
35035,2024,345.5452430163642
35035,2025,345.069788362284
35037,2021,145.16939745417423
35037,2022,145.10183730617783
35037,2023,145.26540106403357
35037,2024,146.25935559551812
35037,2025,147.6104616260573
35039,2021,203.75532072307527
35039,2022,208.71385997878534
35039,2023,213.8100331976923
35039,2024,219.16145625988474
35039,2025,224.84430127843905
35041,2021,312.6336923385038
35041,2022,320.71920784980205
35041,2023,328.4047098852577
35041,2024,336.30382639019933
35041,2025,344.376399536967
35043,2021,519.6231395308719
35043,2022,530.1690098750448
35043,2023,540.9076165122858
35043,2024,552.4509868600085
35043,2025,564.2445413933563
35045,2021,432.5462596598478
35045,2022,436.2084700199413
35045,2023,439.11181251086765
35045,2024,443.0818804355605
35045,2025,447.8944427214392
35047,2021,215.9051749512377
35047,2022,217.27714685244348
35047,2023,220.7587961919446
35047,2024,224.8234891113455
35047,2025,228.91974640925332
35049,2021,907.3383068191349
35049,2022,914.6244023925285
35049,2023,922.7704771279923
35049,2024,931.636948519429
35049,2025,939.6651526540372
35051,2021,159.45143773556367
35051,2022,153.76355599255743
35051,2023,145.81925789381347
35051,2024,138.3312802010207
35051,2025,131.205793288121
35053,2021,207.18626130154854
35053,2022,210.93793072059984
35053,2023,216.06788225622932
35053,2024,221.63896394808307
35053,2025,227.34726098354218
35055,2021,258.2399807592439
35055,2022,248.75359983550098
35055,2023,236.25847877686252
35055,2024,223.20041911098423
35055,2025,209.2523695840163
35057,2021,164.105763841061
35057,2022,162.98960078035475
35057,2023,159.87742450834708
35057,2024,158.0193346845789
35057,2025,157.67555710551244
35059,2021,4531078293.224338
35059,2022,5518868974.3516865
35059,2023,4675097143.63774
35059,2024,4269811278.140344
35059,2025,4310496267.623182
35061,2021,382.7274632789247
35061,2022,387.16744928310925
35061,2023,392.23947730969826
35061,2024,398.07613087743164
35061,2025,404.14324307207727
36001,2021,553.3057375027145
36001,2022,556.9346905315381
36001,2023,557.9485469058995
36001,2024,557.0609161640207
36001,2025,554.2708990771
36003,2021,211.9347814647156
36003,2022,204.94067492246418
36003,2023,194.89529788617443
36003,2024,184.39817240177968
36003,2025,173.52556752287137
36005,2021,1149.8832648731664
36005,2022,1104.6624971943306
36005,2023,1053.1486227709515
36005,2024,999.0783321322671
36005,2025,939.2057433997327
36007,2021,422.13644628146653
36007,2022,413.53756956361633
36007,2023,400.7807595012164
36007,2024,387.1331848869948
36007,2025,372.0596320993345
36009,2021,254.44612312126503
36009,2022,240.17300928167106
36009,2023,225.39506083156573
36009,2024,209.1485808385915
36009,2025,190.40799675716363
36011,2021,382.8167733681111
36011,2022,378.86733877220604
36011,2023,372.0388898537165
36011,2024,364.6352556181418
36011,2025,356.0166826540549
36013,2021,441.2427211661244
36013,2022,434.17520637297014
36013,2023,425.4212917052572
36013,2024,415.93909133291993
36013,2025,404.99978836503465
36015,2021,381.9247301919523
36015,2022,375.07989772177314
36015,2023,365.82978568599515
36015,2024,354.9685132015825
36015,2025,342.0660687180148
36017,2021,158.9223272103957
36017,2022,153.19932009867836
36017,2023,147.50434457805045
36017,2024,141.2111632124744
36017,2025,133.61567408360983
36019,2021,271.2694632840451
36019,2022,266.7483346655506
36019,2023,261.01172862086526
36019,2024,254.0432985134114
36019,2025,245.4344993540268
36021,2021,331.9025095292629
36021,2022,333.9439808445718
36021,2023,334.18998486242685
36021,2024,333.2293577413358
36021,2025,330.8025253819412
36023,2021,262.5958138205727
36023,2022,255.66825390010445
36023,2023,245.52703681055806
36023,2024,234.67601081213513
36023,2025,222.89278247710337
36025,2021,181.21690611297066
36025,2022,177.2842505971387
36025,2023,171.74839120176654
36025,2024,165.1882661907101
36025,2025,157.41964730096262
36027,2021,693.333965214838
36027,2022,695.9327853823972
36027,2023,696.3496706751026
36027,2024,695.8337375995048
36027,2025,693.6909436865805
36029,2021,590.2718870250668
36029,2022,585.5536175492125
36029,2023,577.4919980749399
36029,2024,567.728657001797
36029,2025,555.3379914924296
36031,2021,225.47869384580451
36031,2022,219.22797643111167
36031,2023,210.79395958170397
36031,2024,200.61324897384353
36031,2025,188.26173085624848
36033,2021,197.68806324851965
36033,2022,191.3060746689855
36033,2023,183.12699905858196
36033,2024,173.52867449802915
36033,2025,162.2174531348769
36035,2021,283.5453984463164
36035,2022,274.95285366705696
36035,2023,265.1401927179438
36035,2024,253.86574436139853
36035,2025,240.50453203813666
36037,2021,535.4733542001636
36037,2022,531.8848822363775
36037,2023,525.7939986514618
36037,2024,519.2952395774435
36037,2025,511.46666708917564
36039,2021,231.8269077922139
36039,2022,224.0743544275103
36039,2023,212.8823910904169
36039,2024,200.25064998061737
36039,2025,185.65139652842765
36041,2021,112.10353942263416
36041,2022,107.72593944438867
36041,2023,100.99166205186293
36041,2024,93.15796118959827
36041,2025,84.36735241174915
36043,2021,291.8228534472478
36043,2022,286.3940478734527
36043,2023,278.9187325436862
36043,2024,270.80163461293097
36043,2025,261.4999531975746
36045,2021,327.6946762052229
36045,2022,323.5133315238271
36045,2023,316.9960363305296
36045,2024,309.40670908031535
36045,2025,300.3864587044897
36047,2021,2148.5100779099685
36047,2022,2118.0115064268575
36047,2023,2085.0280925084257
36047,2024,2048.561520635986
36047,2025,2005.9588915931704
36049,2021,175.59327272939134
36049,2022,171.63473982193216
36049,2023,167.81937482701292
36049,2024,163.72209392417497
36049,2025,158.93668628880386
36051,2021,236.845628303894
36051,2022,233.82384564309612
36051,2023,229.3019433844992
36051,2024,223.94019894074418
36051,2025,217.37940797360932
36053,2021,326.81048227054384
36053,2022,320.1819308554932
36053,2023,312.61413492524645
36053,2024,303.94588213961526
36053,2025,293.49345127182823
36055,2021,465.95313418731155
36055,2022,466.9205106461668
36055,2023,464.1919947059557
36055,2024,459.161216523995
36055,2025,452.0132328436372
36057,2021,158.7207947185282
36057,2022,146.31247455895527
36057,2023,131.51156673908736
36057,2024,115.21314707208958
36057,2025,96.76371251269887
36059,2021,1253.4570972627428
36059,2022,1260.6587518591846
36059,2023,1265.87979237938
36059,2024,1269.4478571845893
36059,2025,1270.4326575965993
36061,2021,16834864216.877203
36061,2022,17119725849.728867
36061,2023,14178158096.884554
36061,2024,13249526517.102224
36061,2025,13544678814.96828
36063,2021,551.2517601833462
36063,2022,540.7124100269866
36063,2023,526.9783929827274
36063,2024,511.783600074243
36063,2025,493.93839851375515
36065,2021,545.3981538974754
36065,2022,542.6939206636321
36065,2023,537.2222851407968
36065,2024,531.3253422056085
36065,2025,524.2291879728735
36067,2021,475.03233453485797
36067,2022,473.89956528757864
36067,2023,469.1544981622462
36067,2024,462.8974443985652
36067,2025,454.6162082918012
36069,2021,303.31584834860007
36069,2022,301.66447883381863
36069,2023,296.9534022727745
36069,2024,290.48542269378277
36069,2025,282.30015939803906
36071,2021,660.0659194457646
36071,2022,661.5487632800882
36071,2023,660.9094007743693
36071,2024,658.9754868127784
36071,2025,654.8229065855016
36073,2021,264.35534363049015
36073,2022,253.60328707185027
36073,2023,240.33224097154306
36073,2024,225.76726625430538
36073,2025,209.28703834412806
36075,2021,224.3005799373286
36075,2022,215.19932376680973
36075,2023,202.50330491398097
36075,2024,188.70073076911657
36075,2025,173.5917790870871
36077,2021,347.4364638603693
36077,2022,344.6219109976029
36077,2023,341.09329268125794
36077,2024,336.61357914665
36077,2025,330.6123619305496
36079,2021,728.8847491182489
36079,2022,732.1117048195049
36079,2023,731.7064783887377
36079,2024,729.9794474567807
36079,2025,726.4906311253501
36081,2021,1326.0475229187878
36081,2022,1292.3655169114272
36081,2023,1253.9918397767515
36081,2024,1211.3877868122574
36081,2025,1162.119108001764
36083,2021,412.281461745965
36083,2022,414.27570157411407
36083,2023,413.8727390419414
36083,2024,412.07534019439663
36083,2025,408.8625515255061
36085,2021,1110.3606402374915
36085,2022,1108.380009445196
36085,2023,1102.6238802375522
36085,2024,1093.1270730843662
36085,2025,1079.305946185824
36087,2021,898.6549790893843
36087,2022,904.1973377654255
36087,2023,907.5412206201509
36087,2024,908.8873834536334
36087,2025,907.873996158902
36089,2021,237.85393820605543
36089,2022,234.07481755227155
36089,2023,229.3949230010548
36089,2024,224.18137600856573
36089,2025,218.19409091704813
36091,2021,593.4691266247071
36091,2022,602.0227586777019
36091,2023,607.6615773995718
36091,2024,611.617479518118
36091,2025,614.0199789621495
36093,2021,526.4482690064228
36093,2022,524.7459063304118
36093,2023,520.2457225279716
36093,2024,514.2730803355241
36093,2025,506.37862028284076
36095,2021,147.72530631377887
36095,2022,143.08164766521475
36095,2023,136.41656055208082
36095,2024,128.7789656126497
36095,2025,120.08944009730948
36097,2021,235.48497441750055
36097,2022,227.32077379976127
36097,2023,218.24571948639527
36097,2024,207.83186349890224
36097,2025,195.50902573062734
36099,2021,276.9615341822198
36099,2022,270.932260992992
36099,2023,260.19957407656375
36099,2024,248.16624004730164
36099,2025,234.71274444660122
36101,2021,341.2585919331632
36101,2022,336.35879723748377
36101,2023,329.59066299544736
36101,2024,322.2305011863025
36101,2025,313.7384402155209
36103,2021,1105.3550402522103
36103,2022,1122.3394546516363
36103,2023,1137.1903213075311
36103,2024,1151.747771025533
36103,2025,1165.5609099521425
36105,2021,192.20722697856274
36105,2022,181.2340483659504
36105,2023,166.07522155003173
36105,2024,148.43021603739535
36105,2025,127.89358522177295
36107,2021,213.9931497114204
36107,2022,207.18396369091522
36107,2023,198.0521389969458
36107,2024,187.31780523164957
36107,2025,174.69645293919893
36109,2021,612.387708106487
36109,2022,619.4686948713462
36109,2023,623.7932085935417
36109,2024,627.4719986570192
36109,2025,630.4741087477728
36111,2021,709.4150392558743
36111,2022,708.3001674043052
36111,2023,705.0595033772036
36111,2024,701.3632501141274
36111,2025,696.0259952612796
36113,2021,345.5016869008547
36113,2022,341.8592942344345
36113,2023,333.82445730223066
36113,2024,324.3492886544427
36113,2025,313.28834834534035
36115,2021,304.6524761009184
36115,2022,303.6516059748555
36115,2023,300.01543873416364
36115,2024,295.3532287816219
36115,2025,289.40476248074225
36117,2021,362.85674678370987
36117,2022,361.2153827597431
36117,2023,357.520864896708
36117,2024,353.5168889244507
36117,2025,348.6578105120217
36119,2021,1204.2281239589195
36119,2022,1213.8727454974521
36119,2023,1221.5545401748961
36119,2024,1227.321630603059
36119,2025,1230.810302577905
36121,2021,290.235629652159
36121,2022,285.38432471867316
36121,2023,279.5915056293211
36121,2024,273.11803378867995
36121,2025,265.35169467040663
36123,2021,342.5023402997128
36123,2022,344.30158956122443
36123,2023,343.36340624971467
36123,2024,342.3344743742152
36123,2025,340.82250820757434
37001,2021,484.5248372509825
37001,2022,489.5052558557753
37001,2023,492.7595661234436
37001,2024,494.9920206997672
37001,2025,495.75996639001744
37003,2021,201.910608047528
37003,2022,196.2085366852046
37003,2023,186.38280895475356
37003,2024,173.71165606043428
37003,2025,158.07790120739259
37005,2021,210.57094480728375
37005,2022,207.22686892044436
37005,2023,199.7105200178774
37005,2024,191.0825053210706
37005,2025,181.30786506202827
37007,2021,163.63946314651963
37007,2022,160.50657493960932
37007,2023,154.87005956013417
37007,2024,148.07449863761326
37007,2025,139.9945833307789
37009,2021,230.0573404323252
37009,2022,230.8044121927138
37009,2023,230.12773800868823
37009,2024,227.98419937313042
37009,2025,224.15456335269494
37011,2021,228.93217886775363
37011,2022,230.59894092960576
37011,2023,231.47856364735955
37011,2024,231.10147731415503
37011,2025,229.25308867305864
37013,2021,283.6178590475338
37013,2022,290.3358553243636
37013,2023,295.4915297479609
37013,2024,300.85825264808204
37013,2025,306.52411550569855
37015,2021,153.92848878281723
37015,2022,159.4063864256858
37015,2023,164.49052594264901
37015,2024,169.89198359706478
37015,2025,175.82463281369203
37017,2021,194.97800961061327
37017,2022,197.09963055842599
37017,2023,197.13822569804228
37017,2024,197.17650157008134
37017,2025,197.51064191954947
37019,2021,518.5440889069125
37019,2022,521.311027061901
37019,2023,523.8592120164918
37019,2024,526.8468560896488
37019,2025,529.2489701423916
37021,2021,840.8168014145157
37021,2022,844.8827670589101
37021,2023,846.0942761649094
37021,2024,844.4981245063988
37021,2025,839.4572015210464
37023,2021,305.40546779070286
37023,2022,303.64355876363476
37023,2023,299.9753703468572
37023,2024,294.8262116462101
37023,2025,287.73198320632497
37025,2021,564.3590350685483
37025,2022,573.1562576026022
37025,2023,581.3199160462551
37025,2024,588.708021701844
37025,2025,594.6015722938791
37027,2021,242.30178680566513
37027,2022,237.05969296739534
37027,2023,229.0882164050983
37027,2024,219.10255582671178
37027,2025,206.676150481994
37029,2021,242.87403784988877
37029,2022,250.11907789864534
37029,2023,256.4847746445288
37029,2024,262.391216755011
37029,2025,268.0264824899196
37031,2021,371.3442525280993
37031,2022,378.27352950261565
37031,2023,385.510515485877
37031,2024,393.2554331551639
37031,2025,400.9667260678706
37033,2021,203.08432951790212
37033,2022,198.7766252697302
37033,2023,191.16665017871486
37033,2024,182.5164357478905
37033,2025,172.60368593442195
37035,2021,365.72108576695007
37035,2022,362.36322127842345
37035,2023,356.75008518332834
37035,2024,349.1645561943798
37035,2025,338.9459165193089
37037,2021,297.5267337712185
37037,2022,306.58390379275147
37037,2023,315.7639062655598
37037,2024,323.8722968197411
37037,2025,330.81842499011947
37039,2021,172.10765326758593
37039,2022,166.82999255636787
37039,2023,158.3961357288777
37039,2024,147.76069050637224
37039,2025,134.8290902907581
37041,2021,219.15075074807913
37041,2022,226.2234865648817
37041,2023,232.39983521506792
37041,2024,239.1611898701463
37041,2025,246.70904866790656
37043,2021,182.71179052833944
37043,2022,179.1387801141545
37043,2023,172.34142086497482
37043,2024,163.83279827175335
37043,2025,153.57711150275844
37045,2021,311.70961317514025
37045,2022,308.4142468642785
37045,2023,303.9041715100033
37045,2024,298.2274187195477
37045,2025,290.6807849150546
37047,2021,188.27381759331303
37047,2022,185.2365439849047
37047,2023,179.37213965998492
37047,2024,172.69790549912366
37047,2025,165.29847554830798
37049,2021,391.383851451144
37049,2022,398.9219246284557
37049,2023,408.2578997121241
37049,2024,417.3425338409653
37049,2025,425.6776755682605
37051,2021,256.67737982185565
37051,2022,256.65687398540433
37051,2023,254.36083086182273
37051,2024,251.13075860236506
37051,2025,246.90880180448502
37053,2021,227.11623005361662
37053,2022,232.34510001857126
37053,2023,237.84596303246602
37053,2024,242.62475727929512
37053,2025,246.45687142633452
37055,2021,423.6059916202181
37055,2022,417.58779364063105
37055,2023,408.035140875659
37055,2024,397.7927373880038
37055,2025,386.20806592117736
37057,2021,313.85700590932197
37057,2022,317.1066786882299
37057,2023,318.6276346011161
37057,2024,318.7283507250857
37057,2025,317.20531535732675
37059,2021,226.63098081996318
37059,2022,226.086705209449
37059,2023,223.9750076102135
37059,2024,219.94992483216652
37059,2025,213.71999929913395
37061,2021,223.37319012953856
37061,2022,230.57859507168186
37061,2023,236.99840941052662
37061,2024,243.84206263615056
37061,2025,251.08186504569863
37063,2021,665.1178369907043
37063,2022,679.7193869659216
37063,2023,694.8985675756222
37063,2024,709.6310432180976
37063,2025,723.4370835652337
37065,2021,246.6215419233084
37065,2022,235.46870133827582
37065,2023,221.04202506134897
37065,2024,206.25506131496945
37065,2025,190.75081043596307
37067,2021,439.5582982794215
37067,2022,447.31945071240807
37067,2023,453.0072712438979
37067,2024,457.5881368535967
37067,2025,460.7997466774866
37069,2021,266.10258807067373
37069,2022,270.4649167513868
37069,2023,274.3358185375604
37069,2024,277.81683773812995
37069,2025,280.5765911164164
37071,2021,567.8074911575229
37071,2022,571.8505346243184
37071,2023,574.619900629519
37071,2024,576.9257928570162
37071,2025,577.8475884502369
37073,2021,143.5550984995813
37073,2022,143.0306854026069
37073,2023,148.62975429003606
37073,2024,154.19931349247543
37073,2025,157.6952519087378
37075,2021,179.4360147387806
37075,2022,172.716822220198
37075,2023,156.8290397676951
37075,2024,139.82417967351753
37075,2025,122.95862179179724
37077,2021,271.4901272575088
37077,2022,277.8629828930328
37077,2023,283.35369946806577
37077,2024,287.6893503180622
37077,2025,290.76325735522204
37079,2021,150.7632213491301
37079,2022,154.14967573849583
37079,2023,160.9885220863095
37079,2024,167.86672612497242
37079,2025,173.7563371086004
37081,2021,470.5614593011595
37081,2022,474.45895476296005
37081,2023,476.0846069583263
37081,2024,475.99282178874637
37081,2025,473.88085892486276
37083,2021,193.16264195829103
37083,2022,185.74841028729227
37083,2023,177.69576356209654
37083,2024,169.2277457238378
37083,2025,159.86192048532672
37085,2021,260.5463489483624
37085,2022,264.9926382385977
37085,2023,268.0560562556653
37085,2024,270.51393640030903
37085,2025,272.24701933411507
37087,2021,327.74085681644675
37087,2022,324.77083634746594
37087,2023,318.28696966244723
37087,2024,309.79997739177594
37087,2025,298.89866658259683
37089,2021,653.4197944180171
37089,2022,658.529436693821
37089,2023,663.1722534501143
37089,2024,666.2481637035364
37089,2025,667.0760812139877
37091,2021,195.04328003719894
37091,2022,197.1559278143767
37091,2023,200.76097848424888
37091,2024,203.86695852034075
37091,2025,206.217828390595
37093,2021,179.89022687464586
37093,2022,176.01091216451488
37093,2023,170.65324692216586
37093,2024,164.59096779143275
37093,2025,157.434707144353
37095,2021,126.95214541732025
37095,2022,114.19341246230519
37095,2023,100.70632241777187
37095,2024,86.61430874321567
37095,2025,71.34070425559543
37097,2021,532.9385903396292
37097,2022,539.3416942600871
37097,2023,544.117424324427
37097,2024,547.6520116999518
37097,2025,549.5197333274009
37099,2021,215.57042634486677
37099,2022,211.94118027145655
37099,2023,204.6164323982892
37099,2024,195.40800429415904
37099,2025,184.27832575270395
37101,2021,458.8725620995175
37101,2022,473.97720447936194
37101,2023,489.0899359010755
37101,2024,504.4045187924202
37101,2025,519.6731406731943
37103,2021,191.03683699301337
37103,2022,197.15769399304145
37103,2023,203.30221364195216
37103,2024,209.29738320271855
37103,2025,215.13167710477617
37105,2021,254.28432896498492
37105,2022,252.20367019277649
37105,2023,248.5242008381387
37105,2024,243.74281201202663
37105,2025,237.49920534545495
37107,2021,256.71048399882574
37107,2022,262.765676212614
37107,2023,269.4423273028545
37107,2024,276.0027280566111
37107,2025,282.42071116068297
37109,2021,318.058633417975
37109,2022,321.8378099150208
37109,2023,324.66468966443085
37109,2024,326.24939225730844
37109,2025,326.19974800465025
37111,2021,245.4868188939597
37111,2022,243.01898480165522
37111,2023,238.42118013901444
37111,2024,232.10847314686796
37111,2025,223.71866977643057
37113,2021,216.9260057211619
37113,2022,216.92320574287902
37113,2023,215.82757436527896
37113,2024,213.85909128483377
37113,2025,210.62017488603686
37115,2021,193.81856200244732
37115,2022,190.700515404759
37115,2023,185.81268448240883
37115,2024,178.8121118090524
37115,2025,169.30784394566632
37117,2021,201.39033452740253
37117,2022,205.7636645131422
37117,2023,207.6805407106236
37117,2024,210.35123648900634
37117,2025,214.14090530302042
37119,2021,801.5843846875619
37119,2022,834.8222922533531
37119,2023,867.4462227795191
37119,2024,899.1295785946177
37119,2025,929.8129617919471
37121,2021,164.7841678014396
37121,2022,158.68279264468913
37121,2023,150.84674839881097
37121,2024,141.5759504257224
37121,2025,130.42055599642583
37123,2021,186.31276156169668
37123,2022,184.41395421995543
37123,2023,183.1209311765642
37123,2024,180.88422564562103
37123,2025,176.90705981186562
37125,2021,286.3419219977417
37125,2022,290.2479627923285
37125,2023,292.463069280285
37125,2024,293.20040885197056
37125,2025,292.4829879375931
37127,2021,322.10630858954494
37127,2022,320.00690842260184
37127,2023,316.72072127931176
37127,2024,312.9720562828817
37127,2025,308.3050445827896
37129,2021,703.6741213513149
37129,2022,713.8930243877662
37129,2023,723.6923446808596
37129,2024,733.8635770520495
37129,2025,743.4315951921523
37131,2021,206.99607278213927
37131,2022,209.91658138490766
37131,2023,211.34887087288848
37131,2024,213.0581418426982
37131,2025,215.37304157807773
37133,2021,228.73077738216315
37133,2022,237.1565883771891
37133,2023,246.91751381559442
37133,2024,256.65278984827495
37133,2025,266.0007360622079
37135,2021,749.7158850266085
37135,2022,764.2162975605409
37135,2023,779.0237139040453
37135,2024,793.4709818778151
37135,2025,807.2142735894404
37137,2021,214.33540963982827
37137,2022,222.0550504320288
37137,2023,228.87376999644044
37137,2024,236.0167392490916
37137,2025,243.60105745738528
37139,2021,256.32473014196165
37139,2022,257.80812458767383
37139,2023,258.17508681217356
37139,2024,258.4711834145213
37139,2025,258.44885117434785
37141,2021,352.85659659682733
37141,2022,359.52341925216683
37141,2023,365.71249006875064
37141,2024,371.9348087437901
37141,2025,377.9290698001216
37143,2021,178.41536745453428
37143,2022,182.57765781394124
37143,2023,183.18563191597173
37143,2024,183.7503986229958
37143,2025,184.9728039545137
37145,2021,195.74832664390289
37145,2022,194.96659785143737
37145,2023,192.60829785417525
37145,2024,188.96200480810046
37145,2025,183.89004369667236
37147,2021,389.9034590954019
37147,2022,398.10470040074955
37147,2023,405.9501718825645
37147,2024,414.0461983884679
37147,2025,422.2183337449283
37149,2021,253.20065917441607
37149,2022,255.1208918230905
37149,2023,256.1613699914238
37149,2024,256.02478194249494
37149,2025,254.35170452377977
37151,2021,393.150655448644
37151,2022,394.5628323361151
37151,2023,393.86950803939266
37151,2024,392.04995910151007
37151,2025,388.73761955203486
37153,2021,253.57153192604855
37153,2022,245.21593110855824
37153,2023,234.94315244614756
37153,2024,223.82447001855678
37153,2025,211.19917276379957
37155,2021,206.53555808505052
37155,2022,202.77030136317677
37155,2023,196.29628534049954
37155,2024,189.84128160232314
37155,2025,183.52676785688806
37157,2021,235.83658719968187
37157,2022,230.26408053280306
37157,2023,221.96312105522787
37157,2024,212.25062799876437
37157,2025,200.8180513795507
37159,2021,522.1738283866028
37159,2022,523.973464620626
37159,2023,523.4195263562484
37159,2024,522.6667093825836
37159,2025,520.9465016730768
37161,2021,228.6571007252698
37161,2022,219.63649575185826
37161,2023,207.52345149646152
37161,2024,193.48770784929272
37161,2025,177.06450392662532
37163,2021,214.83320458619463
37163,2022,220.58374277838533
37163,2023,225.1614252370318
37163,2024,229.5605812122654
37163,2025,233.98311323207687
37165,2021,168.7089870336216
37165,2022,150.41117104850423
37165,2023,126.07803118562128
37165,2024,99.46415444215222
37165,2025,70.03114015174097
37167,2021,285.21468215496236
37167,2022,288.7692635796472
37167,2023,291.079608230132
37167,2024,291.9332419857649
37167,2025,291.1199662389403
37169,2021,382.73994101768324
37169,2022,386.05356476032995
37169,2023,387.5036806385983
37169,2024,387.9670725522482
37169,2025,387.2233790278186
37171,2021,266.0065505886593
37171,2022,265.96923917324136
37171,2023,263.7721221518375
37171,2024,259.73708568389526
37171,2025,253.76288266529582
37173,2021,195.73721511040813
37173,2022,188.88246913314796
37173,2023,177.25587060000777
37173,2024,163.4610190579395
37173,2025,147.596968949693
37175,2021,346.6025425791199
37175,2022,351.3610506204466
37175,2023,354.7128037964479
37175,2024,357.490618583662
37175,2025,359.3413754529332
37179,2021,543.2270983634667
37179,2022,557.3924216242465
37179,2023,571.2557173325517
37179,2024,584.4214772341658
37179,2025,596.5593147693535
37181,2021,197.63559242639116
37181,2022,184.2570778449687
37181,2023,168.15177666628122
37181,2024,150.21224047636952
37181,2025,129.79298820943268
37183,2021,706.2445502968246
37183,2022,748.5281692271815
37183,2023,791.7450384567594
37183,2024,834.0833354733081
37183,2025,876.1303987800542
37185,2021,213.02287625214848
37185,2022,202.86381639011657
37185,2023,188.74152264655174
37185,2024,173.03361775409684
37185,2025,155.6642406879995
37187,2021,161.43568780933106
37187,2022,160.1352029014786
37187,2023,156.99638370774176
37187,2024,153.9002994548378
37187,2025,151.0649374779328
37189,2021,251.27113475706804
37189,2022,251.49254424472238
37189,2023,250.7048621518092
37189,2024,248.4749461110787
37189,2025,244.34190411656468
37191,2021,416.1122759028932
37191,2022,424.5604626184411
37191,2023,432.80530178003187
37191,2024,441.2319274049512
37191,2025,449.78928540305253
37193,2021,231.23978527155447
37193,2022,230.447257039006
37193,2023,227.68486282813325
37193,2024,223.00537973474374
37193,2025,216.1532823803498
37195,2021,482.6959318529392
37195,2022,483.0808817098995
37195,2023,482.4286754833968
37195,2024,482.6757666660643
37195,2025,483.27370938509955
37197,2021,188.3947256911937
37197,2022,184.00220848088907
37197,2023,176.39923340001434
37197,2024,166.4946150698384
37197,2025,154.0057171019821
37199,2021,205.21275155516523
37199,2022,205.3108713086823
37199,2023,202.46219211878656
37199,2024,198.26061812876472
37199,2025,192.76742461204975
38003,2021,329.29840264840533
38003,2022,341.7219719703586
38003,2023,354.20395144021563
38003,2024,365.53918482195013
38003,2025,375.84883541898887
38009,2021,228.88427135787393
38009,2022,238.20033360310956
38009,2023,246.31097964403793
38009,2024,253.10743067375947
38009,2025,259.13220331571455
38011,2021,241.53497075794726
38011,2022,253.5671844847394
38011,2023,266.8884957112329
38011,2024,278.30115538943295
38011,2025,287.7449991474855
38015,2021,585.9209991399041
38015,2022,603.8437661375228
38015,2023,620.4048939829249
38015,2024,635.0872879925469
38015,2025,648.417553050191
38017,2021,550.9994984481764
38017,2022,568.1995210345686
38017,2023,583.8059056615002
38017,2024,596.9405625723563
38017,2025,608.0640401663826
38019,2021,259.03746750938484
38019,2022,273.2459342129812
38019,2023,287.5328802214571
38019,2024,300.73074878043127
38019,2025,313.0458619641231
38021,2021,235.61413777354477
38021,2022,245.21131254850187
38021,2023,254.32361720339728
38021,2024,261.7599529135653
38021,2025,267.4213767996446
38031,2021,241.68209879492457
38031,2022,255.56308468217242
38031,2023,269.16486146279345
38031,2024,281.4963576552079
38031,2025,292.8976668342679
38035,2021,469.14572193406866
38035,2022,481.0484189890384
38035,2023,490.80030110109976
38035,2024,498.2068798196352
38035,2025,503.66541078068826
38049,2021,261.46037522733326
38049,2022,271.5548007331113
38049,2023,277.68986472355044
38049,2024,283.394203561007
38049,2025,289.43655848675354
38053,2021,118.33164895923429
38053,2022,114.2937384152329
38053,2023,107.10200314142003
38053,2024,96.66192405556669
38053,2025,82.67333404327772
38055,2021,280.89305377635367
38055,2022,291.601482604205
38055,2023,302.55953945709575
38055,2024,311.94964346714426
38055,2025,319.95802522782117
38057,2021,284.9972371441917
38057,2022,292.5445830556123
38057,2023,298.52522208278697
38057,2024,302.92646560008876
38057,2025,306.1421977204177
38059,2021,359.5649830220362
38059,2022,370.34461380050914
38059,2023,380.05199175728353
38059,2024,387.8527524744581
38059,2025,394.05948470009344
38061,2021,104.51256083527468
38061,2022,107.9597330874042
38061,2023,111.14931526475877
38061,2024,112.2469753927052
38061,2025,110.65140141499387
38067,2021,174.43001220217042
38067,2022,179.5023762243697
38067,2023,186.17015360178513
38067,2024,192.69246869480492
38067,2025,198.56015753261278
38069,2021,226.56234643678602
38069,2022,241.78460989646604
38069,2023,255.63280692182116
38069,2024,268.23725435112203
38069,2025,280.5279651318885
38071,2021,255.029883632448
38071,2022,264.4031635734748
38071,2023,272.4906333191193
38071,2024,278.8311192800107
38071,2025,283.63513041614186
38073,2021,205.3215478240671
38073,2022,211.2029767892762
38073,2023,218.84152278112367
38073,2024,223.66523162559767
38073,2025,225.2643506921238
38077,2021,259.8647971055804
38077,2022,270.31140012149154
38077,2023,280.31294337542073
38077,2024,288.43940548358125
38077,2025,294.84731601851496
38081,2021,216.74155430570204
38081,2022,221.71489629412133
38081,2023,226.7377970595198
38081,2024,229.2435672466835
38081,2025,228.8002616660823
38089,2021,389.0603272138977
38089,2022,391.30019638864326
38089,2023,391.15882207415973
38089,2024,388.2521496640308
38089,2025,382.6435834125624
38093,2021,355.42916785186617
38093,2022,369.08143348126004
38093,2023,382.97088942437995
38093,2024,395.44099048956315
38093,2025,406.61671908968515
38097,2021,241.22599432521957
38097,2022,252.72501859833199
38097,2023,263.8071043289167
38097,2024,273.3904429755406
38097,2025,281.67825732897956
38099,2021,188.27312818276937
38099,2022,198.9633466462259
38099,2023,209.7335047400124
38099,2024,219.49127775646292
38099,2025,228.4708377585589
38101,2021,519.7088181837312
38101,2022,530.6315467920168
38101,2023,539.113530570339
38101,2024,546.0278319123529
38101,2025,551.7241719769122
38105,2021,459.8216952388991
38105,2022,451.45446771143673
38105,2023,441.44242905677515
38105,2024,428.8313173625472
38105,2025,412.53741240835853
39001,2021,210.96594269477063
39001,2022,197.68984388673613
39001,2023,182.48390068021905
39001,2024,166.2805543204201
39001,2025,148.3739036364312
39003,2021,337.25431825454666
39003,2022,328.72007029478345
39003,2023,316.62689387774293
39003,2024,302.75681501460804
39003,2025,286.5423299030799
39005,2021,436.6766746490172
39005,2022,438.32649803308834
39005,2023,438.1579539783559
39005,2024,437.89687727013785
39005,2025,437.06971473069143
39007,2021,376.7316192407096
39007,2022,370.0246878520138
39007,2023,362.3390350713792
39007,2024,353.65782298595883
39007,2025,343.3103511438187
39009,2021,332.36123401171545
39009,2022,328.6865114154347
39009,2023,322.95510650916685
39009,2024,316.6584790937581
39009,2025,309.60778718078745
39011,2021,541.5314813377925
39011,2022,540.7527237306742
39011,2023,537.0522044185111
39011,2024,531.8664865098343
39011,2025,524.6430339247931
39013,2021,248.86372762263358
39013,2022,233.83130258991335
39013,2023,216.50067136145213
39013,2024,197.50577588819544
39013,2025,176.18762960576294
39015,2021,272.0675564562885
39015,2022,263.8948342513961
39015,2023,252.4853475235983
39015,2024,239.83784491455134
39015,2025,225.52920511666383
39017,2021,399.8947241584617
39017,2022,402.0974563904698
39017,2023,402.7613492906109
39017,2024,402.4051533385718
39017,2025,400.5921463162075
39019,2021,316.90176112781097
39019,2022,307.65057326481735
39019,2023,298.36169155382504
39019,2024,287.9166670650366
39019,2025,275.50872665000367
39021,2021,391.0851408755468
39021,2022,387.16269667682553
39021,2023,380.9908670724318
39021,2024,373.6495649615338
39021,2025,364.5150293142051
39023,2021,461.38545243334954
39023,2022,456.01378057334995
39023,2023,448.92416926842685
39023,2024,440.9848763290384
39023,2025,431.30654706222185
39025,2021,487.49526525161104
39025,2022,488.6321541031741
39025,2023,488.4869789968718
39025,2024,487.4860056720072
39025,2025,484.99771806172964
39027,2021,366.1083283613596
39027,2022,359.6938373678451
39027,2023,351.11826063559397
39027,2024,341.85093302874685
39027,2025,331.11341079673514
39029,2021,358.26141644516235
39029,2022,347.8262473469681
39029,2023,335.4461367088554
39029,2024,321.86557299837295
39029,2025,306.3402443911804
39031,2021,392.2821361446711
39031,2022,383.1964832654482
39031,2023,372.9620199363682
39031,2024,362.2195803756781
39031,2025,350.02965364557855
39033,2021,212.20621752334677
39033,2022,196.5508999743326
39033,2023,178.07111996832793
39033,2024,157.64867135013765
39033,2025,134.37630802286927
39035,2021,416.1682074464594
39035,2022,410.7011105888154
39035,2023,402.36096250769265
39035,2024,392.41608682695585
39035,2025,380.2225321574057
39037,2021,336.7180609869983
39037,2022,334.7172586599643
39037,2023,331.29709265054817
39037,2024,326.53562156912227
39037,2025,319.85452020542755
39039,2021,260.67568567964184
39039,2022,251.93254956060366
39039,2023,239.2503466218041
39039,2024,224.58390698523462
39039,2025,207.60167323903835
39041,2021,534.5513565889669
39041,2022,544.9922069416275
39041,2023,554.8243914460705
39041,2024,563.5104988991741
39041,2025,570.8391170447516
39043,2021,318.73196901372665
39043,2022,300.5861937776134
39043,2023,278.2093264017946
39043,2024,252.87240194246573
39043,2025,223.73798564147268
39045,2021,531.2967271924218
39045,2022,534.3058406469349
39045,2023,536.6404865015816
39045,2024,538.353748687197
39045,2025,538.6849579054929
39047,2021,445.5019029939597
39047,2022,442.6604519315289
39047,2023,436.7271548069127
39047,2024,430.02455603130204
39047,2025,421.79386012050065
39049,2021,596.2435220853829
39049,2022,609.4920414663143
39049,2023,620.8077265256361
39049,2024,630.8366262620084
39049,2025,639.132057088211
39051,2021,237.3350379541234
39051,2022,228.35240674526804
39051,2023,217.00795398821575
39051,2024,203.51950836975894
39051,2025,187.36103017821614
39053,2021,182.94470805980274
39053,2022,175.4978714143826
39053,2023,166.0362439481195
39053,2024,155.6279029253041
39053,2025,143.96618108146976
39055,2021,483.69589507360973
39055,2022,482.35947342889403
39055,2023,478.9797293287487
39055,2024,474.4832532058647
39055,2025,468.42680898763274
39057,2021,447.8365916253731
39057,2022,451.2310210618907
39057,2023,454.06814234394733
39057,2024,456.373099955033
39057,2025,457.5836354857844
39059,2021,379.95320893069623
39059,2022,373.38440138101817
39059,2023,365.3433309302534
39059,2024,356.74155383645115
39059,2025,346.9517344572988
39061,2021,525.2770545777258
39061,2022,530.6565639751341
39061,2023,534.0883018037637
39061,2024,536.5134665375065
39061,2025,537.4088392578553
39063,2021,514.832408750443
39063,2022,515.6579434570775
39063,2023,514.0023714939198
39063,2024,510.83387078679743
39063,2025,505.61915522138906
39065,2021,272.92139541790016
39065,2022,264.7424100677941
39065,2023,252.30213775927913
39065,2024,238.0401419875287
39065,2025,221.6514150364905
39067,2021,247.0516606494536
39067,2022,237.07847863950437
39067,2023,223.30471234408355
39067,2024,208.80598290569276
39067,2025,193.46973255406283
39069,2021,218.51380978888335
39069,2022,209.5786047211198
39069,2023,198.36732661428755
39069,2024,185.49927254356086
39069,2025,170.52282343479797
39071,2021,339.5399666347478
39071,2022,330.1809366253471
39071,2023,319.3291580634429
39071,2024,307.6727675557019
39071,2025,294.33336224819254
39073,2021,321.929646944443
39073,2022,318.28412622935133
39073,2023,312.7848151462166
39073,2024,306.6033292080564
39073,2025,299.23813341308465
39075,2021,243.44507189197773
39075,2022,253.20158419344511
39075,2023,261.9329822539335
39075,2024,270.016300683728
39075,2025,277.67494550755987
39077,2021,287.7497568031259
39077,2022,275.6640265046691
39077,2023,260.4736533917211
39077,2024,243.8709113973705
39077,2025,225.23908588313884
39079,2021,261.39341226017564
39079,2022,251.7196370553554
39079,2023,243.06837604766255
39079,2024,233.6953676397554
39079,2025,222.74891085234006
39081,2021,261.24930429328464
39081,2022,246.55664541023083
39081,2023,231.85213322054534
39081,2024,216.8763312657964
39081,2025,200.46047920157616
39083,2021,520.9636913109246
39083,2022,523.3747596938135
39083,2023,524.7906626732256
39083,2024,526.0641524985452
39083,2025,526.4205326466702
39085,2021,401.34671000035246
39085,2022,397.7743139038425
39085,2023,391.72490965208453
39085,2024,384.318156738285
39085,2025,375.0001386685165
39087,2021,268.1950335305608
39087,2022,261.28444076263077
39087,2023,251.14770647000648
39087,2024,239.91483236253114
39087,2025,227.29104417444665
39089,2021,489.44416873334313
39089,2022,493.2821461805313
39089,2023,495.70749312689816
39089,2024,497.37095046597864
39089,2025,497.7151447588843
39091,2021,455.6133304479533
39091,2022,445.6579434163841
39091,2023,433.8812772666746
39091,2024,419.83905325692956
39091,2025,402.47497396258217
39093,2021,394.62997627438676
39093,2022,386.38375131918497
39093,2023,375.22908686564716
39093,2024,362.554508591208
39093,2025,347.66309899461237
39095,2021,290.6248375059347
39095,2022,275.529338353594
39095,2023,256.7979968458786
39095,2024,235.3440278522168
39095,2025,210.38115775028746
39097,2021,586.0499043894927
39097,2022,590.185003825093
39097,2023,594.7004905441819
39097,2024,598.6073417902899
39097,2025,601.1048398840072
39099,2021,287.9412103755919
39099,2022,271.5445243527117
39099,2023,251.81559860339001
39099,2024,229.82432909138117
39099,2025,204.79161535519944
39101,2021,261.9448056358861
39101,2022,255.8626684470133
39101,2023,247.98589126325356
39101,2024,238.69138903166407
39101,2025,227.44006624735928
39103,2021,423.55549895693844
39103,2022,420.5520172068346
39103,2023,414.7334644396616
39103,2024,407.19577596917316
39103,2025,397.3860339082828
39105,2021,204.7441310348608
39105,2022,189.8078563269503
39105,2023,174.03143814709972
39105,2024,157.62844739577662
39105,2025,139.7692564410245
39107,2021,451.82626745940973
39107,2022,455.54432679286646
39107,2023,457.6976125363275
39107,2024,458.65731736787336
39107,2025,458.01832494764363
39109,2021,459.39309655152886
39109,2022,459.90091837148765
39109,2023,458.66391886088036
39109,2024,456.59425739958726
39109,2025,453.06421029276055
39111,2021,125.49117482248641
39111,2022,109.61854500802318
39111,2023,91.39514155131397
39111,2024,72.83732545478765
39111,2025,53.53537980197143
39113,2021,418.84913950883913
39113,2022,416.0815409679666
39113,2023,411.30788101440635
39113,2024,405.67020948946384
39113,2025,398.42710524565797
39115,2021,173.87089361548584
39115,2022,163.0362005039481
39115,2023,150.39477596043204
39115,2024,137.050850086405
39115,2025,122.73043013727047
39117,2021,379.3890199014081
39117,2022,375.98607880632517
39117,2023,370.29126263602893
39117,2024,363.9869921959322
39117,2025,356.3921574031737
39119,2021,322.6776333727057
39119,2022,318.36377490358404
39119,2023,312.3860614803062
39119,2024,305.6026933222122
39119,2025,297.5077671257637
39121,2021,183.39721154794677
39121,2022,171.94471595541953
39121,2023,156.69583676658885
39121,2024,141.1457844847181
39121,2025,125.21246303998063
39123,2021,524.2812032772979
39123,2022,517.6823475794283
39123,2023,508.9825033950102
39123,2024,499.44383225109743
39123,2025,488.35767504984756
39125,2021,191.4512810371997
39125,2022,183.92860161432617
39125,2023,173.8230836253824
39125,2024,161.6930489571347
39125,2025,147.13366359309688
39127,2021,327.77349436527624
39127,2022,319.3991747170567
39127,2023,308.4937016265818
39127,2024,297.25310332880827
39127,2025,284.87110746900987
39129,2021,470.9810775493593
39129,2022,471.0017219659504
39129,2023,469.5406300943282
39129,2024,467.63422556627404
39129,2025,464.5478792702796
39131,2021,258.942729104044
39131,2022,245.65699065264528
39131,2023,230.74093031549285
39131,2024,215.0489053762691
39131,2025,197.69740935189117
39133,2021,394.32621783940715
39133,2022,391.0988150151366
39133,2023,386.11535693004834
39133,2024,380.1077113916059
39133,2025,372.5845420001737
39135,2021,289.1270821416943
39135,2022,287.457278864393
39135,2023,283.93994911869424
39135,2024,279.74780051715766
39135,2025,274.44121220659935
39137,2021,261.7462819555454
39137,2022,263.32833206809147
39137,2023,263.8617536087861
39137,2024,262.9149360018704
39137,2025,260.2405126256249
39139,2021,318.7452137563143
39139,2022,306.95009826975956
39139,2023,292.6208301913084
39139,2024,276.81054711703234
39139,2025,258.6116226700145
39141,2021,462.12520286820984
39141,2022,457.5143055531889
39141,2023,450.3877707852847
39141,2024,442.71424893479195
39141,2025,433.67269419977004
39143,2021,260.6077601556655
39143,2022,253.2090676267499
39143,2023,242.51179528873618
39143,2024,229.72461518162817
39143,2025,214.58722294098942
39145,2021,244.46025609581238
39145,2022,236.50528216094406
39145,2023,226.52151025487834
39145,2024,215.67710453125872
39145,2025,203.77754850619374
39147,2021,382.20722059371025
39147,2022,375.1587544218765
39147,2023,365.4860888012471
39147,2024,354.38237691229466
39147,2025,341.17208700159773
39149,2021,266.3750921817612
39149,2022,258.2602795043819
39149,2023,246.46246364325975
39149,2024,232.41195099388887
39149,2025,215.64766683418662
39151,2021,415.6332906598782
39151,2022,414.97875909999834
39151,2023,412.8205905342277
39151,2024,409.84522915444956
39151,2025,405.54034049335337
39153,2021,424.1270398435914
39153,2022,425.06585746097613
39153,2023,423.9100642450467
39153,2024,421.41134374249066
39153,2025,417.12936690872635
39155,2021,231.5648881234615
39155,2022,213.67850838871857
39155,2023,191.21315542765126
39155,2024,166.34540109642876
39155,2025,138.46177157320403
39157,2021,374.46581684963115
39157,2022,371.5662000779055
39157,2023,366.54377976041667
39157,2024,360.6492174459528
39157,2025,353.52246438891774
39159,2021,532.1594227981359
39159,2022,536.3969507067743
39159,2023,539.8765695438132
39159,2024,542.5538009629346
39159,2025,543.866188093177
39161,2021,234.49543307475386
39161,2022,229.86724279849344
39161,2023,221.28713512926151
39161,2024,210.8864243057982
39161,2025,198.55799080349635
39163,2021,160.6287679933635
39163,2022,146.81234165224996
39163,2023,130.03214183130174
39163,2024,112.11662275725007
39163,2025,92.28672624589882
39165,2021,452.0840218801586
39165,2022,459.4608821441715
39165,2023,465.92006727748037
39165,2024,471.51453215443127
39165,2025,475.8658102070563
39167,2021,279.3101068937156
39167,2022,271.7090134431906
39167,2023,262.2290806699022
39167,2024,251.72390340252846
39167,2025,239.82435677488044
39169,2021,417.46308840603535
39169,2022,420.3149060632327
39169,2023,421.21510046377676
39169,2024,421.48321189648516
39169,2025,420.73166089059237
39171,2021,222.51360423747877
39171,2022,214.3029038726416
39171,2023,202.33545262089063
39171,2024,188.08004795427038
39171,2025,171.2834710904404
39173,2021,356.17726811913724
39173,2022,353.44411055553155
39173,2023,348.22381183486186
39173,2024,341.23337205696583
39173,2025,332.1378512733529
39175,2021,244.92983490094193
39175,2022,239.48963890646235
39175,2023,232.18154252741112
39175,2024,222.3549846133328
39175,2025,209.54715695466342
40001,2021,203.07069921080048
40001,2022,213.37147115605708
40001,2023,215.8764201580565
40001,2024,216.80914409883516
40001,2025,218.14833898392257
40005,2021,130.90321269550512
40005,2022,126.55386320136449
40005,2023,122.85625614570299
40005,2024,118.66680702246245
40005,2025,113.23860573943352
40007,2021,204.10549245175952
40007,2022,223.2873409701802
40007,2023,239.1454889524646
40007,2024,255.10981508992376
40007,2025,272.215786626103
40009,2021,234.30546915984948
40009,2022,235.01835439324964
40009,2023,234.3747139232544
40009,2024,232.74475935194064
40009,2025,230.4043564708884
40011,2021,161.42221384013897
40011,2022,163.80299827571048
40011,2023,161.97259214203422
40011,2024,157.3692623066414
40011,2025,150.69140278356247
40013,2021,254.38143649952752
40013,2022,261.064945620031
40013,2023,267.4589460549617
40013,2024,272.93834469758343
40013,2025,277.4435002655097
40015,2021,173.98556501856524
40015,2022,178.93196616403253
40015,2023,183.1700674028332
40015,2024,186.61496256204984
40015,2025,189.4260620736345
40017,2021,503.78638669171073
40017,2022,516.9441296963292
40017,2023,529.806797408096
40017,2024,541.6330886282508
40017,2025,552.2955801040441
40019,2021,283.92536234538215
40019,2022,283.6983183974649
40019,2023,281.1650274994578
40019,2024,277.1052832621336
40019,2025,271.4845447110985
40021,2021,405.70796793969214
40021,2022,412.32771440279635
40021,2023,418.13547211975344
40021,2024,423.68815086338293
40021,2025,428.76584527887945
40023,2021,175.08998825772164
40023,2022,172.84738056448742
40023,2023,168.74210777022665
40023,2024,164.1895763672291
40023,2025,159.36422979328336
40027,2021,509.58543371478675
40027,2022,521.99794529581
40027,2023,532.4976687028427
40027,2024,542.126313540428
40027,2025,550.7700318999973
40031,2021,333.084561907423
40031,2022,337.2381652471271
40031,2023,338.73506541861184
40031,2024,338.7767388117759
40031,2025,337.5778203876801
40033,2021,127.68382781736256
40033,2022,123.9016152597666
40033,2023,116.66467407420402
40033,2024,106.6692937659958
40033,2025,94.17255996119587
40035,2021,161.70826132574837
40035,2022,165.0891635925675
40035,2023,166.2995335522894
40035,2024,165.90303104373157
40035,2025,164.23806044944473
40037,2021,372.19212826803084
40037,2022,375.1278702328914
40037,2023,376.49934432400175
40037,2024,377.2000669114058
40037,2025,377.0047782812994
40039,2021,243.5547369436572
40039,2022,250.40274108157712
40039,2023,257.2586617545268
40039,2024,263.19200563654033
40039,2025,268.22783480553375
40041,2021,195.96425684881095
40041,2022,198.4689547157507
40041,2023,201.3268267566175
40041,2024,202.95744214909462
40041,2025,202.9243686384833
40047,2021,327.4582150761032
40047,2022,334.25278381003227
40047,2023,338.24296775343316
40047,2024,340.8619088989887
40047,2025,342.38029951174366
40049,2021,221.02762252141986
40049,2022,224.16432446602255
40049,2023,223.7767634546232
40049,2024,222.79578449610509
40049,2025,221.55496231230916
40051,2021,291.604495383716
40051,2022,295.01682139466504
40051,2023,297.8016197994324
40051,2024,299.51356257787984
40051,2025,299.95279745441957
40061,2021,107.52105977137515
40061,2022,98.28753168591632
40061,2023,90.49842061618904
40061,2024,82.7913251797614
40061,2025,74.005331159219
40063,2021,153.99076893367047
40063,2022,153.37387549358976
40063,2023,149.68422992493745
40063,2024,144.95651246188612
40063,2025,139.84758695383488
40065,2021,200.82373834536378
40065,2022,213.29030021619775
40065,2023,227.64017597385512
40065,2024,241.92891010747152
40065,2025,256.0652709541574
40069,2021,180.931796081281
40069,2022,176.86863757911613
40069,2023,168.11023006387603
40069,2024,157.81654633529422
40069,2025,146.31682717323227
40071,2021,264.69468827418984
40071,2022,267.1482059808361
40071,2023,268.30028277547325
40071,2024,268.9739788696189
40071,2025,269.170088584947
40073,2021,261.3168212088751
40073,2022,268.70810163652544
40073,2023,276.52840812866657
40073,2024,282.93104263879366
40073,2025,287.71800365252614
40079,2021,212.51055337041194
40079,2022,211.78394151059243
40079,2023,210.53925865379762
40079,2024,208.8156004700857
40079,2025,206.4187918666189
40081,2021,225.19717136393774
40081,2022,228.52746611507894
40081,2023,231.0882005102704
40081,2024,232.6714712605638
40081,2025,233.19364149826683
40083,2021,256.9599548384344
40083,2022,263.6504994704813
40083,2023,267.89077236725063
40083,2024,271.0319690008249
40083,2025,273.24485778393876
40085,2021,190.20578893107356
40085,2022,197.29404406499253
40085,2023,203.93702798476468
40085,2024,209.7304429911917
40085,2025,214.44252250983516
40087,2021,237.0280199859399
40087,2022,242.60063308525022
40087,2023,247.02268712993077
40087,2024,250.21035902321614
40087,2025,252.14951542317596
40089,2021,231.6007884467822
40089,2022,232.89824111008934
40089,2023,232.63572200693622
40089,2024,233.13553921004436
40089,2025,234.20919474017953
40091,2021,179.44145711174144
40091,2022,175.5989404730945
40091,2023,168.4646868810496
40091,2024,161.22279033555168
40091,2025,154.27904440885533
40095,2021,188.91563500344506
40095,2022,187.48728960443145
40095,2023,185.82924490566887
40095,2024,183.1278578188816
40095,2025,178.88700133214377
40097,2021,369.84234661968173
40097,2022,375.2551919822082
40097,2023,381.93990100384985
40097,2024,388.1432924682521
40097,2025,393.2627373012492
40099,2021,189.81704417302217
40099,2022,190.90098659816613
40099,2023,189.44940923825646
40099,2024,186.57126133591444
40099,2025,182.3528592463257
40101,2021,304.143380160514
40101,2022,307.71087110823606
40101,2023,309.96270449682567
40101,2024,311.4015049316127
40101,2025,311.8963638139844
40103,2021,223.78039440246653
40103,2022,232.09324393597498
40103,2023,240.80011299731225
40103,2024,248.28775305858375
40103,2025,254.40120707015151
40105,2021,222.2376908824399
40105,2022,228.50695268688003
40105,2023,233.73854245509563
40105,2024,239.1516890650941
40105,2025,244.85790571447538
40109,2021,541.2691374450869
40109,2022,558.6266598145429
40109,2023,575.0435711783148
40109,2024,590.8279138421411
40109,2025,605.8779421759066
40111,2021,166.20448241750668
40111,2022,162.93724012509097
40111,2023,158.53265745769608
40111,2024,153.40206734263535
40111,2025,147.3487426528033
40113,2021,237.4699790725871
40113,2022,240.82281737573112
40113,2023,242.48067072435686
40113,2024,243.27433122290665
40113,2025,243.35253003582537
40115,2021,224.1815712607741
40115,2022,227.64448230299183
40115,2023,229.92096291009304
40115,2024,231.13601423113766
40115,2025,231.30868908105626
40117,2021,159.16084795941177
40117,2022,160.5567903933571
40117,2023,161.01321466967394
40117,2024,161.3983381466902
40117,2025,161.65869561198633
40119,2021,437.00108712674626
40119,2022,443.64072362949014
40119,2023,449.360756993676
40119,2024,453.5903536506611
40119,2025,456.17697827386473
40121,2021,265.1033271174846
40121,2022,262.07618829343835
40121,2023,256.3414620831357
40121,2024,249.18028482732976
40121,2025,240.48641195483668
40123,2021,241.421107675586
40123,2022,247.67219460280432
40123,2023,251.39645103147072
40123,2024,253.7932403347626
40123,2025,255.17420969106672
40125,2021,306.32332892630177
40125,2022,308.112222738508
40125,2023,309.7775581911681
40125,2024,310.1133517908146
40125,2025,308.7394412507368
40131,2021,448.3676933083444
40131,2022,455.26620232508515
40131,2023,460.9239296624589
40131,2024,465.863437138044
40131,2025,469.830220799958
40133,2021,161.09418110031717
40133,2022,158.4114599596419
40133,2023,154.18068264198635
40133,2024,149.92543486261525
40133,2025,145.43012852364959
40135,2021,209.34419003491547
40135,2022,207.7745955988126
40135,2023,204.4770906882456
40135,2024,200.0211511400617
40135,2025,194.32833279999346
40137,2021,303.85157585413054
40137,2022,306.371397266217
40137,2023,307.9642057477591
40137,2024,311.23816264446623
40137,2025,316.2173307160954
40139,2021,307.9617628888728
40139,2022,328.28560472166436
40139,2023,350.9175608650512
40139,2024,373.81198233541556
40139,2025,397.14822463173795
40141,2021,153.45049482993517
40141,2022,152.1093426847154
40141,2023,150.5516801080309
40141,2024,147.74619810754572
40141,2025,143.18562785427994
40143,2021,472.85732000115775
40143,2022,488.3049668235482
40143,2023,502.8020265205946
40143,2024,516.4836391428538
40143,2025,529.3738402952262
40145,2021,427.2760532111321
40145,2022,434.7958997122903
40145,2023,441.20776757076726
40145,2024,446.84866850074326
40145,2025,451.4911923682498
40147,2021,339.76640494293196
40147,2022,345.05726991250646
40147,2023,348.6759329072722
40147,2024,350.8188327716372
40147,2025,351.6279959259161
40149,2021,161.65515509439973
40149,2022,166.87889664589915
40149,2023,169.09999519123795
40149,2024,170.5065689588764
40149,2025,172.2608114380285
40151,2021,233.80196899597544
40151,2022,248.18172407511193
40151,2023,260.5927867796895
40151,2024,271.3455956135932
40151,2025,281.3922636692112
40153,2021,323.1031225106329
40153,2022,324.02531915292656
40153,2023,325.17859886670504
40153,2024,325.373840004016
40153,2025,324.3557187541354
41001,2021,317.2220926277199
41001,2022,319.75296746194203
41001,2023,321.07590741389964
41001,2024,322.5771881029327
41001,2025,323.74100260644616
41003,2021,985.1988753774953
41003,2022,1000.1636348620939
41003,2023,1015.3914941012238
41003,2024,1030.8480986399027
41003,2025,1045.6260172868888
41005,2021,1117.1953416605666
41005,2022,1139.4585994224435
41005,2023,1160.3445533553327
41005,2024,1179.9334125813734
41005,2025,1197.959077371656
41007,2021,717.958650963702
41007,2022,713.3277830311995
41007,2023,707.5110835996288
41007,2024,699.8426775643213
41007,2025,688.9809523200043
41009,2021,480.4937173460776
41009,2022,482.58383484788095
41009,2023,483.48963710632245
41009,2024,483.9538138606107
41009,2025,483.3863883130646
41011,2021,790.0566946335649
41011,2022,792.6318329713472
41011,2023,794.1673716002066
41011,2024,796.5143177037562
41011,2025,798.1410848812499
41013,2021,365.1538360733839
41013,2022,363.9986112771799
41013,2023,360.7367145195555
41013,2024,357.58958352838454
41013,2025,353.85385194614855
41015,2021,353.63083988851866
41015,2022,350.0037363691148
41015,2023,345.404100309685
41015,2024,340.12009049997323
41015,2025,333.4861445636953
41017,2021,1158.6851926766522
41017,2022,1179.0228745220757
41017,2023,1198.8760497319572
41017,2024,1219.390930333759
41017,2025,1239.2624876066197
41019,2021,525.9395575955484
41019,2022,531.5362075440777
41019,2023,536.5834538018094
41019,2024,541.928214122478
41019,2025,546.7768435469661
41021,2021,201.28166727752188
41021,2022,207.93446591894624
41021,2023,213.93163159614545
41021,2024,220.09486776034103
41021,2025,226.42660936273307
41023,2021,209.9871683275784
41023,2022,211.04249884736947
41023,2023,212.3366220125407
41023,2024,213.68784084781572
41023,2025,214.81001098029154
41025,2021,271.08582765387695
41025,2022,279.3805188217158
41025,2023,287.7763485359113
41025,2024,296.8837290696321
41025,2025,306.4605504357003
41027,2021,741.3989408541805
41027,2022,751.1499547725183
41027,2023,761.2346765876166
41027,2024,769.7182608711717
41027,2025,776.2936826698055
41029,2021,948.2106108578885
41029,2022,962.0115062604192
41029,2023,975.6918485564432
41029,2024,989.2064872985951
41029,2025,1001.8338798126223
41031,2021,358.4967978971884
41031,2022,357.9225277097057
41031,2023,357.4986292438068
41031,2024,356.9462370865052
41031,2025,355.45606408550054
41033,2021,870.1058564448748
41033,2022,881.5465198300674
41033,2023,892.5760102123124
41033,2024,904.7884209392245
41033,2025,917.2215677540347
41035,2021,371.5634965204163
41035,2022,373.70028902140166
41035,2023,374.9369401730679
41035,2024,376.40754906512865
41035,2025,377.4238819337458
41037,2021,267.7891522570652
41037,2022,277.86951647427964
41037,2023,291.5156754155303
41037,2024,306.58533606793793
41037,2025,322.2942559852767
41039,2021,994.4883012324055
41039,2022,1006.2272659895937
41039,2023,1017.3612430616355
41039,2024,1028.87672783071
41039,2025,1039.3054298850757
41041,2021,728.0058622102586
41041,2022,717.3157575204539
41041,2023,704.4322634548449
41041,2024,690.013672774316
41041,2025,672.3269777486773
41043,2021,969.1885999966169
41043,2022,978.1872019758644
41043,2023,988.3589618676301
41043,2024,999.8163913704536
41043,2025,1010.7117793916744
41045,2021,368.1193810927923
41045,2022,377.7318804520291
41045,2023,386.9265057226391
41045,2024,397.8327925560466
41045,2025,409.66649164950735
41047,2021,1001.3945560273426
41047,2022,1017.5584378662346
41047,2023,1034.843464288832
41047,2024,1052.8569211166277
41047,2025,1070.395302889735
41049,2021,262.3475666159994
41049,2022,272.6636412878768
41049,2023,283.00747196828087
41049,2024,293.60182131917713
41049,2025,304.15556385545494
41051,2021,1423.2882300841338
41051,2022,1448.1159932580454
41051,2023,1470.5652692098392
41051,2024,1490.9828193898406
41051,2025,1509.3850553008829
41053,2021,788.5296474663394
41053,2022,800.3333321488469
41053,2023,812.1181923838392
41053,2024,824.8519067762797
41053,2025,837.483591880976
41057,2021,483.0207451197099
41057,2022,482.2234819194971
41057,2023,480.05311147049275
41057,2024,476.3868674497347
41057,2025,470.5637989575654
41059,2021,592.0814903645389
41059,2022,599.585127054956
41059,2023,606.9700061690746
41059,2024,614.7929493029292
41059,2025,622.1236307371488
41061,2021,334.0049861009374
41061,2022,333.2144399465898
41061,2023,330.49855046492786
41061,2024,326.82943850852394
41061,2025,321.7787225264718
41063,2021,337.18945160236365
41063,2022,339.0055565802003
41063,2023,343.0505043921205
41063,2024,347.00725388493447
41063,2025,350.06327797262236
41065,2021,754.3478172378709
41065,2022,760.1415578297213
41065,2023,766.991494914583
41065,2024,774.0094743868713
41065,2025,779.715306891042
41067,2021,1027.5025535300938
41067,2022,1054.2748740539118
41067,2023,1080.3438133484499
41067,2024,1105.0940225007287
41067,2025,1128.604445953391
41071,2021,653.9431328652205
41071,2022,662.9808455461178
41071,2023,671.2640972488148
41071,2024,679.0989029218811
41071,2025,685.845052863549
42001,2021,370.49686197595537
42001,2022,374.46954634328483
42001,2023,376.0504669166869
42001,2024,375.67758854830896
42001,2025,373.31453976554616
42003,2021,585.8311069468461
42003,2022,593.9384564076998
42003,2023,599.6799926814554
42003,2024,603.2398326988698
42003,2025,604.2575121166889
42005,2021,271.25147102459334
42005,2022,262.1952695658557
42005,2023,250.98241448563408
42005,2024,238.61268722250966
42005,2025,224.55208110035647
42007,2021,302.9221291464322
42007,2022,291.7022517035848
42007,2023,277.025554422523
42007,2024,259.849850506572
42007,2025,239.56252981869523
42009,2021,214.54895000813843
42009,2022,206.08643076369634
42009,2023,194.997812803219
42009,2024,181.35850562914294
42009,2025,164.78484902602588
42011,2021,397.4380754518947
42011,2022,393.30863989662964
42011,2023,385.164568641237
42011,2024,374.45367046104934
42011,2025,360.7585408421575
42013,2021,286.46607991343484
42013,2022,281.9234126837074
42013,2023,275.1044963113202
42013,2024,265.83098954115354
42013,2025,253.8344935684147
42015,2021,307.8000393426595
42015,2022,310.8722351311608
42015,2023,313.05893893613364
42015,2024,315.2003826807974
42015,2025,317.079174103071
42017,2021,708.8465098470017
42017,2022,717.1583531726587
42017,2023,723.0925280237814
42017,2024,727.2790335621605
42017,2025,729.2687661233634
42019,2021,420.32428685051207
42019,2022,423.72212709275163
42019,2023,424.94559974574383
42019,2024,424.7503585019742
42019,2025,422.8960218380884
42021,2021,228.38263337330767
42021,2022,220.67525001832155
42021,2023,211.014675958499
42021,2024,199.52961398915357
42021,2025,185.83328155236205
42025,2021,284.64011752799905
42025,2022,276.0107515564452
42025,2023,265.8291658467507
42025,2024,253.12700945305488
42025,2025,237.28354434637032
42027,2021,403.9373749955222
42027,2022,411.7213544341695
42027,2023,418.8449649806814
42027,2024,424.6753050118724
42027,2025,429.04717605479055
42029,2021,689.9911959272624
42029,2022,706.3404600947135
42029,2023,721.2349825625624
42029,2024,734.6910975379982
42029,2025,746.7135883824062
42031,2021,146.43094722762976
42031,2022,141.93072063968734
42031,2023,134.31749030760648
42031,2024,125.06730105557739
42031,2025,114.246954562806
42033,2021,162.84989303898413
42033,2022,157.7830844509897
42033,2023,150.0387363871755
42033,2024,140.8270783477409
42033,2025,130.1731746023177
42035,2021,234.47101623647183
42035,2022,230.3188181453665
42035,2023,224.57359659426984
42035,2024,217.9667680467888
42035,2025,210.20120791956788
42037,2021,350.3171029251201
42037,2022,349.05434912050606
42037,2023,345.72309053502056
42037,2024,340.8631215231234
42037,2025,334.21720039653894
42039,2021,229.90969981953833
42039,2022,223.2223531424836
42039,2023,213.8282303972327
42039,2024,202.5264110986948
42039,2025,189.01894879413857
42041,2021,546.7335903551725
42041,2022,556.8291973996738
42041,2023,564.818781020215
42041,2024,571.1278826178777
42041,2025,575.7173644036577
42043,2021,478.8956107696796
42043,2022,478.33697033846624
42043,2023,474.864139872641
42043,2024,469.31805934306897
42043,2025,461.21690519258925
42045,2021,617.1146297585265
42045,2022,618.3060096614523
42045,2023,617.1713983262935
42045,2024,614.0576647759394
42045,2025,608.3372541068152
42047,2021,116.99716250245999
42047,2022,90.34367768386468
42047,2023,55.83793148111474
42047,2024,12.632031723734656
42047,2025,-48.11632012344393
42049,2021,432.9665076886251
42049,2022,427.8794428208057
42049,2023,419.46631742327054
42049,2024,409.83182774342197
42049,2025,398.4424285424207
42051,2021,261.6155967565153
42051,2022,246.03793395941295
42051,2023,227.73223838610772
42051,2024,207.2635781719655
42051,2025,183.9652647777546
42055,2021,315.65064607027864
42055,2022,317.4276668909157
42055,2023,317.6204738766883
42055,2024,316.2277006937821
42055,2025,313.0607575347561
42057,2021,149.05624400732324
42057,2022,125.64447192356079
42057,2023,95.3185328148584
42057,2024,59.58352852024399
42057,2025,15.935435361014243
42059,2021,172.21956974110168
42059,2022,164.84002734100835
42059,2023,153.49673901355214
42059,2024,140.86956436682854
42059,2025,127.11863665703456
42061,2021,204.4442965218039
42061,2022,191.03773216498138
42061,2023,173.7479925796187
42061,2024,154.01285380014036
42061,2025,131.3432552874838
42063,2021,224.09485774156616
42063,2022,219.0621620355396
42063,2023,212.84457526631067
42063,2024,205.8285827368848
42063,2025,197.63711574251442
42065,2021,155.39856249142798
42065,2022,150.8465579316142
42065,2023,143.7617871769808
42065,2024,135.10196943893538
42065,2025,124.94378919883385
42067,2021,106.03703754302748
42067,2022,103.00991576315064
42067,2023,99.82676133887142
42067,2024,95.06494778781376
42067,2025,88.03534983497525
42069,2021,346.7580904580934
42069,2022,339.91956707237466
42069,2023,329.95305073311005
42069,2024,317.772937462393
42069,2025,302.9073237829671
42071,2021,656.3245833112136
42071,2022,662.2495985971723
42071,2023,665.6851167281111
42071,2024,667.3309544267788
42071,2025,666.6868426807208
42073,2021,296.5570062478071
42073,2022,283.9736699565778
42073,2023,267.9440785843132
42073,2024,249.5720665027407
42073,2025,228.28041346448367
42075,2021,248.86275603578588
42075,2022,246.39459443725778
42075,2023,240.8758223814925
42075,2024,232.83731631685768
42075,2025,222.09951609956872
42077,2021,436.97360373969946
42077,2022,432.3289238878352
42077,2023,424.4565638723586
42077,2024,414.27341984518927
42077,2025,401.19727219831896
42079,2021,388.34213084397305
42079,2022,380.5620928737277
42079,2023,369.76074078176134
42079,2024,356.6160954852729
42079,2025,340.60889692472585
42081,2021,383.67153278076825
42081,2022,383.30162606643444
42081,2023,380.85073074421996
42081,2024,377.7168623073314
42081,2025,373.57967889359736
42083,2021,146.67442092212636
42083,2022,136.67298099877067
42083,2023,121.32337486405822
42083,2024,103.27467361643497
42083,2025,82.57493835684338
42085,2021,293.83760931349394
42085,2022,285.0857887554323
42085,2023,273.38433304454804
42085,2024,259.21672345266694
42085,2025,242.2176623551453
42087,2021,166.24559369823098
42087,2022,160.2005306956416
42087,2023,152.34389317215937
42087,2024,142.50799458356548
42087,2025,130.27210976456377
42089,2021,250.09946180018284
42089,2022,236.05447723222687
42089,2023,216.53036295651884
42089,2024,194.24466672379288
42089,2025,168.60857408351436
42091,2021,689.582397147048
42091,2022,703.553286572054
42091,2023,715.3591104198068
42091,2024,725.288933298511
42091,2025,733.236903612571
42093,2021,200.4741632933641
42093,2022,203.45894275734602
42093,2023,204.15289399642
42093,2024,203.06107660972734
42093,2025,200.273854812117
42095,2021,558.927868208651
42095,2022,559.5004187742867
42095,2023,557.0219781294827
42095,2024,552.9059984970658
42095,2025,546.5772276735559
42097,2021,212.02826488115434
42097,2022,203.91722015359804
42097,2023,193.07000990544915
42097,2024,180.00787292976804
42097,2025,164.41694540795902
42099,2021,287.12236038169374
42099,2022,290.2829814032461
42099,2023,291.1394803614599
42099,2024,290.7397209264435
42099,2025,289.02046071691734
42101,2021,827.9080862368779
42101,2022,818.8023250494125
42101,2023,807.384122064679
42101,2024,795.1261601765187
42101,2025,780.4632806065661
42103,2021,254.4045230856983
42103,2022,243.04542431468764
42103,2023,227.1473166756484
42103,2024,209.29483326063155
42103,2025,188.88099538915742
42105,2021,129.76597044887498
42105,2022,123.03944463190959
42105,2023,112.92783160123071
42105,2024,101.41290878658137
42105,2025,88.7291023741011
42107,2021,251.03307947340153
42107,2022,246.5815799249214
42107,2023,239.9854714480931
42107,2024,231.71403189914926
42107,2025,221.45460405508487
42109,2021,204.02374687159704
42109,2022,202.07841456746718
42109,2023,196.49481756819677
42109,2024,188.5534713357667
42109,2025,178.38735113214204
42111,2021,184.25133639305668
42111,2022,176.46853710074063
42111,2023,166.07277163113667
42111,2024,154.06288535246932
42111,2025,140.2279599178253
42115,2021,162.91404002359138
42115,2022,164.68253630151213
42115,2023,164.43004741333084
42115,2024,163.13406591101347
42115,2025,160.98574121936153
42117,2021,222.74580757490676
42117,2022,217.95467429521204
42117,2023,211.20137348206512
42117,2024,203.2547763293423
42117,2025,193.91322367771576
42119,2021,298.0825054977505
42119,2022,300.30833420996737
42119,2023,301.64249069160593
42119,2024,301.23290807270814
42119,2025,298.93717414064855
42121,2021,225.0750192052632
42121,2022,219.873611215499
42121,2023,212.9017523422912
42121,2024,205.11201640801377
42121,2025,196.23882095847142
42123,2021,169.58392332669115
42123,2022,166.4138309216798
42123,2023,159.99813487807597
42123,2024,151.5490750154405
42123,2025,141.1852329229668
42125,2021,384.42809375105577
42125,2022,381.18954551973655
42125,2023,375.72934373832874
42125,2024,368.66926481454647
42125,2025,359.556722786298
42127,2021,257.44247167623837
42127,2022,251.4139522694811
42127,2023,244.30151819202723
42127,2024,235.31526489734017
42127,2025,223.8645281190291
42129,2021,484.72625314499555
42129,2022,484.7497334004098
42129,2023,482.05050958961056
42129,2024,477.8547135495364
42129,2025,471.7522211354968
42131,2021,185.68362979255883
42131,2022,182.38770960282085
42131,2023,175.7535600184462
42131,2024,167.60347599051465
42131,2025,158.02436338072846
42133,2021,487.6545986391933
42133,2022,495.6265616647654
42133,2023,501.8171387925963
42133,2024,506.3851939966033
42133,2025,509.1639966626553
44001,2021,972.0267168321377
44001,2022,979.3118053617073
44001,2023,986.3858567475829
44001,2024,992.4288542225
44001,2025,996.529758016483
44003,2021,784.4105414248913
44003,2022,788.0533829230577
44003,2023,788.8301232626213
44003,2024,788.1795862056559
44003,2025,785.2381585243911
44005,2021,1096.2276293183331
44005,2022,1102.446742254619
44005,2023,1108.07232413848
44005,2024,1113.1035806340228
44005,2025,1116.202751008606
44007,2021,835.9447366473103
44007,2022,839.710798667363
44007,2023,840.7646696055617
44007,2024,841.0284551621526
44007,2025,839.427805870709
44009,2021,1048.0578705625564
44009,2022,1057.8404677024973
44009,2023,1066.9273415372386
44009,2024,1075.4738627601737
44009,2025,1082.512715995133
45001,2021,207.53409316652483
45001,2022,208.53015232237397
45001,2023,207.75810353744117
45001,2024,205.9224736108128
45001,2025,202.98428076184672
45003,2021,459.63826373750396
45003,2022,476.50693999417126
45003,2023,493.5769091044155
45003,2024,511.1021559659118
45003,2025,528.9676875821075
45007,2021,415.1541005647558
45007,2022,426.1404407307435
45007,2023,436.9207169632051
45007,2024,447.1979599602226
45007,2025,456.7365715932428
45009,2021,124.66600291668638
45009,2022,114.25843176678819
45009,2023,109.30610304338632
45009,2024,105.70038937253133
45009,2025,101.47511672252051
45011,2021,183.42529482125866
45011,2022,183.4369295707675
45011,2023,183.9719561780858
45011,2024,184.85292460789637
45011,2025,185.7084926961213
45013,2021,588.6147837683566
45013,2022,608.659153584336
45013,2023,629.5922301884231
45013,2024,651.3241024201031
45013,2025,673.6921107254013
45015,2021,509.2534731581299
45015,2022,529.5643907331828
45015,2023,551.010325462247
45015,2024,572.9942653263207
45015,2025,595.3954674037357
45017,2021,145.29700466699765
45017,2022,149.56518481183855
45017,2023,154.4213752282351
45017,2024,159.38424306320312
45017,2025,164.32612397889085
45019,2021,1133.460315806978
45019,2022,1162.3628896471846
45019,2023,1191.699245672584
45019,2024,1221.062049735032
45019,2025,1250.1853043357519
45021,2021,256.76008737628376
45021,2022,252.1875123825529
45021,2023,246.44685387452083
45021,2024,239.20035972900752
45021,2025,229.90446839907418
45023,2021,201.34112095770556
45023,2022,193.33253597311665
45023,2023,183.14366690052353
45023,2024,171.8213203995606
45023,2025,158.9274145126024
45025,2021,200.0910886290592
45025,2022,204.75602986849833
45025,2023,207.8546544332665
45025,2024,210.12176836779935
45025,2025,211.73362446769463
45027,2021,164.03949443108004
45027,2022,166.20993211853468
45027,2023,169.21133451318002
45027,2024,172.55633307114635
45027,2025,175.9000756362457
45029,2021,319.2375443825999
45029,2022,325.45402517064935
45029,2023,331.8179379038967
45029,2024,338.45631665221066
45029,2025,345.14055445968205
45031,2021,247.2752990293423
45031,2022,251.87337932458308
45031,2023,255.35279467490759
45031,2024,258.88068649890954
45031,2025,262.58591825037433
45033,2021,147.39621540482324
45033,2022,152.90458784163582
45033,2023,158.08755782229892
45033,2024,163.55357076336173
45033,2025,169.5532880707043
45035,2021,520.180415774931
45035,2022,535.4615978554395
45035,2023,551.9226087865198
45035,2024,568.087809536546
45035,2025,583.7019396312239
45037,2021,243.52723899057474
45037,2022,252.27730860765624
45037,2023,261.147830856272
45037,2024,270.1825311210213
45037,2025,279.3414867935726
45039,2021,181.23873460258207
45039,2022,178.4594514296739
45039,2023,174.5810073013066
45039,2024,170.4683165647455
45039,2025,165.86232359859002
45041,2021,366.99351900068035
45041,2022,377.60362865951646
45041,2023,387.11918850471454
45041,2024,396.78604472691575
45041,2025,406.7265337023847
45043,2021,279.689065182809
45043,2022,281.14523117326434
45043,2023,282.8629478341426
45043,2024,284.54778863371183
45043,2025,285.89443040079476
45045,2021,601.3183648763469
45045,2022,624.0866023571738
45045,2023,647.5718150560853
45045,2024,670.3576152933781
45045,2025,692.3338107785949
45047,2021,326.34216667937596
45047,2022,329.48442322058173
45047,2023,332.1167435790395
45047,2024,334.019194727999
45047,2025,334.7843809396954
45049,2021,179.43080688578686
45049,2022,190.64723095893692
45049,2023,203.45871442614174
45049,2024,217.03939725087668
45049,2025,231.34454032958462
45051,2021,488.00100541646674
45051,2022,498.9642274569709
45051,2023,509.04896257823214
45051,2024,518.841979864783
45051,2025,528.0849404479138
45053,2021,137.7459254185362
45053,2022,147.20687158875015
45053,2023,157.9784555498673
45053,2024,168.46168942071927
45053,2025,178.3092622166131
45055,2021,275.507013943043
45055,2022,286.2464981609557
45055,2023,296.9837903289012
45055,2024,307.49336079366253
45055,2025,317.84866118328625
45057,2021,295.2911740583178
45057,2022,302.4282346756471
45057,2023,309.034170727119
45057,2024,314.79596854789804
45057,2025,319.5930721780648
45059,2021,227.30122035084636
45059,2022,227.8818548313768
45059,2023,226.04048463559934
45059,2024,222.94237876821217
45059,2025,218.49822494004542
45061,2021,149.7772463397535
45061,2022,146.46551368420836
45061,2023,143.56359862126664
45061,2024,140.49331042233612
45061,2025,136.81974680330922
45063,2021,419.4057840447409
45063,2022,442.5068361661791
45063,2023,466.6830258863322
45063,2024,490.8848717282246
45063,2025,515.3175880972658
45065,2021,125.05520595150725
45065,2022,120.96844084082781
45065,2023,118.66570990835282
45065,2024,115.80867402037609
45065,2025,111.1134770101535
45067,2021,196.12568261416453
45067,2022,194.83293479976624
45067,2023,195.43742042209283
45067,2024,197.35768734844532
45067,2025,200.0205750597089
45069,2021,164.4121221868137
45069,2022,150.94315784579427
45069,2023,141.35055515697152
45069,2024,131.23360081541526
45069,2025,118.86216988895669
45071,2021,272.4754454095537
45071,2022,282.40272238982976
45071,2023,291.1555511944028
45071,2024,299.3466037505027
45071,2025,307.1617314912606
45073,2021,307.39127302361305
45073,2022,316.21820410194994
45073,2023,324.48555050652095
45073,2024,332.68568013125946
45073,2025,340.65036836117895
45075,2021,220.27562514879708
45075,2022,215.16184546033307
45075,2023,210.8248179768118
45075,2024,207.2619297684996
45075,2025,203.859769938676
45077,2021,423.13094096797386
45077,2022,433.69516119270384
45077,2023,444.4867588893411
45077,2024,455.508836698878
45077,2025,466.36085125674657
45079,2021,479.6920446216591
45079,2022,498.99061839021533
45079,2023,519.1124178417367
45079,2024,539.0540641305804
45079,2025,558.9456695154275
45081,2021,276.05667414066653
45081,2022,288.2798805452986
45081,2023,298.74296184096886
45081,2024,309.1342974796807
45081,2025,319.81608746157946
45083,2021,336.9630903668467
45083,2022,350.4592858595128
45083,2023,363.6801505579425
45083,2024,376.1746685182181
45083,2025,387.88674288227276
45085,2021,222.4756992256176
45085,2022,227.30828800510906
45085,2023,232.22110139503602
45085,2024,237.2249399333857
45085,2025,242.1296963097363
45087,2021,194.35099887142297
45087,2022,185.6500009465942
45087,2023,171.7378364912347
45087,2024,155.70633821190535
45087,2025,137.53959347273062
45089,2021,119.70864877026403
45089,2022,114.93159711049023
45089,2023,111.10932395966378
45089,2024,107.47733325471901
45089,2025,103.39078947881046
45091,2021,518.6747996922362
45091,2022,535.7485270200959
45091,2023,552.3101313841391
45091,2024,568.2047411070888
45091,2025,583.2705571456055
46005,2021,275.3887789405676
46005,2022,289.8169893537331
46005,2023,300.1225805672532
46005,2024,308.99889667501503
46005,2025,317.4546223820295
46009,2021,199.48825494431577
46009,2022,209.00063700041045
46009,2023,220.11011079397224
46009,2024,230.53384652028575
46009,2025,239.7827662056352
46011,2021,314.9519754309656
46011,2022,325.7300580567386
46011,2023,335.5929964117659
46011,2024,344.3729945935803
46011,2025,352.172520016313
46013,2021,492.6376451712058
46013,2022,504.4355171095847
46013,2023,515.5741428814475
46013,2024,524.8721148706644
46013,2025,532.4480083342667
46015,2021,189.44146032438317
46015,2022,195.3613023219139
46015,2023,202.995350787898
46015,2024,208.66648890097986
46015,2025,211.8273473711657
46019,2021,235.5994307014882
46019,2022,239.88900538958904
46019,2023,242.26630916529902
46019,2024,242.8009751359329
46019,2025,241.53161251195067
46023,2021,198.78167839084472
46023,2022,199.8649621198957
46023,2023,198.5953354458652
46023,2024,195.2329772016926
46023,2025,189.7361293107023
46027,2021,260.6529505905209
46027,2022,272.8900660867768
46027,2023,284.58129951934757
46027,2024,295.4825358715205
46027,2025,305.80632915640035
46029,2021,348.1450999957093
46029,2022,358.55577336015574
46029,2023,367.8488280743686
46029,2024,375.6601347977189
46029,2025,382.14323218128584
46033,2021,263.8774060358242
46033,2022,267.1079572444979
46033,2023,268.8632767557897
46033,2024,268.97782438170105
46033,2025,267.24122880349773
46035,2021,312.76716779145113
46035,2022,324.3381717669243
46035,2023,334.13706272077684
46035,2024,342.62393810466426
46035,2025,350.13940695483524
46037,2021,191.5587199908755
46037,2022,197.14283324865795
46037,2023,201.55685341136777
46037,2024,204.91073710818597
46037,2025,207.22441520086096
46039,2021,227.48196833379012
46039,2022,236.7406712998282
46039,2023,247.54484769920862
46039,2024,258.45553564457913
46039,2025,269.2410945926395
46045,2021,237.94128228946036
46045,2022,250.67527383548585
46045,2023,265.6125619180098
46045,2024,279.28705692482885
46045,2025,291.4074538734283
46047,2021,241.2280285091315
46047,2022,246.37819567549477
46047,2023,251.97799857144838
46047,2024,256.7631833005855
46047,2025,260.34859592916445
46051,2021,280.1460365588413
46051,2022,295.06112012143774
46051,2023,309.7745547794651
46051,2024,323.6194319337584
46051,2025,336.96184780757545
46057,2021,355.71866743875785
46057,2022,370.73892877484184
46057,2023,384.7112266871992
46057,2024,398.4821104339559
46057,2025,412.34282584455343
46059,2021,224.66028447373412
46059,2022,239.71610251182196
46059,2023,256.28644481773097
46059,2024,271.1608214332
46059,2025,284.5065136079371
46061,2021,263.42265898650453
46061,2022,269.40042680190265
46061,2023,275.64614310320553
46061,2024,280.77856092029015
46061,2025,284.54163627548127
46065,2021,327.4643748565352
46065,2022,342.6868549576627
46065,2023,357.14015122557896
46065,2024,370.4037176392537
46065,2025,382.85492271822864
46067,2021,202.66691094732198
46067,2022,216.06527459792392
46067,2023,229.83901203561794
46067,2024,242.52605294046862
46067,2025,254.3004324883369
46077,2021,213.40416333476378
46077,2022,223.81608980382663
46077,2023,235.6488131372756
46077,2024,246.1430381525015
46077,2025,255.06760109936616
46079,2021,289.37769743111164
46079,2022,304.55127280247154
46079,2023,319.84016532039175
46079,2024,334.8419007914169
46079,2025,349.74840073890164
46081,2021,347.97427434012195
46081,2022,352.98330154651745
46081,2023,356.31679603864774
46081,2024,357.90031989832164
46081,2025,357.56609688272437
46083,2021,316.54620711226306
46083,2022,335.28237796379784
46083,2023,354.3570686656278
46083,2024,372.34705310912227
46083,2025,389.52678864855255
46087,2021,205.40613807716946
46087,2022,217.42098957756062
46087,2023,230.5687056037976
46087,2024,242.39073981287748
46087,2025,252.73863512382957
46091,2021,190.42823421889284
46091,2022,197.46035959545202
46091,2023,205.7755851895023
46091,2024,213.14750393899322
46091,2025,219.1452432560122
46093,2021,338.43767811762285
46093,2022,345.26387959720944
46093,2023,351.6742155175537
46093,2024,356.60692752763157
46093,2025,359.8452990767005
46097,2021,187.67442601287146
46097,2022,196.11803271297504
46097,2023,200.33882869970301
46097,2024,202.2035308882945
46097,2025,202.66796333041515
46099,2021,606.6254259446644
46099,2022,627.8306553476307
46099,2023,649.1217219771967
46099,2024,669.8285557730442
46099,2025,689.9177903267629
46101,2021,192.33308367887253
46101,2022,199.81114424959003
46101,2023,208.35360656310678
46101,2024,216.4502268841122
46101,2025,223.6921730653283
46103,2021,440.9067184129524
46103,2022,451.95325588777405
46103,2023,461.118567575351
46103,2024,468.70082980734094
46103,2025,474.66183753280154
46109,2021,171.6789077797507
46109,2022,174.18689276290348
46109,2023,176.3232824449708
46109,2024,176.82237195699628
46109,2025,175.45541065416154
46115,2021,197.05899629930695
46115,2022,206.52249369923217
46115,2023,217.07714115515634
46115,2024,225.7851666755706
46115,2025,232.5584598549299
46117,2021,195.23980694235217
46117,2022,204.85803080200924
46117,2023,214.55578919922144
46117,2024,222.34396110276782
46117,2025,228.30135930758348
46123,2021,236.7143787856961
46123,2022,250.9663913701213
46123,2023,261.86623668689896
46123,2024,271.90564676837516
46123,2025,281.6877557678721
46125,2021,316.4678123816176
46125,2022,329.9483397394017
46125,2023,343.5695414436876
46125,2024,357.10782929245954
46125,2025,370.36186551950954
46127,2021,275.82678908304126
46127,2022,286.89525809131214
46127,2023,297.8244071390327
46127,2024,307.7747096391041
46127,2025,316.7841942666213
46129,2021,189.94515157306907
46129,2022,192.6677891541156
46129,2023,196.97652992087694
46129,2024,200.81621564374666
46129,2025,203.65155467854413
46135,2021,302.1211957675113
46135,2022,314.1716508308541
46135,2023,326.027051484533
46135,2024,336.66671986206404
46135,2025,346.23539920367693
47001,2021,407.91449643941417
47001,2022,409.7548948647485
47001,2023,409.9169651010285
47001,2024,409.47508690914765
47001,2025,407.8006973842354
47003,2021,326.1320493586641
47003,2022,320.68733048581527
47003,2023,312.9762813240808
47003,2024,303.61356151354886
47003,2025,291.8513720900196
47005,2021,169.9694909731652
47005,2022,165.56924601327248
47005,2023,160.57694967113895
47005,2024,155.13320577502287
47005,2025,148.830722886292
47007,2021,114.6810649447431
47007,2022,104.7968564635224
47007,2023,92.58026619337383
47007,2024,78.44116541141378
47007,2025,61.80134190048392
47009,2021,455.6985219544199
47009,2022,460.31106670577793
47009,2023,463.9130260644933
47009,2024,466.5349974345336
47009,2025,467.5653637398865
47011,2021,469.943551169579
47011,2022,473.30628321210287
47011,2023,474.60046951814684
47011,2024,474.88858051817397
47011,2025,473.63546125938626
47013,2021,214.7988052051478
47013,2022,212.0598332175481
47013,2023,206.69624197693798
47013,2024,200.96909845879446
47013,2025,194.7853138833156
47015,2021,234.54824894785827
47015,2022,232.88305355196522
47015,2023,229.32461829715186
47015,2024,224.34874544465035
47015,2025,217.54126774328859
47017,2021,216.63848863361198
47017,2022,217.9671448369674
47017,2023,215.26587170059557
47017,2024,211.9698776751828
47017,2025,208.65499359552095
47019,2021,257.56199914430476
47019,2022,257.49107665661705
47019,2023,255.52327436935667
47019,2024,252.71312557299035
47019,2025,248.85493328323946
47021,2021,319.0909667705632
47021,2022,324.25168428574324
47021,2023,328.4954246802543
47021,2024,331.65877783733566
47021,2025,333.4325071348337
47023,2021,205.01049998699858
47023,2022,209.53432549691945
47023,2023,212.64902674281743
47023,2024,214.83606129360527
47023,2025,216.22281780122253
47025,2021,172.74127142711507
47025,2022,169.29474806014747
47025,2023,162.63008702757256
47025,2024,154.66949544783216
47025,2025,145.52379089488448
47027,2021,119.57471561059731
47027,2022,111.58351099296479
47027,2023,103.04663422400287
47027,2024,93.75565407496032
47027,2025,82.87119406331092
47029,2021,205.0569795812812
47029,2022,185.95887617850497
47029,2023,163.17106243313208
47029,2024,136.8391921848829
47029,2025,105.84301881001443
47031,2021,283.64248267920726
47031,2022,277.71494050784116
47031,2023,268.18252326690134
47031,2024,256.4150050869558
47031,2025,241.9858065911409
47033,2021,150.94066310350055
47033,2022,152.97818377250024
47033,2023,155.82910429727863
47033,2024,158.43447031326423
47033,2025,160.18118732095718
47035,2021,204.526147872291
47035,2022,200.8213594034749
47035,2023,195.18079125030582
47035,2024,188.18955924047086
47035,2025,179.5434668535588
47037,2021,991.623394870031
47037,2022,1009.0031255444349
47037,2023,1024.160242438199
47037,2024,1037.8068670106286
47037,2025,1049.114301958602
47039,2021,141.00725133537856
47039,2022,131.24695660411373
47039,2023,117.91567343974626
47039,2024,102.70863280553365
47039,2025,85.36496066030173
47041,2021,222.80581822654568
47041,2022,211.22210774407478
47041,2023,195.37050567504141
47041,2024,176.94229548511527
47041,2025,155.44811252266086
47043,2021,321.3222420060135
47043,2022,326.3005036149054
47043,2023,329.5715096201186
47043,2024,331.9796286084208
47043,2025,333.29166856735617
47045,2021,206.4699588184617
47045,2022,203.33128721129452
47045,2023,197.36720837173925
47045,2024,189.92359160291454
47045,2025,181.06592359565377
47047,2021,219.88984317537395
47047,2022,223.9501378776294
47047,2023,226.89066564646214
47047,2024,228.95846263954786
47047,2025,230.11622978551452
47049,2021,181.28805030315417
47049,2022,182.6452583003653
47049,2023,183.95234988122064
47049,2024,185.09906833239478
47049,2025,185.75254919480523
47051,2021,274.27037656695376
47051,2022,266.4249273779173
47051,2023,255.3394663129448
47051,2024,242.07662606257148
47051,2025,226.09441636921343
47053,2021,199.15120005005525
47053,2022,200.16177758530765
47053,2023,200.08341975426288
47053,2024,199.21059657674982
47053,2025,197.42735420032238
47055,2021,254.53075006617715
47055,2022,243.95867408073025
47055,2023,229.77679545940805
47055,2024,212.7073071206185
47055,2025,191.92140512174035
47057,2021,153.64542160702723
47057,2022,148.2734099061
47057,2023,140.42709728662012
47057,2024,130.66277902694975
47057,2025,118.70290058635422
47059,2021,221.88491180371972
47059,2022,214.19932028014878
47059,2023,203.28084407709065
47059,2024,190.3543024481234
47059,2025,175.00035109870095
47061,2021,105.53722371372169
47061,2022,87.22846221135276
47061,2023,61.919917361861195
47061,2024,30.579535918258586
47061,2025,-10.446071211900971
47063,2021,251.75685909961686
47063,2022,248.36421337313658
47063,2023,243.16462904527936
47063,2024,236.39226332434012
47063,2025,227.52071304259778
47065,2021,601.7096233828274
47065,2022,611.9859698675923
47065,2023,621.0667586610766
47065,2024,629.5675689246859
47065,2025,636.8311124989739
47069,2021,196.76613432470333
47069,2022,191.79271239908908
47069,2023,184.14689771685738
47069,2024,174.90415132543433
47069,2025,164.01556663081408
47071,2021,167.5746474482846
47071,2022,164.52357882220645
47071,2023,160.6870221624522
47071,2024,155.6253827907163
47071,2025,148.96651702505977
47073,2021,224.50082290058876
47073,2022,219.6302725639731
47073,2023,210.66540566052288
47073,2024,199.76820912675407
47073,2025,186.90829419164868
47075,2021,182.92339325324656
47075,2022,175.34853766374346
47075,2023,166.0432805721577
47075,2024,154.94534969165227
47075,2025,141.72010257758234
47077,2021,222.79505568377098
47077,2022,218.26308298822227
47077,2023,211.40858536183657
47077,2024,204.02230181711002
47077,2025,195.8245486777231
47079,2021,206.66824446772807
47079,2022,207.1256487541781
47079,2023,206.23917929428524
47079,2024,204.35179671274878
47079,2025,201.42041168139184
47081,2021,268.45436786347705
47081,2022,271.22962351841176
47081,2023,272.17823199789865
47081,2024,272.1631245114788
47081,2025,271.0026888804689
47083,2021,135.76079780982596
47083,2022,129.60235426390398
47083,2023,124.1187045239576
47083,2024,119.06783358852636
47083,2025,113.56953772404196
47085,2021,277.281730012868
47085,2022,281.3950252230487
47085,2023,285.51531306106045
47085,2024,289.6856595399558
47085,2025,293.56125480697176
47087,2021,178.84298970335857
47087,2022,172.58763627795554
47087,2023,166.5078738560357
47087,2024,159.75789392125876
47087,2025,151.64237376779693
47089,2021,266.3711412685233
47089,2022,261.32720278369356
47089,2023,253.76721300608574
47089,2024,244.88224874507668
47089,2025,234.08058012753233
47091,2021,172.41568515001376
47091,2022,172.08852019671707
47091,2023,169.42983684336735
47091,2024,165.14421134977994
47091,2025,159.23800628210273
47093,2021,602.0384998028526
47093,2022,620.6619609381429
47093,2023,638.3314561021525
47093,2024,655.8302458161323
47093,2025,672.7485244540578
47097,2021,150.53171505609515
47097,2022,144.38175083934078
47097,2023,136.01670051420817
47097,2024,127.0027557212874
47097,2025,117.31574069205192
47099,2021,274.31264113453364
47099,2022,269.7865621831561
47099,2023,263.33058556989533
47099,2024,255.79123775763003
47099,2025,246.60854562371085
47101,2021,245.8699279406709
47101,2022,241.83668841513406
47101,2023,235.6027942137407
47101,2024,228.34335891681962
47101,2025,219.69617242890428
47103,2021,237.24182801507308
47103,2022,226.33457080016117
47103,2023,211.14865163266444
47103,2024,192.983799287158
47103,2025,171.20350745039156
47105,2021,275.4749433171676
47105,2022,277.6091816702485
47105,2023,278.7563405404449
47105,2024,278.93374413359777
47105,2025,277.70440547002346
47107,2021,325.16816678074395
47107,2022,319.8009413309539
47107,2023,312.6540186238705
47107,2024,303.939916645435
47107,2025,292.9557520911396
47109,2021,157.1023544079079
47109,2022,147.96941886390528
47109,2023,137.21355090620307
47109,2024,125.0763606042633
47109,2025,111.00318327181932
47111,2021,227.27375684926298
47111,2022,225.63716860092399
47111,2023,222.5791342335187
47111,2024,217.81275022167694
47111,2025,210.91086202356496
47113,2021,326.4897980224284
47113,2022,325.30005387158025
47113,2023,321.10509738524775
47113,2024,315.2815451025449
47113,2025,307.5726051402051
47115,2021,248.17741868888413
47115,2022,245.29673228641764
47115,2023,240.2725476474482
47115,2024,234.02299156456098
47115,2025,226.42255634696866
47117,2021,293.3930722718
47117,2022,281.2446724146779
47117,2023,264.9550301794132
47117,2024,245.93743264112965
47117,2025,223.2897696138879
47119,2021,327.3462934981627
47119,2022,323.97578634049944
47119,2023,317.2202253268915
47119,2024,307.8729309016667
47119,2025,295.45786317380856
47121,2021,162.48826572593725
47121,2022,153.39701674814154
47121,2023,139.7747224929555
47121,2024,124.32377423218023
47121,2025,107.06769135263403
47123,2021,210.2225750999974
47123,2022,202.6630170809716
47123,2023,191.38318722196743
47123,2024,177.9618627724622
47123,2025,162.01582922155748
47125,2021,286.0635969442781
47125,2022,295.8054504902368
47125,2023,304.39795329272846
47125,2024,312.21089278704613
47125,2025,319.1705774326051
47127,2021,188.73098432130973
47127,2022,191.64314847975206
47127,2023,192.3653309822152
47127,2024,191.62242196469828
47127,2025,189.42565126146224
47129,2021,233.47632225330852
47129,2022,238.4303045329723
47129,2023,239.24785574090689
47129,2024,240.10141772314248
47129,2025,241.65017972909095
47131,2021,203.89132566202483
47131,2022,207.0369742358859
47131,2023,208.68878213817112
47131,2024,210.2909614684392
47131,2025,212.11835318913964
47133,2021,223.43711496492102
47133,2022,223.6814965168623
47133,2023,223.26749769343388
47133,2024,222.31382418931406
47133,2025,220.34183208990058
47135,2021,116.77550230902708
47135,2022,100.83598585301485
47135,2023,79.21848948538428
47135,2024,52.75527233765686
47135,2025,19.873733582409727
47137,2021,157.71065072983112
47137,2022,161.34240261555516
47137,2023,164.55454535200624
47137,2024,167.86165520265823
47137,2025,171.3415401407226
47139,2021,156.91449690218377
47139,2022,154.19523650189393
47139,2023,149.3237124150521
47139,2024,143.18875022335584
47139,2025,135.64638268497163
47141,2021,292.25470605696796
47141,2022,293.92804039463346
47141,2023,293.5506084687032
47141,2024,292.2036749764247
47141,2025,289.61468819597434
47143,2021,249.15652897952864
47143,2022,236.5640820299265
47143,2023,221.8019017890823
47143,2024,205.47693849961698
47143,2025,186.73162088713707
47145,2021,295.3696773605744
47145,2022,299.06277198045956
47145,2023,301.0388552563168
47145,2024,302.840105303529
47145,2025,304.2392916662597
47147,2021,340.9355887091762
47147,2022,345.2417403147265
47147,2023,348.42920679768497
47147,2024,350.44272973144007
47147,2025,350.9216567596807
47149,2021,471.51173175265626
47149,2022,483.5058779680241
47149,2023,493.90231099414547
47149,2024,502.2257262181844
47149,2025,508.30744125032584
47151,2021,136.02870123728965
47151,2022,128.9151739481071
47151,2023,118.40165824859628
47151,2024,106.47200813899553
47151,2025,93.2552474414347
47153,2021,169.9702215649346
47153,2022,163.35241688857235
47153,2023,154.28433425447537
47153,2024,143.4477721584028
47153,2025,130.5155356132373
47155,2021,334.14280414378277
47155,2022,319.30461804084626
47155,2023,299.94828799442973
47155,2024,277.9655770407208
47155,2025,252.1678697155113
47157,2021,438.7141265325652
47157,2022,434.37167368335156
47157,2023,427.3428772774393
47157,2024,418.90053605872885
47157,2025,408.21812674271786
47159,2021,258.0177116955873
47159,2022,260.7115204832361
47159,2023,262.60697573926666
47159,2024,263.7083754163595
47159,2025,263.6232571720857
47161,2021,187.91084168986566
47161,2022,192.90427715406085
47161,2023,197.22982787338992
47161,2024,201.8024797321852
47161,2025,206.74713879109953
47163,2021,490.74987912629456
47163,2022,494.3400256057557
47163,2023,496.55438979659107
47163,2024,497.81019432193614
47163,2025,497.64017444635056
47165,2021,505.84251687800173
47165,2022,513.152951347538
47165,2023,519.4233389654505
47165,2024,524.0327695692819
47165,2025,526.4906484672928
47167,2021,208.5316411218258
47167,2022,210.11645159124572
47167,2023,210.803015143744
47167,2024,210.9434814567196
47167,2025,210.3529080021513
47169,2021,220.89553776181893
47169,2022,221.1293088063041
47169,2023,219.90039263870085
47169,2024,217.6434969219571
47169,2025,214.08101419207895
47171,2021,184.88654489793623
47171,2022,179.51085801984743
47171,2023,172.99107477944443
47171,2024,165.94801019678846
47171,2025,157.90971744552274
47173,2021,256.0008078355525
47173,2022,253.3953616590262
47173,2023,251.3474326129056
47173,2024,248.60489277414734
47173,2025,244.36679305412991
47175,2021,123.51091633006058
47175,2022,111.28713690483718
47175,2023,96.10470626342371
47175,2024,78.53064066961375
47175,2025,57.606962843817115
47177,2021,238.30954829662346
47177,2022,225.86112038762758
47177,2023,208.67503455861015
47177,2024,188.83600863473401
47177,2025,165.6064048423213
47179,2021,309.05479951012535
47179,2022,312.5292375892875
47179,2023,314.2827385503524
47179,2024,314.8274770625727
47179,2025,313.9508585994702
47181,2021,177.65643142330964
47181,2022,175.2180108051072
47181,2023,173.43656251812527
47181,2024,171.19675106966002
47181,2025,167.9165263054228
47183,2021,215.0073828299181
47183,2022,222.16520956940536
47183,2023,228.90347747874077
47183,2024,235.72972775516286
47183,2025,242.6811560194079
47185,2021,209.22695984953663
47185,2022,206.01309605082702
47185,2023,199.99281722521027
47185,2024,192.37481544127462
47185,2025,182.9325263593349
47187,2021,614.3823309328033
47187,2022,635.6257314911081
47187,2023,656.9964874278037
47187,2024,677.0699200653885
47187,2025,695.8793629832484
47189,2021,492.282240452358
47189,2022,501.07768161806064
47189,2023,508.8983507954133
47189,2024,515.4447191376291
47189,2025,520.3380973991547
48001,2021,232.13971759303413
48001,2022,235.9265253773348
48001,2023,239.78353893590148
48001,2024,242.9182103205811
48001,2025,244.8715020957255
48003,2021,241.0359829107196
48003,2022,234.42323935246785
48003,2023,225.96528284560833
48003,2024,215.68434324093855
48003,2025,202.8661722211454
48005,2021,285.28993266382224
48005,2022,285.26093294753537
48005,2023,283.83972044451895
48005,2024,281.7585835762347
48005,2025,278.7885922035046
48007,2021,408.0250433276813
48007,2022,405.77185995261186
48007,2023,402.88109331751707
48007,2024,399.29898188917446
48007,2025,394.0682198883044
48009,2021,238.31366553586207
48009,2022,244.64483812802314
48009,2023,252.6307060262734
48009,2024,259.84458465015126
48009,2025,265.88437989024015
48013,2021,266.3477842612817
48013,2022,259.75124996764333
48013,2023,251.88345359892898
48013,2024,242.20105394984148
48013,2025,230.01566995721254
48015,2021,293.432105881175
48015,2022,298.0878285629143
48015,2023,302.06862879739816
48015,2024,305.87308934318406
48015,2025,309.27970473648907
48019,2021,246.98500956452745
48019,2022,252.90049574727834
48019,2023,256.7112385143686
48019,2024,259.8865386647339
48019,2025,262.45433283695274
48021,2021,353.5190260332413
48021,2022,360.0208988693855
48021,2023,365.8437896904685
48021,2024,370.9120477019157
48021,2025,374.87607487863795
48025,2021,224.70924507235156
48025,2022,216.0326334277722
48025,2023,204.0855161770525
48025,2024,191.19268451037803
48025,2025,177.11038263707906
48027,2021,447.2441683764741
48027,2022,466.2665353415743
48027,2023,485.8859949427049
48027,2024,505.72659501721597
48027,2025,525.6354080584138
48029,2021,635.4879643870377
48029,2022,681.8752875260598
48029,2023,731.3202984715459
48029,2024,781.9505236052664
48029,2025,834.3531590125476
48031,2021,268.6247613843609
48031,2022,278.79954887394274
48031,2023,292.31991073648294
48031,2024,304.8881827534592
48031,2025,315.87951702227826
48035,2021,218.41415422195522
48035,2022,225.17901234174707
48035,2023,230.87026609374908
48035,2024,236.26935863308702
48035,2025,241.31439177037475
48037,2021,407.9382234752751
48037,2022,407.4211245484762
48037,2023,403.9243491880341
48037,2024,399.1837860660878
48037,2025,392.7879055764928
48039,2021,386.45886611997764
48039,2022,390.97818616935325
48039,2023,394.11486042478396
48039,2024,395.48348877388963
48039,2025,394.8547356989673
48041,2021,442.258663064727
48041,2022,455.64145893052984
48041,2023,468.6385360275855
48041,2024,480.9537480509757
48041,2025,492.6733322881502
48043,2021,326.4911167570391
48043,2022,328.00867491660887
48043,2023,327.63533237122994
48043,2024,325.8899684044791
48043,2025,322.3586391171125
48049,2021,270.6280049293466
48049,2022,275.60765099960776
48049,2023,279.29780125625456
48049,2024,282.08186701232574
48049,2025,283.91524221080664
48051,2021,188.91096780972174
48051,2022,194.09166886566538
48051,2023,199.72194466502657
48051,2024,204.5532915777061
48051,2025,208.38747321772473
48053,2021,327.7882778940905
48053,2022,339.52203028094846
48053,2023,350.39682294402724
48053,2024,360.80967193284994
48053,2025,370.73445488207415
48055,2021,285.1224940408644
48055,2022,288.3708454983271
48055,2023,290.84789320667477
48055,2024,292.24283955286535
48055,2025,292.22990788934806
48057,2021,247.13517963293876
48057,2022,256.06793216198
48057,2023,265.8934737478504
48057,2024,275.46087146622244
48057,2025,284.78880080672025
48059,2021,240.44639357872015
48059,2022,246.91479417128244
48059,2023,251.55959668704457
48059,2024,256.0120483767735
48059,2025,260.29666147236543
48061,2021,339.64855083591556
48061,2022,331.37715339142056
48061,2023,321.3466939761535
48061,2024,310.9974615792464
48061,2025,299.6290469874658
48063,2021,190.76523210244824
48063,2022,187.32159100092062
48063,2023,184.9208663586966
48063,2024,183.0536129681035
48063,2025,180.78325781127185
48065,2021,220.23996823196083
48065,2022,232.67664511310556
48065,2023,244.30408276273295
48065,2024,254.8338267043129
48065,2025,264.6111751962593
48067,2021,207.42717279553415
48067,2022,203.33008439895306
48067,2023,199.63637973683234
48067,2024,195.41647475617845
48067,2025,190.15149283835444
48069,2021,154.59809827634734
48069,2022,170.89111218607783
48069,2023,185.56394768128882
48069,2024,198.79800736371175
48069,2025,211.66608716153198
48071,2021,353.749558652813
48071,2022,348.1426226169521
48071,2023,339.26840530465637
48071,2024,329.132788432129
48071,2025,317.25322358750196
48073,2021,209.513126021997
48073,2022,205.5906995445684
48073,2023,199.43285990448436
48073,2024,191.35403347940633
48073,2025,180.96215717265886
48077,2021,175.17934311187815
48077,2022,180.4476203025998
48077,2023,185.1931984269646
48077,2024,189.30791794551658
48077,2025,192.70905586015203
48085,2021,597.1175102621991
48085,2022,640.4603905282648
48085,2023,683.7996423098143
48085,2024,725.5203970839289
48085,2025,766.8266408175468
48089,2021,239.96424096659555
48089,2022,248.29301621809583
48089,2023,255.8078088295072
48089,2024,262.8432528124512
48089,2025,269.666023309566
48091,2021,570.9648115356404
48091,2022,587.5328961129593
48091,2023,604.3017271341066
48091,2024,620.8492665996205
48091,2025,636.8642837156455
48093,2021,186.24278563490864
48093,2022,189.61873602331053
48093,2023,194.49534138604855
48093,2024,199.58748677027916
48093,2025,204.02225808462106
48097,2021,414.5981288998094
48097,2022,413.8975406910748
48097,2023,412.67792540680546
48097,2024,410.05046042574014
48097,2025,405.21300082202583
48099,2021,210.87169850437874
48099,2022,215.77286112781212
48099,2023,219.78040816527835
48099,2024,223.18650861695804
48099,2025,225.8194126128762
48111,2021,139.45811091909798
48111,2022,153.45001680919916
48111,2023,173.42993576439375
48111,2024,192.7305797021865
48111,2025,209.85943353798086
48113,2021,694.4981580555359
48113,2022,710.4864302663966
48113,2023,726.0884466453058
48113,2024,740.3506908972743
48113,2025,753.2112617426944
48115,2021,231.0077578745253
48115,2022,224.74554903738158
48115,2023,212.16167871777523
48115,2024,197.3818815652004
48115,2025,180.67682078910104
48117,2021,213.52544965735456
48117,2022,226.04772740419358
48117,2023,238.81194095520226
48117,2024,251.2053877463823
48117,2025,263.0781089990291
48119,2021,207.37617241686712
48119,2022,209.22091493748542
48119,2023,210.56161634304772
48119,2024,210.7248821026088
48119,2025,209.3332295496388
48121,2021,604.2734573930288
48121,2022,644.9279065324861
48121,2023,685.1852550476253
48121,2024,723.3756256429485
48121,2025,760.4501847984889
48123,2021,232.97505242406515
48123,2022,243.5926356357294
48123,2023,250.12673739928232
48123,2024,256.2866147569664
48123,2025,263.1471545500573
48133,2021,213.7511946296773
48133,2022,214.5340678421686
48133,2023,215.30665981379028
48133,2024,215.32580882794514
48133,2025,214.39601798770835
48135,2021,609.3372700383866
48135,2022,597.2476323304055
48135,2023,585.3187592731258
48135,2024,571.7666415831197
48135,2025,554.9052162395274
48139,2021,567.8959544699649
48139,2022,582.794314925512
48139,2023,597.7121004356045
48139,2024,612.2203552815131
48139,2025,626.0301039125588
48141,2021,460.47837766671574
48141,2022,468.2718157137574
48141,2023,474.8482926713853
48141,2024,480.8306557746979
48141,2025,485.97338470278373
48143,2021,314.58185590544065
48143,2022,322.3833502366806
48143,2023,328.5547785759974
48143,2024,333.97779806222826
48143,2025,338.6010899964138
48145,2021,166.10237346683846
48145,2022,168.45161592745004
48145,2023,168.61929184453572
48145,2024,167.37925419386113
48145,2025,164.97094915235022
48147,2021,273.0891244261634
48147,2022,282.4004079407285
48147,2023,292.03595290817367
48147,2024,300.84618966746706
48147,2025,308.68642692092584
48149,2021,295.0258242805927
48149,2022,307.06672654733285
48149,2023,316.7665558878303
48149,2024,326.4334729661507
48149,2025,336.35388211394684
48157,2021,465.9088039739752
48157,2022,496.711121190388
48157,2023,529.433514393897
48157,2024,561.3317304063708
48157,2025,593.0113682456862
48159,2021,194.9853975674306
48159,2022,199.6021603503924
48159,2023,206.10725672940683
48159,2024,212.037428242725
48159,2025,216.85917540015006
48161,2021,247.4727066305267
48161,2022,244.239325034651
48161,2023,239.00649093688196
48161,2024,233.20289538812145
48161,2025,226.5461467156183
48165,2021,270.08242179550564
48165,2022,277.1568946244835
48165,2023,282.7572089529722
48165,2024,287.9601731634645
48165,2025,292.6155966414017
48167,2021,490.775749256724
48167,2022,494.6573917310148
48167,2023,495.88283248868845
48167,2024,495.7677910509771
48167,2025,493.89068330867235
48171,2021,466.2154179173896
48171,2022,476.2503122379097
48171,2023,484.6670840263373
48171,2024,492.37195849263026
48171,2025,498.9915496438594
48175,2021,191.15870481671396
48175,2022,188.91201111481718
48175,2023,184.98875774352672
48175,2024,180.05070658477348
48175,2025,173.8900861804798
48177,2021,205.291124274108
48177,2022,213.070016915615
48177,2023,220.67928928517964
48177,2024,227.51287286116838
48177,2025,233.55923291329793
48179,2021,213.39771688147243
48179,2022,210.85785946288217
48179,2023,206.9954948490792
48179,2024,202.35918728063305
48179,2025,196.91719586347182
48181,2021,563.2811178053639
48181,2022,572.8109491801638
48181,2023,581.4510437223848
48181,2024,589.5148601927121
48181,2025,596.4890270869719
48183,2021,427.04452645712126
48183,2022,426.3537649244655
48183,2023,424.11647977203506
48183,2024,421.0121734718218
48183,2025,416.6409804901467
48185,2021,203.4946079503534
48185,2022,202.7005827188278
48185,2023,200.51852399350733
48185,2024,197.66120897618003
48185,2025,194.0100377068561
48187,2021,378.4359621554163
48187,2022,389.5792831183018
48187,2023,401.0693474756925
48187,2024,411.2581203303686
48187,2025,419.9078756372599
48189,2021,271.83997233555004
48189,2022,275.7857034041166
48189,2023,278.51828838480105
48189,2024,280.4197589275757
48189,2025,281.6083905780225
48193,2021,193.5836483090297
48193,2022,207.15743663737751
48193,2023,219.63153913120632
48193,2024,232.8133906832836
48193,2025,247.20918856834982
48195,2021,241.18858996293812
48195,2022,257.9724131270823
48195,2023,272.36932409732174
48195,2024,286.01545639563136
48195,2025,299.88679844305227
48199,2021,383.6742988005941
48199,2022,378.7211168394607
48199,2023,372.0657324912929
48199,2024,364.5092277324561
48199,2025,355.3917054882517
48201,2021,631.509107543298
48201,2022,686.4133665047871
48201,2023,744.9481982971608
48201,2024,805.1385775024837
48201,2025,868.1497753447002
48203,2021,381.5096859242175
48203,2022,380.5221094353353
48203,2023,377.62053599090046
48203,2024,373.6404852024323
48203,2025,368.34227537297335
48205,2021,202.15847674709622
48205,2022,223.28148644150937
48205,2023,245.32528772118755
48205,2024,265.79632567116806
48205,2025,285.30020961364625
48209,2021,583.8790107200341
48209,2022,600.6773247259238
48209,2023,616.663173463935
48209,2024,632.5056992282373
48209,2025,647.7993417522537
48211,2021,219.97337628800756
48211,2022,227.84541907869703
48211,2023,237.6317911174077
48211,2024,246.0166303891086
48211,2025,252.727784949514
48213,2021,553.5347035608006
48213,2022,558.6736175578925
48213,2023,563.5945535333055
48213,2024,568.7821470422549
48213,2025,573.3290838190801
48215,2021,356.98015225178347
48215,2022,338.02803298349494
48215,2023,316.17023217734317
48215,2024,293.3690163746624
48215,2025,268.64376208081643
48217,2021,292.889014526136
48217,2022,297.20001496832657
48217,2023,298.7372425385693
48217,2024,298.93800431407425
48217,2025,297.7483205904948
48219,2021,363.3434383561845
48219,2022,360.17253574320677
48219,2023,355.6937339237093
48219,2024,349.8665380108886
48219,2025,342.03019549548924
48221,2021,281.4723649151334
48221,2022,285.0347339569629
48221,2023,286.78338852468517
48221,2024,287.643391657679
48221,2025,287.461439904165
48223,2021,254.13953043748802
48223,2022,259.2997023228024
48223,2023,264.98035111654224
48223,2024,270.18812871974103
48223,2025,274.3727789245679
48225,2021,203.23792625873398
48225,2022,211.92218645246362
48225,2023,218.5799074948149
48225,2024,224.5491909011157
48225,2025,230.29432716586064
48227,2021,442.28386763829576
48227,2022,441.7881536153377
48227,2023,440.85442485376666
48227,2024,440.278269989981
48227,2025,438.8775056004881
48231,2021,374.5447652794179
48231,2022,379.2349353485364
48231,2023,382.12503622592203
48231,2024,384.44062049039496
48231,2025,385.85606269653783
48233,2021,196.44735678135385
48233,2022,198.29211478761988
48233,2023,198.60072288509423
48233,2024,198.1554686470032
48233,2025,196.99871830411834
48237,2021,179.9691175240102
48237,2022,177.29352702283347
48237,2023,171.83907757153645
48237,2024,165.13821651703262
48237,2025,157.12624643414898
48239,2021,227.5333446071878
48239,2022,232.4608600858657
48239,2023,238.9749151160964
48239,2024,245.11375414838324
48239,2025,250.26308744098114
48241,2021,195.60011203654366
48241,2022,178.8978648760283
48241,2023,158.25492681317633
48241,2024,135.11656549556065
48241,2025,108.8810985170274
48245,2021,440.3254212460927
48245,2022,423.86351329123676
48245,2023,404.0497347521599
48245,2024,382.0526004915155
48245,2025,356.87349235470043
48249,2021,208.4006521019231
48249,2022,188.47842340781924
48249,2023,166.1961890666181
48249,2024,142.77132384735518
48249,2025,117.2873560558258
48251,2021,564.1892245364786
48251,2022,575.0001228605317
48251,2023,586.3173696476565
48251,2024,597.5629101451318
48251,2025,608.1472425525526
48253,2021,209.19093752823534
48253,2022,207.97393130071575
48253,2023,205.64208664428622
48253,2024,203.09386486781335
48253,2025,200.0149552594359
48257,2021,284.3794272340697
48257,2022,297.9646185587177
48257,2023,311.0207508550781
48257,2024,323.12715295969247
48257,2025,334.43479334502024
48259,2021,320.75336706790165
48259,2022,330.8588916436571
48259,2023,338.92641024850974
48259,2024,346.0175474030334
48259,2025,352.2195421415172
48265,2021,515.5217901987611
48265,2022,522.0102771448418
48265,2023,528.0982599583368
48265,2024,532.851386447066
48265,2025,535.8498042030216
48273,2021,224.8758137948103
48273,2022,222.28610117207813
48273,2023,217.4324637773185
48273,2024,211.849514200739
48273,2025,205.4633101907216
48277,2021,325.9874529039206
48277,2022,327.2786712269801
48277,2023,326.6443897945931
48277,2024,325.27189026691235
48277,2025,322.7603623990689
48279,2021,146.63883000994656
48279,2022,154.81784923620262
48279,2023,168.79694525510456
48279,2024,184.83675006351146
48279,2025,201.52195882187772
48281,2021,227.37761358035317
48281,2022,234.22326795248696
48281,2023,240.71769812575639
48281,2024,246.5590148928056
48281,2025,251.64032667918113
48285,2021,211.58522165223349
48285,2022,219.74170052266632
48285,2023,229.18557807646326
48285,2024,237.91876236616554
48285,2025,245.70208206300867
48287,2021,223.62115026026186
48287,2022,232.68623551448204
48287,2023,243.84561524421474
48287,2024,254.32783152378215
48287,2025,263.7530324450154
48289,2021,163.4765180805656
48289,2022,157.08716298823208
48289,2023,152.91588609316062
48289,2024,148.29040232065717
48289,2025,141.9676307483776
48291,2021,268.38274947765547
48291,2022,258.18061757525606
48291,2023,246.8970117715433
48291,2024,234.87775092026075
48291,2025,221.36264943068312
48293,2021,179.15922614977308
48293,2022,178.6113596698541
48293,2023,176.59920487208942
48293,2024,173.85838034938587
48293,2025,170.14661113308105
48297,2021,201.9332826083753
48297,2022,202.68063878176764
48297,2023,201.75538406117738
48297,2024,199.96010914291315
48297,2025,197.31299711628475
48299,2021,417.70319232255486
48299,2022,422.84550218389273
48299,2023,428.92995400876146
48299,2024,434.5530013614516
48299,2025,438.92796245706427
48303,2021,453.8910206064314
48303,2022,467.28622976449776
48303,2023,479.771823710445
48303,2024,491.03275692824167
48303,2025,501.12848186871145
48305,2021,144.83203150805005
48305,2022,152.24977359153795
48305,2023,156.65703226282082
48305,2024,159.7346623553095
48305,2025,162.27171665332745
48307,2021,122.22143016246591
48307,2022,117.18439490773551
48307,2023,108.60965119361842
48307,2024,97.37671177615334
48307,2025,83.44483585145608
48309,2021,413.48830452231425
48309,2022,425.1474079090668
48309,2023,435.7402631047494
48309,2024,445.74490052339036
48309,2025,454.94780679465
48313,2021,189.25650436228221
48313,2022,186.4903188491515
48313,2023,183.67536276027255
48313,2024,179.48432665911423
48313,2025,173.3457372454596
48315,2021,131.69666307730526
48315,2022,125.25737634963909
48315,2023,116.21509654565469
48315,2024,105.95399884105962
48315,2025,94.39039455201541
48321,2021,173.1886274142458
48321,2022,159.88596253591209
48321,2023,143.97081239971175
48321,2024,125.71283600764554
48321,2025,104.54202316767305
48323,2021,181.1253130552596
48323,2022,150.9788117092416
48323,2023,117.10067094363734
48323,2024,80.51352088829142
48323,2025,39.08749275609006
48325,2021,289.70905701583916
48325,2022,296.31298502113117
48325,2023,300.43227148020566
48325,2024,303.809917816101
48325,2025,306.5967244395587
48329,2021,716.6214567060986
48329,2022,721.3766116528195
48329,2023,727.6905815140644
48329,2024,731.8332386827993
48329,2025,733.0822277394279
48331,2021,216.9478660790669
48331,2022,216.8734756890749
48331,2023,215.68810149644432
48331,2024,213.77489016158188
48331,2025,210.8347363372821
48337,2021,212.93630741261057
48337,2022,215.46127514994325
48337,2023,215.93225630667524
48337,2024,215.88765519026947
48337,2025,215.3651566586163
48339,2021,443.41781715495534
48339,2022,471.55649314142806
48339,2023,499.9422679658235
48339,2024,528.2567114357081
48339,2025,557.045889600866
48341,2021,504.5039947490303
48341,2022,521.1607446930777
48341,2023,536.7619489282545
48341,2024,552.5892336239697
48341,2025,568.537926811624
48343,2021,143.8563517649
48343,2022,129.06539672162438
48343,2023,113.51558928810095
48343,2024,97.1330115480641
48343,2025,79.44716332896624
48347,2021,378.14437830441034
48347,2022,382.8544212917315
48347,2023,385.0469280025044
48347,2024,386.36676700685155
48347,2025,386.77170228880675
48349,2021,536.4807659729224
48349,2022,542.8528299301429
48349,2023,548.2399842651779
48349,2024,553.084008122767
48349,2025,556.8462489310882
48353,2021,247.28586737649246
48353,2022,253.1347799593353
48353,2023,263.1314395703688
48353,2024,272.9121489999264
48353,2025,281.59706411666804
48355,2021,521.1020439533031
48355,2022,523.8496863321798
48355,2023,524.269436243237
48355,2024,523.7288993744594
48355,2025,521.8211895527776
48357,2021,268.5081939964629
48357,2022,275.59493290964696
48357,2023,281.52052997729317
48357,2024,286.9803212204103
48357,2025,292.22072232848154
48361,2021,468.90123706129896
48361,2022,459.3593623148496
48361,2023,447.24961345923344
48361,2024,433.8265651356412
48361,2025,418.2210040927359
48363,2021,343.9918083225536
48363,2022,344.97045104728363
48363,2023,346.807047049495
48363,2024,348.4039269330941
48363,2025,348.937558345262
48365,2021,182.93048721041458
48365,2022,178.37147435193947
48365,2023,171.44463240885392
48365,2024,163.59529954709717
48365,2025,154.8812668360797
48367,2021,579.0544987093447
48367,2022,593.4706126257252
48367,2023,608.4369906965626
48367,2024,623.0588157224325
48367,2025,636.9674337022662
48369,2021,180.2540027332239
48369,2022,198.9973906878659
48369,2023,217.44579497822886
48369,2024,234.95816889255488
48369,2025,252.19727577808138
48371,2021,329.30386139508244
48371,2022,328.1940279817204
48371,2023,317.53824210820613
48371,2024,308.65878511275395
48371,2025,301.30206370608846
48373,2021,205.97697185280373
48373,2022,200.0644962711109
48373,2023,190.79369641380583
48373,2024,180.05153124065265
48373,2025,167.76180977279932
48375,2021,484.81417573688896
48375,2022,495.16534930411615
48375,2023,504.68595750496024
48375,2024,512.3936685808304
48375,2025,518.4253717910759
48379,2021,201.41758173815197
48379,2022,209.5550555940971
48379,2023,216.1479920231534
48379,2024,222.2213698728336
48379,2025,228.01975982548174
48381,2021,469.2061444465765
48381,2022,488.45218420377614
48381,2023,506.76305443934336
48381,2024,523.8292830590782
48381,2025,540.0096219393166
48395,2021,198.6972149486393
48395,2022,201.7265418441225
48395,2023,203.82131122312393
48395,2024,205.12875882949228
48395,2025,205.6142247447796
48397,2021,409.97783505377447
48397,2022,422.5616205504841
48397,2023,434.06571629587256
48397,2024,444.19486566871615
48397,2025,453.09474284193834
48399,2021,140.77680419178466
48399,2022,147.22545041678103
48399,2023,156.87649153776914
48399,2024,166.31871627963986
48399,2025,174.57665763925962
48401,2021,259.89300745886544
48401,2022,259.30260267517355
48401,2023,257.38238311043034
48401,2024,254.7008444313032
48401,2025,251.01772830490876
48403,2021,193.43385876366773
48403,2022,179.7463143207496
48403,2023,161.459653795781
48403,2024,142.84608870367967
48403,2025,123.66400648538539
48407,2021,315.6218159835824
48407,2022,313.80627543329615
48407,2023,309.4034064437561
48407,2024,304.35661902839246
48407,2025,298.4804675248696
48409,2021,476.0826450940144
48409,2022,470.5205820692614
48409,2023,462.7852748097565
48409,2024,454.1965096833427
48409,2025,444.1509115126583
48415,2021,250.0967304850239
48415,2022,244.08687142725162
48415,2023,236.13047045447266
48415,2024,226.9069791043712
48415,2025,215.85458050740888
48419,2021,200.74939973428158
48419,2022,201.22641923282146
48419,2023,200.29863889659225
48419,2024,198.8014941172163
48419,2025,196.71724055862836
48423,2021,478.65690531894785
48423,2022,484.9973844127255
48423,2023,489.6512989416144
48423,2024,493.50194501879275
48423,2025,496.19207003575855
48425,2021,212.80311763210958
48425,2022,212.17912277198127
48425,2023,211.68839955252938
48425,2024,209.88039599686067
48425,2025,206.28627907734295
48427,2021,107.27414304665908
48427,2022,66.4035074418914
48427,2023,13.404570929452404
48427,2024,-54.66108555944095
48427,2025,-274.33317684764677
48429,2021,118.52453790061037
48429,2022,123.9937262564645
48429,2023,128.21002818617458
48429,2024,132.1427537474241
48429,2025,136.2100450855426
48437,2021,154.26239561032867
48437,2022,163.7282539872729
48437,2023,171.3427110607914
48437,2024,177.96933330787326
48437,2025,184.22503964894833
48439,2021,644.1332350122977
48439,2022,693.4367324903994
48439,2023,743.9460210363682
48439,2024,793.6492648131124
48439,2025,843.5158818347027
48441,2021,397.7353089024508
48441,2022,412.2878079844097
48441,2023,426.5697628234666
48441,2024,440.13103217845503
48441,2025,453.077978432745
48445,2021,188.99238699881965
48445,2022,189.16351121372583
48445,2023,184.9401241184362
48445,2024,179.19336659658006
48445,2025,172.4601942709532
48449,2021,244.51422679864535
48449,2022,248.08165521652967
48449,2023,249.70853270411058
48449,2024,251.2456067385618
48449,2025,252.81227115430306
48451,2021,624.086472528198
48451,2022,633.8696972205166
48451,2023,643.3904365793736
48451,2024,653.2729937518362
48451,2025,662.7912736133028
48453,2021,1172.1559054067618
48453,2022,1215.224166118839
48453,2023,1259.620372422888
48453,2024,1305.2870147560348
48453,2025,1351.4881887680694
48455,2021,166.61517990131964
48455,2022,161.64426847280856
48455,2023,155.6591410093941
48455,2024,148.593860370416
48455,2025,140.02830634996374
48457,2021,159.69480819107474
48457,2022,147.1752446812502
48457,2023,131.90386211903086
48457,2024,115.02870305644444
48457,2025,95.97051844069384
48459,2021,248.97378384002502
48459,2022,248.27129571718223
48459,2023,244.4720258263969
48459,2024,239.88070936560524
48459,2025,234.67202204202547
48463,2021,284.18848541297115
48463,2022,290.29102089833725
48463,2023,294.3509539934439
48463,2024,298.9250336464483
48463,2025,303.99131230125226
48465,2021,251.18568425156477
48465,2022,249.57676285708516
48465,2023,244.9997773338764
48465,2024,239.8783270451953
48465,2025,234.21843226975983
48467,2021,322.89072541255115
48467,2022,327.78789578311165
48467,2023,331.31572547619555
48467,2024,334.28813075948364
48467,2025,336.32676431521827
48469,2021,324.8653337165358
48469,2022,326.3897945175513
48469,2023,325.332000651391
48469,2024,323.03135572395473
48469,2025,319.33901443842694
48471,2021,253.27001255916846
48471,2022,253.8043655636106
48471,2023,252.77470016766668
48471,2024,250.9829019894967
48471,2025,248.24770135342652
48473,2021,284.63093205451787
48473,2022,286.2839596879585
48473,2023,287.71691803792845
48473,2024,288.78520228384883
48473,2025,289.1212520666355
48475,2021,410.08710058993563
48475,2022,399.21052588147
48475,2023,387.78736965980505
48475,2024,375.79362912298376
48475,2025,361.50017600524075
48477,2021,293.7371565490402
48477,2022,303.09137775945305
48477,2023,313.63746292813073
48477,2024,324.4597339144466
48477,2025,335.3416082814945
48479,2021,344.4879810299623
48479,2022,341.0329844021387
48479,2023,336.0561326646374
48479,2024,329.26257945668533
48479,2025,320.17636934311355
48481,2021,256.44720508230847
48481,2022,258.55507390041566
48481,2023,259.73318941457035
48481,2024,259.88373138631715
48481,2025,258.87224414502754
48485,2021,356.9001050162131
48485,2022,362.6422893378144
48485,2023,367.28728911919904
48485,2024,371.4415075064937
48485,2025,374.7872925710123
48487,2021,211.97849683913452
48487,2022,214.60028284499123
48487,2023,217.29568932494186
48487,2024,219.70217366666597
48487,2025,221.36541761665475
48491,2021,857.2575529449813
48491,2022,898.904905777155
48491,2023,942.4025344570364
48491,2024,987.2525470197205
48491,2025,1033.1906605156069
48493,2021,302.72489043374964
48493,2022,310.4516509391144
48493,2023,317.6830667639102
48493,2024,324.15594141374334
48493,2025,329.7595009920201
48497,2021,302.29749850153706
48497,2022,307.22020095026693
48497,2023,311.4288688522044
48497,2024,314.95969432843424
48497,2025,317.5462277958743
48499,2021,251.08662431202274
48499,2022,253.7627285367359
48499,2023,254.6857225266038
48499,2024,254.97218077492758
48499,2025,254.50792314761495
48501,2021,226.50605767410303
48501,2022,202.08975247097788
48501,2023,173.26750881312978
48501,2024,139.2384309149141
48501,2025,98.52654403108491
48503,2021,190.81892642587388
48503,2022,198.24873307903752
48503,2023,206.37174259511752
48503,2024,213.8158564028843
48503,2025,220.46749122858722
49001,2021,275.69497943023634
49001,2022,290.9956452632868
49001,2023,306.0539940165454
49001,2024,322.0104382070265
49001,2025,339.04451940508807
49003,2021,514.0125556260368
49003,2022,528.6475914058644
49003,2023,544.1333878738416
49003,2024,560.6742431639047
49003,2025,577.385962535621
49005,2021,794.0313584660565
49005,2022,818.1571418744184
49005,2023,844.2678114145964
49005,2024,872.3313863039109
49005,2025,901.3591254410983
49007,2021,276.4929068810856
49007,2022,285.89275478477
49007,2023,295.7656372897933
49007,2024,306.9850055052722
49007,2025,319.1555171053188
49011,2021,812.9194503436524
49011,2022,839.7834899357673
49011,2023,867.3122159899717
49011,2024,895.4598691286847
49011,2025,923.4512011914009
49013,2021,275.45887761470055
49013,2022,279.9158580172078
49013,2023,286.02855382588933
49013,2024,293.3532500837684
49013,2025,301.6860074936878
49015,2021,195.74105402439503
49015,2022,206.48388591837636
49015,2023,220.86179373192905
49015,2024,236.69938786216557
49015,2025,253.32066287841235
49017,2021,175.01442509789206
49017,2022,160.14927153534074
49017,2023,145.34377224544852
49017,2024,129.4819038196803
49017,2025,111.31293133516695
49019,2021,517.4074269220546
49019,2022,509.4752184225533
49019,2023,499.8835918906303
49019,2024,489.2402532561263
49019,2025,476.28731886543244
49021,2021,361.92174561722527
49021,2022,377.4560895826186
49021,2023,393.40575651525177
49021,2024,409.9608897224758
49021,2025,426.9266243159176
49023,2021,451.5869829717429
49023,2022,470.883269499391
49023,2023,490.5338407952976
49023,2024,511.69306469078117
49023,2025,533.9718604843935
49025,2021,366.58796919703104
49025,2022,372.5881651799067
49025,2023,380.3256342257673
49025,2024,387.4516476577452
49025,2025,393.1644200138277
49027,2021,332.73608897851955
49027,2022,351.8807499613874
49027,2023,370.16190983181883
49027,2024,389.12626017499446
49027,2025,408.9416128923335
49029,2021,440.252435519189
49029,2022,455.969298626433
49029,2023,472.3580173659941
49029,2024,489.27887679606545
49029,2025,506.25547113959453
49033,2021,251.08560939238942
49033,2022,265.45879160013385
49033,2023,279.0024465919397
49033,2024,292.45523842766204
49033,2025,305.98096110261037
49035,2021,1042.72123975711
49035,2022,1086.673703988125
49035,2023,1131.216027676683
49035,2024,1175.7356660209655
49035,2025,1219.7625443062834
49037,2021,235.3358730402175
49037,2022,223.85425552071877
49037,2023,209.00258643268756
49037,2024,193.2289080165006
49037,2025,175.98835242772958
49039,2021,363.6779606967753
49039,2022,380.29953094954965
49039,2023,398.29178135451207
49039,2024,417.2639784198218
49039,2025,436.8930609706081
49041,2021,314.31589749379435
49041,2022,328.7593466877657
49041,2023,344.514069065811
49041,2024,360.96286907631145
49041,2025,377.87582510640436
49043,2021,563.6539933710535
49043,2022,566.218862355807
49043,2023,567.8228784278963
49043,2024,567.626431149457
49043,2025,564.6859665307102
49045,2021,407.92364833275724
49045,2022,423.3884620880715
49045,2023,439.24923665045935
49045,2024,455.27948963691
49045,2025,471.1065019997988
49047,2021,479.95625567034995
49047,2022,481.6968932392067
49047,2023,485.0590286122913
49047,2024,489.64062809868494
49047,2025,494.79131762205975
49049,2021,877.3561956441177
49049,2022,923.9317379257938
49049,2023,973.3078566356563
49049,2024,1024.4001612560478
49049,2025,1077.090459730562
49051,2021,546.1025859609219
49051,2022,550.9858767977096
49051,2023,554.3130263925277
49051,2024,556.6323537052447
49051,2025,557.1320232987739
49053,2021,657.2003624081805
49053,2022,677.3055204272375
49053,2023,698.1372566338018
49053,2024,719.6659301011587
49053,2025,741.2400499445922
49055,2021,220.42073577857758
49055,2022,218.97491898760765
49055,2023,217.29744173377048
49055,2024,217.0144783264042
49055,2025,217.47975214935101
49057,2021,815.7809785858784
49057,2022,840.226314623756
49057,2023,866.0572859548699
49057,2024,893.3019331087471
49057,2025,920.7948309553775
50001,2021,412.5685957770678
50001,2022,423.99268728432446
50001,2023,434.4739299990983
50001,2024,443.48980552192194
50001,2025,451.0996517363071
50003,2021,258.308130837738
50003,2022,259.3225026126801
50003,2023,257.5092227832972
50003,2024,253.48845721129373
50003,2025,247.16691324402575
50005,2021,179.84419100749
50005,2022,184.3747698369274
50005,2023,186.44454619757022
50005,2024,186.8300119747538
50005,2025,185.85039060771032
50007,2021,772.8855298511081
50007,2022,789.449163689164
50007,2023,804.9293167188432
50007,2024,818.8583012556788
50007,2025,831.0933763484428
50009,2021,172.00814344334503
50009,2022,168.9406464502219
50009,2023,161.69670882358753
50009,2024,152.16520657421495
50009,2025,140.5807054610495
50011,2021,386.3333680638237
50011,2022,396.35589573538385
50011,2023,404.32288381252187
50011,2024,410.7941481880649
50011,2025,415.8352343177492
50013,2021,263.5242079590773
50013,2022,267.2422608753314
50013,2023,268.38908982011685
50013,2024,267.78359202426697
50013,2025,265.4796082809654
50015,2021,241.06618559829042
50015,2022,236.3886560720956
50015,2023,229.02901337133272
50015,2024,218.8214526272037
50015,2025,205.41808345224
50017,2021,209.94473975342567
50017,2022,216.2930824779515
50017,2023,220.7146089924811
50017,2024,223.02552967179253
50017,2025,223.38713372757206
50019,2021,170.13158760696655
50019,2022,167.17331082730442
50019,2023,161.51265159658502
50019,2024,153.7015732179754
50019,2025,143.7357534757713
50021,2021,283.6988930247245
50021,2022,285.19492079833054
50021,2023,283.6844718937141
50021,2024,279.95873131310105
50021,2025,273.9910945367365
50023,2021,443.5632394605841
50023,2022,454.1274269766103
50023,2023,463.28639086685723
50023,2024,471.3468214522868
50023,2025,478.1732942658532
50025,2021,244.64483761851045
50025,2022,244.8699202704645
50025,2023,241.38204499721337
50025,2024,235.0143569924177
50025,2025,225.86620309999378
50027,2021,298.53452062950964
50027,2022,302.76661909552627
50027,2023,304.4739010173345
50027,2024,304.03481961629427
50027,2025,301.35707259644613
51001,2021,264.29077209404784
51001,2022,266.54961561867196
51001,2023,266.1572034393488
51001,2024,264.96457695174325
51001,2025,262.9433362731222
51003,2021,609.438727373556
51003,2022,616.8374188121654
51003,2023,623.5498464665073
51003,2024,628.9937847073056
51003,2025,632.8974386030684
51005,2021,178.61243098450024
51005,2022,173.69605433335477
51005,2023,166.11132689344896
51005,2024,157.11411023139738
51005,2025,146.69858460577814
51007,2021,222.06504399826082
51007,2022,224.20483151769034
51007,2023,225.0622431126557
51007,2024,224.6013868667573
51007,2025,222.62796938643066
51009,2021,206.6918862151673
51009,2022,210.0326922752149
51009,2023,211.8454324896068
51009,2024,212.14914967041096
51009,2025,210.9571493035338
51011,2021,123.82982938830574
51011,2022,125.23066493752839
51011,2023,125.83533996496604
51011,2024,124.79173333578325
51011,2025,121.95593960297762
51013,2021,1472.7670888241682
51013,2022,1496.2293579863826
51013,2023,1520.1719918859967
51013,2024,1542.9071960388287
51013,2025,1563.7772451704832
51015,2021,284.1609425707592
51015,2022,289.28078857676513
51015,2023,292.9341626265379
51015,2024,295.6519661863701
51015,2025,297.45611716669595
51017,2021,70.32706686951855
51017,2022,42.769989553206216
51017,2023,4.442676652668979
51017,2024,-55.01062438812562
51017,2025,-558.1928374203577
51019,2021,375.4664932907363
51019,2022,383.8042024810064
51019,2023,391.2028425898466
51019,2024,397.53796131565656
51019,2025,402.7534974500512
51021,2021,120.4430413933058
51021,2022,129.02808176584932
51021,2023,129.041829777666
51021,2024,125.86104532524499
51021,2025,122.31449530789229
51023,2021,230.41407911688805
51023,2022,238.5195000710326
51023,2023,245.72617732479998
51023,2024,251.6276101092925
51023,2025,256.3149815191108
51025,2021,159.53278110242508
51025,2022,150.9311311085284
51025,2023,143.07096482074112
51025,2024,133.5333161096897
51025,2025,121.25821747552686
51027,2021,97.30806150810236
51027,2022,91.60042864154389
51027,2023,80.07839927786583
51027,2024,67.00504140284303
51027,2025,53.9956662876655
51029,2021,94.04849036239668
51029,2022,88.41023268709944
51029,2023,79.80777672736264
51029,2024,68.34020445485123
51029,2025,53.71948853766909
51031,2021,291.85631822504547
51031,2022,290.57721306024644
51031,2023,287.5573402491504
51031,2024,283.5479482657971
51031,2025,278.25746973977965
51033,2021,224.4190085400997
51033,2022,225.3079604671588
51033,2023,223.94012536478908
51033,2024,220.5851995491609
51033,2025,215.27213155156034
51035,2021,167.2571698363127
51035,2022,152.81322664615257
51035,2023,132.46514053862225
51035,2024,109.05617321563548
51035,2025,82.1805419994921
51036,2021,180.48062216131876
51036,2022,176.89130554574078
51036,2023,171.92732111140208
51036,2024,164.70428773164377
51036,2025,154.92862033977474
51037,2021,142.87743289886944
51037,2022,142.73713834656706
51037,2023,144.3681132289719
51037,2024,145.36648723743244
51037,2025,144.767572905406
51041,2021,489.06847667480355
51041,2022,508.6319476295487
51041,2023,527.7625600552988
51041,2024,546.0640425831384
51041,2025,563.6117771628644
51043,2021,242.79866664169265
51043,2022,251.8687400457383
51043,2023,259.18403431010614
51043,2024,265.40855031636426
51043,2025,270.761712561733
51045,2021,112.01725930073735
51045,2022,116.63993050786743
51045,2023,119.55422022937864
51045,2024,121.47116296199582
51045,2025,122.73631883878605
51047,2021,322.016330247962
51047,2022,331.12089050902637
51047,2023,339.23062679304064
51047,2024,346.13344299037465
51047,2025,351.89040432668304
51049,2021,167.09350883389504
51049,2022,168.09639166713063
51049,2023,167.73268430928178
51049,2024,165.3864470811133
51049,2025,161.091165800216
51053,2021,237.03441418491195
51053,2022,233.1308183313226
51053,2023,227.94950519295347
51053,2024,221.93344507114608
51053,2025,214.610239145398
51057,2021,178.9594305878177
51057,2022,176.03826320264375
51057,2023,169.95530022927272
51057,2024,161.913235715848
51057,2025,151.89931348658638
51059,2021,949.6554831953746
51059,2022,975.3323163534135
51059,2023,1000.2429957468445
51059,2024,1024.3468506054337
51059,2025,1047.5116809354272
51061,2021,320.3141807751632
51061,2022,330.9948100251215
51061,2023,340.8635365721618
51061,2024,349.4195920064709
51061,2025,356.72934299979056
51063,2021,205.453796441751
51063,2022,210.66114746187304
51063,2023,213.08395684075333
51063,2024,214.2799764624871
51063,2025,214.51811891406726
51065,2021,285.4757277090664
51065,2022,292.8802406952292
51065,2023,297.0946136788646
51065,2024,299.64023904414734
51065,2025,300.86828052371976
51067,2021,254.80939410406276
51067,2022,259.3829576365026
51067,2023,261.7601481064976
51067,2024,262.8111199323711
51067,2025,262.6390730347738
51069,2021,306.67493911047006
51069,2022,313.69511303912174
51069,2023,320.34692353536417
51069,2024,325.9940526730362
51069,2025,330.52775867800057
51071,2021,214.82648629806488
51071,2022,215.18418256216495
51071,2023,215.20684932201493
51071,2024,214.43951294679283
51071,2025,212.53008509033484
51073,2021,226.79028653422853
51073,2022,231.18982957542593
51073,2023,233.89872085848566
51073,2024,234.87658472323665
51073,2025,234.1633960942239
51075,2021,322.836565869975
51075,2022,332.7573453742035
51075,2023,341.48229736096005
51075,2024,349.15771031674643
51075,2025,355.9190270962789
51077,2021,167.6029360654367
51077,2022,169.27134188513952
51077,2023,168.7777054225292
51077,2024,166.95946447490206
51077,2025,163.961211690693
51079,2021,220.21643530730876
51079,2022,224.6719197088241
51079,2023,227.76416449647564
51079,2024,228.6031975219668
51079,2025,227.2130281445959
51081,2021,177.86424893336584
51081,2022,172.13815224909854
51081,2023,163.87234110487026
51081,2024,154.11322428993992
51081,2025,142.79160430995225
51083,2021,227.62298098782537
51083,2022,224.58969711442714
51083,2023,221.14673118674853
51083,2024,216.56995234217254
51083,2025,210.3799266562678
51085,2021,335.5760235067927
51085,2022,347.617948452106
51085,2023,359.0040071933845
51085,2024,369.200808394554
51085,2025,378.2780468649099
51087,2021,571.4628011670736
51087,2022,582.8108114445724
51087,2023,593.1043797508951
51087,2024,602.1108730328388
51087,2025,609.5616859596306
51089,2021,168.15833931237842
51089,2022,157.00111207790417
51089,2023,141.3558789151191
51089,2024,123.5624442211911
51089,2025,103.43882067549427
51093,2021,287.62706020420615
51093,2022,295.70582969144266
51093,2023,303.24036371955845
51093,2024,309.87347189969563
51093,2025,315.6297711084006
51095,2021,604.5912210200615
51095,2022,605.6685899204467
51095,2023,603.2152727535715
51095,2024,599.259257686922
51095,2025,593.4648714587833
51097,2021,124.38204209521462
51097,2022,128.70814007713375
51097,2023,132.4687213308901
51097,2024,134.69493220747842
51097,2025,135.33220556562102
51099,2021,211.23568908049901
51099,2022,222.3606737301194
51099,2023,233.3015141881101
51099,2024,243.62172093669284
51099,2025,253.47194076254718
51101,2021,245.6937572259436
51101,2022,251.2157996972377
51101,2023,254.34212003019027
51101,2024,256.0812648728964
51101,2025,256.579135486059
51103,2021,187.8669802559694
51103,2022,184.4148779563081
51103,2023,179.4305120122658
51103,2024,172.95432648355242
51103,2025,164.7195056969669
51107,2021,739.3060456786918
51107,2022,763.5559367306507
51107,2023,786.44106964713
51107,2024,807.5490547756566
51107,2025,826.9461805120518
51109,2021,224.25735547351883
51109,2022,231.47294979480444
51109,2023,237.30348951558648
51109,2024,241.73109309243753
51109,2025,244.8529797907866
51111,2021,139.16492759702763
51111,2022,142.59336160938057
51111,2023,146.2546976209001
51111,2024,148.53847081311835
51111,2025,149.2086452967385
51113,2021,204.27768780242104
51113,2022,215.2696744370248
51113,2023,225.6217756276474
51113,2024,234.77223424406634
51113,2025,242.87413179507143
51115,2021,145.62000593568376
51115,2022,150.7270224602831
51115,2023,155.39200558515654
51115,2024,158.70891029541042
51115,2025,160.64551480362132
51117,2021,264.0697824021089
51117,2022,264.573591473468
51117,2023,262.4839089509327
51117,2024,259.51796187147215
51117,2025,255.69959984622434
51119,2021,179.2316122933964
51119,2022,185.84673449963384
51119,2023,189.14106602735416
51119,2024,190.8537935812489
51119,2025,191.64025163405785
51121,2021,437.6413227196648
51121,2022,442.81728380843015
51121,2023,448.1285823713031
51121,2024,453.159898086141
51121,2025,457.50365017902345
51125,2021,194.0570474860182
51125,2022,195.81369611741712
51125,2023,195.96062751412697
51125,2024,193.77762311493558
51125,2025,189.189284496739
51127,2021,226.02123749390105
51127,2022,234.58381466262745
51127,2023,242.3189702763247
51127,2024,248.7704052815754
51127,2025,254.0033017984497
51131,2021,326.5792322645607
51131,2022,323.0022742732178
51131,2023,316.73263705251946
51131,2024,309.6418702894706
51131,2025,301.2889821106721
51133,2021,192.21443799238656
51133,2022,193.88092533200543
51133,2023,194.09334036196367
51133,2024,193.21944564556276
51133,2025,191.32220819656115
51135,2021,176.19611749282063
51135,2022,183.54852211319096
51135,2023,187.5467611643449
51135,2024,189.83223443766835
51135,2025,191.1403274552102
51137,2021,338.2016343533917
51137,2022,344.3824714014968
51137,2023,349.5247933022994
51137,2024,353.51244884855873
51137,2025,356.15899587846474
51139,2021,212.80557481497624
51139,2022,209.88590818488996
51139,2023,205.57970074441087
51139,2024,199.60306511817802
51139,2025,191.72073384225035
51141,2021,163.46197436122787
51141,2022,161.75066040752426
51141,2023,153.8522696326433
51141,2024,143.57629015376483
51141,2025,131.69051265971478
51143,2021,251.41207245099395
51143,2022,246.68391561640865
51143,2023,239.2850042603553
51143,2024,230.65963245315942
51143,2025,220.60998185171437
51145,2021,348.3269524509401
51145,2022,357.88411150828443
51145,2023,366.4373844628642
51145,2024,373.91120651912905
51145,2025,380.33900874704096
51147,2021,204.84581165322618
51147,2022,206.24890703168572
51147,2023,204.74775902989137
51147,2024,202.3046358564311
51147,2025,199.1087970611926
51149,2021,286.7366217236099
51149,2022,282.59864272130073
51149,2023,276.54954517617267
51149,2024,269.3246477756685
51149,2025,260.6099335943175
51153,2021,717.1333511965174
51153,2022,731.713521251429
51153,2023,744.1368935977885
51153,2024,755.2164143935618
51153,2025,764.7562299497068
51155,2021,222.0974158954776
51155,2022,215.80082321408014
51155,2023,206.4643547976319
51155,2024,195.28597181719275
51155,2025,182.07749251458796
51157,2021,252.1296163960337
51157,2022,259.3463324239748
51157,2023,266.33425015651574
51157,2024,272.0809696006884
51157,2025,276.4590778178582
51159,2021,176.97792026508034
51159,2022,183.26705149687513
51159,2023,187.74179293915608
51159,2024,190.6580949064631
51159,2025,192.259352038175
51161,2021,478.48223726893866
51161,2022,483.6783334098157
51161,2023,487.4836424507123
51161,2024,490.5646933250856
51161,2025,492.5599021332557
51163,2021,181.30943607537432
51163,2022,179.89671995210006
51163,2023,176.8086164727855
51163,2024,172.36366873874707
51163,2025,166.46282823527878
51165,2021,320.5624419023971
51165,2022,326.356234063513
51165,2023,331.25244470822344
51165,2024,335.13879204938735
51165,2025,337.9717107521915
51167,2021,124.81130730443027
51167,2022,123.27288213389963
51167,2023,120.37279888662499
51167,2024,116.60813811877503
51167,2025,111.97477200072336
51169,2021,104.07308892745704
51169,2022,101.6293984132399
51169,2023,102.62675722037727
51169,2024,103.29067681847738
51169,2025,101.77677040161888
51171,2021,318.90541037556727
51171,2022,326.2005482544239
51171,2023,332.28853097531817
51171,2024,337.10885347184455
51171,2025,340.65783056032694
51173,2021,193.34753069416746
51173,2022,192.84796540749306
51173,2023,190.51057404218471
51173,2024,187.04281409477264
51173,2025,182.38979578302735
51175,2021,210.33624941664044
51175,2022,212.0726339369973
51175,2023,211.98600612776028
51175,2024,210.90738532293568
51175,2025,208.90298009451607
51177,2021,501.4683495457891
51177,2022,508.70577745231765
51177,2023,514.8235548715301
51177,2024,520.3054562237324
51177,2025,524.8578588964551
51179,2021,574.1156226262235
51179,2022,589.856663754944
51179,2023,605.0505950555212
51179,2024,619.4925203850805
51179,2025,633.1137301415276
51181,2021,182.50472560736767
51181,2022,185.87038977311292
51181,2023,187.3868888279958
51181,2024,188.07140174456924
51181,2025,188.14337927479323
51183,2021,171.51441663972784
51183,2022,161.47578782499306
51183,2023,147.4754817800431
51183,2024,130.83418513683947
51183,2025,111.4940542845865
51185,2021,175.58491730424868
51185,2022,172.60150452591142
51185,2023,168.0146423132103
51185,2024,162.74643077620283
51185,2025,156.85287533553654
51187,2021,369.80095292087606
51187,2022,376.2579947536534
51187,2023,381.72317155177956
51187,2024,386.20791614436655
51187,2025,389.4896471450623
51191,2021,233.75396504261872
51191,2022,230.79429212045787
51191,2023,226.31056560800795
51191,2024,220.23614538105562
51191,2025,212.3138981413464
51193,2021,241.36236359665946
51193,2022,245.81275296582822
51193,2023,248.07694001882336
51193,2024,249.46191988691223
51193,2025,250.0187050360404
51195,2021,165.91769585471945
51195,2022,158.73759506600385
51195,2023,151.02353039511814
51195,2024,143.55874521326984
51195,2025,136.12095227245567
51197,2021,210.03675524925004
51197,2022,203.00192594846294
51197,2023,192.2230995911204
51197,2024,179.31023341190095
51197,2025,164.08168100474643
51199,2021,545.4917444977079
51199,2022,551.9625270209854
51199,2023,555.4519931718312
51199,2024,558.3620939041598
51199,2025,560.6331234260913
51510,2021,1451.3383242535738
51510,2022,1467.9677901207747
51510,2023,1483.9770063676779
51510,2024,1499.2735598080635
51510,2025,1512.4330678018641
51520,2021,521.652764627593
51520,2022,514.7767170145369
51520,2023,503.69803797214877
51520,2024,491.4803418731417
51520,2025,477.3708182652434
51530,2021,195.94418530301496
51530,2022,194.10225444888835
51530,2023,191.76680728194057
51530,2024,188.97819578650478
51530,2025,185.29864295780163
51540,2021,904.9330260794997
51540,2022,907.9881121779566
51540,2023,909.8494080418103
51540,2024,909.6938613608912
51540,2025,906.8797021134358
51550,2021,643.1702806377784
51550,2022,661.4734609703004
51550,2023,679.4345815760403
51550,2024,696.9248594344023
51550,2025,713.9401074702369
51570,2021,446.3809397474088
51570,2022,441.02046177935733
51570,2023,432.9981877756952
51570,2024,423.8961971491764
51570,2025,412.97236067006475
51580,2021,123.34065373983125
51580,2022,101.58156190306215
51580,2023,74.04886935328307
51580,2024,41.677191572190935
51580,2025,1.3105949730181692
51590,2021,283.0692461444144
51590,2022,265.46570962248336
51590,2023,243.25790948299743
51590,2024,219.1217383014013
51590,2025,192.32975983282796
51595,2021,-2329269311.399523
51595,2022,-3691890664.928666
51595,2023,-3609318682.4824195
51595,2024,-3398144962.0563526
51595,2025,-3373722782.405636
51600,2021,805.9657456638402
51600,2022,811.080885489006
51600,2023,815.0038871729881
51600,2024,817.5147988332247
51600,2025,817.9930550915318
51610,2021,1480.7696474812965
51610,2022,1503.0612010257964
51610,2023,1527.0318385095288
51610,2024,1549.1037977956512
51610,2025,1569.3423630260004
51620,2021,224.72888603242902
51620,2022,215.8943876456601
51620,2023,201.1244631383981
51620,2024,184.86697280487593
51620,2025,167.3396469622172
51630,2021,454.60929654062534
51630,2022,450.533188634643
51630,2023,444.13454285836775
51630,2024,436.78797904028306
51630,2025,427.79755913405995
51640,2021,201.3408455063215
51640,2022,188.74764136637117
51640,2023,172.10328347920404
51640,2024,152.98399570847013
51640,2025,130.88957865718808
51650,2021,422.2480045997865
51650,2022,421.31616167961636
51650,2023,417.14738439901186
51650,2024,412.0923354053451
51650,2025,405.7560971078567
51660,2021,433.16726221982196
51660,2022,432.32461342292675
51660,2023,430.70754177510946
51660,2024,427.7346822752331
51660,2025,423.0813930260558
51670,2021,295.4909880295743
51670,2022,272.8785852935626
51670,2023,244.08258858316952
51670,2024,213.52766905052084
51670,2025,179.99949269243254
51678,2021,210.3404566986946
51678,2022,207.95288196452833
51678,2023,202.78021395016026
51678,2024,196.94099328055347
51678,2025,190.5717577243073
51680,2021,546.8098232411357
51680,2022,543.3524193026186
51680,2023,537.7483960690035
51680,2024,531.6095629101404
51680,2025,524.0986209867397
51683,2021,632.2327193221956
51683,2022,631.7340361936054
51683,2023,628.5594825209446
51683,2024,624.2865154223206
51683,2025,618.0586471798184
51685,2021,290.97895415264003
51685,2022,284.72547192704536
51685,2023,275.38648541482945
51685,2024,264.07146451256864
51685,2025,250.23809860510434
51690,2021,194.15468127133929
51690,2022,168.05513305452035
51690,2023,136.69971231516254
51690,2024,101.66807041993323
51690,2025,61.32587796006402
51700,2021,533.9607293331337
51700,2022,531.4933053209714
51700,2023,526.1434611379462
51700,2024,519.5386525050304
51700,2025,510.914333036542
51710,2021,784.3337176690504
51710,2022,788.511308286203
51710,2023,790.5026767873527
51710,2024,791.9425463911431
51710,2025,792.0144293518359
51730,2021,345.5003356070491
51730,2022,307.5855804704672
51730,2023,264.8979276171417
51730,2024,218.65336856167792
51730,2025,166.60815925722503
51735,2021,601.8691799667396
51735,2022,612.9296123815277
51735,2023,622.636993327434
51735,2024,632.3481421192766
51735,2025,641.9160821197117
51740,2021,631.8088595187756
51740,2022,629.0451051661005
51740,2023,621.9762052152128
51740,2024,614.9511959299914
51740,2025,606.869316404621
51750,2021,289.9387139242335
51750,2022,287.32017728073015
51750,2023,282.2053867504623
51750,2024,276.93630957767755
51750,2025,271.17591621065515
51760,2021,907.6600552560245
51760,2022,908.9682965160076
51760,2023,908.4861434786654
51760,2024,906.5458618383664
51760,2025,901.9699433715268
51770,2021,546.9998577276112
51770,2022,547.5082113124932
51770,2023,545.5751055523835
51770,2024,542.1677380439739
51770,2025,536.5927058314467
51775,2021,404.3112171714994
51775,2022,402.754949191171
51775,2023,400.9439846058799
51775,2024,397.8942691334199
51775,2025,392.9498366500214
51790,2021,515.8295983342583
51790,2022,514.4805586861382
51790,2023,510.9188293485315
51790,2024,506.63509768664517
51790,2025,500.77704538256404
51800,2021,605.8458200858788
51800,2022,616.0814115738801
51800,2023,625.2035923421824
51800,2024,634.1800057005609
51800,2025,642.5641751593207
51810,2021,725.6132605954742
51810,2022,747.6614666284178
51810,2023,768.88580083283
51810,2024,789.7623822391921
51810,2025,810.2566496703735
51820,2021,387.0594610093233
51820,2022,383.69657341779896
51820,2023,378.83905867916167
51820,2024,372.39918347776995
51820,2025,363.8196424931494
51830,2021,302.10991621761417
51830,2022,291.55692222094416
51830,2023,277.34063264454744
51830,2024,261.2771663625317
51830,2025,242.99915569026032
51840,2021,508.65951567884235
51840,2022,510.30118871568743
51840,2023,510.24613550961806
51840,2024,509.1117774204234
51840,2025,506.48522642661555
53001,2021,636.3745170673945
53001,2022,642.2545442647961
53001,2023,647.9283582221715
53001,2024,656.2070687812917
53001,2025,665.5106683821599
53003,2021,580.7990043413404
53003,2022,593.9949732670368
53003,2023,606.6478442069991
53003,2024,619.9384941692958
53003,2025,633.440719356332
53005,2021,725.0127956896717
53005,2022,732.8397897220523
53005,2023,742.0589840925829
53005,2024,752.2236320109332
53005,2025,761.8059326665145
53007,2021,1019.617840458374
53007,2022,1025.1624098235286
53007,2023,1030.9148634309922
53007,2024,1037.381113898432
53007,2025,1042.7299416861351
53009,2021,699.1282304083475
53009,2022,694.206033173353
53009,2023,689.3949147497935
53009,2024,684.5462775836938
53009,2025,678.1367795969527
53011,2021,1077.4195447971586
53011,2022,1099.5827746969576
53011,2023,1121.8570457359074
53011,2024,1144.5396757100636
53011,2025,1166.7682256251553
53013,2021,341.7439561195151
53013,2022,342.9712927250548
53013,2023,344.06921462028055
53013,2024,345.3075834502221
53013,2025,346.004499761964
53015,2021,877.8133869822373
53015,2022,879.7955110005291
53015,2023,883.0627321386847
53015,2024,887.6625639409001
53015,2025,891.5343633222989
53017,2021,1018.0140189066583
53017,2022,1025.1389165472717
53017,2023,1035.3943627627086
53017,2024,1047.0828122750606
53017,2025,1058.452751536134
53019,2021,188.7806571700304
53019,2022,173.92717652608508
53019,2023,157.13406226147777
53019,2024,140.53676874938407
53019,2025,123.39045623673528
53021,2021,672.7010070453971
53021,2022,675.1872401411998
53021,2023,678.0607157709628
53021,2024,682.5145637876876
53021,2025,687.0132036428997
53023,2021,178.1588914209173
53023,2022,169.04376151365318
53023,2023,159.66218028399
53023,2024,148.80178165505328
53023,2025,135.3430209489234
53025,2021,674.1701367797323
53025,2022,678.0399751938911
53025,2023,682.4493217824606
53025,2024,688.5136716977311
53025,2025,694.8040553094004
53027,2021,669.8197008524655
53027,2022,658.798620869797
53027,2023,647.345209433211
53027,2024,637.0496265591091
53027,2025,625.5352114583791
53029,2021,1071.6190116907687
53029,2022,1078.3196952342591
53029,2023,1084.0824146146483
53029,2024,1090.6247255727208
53029,2025,1096.2654874612165
53031,2021,813.6709802002574
53031,2022,812.4388782937249
53031,2023,810.8523342240164
53031,2024,809.9119583449746
53031,2025,807.9921349169114
53033,2021,1855.828445230597
53033,2022,1911.3380894867728
53033,2023,1963.475983244662
53033,2024,2014.074623643387
53033,2025,2063.4480644638593
53035,2021,947.4450945619657
53035,2022,958.2296472467658
53035,2023,968.8296151695425
53035,2024,980.3661952237501
53035,2025,991.258620400756
53037,2021,513.6588646123988
53037,2022,513.3125108580133
53037,2023,511.94697719314195
53037,2024,509.81131295444516
53037,2025,506.06358608097037
53039,2021,388.3632281595148
53039,2022,389.03861618493335
53039,2023,389.3729077625353
53039,2024,389.6136159782664
53039,2025,389.1111235753621
53041,2021,831.1917664508842
53041,2022,831.4359616394786
53041,2023,832.9139910459256
53041,2024,836.8917099784557
53041,2025,840.9437201072649
53043,2021,314.218710199929
53043,2022,317.7282581536259
53043,2023,321.26875050327
53043,2024,325.6922390706569
53043,2025,330.0941916478311
53045,2021,436.51043586686205
53045,2022,430.9359224318465
53045,2023,424.3729419568805
53045,2024,418.0128537198292
53045,2025,410.6034905119369
53047,2021,443.3900034868799
53047,2022,442.7816727059144
53047,2023,440.52165394712927
53047,2024,438.24670051609314
53047,2025,435.15793549995885
53049,2021,283.9714493863608
53049,2022,271.6319445144905
53049,2023,257.23557075319445
53049,2024,242.29832822593448
53049,2025,225.81072671890675
53051,2021,384.78319691593026
53051,2022,376.37738957895317
53051,2023,367.39009130165323
53051,2024,359.43217995077384
53051,2025,351.1593273179477
53053,2021,1242.6401849570477
53053,2022,1264.8210660844181
53053,2023,1286.4218836099144
53053,2024,1309.4798723743033
53053,2025,1331.7939383127714
53055,2021,276.45061842339226
53055,2022,272.4022632181439
53055,2023,263.943116027952
53055,2024,253.23249391408515
53055,2025,240.18543418647192
53057,2021,1161.0024138583963
53057,2022,1162.063458502348
53057,2023,1162.8914966168309
53057,2024,1164.6602797336373
53057,2025,1164.9247244788116
53059,2021,251.7073483847343
53059,2022,246.14474568101673
53059,2023,238.7934918100329
53059,2024,230.52175726361898
53059,2025,220.88557892271322
53061,2021,1469.415683810586
53061,2022,1495.1823449591488
53061,2023,1518.2768324268945
53061,2024,1540.6193940222192
53061,2025,1560.9029914387415
53063,2021,869.2543643016205
53063,2022,885.6209110030218
53063,2023,903.4707446160495
53063,2024,922.8863776417427
53063,2025,941.9469652847697
53065,2021,568.6125268832716
53065,2022,569.9355197724003
53065,2023,572.0434847067436
53065,2024,575.967088259074
53065,2025,580.23517185171
53067,2021,992.7597021634429
53067,2022,1006.0541723246781
53067,2023,1018.7974709829992
53067,2024,1033.1083150238596
53067,2025,1047.162565919868
53069,2021,287.50301042389214
53069,2022,285.6022771017287
53069,2023,284.5874599038885
53069,2024,284.71368296366495
53069,2025,285.2486634388983
53071,2021,869.9585313858814
53071,2022,878.8542558350421
53071,2023,890.242936900024
53071,2024,902.5697127063759
53071,2025,914.2458032921182
53073,2021,1286.6618992149067
53073,2022,1292.064980736933
53073,2023,1297.837267332571
53073,2024,1303.8950795701799
53073,2025,1307.9929831447635
53075,2021,626.5913715509857
53075,2022,637.3970910069659
53075,2023,648.8053488476813
53075,2024,661.2165825717614
53075,2025,673.7068378043487
53077,2021,697.3530375402811
53077,2022,697.3733218833589
53077,2023,697.320393230129
53077,2024,698.3232321628534
53077,2025,698.8170982546021
54001,2021,144.15020404601967
54001,2022,136.87168124275976
54001,2023,130.05305871896678
54001,2024,122.4140010873191
54001,2025,113.08411421856724
54003,2021,271.48975112162174
54003,2022,279.56867614367525
54003,2023,286.7795393474625
54003,2024,292.30892378289144
54003,2025,296.18548999230813
54005,2021,124.37406289663906
54005,2022,112.64197613465606
54005,2023,94.5689755711652
54005,2024,74.30752183674107
54005,2025,52.13934658892623
54009,2021,192.8495991382141
54009,2022,186.674593558254
54009,2023,178.38926752681073
54009,2024,169.13907808767038
54009,2025,158.67923923830605
54011,2021,252.6005265880994
54011,2022,247.73173397299587
54011,2023,240.1572320138351
54011,2024,229.98635863846758
54011,2025,217.02018643264114
54019,2021,147.77396627231087
54019,2022,136.247625799535
54019,2023,120.56842726113894
54019,2024,102.48037343120853
54019,2025,81.91107548055953
54025,2021,194.9220175959413
54025,2022,189.10144692201624
54025,2023,180.115804824188
54025,2024,168.89295891980373
54025,2025,155.31049532758382
54027,2021,165.76853005833613
54027,2022,172.19632539427016
54027,2023,176.96743875700872
54027,2024,180.7451700671936
54027,2025,183.76110220510938
54029,2021,182.39276285520225
54029,2022,170.04873146217392
54029,2023,153.61144466847165
54029,2024,134.96414203764843
54029,2025,113.74514185238746
54031,2021,161.0224721095763
54031,2022,160.27248410819254
54031,2023,158.42083740745508
54031,2024,155.50815888816663
54031,2025,151.3528189393973
54033,2021,282.34809226279606
54033,2022,281.4129908078431
54033,2023,277.92536112806084
54033,2024,273.101534556452
54033,2025,266.91023008744355
54035,2021,184.01068780134923
54035,2022,177.3944695988171
54035,2023,168.55495723414413
54035,2024,157.84762979018097
54035,2025,145.08995905630184
54037,2021,230.12748113083597
54037,2022,235.08108570690092
54037,2023,238.0427040664701
54037,2024,239.02207569585715
54037,2025,238.04708511228557
54039,2021,325.89312841646415
54039,2022,323.0675905781277
54039,2023,316.65309644930676
54039,2024,307.81985345758386
54039,2025,296.62699032315777
54041,2021,135.90352654450868
54041,2022,118.86142807997999
54041,2023,98.8956745767438
54041,2024,76.66055756547604
54041,2025,51.01006452129147
54043,2021,115.62932247378211
54043,2022,100.70576264245335
54043,2023,83.5185963344318
54043,2024,63.92384883464098
54043,2025,40.78432067018721
54045,2021,104.69610572224414
54045,2022,81.32685757852158
54045,2023,53.34722635776586
54045,2024,20.79063579915507
54045,2025,-21.967480518795185
54049,2021,225.537612110451
54049,2022,220.94840562683575
54049,2023,214.16137836632578
54049,2024,205.9826092928747
54049,2025,196.19443784175735
54051,2021,211.75226507147724
54051,2022,201.38960745274085
54051,2023,188.49982918556444
54051,2024,174.4063240985387
54051,2025,158.74600843271733
54053,2021,132.0943257570276
54053,2022,124.78473133867797
54053,2023,115.01545993712611
54053,2024,103.68866684634727
54053,2025,90.66654859969447
54055,2021,179.6566996839278
54055,2022,169.4365496915865
54055,2023,155.17547425653203
54055,2024,138.64800392146088
54055,2025,119.72548805887996
54057,2021,176.16188888144472
54057,2022,174.8968848423617
54057,2023,172.1344426661542
54057,2024,168.1868403489467
54057,2025,162.98410680971762
54059,2021,94.76511018955199
54059,2022,61.04000010742047
54059,2023,22.353557955221476
54059,2024,-26.114541083475956
54059,2025,-129.17353730063724
54061,2021,328.59351734869136
54061,2022,334.9231650666
54061,2023,340.63908819431055
54061,2024,344.6042757498659
54061,2025,346.83954270835363
54063,2021,156.3646477049918
54063,2022,152.51668021172532
54063,2023,145.18939886157088
54063,2024,135.60314776294112
54063,2025,123.81739165673616
54065,2021,148.6414676885429
54065,2022,151.2068722690351
54065,2023,152.3153381334908
54065,2024,151.85357691133382
54065,2025,149.83519809682224
54067,2021,138.48381667313257
54067,2022,123.56596557950968
54067,2023,107.66958295852581
54067,2024,90.31993973818618
54067,2025,70.51753997822374
54069,2021,275.104998253355
54069,2022,270.97499129576545
54069,2023,264.75605795810424
54069,2024,256.6676171624131
54069,2025,246.44529711372624
54073,2021,134.43400916047537
54073,2022,115.90729215114538
54073,2023,92.36553278563127
54073,2024,65.41838617271958
54073,2025,33.729276081435955
54077,2021,154.5290209120328
54077,2022,152.8133209940903
54077,2023,149.85125304068018
54077,2024,145.33751247360743
54077,2025,139.08361282685348
54079,2021,227.4834195678345
54079,2022,227.35930091758001
54079,2023,224.28681668969259
54079,2024,219.05739635160953
54079,2025,211.76668287933833
54081,2021,213.4733010559391
54081,2022,207.1970922214826
54081,2023,198.84332358445147
54081,2024,189.2153212979228
54081,2025,178.0567446774009
54083,2021,198.6403228642217
54083,2022,190.0107642743406
54083,2023,175.59785574939175
54083,2024,158.53121109994532
54083,2025,139.0047788905181
54087,2021,139.48261686642377
54087,2022,117.44953296993617
54087,2023,92.72044201818326
54087,2024,65.98255794698429
54087,2025,35.429953605288034
54089,2021,135.98349856980184
54089,2022,129.46588589829332
54089,2023,121.03460260770186
54089,2024,110.55802290182541
54089,2025,97.77142921367783
54091,2021,164.3279011654601
54091,2022,164.5890703490719
54091,2023,160.42598968146746
54091,2024,154.90469939996578
54091,2025,148.62009772212497
54097,2021,206.09393612553933
54097,2022,199.24906069851033
54097,2023,187.2498447805205
54097,2024,173.7678535485957
54097,2025,159.15823238866312
54099,2021,173.64331436626412
54099,2022,167.1147396793839
54099,2023,157.42360668962596
54099,2024,145.88099396534392
54099,2025,132.55859846010145
54103,2021,152.6735157557652
54103,2022,143.81741912065874
54103,2023,131.84120348669558
54103,2024,118.83868137025047
54103,2025,105.03735504116989
54107,2021,305.57594701050226
54107,2022,300.2954097242269
54107,2023,291.06728549429295
54107,2024,279.9092118240786
54107,2025,266.66104503438635
55001,2021,317.6845158804968
55001,2022,304.4969122388748
55001,2023,288.6496186362673
55001,2024,270.5999836794152
55001,2025,249.46706272618002
55003,2021,280.7239092863042
55003,2022,273.493708207787
55003,2023,263.66014720799376
55003,2024,251.68117097761586
55003,2025,237.14060909994168
55005,2021,310.7306535831801
55005,2022,315.9739156075998
55005,2023,320.0027950653685
55005,2024,323.18428608030604
55005,2025,325.41125941790443
55007,2021,341.79195225287936
55007,2022,333.9256326681219
55007,2023,326.03068633253747
55007,2024,316.44675936405264
55007,2025,304.5052025095563
55009,2021,386.2777193564505
55009,2022,393.6216076141818
55009,2023,399.6026182700085
55009,2024,403.6196569125922
55009,2025,405.5538352148191
55011,2021,314.68649051015535
55011,2022,311.49315594410695
55011,2023,304.191304762561
55011,2024,295.36942472279594
55011,2025,284.77463187589996
55013,2021,349.0846029974293
55013,2022,341.7664109962698
55013,2023,332.3816675206236
55013,2024,321.48573941370773
55013,2025,308.36170436225393
55015,2021,288.504051752944
55015,2022,294.447448093983
55015,2023,299.76343068206967
55015,2024,303.4241970109875
55015,2025,305.2486716875637
55017,2021,593.2912879826399
55017,2022,600.9958757281227
55017,2023,608.3865223196287
55017,2024,615.0019459823402
55017,2025,620.3151268761202
55019,2021,289.3589530632004
55019,2022,300.2185522141691
55019,2023,310.6494389091334
55019,2024,320.680320697029
55019,2025,330.3330711299585
55021,2021,340.1824723197231
55021,2022,343.1119518681925
55021,2023,344.5247264503567
55021,2024,343.9031998227906
55021,2025,341.04130298350265
55023,2021,258.53184470702314
55023,2022,255.16712419570808
55023,2023,247.6533002660266
55023,2024,238.16531398919503
55023,2025,226.78696949490148
55025,2021,731.8927113703194
55025,2022,756.7079160035087
55025,2023,781.0071159313306
55025,2024,804.0427182332043
55025,2025,826.0089712257226
55027,2021,278.50668128740534
55027,2022,283.82062543339555
55027,2023,288.1314032077365
55027,2024,290.9507254752747
55027,2025,292.1744187931145
55029,2021,289.24743147349415
55029,2022,287.17891516202167
55029,2023,283.9727479296989
55029,2024,279.0321952522009
55029,2025,271.97004556546625
55031,2021,353.1875991012906
55031,2022,345.8642090499238
55031,2023,334.6007155205569
55031,2024,321.0549468151213
55031,2025,304.79916988395473
55033,2021,325.0546438781444
55033,2022,331.26969680168065
55033,2023,337.15186522362495
55033,2024,342.2529423453836
55033,2025,346.3183697678012
55035,2021,485.96944482111564
55035,2022,494.99473028998204
55035,2023,503.16633028978407
55035,2024,510.3457127966708
55035,2025,516.2096401730028
55037,2021,124.24163962843508
55037,2022,115.14310548698009
55037,2023,102.78457489768184
55037,2024,87.84213612487747
55037,2025,69.87641176035007
55039,2021,381.99691744937763
55039,2022,386.01147111581645
55039,2023,388.4541876422575
55039,2024,388.9195622962309
55039,2025,387.2245846909605
55041,2021,167.3627114616922
55041,2022,135.44667236707485
55041,2023,97.49799335298383
55041,2024,52.69237706870163
55041,2025,-3.0653720822634227
55043,2021,396.3840882782506
55043,2022,402.748209199315
55043,2023,408.3825986927118
55043,2024,412.919860829731
55043,2025,416.14910725208495
55045,2021,371.7886583058838
55045,2022,378.84755500128256
55045,2023,385.296613785976
55045,2024,390.25019766330547
55045,2025,393.5247998915307
55047,2021,293.8501304443495
55047,2022,291.1958513674091
55047,2023,287.3095576218568
55047,2024,281.4922972221578
55047,2025,273.3859835391588
55049,2021,353.63334463363503
55049,2022,354.7326129557175
55049,2023,353.84032518584473
55049,2024,350.83022830354207
55049,2025,345.44784171812654
55051,2021,123.72337285657622
55051,2022,97.07558509061406
55051,2023,69.30994846097005
55051,2024,37.371765326960656
55051,2025,-3.7137544987531896
55053,2021,169.94006055153375
55053,2022,154.1593537289219
55053,2023,133.58743880271513
55053,2024,108.39336736336392
55053,2025,77.70628468259125
55055,2021,394.57051220763276
55055,2022,401.6719248844875
55055,2023,408.17814631498095
55055,2024,413.48208597654616
55055,2025,417.3749305378832
55057,2021,292.8124509842992
55057,2022,289.01581303393414
55057,2023,282.5933551753424
55057,2024,274.26402628393697
55057,2025,263.60391205850664
55059,2021,516.3606121198204
55059,2022,518.475196958939
55059,2023,519.5638351313956
55059,2024,518.9172648541469
55059,2025,515.9667823450299
55061,2021,268.52075829533356
55061,2022,274.4647349613405
55061,2023,280.8092120424269
55061,2024,285.74416696344707
55061,2025,289.03634509662874
55063,2021,395.31592894743085
55063,2022,403.058427650599
55063,2023,409.91832246394347
55063,2024,415.4301435063194
55063,2025,419.4840794555962
55065,2021,271.4977609606259
55065,2022,279.6528239600331
55065,2023,286.21700308442644
55065,2024,291.39375838375514
55065,2025,295.3223863987069
55067,2021,228.3789990060218
55067,2022,228.34940262666817
55067,2023,227.4972134895924
55067,2024,225.5079482140637
55067,2025,222.0772286289751
55069,2021,282.9529842046565
55069,2022,286.66151230275676
55069,2023,288.1790492997532
55069,2024,288.40860051885016
55069,2025,287.36725222518515
55071,2021,295.01291716117345
55071,2022,296.026636380566
55071,2023,296.0790180212168
55071,2024,294.44555493429965
55071,2025,290.8182077162749
55073,2021,363.49007070549885
55073,2022,373.111525468528
55073,2023,382.48655358888686
55073,2024,390.48921901720377
55073,2025,397.0466990598338
55075,2021,243.70958309051258
55075,2022,237.52593720091255
55075,2023,228.4440769097897
55075,2024,217.02331334317535
55075,2025,202.9874840987938
55077,2021,254.445866990257
55077,2022,252.02776458851523
55077,2023,247.8575546445458
55077,2024,242.28747238128727
55077,2025,234.9682985874561
55078,2021,130.2492864958994
55078,2022,86.39689904621241
55078,2023,29.139534914973183
55078,2024,-43.17981398622442
55078,2025,-183.71953157468278
55079,2021,531.3525617003775
55079,2022,537.5949428578535
55079,2023,542.87733420834
55079,2024,547.2804335648048
55079,2025,550.3226900804734
55081,2021,413.8897432819605
55081,2022,420.5712472941763
55081,2023,426.5136105580167
55081,2024,431.35137198660334
55081,2025,434.8823973818648
55083,2021,304.8439953635117
55083,2022,304.9795399309748
55083,2023,303.68110435329106
55083,2024,300.552298239059
55083,2025,295.3132871315708
55085,2021,373.97007521865146
55085,2022,372.74895816983724
55085,2023,370.3782177038104
55085,2024,366.1526705553281
55085,2025,359.6734471252214
55087,2021,565.7362751966707
55087,2022,576.6828177829872
55087,2023,587.1968577148543
55087,2024,596.5096279017527
55087,2025,604.290804482639
55089,2021,547.2644602630313
55089,2022,556.932071460946
55089,2023,565.5741304719452
55089,2024,572.626180618699
55089,2025,577.9345932230672
55091,2021,204.30601666760222
55091,2022,205.53098657413298
55091,2023,205.2634061318843
55091,2024,203.28646645065362
55091,2025,199.4793444569778
55093,2021,333.44594066054935
55093,2022,332.5185203366718
55093,2023,330.1492311691719
55093,2024,325.75567984814813
55093,2025,318.9348843301592
55095,2021,358.81069507321934
55095,2022,357.9718974803356
55095,2023,355.44307332763793
55095,2024,351.22561086704957
55095,2025,344.9205909153703
55097,2021,401.25315798919905
55097,2022,407.4474657035155
55097,2023,412.8049986661904
55097,2024,416.6856156075005
55097,2025,418.9261816777173
55099,2021,231.6841648600984
55099,2022,231.42750768481653
55099,2023,228.3874896758034
55099,2024,223.20775650640377
55099,2025,215.96405735897827
55101,2021,436.5421259591635
55101,2022,438.39513429618023
55101,2023,439.2339744506662
55101,2024,438.49759021183854
55101,2025,435.655343901263
55103,2021,246.4710527479317
55103,2022,250.68060378610912
55103,2023,254.88628322012082
55103,2024,257.6379845206408
55103,2025,258.687998176792
55105,2021,508.5688689466538
55105,2022,510.2038540198385
55105,2023,510.4745435875843
55105,2024,509.132950249698
55105,2025,505.53860982027857
55107,2021,256.1063026622251
55107,2022,257.7160764148728
55107,2023,257.24032163407895
55107,2024,255.66701530187106
55107,2025,253.00902984752082
55109,2021,335.29589462405283
55109,2022,337.1781804963815
55109,2023,337.27379108403335
55109,2024,335.1963180343754
55109,2025,330.7069653471024
55111,2021,338.4391953743902
55111,2022,333.7036820735252
55111,2023,325.7678824692136
55111,2024,314.7398236310563
55111,2025,300.27580418172937
55113,2021,208.56214794596656
55113,2022,205.27426974135824
55113,2023,200.52459827503517
55113,2024,194.8035382773741
55113,2025,187.84905746107756
55115,2021,263.58308933377566
55115,2022,262.7485392396722
55115,2023,259.9959526645373
55115,2024,255.038500349544
55115,2025,247.66077986874961
55117,2021,275.4194188229466
55117,2022,279.1344249920824
55117,2023,281.268723465363
55117,2024,281.2736246623637
55117,2025,279.01114105385597
55119,2021,248.97940649561474
55119,2022,258.00171699631625
55119,2023,265.9718268242273
55119,2024,272.6399968046507
55119,2025,278.3606371400833
55121,2021,220.4772823928751
55121,2022,217.48841964101723
55121,2023,212.2993425814434
55121,2024,204.54045023931383
55121,2025,193.97319972868655
55123,2021,315.61508759525407
55123,2022,321.78025971866384
55123,2023,327.0715723792013
55123,2024,331.1155858197801
55123,2025,333.85975245205253
55125,2021,362.5313837523901
55125,2022,362.8457122157102
55125,2023,362.27924410095363
55125,2024,360.6235509119979
55125,2025,357.54159359875933
55127,2021,579.3653875311089
55127,2022,584.9866342748867
55127,2023,590.0248894523461
55127,2024,593.907574461236
55127,2025,596.0137520367499
55129,2021,269.1019839050637
55129,2022,268.40320764713977
55129,2023,265.942491440609
55129,2024,262.3496158773014
55129,2025,257.3187711669116
55131,2021,451.52520906326527
55131,2022,460.2144039485364
55131,2023,467.66057901109934
55131,2024,473.21836082541745
55131,2025,476.8176386435498
55133,2021,598.104600779001
55133,2022,615.7442564916067
55133,2023,632.9664357833605
55133,2024,648.6449668472301
55133,2025,662.8634544679084
55135,2021,299.19467734316925
55135,2022,304.5584555007159
55135,2023,308.62154293442353
55135,2024,311.44148916831637
55135,2025,312.91454381430304
55137,2021,224.71790777288567
55137,2022,226.32846083506323
55137,2023,227.2601849182193
55137,2024,227.1769572098613
55137,2025,225.8393586360491
55139,2021,460.2906011044904
55139,2022,468.73551810000214
55139,2023,476.40156303053516
55139,2024,482.7696274265823
55139,2025,487.57368323363823
55141,2021,420.40888541922
55141,2022,422.9366300468592
55141,2023,424.1546576154538
55141,2024,424.206845407726
55141,2025,422.77937944180303
56001,2021,701.7325389111888
56001,2022,721.8541258439288
56001,2023,741.0735181382364
56001,2024,761.2091790076604
56001,2025,781.8475344772684
56003,2021,315.8686848202719
56003,2022,328.2127965935204
56003,2023,340.6017021891179
56003,2024,353.2956343465705
56003,2025,366.27681600688265
56005,2021,351.0328921400318
56005,2022,359.8354352326729
56005,2023,369.02881943045765
56005,2024,378.8857485165273
56005,2025,389.38948485076656
56007,2021,448.43818869771087
56007,2022,465.5076835992565
56007,2023,481.953531825051
56007,2024,498.6355486547302
56007,2025,515.8722494478966
56009,2021,368.38720441675804
56009,2022,379.0312223672646
56009,2023,391.78157191435287
56009,2024,405.0116601073588
56009,2025,418.4989352165096
56011,2021,241.7550508079717
56011,2022,255.52676888110005
56011,2023,270.61416064365704
56011,2024,285.584063899275
56011,2025,300.502499634652
56013,2021,433.02620488960196
56013,2022,450.419592830593
56013,2023,471.2670697384976
56013,2024,493.9675608076629
56013,2025,518.4350415145909
56015,2021,257.0599621168758
56015,2022,270.45323294449213
56015,2023,284.47443328908787
56015,2024,297.9512838741854
56015,2025,311.084674715981
56017,2021,219.25774534211922
56017,2022,232.2422754876747
56017,2023,242.36770250485537
56017,2024,251.78865631203996
56017,2025,261.5431012585175
56019,2021,355.97441462012983
56019,2022,366.58051348934157
56019,2023,376.7721996481753
56019,2024,386.91716432787297
56019,2025,397.12491274674716
56021,2021,755.0765952676584
56021,2022,775.4254264138581
56021,2023,797.745540689896
56021,2024,821.4754328125065
56021,2025,845.8036988727221
56023,2021,244.51898209703924
56023,2022,254.66468813901875
56023,2023,266.3765369356726
56023,2024,278.3081137826018
56023,2025,290.0403849885658
56025,2021,509.7144908110335
56025,2022,520.9629093382185
56025,2023,532.0030967773799
56025,2024,544.1519379372373
56025,2025,557.1553062069826
56029,2021,364.86313533438556
56029,2022,376.33743856167223
56029,2023,386.65409384446843
56029,2024,396.97463504680945
56029,2025,407.31593494111615
56031,2021,367.34970305755525
56031,2022,380.95854311874706
56031,2023,393.1653621024728
56031,2024,406.1555529070684
56031,2025,420.0538783580588
56033,2021,384.6990739846887
56033,2022,396.91673130292753
56033,2023,409.14283564545406
56033,2024,421.1805728050091
56033,2025,432.95632724173157
56035,2021,302.6408602210263
56035,2022,306.70948769091194
56035,2023,309.79198069378555
56035,2024,312.67218363319836
56035,2025,315.3058021568131
56037,2021,562.5259453997426
56037,2022,572.5824322578329
56037,2023,582.348297731605
56037,2024,591.7642679726964
56037,2025,600.9520869393407
56039,2021,1022.2320295227017
56039,2022,1034.439290428922
56039,2023,1051.7498837084036
56039,2024,1066.2424475939038
56039,2025,1077.4508328618908
56041,2021,269.5219444486287
56041,2022,276.8142926429699
56041,2023,283.8649957927475
56041,2024,291.12829065477155
56041,2025,298.52605997516264
56043,2021,277.4320510578901
56043,2022,287.4797340408383
56043,2023,298.08915815755034
56043,2024,308.62553004033356
56043,2025,318.95530376096525
56045,2021,246.15866004786463
56045,2022,260.14443565570696
56045,2023,275.77791387142065
56045,2024,292.0914075194378
56045,2025,308.87887024353586
