cbsa_code,cbsa_title,county_fips5,county/county_equivalent,state_name,place_name,place_id,yr,index_nsa,index_prev,hpi_change,hpi_yoy
10180,"Abilene, TX",48059,Callahan County,Texas,"Abilene, TX",10180,2022,300.3175,266.3675,33.94999999999999,12.745548912686422
10180,"Abilene, TX",48059,Callahan County,Texas,"Abilene, TX",10180,2023,327.325,300.3175,27.007499999999993,8.992982426931494
10180,"Abilene, TX",48059,Callahan County,Texas,"Abilene, TX",10180,2024,336.90999999999997,327.325,9.58499999999998,2.9282822882456205
10180,"Abilene, TX",48059,Callahan County,Texas,"Abilene, TX",10180,2025,345.275,336.90999999999997,8.365000000000009,2.482858923748177
10180,"Abilene, TX",48253,Jones County,Texas,"Abilene, TX",10180,2022,300.3175,266.3675,33.94999999999999,12.745548912686422
10180,"Abilene, TX",48253,Jones County,Texas,"Abilene, TX",10180,2023,327.325,300.3175,27.007499999999993,8.992982426931494
10180,"Abilene, TX",48253,Jones County,Texas,"Abilene, TX",10180,2024,336.90999999999997,327.325,9.58499999999998,2.9282822882456205
10180,"Abilene, TX",48253,Jones County,Texas,"Abilene, TX",10180,2025,345.275,336.90999999999997,8.365000000000009,2.482858923748177
10180,"Abilene, TX",48441,Taylor County,Texas,"Abilene, TX",10180,2022,300.3175,266.3675,33.94999999999999,12.745548912686422
10180,"Abilene, TX",48441,Taylor County,Texas,"Abilene, TX",10180,2023,327.325,300.3175,27.007499999999993,8.992982426931494
10180,"Abilene, TX",48441,Taylor County,Texas,"Abilene, TX",10180,2024,336.90999999999997,327.325,9.58499999999998,2.9282822882456205
10180,"Abilene, TX",48441,Taylor County,Texas,"Abilene, TX",10180,2025,345.275,336.90999999999997,8.365000000000009,2.482858923748177
10420,"Akron, OH",39133,Portage County,Ohio,"Akron, OH",10420,2022,216.76749999999998,190.435,26.332499999999982,13.82755270827316
10420,"Akron, OH",39133,Portage County,Ohio,"Akron, OH",10420,2023,231.375,216.76749999999998,14.607500000000016,6.738786949150599
10420,"Akron, OH",39133,Portage County,Ohio,"Akron, OH",10420,2024,251.125,231.375,19.75,8.535926526202054
10420,"Akron, OH",39133,Portage County,Ohio,"Akron, OH",10420,2025,261.41499999999996,251.125,10.289999999999964,4.0975609756097375
10420,"Akron, OH",39153,Summit County,Ohio,"Akron, OH",10420,2022,216.76749999999998,190.435,26.332499999999982,13.82755270827316
10420,"Akron, OH",39153,Summit County,Ohio,"Akron, OH",10420,2023,231.375,216.76749999999998,14.607500000000016,6.738786949150599
10420,"Akron, OH",39153,Summit County,Ohio,"Akron, OH",10420,2024,251.125,231.375,19.75,8.535926526202054
10420,"Akron, OH",39153,Summit County,Ohio,"Akron, OH",10420,2025,261.41499999999996,251.125,10.289999999999964,4.0975609756097375
10500,"Albany, GA",13095,Dougherty County,Georgia,"Albany, GA",10500,2022,213.3175,185.08749999999998,28.230000000000018,15.252245559532662
10500,"Albany, GA",13095,Dougherty County,Georgia,"Albany, GA",10500,2023,224.18,213.3175,10.862500000000011,5.0921748098491815
10500,"Albany, GA",13095,Dougherty County,Georgia,"Albany, GA",10500,2024,241.18,224.18,17.0,7.583192077794632
10500,"Albany, GA",13095,Dougherty County,Georgia,"Albany, GA",10500,2025,254.385,241.18,13.204999999999984,5.475163778091052
10500,"Albany, GA",13177,Lee County,Georgia,"Albany, GA",10500,2022,213.3175,185.08749999999998,28.230000000000018,15.252245559532662
10500,"Albany, GA",13177,Lee County,Georgia,"Albany, GA",10500,2023,224.18,213.3175,10.862500000000011,5.0921748098491815
10500,"Albany, GA",13177,Lee County,Georgia,"Albany, GA",10500,2024,241.18,224.18,17.0,7.583192077794632
10500,"Albany, GA",13177,Lee County,Georgia,"Albany, GA",10500,2025,254.385,241.18,13.204999999999984,5.475163778091052
10500,"Albany, GA",13273,Terrell County,Georgia,"Albany, GA",10500,2022,213.3175,185.08749999999998,28.230000000000018,15.252245559532662
10500,"Albany, GA",13273,Terrell County,Georgia,"Albany, GA",10500,2023,224.18,213.3175,10.862500000000011,5.0921748098491815
10500,"Albany, GA",13273,Terrell County,Georgia,"Albany, GA",10500,2024,241.18,224.18,17.0,7.583192077794632
10500,"Albany, GA",13273,Terrell County,Georgia,"Albany, GA",10500,2025,254.385,241.18,13.204999999999984,5.475163778091052
10500,"Albany, GA",13321,Worth County,Georgia,"Albany, GA",10500,2022,213.3175,185.08749999999998,28.230000000000018,15.252245559532662
10500,"Albany, GA",13321,Worth County,Georgia,"Albany, GA",10500,2023,224.18,213.3175,10.862500000000011,5.0921748098491815
10500,"Albany, GA",13321,Worth County,Georgia,"Albany, GA",10500,2024,241.18,224.18,17.0,7.583192077794632
10500,"Albany, GA",13321,Worth County,Georgia,"Albany, GA",10500,2025,254.385,241.18,13.204999999999984,5.475163778091052
10540,"Albany, OR",41043,Linn County,Oregon,"Albany, OR",10540,2022,385.1125,334.15250000000003,50.95999999999998,15.250521842571874
10540,"Albany, OR",41043,Linn County,Oregon,"Albany, OR",10540,2023,396.725,385.1125,11.612500000000011,3.015352656691239
10540,"Albany, OR",41043,Linn County,Oregon,"Albany, OR",10540,2024,409.685,396.725,12.95999999999998,3.2667464868611606
10540,"Albany, OR",41043,Linn County,Oregon,"Albany, OR",10540,2025,420.13,409.685,10.444999999999993,2.5495197529809444
10580,"Albany-Schenectady-Troy, NY",36001,Albany County,New York,"Albany-Schenectady-Troy, NY",10580,2022,268.01,240.33,27.67999999999998,11.517496775267322
10580,"Albany-Schenectady-Troy, NY",36001,Albany County,New York,"Albany-Schenectady-Troy, NY",10580,2023,290.89875,268.01,22.888750000000016,8.540259691802543
10580,"Albany-Schenectady-Troy, NY",36001,Albany County,New York,"Albany-Schenectady-Troy, NY",10580,2024,313.605,290.89875,22.70625000000001,7.805550900442171
10580,"Albany-Schenectady-Troy, NY",36001,Albany County,New York,"Albany-Schenectady-Troy, NY",10580,2025,329.2625,313.605,15.65749999999997,4.992745651376729
10580,"Albany-Schenectady-Troy, NY",36083,Rensselaer County,New York,"Albany-Schenectady-Troy, NY",10580,2022,268.01,240.33,27.67999999999998,11.517496775267322
10580,"Albany-Schenectady-Troy, NY",36083,Rensselaer County,New York,"Albany-Schenectady-Troy, NY",10580,2023,290.89875,268.01,22.888750000000016,8.540259691802543
10580,"Albany-Schenectady-Troy, NY",36083,Rensselaer County,New York,"Albany-Schenectady-Troy, NY",10580,2024,313.605,290.89875,22.70625000000001,7.805550900442171
10580,"Albany-Schenectady-Troy, NY",36083,Rensselaer County,New York,"Albany-Schenectady-Troy, NY",10580,2025,329.2625,313.605,15.65749999999997,4.992745651376729
10580,"Albany-Schenectady-Troy, NY",36091,Saratoga County,New York,"Albany-Schenectady-Troy, NY",10580,2022,268.01,240.33,27.67999999999998,11.517496775267322
10580,"Albany-Schenectady-Troy, NY",36091,Saratoga County,New York,"Albany-Schenectady-Troy, NY",10580,2023,290.89875,268.01,22.888750000000016,8.540259691802543
10580,"Albany-Schenectady-Troy, NY",36091,Saratoga County,New York,"Albany-Schenectady-Troy, NY",10580,2024,313.605,290.89875,22.70625000000001,7.805550900442171
10580,"Albany-Schenectady-Troy, NY",36091,Saratoga County,New York,"Albany-Schenectady-Troy, NY",10580,2025,329.2625,313.605,15.65749999999997,4.992745651376729
10580,"Albany-Schenectady-Troy, NY",36093,Schenectady County,New York,"Albany-Schenectady-Troy, NY",10580,2022,268.01,240.33,27.67999999999998,11.517496775267322
10580,"Albany-Schenectady-Troy, NY",36093,Schenectady County,New York,"Albany-Schenectady-Troy, NY",10580,2023,290.89875,268.01,22.888750000000016,8.540259691802543
10580,"Albany-Schenectady-Troy, NY",36093,Schenectady County,New York,"Albany-Schenectady-Troy, NY",10580,2024,313.605,290.89875,22.70625000000001,7.805550900442171
10580,"Albany-Schenectady-Troy, NY",36093,Schenectady County,New York,"Albany-Schenectady-Troy, NY",10580,2025,329.2625,313.605,15.65749999999997,4.992745651376729
10580,"Albany-Schenectady-Troy, NY",36095,Schoharie County,New York,"Albany-Schenectady-Troy, NY",10580,2022,268.01,240.33,27.67999999999998,11.517496775267322
10580,"Albany-Schenectady-Troy, NY",36095,Schoharie County,New York,"Albany-Schenectady-Troy, NY",10580,2023,290.89875,268.01,22.888750000000016,8.540259691802543
10580,"Albany-Schenectady-Troy, NY",36095,Schoharie County,New York,"Albany-Schenectady-Troy, NY",10580,2024,313.605,290.89875,22.70625000000001,7.805550900442171
10580,"Albany-Schenectady-Troy, NY",36095,Schoharie County,New York,"Albany-Schenectady-Troy, NY",10580,2025,329.2625,313.605,15.65749999999997,4.992745651376729
10740,"Albuquerque, NM",35001,Bernalillo County,New Mexico,"Albuquerque, NM",10740,2022,308.3725,266.365,42.00749999999999,15.770653051264238
10740,"Albuquerque, NM",35001,Bernalillo County,New Mexico,"Albuquerque, NM",10740,2023,328.82375,308.3725,20.451250000000016,6.631995395179535
10740,"Albuquerque, NM",35001,Bernalillo County,New Mexico,"Albuquerque, NM",10740,2024,344.03125,328.82375,15.207499999999982,4.624818006606879
10740,"Albuquerque, NM",35001,Bernalillo County,New Mexico,"Albuquerque, NM",10740,2025,357.65999999999997,344.03125,13.628749999999968,3.961486056862551
10740,"Albuquerque, NM",35043,Sandoval County,New Mexico,"Albuquerque, NM",10740,2022,308.3725,266.365,42.00749999999999,15.770653051264238
10740,"Albuquerque, NM",35043,Sandoval County,New Mexico,"Albuquerque, NM",10740,2023,328.82375,308.3725,20.451250000000016,6.631995395179535
10740,"Albuquerque, NM",35043,Sandoval County,New Mexico,"Albuquerque, NM",10740,2024,344.03125,328.82375,15.207499999999982,4.624818006606879
10740,"Albuquerque, NM",35043,Sandoval County,New Mexico,"Albuquerque, NM",10740,2025,357.65999999999997,344.03125,13.628749999999968,3.961486056862551
10740,"Albuquerque, NM",35057,Torrance County,New Mexico,"Albuquerque, NM",10740,2022,308.3725,266.365,42.00749999999999,15.770653051264238
10740,"Albuquerque, NM",35057,Torrance County,New Mexico,"Albuquerque, NM",10740,2023,328.82375,308.3725,20.451250000000016,6.631995395179535
10740,"Albuquerque, NM",35057,Torrance County,New Mexico,"Albuquerque, NM",10740,2024,344.03125,328.82375,15.207499999999982,4.624818006606879
10740,"Albuquerque, NM",35057,Torrance County,New Mexico,"Albuquerque, NM",10740,2025,357.65999999999997,344.03125,13.628749999999968,3.961486056862551
10740,"Albuquerque, NM",35061,Valencia County,New Mexico,"Albuquerque, NM",10740,2022,308.3725,266.365,42.00749999999999,15.770653051264238
10740,"Albuquerque, NM",35061,Valencia County,New Mexico,"Albuquerque, NM",10740,2023,328.82375,308.3725,20.451250000000016,6.631995395179535
10740,"Albuquerque, NM",35061,Valencia County,New Mexico,"Albuquerque, NM",10740,2024,344.03125,328.82375,15.207499999999982,4.624818006606879
10740,"Albuquerque, NM",35061,Valencia County,New Mexico,"Albuquerque, NM",10740,2025,357.65999999999997,344.03125,13.628749999999968,3.961486056862551
10780,"Alexandria, LA",22043,Grant Parish,Louisiana,"Alexandria, LA",10780,2022,252.82,234.16,18.659999999999997,7.968910146908104
10780,"Alexandria, LA",22043,Grant Parish,Louisiana,"Alexandria, LA",10780,2023,266.395,252.82,13.574999999999989,5.369432798038121
10780,"Alexandria, LA",22043,Grant Parish,Louisiana,"Alexandria, LA",10780,2024,274.3775,266.395,7.982500000000016,2.9964901743651406
10780,"Alexandria, LA",22043,Grant Parish,Louisiana,"Alexandria, LA",10780,2025,276.95000000000005,274.3775,2.5725000000000477,0.9375768785705896
10780,"Alexandria, LA",22079,Rapides Parish,Louisiana,"Alexandria, LA",10780,2022,252.82,234.16,18.659999999999997,7.968910146908104
10780,"Alexandria, LA",22079,Rapides Parish,Louisiana,"Alexandria, LA",10780,2023,266.395,252.82,13.574999999999989,5.369432798038121
10780,"Alexandria, LA",22079,Rapides Parish,Louisiana,"Alexandria, LA",10780,2024,274.3775,266.395,7.982500000000016,2.9964901743651406
10780,"Alexandria, LA",22079,Rapides Parish,Louisiana,"Alexandria, LA",10780,2025,276.95000000000005,274.3775,2.5725000000000477,0.9375768785705896
10900,"Allentown-Bethlehem-Easton, PA-NJ",34041,Warren County,New Jersey,"Allentown-Bethlehem-Easton, PA-NJ",10900,2022,268.49,235.39,33.10000000000002,14.061769828794768
10900,"Allentown-Bethlehem-Easton, PA-NJ",34041,Warren County,New Jersey,"Allentown-Bethlehem-Easton, PA-NJ",10900,2023,290.12125,268.49,21.631249999999966,8.056631531900615
10900,"Allentown-Bethlehem-Easton, PA-NJ",34041,Warren County,New Jersey,"Allentown-Bethlehem-Easton, PA-NJ",10900,2024,312.9325,290.12125,22.81125000000003,7.862660870239613
10900,"Allentown-Bethlehem-Easton, PA-NJ",34041,Warren County,New Jersey,"Allentown-Bethlehem-Easton, PA-NJ",10900,2025,330.54499999999996,312.9325,17.612499999999955,5.628210556589663
10900,"Allentown-Bethlehem-Easton, PA-NJ",42025,Carbon County,Pennsylvania,"Allentown-Bethlehem-Easton, PA-NJ",10900,2022,268.49,235.39,33.10000000000002,14.061769828794768
10900,"Allentown-Bethlehem-Easton, PA-NJ",42025,Carbon County,Pennsylvania,"Allentown-Bethlehem-Easton, PA-NJ",10900,2023,290.12125,268.49,21.631249999999966,8.056631531900615
10900,"Allentown-Bethlehem-Easton, PA-NJ",42025,Carbon County,Pennsylvania,"Allentown-Bethlehem-Easton, PA-NJ",10900,2024,312.9325,290.12125,22.81125000000003,7.862660870239613
10900,"Allentown-Bethlehem-Easton, PA-NJ",42025,Carbon County,Pennsylvania,"Allentown-Bethlehem-Easton, PA-NJ",10900,2025,330.54499999999996,312.9325,17.612499999999955,5.628210556589663
10900,"Allentown-Bethlehem-Easton, PA-NJ",42077,Lehigh County,Pennsylvania,"Allentown-Bethlehem-Easton, PA-NJ",10900,2022,268.49,235.39,33.10000000000002,14.061769828794768
10900,"Allentown-Bethlehem-Easton, PA-NJ",42077,Lehigh County,Pennsylvania,"Allentown-Bethlehem-Easton, PA-NJ",10900,2023,290.12125,268.49,21.631249999999966,8.056631531900615
10900,"Allentown-Bethlehem-Easton, PA-NJ",42077,Lehigh County,Pennsylvania,"Allentown-Bethlehem-Easton, PA-NJ",10900,2024,312.9325,290.12125,22.81125000000003,7.862660870239613
10900,"Allentown-Bethlehem-Easton, PA-NJ",42077,Lehigh County,Pennsylvania,"Allentown-Bethlehem-Easton, PA-NJ",10900,2025,330.54499999999996,312.9325,17.612499999999955,5.628210556589663
10900,"Allentown-Bethlehem-Easton, PA-NJ",42095,Northampton County,Pennsylvania,"Allentown-Bethlehem-Easton, PA-NJ",10900,2022,268.49,235.39,33.10000000000002,14.061769828794768
10900,"Allentown-Bethlehem-Easton, PA-NJ",42095,Northampton County,Pennsylvania,"Allentown-Bethlehem-Easton, PA-NJ",10900,2023,290.12125,268.49,21.631249999999966,8.056631531900615
10900,"Allentown-Bethlehem-Easton, PA-NJ",42095,Northampton County,Pennsylvania,"Allentown-Bethlehem-Easton, PA-NJ",10900,2024,312.9325,290.12125,22.81125000000003,7.862660870239613
10900,"Allentown-Bethlehem-Easton, PA-NJ",42095,Northampton County,Pennsylvania,"Allentown-Bethlehem-Easton, PA-NJ",10900,2025,330.54499999999996,312.9325,17.612499999999955,5.628210556589663
11020,"Altoona, PA",42013,Blair County,Pennsylvania,"Altoona, PA",11020,2022,252.495,225.39249999999998,27.10250000000002,12.02457934492054
11020,"Altoona, PA",42013,Blair County,Pennsylvania,"Altoona, PA",11020,2023,260.91499999999996,252.495,8.419999999999959,3.3347194993960105
11020,"Altoona, PA",42013,Blair County,Pennsylvania,"Altoona, PA",11020,2024,276.385,260.91499999999996,15.470000000000027,5.929134009160086
11020,"Altoona, PA",42013,Blair County,Pennsylvania,"Altoona, PA",11020,2025,290.20500000000004,276.385,13.82000000000005,5.000271360602082
11100,"Amarillo, TX",48011,Armstrong County,Texas,"Amarillo, TX",11100,2022,270.71000000000004,235.60750000000002,35.10250000000002,14.898719268274574
11100,"Amarillo, TX",48011,Armstrong County,Texas,"Amarillo, TX",11100,2023,285.4975,270.71000000000004,14.787499999999966,5.462487532784155
11100,"Amarillo, TX",48011,Armstrong County,Texas,"Amarillo, TX",11100,2024,293.6775,285.4975,8.180000000000007,2.8651739507351337
11100,"Amarillo, TX",48011,Armstrong County,Texas,"Amarillo, TX",11100,2025,299.03499999999997,293.6775,5.357499999999959,1.8242800350724675
11100,"Amarillo, TX",48065,Carson County,Texas,"Amarillo, TX",11100,2022,270.71000000000004,235.60750000000002,35.10250000000002,14.898719268274574
11100,"Amarillo, TX",48065,Carson County,Texas,"Amarillo, TX",11100,2023,285.4975,270.71000000000004,14.787499999999966,5.462487532784155
11100,"Amarillo, TX",48065,Carson County,Texas,"Amarillo, TX",11100,2024,293.6775,285.4975,8.180000000000007,2.8651739507351337
11100,"Amarillo, TX",48065,Carson County,Texas,"Amarillo, TX",11100,2025,299.03499999999997,293.6775,5.357499999999959,1.8242800350724675
11100,"Amarillo, TX",48359,Oldham County,Texas,"Amarillo, TX",11100,2022,270.71000000000004,235.60750000000002,35.10250000000002,14.898719268274574
11100,"Amarillo, TX",48359,Oldham County,Texas,"Amarillo, TX",11100,2023,285.4975,270.71000000000004,14.787499999999966,5.462487532784155
11100,"Amarillo, TX",48359,Oldham County,Texas,"Amarillo, TX",11100,2024,293.6775,285.4975,8.180000000000007,2.8651739507351337
11100,"Amarillo, TX",48359,Oldham County,Texas,"Amarillo, TX",11100,2025,299.03499999999997,293.6775,5.357499999999959,1.8242800350724675
11100,"Amarillo, TX",48375,Potter County,Texas,"Amarillo, TX",11100,2022,270.71000000000004,235.60750000000002,35.10250000000002,14.898719268274574
11100,"Amarillo, TX",48375,Potter County,Texas,"Amarillo, TX",11100,2023,285.4975,270.71000000000004,14.787499999999966,5.462487532784155
11100,"Amarillo, TX",48375,Potter County,Texas,"Amarillo, TX",11100,2024,293.6775,285.4975,8.180000000000007,2.8651739507351337
11100,"Amarillo, TX",48375,Potter County,Texas,"Amarillo, TX",11100,2025,299.03499999999997,293.6775,5.357499999999959,1.8242800350724675
11100,"Amarillo, TX",48381,Randall County,Texas,"Amarillo, TX",11100,2022,270.71000000000004,235.60750000000002,35.10250000000002,14.898719268274574
11100,"Amarillo, TX",48381,Randall County,Texas,"Amarillo, TX",11100,2023,285.4975,270.71000000000004,14.787499999999966,5.462487532784155
11100,"Amarillo, TX",48381,Randall County,Texas,"Amarillo, TX",11100,2024,293.6775,285.4975,8.180000000000007,2.8651739507351337
11100,"Amarillo, TX",48381,Randall County,Texas,"Amarillo, TX",11100,2025,299.03499999999997,293.6775,5.357499999999959,1.8242800350724675
11180,"Ames, IA",19015,Boone County,Iowa,"Ames, IA",11180,2022,266.77250000000004,238.13,28.64250000000004,12.02809389829087
11180,"Ames, IA",19015,Boone County,Iowa,"Ames, IA",11180,2023,286.5375,266.77250000000004,19.764999999999986,7.4089345790889105
11180,"Ames, IA",19015,Boone County,Iowa,"Ames, IA",11180,2024,303.1575,286.5375,16.620000000000005,5.800287920429259
11180,"Ames, IA",19015,Boone County,Iowa,"Ames, IA",11180,2025,308.14,303.1575,4.982499999999959,1.6435351261308018
11180,"Ames, IA",19169,Story County,Iowa,"Ames, IA",11180,2022,266.77250000000004,238.13,28.64250000000004,12.02809389829087
11180,"Ames, IA",19169,Story County,Iowa,"Ames, IA",11180,2023,286.5375,266.77250000000004,19.764999999999986,7.4089345790889105
11180,"Ames, IA",19169,Story County,Iowa,"Ames, IA",11180,2024,303.1575,286.5375,16.620000000000005,5.800287920429259
11180,"Ames, IA",19169,Story County,Iowa,"Ames, IA",11180,2025,308.14,303.1575,4.982499999999959,1.6435351261308018
11200,"Amherst Town-Northampton, MA",25015,Hampshire County,Massachusetts,"Amherst Town-Northampton, MA",11200,2022,301.1775,264.92,36.25749999999999,13.68620715687754
11200,"Amherst Town-Northampton, MA",25015,Hampshire County,Massachusetts,"Amherst Town-Northampton, MA",11200,2023,323.1275,301.1775,21.94999999999999,7.288061027135151
11200,"Amherst Town-Northampton, MA",25015,Hampshire County,Massachusetts,"Amherst Town-Northampton, MA",11200,2024,343.48,323.1275,20.35250000000002,6.2985973029222375
11200,"Amherst Town-Northampton, MA",25015,Hampshire County,Massachusetts,"Amherst Town-Northampton, MA",11200,2025,370.95500000000004,343.48,27.475000000000023,7.999010131594275
11260,"Anchorage, AK",02020,Anchorage Municipality,Alaska,"Anchorage, AK",11260,2022,286.2575,257.495,28.76249999999999,11.170119808151613
11260,"Anchorage, AK",02020,Anchorage Municipality,Alaska,"Anchorage, AK",11260,2023,302.95500000000004,286.2575,16.697500000000048,5.833034942315929
11260,"Anchorage, AK",02020,Anchorage Municipality,Alaska,"Anchorage, AK",11260,2024,320.875,302.95500000000004,17.91999999999996,5.915069894868852
11260,"Anchorage, AK",02020,Anchorage Municipality,Alaska,"Anchorage, AK",11260,2025,329.78499999999997,320.875,8.909999999999968,2.7767822360732275
11260,"Anchorage, AK",02170,Matanuska-Susitna Borough,Alaska,"Anchorage, AK",11260,2022,286.2575,257.495,28.76249999999999,11.170119808151613
11260,"Anchorage, AK",02170,Matanuska-Susitna Borough,Alaska,"Anchorage, AK",11260,2023,302.95500000000004,286.2575,16.697500000000048,5.833034942315929
11260,"Anchorage, AK",02170,Matanuska-Susitna Borough,Alaska,"Anchorage, AK",11260,2024,320.875,302.95500000000004,17.91999999999996,5.915069894868852
11260,"Anchorage, AK",02170,Matanuska-Susitna Borough,Alaska,"Anchorage, AK",11260,2025,329.78499999999997,320.875,8.909999999999968,2.7767822360732275
11460,"Ann Arbor, MI",26161,Washtenaw County,Michigan,"Ann Arbor, MI",11460,2022,278.125,246.0125,32.11250000000001,13.053198516335552
11460,"Ann Arbor, MI",26161,Washtenaw County,Michigan,"Ann Arbor, MI",11460,2023,293.875,278.125,15.75,5.662921348314609
11460,"Ann Arbor, MI",26161,Washtenaw County,Michigan,"Ann Arbor, MI",11460,2024,314.365,293.875,20.49000000000001,6.972352190557207
11460,"Ann Arbor, MI",26161,Washtenaw County,Michigan,"Ann Arbor, MI",11460,2025,326.885,314.365,12.519999999999982,3.9826316542872053
11500,"Anniston-Oxford, AL",01015,Calhoun County,Alabama,"Anniston-Oxford, AL",11500,2022,243.6425,208.04,35.60250000000002,17.113295520092308
11500,"Anniston-Oxford, AL",01015,Calhoun County,Alabama,"Anniston-Oxford, AL",11500,2023,261.2475,243.6425,17.60499999999999,7.225750843961953
11500,"Anniston-Oxford, AL",01015,Calhoun County,Alabama,"Anniston-Oxford, AL",11500,2024,274.045,261.2475,12.797500000000014,4.898611469966219
11500,"Anniston-Oxford, AL",01015,Calhoun County,Alabama,"Anniston-Oxford, AL",11500,2025,276.03,274.045,1.9849999999999568,0.7243335948475371
11540,"Appleton, WI",55015,Calumet County,Wisconsin,"Appleton, WI",11540,2022,256.5,221.6825,34.817499999999995,15.706020998500115
11540,"Appleton, WI",55015,Calumet County,Wisconsin,"Appleton, WI",11540,2023,285.1525,256.5,28.652499999999975,11.170565302144242
11540,"Appleton, WI",55015,Calumet County,Wisconsin,"Appleton, WI",11540,2024,308.9125,285.1525,23.760000000000048,8.332383549153533
11540,"Appleton, WI",55015,Calumet County,Wisconsin,"Appleton, WI",11540,2025,320.63,308.9125,11.717499999999973,3.7931453081374134
11540,"Appleton, WI",55087,Outagamie County,Wisconsin,"Appleton, WI",11540,2022,256.5,221.6825,34.817499999999995,15.706020998500115
11540,"Appleton, WI",55087,Outagamie County,Wisconsin,"Appleton, WI",11540,2023,285.1525,256.5,28.652499999999975,11.170565302144242
11540,"Appleton, WI",55087,Outagamie County,Wisconsin,"Appleton, WI",11540,2024,308.9125,285.1525,23.760000000000048,8.332383549153533
11540,"Appleton, WI",55087,Outagamie County,Wisconsin,"Appleton, WI",11540,2025,320.63,308.9125,11.717499999999973,3.7931453081374134
11700,"Asheville, NC",37021,Buncombe County,North Carolina,"Asheville, NC",11700,2022,450.15,370.655,79.495,21.44716785150611
11700,"Asheville, NC",37021,Buncombe County,North Carolina,"Asheville, NC",11700,2023,483.3125,450.15,33.16250000000002,7.36698878151727
11700,"Asheville, NC",37021,Buncombe County,North Carolina,"Asheville, NC",11700,2024,507.3225,483.3125,24.00999999999999,4.967800336221395
11700,"Asheville, NC",37021,Buncombe County,North Carolina,"Asheville, NC",11700,2025,520.55,507.3225,13.227499999999964,2.6073158592414103
11700,"Asheville, NC",37089,Henderson County,North Carolina,"Asheville, NC",11700,2022,450.15,370.655,79.495,21.44716785150611
11700,"Asheville, NC",37089,Henderson County,North Carolina,"Asheville, NC",11700,2023,483.3125,450.15,33.16250000000002,7.36698878151727
11700,"Asheville, NC",37089,Henderson County,North Carolina,"Asheville, NC",11700,2024,507.3225,483.3125,24.00999999999999,4.967800336221395
11700,"Asheville, NC",37089,Henderson County,North Carolina,"Asheville, NC",11700,2025,520.55,507.3225,13.227499999999964,2.6073158592414103
11700,"Asheville, NC",37115,Madison County,North Carolina,"Asheville, NC",11700,2022,450.15,370.655,79.495,21.44716785150611
11700,"Asheville, NC",37115,Madison County,North Carolina,"Asheville, NC",11700,2023,483.3125,450.15,33.16250000000002,7.36698878151727
11700,"Asheville, NC",37115,Madison County,North Carolina,"Asheville, NC",11700,2024,507.3225,483.3125,24.00999999999999,4.967800336221395
11700,"Asheville, NC",37115,Madison County,North Carolina,"Asheville, NC",11700,2025,520.55,507.3225,13.227499999999964,2.6073158592414103
12020,"Athens-Clarke County, GA",13059,Clarke County,Georgia,"Athens-Clarke County, GA",12020,2022,342.8,281.7975,61.0025,21.647637044331482
12020,"Athens-Clarke County, GA",13059,Clarke County,Georgia,"Athens-Clarke County, GA",12020,2023,372.69,342.8,29.889999999999986,8.7193698949825
12020,"Athens-Clarke County, GA",13059,Clarke County,Georgia,"Athens-Clarke County, GA",12020,2024,400.295,372.69,27.605000000000018,7.40696020821594
12020,"Athens-Clarke County, GA",13059,Clarke County,Georgia,"Athens-Clarke County, GA",12020,2025,426.71000000000004,400.295,26.41500000000002,6.598883323548899
12020,"Athens-Clarke County, GA",13195,Madison County,Georgia,"Athens-Clarke County, GA",12020,2022,342.8,281.7975,61.0025,21.647637044331482
12020,"Athens-Clarke County, GA",13195,Madison County,Georgia,"Athens-Clarke County, GA",12020,2023,372.69,342.8,29.889999999999986,8.7193698949825
12020,"Athens-Clarke County, GA",13195,Madison County,Georgia,"Athens-Clarke County, GA",12020,2024,400.295,372.69,27.605000000000018,7.40696020821594
12020,"Athens-Clarke County, GA",13195,Madison County,Georgia,"Athens-Clarke County, GA",12020,2025,426.71000000000004,400.295,26.41500000000002,6.598883323548899
12020,"Athens-Clarke County, GA",13219,Oconee County,Georgia,"Athens-Clarke County, GA",12020,2022,342.8,281.7975,61.0025,21.647637044331482
12020,"Athens-Clarke County, GA",13219,Oconee County,Georgia,"Athens-Clarke County, GA",12020,2023,372.69,342.8,29.889999999999986,8.7193698949825
12020,"Athens-Clarke County, GA",13219,Oconee County,Georgia,"Athens-Clarke County, GA",12020,2024,400.295,372.69,27.605000000000018,7.40696020821594
12020,"Athens-Clarke County, GA",13219,Oconee County,Georgia,"Athens-Clarke County, GA",12020,2025,426.71000000000004,400.295,26.41500000000002,6.598883323548899
12020,"Athens-Clarke County, GA",13221,Oglethorpe County,Georgia,"Athens-Clarke County, GA",12020,2022,342.8,281.7975,61.0025,21.647637044331482
12020,"Athens-Clarke County, GA",13221,Oglethorpe County,Georgia,"Athens-Clarke County, GA",12020,2023,372.69,342.8,29.889999999999986,8.7193698949825
12020,"Athens-Clarke County, GA",13221,Oglethorpe County,Georgia,"Athens-Clarke County, GA",12020,2024,400.295,372.69,27.605000000000018,7.40696020821594
12020,"Athens-Clarke County, GA",13221,Oglethorpe County,Georgia,"Athens-Clarke County, GA",12020,2025,426.71000000000004,400.295,26.41500000000002,6.598883323548899
12100,"Atlantic City-Hammonton, NJ",34001,Atlantic County,New Jersey,"Atlantic City-Hammonton, NJ",12100,2022,354.695,296.83,57.86500000000001,19.49432335006569
12100,"Atlantic City-Hammonton, NJ",34001,Atlantic County,New Jersey,"Atlantic City-Hammonton, NJ",12100,2023,392.14750000000004,354.695,37.45250000000004,10.559071878656322
12100,"Atlantic City-Hammonton, NJ",34001,Atlantic County,New Jersey,"Atlantic City-Hammonton, NJ",12100,2024,435.5175,392.14750000000004,43.36999999999995,11.059614048285393
12100,"Atlantic City-Hammonton, NJ",34001,Atlantic County,New Jersey,"Atlantic City-Hammonton, NJ",12100,2025,454.225,435.5175,18.70750000000004,4.295464590975118
12100,"Atlantic City-Hammonton, NJ",34009,Cape May County,New Jersey,"Atlantic City-Hammonton, NJ",12100,2022,354.695,296.83,57.86500000000001,19.49432335006569
12100,"Atlantic City-Hammonton, NJ",34009,Cape May County,New Jersey,"Atlantic City-Hammonton, NJ",12100,2023,392.14750000000004,354.695,37.45250000000004,10.559071878656322
12100,"Atlantic City-Hammonton, NJ",34009,Cape May County,New Jersey,"Atlantic City-Hammonton, NJ",12100,2024,435.5175,392.14750000000004,43.36999999999995,11.059614048285393
12100,"Atlantic City-Hammonton, NJ",34009,Cape May County,New Jersey,"Atlantic City-Hammonton, NJ",12100,2025,454.225,435.5175,18.70750000000004,4.295464590975118
12220,"Auburn-Opelika, AL",01081,Lee County,Alabama,"Auburn-Opelika, AL",12220,2022,275.41999999999996,238.0775,37.34249999999997,15.685018533880758
12220,"Auburn-Opelika, AL",01081,Lee County,Alabama,"Auburn-Opelika, AL",12220,2023,297.025,275.41999999999996,21.605000000000018,7.844383123956145
12220,"Auburn-Opelika, AL",01081,Lee County,Alabama,"Auburn-Opelika, AL",12220,2024,312.0475,297.025,15.022500000000036,5.05765507953877
12220,"Auburn-Opelika, AL",01081,Lee County,Alabama,"Auburn-Opelika, AL",12220,2025,335.385,312.0475,23.337499999999977,7.478829344891391
12220,"Auburn-Opelika, AL",01087,Macon County,Alabama,"Auburn-Opelika, AL",12220,2022,275.41999999999996,238.0775,37.34249999999997,15.685018533880758
12220,"Auburn-Opelika, AL",01087,Macon County,Alabama,"Auburn-Opelika, AL",12220,2023,297.025,275.41999999999996,21.605000000000018,7.844383123956145
12220,"Auburn-Opelika, AL",01087,Macon County,Alabama,"Auburn-Opelika, AL",12220,2024,312.0475,297.025,15.022500000000036,5.05765507953877
12220,"Auburn-Opelika, AL",01087,Macon County,Alabama,"Auburn-Opelika, AL",12220,2025,335.385,312.0475,23.337499999999977,7.478829344891391
12260,"Augusta-Richmond County, GA-SC",13033,Burke County,Georgia,"Augusta-Richmond County, GA-SC",12260,2022,269.28,226.975,42.30499999999998,18.638616587729917
12260,"Augusta-Richmond County, GA-SC",13033,Burke County,Georgia,"Augusta-Richmond County, GA-SC",12260,2023,290.635,269.28,21.355000000000018,7.930407011289375
12260,"Augusta-Richmond County, GA-SC",13033,Burke County,Georgia,"Augusta-Richmond County, GA-SC",12260,2024,302.8025,290.635,12.167500000000018,4.186522614275634
12260,"Augusta-Richmond County, GA-SC",13033,Burke County,Georgia,"Augusta-Richmond County, GA-SC",12260,2025,315.765,302.8025,12.962499999999977,4.280843123818312
12260,"Augusta-Richmond County, GA-SC",13073,Columbia County,Georgia,"Augusta-Richmond County, GA-SC",12260,2022,269.28,226.975,42.30499999999998,18.638616587729917
12260,"Augusta-Richmond County, GA-SC",13073,Columbia County,Georgia,"Augusta-Richmond County, GA-SC",12260,2023,290.635,269.28,21.355000000000018,7.930407011289375
12260,"Augusta-Richmond County, GA-SC",13073,Columbia County,Georgia,"Augusta-Richmond County, GA-SC",12260,2024,302.8025,290.635,12.167500000000018,4.186522614275634
12260,"Augusta-Richmond County, GA-SC",13073,Columbia County,Georgia,"Augusta-Richmond County, GA-SC",12260,2025,315.765,302.8025,12.962499999999977,4.280843123818312
12260,"Augusta-Richmond County, GA-SC",13181,Lincoln County,Georgia,"Augusta-Richmond County, GA-SC",12260,2022,269.28,226.975,42.30499999999998,18.638616587729917
12260,"Augusta-Richmond County, GA-SC",13181,Lincoln County,Georgia,"Augusta-Richmond County, GA-SC",12260,2023,290.635,269.28,21.355000000000018,7.930407011289375
12260,"Augusta-Richmond County, GA-SC",13181,Lincoln County,Georgia,"Augusta-Richmond County, GA-SC",12260,2024,302.8025,290.635,12.167500000000018,4.186522614275634
12260,"Augusta-Richmond County, GA-SC",13181,Lincoln County,Georgia,"Augusta-Richmond County, GA-SC",12260,2025,315.765,302.8025,12.962499999999977,4.280843123818312
12260,"Augusta-Richmond County, GA-SC",13189,McDuffie County,Georgia,"Augusta-Richmond County, GA-SC",12260,2022,269.28,226.975,42.30499999999998,18.638616587729917
12260,"Augusta-Richmond County, GA-SC",13189,McDuffie County,Georgia,"Augusta-Richmond County, GA-SC",12260,2023,290.635,269.28,21.355000000000018,7.930407011289375
12260,"Augusta-Richmond County, GA-SC",13189,McDuffie County,Georgia,"Augusta-Richmond County, GA-SC",12260,2024,302.8025,290.635,12.167500000000018,4.186522614275634
12260,"Augusta-Richmond County, GA-SC",13189,McDuffie County,Georgia,"Augusta-Richmond County, GA-SC",12260,2025,315.765,302.8025,12.962499999999977,4.280843123818312
12260,"Augusta-Richmond County, GA-SC",13245,Richmond County,Georgia,"Augusta-Richmond County, GA-SC",12260,2022,269.28,226.975,42.30499999999998,18.638616587729917
12260,"Augusta-Richmond County, GA-SC",13245,Richmond County,Georgia,"Augusta-Richmond County, GA-SC",12260,2023,290.635,269.28,21.355000000000018,7.930407011289375
12260,"Augusta-Richmond County, GA-SC",13245,Richmond County,Georgia,"Augusta-Richmond County, GA-SC",12260,2024,302.8025,290.635,12.167500000000018,4.186522614275634
12260,"Augusta-Richmond County, GA-SC",13245,Richmond County,Georgia,"Augusta-Richmond County, GA-SC",12260,2025,315.765,302.8025,12.962499999999977,4.280843123818312
12260,"Augusta-Richmond County, GA-SC",45003,Aiken County,South Carolina,"Augusta-Richmond County, GA-SC",12260,2022,269.28,226.975,42.30499999999998,18.638616587729917
12260,"Augusta-Richmond County, GA-SC",45003,Aiken County,South Carolina,"Augusta-Richmond County, GA-SC",12260,2023,290.635,269.28,21.355000000000018,7.930407011289375
12260,"Augusta-Richmond County, GA-SC",45003,Aiken County,South Carolina,"Augusta-Richmond County, GA-SC",12260,2024,302.8025,290.635,12.167500000000018,4.186522614275634
12260,"Augusta-Richmond County, GA-SC",45003,Aiken County,South Carolina,"Augusta-Richmond County, GA-SC",12260,2025,315.765,302.8025,12.962499999999977,4.280843123818312
12260,"Augusta-Richmond County, GA-SC",45037,Edgefield County,South Carolina,"Augusta-Richmond County, GA-SC",12260,2022,269.28,226.975,42.30499999999998,18.638616587729917
12260,"Augusta-Richmond County, GA-SC",45037,Edgefield County,South Carolina,"Augusta-Richmond County, GA-SC",12260,2023,290.635,269.28,21.355000000000018,7.930407011289375
12260,"Augusta-Richmond County, GA-SC",45037,Edgefield County,South Carolina,"Augusta-Richmond County, GA-SC",12260,2024,302.8025,290.635,12.167500000000018,4.186522614275634
12260,"Augusta-Richmond County, GA-SC",45037,Edgefield County,South Carolina,"Augusta-Richmond County, GA-SC",12260,2025,315.765,302.8025,12.962499999999977,4.280843123818312
12420,"Austin-Round Rock-San Marcos, TX",48021,Bastrop County,Texas,"Austin-Round Rock-San Marcos, TX",12420,2022,702.0391666666666,607.1258333333334,94.91333333333318,15.633222657027424
12420,"Austin-Round Rock-San Marcos, TX",48021,Bastrop County,Texas,"Austin-Round Rock-San Marcos, TX",12420,2023,654.4433333333333,702.0391666666666,-47.5958333333333,-6.779654981262917
12420,"Austin-Round Rock-San Marcos, TX",48021,Bastrop County,Texas,"Austin-Round Rock-San Marcos, TX",12420,2024,648.0925,654.4433333333333,-6.3508333333332985,-0.9704176068210613
12420,"Austin-Round Rock-San Marcos, TX",48021,Bastrop County,Texas,"Austin-Round Rock-San Marcos, TX",12420,2025,641.8133333333334,648.0925,-6.279166666666583,-0.9688688986011385
12420,"Austin-Round Rock-San Marcos, TX",48055,Caldwell County,Texas,"Austin-Round Rock-San Marcos, TX",12420,2022,702.0391666666666,607.1258333333334,94.91333333333318,15.633222657027424
12420,"Austin-Round Rock-San Marcos, TX",48055,Caldwell County,Texas,"Austin-Round Rock-San Marcos, TX",12420,2023,654.4433333333333,702.0391666666666,-47.5958333333333,-6.779654981262917
12420,"Austin-Round Rock-San Marcos, TX",48055,Caldwell County,Texas,"Austin-Round Rock-San Marcos, TX",12420,2024,648.0925,654.4433333333333,-6.3508333333332985,-0.9704176068210613
12420,"Austin-Round Rock-San Marcos, TX",48055,Caldwell County,Texas,"Austin-Round Rock-San Marcos, TX",12420,2025,641.8133333333334,648.0925,-6.279166666666583,-0.9688688986011385
12420,"Austin-Round Rock-San Marcos, TX",48209,Hays County,Texas,"Austin-Round Rock-San Marcos, TX",12420,2022,702.0391666666666,607.1258333333334,94.91333333333318,15.633222657027424
12420,"Austin-Round Rock-San Marcos, TX",48209,Hays County,Texas,"Austin-Round Rock-San Marcos, TX",12420,2023,654.4433333333333,702.0391666666666,-47.5958333333333,-6.779654981262917
12420,"Austin-Round Rock-San Marcos, TX",48209,Hays County,Texas,"Austin-Round Rock-San Marcos, TX",12420,2024,648.0925,654.4433333333333,-6.3508333333332985,-0.9704176068210613
12420,"Austin-Round Rock-San Marcos, TX",48209,Hays County,Texas,"Austin-Round Rock-San Marcos, TX",12420,2025,641.8133333333334,648.0925,-6.279166666666583,-0.9688688986011385
12420,"Austin-Round Rock-San Marcos, TX",48453,Travis County,Texas,"Austin-Round Rock-San Marcos, TX",12420,2022,702.0391666666666,607.1258333333334,94.91333333333318,15.633222657027424
12420,"Austin-Round Rock-San Marcos, TX",48453,Travis County,Texas,"Austin-Round Rock-San Marcos, TX",12420,2023,654.4433333333333,702.0391666666666,-47.5958333333333,-6.779654981262917
12420,"Austin-Round Rock-San Marcos, TX",48453,Travis County,Texas,"Austin-Round Rock-San Marcos, TX",12420,2024,648.0925,654.4433333333333,-6.3508333333332985,-0.9704176068210613
12420,"Austin-Round Rock-San Marcos, TX",48453,Travis County,Texas,"Austin-Round Rock-San Marcos, TX",12420,2025,641.8133333333334,648.0925,-6.279166666666583,-0.9688688986011385
12420,"Austin-Round Rock-San Marcos, TX",48491,Williamson County,Texas,"Austin-Round Rock-San Marcos, TX",12420,2022,702.0391666666666,607.1258333333334,94.91333333333318,15.633222657027424
12420,"Austin-Round Rock-San Marcos, TX",48491,Williamson County,Texas,"Austin-Round Rock-San Marcos, TX",12420,2023,654.4433333333333,702.0391666666666,-47.5958333333333,-6.779654981262917
12420,"Austin-Round Rock-San Marcos, TX",48491,Williamson County,Texas,"Austin-Round Rock-San Marcos, TX",12420,2024,648.0925,654.4433333333333,-6.3508333333332985,-0.9704176068210613
12420,"Austin-Round Rock-San Marcos, TX",48491,Williamson County,Texas,"Austin-Round Rock-San Marcos, TX",12420,2025,641.8133333333334,648.0925,-6.279166666666583,-0.9688688986011385
12540,"Bakersfield-Delano, CA",06029,Kern County,California,"Bakersfield-Delano, CA",12540,2022,312.125,268.87874999999997,43.24625000000003,16.083922585923972
12540,"Bakersfield-Delano, CA",06029,Kern County,California,"Bakersfield-Delano, CA",12540,2023,320.9225,312.125,8.797500000000014,2.8185822987585096
12540,"Bakersfield-Delano, CA",06029,Kern County,California,"Bakersfield-Delano, CA",12540,2024,338.995,320.9225,18.07249999999999,5.631421916506318
12540,"Bakersfield-Delano, CA",06029,Kern County,California,"Bakersfield-Delano, CA",12540,2025,350.35249999999996,338.995,11.357499999999959,3.3503444003598837
12580,"Baltimore-Columbia-Towson, MD",24003,Anne Arundel County,Maryland,"Baltimore-Columbia-Towson, MD",12580,2022,303.1091666666667,276.3858333333333,26.723333333333358,9.668850610408764
12580,"Baltimore-Columbia-Towson, MD",24003,Anne Arundel County,Maryland,"Baltimore-Columbia-Towson, MD",12580,2023,320.7316666666667,303.1091666666667,17.622500000000002,5.813911929420379
12580,"Baltimore-Columbia-Towson, MD",24003,Anne Arundel County,Maryland,"Baltimore-Columbia-Towson, MD",12580,2024,336.84583333333336,320.7316666666667,16.114166666666677,5.024189483420716
12580,"Baltimore-Columbia-Towson, MD",24003,Anne Arundel County,Maryland,"Baltimore-Columbia-Towson, MD",12580,2025,345.865,336.84583333333336,9.01916666666665,2.6775354699850373
12580,"Baltimore-Columbia-Towson, MD",24005,Baltimore County,Maryland,"Baltimore-Columbia-Towson, MD",12580,2022,303.1091666666667,276.3858333333333,26.723333333333358,9.668850610408764
12580,"Baltimore-Columbia-Towson, MD",24005,Baltimore County,Maryland,"Baltimore-Columbia-Towson, MD",12580,2023,320.7316666666667,303.1091666666667,17.622500000000002,5.813911929420379
12580,"Baltimore-Columbia-Towson, MD",24005,Baltimore County,Maryland,"Baltimore-Columbia-Towson, MD",12580,2024,336.84583333333336,320.7316666666667,16.114166666666677,5.024189483420716
12580,"Baltimore-Columbia-Towson, MD",24005,Baltimore County,Maryland,"Baltimore-Columbia-Towson, MD",12580,2025,345.865,336.84583333333336,9.01916666666665,2.6775354699850373
12580,"Baltimore-Columbia-Towson, MD",24013,Carroll County,Maryland,"Baltimore-Columbia-Towson, MD",12580,2022,303.1091666666667,276.3858333333333,26.723333333333358,9.668850610408764
12580,"Baltimore-Columbia-Towson, MD",24013,Carroll County,Maryland,"Baltimore-Columbia-Towson, MD",12580,2023,320.7316666666667,303.1091666666667,17.622500000000002,5.813911929420379
12580,"Baltimore-Columbia-Towson, MD",24013,Carroll County,Maryland,"Baltimore-Columbia-Towson, MD",12580,2024,336.84583333333336,320.7316666666667,16.114166666666677,5.024189483420716
12580,"Baltimore-Columbia-Towson, MD",24013,Carroll County,Maryland,"Baltimore-Columbia-Towson, MD",12580,2025,345.865,336.84583333333336,9.01916666666665,2.6775354699850373
12580,"Baltimore-Columbia-Towson, MD",24025,Harford County,Maryland,"Baltimore-Columbia-Towson, MD",12580,2022,303.1091666666667,276.3858333333333,26.723333333333358,9.668850610408764
12580,"Baltimore-Columbia-Towson, MD",24025,Harford County,Maryland,"Baltimore-Columbia-Towson, MD",12580,2023,320.7316666666667,303.1091666666667,17.622500000000002,5.813911929420379
12580,"Baltimore-Columbia-Towson, MD",24025,Harford County,Maryland,"Baltimore-Columbia-Towson, MD",12580,2024,336.84583333333336,320.7316666666667,16.114166666666677,5.024189483420716
12580,"Baltimore-Columbia-Towson, MD",24025,Harford County,Maryland,"Baltimore-Columbia-Towson, MD",12580,2025,345.865,336.84583333333336,9.01916666666665,2.6775354699850373
12580,"Baltimore-Columbia-Towson, MD",24027,Howard County,Maryland,"Baltimore-Columbia-Towson, MD",12580,2022,303.1091666666667,276.3858333333333,26.723333333333358,9.668850610408764
12580,"Baltimore-Columbia-Towson, MD",24027,Howard County,Maryland,"Baltimore-Columbia-Towson, MD",12580,2023,320.7316666666667,303.1091666666667,17.622500000000002,5.813911929420379
12580,"Baltimore-Columbia-Towson, MD",24027,Howard County,Maryland,"Baltimore-Columbia-Towson, MD",12580,2024,336.84583333333336,320.7316666666667,16.114166666666677,5.024189483420716
12580,"Baltimore-Columbia-Towson, MD",24027,Howard County,Maryland,"Baltimore-Columbia-Towson, MD",12580,2025,345.865,336.84583333333336,9.01916666666665,2.6775354699850373
12580,"Baltimore-Columbia-Towson, MD",24035,Queen Anne's County,Maryland,"Baltimore-Columbia-Towson, MD",12580,2022,303.1091666666667,276.3858333333333,26.723333333333358,9.668850610408764
12580,"Baltimore-Columbia-Towson, MD",24035,Queen Anne's County,Maryland,"Baltimore-Columbia-Towson, MD",12580,2023,320.7316666666667,303.1091666666667,17.622500000000002,5.813911929420379
12580,"Baltimore-Columbia-Towson, MD",24035,Queen Anne's County,Maryland,"Baltimore-Columbia-Towson, MD",12580,2024,336.84583333333336,320.7316666666667,16.114166666666677,5.024189483420716
12580,"Baltimore-Columbia-Towson, MD",24035,Queen Anne's County,Maryland,"Baltimore-Columbia-Towson, MD",12580,2025,345.865,336.84583333333336,9.01916666666665,2.6775354699850373
12580,"Baltimore-Columbia-Towson, MD",24510,Baltimore city,Maryland,"Baltimore-Columbia-Towson, MD",12580,2022,303.1091666666667,276.3858333333333,26.723333333333358,9.668850610408764
12580,"Baltimore-Columbia-Towson, MD",24510,Baltimore city,Maryland,"Baltimore-Columbia-Towson, MD",12580,2023,320.7316666666667,303.1091666666667,17.622500000000002,5.813911929420379
12580,"Baltimore-Columbia-Towson, MD",24510,Baltimore city,Maryland,"Baltimore-Columbia-Towson, MD",12580,2024,336.84583333333336,320.7316666666667,16.114166666666677,5.024189483420716
12580,"Baltimore-Columbia-Towson, MD",24510,Baltimore city,Maryland,"Baltimore-Columbia-Towson, MD",12580,2025,345.865,336.84583333333336,9.01916666666665,2.6775354699850373
12620,"Bangor, ME",23019,Penobscot County,Maine,"Bangor, ME",12620,2022,292.1675,250.29,41.877500000000026,16.73159135402933
12620,"Bangor, ME",23019,Penobscot County,Maine,"Bangor, ME",12620,2023,324.615,292.1675,32.44749999999999,11.10578692017421
12620,"Bangor, ME",23019,Penobscot County,Maine,"Bangor, ME",12620,2024,352.5475,324.615,27.932500000000005,8.604808773470118
12620,"Bangor, ME",23019,Penobscot County,Maine,"Bangor, ME",12620,2025,369.395,352.5475,16.847499999999968,4.77878867386663
12700,"Barnstable Town, MA",25001,Barnstable County,Massachusetts,"Barnstable Town, MA",12700,2022,465.6925,391.8525,73.83999999999997,18.84382516380525
12700,"Barnstable Town, MA",25001,Barnstable County,Massachusetts,"Barnstable Town, MA",12700,2023,501.3725,465.6925,35.68000000000001,7.661708101375919
12700,"Barnstable Town, MA",25001,Barnstable County,Massachusetts,"Barnstable Town, MA",12700,2024,543.355,501.3725,41.982500000000016,8.373514702142625
12700,"Barnstable Town, MA",25001,Barnstable County,Massachusetts,"Barnstable Town, MA",12700,2025,554.72,543.355,11.365000000000009,2.091634382677987
12940,"Baton Rouge, LA",22005,Ascension Parish,Louisiana,"Baton Rouge, LA",12940,2022,306.99125000000004,278.34625,28.64500000000004,10.291139183660647
12940,"Baton Rouge, LA",22005,Ascension Parish,Louisiana,"Baton Rouge, LA",12940,2023,311.7775,306.99125000000004,4.786249999999939,1.5590835243675327
12940,"Baton Rouge, LA",22005,Ascension Parish,Louisiana,"Baton Rouge, LA",12940,2024,319.83625,311.7775,8.058750000000032,2.5847760021169064
12940,"Baton Rouge, LA",22005,Ascension Parish,Louisiana,"Baton Rouge, LA",12940,2025,328.1075,319.83625,8.271250000000009,2.586088975217793
12940,"Baton Rouge, LA",22007,Assumption Parish,Louisiana,"Baton Rouge, LA",12940,2022,306.99125000000004,278.34625,28.64500000000004,10.291139183660647
12940,"Baton Rouge, LA",22007,Assumption Parish,Louisiana,"Baton Rouge, LA",12940,2023,311.7775,306.99125000000004,4.786249999999939,1.5590835243675327
12940,"Baton Rouge, LA",22007,Assumption Parish,Louisiana,"Baton Rouge, LA",12940,2024,319.83625,311.7775,8.058750000000032,2.5847760021169064
12940,"Baton Rouge, LA",22007,Assumption Parish,Louisiana,"Baton Rouge, LA",12940,2025,328.1075,319.83625,8.271250000000009,2.586088975217793
12940,"Baton Rouge, LA",22033,East Baton Rouge Parish,Louisiana,"Baton Rouge, LA",12940,2022,306.99125000000004,278.34625,28.64500000000004,10.291139183660647
12940,"Baton Rouge, LA",22033,East Baton Rouge Parish,Louisiana,"Baton Rouge, LA",12940,2023,311.7775,306.99125000000004,4.786249999999939,1.5590835243675327
12940,"Baton Rouge, LA",22033,East Baton Rouge Parish,Louisiana,"Baton Rouge, LA",12940,2024,319.83625,311.7775,8.058750000000032,2.5847760021169064
12940,"Baton Rouge, LA",22033,East Baton Rouge Parish,Louisiana,"Baton Rouge, LA",12940,2025,328.1075,319.83625,8.271250000000009,2.586088975217793
12940,"Baton Rouge, LA",22037,East Feliciana Parish,Louisiana,"Baton Rouge, LA",12940,2022,306.99125000000004,278.34625,28.64500000000004,10.291139183660647
12940,"Baton Rouge, LA",22037,East Feliciana Parish,Louisiana,"Baton Rouge, LA",12940,2023,311.7775,306.99125000000004,4.786249999999939,1.5590835243675327
12940,"Baton Rouge, LA",22037,East Feliciana Parish,Louisiana,"Baton Rouge, LA",12940,2024,319.83625,311.7775,8.058750000000032,2.5847760021169064
12940,"Baton Rouge, LA",22037,East Feliciana Parish,Louisiana,"Baton Rouge, LA",12940,2025,328.1075,319.83625,8.271250000000009,2.586088975217793
12940,"Baton Rouge, LA",22047,Iberville Parish,Louisiana,"Baton Rouge, LA",12940,2022,306.99125000000004,278.34625,28.64500000000004,10.291139183660647
12940,"Baton Rouge, LA",22047,Iberville Parish,Louisiana,"Baton Rouge, LA",12940,2023,311.7775,306.99125000000004,4.786249999999939,1.5590835243675327
12940,"Baton Rouge, LA",22047,Iberville Parish,Louisiana,"Baton Rouge, LA",12940,2024,319.83625,311.7775,8.058750000000032,2.5847760021169064
12940,"Baton Rouge, LA",22047,Iberville Parish,Louisiana,"Baton Rouge, LA",12940,2025,328.1075,319.83625,8.271250000000009,2.586088975217793
12940,"Baton Rouge, LA",22063,Livingston Parish,Louisiana,"Baton Rouge, LA",12940,2022,306.99125000000004,278.34625,28.64500000000004,10.291139183660647
12940,"Baton Rouge, LA",22063,Livingston Parish,Louisiana,"Baton Rouge, LA",12940,2023,311.7775,306.99125000000004,4.786249999999939,1.5590835243675327
12940,"Baton Rouge, LA",22063,Livingston Parish,Louisiana,"Baton Rouge, LA",12940,2024,319.83625,311.7775,8.058750000000032,2.5847760021169064
12940,"Baton Rouge, LA",22063,Livingston Parish,Louisiana,"Baton Rouge, LA",12940,2025,328.1075,319.83625,8.271250000000009,2.586088975217793
12940,"Baton Rouge, LA",22077,Pointe Coupee Parish,Louisiana,"Baton Rouge, LA",12940,2022,306.99125000000004,278.34625,28.64500000000004,10.291139183660647
12940,"Baton Rouge, LA",22077,Pointe Coupee Parish,Louisiana,"Baton Rouge, LA",12940,2023,311.7775,306.99125000000004,4.786249999999939,1.5590835243675327
12940,"Baton Rouge, LA",22077,Pointe Coupee Parish,Louisiana,"Baton Rouge, LA",12940,2024,319.83625,311.7775,8.058750000000032,2.5847760021169064
12940,"Baton Rouge, LA",22077,Pointe Coupee Parish,Louisiana,"Baton Rouge, LA",12940,2025,328.1075,319.83625,8.271250000000009,2.586088975217793
12940,"Baton Rouge, LA",22091,St. Helena Parish,Louisiana,"Baton Rouge, LA",12940,2022,306.99125000000004,278.34625,28.64500000000004,10.291139183660647
12940,"Baton Rouge, LA",22091,St. Helena Parish,Louisiana,"Baton Rouge, LA",12940,2023,311.7775,306.99125000000004,4.786249999999939,1.5590835243675327
12940,"Baton Rouge, LA",22091,St. Helena Parish,Louisiana,"Baton Rouge, LA",12940,2024,319.83625,311.7775,8.058750000000032,2.5847760021169064
12940,"Baton Rouge, LA",22091,St. Helena Parish,Louisiana,"Baton Rouge, LA",12940,2025,328.1075,319.83625,8.271250000000009,2.586088975217793
12940,"Baton Rouge, LA",22121,West Baton Rouge Parish,Louisiana,"Baton Rouge, LA",12940,2022,306.99125000000004,278.34625,28.64500000000004,10.291139183660647
12940,"Baton Rouge, LA",22121,West Baton Rouge Parish,Louisiana,"Baton Rouge, LA",12940,2023,311.7775,306.99125000000004,4.786249999999939,1.5590835243675327
12940,"Baton Rouge, LA",22121,West Baton Rouge Parish,Louisiana,"Baton Rouge, LA",12940,2024,319.83625,311.7775,8.058750000000032,2.5847760021169064
12940,"Baton Rouge, LA",22121,West Baton Rouge Parish,Louisiana,"Baton Rouge, LA",12940,2025,328.1075,319.83625,8.271250000000009,2.586088975217793
12940,"Baton Rouge, LA",22125,West Feliciana Parish,Louisiana,"Baton Rouge, LA",12940,2022,306.99125000000004,278.34625,28.64500000000004,10.291139183660647
12940,"Baton Rouge, LA",22125,West Feliciana Parish,Louisiana,"Baton Rouge, LA",12940,2023,311.7775,306.99125000000004,4.786249999999939,1.5590835243675327
12940,"Baton Rouge, LA",22125,West Feliciana Parish,Louisiana,"Baton Rouge, LA",12940,2024,319.83625,311.7775,8.058750000000032,2.5847760021169064
12940,"Baton Rouge, LA",22125,West Feliciana Parish,Louisiana,"Baton Rouge, LA",12940,2025,328.1075,319.83625,8.271250000000009,2.586088975217793
12980,"Battle Creek, MI",26025,Calhoun County,Michigan,"Battle Creek, MI",12980,2022,252.1275,221.485,30.642499999999984,13.835022687766664
12980,"Battle Creek, MI",26025,Calhoun County,Michigan,"Battle Creek, MI",12980,2023,269.505,252.1275,17.377499999999998,6.892346134396288
12980,"Battle Creek, MI",26025,Calhoun County,Michigan,"Battle Creek, MI",12980,2024,290.805,269.505,21.30000000000001,7.903378415984874
12980,"Battle Creek, MI",26025,Calhoun County,Michigan,"Battle Creek, MI",12980,2025,294.85,290.805,4.045000000000016,1.39096645518475
13020,"Bay City, MI",26017,Bay County,Michigan,"Bay City, MI",13020,2022,226.965,197.055,29.909999999999997,15.178503463500025
13020,"Bay City, MI",26017,Bay County,Michigan,"Bay City, MI",13020,2023,242.315,226.965,15.349999999999994,6.76315731500452
13020,"Bay City, MI",26017,Bay County,Michigan,"Bay City, MI",13020,2024,268.845,242.315,26.53000000000003,10.948558694261612
13020,"Bay City, MI",26017,Bay County,Michigan,"Bay City, MI",13020,2025,270.5,268.845,1.6549999999999727,0.6155963473376769
13140,"Beaumont-Port Arthur, TX",48199,Hardin County,Texas,"Beaumont-Port Arthur, TX",13140,2022,270.9525,242.1925,28.75999999999999,11.87485161596664
13140,"Beaumont-Port Arthur, TX",48199,Hardin County,Texas,"Beaumont-Port Arthur, TX",13140,2023,277.04,270.9525,6.087500000000034,2.2467037580387927
13140,"Beaumont-Port Arthur, TX",48199,Hardin County,Texas,"Beaumont-Port Arthur, TX",13140,2024,293.4475,277.04,16.40749999999997,5.9224299740109565
13140,"Beaumont-Port Arthur, TX",48199,Hardin County,Texas,"Beaumont-Port Arthur, TX",13140,2025,303.515,293.4475,10.067499999999995,3.4307670026154646
13140,"Beaumont-Port Arthur, TX",48245,Jefferson County,Texas,"Beaumont-Port Arthur, TX",13140,2022,270.9525,242.1925,28.75999999999999,11.87485161596664
13140,"Beaumont-Port Arthur, TX",48245,Jefferson County,Texas,"Beaumont-Port Arthur, TX",13140,2023,277.04,270.9525,6.087500000000034,2.2467037580387927
13140,"Beaumont-Port Arthur, TX",48245,Jefferson County,Texas,"Beaumont-Port Arthur, TX",13140,2024,293.4475,277.04,16.40749999999997,5.9224299740109565
13140,"Beaumont-Port Arthur, TX",48245,Jefferson County,Texas,"Beaumont-Port Arthur, TX",13140,2025,303.515,293.4475,10.067499999999995,3.4307670026154646
13140,"Beaumont-Port Arthur, TX",48361,Orange County,Texas,"Beaumont-Port Arthur, TX",13140,2022,270.9525,242.1925,28.75999999999999,11.87485161596664
13140,"Beaumont-Port Arthur, TX",48361,Orange County,Texas,"Beaumont-Port Arthur, TX",13140,2023,277.04,270.9525,6.087500000000034,2.2467037580387927
13140,"Beaumont-Port Arthur, TX",48361,Orange County,Texas,"Beaumont-Port Arthur, TX",13140,2024,293.4475,277.04,16.40749999999997,5.9224299740109565
13140,"Beaumont-Port Arthur, TX",48361,Orange County,Texas,"Beaumont-Port Arthur, TX",13140,2025,303.515,293.4475,10.067499999999995,3.4307670026154646
13220,"Beckley, WV",54019,Fayette County,West Virginia,"Beckley, WV",13220,2022,244.085,222.4425,21.642500000000013,9.729480652303412
13220,"Beckley, WV",54019,Fayette County,West Virginia,"Beckley, WV",13220,2023,266.955,244.085,22.869999999999976,9.369686789438102
13220,"Beckley, WV",54019,Fayette County,West Virginia,"Beckley, WV",13220,2024,288.2875,266.955,21.33250000000004,7.991047180236377
13220,"Beckley, WV",54019,Fayette County,West Virginia,"Beckley, WV",13220,2025,302.865,288.2875,14.577499999999986,5.056584139097242
13220,"Beckley, WV",54081,Raleigh County,West Virginia,"Beckley, WV",13220,2022,244.085,222.4425,21.642500000000013,9.729480652303412
13220,"Beckley, WV",54081,Raleigh County,West Virginia,"Beckley, WV",13220,2023,266.955,244.085,22.869999999999976,9.369686789438102
13220,"Beckley, WV",54081,Raleigh County,West Virginia,"Beckley, WV",13220,2024,288.2875,266.955,21.33250000000004,7.991047180236377
13220,"Beckley, WV",54081,Raleigh County,West Virginia,"Beckley, WV",13220,2025,302.865,288.2875,14.577499999999986,5.056584139097242
13380,"Bellingham, WA",53073,Whatcom County,Washington,"Bellingham, WA",13380,2022,438.3225,375.2175,63.10500000000002,16.818245417657774
13380,"Bellingham, WA",53073,Whatcom County,Washington,"Bellingham, WA",13380,2023,441.9375,438.3225,3.615000000000009,0.8247352120869911
13380,"Bellingham, WA",53073,Whatcom County,Washington,"Bellingham, WA",13380,2024,472.6775,441.9375,30.74000000000001,6.9557346909913775
13380,"Bellingham, WA",53073,Whatcom County,Washington,"Bellingham, WA",13380,2025,488.52,472.6775,15.842499999999973,3.3516509670970196
13460,"Bend, OR",41013,Crook County,Oregon,"Bend, OR",13460,2022,524.7275,446.28000000000003,78.44749999999993,17.57808998834811
13460,"Bend, OR",41013,Crook County,Oregon,"Bend, OR",13460,2023,527.755,524.7275,3.027500000000032,0.5769661395676806
13460,"Bend, OR",41013,Crook County,Oregon,"Bend, OR",13460,2024,550.9300000000001,527.755,23.175000000000068,4.3912421483453645
13460,"Bend, OR",41013,Crook County,Oregon,"Bend, OR",13460,2025,553.455,550.9300000000001,2.5249999999999773,0.45831593850398367
13460,"Bend, OR",41017,Deschutes County,Oregon,"Bend, OR",13460,2022,524.7275,446.28000000000003,78.44749999999993,17.57808998834811
13460,"Bend, OR",41017,Deschutes County,Oregon,"Bend, OR",13460,2023,527.755,524.7275,3.027500000000032,0.5769661395676806
13460,"Bend, OR",41017,Deschutes County,Oregon,"Bend, OR",13460,2024,550.9300000000001,527.755,23.175000000000068,4.3912421483453645
13460,"Bend, OR",41017,Deschutes County,Oregon,"Bend, OR",13460,2025,553.455,550.9300000000001,2.5249999999999773,0.45831593850398367
13460,"Bend, OR",41031,Jefferson County,Oregon,"Bend, OR",13460,2022,524.7275,446.28000000000003,78.44749999999993,17.57808998834811
13460,"Bend, OR",41031,Jefferson County,Oregon,"Bend, OR",13460,2023,527.755,524.7275,3.027500000000032,0.5769661395676806
13460,"Bend, OR",41031,Jefferson County,Oregon,"Bend, OR",13460,2024,550.9300000000001,527.755,23.175000000000068,4.3912421483453645
13460,"Bend, OR",41031,Jefferson County,Oregon,"Bend, OR",13460,2025,553.455,550.9300000000001,2.5249999999999773,0.45831593850398367
13740,"Billings, MT",30009,Carbon County,Montana,"Billings, MT",13740,2022,368.865,306.7075,62.15750000000003,20.266051531181994
13740,"Billings, MT",30009,Carbon County,Montana,"Billings, MT",13740,2023,384.1275,368.865,15.262499999999989,4.137692651783165
13740,"Billings, MT",30009,Carbon County,Montana,"Billings, MT",13740,2024,398.125,384.1275,13.997500000000002,3.643972378962723
13740,"Billings, MT",30009,Carbon County,Montana,"Billings, MT",13740,2025,399.51,398.125,1.384999999999991,0.347880690737834
13740,"Billings, MT",30095,Stillwater County,Montana,"Billings, MT",13740,2022,368.865,306.7075,62.15750000000003,20.266051531181994
13740,"Billings, MT",30095,Stillwater County,Montana,"Billings, MT",13740,2023,384.1275,368.865,15.262499999999989,4.137692651783165
13740,"Billings, MT",30095,Stillwater County,Montana,"Billings, MT",13740,2024,398.125,384.1275,13.997500000000002,3.643972378962723
13740,"Billings, MT",30095,Stillwater County,Montana,"Billings, MT",13740,2025,399.51,398.125,1.384999999999991,0.347880690737834
13740,"Billings, MT",30111,Yellowstone County,Montana,"Billings, MT",13740,2022,368.865,306.7075,62.15750000000003,20.266051531181994
13740,"Billings, MT",30111,Yellowstone County,Montana,"Billings, MT",13740,2023,384.1275,368.865,15.262499999999989,4.137692651783165
13740,"Billings, MT",30111,Yellowstone County,Montana,"Billings, MT",13740,2024,398.125,384.1275,13.997500000000002,3.643972378962723
13740,"Billings, MT",30111,Yellowstone County,Montana,"Billings, MT",13740,2025,399.51,398.125,1.384999999999991,0.347880690737834
13780,"Binghamton, NY",36007,Broome County,New York,"Binghamton, NY",13780,2022,237.7425,212.395,25.347499999999997,11.934132159419942
13780,"Binghamton, NY",36007,Broome County,New York,"Binghamton, NY",13780,2023,255.10750000000002,237.7425,17.36500000000001,7.304121055343504
13780,"Binghamton, NY",36007,Broome County,New York,"Binghamton, NY",13780,2024,275.36,255.10750000000002,20.252499999999998,7.938810109463645
13780,"Binghamton, NY",36007,Broome County,New York,"Binghamton, NY",13780,2025,295.635,275.36,20.274999999999977,7.363088320743749
13780,"Binghamton, NY",36107,Tioga County,New York,"Binghamton, NY",13780,2022,237.7425,212.395,25.347499999999997,11.934132159419942
13780,"Binghamton, NY",36107,Tioga County,New York,"Binghamton, NY",13780,2023,255.10750000000002,237.7425,17.36500000000001,7.304121055343504
13780,"Binghamton, NY",36107,Tioga County,New York,"Binghamton, NY",13780,2024,275.36,255.10750000000002,20.252499999999998,7.938810109463645
13780,"Binghamton, NY",36107,Tioga County,New York,"Binghamton, NY",13780,2025,295.635,275.36,20.274999999999977,7.363088320743749
13820,"Birmingham, AL",01007,Bibb County,Alabama,"Birmingham, AL",13820,2022,308.825,272.07,36.754999999999995,13.509390965560343
13820,"Birmingham, AL",01007,Bibb County,Alabama,"Birmingham, AL",13820,2023,324.80125,308.825,15.976249999999993,5.173237270298703
13820,"Birmingham, AL",01007,Bibb County,Alabama,"Birmingham, AL",13820,2024,338.8625,324.80125,14.06125000000003,4.329185925238899
13820,"Birmingham, AL",01007,Bibb County,Alabama,"Birmingham, AL",13820,2025,350.4,338.8625,11.537499999999966,3.4047733225128107
13820,"Birmingham, AL",01009,Blount County,Alabama,"Birmingham, AL",13820,2022,308.825,272.07,36.754999999999995,13.509390965560343
13820,"Birmingham, AL",01009,Blount County,Alabama,"Birmingham, AL",13820,2023,324.80125,308.825,15.976249999999993,5.173237270298703
13820,"Birmingham, AL",01009,Blount County,Alabama,"Birmingham, AL",13820,2024,338.8625,324.80125,14.06125000000003,4.329185925238899
13820,"Birmingham, AL",01009,Blount County,Alabama,"Birmingham, AL",13820,2025,350.4,338.8625,11.537499999999966,3.4047733225128107
13820,"Birmingham, AL",01021,Chilton County,Alabama,"Birmingham, AL",13820,2022,308.825,272.07,36.754999999999995,13.509390965560343
13820,"Birmingham, AL",01021,Chilton County,Alabama,"Birmingham, AL",13820,2023,324.80125,308.825,15.976249999999993,5.173237270298703
13820,"Birmingham, AL",01021,Chilton County,Alabama,"Birmingham, AL",13820,2024,338.8625,324.80125,14.06125000000003,4.329185925238899
13820,"Birmingham, AL",01021,Chilton County,Alabama,"Birmingham, AL",13820,2025,350.4,338.8625,11.537499999999966,3.4047733225128107
13820,"Birmingham, AL",01073,Jefferson County,Alabama,"Birmingham, AL",13820,2022,308.825,272.07,36.754999999999995,13.509390965560343
13820,"Birmingham, AL",01073,Jefferson County,Alabama,"Birmingham, AL",13820,2023,324.80125,308.825,15.976249999999993,5.173237270298703
13820,"Birmingham, AL",01073,Jefferson County,Alabama,"Birmingham, AL",13820,2024,338.8625,324.80125,14.06125000000003,4.329185925238899
13820,"Birmingham, AL",01073,Jefferson County,Alabama,"Birmingham, AL",13820,2025,350.4,338.8625,11.537499999999966,3.4047733225128107
13820,"Birmingham, AL",01115,St. Clair County,Alabama,"Birmingham, AL",13820,2022,308.825,272.07,36.754999999999995,13.509390965560343
13820,"Birmingham, AL",01115,St. Clair County,Alabama,"Birmingham, AL",13820,2023,324.80125,308.825,15.976249999999993,5.173237270298703
13820,"Birmingham, AL",01115,St. Clair County,Alabama,"Birmingham, AL",13820,2024,338.8625,324.80125,14.06125000000003,4.329185925238899
13820,"Birmingham, AL",01115,St. Clair County,Alabama,"Birmingham, AL",13820,2025,350.4,338.8625,11.537499999999966,3.4047733225128107
13820,"Birmingham, AL",01117,Shelby County,Alabama,"Birmingham, AL",13820,2022,308.825,272.07,36.754999999999995,13.509390965560343
13820,"Birmingham, AL",01117,Shelby County,Alabama,"Birmingham, AL",13820,2023,324.80125,308.825,15.976249999999993,5.173237270298703
13820,"Birmingham, AL",01117,Shelby County,Alabama,"Birmingham, AL",13820,2024,338.8625,324.80125,14.06125000000003,4.329185925238899
13820,"Birmingham, AL",01117,Shelby County,Alabama,"Birmingham, AL",13820,2025,350.4,338.8625,11.537499999999966,3.4047733225128107
13820,"Birmingham, AL",01127,Walker County,Alabama,"Birmingham, AL",13820,2022,308.825,272.07,36.754999999999995,13.509390965560343
13820,"Birmingham, AL",01127,Walker County,Alabama,"Birmingham, AL",13820,2023,324.80125,308.825,15.976249999999993,5.173237270298703
13820,"Birmingham, AL",01127,Walker County,Alabama,"Birmingham, AL",13820,2024,338.8625,324.80125,14.06125000000003,4.329185925238899
13820,"Birmingham, AL",01127,Walker County,Alabama,"Birmingham, AL",13820,2025,350.4,338.8625,11.537499999999966,3.4047733225128107
13900,"Bismarck, ND",38015,Burleigh County,North Dakota,"Bismarck, ND",13900,2022,343.2525,314.7525,28.5,9.054733481068467
13900,"Bismarck, ND",38015,Burleigh County,North Dakota,"Bismarck, ND",13900,2023,366.74,343.2525,23.48750000000001,6.842630425124363
13900,"Bismarck, ND",38015,Burleigh County,North Dakota,"Bismarck, ND",13900,2024,379.33500000000004,366.74,12.595000000000027,3.4343131373725244
13900,"Bismarck, ND",38015,Burleigh County,North Dakota,"Bismarck, ND",13900,2025,388.37,379.33500000000004,9.034999999999968,2.3817997284721892
13900,"Bismarck, ND",38059,Morton County,North Dakota,"Bismarck, ND",13900,2022,343.2525,314.7525,28.5,9.054733481068467
13900,"Bismarck, ND",38059,Morton County,North Dakota,"Bismarck, ND",13900,2023,366.74,343.2525,23.48750000000001,6.842630425124363
13900,"Bismarck, ND",38059,Morton County,North Dakota,"Bismarck, ND",13900,2024,379.33500000000004,366.74,12.595000000000027,3.4343131373725244
13900,"Bismarck, ND",38059,Morton County,North Dakota,"Bismarck, ND",13900,2025,388.37,379.33500000000004,9.034999999999968,2.3817997284721892
13900,"Bismarck, ND",38065,Oliver County,North Dakota,"Bismarck, ND",13900,2022,343.2525,314.7525,28.5,9.054733481068467
13900,"Bismarck, ND",38065,Oliver County,North Dakota,"Bismarck, ND",13900,2023,366.74,343.2525,23.48750000000001,6.842630425124363
13900,"Bismarck, ND",38065,Oliver County,North Dakota,"Bismarck, ND",13900,2024,379.33500000000004,366.74,12.595000000000027,3.4343131373725244
13900,"Bismarck, ND",38065,Oliver County,North Dakota,"Bismarck, ND",13900,2025,388.37,379.33500000000004,9.034999999999968,2.3817997284721892
13980,"Blacksburg-Christiansburg-Radford, VA",51063,Floyd County,Virginia,"Blacksburg-Christiansburg-Radford, VA",13980,2022,289.14,254.3525,34.787499999999994,13.676885424755003
13980,"Blacksburg-Christiansburg-Radford, VA",51063,Floyd County,Virginia,"Blacksburg-Christiansburg-Radford, VA",13980,2023,315.9575,289.14,26.817499999999995,9.27491872449333
13980,"Blacksburg-Christiansburg-Radford, VA",51063,Floyd County,Virginia,"Blacksburg-Christiansburg-Radford, VA",13980,2024,333.935,315.9575,17.97750000000002,5.689847526961711
13980,"Blacksburg-Christiansburg-Radford, VA",51063,Floyd County,Virginia,"Blacksburg-Christiansburg-Radford, VA",13980,2025,340.37,333.935,6.435000000000002,1.927021725784961
13980,"Blacksburg-Christiansburg-Radford, VA",51071,Giles County,Virginia,"Blacksburg-Christiansburg-Radford, VA",13980,2022,289.14,254.3525,34.787499999999994,13.676885424755003
13980,"Blacksburg-Christiansburg-Radford, VA",51071,Giles County,Virginia,"Blacksburg-Christiansburg-Radford, VA",13980,2023,315.9575,289.14,26.817499999999995,9.27491872449333
13980,"Blacksburg-Christiansburg-Radford, VA",51071,Giles County,Virginia,"Blacksburg-Christiansburg-Radford, VA",13980,2024,333.935,315.9575,17.97750000000002,5.689847526961711
13980,"Blacksburg-Christiansburg-Radford, VA",51071,Giles County,Virginia,"Blacksburg-Christiansburg-Radford, VA",13980,2025,340.37,333.935,6.435000000000002,1.927021725784961
13980,"Blacksburg-Christiansburg-Radford, VA",51121,Montgomery County,Virginia,"Blacksburg-Christiansburg-Radford, VA",13980,2022,289.14,254.3525,34.787499999999994,13.676885424755003
13980,"Blacksburg-Christiansburg-Radford, VA",51121,Montgomery County,Virginia,"Blacksburg-Christiansburg-Radford, VA",13980,2023,315.9575,289.14,26.817499999999995,9.27491872449333
13980,"Blacksburg-Christiansburg-Radford, VA",51121,Montgomery County,Virginia,"Blacksburg-Christiansburg-Radford, VA",13980,2024,333.935,315.9575,17.97750000000002,5.689847526961711
13980,"Blacksburg-Christiansburg-Radford, VA",51121,Montgomery County,Virginia,"Blacksburg-Christiansburg-Radford, VA",13980,2025,340.37,333.935,6.435000000000002,1.927021725784961
13980,"Blacksburg-Christiansburg-Radford, VA",51155,Pulaski County,Virginia,"Blacksburg-Christiansburg-Radford, VA",13980,2022,289.14,254.3525,34.787499999999994,13.676885424755003
13980,"Blacksburg-Christiansburg-Radford, VA",51155,Pulaski County,Virginia,"Blacksburg-Christiansburg-Radford, VA",13980,2023,315.9575,289.14,26.817499999999995,9.27491872449333
13980,"Blacksburg-Christiansburg-Radford, VA",51155,Pulaski County,Virginia,"Blacksburg-Christiansburg-Radford, VA",13980,2024,333.935,315.9575,17.97750000000002,5.689847526961711
13980,"Blacksburg-Christiansburg-Radford, VA",51155,Pulaski County,Virginia,"Blacksburg-Christiansburg-Radford, VA",13980,2025,340.37,333.935,6.435000000000002,1.927021725784961
13980,"Blacksburg-Christiansburg-Radford, VA",51750,Radford city,Virginia,"Blacksburg-Christiansburg-Radford, VA",13980,2022,289.14,254.3525,34.787499999999994,13.676885424755003
13980,"Blacksburg-Christiansburg-Radford, VA",51750,Radford city,Virginia,"Blacksburg-Christiansburg-Radford, VA",13980,2023,315.9575,289.14,26.817499999999995,9.27491872449333
13980,"Blacksburg-Christiansburg-Radford, VA",51750,Radford city,Virginia,"Blacksburg-Christiansburg-Radford, VA",13980,2024,333.935,315.9575,17.97750000000002,5.689847526961711
13980,"Blacksburg-Christiansburg-Radford, VA",51750,Radford city,Virginia,"Blacksburg-Christiansburg-Radford, VA",13980,2025,340.37,333.935,6.435000000000002,1.927021725784961
14010,"Bloomington, IL",17113,McLean County,Illinois,"Bloomington, IL",14010,2022,196.08249999999998,168.6825,27.399999999999977,16.243534450817343
14010,"Bloomington, IL",17113,McLean County,Illinois,"Bloomington, IL",14010,2023,213.1975,196.08249999999998,17.11500000000001,8.728468884270658
14010,"Bloomington, IL",17113,McLean County,Illinois,"Bloomington, IL",14010,2024,227.0725,213.1975,13.875,6.508050047491176
14010,"Bloomington, IL",17113,McLean County,Illinois,"Bloomington, IL",14010,2025,230.6,227.0725,3.5275000000000034,1.5534686058417568
14020,"Bloomington, IN",18105,Monroe County,Indiana,"Bloomington, IN",14020,2022,297.15,256.945,40.204999999999984,15.647317519313475
14020,"Bloomington, IN",18105,Monroe County,Indiana,"Bloomington, IN",14020,2023,309.03249999999997,297.15,11.882499999999993,3.998822143698466
14020,"Bloomington, IN",18105,Monroe County,Indiana,"Bloomington, IN",14020,2024,328.155,309.03249999999997,19.122500000000002,6.187860500109221
14020,"Bloomington, IN",18105,Monroe County,Indiana,"Bloomington, IN",14020,2025,342.725,328.155,14.57000000000005,4.439975011808461
14020,"Bloomington, IN",18119,Owen County,Indiana,"Bloomington, IN",14020,2022,297.15,256.945,40.204999999999984,15.647317519313475
14020,"Bloomington, IN",18119,Owen County,Indiana,"Bloomington, IN",14020,2023,309.03249999999997,297.15,11.882499999999993,3.998822143698466
14020,"Bloomington, IN",18119,Owen County,Indiana,"Bloomington, IN",14020,2024,328.155,309.03249999999997,19.122500000000002,6.187860500109221
14020,"Bloomington, IN",18119,Owen County,Indiana,"Bloomington, IN",14020,2025,342.725,328.155,14.57000000000005,4.439975011808461
14260,"Boise City, ID",16001,Ada County,Idaho,"Boise City, ID",14260,2022,585.70875,530.44,55.268749999999955,10.419415956564348
14260,"Boise City, ID",16001,Ada County,Idaho,"Boise City, ID",14260,2023,564.24375,585.70875,-21.465000000000032,-3.664790734302681
14260,"Boise City, ID",16001,Ada County,Idaho,"Boise City, ID",14260,2024,590.32,564.24375,26.076250000000073,4.62145127881346
14260,"Boise City, ID",16001,Ada County,Idaho,"Boise City, ID",14260,2025,608.6475,590.32,18.327499999999986,3.1046720422821528
14260,"Boise City, ID",16015,Boise County,Idaho,"Boise City, ID",14260,2022,585.70875,530.44,55.268749999999955,10.419415956564348
14260,"Boise City, ID",16015,Boise County,Idaho,"Boise City, ID",14260,2023,564.24375,585.70875,-21.465000000000032,-3.664790734302681
14260,"Boise City, ID",16015,Boise County,Idaho,"Boise City, ID",14260,2024,590.32,564.24375,26.076250000000073,4.62145127881346
14260,"Boise City, ID",16015,Boise County,Idaho,"Boise City, ID",14260,2025,608.6475,590.32,18.327499999999986,3.1046720422821528
14260,"Boise City, ID",16027,Canyon County,Idaho,"Boise City, ID",14260,2022,585.70875,530.44,55.268749999999955,10.419415956564348
14260,"Boise City, ID",16027,Canyon County,Idaho,"Boise City, ID",14260,2023,564.24375,585.70875,-21.465000000000032,-3.664790734302681
14260,"Boise City, ID",16027,Canyon County,Idaho,"Boise City, ID",14260,2024,590.32,564.24375,26.076250000000073,4.62145127881346
14260,"Boise City, ID",16027,Canyon County,Idaho,"Boise City, ID",14260,2025,608.6475,590.32,18.327499999999986,3.1046720422821528
14260,"Boise City, ID",16045,Gem County,Idaho,"Boise City, ID",14260,2022,585.70875,530.44,55.268749999999955,10.419415956564348
14260,"Boise City, ID",16045,Gem County,Idaho,"Boise City, ID",14260,2023,564.24375,585.70875,-21.465000000000032,-3.664790734302681
14260,"Boise City, ID",16045,Gem County,Idaho,"Boise City, ID",14260,2024,590.32,564.24375,26.076250000000073,4.62145127881346
14260,"Boise City, ID",16045,Gem County,Idaho,"Boise City, ID",14260,2025,608.6475,590.32,18.327499999999986,3.1046720422821528
14260,"Boise City, ID",16073,Owyhee County,Idaho,"Boise City, ID",14260,2022,585.70875,530.44,55.268749999999955,10.419415956564348
14260,"Boise City, ID",16073,Owyhee County,Idaho,"Boise City, ID",14260,2023,564.24375,585.70875,-21.465000000000032,-3.664790734302681
14260,"Boise City, ID",16073,Owyhee County,Idaho,"Boise City, ID",14260,2024,590.32,564.24375,26.076250000000073,4.62145127881346
14260,"Boise City, ID",16073,Owyhee County,Idaho,"Boise City, ID",14260,2025,608.6475,590.32,18.327499999999986,3.1046720422821528
14500,"Boulder, CO",08013,Boulder County,Colorado,"Boulder, CO",14500,2022,459.68,391.8825,67.79750000000001,17.300466338762256
14500,"Boulder, CO",08013,Boulder County,Colorado,"Boulder, CO",14500,2023,461.9525,459.68,2.2724999999999795,0.49436564566653907
14500,"Boulder, CO",08013,Boulder County,Colorado,"Boulder, CO",14500,2024,473.97749999999996,461.9525,12.024999999999977,2.6030814856505824
14500,"Boulder, CO",08013,Boulder County,Colorado,"Boulder, CO",14500,2025,484.435,473.97749999999996,10.457500000000039,2.2063283594685457
14540,"Bowling Green, KY",21003,Allen County,Kentucky,"Bowling Green, KY",14540,2022,264.27,223.3375,40.932499999999976,18.32764314098616
14540,"Bowling Green, KY",21003,Allen County,Kentucky,"Bowling Green, KY",14540,2023,283.5375,264.27,19.26750000000004,7.290838914746289
14540,"Bowling Green, KY",21003,Allen County,Kentucky,"Bowling Green, KY",14540,2024,296.985,283.5375,13.447499999999991,4.742758894326138
14540,"Bowling Green, KY",21003,Allen County,Kentucky,"Bowling Green, KY",14540,2025,308.005,296.985,11.019999999999982,3.7106251157465797
14540,"Bowling Green, KY",21031,Butler County,Kentucky,"Bowling Green, KY",14540,2022,264.27,223.3375,40.932499999999976,18.32764314098616
14540,"Bowling Green, KY",21031,Butler County,Kentucky,"Bowling Green, KY",14540,2023,283.5375,264.27,19.26750000000004,7.290838914746289
14540,"Bowling Green, KY",21031,Butler County,Kentucky,"Bowling Green, KY",14540,2024,296.985,283.5375,13.447499999999991,4.742758894326138
14540,"Bowling Green, KY",21031,Butler County,Kentucky,"Bowling Green, KY",14540,2025,308.005,296.985,11.019999999999982,3.7106251157465797
14540,"Bowling Green, KY",21061,Edmonson County,Kentucky,"Bowling Green, KY",14540,2022,264.27,223.3375,40.932499999999976,18.32764314098616
14540,"Bowling Green, KY",21061,Edmonson County,Kentucky,"Bowling Green, KY",14540,2023,283.5375,264.27,19.26750000000004,7.290838914746289
14540,"Bowling Green, KY",21061,Edmonson County,Kentucky,"Bowling Green, KY",14540,2024,296.985,283.5375,13.447499999999991,4.742758894326138
14540,"Bowling Green, KY",21061,Edmonson County,Kentucky,"Bowling Green, KY",14540,2025,308.005,296.985,11.019999999999982,3.7106251157465797
14540,"Bowling Green, KY",21227,Warren County,Kentucky,"Bowling Green, KY",14540,2022,264.27,223.3375,40.932499999999976,18.32764314098616
14540,"Bowling Green, KY",21227,Warren County,Kentucky,"Bowling Green, KY",14540,2023,283.5375,264.27,19.26750000000004,7.290838914746289
14540,"Bowling Green, KY",21227,Warren County,Kentucky,"Bowling Green, KY",14540,2024,296.985,283.5375,13.447499999999991,4.742758894326138
14540,"Bowling Green, KY",21227,Warren County,Kentucky,"Bowling Green, KY",14540,2025,308.005,296.985,11.019999999999982,3.7106251157465797
14580,"Bozeman, MT",30031,Gallatin County,Montana,"Bozeman, MT",14580,2022,564.78,462.6325,102.14749999999998,22.079620433065127
14580,"Bozeman, MT",30031,Gallatin County,Montana,"Bozeman, MT",14580,2023,588.845,564.78,24.065000000000055,4.2609511668260325
14580,"Bozeman, MT",30031,Gallatin County,Montana,"Bozeman, MT",14580,2024,623.1425,588.845,34.297500000000014,5.824537866501367
14580,"Bozeman, MT",30031,Gallatin County,Montana,"Bozeman, MT",14580,2025,621.035,623.1425,-2.1075000000000728,-0.33820514569301574
14740,"Bremerton-Silverdale-Port Orchard, WA",53035,Kitsap County,Washington,"Bremerton-Silverdale-Port Orchard, WA",14740,2022,421.6275,367.4425,54.185,14.746524966491359
14740,"Bremerton-Silverdale-Port Orchard, WA",53035,Kitsap County,Washington,"Bremerton-Silverdale-Port Orchard, WA",14740,2023,420.73749999999995,421.6275,-0.8900000000000432,-0.21108680055262896
14740,"Bremerton-Silverdale-Port Orchard, WA",53035,Kitsap County,Washington,"Bremerton-Silverdale-Port Orchard, WA",14740,2024,435.7425,420.73749999999995,15.005000000000052,3.5663566950890013
14740,"Bremerton-Silverdale-Port Orchard, WA",53035,Kitsap County,Washington,"Bremerton-Silverdale-Port Orchard, WA",14740,2025,442.06500000000005,435.7425,6.322500000000048,1.4509716174116782
14860,"Bridgeport-Stamford-Danbury, CT",09120,Greater Bridgeport Planning Region,Connecticut,"Bridgeport-Stamford-Danbury, CT",14860,2022,280.155,246.88875000000002,33.26624999999996,13.474186247854526
14860,"Bridgeport-Stamford-Danbury, CT",09120,Greater Bridgeport Planning Region,Connecticut,"Bridgeport-Stamford-Danbury, CT",14860,2023,302.43875,280.155,22.283750000000055,7.954078991986591
14860,"Bridgeport-Stamford-Danbury, CT",09120,Greater Bridgeport Planning Region,Connecticut,"Bridgeport-Stamford-Danbury, CT",14860,2024,328.19375,302.43875,25.754999999999995,8.515773855036768
14860,"Bridgeport-Stamford-Danbury, CT",09120,Greater Bridgeport Planning Region,Connecticut,"Bridgeport-Stamford-Danbury, CT",14860,2025,340.8625,328.19375,12.668749999999989,3.860143588962317
14860,"Bridgeport-Stamford-Danbury, CT",09190,Western Connecticut Planning Region,Connecticut,"Bridgeport-Stamford-Danbury, CT",14860,2022,280.155,246.88875000000002,33.26624999999996,13.474186247854526
14860,"Bridgeport-Stamford-Danbury, CT",09190,Western Connecticut Planning Region,Connecticut,"Bridgeport-Stamford-Danbury, CT",14860,2023,302.43875,280.155,22.283750000000055,7.954078991986591
14860,"Bridgeport-Stamford-Danbury, CT",09190,Western Connecticut Planning Region,Connecticut,"Bridgeport-Stamford-Danbury, CT",14860,2024,328.19375,302.43875,25.754999999999995,8.515773855036768
14860,"Bridgeport-Stamford-Danbury, CT",09190,Western Connecticut Planning Region,Connecticut,"Bridgeport-Stamford-Danbury, CT",14860,2025,340.8625,328.19375,12.668749999999989,3.860143588962317
15180,"Brownsville-Harlingen, TX",48061,Cameron County,Texas,"Brownsville-Harlingen, TX",15180,2022,257.43,214.6375,42.79250000000002,19.93710325548892
15180,"Brownsville-Harlingen, TX",48061,Cameron County,Texas,"Brownsville-Harlingen, TX",15180,2023,281.655,257.43,24.224999999999966,9.410325136930409
15180,"Brownsville-Harlingen, TX",48061,Cameron County,Texas,"Brownsville-Harlingen, TX",15180,2024,298.82,281.655,17.16500000000002,6.094335268324724
15180,"Brownsville-Harlingen, TX",48061,Cameron County,Texas,"Brownsville-Harlingen, TX",15180,2025,300.06,298.82,1.240000000000009,0.41496553108895107
15260,"Brunswick-St. Simons, GA",13025,Brantley County,Georgia,"Brunswick-St. Simons, GA",15260,2022,314.1925,267.15250000000003,47.039999999999964,17.607920569712032
15260,"Brunswick-St. Simons, GA",13025,Brantley County,Georgia,"Brunswick-St. Simons, GA",15260,2023,354.4175,314.1925,40.22500000000002,12.802660789165877
15260,"Brunswick-St. Simons, GA",13025,Brantley County,Georgia,"Brunswick-St. Simons, GA",15260,2024,380.65999999999997,354.4175,26.24249999999995,7.4044029992875515
15260,"Brunswick-St. Simons, GA",13025,Brantley County,Georgia,"Brunswick-St. Simons, GA",15260,2025,405.39,380.65999999999997,24.730000000000018,6.496611149056908
15260,"Brunswick-St. Simons, GA",13127,Glynn County,Georgia,"Brunswick-St. Simons, GA",15260,2022,314.1925,267.15250000000003,47.039999999999964,17.607920569712032
15260,"Brunswick-St. Simons, GA",13127,Glynn County,Georgia,"Brunswick-St. Simons, GA",15260,2023,354.4175,314.1925,40.22500000000002,12.802660789165877
15260,"Brunswick-St. Simons, GA",13127,Glynn County,Georgia,"Brunswick-St. Simons, GA",15260,2024,380.65999999999997,354.4175,26.24249999999995,7.4044029992875515
15260,"Brunswick-St. Simons, GA",13127,Glynn County,Georgia,"Brunswick-St. Simons, GA",15260,2025,405.39,380.65999999999997,24.730000000000018,6.496611149056908
15260,"Brunswick-St. Simons, GA",13191,McIntosh County,Georgia,"Brunswick-St. Simons, GA",15260,2022,314.1925,267.15250000000003,47.039999999999964,17.607920569712032
15260,"Brunswick-St. Simons, GA",13191,McIntosh County,Georgia,"Brunswick-St. Simons, GA",15260,2023,354.4175,314.1925,40.22500000000002,12.802660789165877
15260,"Brunswick-St. Simons, GA",13191,McIntosh County,Georgia,"Brunswick-St. Simons, GA",15260,2024,380.65999999999997,354.4175,26.24249999999995,7.4044029992875515
15260,"Brunswick-St. Simons, GA",13191,McIntosh County,Georgia,"Brunswick-St. Simons, GA",15260,2025,405.39,380.65999999999997,24.730000000000018,6.496611149056908
15380,"Buffalo-Cheektowaga, NY",36029,Erie County,New York,"Buffalo-Cheektowaga, NY",15380,2022,293.58125,259.34875,34.232500000000016,13.199408132871282
15380,"Buffalo-Cheektowaga, NY",36029,Erie County,New York,"Buffalo-Cheektowaga, NY",15380,2023,313.90999999999997,293.58125,20.328749999999957,6.924403380665467
15380,"Buffalo-Cheektowaga, NY",36029,Erie County,New York,"Buffalo-Cheektowaga, NY",15380,2024,337.0175,313.90999999999997,23.107500000000016,7.361186327291258
15380,"Buffalo-Cheektowaga, NY",36029,Erie County,New York,"Buffalo-Cheektowaga, NY",15380,2025,351.4325,337.0175,14.41500000000002,4.27722596007627
15380,"Buffalo-Cheektowaga, NY",36063,Niagara County,New York,"Buffalo-Cheektowaga, NY",15380,2022,293.58125,259.34875,34.232500000000016,13.199408132871282
15380,"Buffalo-Cheektowaga, NY",36063,Niagara County,New York,"Buffalo-Cheektowaga, NY",15380,2023,313.90999999999997,293.58125,20.328749999999957,6.924403380665467
15380,"Buffalo-Cheektowaga, NY",36063,Niagara County,New York,"Buffalo-Cheektowaga, NY",15380,2024,337.0175,313.90999999999997,23.107500000000016,7.361186327291258
15380,"Buffalo-Cheektowaga, NY",36063,Niagara County,New York,"Buffalo-Cheektowaga, NY",15380,2025,351.4325,337.0175,14.41500000000002,4.27722596007627
15500,"Burlington, NC",37001,Alamance County,North Carolina,"Burlington, NC",15500,2022,253.1325,204.5975,48.535,23.72218624372242
15500,"Burlington, NC",37001,Alamance County,North Carolina,"Burlington, NC",15500,2023,272.5775,253.1325,19.444999999999993,7.681747701302677
15500,"Burlington, NC",37001,Alamance County,North Carolina,"Burlington, NC",15500,2024,293.56,272.5775,20.982500000000016,7.697810714383979
15500,"Burlington, NC",37001,Alamance County,North Carolina,"Burlington, NC",15500,2025,299.42499999999995,293.56,5.864999999999952,1.9978879956397133
15540,"Burlington-South Burlington, VT",50007,Chittenden County,Vermont,"Burlington-South Burlington, VT",15540,2022,339.64750000000004,292.0025,47.64500000000004,16.316641124647923
15540,"Burlington-South Burlington, VT",50007,Chittenden County,Vermont,"Burlington-South Burlington, VT",15540,2023,373.1125,339.64750000000004,33.464999999999975,9.852862158561448
15540,"Burlington-South Burlington, VT",50007,Chittenden County,Vermont,"Burlington-South Burlington, VT",15540,2024,402.5925,373.1125,29.47999999999996,7.901102214479527
15540,"Burlington-South Burlington, VT",50007,Chittenden County,Vermont,"Burlington-South Burlington, VT",15540,2025,416.605,402.5925,14.012500000000045,3.480566577867217
15540,"Burlington-South Burlington, VT",50011,Franklin County,Vermont,"Burlington-South Burlington, VT",15540,2022,339.64750000000004,292.0025,47.64500000000004,16.316641124647923
15540,"Burlington-South Burlington, VT",50011,Franklin County,Vermont,"Burlington-South Burlington, VT",15540,2023,373.1125,339.64750000000004,33.464999999999975,9.852862158561448
15540,"Burlington-South Burlington, VT",50011,Franklin County,Vermont,"Burlington-South Burlington, VT",15540,2024,402.5925,373.1125,29.47999999999996,7.901102214479527
15540,"Burlington-South Burlington, VT",50011,Franklin County,Vermont,"Burlington-South Burlington, VT",15540,2025,416.605,402.5925,14.012500000000045,3.480566577867217
15540,"Burlington-South Burlington, VT",50013,Grand Isle County,Vermont,"Burlington-South Burlington, VT",15540,2022,339.64750000000004,292.0025,47.64500000000004,16.316641124647923
15540,"Burlington-South Burlington, VT",50013,Grand Isle County,Vermont,"Burlington-South Burlington, VT",15540,2023,373.1125,339.64750000000004,33.464999999999975,9.852862158561448
15540,"Burlington-South Burlington, VT",50013,Grand Isle County,Vermont,"Burlington-South Burlington, VT",15540,2024,402.5925,373.1125,29.47999999999996,7.901102214479527
15540,"Burlington-South Burlington, VT",50013,Grand Isle County,Vermont,"Burlington-South Burlington, VT",15540,2025,416.605,402.5925,14.012500000000045,3.480566577867217
15940,"Canton-Massillon, OH",39019,Carroll County,Ohio,"Canton-Massillon, OH",15940,2022,226.4775,200.2475,26.22999999999999,13.098790247069235
15940,"Canton-Massillon, OH",39019,Carroll County,Ohio,"Canton-Massillon, OH",15940,2023,243.785,226.4775,17.307500000000005,7.642039496197195
15940,"Canton-Massillon, OH",39019,Carroll County,Ohio,"Canton-Massillon, OH",15940,2024,261.08500000000004,243.785,17.30000000000004,7.096416924749294
15940,"Canton-Massillon, OH",39019,Carroll County,Ohio,"Canton-Massillon, OH",15940,2025,273.0,261.08500000000004,11.914999999999964,4.563647854147113
15940,"Canton-Massillon, OH",39151,Stark County,Ohio,"Canton-Massillon, OH",15940,2022,226.4775,200.2475,26.22999999999999,13.098790247069235
15940,"Canton-Massillon, OH",39151,Stark County,Ohio,"Canton-Massillon, OH",15940,2023,243.785,226.4775,17.307500000000005,7.642039496197195
15940,"Canton-Massillon, OH",39151,Stark County,Ohio,"Canton-Massillon, OH",15940,2024,261.08500000000004,243.785,17.30000000000004,7.096416924749294
15940,"Canton-Massillon, OH",39151,Stark County,Ohio,"Canton-Massillon, OH",15940,2025,273.0,261.08500000000004,11.914999999999964,4.563647854147113
15980,"Cape Coral-Fort Myers, FL",12071,Lee County,Florida,"Cape Coral-Fort Myers, FL",15980,2022,445.225,349.14625,96.07875000000001,27.518196171375187
15980,"Cape Coral-Fort Myers, FL",12071,Lee County,Florida,"Cape Coral-Fort Myers, FL",15980,2023,463.57124999999996,445.225,18.34624999999994,4.120669324498838
15980,"Cape Coral-Fort Myers, FL",12071,Lee County,Florida,"Cape Coral-Fort Myers, FL",15980,2024,451.89875,463.57124999999996,-11.672499999999957,-2.51795166330957
15980,"Cape Coral-Fort Myers, FL",12071,Lee County,Florida,"Cape Coral-Fort Myers, FL",15980,2025,428.58,451.89875,-23.318750000000023,-5.160171387949186
16020,"Cape Girardeau, MO-IL",17003,Alexander County,Illinois,"Cape Girardeau, MO-IL",16020,2022,235.3125,206.5325,28.78,13.93485286819265
16020,"Cape Girardeau, MO-IL",17003,Alexander County,Illinois,"Cape Girardeau, MO-IL",16020,2023,246.11,235.3125,10.797500000000014,4.588579017264283
16020,"Cape Girardeau, MO-IL",17003,Alexander County,Illinois,"Cape Girardeau, MO-IL",16020,2024,255.14499999999998,246.11,9.034999999999968,3.6711226687253573
16020,"Cape Girardeau, MO-IL",17003,Alexander County,Illinois,"Cape Girardeau, MO-IL",16020,2025,266.575,255.14499999999998,11.430000000000007,4.479805600736841
16020,"Cape Girardeau, MO-IL",29017,Bollinger County,Missouri,"Cape Girardeau, MO-IL",16020,2022,235.3125,206.5325,28.78,13.93485286819265
16020,"Cape Girardeau, MO-IL",29017,Bollinger County,Missouri,"Cape Girardeau, MO-IL",16020,2023,246.11,235.3125,10.797500000000014,4.588579017264283
16020,"Cape Girardeau, MO-IL",29017,Bollinger County,Missouri,"Cape Girardeau, MO-IL",16020,2024,255.14499999999998,246.11,9.034999999999968,3.6711226687253573
16020,"Cape Girardeau, MO-IL",29017,Bollinger County,Missouri,"Cape Girardeau, MO-IL",16020,2025,266.575,255.14499999999998,11.430000000000007,4.479805600736841
16020,"Cape Girardeau, MO-IL",29031,Cape Girardeau County,Missouri,"Cape Girardeau, MO-IL",16020,2022,235.3125,206.5325,28.78,13.93485286819265
16020,"Cape Girardeau, MO-IL",29031,Cape Girardeau County,Missouri,"Cape Girardeau, MO-IL",16020,2023,246.11,235.3125,10.797500000000014,4.588579017264283
16020,"Cape Girardeau, MO-IL",29031,Cape Girardeau County,Missouri,"Cape Girardeau, MO-IL",16020,2024,255.14499999999998,246.11,9.034999999999968,3.6711226687253573
16020,"Cape Girardeau, MO-IL",29031,Cape Girardeau County,Missouri,"Cape Girardeau, MO-IL",16020,2025,266.575,255.14499999999998,11.430000000000007,4.479805600736841
16180,"Carson City, NV",32510,Carson City,Nevada,"Carson City, NV",16180,2022,362.51,314.4525,48.057500000000005,15.282912363552526
16180,"Carson City, NV",32510,Carson City,Nevada,"Carson City, NV",16180,2023,359.43,362.51,-3.079999999999984,-0.849631734296985
16180,"Carson City, NV",32510,Carson City,Nevada,"Carson City, NV",16180,2024,373.7025,359.43,14.27249999999998,3.9708705450296256
16180,"Carson City, NV",32510,Carson City,Nevada,"Carson City, NV",16180,2025,374.065,373.7025,0.36250000000001137,0.09700229460600784
16220,"Casper, WY",56025,Natrona County,Wyoming,"Casper, WY",16220,2022,362.15,320.1825,41.96749999999997,13.107368453928615
16220,"Casper, WY",56025,Natrona County,Wyoming,"Casper, WY",16220,2023,390.1775,362.15,28.027500000000032,7.739196465552967
16220,"Casper, WY",56025,Natrona County,Wyoming,"Casper, WY",16220,2024,403.965,390.1775,13.787499999999966,3.5336481473175585
16220,"Casper, WY",56025,Natrona County,Wyoming,"Casper, WY",16220,2025,435.875,403.965,31.910000000000025,7.899199188048467
16300,"Cedar Rapids, IA",19011,Benton County,Iowa,"Cedar Rapids, IA",16300,2022,214.425,193.175,21.25,11.000388248997028
16300,"Cedar Rapids, IA",19011,Benton County,Iowa,"Cedar Rapids, IA",16300,2023,227.2125,214.425,12.787499999999994,5.963623644630989
16300,"Cedar Rapids, IA",19011,Benton County,Iowa,"Cedar Rapids, IA",16300,2024,237.73,227.2125,10.517499999999984,4.6289266655663575
16300,"Cedar Rapids, IA",19011,Benton County,Iowa,"Cedar Rapids, IA",16300,2025,240.555,237.73,2.825000000000017,1.1883228873091456
16300,"Cedar Rapids, IA",19105,Jones County,Iowa,"Cedar Rapids, IA",16300,2022,214.425,193.175,21.25,11.000388248997028
16300,"Cedar Rapids, IA",19105,Jones County,Iowa,"Cedar Rapids, IA",16300,2023,227.2125,214.425,12.787499999999994,5.963623644630989
16300,"Cedar Rapids, IA",19105,Jones County,Iowa,"Cedar Rapids, IA",16300,2024,237.73,227.2125,10.517499999999984,4.6289266655663575
16300,"Cedar Rapids, IA",19105,Jones County,Iowa,"Cedar Rapids, IA",16300,2025,240.555,237.73,2.825000000000017,1.1883228873091456
16300,"Cedar Rapids, IA",19113,Linn County,Iowa,"Cedar Rapids, IA",16300,2022,214.425,193.175,21.25,11.000388248997028
16300,"Cedar Rapids, IA",19113,Linn County,Iowa,"Cedar Rapids, IA",16300,2023,227.2125,214.425,12.787499999999994,5.963623644630989
16300,"Cedar Rapids, IA",19113,Linn County,Iowa,"Cedar Rapids, IA",16300,2024,237.73,227.2125,10.517499999999984,4.6289266655663575
16300,"Cedar Rapids, IA",19113,Linn County,Iowa,"Cedar Rapids, IA",16300,2025,240.555,237.73,2.825000000000017,1.1883228873091456
16540,"Chambersburg, PA",42055,Franklin County,Pennsylvania,"Chambersburg, PA",16540,2022,258.85,224.61,34.24000000000001,15.244201059614436
16540,"Chambersburg, PA",42055,Franklin County,Pennsylvania,"Chambersburg, PA",16540,2023,273.375,258.85,14.524999999999977,5.611357929302674
16540,"Chambersburg, PA",42055,Franklin County,Pennsylvania,"Chambersburg, PA",16540,2024,296.2175,273.375,22.842499999999973,8.35573845450388
16540,"Chambersburg, PA",42055,Franklin County,Pennsylvania,"Chambersburg, PA",16540,2025,298.95000000000005,296.2175,2.7325000000000728,0.9224640677880425
16580,"Champaign-Urbana, IL",17019,Champaign County,Illinois,"Champaign-Urbana, IL",16580,2022,232.7675,207.5475,25.22,12.151435213625806
16580,"Champaign-Urbana, IL",17019,Champaign County,Illinois,"Champaign-Urbana, IL",16580,2023,247.82,232.7675,15.05249999999998,6.466753305336859
16580,"Champaign-Urbana, IL",17019,Champaign County,Illinois,"Champaign-Urbana, IL",16580,2024,272.9075,247.82,25.087500000000034,10.123274957630546
16580,"Champaign-Urbana, IL",17019,Champaign County,Illinois,"Champaign-Urbana, IL",16580,2025,283.35,272.9075,10.442499999999995,3.8263880618891077
16580,"Champaign-Urbana, IL",17053,Ford County,Illinois,"Champaign-Urbana, IL",16580,2022,232.7675,207.5475,25.22,12.151435213625806
16580,"Champaign-Urbana, IL",17053,Ford County,Illinois,"Champaign-Urbana, IL",16580,2023,247.82,232.7675,15.05249999999998,6.466753305336859
16580,"Champaign-Urbana, IL",17053,Ford County,Illinois,"Champaign-Urbana, IL",16580,2024,272.9075,247.82,25.087500000000034,10.123274957630546
16580,"Champaign-Urbana, IL",17053,Ford County,Illinois,"Champaign-Urbana, IL",16580,2025,283.35,272.9075,10.442499999999995,3.8263880618891077
16580,"Champaign-Urbana, IL",17147,Piatt County,Illinois,"Champaign-Urbana, IL",16580,2022,232.7675,207.5475,25.22,12.151435213625806
16580,"Champaign-Urbana, IL",17147,Piatt County,Illinois,"Champaign-Urbana, IL",16580,2023,247.82,232.7675,15.05249999999998,6.466753305336859
16580,"Champaign-Urbana, IL",17147,Piatt County,Illinois,"Champaign-Urbana, IL",16580,2024,272.9075,247.82,25.087500000000034,10.123274957630546
16580,"Champaign-Urbana, IL",17147,Piatt County,Illinois,"Champaign-Urbana, IL",16580,2025,283.35,272.9075,10.442499999999995,3.8263880618891077
16620,"Charleston, WV",54005,Boone County,West Virginia,"Charleston, WV",16620,2022,200.25,187.1175,13.132499999999993,7.01831736742955
16620,"Charleston, WV",54005,Boone County,West Virginia,"Charleston, WV",16620,2023,211.39,200.25,11.139999999999986,5.563046192259669
16620,"Charleston, WV",54005,Boone County,West Virginia,"Charleston, WV",16620,2024,228.08,211.39,16.690000000000026,7.895359288518855
16620,"Charleston, WV",54005,Boone County,West Virginia,"Charleston, WV",16620,2025,236.505,228.08,8.424999999999983,3.693879340582251
16620,"Charleston, WV",54015,Clay County,West Virginia,"Charleston, WV",16620,2022,200.25,187.1175,13.132499999999993,7.01831736742955
16620,"Charleston, WV",54015,Clay County,West Virginia,"Charleston, WV",16620,2023,211.39,200.25,11.139999999999986,5.563046192259669
16620,"Charleston, WV",54015,Clay County,West Virginia,"Charleston, WV",16620,2024,228.08,211.39,16.690000000000026,7.895359288518855
16620,"Charleston, WV",54015,Clay County,West Virginia,"Charleston, WV",16620,2025,236.505,228.08,8.424999999999983,3.693879340582251
16620,"Charleston, WV",54039,Kanawha County,West Virginia,"Charleston, WV",16620,2022,200.25,187.1175,13.132499999999993,7.01831736742955
16620,"Charleston, WV",54039,Kanawha County,West Virginia,"Charleston, WV",16620,2023,211.39,200.25,11.139999999999986,5.563046192259669
16620,"Charleston, WV",54039,Kanawha County,West Virginia,"Charleston, WV",16620,2024,228.08,211.39,16.690000000000026,7.895359288518855
16620,"Charleston, WV",54039,Kanawha County,West Virginia,"Charleston, WV",16620,2025,236.505,228.08,8.424999999999983,3.693879340582251
16700,"Charleston-North Charleston, SC",45015,Berkeley County,South Carolina,"Charleston-North Charleston, SC",16700,2022,531.65125,440.42875,91.22250000000003,20.71220373329399
16700,"Charleston-North Charleston, SC",45015,Berkeley County,South Carolina,"Charleston-North Charleston, SC",16700,2023,582.8075,531.65125,51.15625,9.622144215780558
16700,"Charleston-North Charleston, SC",45015,Berkeley County,South Carolina,"Charleston-North Charleston, SC",16700,2024,634.115,582.8075,51.307500000000005,8.80350716145555
16700,"Charleston-North Charleston, SC",45015,Berkeley County,South Carolina,"Charleston-North Charleston, SC",16700,2025,645.45,634.115,11.335000000000036,1.7875306529572699
16700,"Charleston-North Charleston, SC",45019,Charleston County,South Carolina,"Charleston-North Charleston, SC",16700,2022,531.65125,440.42875,91.22250000000003,20.71220373329399
16700,"Charleston-North Charleston, SC",45019,Charleston County,South Carolina,"Charleston-North Charleston, SC",16700,2023,582.8075,531.65125,51.15625,9.622144215780558
16700,"Charleston-North Charleston, SC",45019,Charleston County,South Carolina,"Charleston-North Charleston, SC",16700,2024,634.115,582.8075,51.307500000000005,8.80350716145555
16700,"Charleston-North Charleston, SC",45019,Charleston County,South Carolina,"Charleston-North Charleston, SC",16700,2025,645.45,634.115,11.335000000000036,1.7875306529572699
16700,"Charleston-North Charleston, SC",45035,Dorchester County,South Carolina,"Charleston-North Charleston, SC",16700,2022,531.65125,440.42875,91.22250000000003,20.71220373329399
16700,"Charleston-North Charleston, SC",45035,Dorchester County,South Carolina,"Charleston-North Charleston, SC",16700,2023,582.8075,531.65125,51.15625,9.622144215780558
16700,"Charleston-North Charleston, SC",45035,Dorchester County,South Carolina,"Charleston-North Charleston, SC",16700,2024,634.115,582.8075,51.307500000000005,8.80350716145555
16700,"Charleston-North Charleston, SC",45035,Dorchester County,South Carolina,"Charleston-North Charleston, SC",16700,2025,645.45,634.115,11.335000000000036,1.7875306529572699
16740,"Charlotte-Concord-Gastonia, NC-SC",37007,Anson County,North Carolina,"Charlotte-Concord-Gastonia, NC-SC",16740,2022,380.43,318.67833333333334,61.751666666666665,19.377428650624708
16740,"Charlotte-Concord-Gastonia, NC-SC",37007,Anson County,North Carolina,"Charlotte-Concord-Gastonia, NC-SC",16740,2023,404.7891666666667,380.43,24.35916666666668,6.403061448010594
16740,"Charlotte-Concord-Gastonia, NC-SC",37007,Anson County,North Carolina,"Charlotte-Concord-Gastonia, NC-SC",16740,2024,427.06916666666666,404.7891666666667,22.279999999999973,5.5040998709204425
16740,"Charlotte-Concord-Gastonia, NC-SC",37007,Anson County,North Carolina,"Charlotte-Concord-Gastonia, NC-SC",16740,2025,438.90000000000003,427.06916666666666,11.830833333333374,2.770238232292588
16740,"Charlotte-Concord-Gastonia, NC-SC",37025,Cabarrus County,North Carolina,"Charlotte-Concord-Gastonia, NC-SC",16740,2022,380.43,318.67833333333334,61.751666666666665,19.377428650624708
16740,"Charlotte-Concord-Gastonia, NC-SC",37025,Cabarrus County,North Carolina,"Charlotte-Concord-Gastonia, NC-SC",16740,2023,404.7891666666667,380.43,24.35916666666668,6.403061448010594
16740,"Charlotte-Concord-Gastonia, NC-SC",37025,Cabarrus County,North Carolina,"Charlotte-Concord-Gastonia, NC-SC",16740,2024,427.06916666666666,404.7891666666667,22.279999999999973,5.5040998709204425
16740,"Charlotte-Concord-Gastonia, NC-SC",37025,Cabarrus County,North Carolina,"Charlotte-Concord-Gastonia, NC-SC",16740,2025,438.90000000000003,427.06916666666666,11.830833333333374,2.770238232292588
16740,"Charlotte-Concord-Gastonia, NC-SC",37071,Gaston County,North Carolina,"Charlotte-Concord-Gastonia, NC-SC",16740,2022,380.43,318.67833333333334,61.751666666666665,19.377428650624708
16740,"Charlotte-Concord-Gastonia, NC-SC",37071,Gaston County,North Carolina,"Charlotte-Concord-Gastonia, NC-SC",16740,2023,404.7891666666667,380.43,24.35916666666668,6.403061448010594
16740,"Charlotte-Concord-Gastonia, NC-SC",37071,Gaston County,North Carolina,"Charlotte-Concord-Gastonia, NC-SC",16740,2024,427.06916666666666,404.7891666666667,22.279999999999973,5.5040998709204425
16740,"Charlotte-Concord-Gastonia, NC-SC",37071,Gaston County,North Carolina,"Charlotte-Concord-Gastonia, NC-SC",16740,2025,438.90000000000003,427.06916666666666,11.830833333333374,2.770238232292588
16740,"Charlotte-Concord-Gastonia, NC-SC",37097,Iredell County,North Carolina,"Charlotte-Concord-Gastonia, NC-SC",16740,2022,380.43,318.67833333333334,61.751666666666665,19.377428650624708
16740,"Charlotte-Concord-Gastonia, NC-SC",37097,Iredell County,North Carolina,"Charlotte-Concord-Gastonia, NC-SC",16740,2023,404.7891666666667,380.43,24.35916666666668,6.403061448010594
16740,"Charlotte-Concord-Gastonia, NC-SC",37097,Iredell County,North Carolina,"Charlotte-Concord-Gastonia, NC-SC",16740,2024,427.06916666666666,404.7891666666667,22.279999999999973,5.5040998709204425
16740,"Charlotte-Concord-Gastonia, NC-SC",37097,Iredell County,North Carolina,"Charlotte-Concord-Gastonia, NC-SC",16740,2025,438.90000000000003,427.06916666666666,11.830833333333374,2.770238232292588
16740,"Charlotte-Concord-Gastonia, NC-SC",37109,Lincoln County,North Carolina,"Charlotte-Concord-Gastonia, NC-SC",16740,2022,380.43,318.67833333333334,61.751666666666665,19.377428650624708
16740,"Charlotte-Concord-Gastonia, NC-SC",37109,Lincoln County,North Carolina,"Charlotte-Concord-Gastonia, NC-SC",16740,2023,404.7891666666667,380.43,24.35916666666668,6.403061448010594
16740,"Charlotte-Concord-Gastonia, NC-SC",37109,Lincoln County,North Carolina,"Charlotte-Concord-Gastonia, NC-SC",16740,2024,427.06916666666666,404.7891666666667,22.279999999999973,5.5040998709204425
16740,"Charlotte-Concord-Gastonia, NC-SC",37109,Lincoln County,North Carolina,"Charlotte-Concord-Gastonia, NC-SC",16740,2025,438.90000000000003,427.06916666666666,11.830833333333374,2.770238232292588
16740,"Charlotte-Concord-Gastonia, NC-SC",37119,Mecklenburg County,North Carolina,"Charlotte-Concord-Gastonia, NC-SC",16740,2022,380.43,318.67833333333334,61.751666666666665,19.377428650624708
16740,"Charlotte-Concord-Gastonia, NC-SC",37119,Mecklenburg County,North Carolina,"Charlotte-Concord-Gastonia, NC-SC",16740,2023,404.7891666666667,380.43,24.35916666666668,6.403061448010594
16740,"Charlotte-Concord-Gastonia, NC-SC",37119,Mecklenburg County,North Carolina,"Charlotte-Concord-Gastonia, NC-SC",16740,2024,427.06916666666666,404.7891666666667,22.279999999999973,5.5040998709204425
16740,"Charlotte-Concord-Gastonia, NC-SC",37119,Mecklenburg County,North Carolina,"Charlotte-Concord-Gastonia, NC-SC",16740,2025,438.90000000000003,427.06916666666666,11.830833333333374,2.770238232292588
16740,"Charlotte-Concord-Gastonia, NC-SC",37159,Rowan County,North Carolina,"Charlotte-Concord-Gastonia, NC-SC",16740,2022,380.43,318.67833333333334,61.751666666666665,19.377428650624708
16740,"Charlotte-Concord-Gastonia, NC-SC",37159,Rowan County,North Carolina,"Charlotte-Concord-Gastonia, NC-SC",16740,2023,404.7891666666667,380.43,24.35916666666668,6.403061448010594
16740,"Charlotte-Concord-Gastonia, NC-SC",37159,Rowan County,North Carolina,"Charlotte-Concord-Gastonia, NC-SC",16740,2024,427.06916666666666,404.7891666666667,22.279999999999973,5.5040998709204425
16740,"Charlotte-Concord-Gastonia, NC-SC",37159,Rowan County,North Carolina,"Charlotte-Concord-Gastonia, NC-SC",16740,2025,438.90000000000003,427.06916666666666,11.830833333333374,2.770238232292588
16740,"Charlotte-Concord-Gastonia, NC-SC",37179,Union County,North Carolina,"Charlotte-Concord-Gastonia, NC-SC",16740,2022,380.43,318.67833333333334,61.751666666666665,19.377428650624708
16740,"Charlotte-Concord-Gastonia, NC-SC",37179,Union County,North Carolina,"Charlotte-Concord-Gastonia, NC-SC",16740,2023,404.7891666666667,380.43,24.35916666666668,6.403061448010594
16740,"Charlotte-Concord-Gastonia, NC-SC",37179,Union County,North Carolina,"Charlotte-Concord-Gastonia, NC-SC",16740,2024,427.06916666666666,404.7891666666667,22.279999999999973,5.5040998709204425
16740,"Charlotte-Concord-Gastonia, NC-SC",37179,Union County,North Carolina,"Charlotte-Concord-Gastonia, NC-SC",16740,2025,438.90000000000003,427.06916666666666,11.830833333333374,2.770238232292588
16740,"Charlotte-Concord-Gastonia, NC-SC",45023,Chester County,South Carolina,"Charlotte-Concord-Gastonia, NC-SC",16740,2022,380.43,318.67833333333334,61.751666666666665,19.377428650624708
16740,"Charlotte-Concord-Gastonia, NC-SC",45023,Chester County,South Carolina,"Charlotte-Concord-Gastonia, NC-SC",16740,2023,404.7891666666667,380.43,24.35916666666668,6.403061448010594
16740,"Charlotte-Concord-Gastonia, NC-SC",45023,Chester County,South Carolina,"Charlotte-Concord-Gastonia, NC-SC",16740,2024,427.06916666666666,404.7891666666667,22.279999999999973,5.5040998709204425
16740,"Charlotte-Concord-Gastonia, NC-SC",45023,Chester County,South Carolina,"Charlotte-Concord-Gastonia, NC-SC",16740,2025,438.90000000000003,427.06916666666666,11.830833333333374,2.770238232292588
16740,"Charlotte-Concord-Gastonia, NC-SC",45057,Lancaster County,South Carolina,"Charlotte-Concord-Gastonia, NC-SC",16740,2022,380.43,318.67833333333334,61.751666666666665,19.377428650624708
16740,"Charlotte-Concord-Gastonia, NC-SC",45057,Lancaster County,South Carolina,"Charlotte-Concord-Gastonia, NC-SC",16740,2023,404.7891666666667,380.43,24.35916666666668,6.403061448010594
16740,"Charlotte-Concord-Gastonia, NC-SC",45057,Lancaster County,South Carolina,"Charlotte-Concord-Gastonia, NC-SC",16740,2024,427.06916666666666,404.7891666666667,22.279999999999973,5.5040998709204425
16740,"Charlotte-Concord-Gastonia, NC-SC",45057,Lancaster County,South Carolina,"Charlotte-Concord-Gastonia, NC-SC",16740,2025,438.90000000000003,427.06916666666666,11.830833333333374,2.770238232292588
16740,"Charlotte-Concord-Gastonia, NC-SC",45091,York County,South Carolina,"Charlotte-Concord-Gastonia, NC-SC",16740,2022,380.43,318.67833333333334,61.751666666666665,19.377428650624708
16740,"Charlotte-Concord-Gastonia, NC-SC",45091,York County,South Carolina,"Charlotte-Concord-Gastonia, NC-SC",16740,2023,404.7891666666667,380.43,24.35916666666668,6.403061448010594
16740,"Charlotte-Concord-Gastonia, NC-SC",45091,York County,South Carolina,"Charlotte-Concord-Gastonia, NC-SC",16740,2024,427.06916666666666,404.7891666666667,22.279999999999973,5.5040998709204425
16740,"Charlotte-Concord-Gastonia, NC-SC",45091,York County,South Carolina,"Charlotte-Concord-Gastonia, NC-SC",16740,2025,438.90000000000003,427.06916666666666,11.830833333333374,2.770238232292588
16820,"Charlottesville, VA",51003,Albemarle County,Virginia,"Charlottesville, VA",16820,2022,338.9575,291.04499999999996,47.91250000000002,16.462230926489042
16820,"Charlottesville, VA",51003,Albemarle County,Virginia,"Charlottesville, VA",16820,2023,366.9175,338.9575,27.960000000000036,8.248821754939794
16820,"Charlottesville, VA",51003,Albemarle County,Virginia,"Charlottesville, VA",16820,2024,389.825,366.9175,22.90749999999997,6.243229063754097
16820,"Charlottesville, VA",51003,Albemarle County,Virginia,"Charlottesville, VA",16820,2025,407.665,389.825,17.840000000000032,4.576412492785242
16820,"Charlottesville, VA",51065,Fluvanna County,Virginia,"Charlottesville, VA",16820,2022,338.9575,291.04499999999996,47.91250000000002,16.462230926489042
16820,"Charlottesville, VA",51065,Fluvanna County,Virginia,"Charlottesville, VA",16820,2023,366.9175,338.9575,27.960000000000036,8.248821754939794
16820,"Charlottesville, VA",51065,Fluvanna County,Virginia,"Charlottesville, VA",16820,2024,389.825,366.9175,22.90749999999997,6.243229063754097
16820,"Charlottesville, VA",51065,Fluvanna County,Virginia,"Charlottesville, VA",16820,2025,407.665,389.825,17.840000000000032,4.576412492785242
16820,"Charlottesville, VA",51079,Greene County,Virginia,"Charlottesville, VA",16820,2022,338.9575,291.04499999999996,47.91250000000002,16.462230926489042
16820,"Charlottesville, VA",51079,Greene County,Virginia,"Charlottesville, VA",16820,2023,366.9175,338.9575,27.960000000000036,8.248821754939794
16820,"Charlottesville, VA",51079,Greene County,Virginia,"Charlottesville, VA",16820,2024,389.825,366.9175,22.90749999999997,6.243229063754097
16820,"Charlottesville, VA",51079,Greene County,Virginia,"Charlottesville, VA",16820,2025,407.665,389.825,17.840000000000032,4.576412492785242
16820,"Charlottesville, VA",51125,Nelson County,Virginia,"Charlottesville, VA",16820,2022,338.9575,291.04499999999996,47.91250000000002,16.462230926489042
16820,"Charlottesville, VA",51125,Nelson County,Virginia,"Charlottesville, VA",16820,2023,366.9175,338.9575,27.960000000000036,8.248821754939794
16820,"Charlottesville, VA",51125,Nelson County,Virginia,"Charlottesville, VA",16820,2024,389.825,366.9175,22.90749999999997,6.243229063754097
16820,"Charlottesville, VA",51125,Nelson County,Virginia,"Charlottesville, VA",16820,2025,407.665,389.825,17.840000000000032,4.576412492785242
16820,"Charlottesville, VA",51540,Charlottesville city,Virginia,"Charlottesville, VA",16820,2022,338.9575,291.04499999999996,47.91250000000002,16.462230926489042
16820,"Charlottesville, VA",51540,Charlottesville city,Virginia,"Charlottesville, VA",16820,2023,366.9175,338.9575,27.960000000000036,8.248821754939794
16820,"Charlottesville, VA",51540,Charlottesville city,Virginia,"Charlottesville, VA",16820,2024,389.825,366.9175,22.90749999999997,6.243229063754097
16820,"Charlottesville, VA",51540,Charlottesville city,Virginia,"Charlottesville, VA",16820,2025,407.665,389.825,17.840000000000032,4.576412492785242
16860,"Chattanooga, TN-GA",13047,Catoosa County,Georgia,"Chattanooga, TN-GA",16860,2022,339.3925,281.6125,57.77999999999997,20.51755515113851
16860,"Chattanooga, TN-GA",13047,Catoosa County,Georgia,"Chattanooga, TN-GA",16860,2023,372.355,339.3925,32.962500000000034,9.712206368732378
16860,"Chattanooga, TN-GA",13047,Catoosa County,Georgia,"Chattanooga, TN-GA",16860,2024,397.6775,372.355,25.32249999999999,6.800633803762546
16860,"Chattanooga, TN-GA",13047,Catoosa County,Georgia,"Chattanooga, TN-GA",16860,2025,408.69500000000005,397.6775,11.017500000000041,2.7704609891180842
16860,"Chattanooga, TN-GA",13083,Dade County,Georgia,"Chattanooga, TN-GA",16860,2022,339.3925,281.6125,57.77999999999997,20.51755515113851
16860,"Chattanooga, TN-GA",13083,Dade County,Georgia,"Chattanooga, TN-GA",16860,2023,372.355,339.3925,32.962500000000034,9.712206368732378
16860,"Chattanooga, TN-GA",13083,Dade County,Georgia,"Chattanooga, TN-GA",16860,2024,397.6775,372.355,25.32249999999999,6.800633803762546
16860,"Chattanooga, TN-GA",13083,Dade County,Georgia,"Chattanooga, TN-GA",16860,2025,408.69500000000005,397.6775,11.017500000000041,2.7704609891180842
16860,"Chattanooga, TN-GA",13295,Walker County,Georgia,"Chattanooga, TN-GA",16860,2022,339.3925,281.6125,57.77999999999997,20.51755515113851
16860,"Chattanooga, TN-GA",13295,Walker County,Georgia,"Chattanooga, TN-GA",16860,2023,372.355,339.3925,32.962500000000034,9.712206368732378
16860,"Chattanooga, TN-GA",13295,Walker County,Georgia,"Chattanooga, TN-GA",16860,2024,397.6775,372.355,25.32249999999999,6.800633803762546
16860,"Chattanooga, TN-GA",13295,Walker County,Georgia,"Chattanooga, TN-GA",16860,2025,408.69500000000005,397.6775,11.017500000000041,2.7704609891180842
16860,"Chattanooga, TN-GA",47065,Hamilton County,Tennessee,"Chattanooga, TN-GA",16860,2022,339.3925,281.6125,57.77999999999997,20.51755515113851
16860,"Chattanooga, TN-GA",47065,Hamilton County,Tennessee,"Chattanooga, TN-GA",16860,2023,372.355,339.3925,32.962500000000034,9.712206368732378
16860,"Chattanooga, TN-GA",47065,Hamilton County,Tennessee,"Chattanooga, TN-GA",16860,2024,397.6775,372.355,25.32249999999999,6.800633803762546
16860,"Chattanooga, TN-GA",47065,Hamilton County,Tennessee,"Chattanooga, TN-GA",16860,2025,408.69500000000005,397.6775,11.017500000000041,2.7704609891180842
16860,"Chattanooga, TN-GA",47115,Marion County,Tennessee,"Chattanooga, TN-GA",16860,2022,339.3925,281.6125,57.77999999999997,20.51755515113851
16860,"Chattanooga, TN-GA",47115,Marion County,Tennessee,"Chattanooga, TN-GA",16860,2023,372.355,339.3925,32.962500000000034,9.712206368732378
16860,"Chattanooga, TN-GA",47115,Marion County,Tennessee,"Chattanooga, TN-GA",16860,2024,397.6775,372.355,25.32249999999999,6.800633803762546
16860,"Chattanooga, TN-GA",47115,Marion County,Tennessee,"Chattanooga, TN-GA",16860,2025,408.69500000000005,397.6775,11.017500000000041,2.7704609891180842
16860,"Chattanooga, TN-GA",47153,Sequatchie County,Tennessee,"Chattanooga, TN-GA",16860,2022,339.3925,281.6125,57.77999999999997,20.51755515113851
16860,"Chattanooga, TN-GA",47153,Sequatchie County,Tennessee,"Chattanooga, TN-GA",16860,2023,372.355,339.3925,32.962500000000034,9.712206368732378
16860,"Chattanooga, TN-GA",47153,Sequatchie County,Tennessee,"Chattanooga, TN-GA",16860,2024,397.6775,372.355,25.32249999999999,6.800633803762546
16860,"Chattanooga, TN-GA",47153,Sequatchie County,Tennessee,"Chattanooga, TN-GA",16860,2025,408.69500000000005,397.6775,11.017500000000041,2.7704609891180842
16940,"Cheyenne, WY",56021,Laramie County,Wyoming,"Cheyenne, WY",16940,2022,356.7625,311.595,45.16749999999996,14.495579197355536
16940,"Cheyenne, WY",56021,Laramie County,Wyoming,"Cheyenne, WY",16940,2023,360.1275,356.7625,3.365000000000009,0.9432045128061395
16940,"Cheyenne, WY",56021,Laramie County,Wyoming,"Cheyenne, WY",16940,2024,373.4875,360.1275,13.360000000000014,3.7097972245940802
16940,"Cheyenne, WY",56021,Laramie County,Wyoming,"Cheyenne, WY",16940,2025,391.17,373.4875,17.682500000000005,4.734428863081086
17020,"Chico, CA",06007,Butte County,California,"Chico, CA",17020,2022,356.1275,327.19,28.9375,8.844249518628322
17020,"Chico, CA",06007,Butte County,California,"Chico, CA",17020,2023,350.775,356.1275,-5.3525000000000205,-1.5029729521028323
17020,"Chico, CA",06007,Butte County,California,"Chico, CA",17020,2024,362.525,350.775,11.75,3.3497256075831983
17020,"Chico, CA",06007,Butte County,California,"Chico, CA",17020,2025,373.795,362.525,11.270000000000039,3.108751120612374
17140,"Cincinnati, OH-KY-IN",18029,Dearborn County,Indiana,"Cincinnati, OH-KY-IN",17140,2022,280.21166666666664,247.66333333333333,32.54833333333332,13.142168804425358
17140,"Cincinnati, OH-KY-IN",18029,Dearborn County,Indiana,"Cincinnati, OH-KY-IN",17140,2023,302.68833333333333,280.21166666666664,22.476666666666688,8.021317218531232
17140,"Cincinnati, OH-KY-IN",18029,Dearborn County,Indiana,"Cincinnati, OH-KY-IN",17140,2024,324.37083333333334,302.68833333333333,21.682500000000005,7.163308793973999
17140,"Cincinnati, OH-KY-IN",18029,Dearborn County,Indiana,"Cincinnati, OH-KY-IN",17140,2025,339.09166666666664,324.37083333333334,14.720833333333303,4.538272810183819
17140,"Cincinnati, OH-KY-IN",18047,Franklin County,Indiana,"Cincinnati, OH-KY-IN",17140,2022,280.21166666666664,247.66333333333333,32.54833333333332,13.142168804425358
17140,"Cincinnati, OH-KY-IN",18047,Franklin County,Indiana,"Cincinnati, OH-KY-IN",17140,2023,302.68833333333333,280.21166666666664,22.476666666666688,8.021317218531232
17140,"Cincinnati, OH-KY-IN",18047,Franklin County,Indiana,"Cincinnati, OH-KY-IN",17140,2024,324.37083333333334,302.68833333333333,21.682500000000005,7.163308793973999
17140,"Cincinnati, OH-KY-IN",18047,Franklin County,Indiana,"Cincinnati, OH-KY-IN",17140,2025,339.09166666666664,324.37083333333334,14.720833333333303,4.538272810183819
17140,"Cincinnati, OH-KY-IN",18115,Ohio County,Indiana,"Cincinnati, OH-KY-IN",17140,2022,280.21166666666664,247.66333333333333,32.54833333333332,13.142168804425358
17140,"Cincinnati, OH-KY-IN",18115,Ohio County,Indiana,"Cincinnati, OH-KY-IN",17140,2023,302.68833333333333,280.21166666666664,22.476666666666688,8.021317218531232
17140,"Cincinnati, OH-KY-IN",18115,Ohio County,Indiana,"Cincinnati, OH-KY-IN",17140,2024,324.37083333333334,302.68833333333333,21.682500000000005,7.163308793973999
17140,"Cincinnati, OH-KY-IN",18115,Ohio County,Indiana,"Cincinnati, OH-KY-IN",17140,2025,339.09166666666664,324.37083333333334,14.720833333333303,4.538272810183819
17140,"Cincinnati, OH-KY-IN",21015,Boone County,Kentucky,"Cincinnati, OH-KY-IN",17140,2022,280.21166666666664,247.66333333333333,32.54833333333332,13.142168804425358
17140,"Cincinnati, OH-KY-IN",21015,Boone County,Kentucky,"Cincinnati, OH-KY-IN",17140,2023,302.68833333333333,280.21166666666664,22.476666666666688,8.021317218531232
17140,"Cincinnati, OH-KY-IN",21015,Boone County,Kentucky,"Cincinnati, OH-KY-IN",17140,2024,324.37083333333334,302.68833333333333,21.682500000000005,7.163308793973999
17140,"Cincinnati, OH-KY-IN",21015,Boone County,Kentucky,"Cincinnati, OH-KY-IN",17140,2025,339.09166666666664,324.37083333333334,14.720833333333303,4.538272810183819
17140,"Cincinnati, OH-KY-IN",21023,Bracken County,Kentucky,"Cincinnati, OH-KY-IN",17140,2022,280.21166666666664,247.66333333333333,32.54833333333332,13.142168804425358
17140,"Cincinnati, OH-KY-IN",21023,Bracken County,Kentucky,"Cincinnati, OH-KY-IN",17140,2023,302.68833333333333,280.21166666666664,22.476666666666688,8.021317218531232
17140,"Cincinnati, OH-KY-IN",21023,Bracken County,Kentucky,"Cincinnati, OH-KY-IN",17140,2024,324.37083333333334,302.68833333333333,21.682500000000005,7.163308793973999
17140,"Cincinnati, OH-KY-IN",21023,Bracken County,Kentucky,"Cincinnati, OH-KY-IN",17140,2025,339.09166666666664,324.37083333333334,14.720833333333303,4.538272810183819
17140,"Cincinnati, OH-KY-IN",21037,Campbell County,Kentucky,"Cincinnati, OH-KY-IN",17140,2022,280.21166666666664,247.66333333333333,32.54833333333332,13.142168804425358
17140,"Cincinnati, OH-KY-IN",21037,Campbell County,Kentucky,"Cincinnati, OH-KY-IN",17140,2023,302.68833333333333,280.21166666666664,22.476666666666688,8.021317218531232
17140,"Cincinnati, OH-KY-IN",21037,Campbell County,Kentucky,"Cincinnati, OH-KY-IN",17140,2024,324.37083333333334,302.68833333333333,21.682500000000005,7.163308793973999
17140,"Cincinnati, OH-KY-IN",21037,Campbell County,Kentucky,"Cincinnati, OH-KY-IN",17140,2025,339.09166666666664,324.37083333333334,14.720833333333303,4.538272810183819
17140,"Cincinnati, OH-KY-IN",21077,Gallatin County,Kentucky,"Cincinnati, OH-KY-IN",17140,2022,280.21166666666664,247.66333333333333,32.54833333333332,13.142168804425358
17140,"Cincinnati, OH-KY-IN",21077,Gallatin County,Kentucky,"Cincinnati, OH-KY-IN",17140,2023,302.68833333333333,280.21166666666664,22.476666666666688,8.021317218531232
17140,"Cincinnati, OH-KY-IN",21077,Gallatin County,Kentucky,"Cincinnati, OH-KY-IN",17140,2024,324.37083333333334,302.68833333333333,21.682500000000005,7.163308793973999
17140,"Cincinnati, OH-KY-IN",21077,Gallatin County,Kentucky,"Cincinnati, OH-KY-IN",17140,2025,339.09166666666664,324.37083333333334,14.720833333333303,4.538272810183819
17140,"Cincinnati, OH-KY-IN",21081,Grant County,Kentucky,"Cincinnati, OH-KY-IN",17140,2022,280.21166666666664,247.66333333333333,32.54833333333332,13.142168804425358
17140,"Cincinnati, OH-KY-IN",21081,Grant County,Kentucky,"Cincinnati, OH-KY-IN",17140,2023,302.68833333333333,280.21166666666664,22.476666666666688,8.021317218531232
17140,"Cincinnati, OH-KY-IN",21081,Grant County,Kentucky,"Cincinnati, OH-KY-IN",17140,2024,324.37083333333334,302.68833333333333,21.682500000000005,7.163308793973999
17140,"Cincinnati, OH-KY-IN",21081,Grant County,Kentucky,"Cincinnati, OH-KY-IN",17140,2025,339.09166666666664,324.37083333333334,14.720833333333303,4.538272810183819
17140,"Cincinnati, OH-KY-IN",21117,Kenton County,Kentucky,"Cincinnati, OH-KY-IN",17140,2022,280.21166666666664,247.66333333333333,32.54833333333332,13.142168804425358
17140,"Cincinnati, OH-KY-IN",21117,Kenton County,Kentucky,"Cincinnati, OH-KY-IN",17140,2023,302.68833333333333,280.21166666666664,22.476666666666688,8.021317218531232
17140,"Cincinnati, OH-KY-IN",21117,Kenton County,Kentucky,"Cincinnati, OH-KY-IN",17140,2024,324.37083333333334,302.68833333333333,21.682500000000005,7.163308793973999
17140,"Cincinnati, OH-KY-IN",21117,Kenton County,Kentucky,"Cincinnati, OH-KY-IN",17140,2025,339.09166666666664,324.37083333333334,14.720833333333303,4.538272810183819
17140,"Cincinnati, OH-KY-IN",21191,Pendleton County,Kentucky,"Cincinnati, OH-KY-IN",17140,2022,280.21166666666664,247.66333333333333,32.54833333333332,13.142168804425358
17140,"Cincinnati, OH-KY-IN",21191,Pendleton County,Kentucky,"Cincinnati, OH-KY-IN",17140,2023,302.68833333333333,280.21166666666664,22.476666666666688,8.021317218531232
17140,"Cincinnati, OH-KY-IN",21191,Pendleton County,Kentucky,"Cincinnati, OH-KY-IN",17140,2024,324.37083333333334,302.68833333333333,21.682500000000005,7.163308793973999
17140,"Cincinnati, OH-KY-IN",21191,Pendleton County,Kentucky,"Cincinnati, OH-KY-IN",17140,2025,339.09166666666664,324.37083333333334,14.720833333333303,4.538272810183819
17140,"Cincinnati, OH-KY-IN",39015,Brown County,Ohio,"Cincinnati, OH-KY-IN",17140,2022,280.21166666666664,247.66333333333333,32.54833333333332,13.142168804425358
17140,"Cincinnati, OH-KY-IN",39015,Brown County,Ohio,"Cincinnati, OH-KY-IN",17140,2023,302.68833333333333,280.21166666666664,22.476666666666688,8.021317218531232
17140,"Cincinnati, OH-KY-IN",39015,Brown County,Ohio,"Cincinnati, OH-KY-IN",17140,2024,324.37083333333334,302.68833333333333,21.682500000000005,7.163308793973999
17140,"Cincinnati, OH-KY-IN",39015,Brown County,Ohio,"Cincinnati, OH-KY-IN",17140,2025,339.09166666666664,324.37083333333334,14.720833333333303,4.538272810183819
17140,"Cincinnati, OH-KY-IN",39017,Butler County,Ohio,"Cincinnati, OH-KY-IN",17140,2022,280.21166666666664,247.66333333333333,32.54833333333332,13.142168804425358
17140,"Cincinnati, OH-KY-IN",39017,Butler County,Ohio,"Cincinnati, OH-KY-IN",17140,2023,302.68833333333333,280.21166666666664,22.476666666666688,8.021317218531232
17140,"Cincinnati, OH-KY-IN",39017,Butler County,Ohio,"Cincinnati, OH-KY-IN",17140,2024,324.37083333333334,302.68833333333333,21.682500000000005,7.163308793973999
17140,"Cincinnati, OH-KY-IN",39017,Butler County,Ohio,"Cincinnati, OH-KY-IN",17140,2025,339.09166666666664,324.37083333333334,14.720833333333303,4.538272810183819
17140,"Cincinnati, OH-KY-IN",39025,Clermont County,Ohio,"Cincinnati, OH-KY-IN",17140,2022,280.21166666666664,247.66333333333333,32.54833333333332,13.142168804425358
17140,"Cincinnati, OH-KY-IN",39025,Clermont County,Ohio,"Cincinnati, OH-KY-IN",17140,2023,302.68833333333333,280.21166666666664,22.476666666666688,8.021317218531232
17140,"Cincinnati, OH-KY-IN",39025,Clermont County,Ohio,"Cincinnati, OH-KY-IN",17140,2024,324.37083333333334,302.68833333333333,21.682500000000005,7.163308793973999
17140,"Cincinnati, OH-KY-IN",39025,Clermont County,Ohio,"Cincinnati, OH-KY-IN",17140,2025,339.09166666666664,324.37083333333334,14.720833333333303,4.538272810183819
17140,"Cincinnati, OH-KY-IN",39061,Hamilton County,Ohio,"Cincinnati, OH-KY-IN",17140,2022,280.21166666666664,247.66333333333333,32.54833333333332,13.142168804425358
17140,"Cincinnati, OH-KY-IN",39061,Hamilton County,Ohio,"Cincinnati, OH-KY-IN",17140,2023,302.68833333333333,280.21166666666664,22.476666666666688,8.021317218531232
17140,"Cincinnati, OH-KY-IN",39061,Hamilton County,Ohio,"Cincinnati, OH-KY-IN",17140,2024,324.37083333333334,302.68833333333333,21.682500000000005,7.163308793973999
17140,"Cincinnati, OH-KY-IN",39061,Hamilton County,Ohio,"Cincinnati, OH-KY-IN",17140,2025,339.09166666666664,324.37083333333334,14.720833333333303,4.538272810183819
17140,"Cincinnati, OH-KY-IN",39165,Warren County,Ohio,"Cincinnati, OH-KY-IN",17140,2022,280.21166666666664,247.66333333333333,32.54833333333332,13.142168804425358
17140,"Cincinnati, OH-KY-IN",39165,Warren County,Ohio,"Cincinnati, OH-KY-IN",17140,2023,302.68833333333333,280.21166666666664,22.476666666666688,8.021317218531232
17140,"Cincinnati, OH-KY-IN",39165,Warren County,Ohio,"Cincinnati, OH-KY-IN",17140,2024,324.37083333333334,302.68833333333333,21.682500000000005,7.163308793973999
17140,"Cincinnati, OH-KY-IN",39165,Warren County,Ohio,"Cincinnati, OH-KY-IN",17140,2025,339.09166666666664,324.37083333333334,14.720833333333303,4.538272810183819
17300,"Clarksville, TN-KY",21047,Christian County,Kentucky,"Clarksville, TN-KY",17300,2022,321.565,261.3425,60.222500000000025,23.04351569300822
17300,"Clarksville, TN-KY",21047,Christian County,Kentucky,"Clarksville, TN-KY",17300,2023,338.285,321.565,16.720000000000027,5.199570848817503
17300,"Clarksville, TN-KY",21047,Christian County,Kentucky,"Clarksville, TN-KY",17300,2024,355.26,338.285,16.974999999999966,5.017958230486119
17300,"Clarksville, TN-KY",21047,Christian County,Kentucky,"Clarksville, TN-KY",17300,2025,362.95500000000004,355.26,7.69500000000005,2.166019253504481
17300,"Clarksville, TN-KY",21221,Trigg County,Kentucky,"Clarksville, TN-KY",17300,2022,321.565,261.3425,60.222500000000025,23.04351569300822
17300,"Clarksville, TN-KY",21221,Trigg County,Kentucky,"Clarksville, TN-KY",17300,2023,338.285,321.565,16.720000000000027,5.199570848817503
17300,"Clarksville, TN-KY",21221,Trigg County,Kentucky,"Clarksville, TN-KY",17300,2024,355.26,338.285,16.974999999999966,5.017958230486119
17300,"Clarksville, TN-KY",21221,Trigg County,Kentucky,"Clarksville, TN-KY",17300,2025,362.95500000000004,355.26,7.69500000000005,2.166019253504481
17300,"Clarksville, TN-KY",47125,Montgomery County,Tennessee,"Clarksville, TN-KY",17300,2022,321.565,261.3425,60.222500000000025,23.04351569300822
17300,"Clarksville, TN-KY",47125,Montgomery County,Tennessee,"Clarksville, TN-KY",17300,2023,338.285,321.565,16.720000000000027,5.199570848817503
17300,"Clarksville, TN-KY",47125,Montgomery County,Tennessee,"Clarksville, TN-KY",17300,2024,355.26,338.285,16.974999999999966,5.017958230486119
17300,"Clarksville, TN-KY",47125,Montgomery County,Tennessee,"Clarksville, TN-KY",17300,2025,362.95500000000004,355.26,7.69500000000005,2.166019253504481
17300,"Clarksville, TN-KY",47161,Stewart County,Tennessee,"Clarksville, TN-KY",17300,2022,321.565,261.3425,60.222500000000025,23.04351569300822
17300,"Clarksville, TN-KY",47161,Stewart County,Tennessee,"Clarksville, TN-KY",17300,2023,338.285,321.565,16.720000000000027,5.199570848817503
17300,"Clarksville, TN-KY",47161,Stewart County,Tennessee,"Clarksville, TN-KY",17300,2024,355.26,338.285,16.974999999999966,5.017958230486119
17300,"Clarksville, TN-KY",47161,Stewart County,Tennessee,"Clarksville, TN-KY",17300,2025,362.95500000000004,355.26,7.69500000000005,2.166019253504481
17410,"Cleveland, OH",39007,Ashtabula County,Ohio,"Cleveland, OH",17410,2022,235.2725,211.13916666666668,24.133333333333326,11.430059952558924
17410,"Cleveland, OH",39007,Ashtabula County,Ohio,"Cleveland, OH",17410,2023,251.22166666666666,235.2725,15.949166666666656,6.77901865567232
17410,"Cleveland, OH",39007,Ashtabula County,Ohio,"Cleveland, OH",17410,2024,270.8875,251.22166666666666,19.665833333333325,7.828080115170533
17410,"Cleveland, OH",39007,Ashtabula County,Ohio,"Cleveland, OH",17410,2025,284.27833333333336,270.8875,13.390833333333376,4.943319028502002
17410,"Cleveland, OH",39035,Cuyahoga County,Ohio,"Cleveland, OH",17410,2022,235.2725,211.13916666666668,24.133333333333326,11.430059952558924
17410,"Cleveland, OH",39035,Cuyahoga County,Ohio,"Cleveland, OH",17410,2023,251.22166666666666,235.2725,15.949166666666656,6.77901865567232
17410,"Cleveland, OH",39035,Cuyahoga County,Ohio,"Cleveland, OH",17410,2024,270.8875,251.22166666666666,19.665833333333325,7.828080115170533
17410,"Cleveland, OH",39035,Cuyahoga County,Ohio,"Cleveland, OH",17410,2025,284.27833333333336,270.8875,13.390833333333376,4.943319028502002
17410,"Cleveland, OH",39055,Geauga County,Ohio,"Cleveland, OH",17410,2022,235.2725,211.13916666666668,24.133333333333326,11.430059952558924
17410,"Cleveland, OH",39055,Geauga County,Ohio,"Cleveland, OH",17410,2023,251.22166666666666,235.2725,15.949166666666656,6.77901865567232
17410,"Cleveland, OH",39055,Geauga County,Ohio,"Cleveland, OH",17410,2024,270.8875,251.22166666666666,19.665833333333325,7.828080115170533
17410,"Cleveland, OH",39055,Geauga County,Ohio,"Cleveland, OH",17410,2025,284.27833333333336,270.8875,13.390833333333376,4.943319028502002
17410,"Cleveland, OH",39085,Lake County,Ohio,"Cleveland, OH",17410,2022,235.2725,211.13916666666668,24.133333333333326,11.430059952558924
17410,"Cleveland, OH",39085,Lake County,Ohio,"Cleveland, OH",17410,2023,251.22166666666666,235.2725,15.949166666666656,6.77901865567232
17410,"Cleveland, OH",39085,Lake County,Ohio,"Cleveland, OH",17410,2024,270.8875,251.22166666666666,19.665833333333325,7.828080115170533
17410,"Cleveland, OH",39085,Lake County,Ohio,"Cleveland, OH",17410,2025,284.27833333333336,270.8875,13.390833333333376,4.943319028502002
17410,"Cleveland, OH",39093,Lorain County,Ohio,"Cleveland, OH",17410,2022,235.2725,211.13916666666668,24.133333333333326,11.430059952558924
17410,"Cleveland, OH",39093,Lorain County,Ohio,"Cleveland, OH",17410,2023,251.22166666666666,235.2725,15.949166666666656,6.77901865567232
17410,"Cleveland, OH",39093,Lorain County,Ohio,"Cleveland, OH",17410,2024,270.8875,251.22166666666666,19.665833333333325,7.828080115170533
17410,"Cleveland, OH",39093,Lorain County,Ohio,"Cleveland, OH",17410,2025,284.27833333333336,270.8875,13.390833333333376,4.943319028502002
17410,"Cleveland, OH",39103,Medina County,Ohio,"Cleveland, OH",17410,2022,235.2725,211.13916666666668,24.133333333333326,11.430059952558924
17410,"Cleveland, OH",39103,Medina County,Ohio,"Cleveland, OH",17410,2023,251.22166666666666,235.2725,15.949166666666656,6.77901865567232
17410,"Cleveland, OH",39103,Medina County,Ohio,"Cleveland, OH",17410,2024,270.8875,251.22166666666666,19.665833333333325,7.828080115170533
17410,"Cleveland, OH",39103,Medina County,Ohio,"Cleveland, OH",17410,2025,284.27833333333336,270.8875,13.390833333333376,4.943319028502002
17420,"Cleveland, TN",47011,Bradley County,Tennessee,"Cleveland, TN",17420,2022,318.5325,265.005,53.52750000000003,20.198675496688743
17420,"Cleveland, TN",47011,Bradley County,Tennessee,"Cleveland, TN",17420,2023,345.1125,318.5325,26.579999999999984,8.344517435426525
17420,"Cleveland, TN",47011,Bradley County,Tennessee,"Cleveland, TN",17420,2024,378.3925,345.1125,33.27999999999997,9.643232279329194
17420,"Cleveland, TN",47011,Bradley County,Tennessee,"Cleveland, TN",17420,2025,383.65999999999997,378.3925,5.267499999999984,1.3920730458452546
17420,"Cleveland, TN",47139,Polk County,Tennessee,"Cleveland, TN",17420,2022,318.5325,265.005,53.52750000000003,20.198675496688743
17420,"Cleveland, TN",47139,Polk County,Tennessee,"Cleveland, TN",17420,2023,345.1125,318.5325,26.579999999999984,8.344517435426525
17420,"Cleveland, TN",47139,Polk County,Tennessee,"Cleveland, TN",17420,2024,378.3925,345.1125,33.27999999999997,9.643232279329194
17420,"Cleveland, TN",47139,Polk County,Tennessee,"Cleveland, TN",17420,2025,383.65999999999997,378.3925,5.267499999999984,1.3920730458452546
17660,"Coeur d'Alene, ID",16055,Kootenai County,Idaho,"Coeur d'Alene, ID",17660,2022,478.5175,405.89,72.6275,17.893394762127677
17660,"Coeur d'Alene, ID",16055,Kootenai County,Idaho,"Coeur d'Alene, ID",17660,2023,480.90999999999997,478.5175,2.392499999999984,0.49998171435736705
17660,"Coeur d'Alene, ID",16055,Kootenai County,Idaho,"Coeur d'Alene, ID",17660,2024,497.68500000000006,480.90999999999997,16.77500000000009,3.4881786612879884
17660,"Coeur d'Alene, ID",16055,Kootenai County,Idaho,"Coeur d'Alene, ID",17660,2025,506.775,497.68500000000006,9.089999999999918,1.8264564935651872
17780,"College Station-Bryan, TX",48041,Brazos County,Texas,"College Station-Bryan, TX",17780,2022,337.3775,288.7975,48.579999999999984,16.82147525515283
17780,"College Station-Bryan, TX",48041,Brazos County,Texas,"College Station-Bryan, TX",17780,2023,363.4925,337.3775,26.11500000000001,7.740587324288084
17780,"College Station-Bryan, TX",48041,Brazos County,Texas,"College Station-Bryan, TX",17780,2024,380.3625,363.4925,16.870000000000005,4.641086129700067
17780,"College Station-Bryan, TX",48041,Brazos County,Texas,"College Station-Bryan, TX",17780,2025,400.995,380.3625,20.632499999999993,5.424430641821942
17780,"College Station-Bryan, TX",48051,Burleson County,Texas,"College Station-Bryan, TX",17780,2022,337.3775,288.7975,48.579999999999984,16.82147525515283
17780,"College Station-Bryan, TX",48051,Burleson County,Texas,"College Station-Bryan, TX",17780,2023,363.4925,337.3775,26.11500000000001,7.740587324288084
17780,"College Station-Bryan, TX",48051,Burleson County,Texas,"College Station-Bryan, TX",17780,2024,380.3625,363.4925,16.870000000000005,4.641086129700067
17780,"College Station-Bryan, TX",48051,Burleson County,Texas,"College Station-Bryan, TX",17780,2025,400.995,380.3625,20.632499999999993,5.424430641821942
17780,"College Station-Bryan, TX",48395,Robertson County,Texas,"College Station-Bryan, TX",17780,2022,337.3775,288.7975,48.579999999999984,16.82147525515283
17780,"College Station-Bryan, TX",48395,Robertson County,Texas,"College Station-Bryan, TX",17780,2023,363.4925,337.3775,26.11500000000001,7.740587324288084
17780,"College Station-Bryan, TX",48395,Robertson County,Texas,"College Station-Bryan, TX",17780,2024,380.3625,363.4925,16.870000000000005,4.641086129700067
17780,"College Station-Bryan, TX",48395,Robertson County,Texas,"College Station-Bryan, TX",17780,2025,400.995,380.3625,20.632499999999993,5.424430641821942
17820,"Colorado Springs, CO",08041,El Paso County,Colorado,"Colorado Springs, CO",17820,2022,473.925,416.30125,57.62375000000003,13.841839293060021
17820,"Colorado Springs, CO",08041,El Paso County,Colorado,"Colorado Springs, CO",17820,2023,472.0625,473.925,-1.8625000000000114,-0.39299467215276884
17820,"Colorado Springs, CO",08041,El Paso County,Colorado,"Colorado Springs, CO",17820,2024,482.475,472.0625,10.412500000000023,2.205746061167746
17820,"Colorado Springs, CO",08041,El Paso County,Colorado,"Colorado Springs, CO",17820,2025,488.7475,482.475,6.2724999999999795,1.3000673610031654
17820,"Colorado Springs, CO",08119,Teller County,Colorado,"Colorado Springs, CO",17820,2022,473.925,416.30125,57.62375000000003,13.841839293060021
17820,"Colorado Springs, CO",08119,Teller County,Colorado,"Colorado Springs, CO",17820,2023,472.0625,473.925,-1.8625000000000114,-0.39299467215276884
17820,"Colorado Springs, CO",08119,Teller County,Colorado,"Colorado Springs, CO",17820,2024,482.475,472.0625,10.412500000000023,2.205746061167746
17820,"Colorado Springs, CO",08119,Teller County,Colorado,"Colorado Springs, CO",17820,2025,488.7475,482.475,6.2724999999999795,1.3000673610031654
17860,"Columbia, MO",29019,Boone County,Missouri,"Columbia, MO",17860,2022,257.0475,224.065,32.982500000000016,14.720058911476585
17860,"Columbia, MO",29019,Boone County,Missouri,"Columbia, MO",17860,2023,276.9725,257.0475,19.92500000000001,7.751485620362009
17860,"Columbia, MO",29019,Boone County,Missouri,"Columbia, MO",17860,2024,302.435,276.9725,25.462499999999977,9.193150944588346
17860,"Columbia, MO",29019,Boone County,Missouri,"Columbia, MO",17860,2025,315.055,302.435,12.620000000000005,4.172797460611366
17860,"Columbia, MO",29053,Cooper County,Missouri,"Columbia, MO",17860,2022,257.0475,224.065,32.982500000000016,14.720058911476585
17860,"Columbia, MO",29053,Cooper County,Missouri,"Columbia, MO",17860,2023,276.9725,257.0475,19.92500000000001,7.751485620362009
17860,"Columbia, MO",29053,Cooper County,Missouri,"Columbia, MO",17860,2024,302.435,276.9725,25.462499999999977,9.193150944588346
17860,"Columbia, MO",29053,Cooper County,Missouri,"Columbia, MO",17860,2025,315.055,302.435,12.620000000000005,4.172797460611366
17860,"Columbia, MO",29089,Howard County,Missouri,"Columbia, MO",17860,2022,257.0475,224.065,32.982500000000016,14.720058911476585
17860,"Columbia, MO",29089,Howard County,Missouri,"Columbia, MO",17860,2023,276.9725,257.0475,19.92500000000001,7.751485620362009
17860,"Columbia, MO",29089,Howard County,Missouri,"Columbia, MO",17860,2024,302.435,276.9725,25.462499999999977,9.193150944588346
17860,"Columbia, MO",29089,Howard County,Missouri,"Columbia, MO",17860,2025,315.055,302.435,12.620000000000005,4.172797460611366
17900,"Columbia, SC",45017,Calhoun County,South Carolina,"Columbia, SC",17900,2022,285.60625,242.30375,43.30249999999998,17.87116377687097
17900,"Columbia, SC",45017,Calhoun County,South Carolina,"Columbia, SC",17900,2023,309.32,285.60625,23.713750000000005,8.302952053745315
17900,"Columbia, SC",45017,Calhoun County,South Carolina,"Columbia, SC",17900,2024,328.6475,309.32,19.327499999999986,6.248383551015135
17900,"Columbia, SC",45017,Calhoun County,South Carolina,"Columbia, SC",17900,2025,340.6525,328.6475,12.004999999999995,3.6528499380034773
17900,"Columbia, SC",45039,Fairfield County,South Carolina,"Columbia, SC",17900,2022,285.60625,242.30375,43.30249999999998,17.87116377687097
17900,"Columbia, SC",45039,Fairfield County,South Carolina,"Columbia, SC",17900,2023,309.32,285.60625,23.713750000000005,8.302952053745315
17900,"Columbia, SC",45039,Fairfield County,South Carolina,"Columbia, SC",17900,2024,328.6475,309.32,19.327499999999986,6.248383551015135
17900,"Columbia, SC",45039,Fairfield County,South Carolina,"Columbia, SC",17900,2025,340.6525,328.6475,12.004999999999995,3.6528499380034773
17900,"Columbia, SC",45055,Kershaw County,South Carolina,"Columbia, SC",17900,2022,285.60625,242.30375,43.30249999999998,17.87116377687097
17900,"Columbia, SC",45055,Kershaw County,South Carolina,"Columbia, SC",17900,2023,309.32,285.60625,23.713750000000005,8.302952053745315
17900,"Columbia, SC",45055,Kershaw County,South Carolina,"Columbia, SC",17900,2024,328.6475,309.32,19.327499999999986,6.248383551015135
17900,"Columbia, SC",45055,Kershaw County,South Carolina,"Columbia, SC",17900,2025,340.6525,328.6475,12.004999999999995,3.6528499380034773
17900,"Columbia, SC",45063,Lexington County,South Carolina,"Columbia, SC",17900,2022,285.60625,242.30375,43.30249999999998,17.87116377687097
17900,"Columbia, SC",45063,Lexington County,South Carolina,"Columbia, SC",17900,2023,309.32,285.60625,23.713750000000005,8.302952053745315
17900,"Columbia, SC",45063,Lexington County,South Carolina,"Columbia, SC",17900,2024,328.6475,309.32,19.327499999999986,6.248383551015135
17900,"Columbia, SC",45063,Lexington County,South Carolina,"Columbia, SC",17900,2025,340.6525,328.6475,12.004999999999995,3.6528499380034773
17900,"Columbia, SC",45079,Richland County,South Carolina,"Columbia, SC",17900,2022,285.60625,242.30375,43.30249999999998,17.87116377687097
17900,"Columbia, SC",45079,Richland County,South Carolina,"Columbia, SC",17900,2023,309.32,285.60625,23.713750000000005,8.302952053745315
17900,"Columbia, SC",45079,Richland County,South Carolina,"Columbia, SC",17900,2024,328.6475,309.32,19.327499999999986,6.248383551015135
17900,"Columbia, SC",45079,Richland County,South Carolina,"Columbia, SC",17900,2025,340.6525,328.6475,12.004999999999995,3.6528499380034773
17900,"Columbia, SC",45081,Saluda County,South Carolina,"Columbia, SC",17900,2022,285.60625,242.30375,43.30249999999998,17.87116377687097
17900,"Columbia, SC",45081,Saluda County,South Carolina,"Columbia, SC",17900,2023,309.32,285.60625,23.713750000000005,8.302952053745315
17900,"Columbia, SC",45081,Saluda County,South Carolina,"Columbia, SC",17900,2024,328.6475,309.32,19.327499999999986,6.248383551015135
17900,"Columbia, SC",45081,Saluda County,South Carolina,"Columbia, SC",17900,2025,340.6525,328.6475,12.004999999999995,3.6528499380034773
17980,"Columbus, GA-AL",01113,Russell County,Alabama,"Columbus, GA-AL",17980,2022,225.55,201.34,24.210000000000008,12.024436276944472
17980,"Columbus, GA-AL",01113,Russell County,Alabama,"Columbus, GA-AL",17980,2023,241.88,225.55,16.329999999999984,7.2400798049212955
17980,"Columbus, GA-AL",01113,Russell County,Alabama,"Columbus, GA-AL",17980,2024,262.24,241.88,20.360000000000014,8.417397056391597
17980,"Columbus, GA-AL",01113,Russell County,Alabama,"Columbus, GA-AL",17980,2025,266.96500000000003,262.24,4.725000000000023,1.8017846247712077
17980,"Columbus, GA-AL",13053,Chattahoochee County,Georgia,"Columbus, GA-AL",17980,2022,225.55,201.34,24.210000000000008,12.024436276944472
17980,"Columbus, GA-AL",13053,Chattahoochee County,Georgia,"Columbus, GA-AL",17980,2023,241.88,225.55,16.329999999999984,7.2400798049212955
17980,"Columbus, GA-AL",13053,Chattahoochee County,Georgia,"Columbus, GA-AL",17980,2024,262.24,241.88,20.360000000000014,8.417397056391597
17980,"Columbus, GA-AL",13053,Chattahoochee County,Georgia,"Columbus, GA-AL",17980,2025,266.96500000000003,262.24,4.725000000000023,1.8017846247712077
17980,"Columbus, GA-AL",13145,Harris County,Georgia,"Columbus, GA-AL",17980,2022,225.55,201.34,24.210000000000008,12.024436276944472
17980,"Columbus, GA-AL",13145,Harris County,Georgia,"Columbus, GA-AL",17980,2023,241.88,225.55,16.329999999999984,7.2400798049212955
17980,"Columbus, GA-AL",13145,Harris County,Georgia,"Columbus, GA-AL",17980,2024,262.24,241.88,20.360000000000014,8.417397056391597
17980,"Columbus, GA-AL",13145,Harris County,Georgia,"Columbus, GA-AL",17980,2025,266.96500000000003,262.24,4.725000000000023,1.8017846247712077
17980,"Columbus, GA-AL",13197,Marion County,Georgia,"Columbus, GA-AL",17980,2022,225.55,201.34,24.210000000000008,12.024436276944472
17980,"Columbus, GA-AL",13197,Marion County,Georgia,"Columbus, GA-AL",17980,2023,241.88,225.55,16.329999999999984,7.2400798049212955
17980,"Columbus, GA-AL",13197,Marion County,Georgia,"Columbus, GA-AL",17980,2024,262.24,241.88,20.360000000000014,8.417397056391597
17980,"Columbus, GA-AL",13197,Marion County,Georgia,"Columbus, GA-AL",17980,2025,266.96500000000003,262.24,4.725000000000023,1.8017846247712077
17980,"Columbus, GA-AL",13215,Muscogee County,Georgia,"Columbus, GA-AL",17980,2022,225.55,201.34,24.210000000000008,12.024436276944472
17980,"Columbus, GA-AL",13215,Muscogee County,Georgia,"Columbus, GA-AL",17980,2023,241.88,225.55,16.329999999999984,7.2400798049212955
17980,"Columbus, GA-AL",13215,Muscogee County,Georgia,"Columbus, GA-AL",17980,2024,262.24,241.88,20.360000000000014,8.417397056391597
17980,"Columbus, GA-AL",13215,Muscogee County,Georgia,"Columbus, GA-AL",17980,2025,266.96500000000003,262.24,4.725000000000023,1.8017846247712077
17980,"Columbus, GA-AL",13259,Stewart County,Georgia,"Columbus, GA-AL",17980,2022,225.55,201.34,24.210000000000008,12.024436276944472
17980,"Columbus, GA-AL",13259,Stewart County,Georgia,"Columbus, GA-AL",17980,2023,241.88,225.55,16.329999999999984,7.2400798049212955
17980,"Columbus, GA-AL",13259,Stewart County,Georgia,"Columbus, GA-AL",17980,2024,262.24,241.88,20.360000000000014,8.417397056391597
17980,"Columbus, GA-AL",13259,Stewart County,Georgia,"Columbus, GA-AL",17980,2025,266.96500000000003,262.24,4.725000000000023,1.8017846247712077
17980,"Columbus, GA-AL",13263,Talbot County,Georgia,"Columbus, GA-AL",17980,2022,225.55,201.34,24.210000000000008,12.024436276944472
17980,"Columbus, GA-AL",13263,Talbot County,Georgia,"Columbus, GA-AL",17980,2023,241.88,225.55,16.329999999999984,7.2400798049212955
17980,"Columbus, GA-AL",13263,Talbot County,Georgia,"Columbus, GA-AL",17980,2024,262.24,241.88,20.360000000000014,8.417397056391597
17980,"Columbus, GA-AL",13263,Talbot County,Georgia,"Columbus, GA-AL",17980,2025,266.96500000000003,262.24,4.725000000000023,1.8017846247712077
18020,"Columbus, IN",18005,Bartholomew County,Indiana,"Columbus, IN",18020,2022,244.1325,211.04,33.0925,15.6806766489765
18020,"Columbus, IN",18005,Bartholomew County,Indiana,"Columbus, IN",18020,2023,259.185,244.1325,15.052500000000009,6.165709194802016
18020,"Columbus, IN",18005,Bartholomew County,Indiana,"Columbus, IN",18020,2024,274.66499999999996,259.185,15.479999999999961,5.97256785693614
18020,"Columbus, IN",18005,Bartholomew County,Indiana,"Columbus, IN",18020,2025,278.315,274.66499999999996,3.650000000000034,1.3288915588080208
18140,"Columbus, OH",39041,Delaware County,Ohio,"Columbus, OH",18140,2022,323.37916666666666,283.97499999999997,39.4041666666667,13.875928045309172
18140,"Columbus, OH",39041,Delaware County,Ohio,"Columbus, OH",18140,2023,344.59833333333336,323.37916666666666,21.219166666666695,6.561698728273058
18140,"Columbus, OH",39041,Delaware County,Ohio,"Columbus, OH",18140,2024,367.67833333333334,344.59833333333336,23.079999999999984,6.69765282285173
18140,"Columbus, OH",39041,Delaware County,Ohio,"Columbus, OH",18140,2025,381.44666666666666,367.67833333333334,13.768333333333317,3.7446681202319088
18140,"Columbus, OH",39045,Fairfield County,Ohio,"Columbus, OH",18140,2022,323.37916666666666,283.97499999999997,39.4041666666667,13.875928045309172
18140,"Columbus, OH",39045,Fairfield County,Ohio,"Columbus, OH",18140,2023,344.59833333333336,323.37916666666666,21.219166666666695,6.561698728273058
18140,"Columbus, OH",39045,Fairfield County,Ohio,"Columbus, OH",18140,2024,367.67833333333334,344.59833333333336,23.079999999999984,6.69765282285173
18140,"Columbus, OH",39045,Fairfield County,Ohio,"Columbus, OH",18140,2025,381.44666666666666,367.67833333333334,13.768333333333317,3.7446681202319088
18140,"Columbus, OH",39049,Franklin County,Ohio,"Columbus, OH",18140,2022,323.37916666666666,283.97499999999997,39.4041666666667,13.875928045309172
18140,"Columbus, OH",39049,Franklin County,Ohio,"Columbus, OH",18140,2023,344.59833333333336,323.37916666666666,21.219166666666695,6.561698728273058
18140,"Columbus, OH",39049,Franklin County,Ohio,"Columbus, OH",18140,2024,367.67833333333334,344.59833333333336,23.079999999999984,6.69765282285173
18140,"Columbus, OH",39049,Franklin County,Ohio,"Columbus, OH",18140,2025,381.44666666666666,367.67833333333334,13.768333333333317,3.7446681202319088
18140,"Columbus, OH",39073,Hocking County,Ohio,"Columbus, OH",18140,2022,323.37916666666666,283.97499999999997,39.4041666666667,13.875928045309172
18140,"Columbus, OH",39073,Hocking County,Ohio,"Columbus, OH",18140,2023,344.59833333333336,323.37916666666666,21.219166666666695,6.561698728273058
18140,"Columbus, OH",39073,Hocking County,Ohio,"Columbus, OH",18140,2024,367.67833333333334,344.59833333333336,23.079999999999984,6.69765282285173
18140,"Columbus, OH",39073,Hocking County,Ohio,"Columbus, OH",18140,2025,381.44666666666666,367.67833333333334,13.768333333333317,3.7446681202319088
18140,"Columbus, OH",39089,Licking County,Ohio,"Columbus, OH",18140,2022,323.37916666666666,283.97499999999997,39.4041666666667,13.875928045309172
18140,"Columbus, OH",39089,Licking County,Ohio,"Columbus, OH",18140,2023,344.59833333333336,323.37916666666666,21.219166666666695,6.561698728273058
18140,"Columbus, OH",39089,Licking County,Ohio,"Columbus, OH",18140,2024,367.67833333333334,344.59833333333336,23.079999999999984,6.69765282285173
18140,"Columbus, OH",39089,Licking County,Ohio,"Columbus, OH",18140,2025,381.44666666666666,367.67833333333334,13.768333333333317,3.7446681202319088
18140,"Columbus, OH",39097,Madison County,Ohio,"Columbus, OH",18140,2022,323.37916666666666,283.97499999999997,39.4041666666667,13.875928045309172
18140,"Columbus, OH",39097,Madison County,Ohio,"Columbus, OH",18140,2023,344.59833333333336,323.37916666666666,21.219166666666695,6.561698728273058
18140,"Columbus, OH",39097,Madison County,Ohio,"Columbus, OH",18140,2024,367.67833333333334,344.59833333333336,23.079999999999984,6.69765282285173
18140,"Columbus, OH",39097,Madison County,Ohio,"Columbus, OH",18140,2025,381.44666666666666,367.67833333333334,13.768333333333317,3.7446681202319088
18140,"Columbus, OH",39117,Morrow County,Ohio,"Columbus, OH",18140,2022,323.37916666666666,283.97499999999997,39.4041666666667,13.875928045309172
18140,"Columbus, OH",39117,Morrow County,Ohio,"Columbus, OH",18140,2023,344.59833333333336,323.37916666666666,21.219166666666695,6.561698728273058
18140,"Columbus, OH",39117,Morrow County,Ohio,"Columbus, OH",18140,2024,367.67833333333334,344.59833333333336,23.079999999999984,6.69765282285173
18140,"Columbus, OH",39117,Morrow County,Ohio,"Columbus, OH",18140,2025,381.44666666666666,367.67833333333334,13.768333333333317,3.7446681202319088
18140,"Columbus, OH",39127,Perry County,Ohio,"Columbus, OH",18140,2022,323.37916666666666,283.97499999999997,39.4041666666667,13.875928045309172
18140,"Columbus, OH",39127,Perry County,Ohio,"Columbus, OH",18140,2023,344.59833333333336,323.37916666666666,21.219166666666695,6.561698728273058
18140,"Columbus, OH",39127,Perry County,Ohio,"Columbus, OH",18140,2024,367.67833333333334,344.59833333333336,23.079999999999984,6.69765282285173
18140,"Columbus, OH",39127,Perry County,Ohio,"Columbus, OH",18140,2025,381.44666666666666,367.67833333333334,13.768333333333317,3.7446681202319088
18140,"Columbus, OH",39129,Pickaway County,Ohio,"Columbus, OH",18140,2022,323.37916666666666,283.97499999999997,39.4041666666667,13.875928045309172
18140,"Columbus, OH",39129,Pickaway County,Ohio,"Columbus, OH",18140,2023,344.59833333333336,323.37916666666666,21.219166666666695,6.561698728273058
18140,"Columbus, OH",39129,Pickaway County,Ohio,"Columbus, OH",18140,2024,367.67833333333334,344.59833333333336,23.079999999999984,6.69765282285173
18140,"Columbus, OH",39129,Pickaway County,Ohio,"Columbus, OH",18140,2025,381.44666666666666,367.67833333333334,13.768333333333317,3.7446681202319088
18140,"Columbus, OH",39159,Union County,Ohio,"Columbus, OH",18140,2022,323.37916666666666,283.97499999999997,39.4041666666667,13.875928045309172
18140,"Columbus, OH",39159,Union County,Ohio,"Columbus, OH",18140,2023,344.59833333333336,323.37916666666666,21.219166666666695,6.561698728273058
18140,"Columbus, OH",39159,Union County,Ohio,"Columbus, OH",18140,2024,367.67833333333334,344.59833333333336,23.079999999999984,6.69765282285173
18140,"Columbus, OH",39159,Union County,Ohio,"Columbus, OH",18140,2025,381.44666666666666,367.67833333333334,13.768333333333317,3.7446681202319088
18580,"Corpus Christi, TX",48007,Aransas County,Texas,"Corpus Christi, TX",18580,2022,305.8525,265.295,40.557500000000005,15.287698599672073
18580,"Corpus Christi, TX",48007,Aransas County,Texas,"Corpus Christi, TX",18580,2023,318.2275,305.8525,12.375,4.046067957593946
18580,"Corpus Christi, TX",48007,Aransas County,Texas,"Corpus Christi, TX",18580,2024,331.7825,318.2275,13.555000000000007,4.259531310147624
18580,"Corpus Christi, TX",48007,Aransas County,Texas,"Corpus Christi, TX",18580,2025,339.655,331.7825,7.872499999999945,2.3727894026960294
18580,"Corpus Christi, TX",48355,Nueces County,Texas,"Corpus Christi, TX",18580,2022,305.8525,265.295,40.557500000000005,15.287698599672073
18580,"Corpus Christi, TX",48355,Nueces County,Texas,"Corpus Christi, TX",18580,2023,318.2275,305.8525,12.375,4.046067957593946
18580,"Corpus Christi, TX",48355,Nueces County,Texas,"Corpus Christi, TX",18580,2024,331.7825,318.2275,13.555000000000007,4.259531310147624
18580,"Corpus Christi, TX",48355,Nueces County,Texas,"Corpus Christi, TX",18580,2025,339.655,331.7825,7.872499999999945,2.3727894026960294
18580,"Corpus Christi, TX",48409,San Patricio County,Texas,"Corpus Christi, TX",18580,2022,305.8525,265.295,40.557500000000005,15.287698599672073
18580,"Corpus Christi, TX",48409,San Patricio County,Texas,"Corpus Christi, TX",18580,2023,318.2275,305.8525,12.375,4.046067957593946
18580,"Corpus Christi, TX",48409,San Patricio County,Texas,"Corpus Christi, TX",18580,2024,331.7825,318.2275,13.555000000000007,4.259531310147624
18580,"Corpus Christi, TX",48409,San Patricio County,Texas,"Corpus Christi, TX",18580,2025,339.655,331.7825,7.872499999999945,2.3727894026960294
18700,"Corvallis, OR",41003,Benton County,Oregon,"Corvallis, OR",18700,2022,356.4175,305.54499999999996,50.87250000000006,16.64975699160518
18700,"Corvallis, OR",41003,Benton County,Oregon,"Corvallis, OR",18700,2023,366.0075,356.4175,9.589999999999975,2.690664740087101
18700,"Corvallis, OR",41003,Benton County,Oregon,"Corvallis, OR",18700,2024,382.96500000000003,366.0075,16.95750000000004,4.633101780701221
18700,"Corvallis, OR",41003,Benton County,Oregon,"Corvallis, OR",18700,2025,385.64,382.96500000000003,2.6749999999999545,0.6984972517070531
18880,"Crestview-Fort Walton Beach-Destin, FL",12091,Okaloosa County,Florida,"Crestview-Fort Walton Beach-Destin, FL",18880,2022,394.345,329.1275,65.21750000000003,19.81526915860876
18880,"Crestview-Fort Walton Beach-Destin, FL",12091,Okaloosa County,Florida,"Crestview-Fort Walton Beach-Destin, FL",18880,2023,413.025,394.345,18.67999999999995,4.736968897792537
18880,"Crestview-Fort Walton Beach-Destin, FL",12091,Okaloosa County,Florida,"Crestview-Fort Walton Beach-Destin, FL",18880,2024,424.0625,413.025,11.037500000000023,2.672356394891362
18880,"Crestview-Fort Walton Beach-Destin, FL",12091,Okaloosa County,Florida,"Crestview-Fort Walton Beach-Destin, FL",18880,2025,426.73,424.0625,2.667500000000018,0.6290346352247678
18880,"Crestview-Fort Walton Beach-Destin, FL",12131,Walton County,Florida,"Crestview-Fort Walton Beach-Destin, FL",18880,2022,394.345,329.1275,65.21750000000003,19.81526915860876
18880,"Crestview-Fort Walton Beach-Destin, FL",12131,Walton County,Florida,"Crestview-Fort Walton Beach-Destin, FL",18880,2023,413.025,394.345,18.67999999999995,4.736968897792537
18880,"Crestview-Fort Walton Beach-Destin, FL",12131,Walton County,Florida,"Crestview-Fort Walton Beach-Destin, FL",18880,2024,424.0625,413.025,11.037500000000023,2.672356394891362
18880,"Crestview-Fort Walton Beach-Destin, FL",12131,Walton County,Florida,"Crestview-Fort Walton Beach-Destin, FL",18880,2025,426.73,424.0625,2.667500000000018,0.6290346352247678
19140,"Dalton, GA",13213,Murray County,Georgia,"Dalton, GA",19140,2022,280.54,235.3325,45.20750000000001,19.210053859964106
19140,"Dalton, GA",13213,Murray County,Georgia,"Dalton, GA",19140,2023,306.85,280.54,26.310000000000002,9.378341769444653
19140,"Dalton, GA",13213,Murray County,Georgia,"Dalton, GA",19140,2024,326.18,306.85,19.329999999999984,6.299494867198963
19140,"Dalton, GA",13213,Murray County,Georgia,"Dalton, GA",19140,2025,338.505,326.18,12.324999999999989,3.778588509411973
19140,"Dalton, GA",13313,Whitfield County,Georgia,"Dalton, GA",19140,2022,280.54,235.3325,45.20750000000001,19.210053859964106
19140,"Dalton, GA",13313,Whitfield County,Georgia,"Dalton, GA",19140,2023,306.85,280.54,26.310000000000002,9.378341769444653
19140,"Dalton, GA",13313,Whitfield County,Georgia,"Dalton, GA",19140,2024,326.18,306.85,19.329999999999984,6.299494867198963
19140,"Dalton, GA",13313,Whitfield County,Georgia,"Dalton, GA",19140,2025,338.505,326.18,12.324999999999989,3.778588509411973
19300,"Daphne-Fairhope-Foley, AL",01003,Baldwin County,Alabama,"Daphne-Fairhope-Foley, AL",19300,2022,333.1125,282.5,50.61250000000001,17.91592920353984
19300,"Daphne-Fairhope-Foley, AL",01003,Baldwin County,Alabama,"Daphne-Fairhope-Foley, AL",19300,2023,363.1425,333.1125,30.029999999999973,9.014972419227728
19300,"Daphne-Fairhope-Foley, AL",01003,Baldwin County,Alabama,"Daphne-Fairhope-Foley, AL",19300,2024,378.2725,363.1425,15.129999999999995,4.16640850354888
19300,"Daphne-Fairhope-Foley, AL",01003,Baldwin County,Alabama,"Daphne-Fairhope-Foley, AL",19300,2025,394.07500000000005,378.2725,15.802500000000066,4.177543966320596
19340,"Davenport-Moline-Rock Island, IA-IL",17073,Henry County,Illinois,"Davenport-Moline-Rock Island, IA-IL",19340,2022,241.0225,220.2225,20.80000000000001,9.444993131946111
19340,"Davenport-Moline-Rock Island, IA-IL",17073,Henry County,Illinois,"Davenport-Moline-Rock Island, IA-IL",19340,2023,257.305,241.0225,16.2825,6.755593357466627
19340,"Davenport-Moline-Rock Island, IA-IL",17073,Henry County,Illinois,"Davenport-Moline-Rock Island, IA-IL",19340,2024,272.5425,257.305,15.237500000000011,5.921960319465236
19340,"Davenport-Moline-Rock Island, IA-IL",17073,Henry County,Illinois,"Davenport-Moline-Rock Island, IA-IL",19340,2025,278.79,272.5425,6.247500000000002,2.292303035306431
19340,"Davenport-Moline-Rock Island, IA-IL",17131,Mercer County,Illinois,"Davenport-Moline-Rock Island, IA-IL",19340,2022,241.0225,220.2225,20.80000000000001,9.444993131946111
19340,"Davenport-Moline-Rock Island, IA-IL",17131,Mercer County,Illinois,"Davenport-Moline-Rock Island, IA-IL",19340,2023,257.305,241.0225,16.2825,6.755593357466627
19340,"Davenport-Moline-Rock Island, IA-IL",17131,Mercer County,Illinois,"Davenport-Moline-Rock Island, IA-IL",19340,2024,272.5425,257.305,15.237500000000011,5.921960319465236
19340,"Davenport-Moline-Rock Island, IA-IL",17131,Mercer County,Illinois,"Davenport-Moline-Rock Island, IA-IL",19340,2025,278.79,272.5425,6.247500000000002,2.292303035306431
19340,"Davenport-Moline-Rock Island, IA-IL",17161,Rock Island County,Illinois,"Davenport-Moline-Rock Island, IA-IL",19340,2022,241.0225,220.2225,20.80000000000001,9.444993131946111
19340,"Davenport-Moline-Rock Island, IA-IL",17161,Rock Island County,Illinois,"Davenport-Moline-Rock Island, IA-IL",19340,2023,257.305,241.0225,16.2825,6.755593357466627
19340,"Davenport-Moline-Rock Island, IA-IL",17161,Rock Island County,Illinois,"Davenport-Moline-Rock Island, IA-IL",19340,2024,272.5425,257.305,15.237500000000011,5.921960319465236
19340,"Davenport-Moline-Rock Island, IA-IL",17161,Rock Island County,Illinois,"Davenport-Moline-Rock Island, IA-IL",19340,2025,278.79,272.5425,6.247500000000002,2.292303035306431
19340,"Davenport-Moline-Rock Island, IA-IL",19163,Scott County,Iowa,"Davenport-Moline-Rock Island, IA-IL",19340,2022,241.0225,220.2225,20.80000000000001,9.444993131946111
19340,"Davenport-Moline-Rock Island, IA-IL",19163,Scott County,Iowa,"Davenport-Moline-Rock Island, IA-IL",19340,2023,257.305,241.0225,16.2825,6.755593357466627
19340,"Davenport-Moline-Rock Island, IA-IL",19163,Scott County,Iowa,"Davenport-Moline-Rock Island, IA-IL",19340,2024,272.5425,257.305,15.237500000000011,5.921960319465236
19340,"Davenport-Moline-Rock Island, IA-IL",19163,Scott County,Iowa,"Davenport-Moline-Rock Island, IA-IL",19340,2025,278.79,272.5425,6.247500000000002,2.292303035306431
19430,"Dayton-Kettering-Beavercreek, OH",39057,Greene County,Ohio,"Dayton-Kettering-Beavercreek, OH",19430,2022,231.415,205.22375,26.191249999999997,12.76228993963906
19430,"Dayton-Kettering-Beavercreek, OH",39057,Greene County,Ohio,"Dayton-Kettering-Beavercreek, OH",19430,2023,250.905,231.415,19.49000000000001,8.422098826783063
19430,"Dayton-Kettering-Beavercreek, OH",39057,Greene County,Ohio,"Dayton-Kettering-Beavercreek, OH",19430,2024,270.09749999999997,250.905,19.192499999999967,7.649309499611401
19430,"Dayton-Kettering-Beavercreek, OH",39057,Greene County,Ohio,"Dayton-Kettering-Beavercreek, OH",19430,2025,280.695,270.09749999999997,10.597500000000025,3.9235831505289864
19430,"Dayton-Kettering-Beavercreek, OH",39109,Miami County,Ohio,"Dayton-Kettering-Beavercreek, OH",19430,2022,231.415,205.22375,26.191249999999997,12.76228993963906
19430,"Dayton-Kettering-Beavercreek, OH",39109,Miami County,Ohio,"Dayton-Kettering-Beavercreek, OH",19430,2023,250.905,231.415,19.49000000000001,8.422098826783063
19430,"Dayton-Kettering-Beavercreek, OH",39109,Miami County,Ohio,"Dayton-Kettering-Beavercreek, OH",19430,2024,270.09749999999997,250.905,19.192499999999967,7.649309499611401
19430,"Dayton-Kettering-Beavercreek, OH",39109,Miami County,Ohio,"Dayton-Kettering-Beavercreek, OH",19430,2025,280.695,270.09749999999997,10.597500000000025,3.9235831505289864
19430,"Dayton-Kettering-Beavercreek, OH",39113,Montgomery County,Ohio,"Dayton-Kettering-Beavercreek, OH",19430,2022,231.415,205.22375,26.191249999999997,12.76228993963906
19430,"Dayton-Kettering-Beavercreek, OH",39113,Montgomery County,Ohio,"Dayton-Kettering-Beavercreek, OH",19430,2023,250.905,231.415,19.49000000000001,8.422098826783063
19430,"Dayton-Kettering-Beavercreek, OH",39113,Montgomery County,Ohio,"Dayton-Kettering-Beavercreek, OH",19430,2024,270.09749999999997,250.905,19.192499999999967,7.649309499611401
19430,"Dayton-Kettering-Beavercreek, OH",39113,Montgomery County,Ohio,"Dayton-Kettering-Beavercreek, OH",19430,2025,280.695,270.09749999999997,10.597500000000025,3.9235831505289864
19460,"Decatur, AL",01079,Lawrence County,Alabama,"Decatur, AL",19460,2022,269.15999999999997,224.44,44.71999999999997,19.925147032614497
19460,"Decatur, AL",01079,Lawrence County,Alabama,"Decatur, AL",19460,2023,285.8875,269.15999999999997,16.72750000000002,6.214705008173582
19460,"Decatur, AL",01079,Lawrence County,Alabama,"Decatur, AL",19460,2024,301.39,285.8875,15.502499999999998,5.42258755629399
19460,"Decatur, AL",01079,Lawrence County,Alabama,"Decatur, AL",19460,2025,307.83000000000004,301.39,6.440000000000055,2.1367663160688943
19460,"Decatur, AL",01103,Morgan County,Alabama,"Decatur, AL",19460,2022,269.15999999999997,224.44,44.71999999999997,19.925147032614497
19460,"Decatur, AL",01103,Morgan County,Alabama,"Decatur, AL",19460,2023,285.8875,269.15999999999997,16.72750000000002,6.214705008173582
19460,"Decatur, AL",01103,Morgan County,Alabama,"Decatur, AL",19460,2024,301.39,285.8875,15.502499999999998,5.42258755629399
19460,"Decatur, AL",01103,Morgan County,Alabama,"Decatur, AL",19460,2025,307.83000000000004,301.39,6.440000000000055,2.1367663160688943
19500,"Decatur, IL",17115,Macon County,Illinois,"Decatur, IL",19500,2022,189.5575,170.6925,18.86500000000001,11.05203802158854
19500,"Decatur, IL",17115,Macon County,Illinois,"Decatur, IL",19500,2023,204.115,189.5575,14.557500000000005,7.679727787083079
19500,"Decatur, IL",17115,Macon County,Illinois,"Decatur, IL",19500,2024,221.7375,204.115,17.622500000000002,8.633613404208408
19500,"Decatur, IL",17115,Macon County,Illinois,"Decatur, IL",19500,2025,229.66500000000002,221.7375,7.927500000000009,3.575173346862859
19660,"Deltona-Daytona Beach-Ormond Beach, FL",12035,Flagler County,Florida,"Deltona-Daytona Beach-Ormond Beach, FL",19660,2022,417.2325,333.3425,83.89000000000004,25.166307926532028
19660,"Deltona-Daytona Beach-Ormond Beach, FL",12035,Flagler County,Florida,"Deltona-Daytona Beach-Ormond Beach, FL",19660,2023,436.1375,417.2325,18.904999999999973,4.531046838393449
19660,"Deltona-Daytona Beach-Ormond Beach, FL",12035,Flagler County,Florida,"Deltona-Daytona Beach-Ormond Beach, FL",19660,2024,448.3025,436.1375,12.16500000000002,2.7892579748359125
19660,"Deltona-Daytona Beach-Ormond Beach, FL",12035,Flagler County,Florida,"Deltona-Daytona Beach-Ormond Beach, FL",19660,2025,446.35,448.3025,-1.9524999999999864,-0.43553181166734456
19660,"Deltona-Daytona Beach-Ormond Beach, FL",12127,Volusia County,Florida,"Deltona-Daytona Beach-Ormond Beach, FL",19660,2022,417.2325,333.3425,83.89000000000004,25.166307926532028
19660,"Deltona-Daytona Beach-Ormond Beach, FL",12127,Volusia County,Florida,"Deltona-Daytona Beach-Ormond Beach, FL",19660,2023,436.1375,417.2325,18.904999999999973,4.531046838393449
19660,"Deltona-Daytona Beach-Ormond Beach, FL",12127,Volusia County,Florida,"Deltona-Daytona Beach-Ormond Beach, FL",19660,2024,448.3025,436.1375,12.16500000000002,2.7892579748359125
19660,"Deltona-Daytona Beach-Ormond Beach, FL",12127,Volusia County,Florida,"Deltona-Daytona Beach-Ormond Beach, FL",19660,2025,446.35,448.3025,-1.9524999999999864,-0.43553181166734456
19740,"Denver-Aurora-Centennial, CO",08001,Adams County,Colorado,"Denver-Aurora-Centennial, CO",19740,2022,624.6516666666666,554.6058333333334,70.04583333333323,12.629840712698348
19740,"Denver-Aurora-Centennial, CO",08001,Adams County,Colorado,"Denver-Aurora-Centennial, CO",19740,2023,626.2991666666667,624.6516666666666,1.6475000000000364,0.2637469949918758
19740,"Denver-Aurora-Centennial, CO",08001,Adams County,Colorado,"Denver-Aurora-Centennial, CO",19740,2024,639.8108333333333,626.2991666666667,13.511666666666656,2.1573821882247435
19740,"Denver-Aurora-Centennial, CO",08001,Adams County,Colorado,"Denver-Aurora-Centennial, CO",19740,2025,646.8016666666666,639.8108333333333,6.990833333333285,1.0926406633210428
19740,"Denver-Aurora-Centennial, CO",08005,Arapahoe County,Colorado,"Denver-Aurora-Centennial, CO",19740,2022,624.6516666666666,554.6058333333334,70.04583333333323,12.629840712698348
19740,"Denver-Aurora-Centennial, CO",08005,Arapahoe County,Colorado,"Denver-Aurora-Centennial, CO",19740,2023,626.2991666666667,624.6516666666666,1.6475000000000364,0.2637469949918758
19740,"Denver-Aurora-Centennial, CO",08005,Arapahoe County,Colorado,"Denver-Aurora-Centennial, CO",19740,2024,639.8108333333333,626.2991666666667,13.511666666666656,2.1573821882247435
19740,"Denver-Aurora-Centennial, CO",08005,Arapahoe County,Colorado,"Denver-Aurora-Centennial, CO",19740,2025,646.8016666666666,639.8108333333333,6.990833333333285,1.0926406633210428
19740,"Denver-Aurora-Centennial, CO",08014,Broomfield County,Colorado,"Denver-Aurora-Centennial, CO",19740,2022,624.6516666666666,554.6058333333334,70.04583333333323,12.629840712698348
19740,"Denver-Aurora-Centennial, CO",08014,Broomfield County,Colorado,"Denver-Aurora-Centennial, CO",19740,2023,626.2991666666667,624.6516666666666,1.6475000000000364,0.2637469949918758
19740,"Denver-Aurora-Centennial, CO",08014,Broomfield County,Colorado,"Denver-Aurora-Centennial, CO",19740,2024,639.8108333333333,626.2991666666667,13.511666666666656,2.1573821882247435
19740,"Denver-Aurora-Centennial, CO",08014,Broomfield County,Colorado,"Denver-Aurora-Centennial, CO",19740,2025,646.8016666666666,639.8108333333333,6.990833333333285,1.0926406633210428
19740,"Denver-Aurora-Centennial, CO",08019,Clear Creek County,Colorado,"Denver-Aurora-Centennial, CO",19740,2022,624.6516666666666,554.6058333333334,70.04583333333323,12.629840712698348
19740,"Denver-Aurora-Centennial, CO",08019,Clear Creek County,Colorado,"Denver-Aurora-Centennial, CO",19740,2023,626.2991666666667,624.6516666666666,1.6475000000000364,0.2637469949918758
19740,"Denver-Aurora-Centennial, CO",08019,Clear Creek County,Colorado,"Denver-Aurora-Centennial, CO",19740,2024,639.8108333333333,626.2991666666667,13.511666666666656,2.1573821882247435
19740,"Denver-Aurora-Centennial, CO",08019,Clear Creek County,Colorado,"Denver-Aurora-Centennial, CO",19740,2025,646.8016666666666,639.8108333333333,6.990833333333285,1.0926406633210428
19740,"Denver-Aurora-Centennial, CO",08031,Denver County,Colorado,"Denver-Aurora-Centennial, CO",19740,2022,624.6516666666666,554.6058333333334,70.04583333333323,12.629840712698348
19740,"Denver-Aurora-Centennial, CO",08031,Denver County,Colorado,"Denver-Aurora-Centennial, CO",19740,2023,626.2991666666667,624.6516666666666,1.6475000000000364,0.2637469949918758
19740,"Denver-Aurora-Centennial, CO",08031,Denver County,Colorado,"Denver-Aurora-Centennial, CO",19740,2024,639.8108333333333,626.2991666666667,13.511666666666656,2.1573821882247435
19740,"Denver-Aurora-Centennial, CO",08031,Denver County,Colorado,"Denver-Aurora-Centennial, CO",19740,2025,646.8016666666666,639.8108333333333,6.990833333333285,1.0926406633210428
19740,"Denver-Aurora-Centennial, CO",08035,Douglas County,Colorado,"Denver-Aurora-Centennial, CO",19740,2022,624.6516666666666,554.6058333333334,70.04583333333323,12.629840712698348
19740,"Denver-Aurora-Centennial, CO",08035,Douglas County,Colorado,"Denver-Aurora-Centennial, CO",19740,2023,626.2991666666667,624.6516666666666,1.6475000000000364,0.2637469949918758
19740,"Denver-Aurora-Centennial, CO",08035,Douglas County,Colorado,"Denver-Aurora-Centennial, CO",19740,2024,639.8108333333333,626.2991666666667,13.511666666666656,2.1573821882247435
19740,"Denver-Aurora-Centennial, CO",08035,Douglas County,Colorado,"Denver-Aurora-Centennial, CO",19740,2025,646.8016666666666,639.8108333333333,6.990833333333285,1.0926406633210428
19740,"Denver-Aurora-Centennial, CO",08039,Elbert County,Colorado,"Denver-Aurora-Centennial, CO",19740,2022,624.6516666666666,554.6058333333334,70.04583333333323,12.629840712698348
19740,"Denver-Aurora-Centennial, CO",08039,Elbert County,Colorado,"Denver-Aurora-Centennial, CO",19740,2023,626.2991666666667,624.6516666666666,1.6475000000000364,0.2637469949918758
19740,"Denver-Aurora-Centennial, CO",08039,Elbert County,Colorado,"Denver-Aurora-Centennial, CO",19740,2024,639.8108333333333,626.2991666666667,13.511666666666656,2.1573821882247435
19740,"Denver-Aurora-Centennial, CO",08039,Elbert County,Colorado,"Denver-Aurora-Centennial, CO",19740,2025,646.8016666666666,639.8108333333333,6.990833333333285,1.0926406633210428
19740,"Denver-Aurora-Centennial, CO",08047,Gilpin County,Colorado,"Denver-Aurora-Centennial, CO",19740,2022,624.6516666666666,554.6058333333334,70.04583333333323,12.629840712698348
19740,"Denver-Aurora-Centennial, CO",08047,Gilpin County,Colorado,"Denver-Aurora-Centennial, CO",19740,2023,626.2991666666667,624.6516666666666,1.6475000000000364,0.2637469949918758
19740,"Denver-Aurora-Centennial, CO",08047,Gilpin County,Colorado,"Denver-Aurora-Centennial, CO",19740,2024,639.8108333333333,626.2991666666667,13.511666666666656,2.1573821882247435
19740,"Denver-Aurora-Centennial, CO",08047,Gilpin County,Colorado,"Denver-Aurora-Centennial, CO",19740,2025,646.8016666666666,639.8108333333333,6.990833333333285,1.0926406633210428
19740,"Denver-Aurora-Centennial, CO",08059,Jefferson County,Colorado,"Denver-Aurora-Centennial, CO",19740,2022,624.6516666666666,554.6058333333334,70.04583333333323,12.629840712698348
19740,"Denver-Aurora-Centennial, CO",08059,Jefferson County,Colorado,"Denver-Aurora-Centennial, CO",19740,2023,626.2991666666667,624.6516666666666,1.6475000000000364,0.2637469949918758
19740,"Denver-Aurora-Centennial, CO",08059,Jefferson County,Colorado,"Denver-Aurora-Centennial, CO",19740,2024,639.8108333333333,626.2991666666667,13.511666666666656,2.1573821882247435
19740,"Denver-Aurora-Centennial, CO",08059,Jefferson County,Colorado,"Denver-Aurora-Centennial, CO",19740,2025,646.8016666666666,639.8108333333333,6.990833333333285,1.0926406633210428
19740,"Denver-Aurora-Centennial, CO",08093,Park County,Colorado,"Denver-Aurora-Centennial, CO",19740,2022,624.6516666666666,554.6058333333334,70.04583333333323,12.629840712698348
19740,"Denver-Aurora-Centennial, CO",08093,Park County,Colorado,"Denver-Aurora-Centennial, CO",19740,2023,626.2991666666667,624.6516666666666,1.6475000000000364,0.2637469949918758
19740,"Denver-Aurora-Centennial, CO",08093,Park County,Colorado,"Denver-Aurora-Centennial, CO",19740,2024,639.8108333333333,626.2991666666667,13.511666666666656,2.1573821882247435
19740,"Denver-Aurora-Centennial, CO",08093,Park County,Colorado,"Denver-Aurora-Centennial, CO",19740,2025,646.8016666666666,639.8108333333333,6.990833333333285,1.0926406633210428
19780,"Des Moines-West Des Moines, IA",19049,Dallas County,Iowa,"Des Moines-West Des Moines, IA",19780,2022,291.1275,259.415,31.712499999999977,12.224620781373474
19780,"Des Moines-West Des Moines, IA",19049,Dallas County,Iowa,"Des Moines-West Des Moines, IA",19780,2023,307.5025,291.1275,16.375,5.624683343208736
19780,"Des Moines-West Des Moines, IA",19049,Dallas County,Iowa,"Des Moines-West Des Moines, IA",19780,2024,323.195,307.5025,15.692499999999995,5.103210543003711
19780,"Des Moines-West Des Moines, IA",19049,Dallas County,Iowa,"Des Moines-West Des Moines, IA",19780,2025,327.21500000000003,323.195,4.020000000000039,1.243831123625072
19780,"Des Moines-West Des Moines, IA",19077,Guthrie County,Iowa,"Des Moines-West Des Moines, IA",19780,2022,291.1275,259.415,31.712499999999977,12.224620781373474
19780,"Des Moines-West Des Moines, IA",19077,Guthrie County,Iowa,"Des Moines-West Des Moines, IA",19780,2023,307.5025,291.1275,16.375,5.624683343208736
19780,"Des Moines-West Des Moines, IA",19077,Guthrie County,Iowa,"Des Moines-West Des Moines, IA",19780,2024,323.195,307.5025,15.692499999999995,5.103210543003711
19780,"Des Moines-West Des Moines, IA",19077,Guthrie County,Iowa,"Des Moines-West Des Moines, IA",19780,2025,327.21500000000003,323.195,4.020000000000039,1.243831123625072
19780,"Des Moines-West Des Moines, IA",19099,Jasper County,Iowa,"Des Moines-West Des Moines, IA",19780,2022,291.1275,259.415,31.712499999999977,12.224620781373474
19780,"Des Moines-West Des Moines, IA",19099,Jasper County,Iowa,"Des Moines-West Des Moines, IA",19780,2023,307.5025,291.1275,16.375,5.624683343208736
19780,"Des Moines-West Des Moines, IA",19099,Jasper County,Iowa,"Des Moines-West Des Moines, IA",19780,2024,323.195,307.5025,15.692499999999995,5.103210543003711
19780,"Des Moines-West Des Moines, IA",19099,Jasper County,Iowa,"Des Moines-West Des Moines, IA",19780,2025,327.21500000000003,323.195,4.020000000000039,1.243831123625072
19780,"Des Moines-West Des Moines, IA",19121,Madison County,Iowa,"Des Moines-West Des Moines, IA",19780,2022,291.1275,259.415,31.712499999999977,12.224620781373474
19780,"Des Moines-West Des Moines, IA",19121,Madison County,Iowa,"Des Moines-West Des Moines, IA",19780,2023,307.5025,291.1275,16.375,5.624683343208736
19780,"Des Moines-West Des Moines, IA",19121,Madison County,Iowa,"Des Moines-West Des Moines, IA",19780,2024,323.195,307.5025,15.692499999999995,5.103210543003711
19780,"Des Moines-West Des Moines, IA",19121,Madison County,Iowa,"Des Moines-West Des Moines, IA",19780,2025,327.21500000000003,323.195,4.020000000000039,1.243831123625072
19780,"Des Moines-West Des Moines, IA",19153,Polk County,Iowa,"Des Moines-West Des Moines, IA",19780,2022,291.1275,259.415,31.712499999999977,12.224620781373474
19780,"Des Moines-West Des Moines, IA",19153,Polk County,Iowa,"Des Moines-West Des Moines, IA",19780,2023,307.5025,291.1275,16.375,5.624683343208736
19780,"Des Moines-West Des Moines, IA",19153,Polk County,Iowa,"Des Moines-West Des Moines, IA",19780,2024,323.195,307.5025,15.692499999999995,5.103210543003711
19780,"Des Moines-West Des Moines, IA",19153,Polk County,Iowa,"Des Moines-West Des Moines, IA",19780,2025,327.21500000000003,323.195,4.020000000000039,1.243831123625072
19780,"Des Moines-West Des Moines, IA",19181,Warren County,Iowa,"Des Moines-West Des Moines, IA",19780,2022,291.1275,259.415,31.712499999999977,12.224620781373474
19780,"Des Moines-West Des Moines, IA",19181,Warren County,Iowa,"Des Moines-West Des Moines, IA",19780,2023,307.5025,291.1275,16.375,5.624683343208736
19780,"Des Moines-West Des Moines, IA",19181,Warren County,Iowa,"Des Moines-West Des Moines, IA",19780,2024,323.195,307.5025,15.692499999999995,5.103210543003711
19780,"Des Moines-West Des Moines, IA",19181,Warren County,Iowa,"Des Moines-West Des Moines, IA",19780,2025,327.21500000000003,323.195,4.020000000000039,1.243831123625072
20020,"Dothan, AL",01061,Geneva County,Alabama,"Dothan, AL",20020,2022,221.0125,196.2075,24.80499999999998,12.642228253252274
20020,"Dothan, AL",01061,Geneva County,Alabama,"Dothan, AL",20020,2023,242.385,221.0125,21.372500000000002,9.67026751880551
20020,"Dothan, AL",01061,Geneva County,Alabama,"Dothan, AL",20020,2024,257.4975,242.385,15.112500000000011,6.234915526950924
20020,"Dothan, AL",01061,Geneva County,Alabama,"Dothan, AL",20020,2025,261.84499999999997,257.4975,4.347499999999968,1.6883659064651058
20020,"Dothan, AL",01067,Henry County,Alabama,"Dothan, AL",20020,2022,221.0125,196.2075,24.80499999999998,12.642228253252274
20020,"Dothan, AL",01067,Henry County,Alabama,"Dothan, AL",20020,2023,242.385,221.0125,21.372500000000002,9.67026751880551
20020,"Dothan, AL",01067,Henry County,Alabama,"Dothan, AL",20020,2024,257.4975,242.385,15.112500000000011,6.234915526950924
20020,"Dothan, AL",01067,Henry County,Alabama,"Dothan, AL",20020,2025,261.84499999999997,257.4975,4.347499999999968,1.6883659064651058
20020,"Dothan, AL",01069,Houston County,Alabama,"Dothan, AL",20020,2022,221.0125,196.2075,24.80499999999998,12.642228253252274
20020,"Dothan, AL",01069,Houston County,Alabama,"Dothan, AL",20020,2023,242.385,221.0125,21.372500000000002,9.67026751880551
20020,"Dothan, AL",01069,Houston County,Alabama,"Dothan, AL",20020,2024,257.4975,242.385,15.112500000000011,6.234915526950924
20020,"Dothan, AL",01069,Houston County,Alabama,"Dothan, AL",20020,2025,261.84499999999997,257.4975,4.347499999999968,1.6883659064651058
20100,"Dover, DE",10001,Kent County,Delaware,"Dover, DE",20100,2022,271.78000000000003,232.7475,39.03250000000003,16.770319767129614
20100,"Dover, DE",10001,Kent County,Delaware,"Dover, DE",20100,2023,283.3075,271.78000000000003,11.527499999999975,4.241482081094983
20100,"Dover, DE",10001,Kent County,Delaware,"Dover, DE",20100,2024,302.2425,283.3075,18.935000000000002,6.683550559021567
20100,"Dover, DE",10001,Kent County,Delaware,"Dover, DE",20100,2025,308.90999999999997,302.2425,6.667499999999961,2.2060100746916778
20220,"Dubuque, IA",19061,Dubuque County,Iowa,"Dubuque, IA",20220,2022,254.91000000000003,224.53,30.380000000000024,13.530485903888124
20220,"Dubuque, IA",19061,Dubuque County,Iowa,"Dubuque, IA",20220,2023,269.235,254.91000000000003,14.324999999999989,5.619630457808644
20220,"Dubuque, IA",19061,Dubuque County,Iowa,"Dubuque, IA",20220,2024,286.5225,269.235,17.287499999999966,6.420970527605974
20220,"Dubuque, IA",19061,Dubuque County,Iowa,"Dubuque, IA",20220,2025,298.095,286.5225,11.572500000000048,4.038949820694726
20260,"Duluth, MN-WI",27017,Carlton County,Minnesota,"Duluth, MN-WI",20260,2022,356.195,310.0325,46.162499999999966,14.889568029158218
20260,"Duluth, MN-WI",27017,Carlton County,Minnesota,"Duluth, MN-WI",20260,2023,383.555,356.195,27.360000000000014,7.6811858672918065
20260,"Duluth, MN-WI",27017,Carlton County,Minnesota,"Duluth, MN-WI",20260,2024,407.525,383.555,23.96999999999997,6.249429677621188
20260,"Duluth, MN-WI",27017,Carlton County,Minnesota,"Duluth, MN-WI",20260,2025,430.555,407.525,23.03000000000003,5.651187043739658
20260,"Duluth, MN-WI",27137,St. Louis County,Minnesota,"Duluth, MN-WI",20260,2022,356.195,310.0325,46.162499999999966,14.889568029158218
20260,"Duluth, MN-WI",27137,St. Louis County,Minnesota,"Duluth, MN-WI",20260,2023,383.555,356.195,27.360000000000014,7.6811858672918065
20260,"Duluth, MN-WI",27137,St. Louis County,Minnesota,"Duluth, MN-WI",20260,2024,407.525,383.555,23.96999999999997,6.249429677621188
20260,"Duluth, MN-WI",27137,St. Louis County,Minnesota,"Duluth, MN-WI",20260,2025,430.555,407.525,23.03000000000003,5.651187043739658
20260,"Duluth, MN-WI",55031,Douglas County,Wisconsin,"Duluth, MN-WI",20260,2022,356.195,310.0325,46.162499999999966,14.889568029158218
20260,"Duluth, MN-WI",55031,Douglas County,Wisconsin,"Duluth, MN-WI",20260,2023,383.555,356.195,27.360000000000014,7.6811858672918065
20260,"Duluth, MN-WI",55031,Douglas County,Wisconsin,"Duluth, MN-WI",20260,2024,407.525,383.555,23.96999999999997,6.249429677621188
20260,"Duluth, MN-WI",55031,Douglas County,Wisconsin,"Duluth, MN-WI",20260,2025,430.555,407.525,23.03000000000003,5.651187043739658
20500,"Durham-Chapel Hill, NC",37037,Chatham County,North Carolina,"Durham-Chapel Hill, NC",20500,2022,343.7475,277.46000000000004,66.28749999999997,23.890831110790735
20500,"Durham-Chapel Hill, NC",37037,Chatham County,North Carolina,"Durham-Chapel Hill, NC",20500,2023,366.9425,343.7475,23.194999999999993,6.74768543771227
20500,"Durham-Chapel Hill, NC",37037,Chatham County,North Carolina,"Durham-Chapel Hill, NC",20500,2024,387.005,366.9425,20.0625,5.467477874598892
20500,"Durham-Chapel Hill, NC",37037,Chatham County,North Carolina,"Durham-Chapel Hill, NC",20500,2025,391.08000000000004,387.005,4.0750000000000455,1.0529579721192395
20500,"Durham-Chapel Hill, NC",37063,Durham County,North Carolina,"Durham-Chapel Hill, NC",20500,2022,343.7475,277.46000000000004,66.28749999999997,23.890831110790735
20500,"Durham-Chapel Hill, NC",37063,Durham County,North Carolina,"Durham-Chapel Hill, NC",20500,2023,366.9425,343.7475,23.194999999999993,6.74768543771227
20500,"Durham-Chapel Hill, NC",37063,Durham County,North Carolina,"Durham-Chapel Hill, NC",20500,2024,387.005,366.9425,20.0625,5.467477874598892
20500,"Durham-Chapel Hill, NC",37063,Durham County,North Carolina,"Durham-Chapel Hill, NC",20500,2025,391.08000000000004,387.005,4.0750000000000455,1.0529579721192395
20500,"Durham-Chapel Hill, NC",37135,Orange County,North Carolina,"Durham-Chapel Hill, NC",20500,2022,343.7475,277.46000000000004,66.28749999999997,23.890831110790735
20500,"Durham-Chapel Hill, NC",37135,Orange County,North Carolina,"Durham-Chapel Hill, NC",20500,2023,366.9425,343.7475,23.194999999999993,6.74768543771227
20500,"Durham-Chapel Hill, NC",37135,Orange County,North Carolina,"Durham-Chapel Hill, NC",20500,2024,387.005,366.9425,20.0625,5.467477874598892
20500,"Durham-Chapel Hill, NC",37135,Orange County,North Carolina,"Durham-Chapel Hill, NC",20500,2025,391.08000000000004,387.005,4.0750000000000455,1.0529579721192395
20500,"Durham-Chapel Hill, NC",37145,Person County,North Carolina,"Durham-Chapel Hill, NC",20500,2022,343.7475,277.46000000000004,66.28749999999997,23.890831110790735
20500,"Durham-Chapel Hill, NC",37145,Person County,North Carolina,"Durham-Chapel Hill, NC",20500,2023,366.9425,343.7475,23.194999999999993,6.74768543771227
20500,"Durham-Chapel Hill, NC",37145,Person County,North Carolina,"Durham-Chapel Hill, NC",20500,2024,387.005,366.9425,20.0625,5.467477874598892
20500,"Durham-Chapel Hill, NC",37145,Person County,North Carolina,"Durham-Chapel Hill, NC",20500,2025,391.08000000000004,387.005,4.0750000000000455,1.0529579721192395
20740,"Eau Claire, WI",55017,Chippewa County,Wisconsin,"Eau Claire, WI",20740,2022,331.355,287.33500000000004,44.01999999999998,15.320096751178935
20740,"Eau Claire, WI",55017,Chippewa County,Wisconsin,"Eau Claire, WI",20740,2023,362.695,331.355,31.339999999999975,9.458134025440978
20740,"Eau Claire, WI",55017,Chippewa County,Wisconsin,"Eau Claire, WI",20740,2024,382.0725,362.695,19.377499999999998,5.342643267759417
20740,"Eau Claire, WI",55017,Chippewa County,Wisconsin,"Eau Claire, WI",20740,2025,398.905,382.0725,16.832499999999982,4.405577475479117
20740,"Eau Claire, WI",55035,Eau Claire County,Wisconsin,"Eau Claire, WI",20740,2022,331.355,287.33500000000004,44.01999999999998,15.320096751178935
20740,"Eau Claire, WI",55035,Eau Claire County,Wisconsin,"Eau Claire, WI",20740,2023,362.695,331.355,31.339999999999975,9.458134025440978
20740,"Eau Claire, WI",55035,Eau Claire County,Wisconsin,"Eau Claire, WI",20740,2024,382.0725,362.695,19.377499999999998,5.342643267759417
20740,"Eau Claire, WI",55035,Eau Claire County,Wisconsin,"Eau Claire, WI",20740,2025,398.905,382.0725,16.832499999999982,4.405577475479117
20940,"El Centro, CA",06025,Imperial County,California,"El Centro, CA",20940,2022,295.3625,260.1325,35.23000000000002,13.543098228787255
20940,"El Centro, CA",06025,Imperial County,California,"El Centro, CA",20940,2023,313.435,295.3625,18.07249999999999,6.1187523805493305
20940,"El Centro, CA",06025,Imperial County,California,"El Centro, CA",20940,2024,340.625,313.435,27.189999999999998,8.67484486416641
20940,"El Centro, CA",06025,Imperial County,California,"El Centro, CA",20940,2025,359.815,340.625,19.189999999999998,5.633761467889897
21060,"Elizabethtown, KY",21093,Hardin County,Kentucky,"Elizabethtown, KY",21060,2022,280.0175,240.3175,39.69999999999999,16.519812331602978
21060,"Elizabethtown, KY",21093,Hardin County,Kentucky,"Elizabethtown, KY",21060,2023,310.27750000000003,280.0175,30.260000000000048,10.806467452927059
21060,"Elizabethtown, KY",21093,Hardin County,Kentucky,"Elizabethtown, KY",21060,2024,330.2925,310.27750000000003,20.014999999999986,6.450677216362766
21060,"Elizabethtown, KY",21093,Hardin County,Kentucky,"Elizabethtown, KY",21060,2025,343.9,330.2925,13.607499999999959,4.11983317816782
21060,"Elizabethtown, KY",21123,Larue County,Kentucky,"Elizabethtown, KY",21060,2022,280.0175,240.3175,39.69999999999999,16.519812331602978
21060,"Elizabethtown, KY",21123,Larue County,Kentucky,"Elizabethtown, KY",21060,2023,310.27750000000003,280.0175,30.260000000000048,10.806467452927059
21060,"Elizabethtown, KY",21123,Larue County,Kentucky,"Elizabethtown, KY",21060,2024,330.2925,310.27750000000003,20.014999999999986,6.450677216362766
21060,"Elizabethtown, KY",21123,Larue County,Kentucky,"Elizabethtown, KY",21060,2025,343.9,330.2925,13.607499999999959,4.11983317816782
21140,"Elkhart-Goshen, IN",18039,Elkhart County,Indiana,"Elkhart-Goshen, IN",21140,2022,260.1325,223.5575,36.57499999999999,16.360444181027244
21140,"Elkhart-Goshen, IN",18039,Elkhart County,Indiana,"Elkhart-Goshen, IN",21140,2023,274.79999999999995,260.1325,14.667499999999961,5.638472701411756
21140,"Elkhart-Goshen, IN",18039,Elkhart County,Indiana,"Elkhart-Goshen, IN",21140,2024,292.795,274.79999999999995,17.99500000000006,6.548398835516767
21140,"Elkhart-Goshen, IN",18039,Elkhart County,Indiana,"Elkhart-Goshen, IN",21140,2025,297.555,292.795,4.759999999999991,1.6257108215645744
21300,"Elmira, NY",36015,Chemung County,New York,"Elmira, NY",21300,2022,224.1825,198.6075,25.575000000000017,12.877157207054113
21300,"Elmira, NY",36015,Chemung County,New York,"Elmira, NY",21300,2023,230.86,224.1825,6.677500000000009,2.978600024533584
21300,"Elmira, NY",36015,Chemung County,New York,"Elmira, NY",21300,2024,251.22,230.86,20.359999999999985,8.819197782205656
21300,"Elmira, NY",36015,Chemung County,New York,"Elmira, NY",21300,2025,249.5,251.22,-1.7199999999999989,-0.6846588647400731
21340,"El Paso, TX",48141,El Paso County,Texas,"El Paso, TX",21340,2022,275.0625,235.43625,39.62625,16.83098928053772
21340,"El Paso, TX",48141,El Paso County,Texas,"El Paso, TX",21340,2023,298.51625,275.0625,23.453750000000014,8.526698477618734
21340,"El Paso, TX",48141,El Paso County,Texas,"El Paso, TX",21340,2024,315.97,298.51625,17.453750000000014,5.846834133820189
21340,"El Paso, TX",48141,El Paso County,Texas,"El Paso, TX",21340,2025,322.92,315.97,6.949999999999989,2.199575909105289
21340,"El Paso, TX",48229,Hudspeth County,Texas,"El Paso, TX",21340,2022,275.0625,235.43625,39.62625,16.83098928053772
21340,"El Paso, TX",48229,Hudspeth County,Texas,"El Paso, TX",21340,2023,298.51625,275.0625,23.453750000000014,8.526698477618734
21340,"El Paso, TX",48229,Hudspeth County,Texas,"El Paso, TX",21340,2024,315.97,298.51625,17.453750000000014,5.846834133820189
21340,"El Paso, TX",48229,Hudspeth County,Texas,"El Paso, TX",21340,2025,322.92,315.97,6.949999999999989,2.199575909105289
21420,"Enid, OK",40047,Garfield County,Oklahoma,"Enid, OK",21420,2022,244.095,231.6475,12.447499999999991,5.373466150077166
21420,"Enid, OK",40047,Garfield County,Oklahoma,"Enid, OK",21420,2023,262.8525,244.095,18.75750000000002,7.684508080870156
21420,"Enid, OK",40047,Garfield County,Oklahoma,"Enid, OK",21420,2024,272.12,262.8525,9.267499999999984,3.5257416231536665
21420,"Enid, OK",40047,Garfield County,Oklahoma,"Enid, OK",21420,2025,268.185,272.12,-3.9350000000000023,-1.4460532118183211
21500,"Erie, PA",42049,Erie County,Pennsylvania,"Erie, PA",21500,2022,224.5975,197.16750000000002,27.42999999999998,13.912029112302982
21500,"Erie, PA",42049,Erie County,Pennsylvania,"Erie, PA",21500,2023,244.92,224.5975,20.32249999999999,9.048408820222843
21500,"Erie, PA",42049,Erie County,Pennsylvania,"Erie, PA",21500,2024,262.82,244.92,17.900000000000006,7.308508900865585
21500,"Erie, PA",42049,Erie County,Pennsylvania,"Erie, PA",21500,2025,275.20000000000005,262.82,12.380000000000052,4.710448215508722
21660,"Eugene-Springfield, OR",41039,Lane County,Oregon,"Eugene-Springfield, OR",21660,2022,384.5075,335.365,49.142499999999984,14.653437299658577
21660,"Eugene-Springfield, OR",41039,Lane County,Oregon,"Eugene-Springfield, OR",21660,2023,389.69,384.5075,5.1825000000000045,1.3478280657724495
21660,"Eugene-Springfield, OR",41039,Lane County,Oregon,"Eugene-Springfield, OR",21660,2024,402.6175,389.69,12.927500000000009,3.317380481921539
21660,"Eugene-Springfield, OR",41039,Lane County,Oregon,"Eugene-Springfield, OR",21660,2025,409.19500000000005,402.6175,6.577500000000043,1.6336845765521968
21780,"Evansville, IN",18129,Posey County,Indiana,"Evansville, IN",21780,2022,255.64000000000001,224.98000000000002,30.659999999999997,13.627878033602991
21780,"Evansville, IN",18129,Posey County,Indiana,"Evansville, IN",21780,2023,271.85,255.64000000000001,16.210000000000008,6.340948208418085
21780,"Evansville, IN",18129,Posey County,Indiana,"Evansville, IN",21780,2024,285.65250000000003,271.85,13.802500000000009,5.077248482619101
21780,"Evansville, IN",18129,Posey County,Indiana,"Evansville, IN",21780,2025,297.72,285.65250000000003,12.067499999999995,4.224538556462831
21780,"Evansville, IN",18163,Vanderburgh County,Indiana,"Evansville, IN",21780,2022,255.64000000000001,224.98000000000002,30.659999999999997,13.627878033602991
21780,"Evansville, IN",18163,Vanderburgh County,Indiana,"Evansville, IN",21780,2023,271.85,255.64000000000001,16.210000000000008,6.340948208418085
21780,"Evansville, IN",18163,Vanderburgh County,Indiana,"Evansville, IN",21780,2024,285.65250000000003,271.85,13.802500000000009,5.077248482619101
21780,"Evansville, IN",18163,Vanderburgh County,Indiana,"Evansville, IN",21780,2025,297.72,285.65250000000003,12.067499999999995,4.224538556462831
21780,"Evansville, IN",18173,Warrick County,Indiana,"Evansville, IN",21780,2022,255.64000000000001,224.98000000000002,30.659999999999997,13.627878033602991
21780,"Evansville, IN",18173,Warrick County,Indiana,"Evansville, IN",21780,2023,271.85,255.64000000000001,16.210000000000008,6.340948208418085
21780,"Evansville, IN",18173,Warrick County,Indiana,"Evansville, IN",21780,2024,285.65250000000003,271.85,13.802500000000009,5.077248482619101
21780,"Evansville, IN",18173,Warrick County,Indiana,"Evansville, IN",21780,2025,297.72,285.65250000000003,12.067499999999995,4.224538556462831
21820,"Fairbanks-College, AK",02090,Fairbanks North Star Borough,Alaska,"Fairbanks-College, AK",21820,2022,250.17,228.225,21.944999999999993,9.615511008872812
21820,"Fairbanks-College, AK",02090,Fairbanks North Star Borough,Alaska,"Fairbanks-College, AK",21820,2023,259.82,250.17,9.650000000000006,3.8573769836511174
21820,"Fairbanks-College, AK",02090,Fairbanks North Star Borough,Alaska,"Fairbanks-College, AK",21820,2024,273.4925,259.82,13.672500000000014,5.26229697482874
21820,"Fairbanks-College, AK",02090,Fairbanks North Star Borough,Alaska,"Fairbanks-College, AK",21820,2025,289.175,273.4925,15.682500000000005,5.734160900207508
22020,"Fargo, ND-MN",27027,Clay County,Minnesota,"Fargo, ND-MN",22020,2022,307.21,273.325,33.88499999999999,12.397329186865447
22020,"Fargo, ND-MN",27027,Clay County,Minnesota,"Fargo, ND-MN",22020,2023,320.7275,307.21,13.517500000000041,4.400084632661705
22020,"Fargo, ND-MN",27027,Clay County,Minnesota,"Fargo, ND-MN",22020,2024,333.0725,320.7275,12.34499999999997,3.849061898340489
22020,"Fargo, ND-MN",27027,Clay County,Minnesota,"Fargo, ND-MN",22020,2025,342.365,333.0725,9.292500000000018,2.7899331226684865
22020,"Fargo, ND-MN",38017,Cass County,North Dakota,"Fargo, ND-MN",22020,2022,307.21,273.325,33.88499999999999,12.397329186865447
22020,"Fargo, ND-MN",38017,Cass County,North Dakota,"Fargo, ND-MN",22020,2023,320.7275,307.21,13.517500000000041,4.400084632661705
22020,"Fargo, ND-MN",38017,Cass County,North Dakota,"Fargo, ND-MN",22020,2024,333.0725,320.7275,12.34499999999997,3.849061898340489
22020,"Fargo, ND-MN",38017,Cass County,North Dakota,"Fargo, ND-MN",22020,2025,342.365,333.0725,9.292500000000018,2.7899331226684865
22140,"Farmington, NM",35045,San Juan County,New Mexico,"Farmington, NM",22140,2022,265.77750000000003,231.44,34.337500000000034,14.83645869339787
22140,"Farmington, NM",35045,San Juan County,New Mexico,"Farmington, NM",22140,2023,284.65250000000003,265.77750000000003,18.875,7.101805081318013
22140,"Farmington, NM",35045,San Juan County,New Mexico,"Farmington, NM",22140,2024,303.76,284.65250000000003,19.10749999999996,6.712570590456779
22140,"Farmington, NM",35045,San Juan County,New Mexico,"Farmington, NM",22140,2025,324.985,303.76,21.225000000000023,6.98742428232817
22180,"Fayetteville, NC",37051,Cumberland County,North Carolina,"Fayetteville, NC",22180,2022,223.20999999999998,185.85750000000002,37.352499999999964,20.09738643853487
22180,"Fayetteville, NC",37051,Cumberland County,North Carolina,"Fayetteville, NC",22180,2023,249.46499999999997,223.20999999999998,26.254999999999995,11.762465839344106
22180,"Fayetteville, NC",37051,Cumberland County,North Carolina,"Fayetteville, NC",22180,2024,267.4325,249.46499999999997,17.96750000000003,7.20241316417134
22180,"Fayetteville, NC",37051,Cumberland County,North Carolina,"Fayetteville, NC",22180,2025,277.655,267.4325,10.222499999999968,3.8224598730520754
22180,"Fayetteville, NC",37093,Hoke County,North Carolina,"Fayetteville, NC",22180,2022,223.20999999999998,185.85750000000002,37.352499999999964,20.09738643853487
22180,"Fayetteville, NC",37093,Hoke County,North Carolina,"Fayetteville, NC",22180,2023,249.46499999999997,223.20999999999998,26.254999999999995,11.762465839344106
22180,"Fayetteville, NC",37093,Hoke County,North Carolina,"Fayetteville, NC",22180,2024,267.4325,249.46499999999997,17.96750000000003,7.20241316417134
22180,"Fayetteville, NC",37093,Hoke County,North Carolina,"Fayetteville, NC",22180,2025,277.655,267.4325,10.222499999999968,3.8224598730520754
22220,"Fayetteville-Springdale-Rogers, AR",05007,Benton County,Arkansas,"Fayetteville-Springdale-Rogers, AR",22220,2022,317.655,258.2675,59.38749999999999,22.9945695838617
22220,"Fayetteville-Springdale-Rogers, AR",05007,Benton County,Arkansas,"Fayetteville-Springdale-Rogers, AR",22220,2023,349.9275,317.655,32.272500000000036,10.159607120933089
22220,"Fayetteville-Springdale-Rogers, AR",05007,Benton County,Arkansas,"Fayetteville-Springdale-Rogers, AR",22220,2024,367.7375,349.9275,17.810000000000002,5.08962570818241
22220,"Fayetteville-Springdale-Rogers, AR",05007,Benton County,Arkansas,"Fayetteville-Springdale-Rogers, AR",22220,2025,380.71500000000003,367.7375,12.97750000000002,3.529011863081677
22220,"Fayetteville-Springdale-Rogers, AR",05087,Madison County,Arkansas,"Fayetteville-Springdale-Rogers, AR",22220,2022,317.655,258.2675,59.38749999999999,22.9945695838617
22220,"Fayetteville-Springdale-Rogers, AR",05087,Madison County,Arkansas,"Fayetteville-Springdale-Rogers, AR",22220,2023,349.9275,317.655,32.272500000000036,10.159607120933089
22220,"Fayetteville-Springdale-Rogers, AR",05087,Madison County,Arkansas,"Fayetteville-Springdale-Rogers, AR",22220,2024,367.7375,349.9275,17.810000000000002,5.08962570818241
22220,"Fayetteville-Springdale-Rogers, AR",05087,Madison County,Arkansas,"Fayetteville-Springdale-Rogers, AR",22220,2025,380.71500000000003,367.7375,12.97750000000002,3.529011863081677
22220,"Fayetteville-Springdale-Rogers, AR",05143,Washington County,Arkansas,"Fayetteville-Springdale-Rogers, AR",22220,2022,317.655,258.2675,59.38749999999999,22.9945695838617
22220,"Fayetteville-Springdale-Rogers, AR",05143,Washington County,Arkansas,"Fayetteville-Springdale-Rogers, AR",22220,2023,349.9275,317.655,32.272500000000036,10.159607120933089
22220,"Fayetteville-Springdale-Rogers, AR",05143,Washington County,Arkansas,"Fayetteville-Springdale-Rogers, AR",22220,2024,367.7375,349.9275,17.810000000000002,5.08962570818241
22220,"Fayetteville-Springdale-Rogers, AR",05143,Washington County,Arkansas,"Fayetteville-Springdale-Rogers, AR",22220,2025,380.71500000000003,367.7375,12.97750000000002,3.529011863081677
22380,"Flagstaff, AZ",04005,Coconino County,Arizona,"Flagstaff, AZ",22380,2022,427.2925,351.815,75.47750000000002,21.453746997711875
22380,"Flagstaff, AZ",04005,Coconino County,Arizona,"Flagstaff, AZ",22380,2023,446.4475,427.2925,19.154999999999973,4.482877654066009
22380,"Flagstaff, AZ",04005,Coconino County,Arizona,"Flagstaff, AZ",22380,2024,472.2925,446.4475,25.845000000000027,5.789034544935312
22380,"Flagstaff, AZ",04005,Coconino County,Arizona,"Flagstaff, AZ",22380,2025,475.92,472.2925,3.6274999999999977,0.7680621648660457
22420,"Flint, MI",26049,Genesee County,Michigan,"Flint, MI",22420,2022,228.4075,202.91500000000002,25.49249999999998,12.563142202400002
22420,"Flint, MI",26049,Genesee County,Michigan,"Flint, MI",22420,2023,241.415,228.4075,13.007499999999993,5.6948655363768586
22420,"Flint, MI",26049,Genesee County,Michigan,"Flint, MI",22420,2024,254.58249999999998,241.415,13.16749999999999,5.454300685541491
22420,"Flint, MI",26049,Genesee County,Michigan,"Flint, MI",22420,2025,267.49,254.58249999999998,12.907500000000027,5.070065695796067
22500,"Florence, SC",45031,Darlington County,South Carolina,"Florence, SC",22500,2022,234.6125,203.61,31.002499999999998,15.226413240999959
22500,"Florence, SC",45031,Darlington County,South Carolina,"Florence, SC",22500,2023,248.735,234.6125,14.122500000000002,6.019500239757036
22500,"Florence, SC",45031,Darlington County,South Carolina,"Florence, SC",22500,2024,262.51,248.735,13.774999999999977,5.538022393310138
22500,"Florence, SC",45031,Darlington County,South Carolina,"Florence, SC",22500,2025,275.185,262.51,12.675000000000011,4.828387490000385
22500,"Florence, SC",45041,Florence County,South Carolina,"Florence, SC",22500,2022,234.6125,203.61,31.002499999999998,15.226413240999959
22500,"Florence, SC",45041,Florence County,South Carolina,"Florence, SC",22500,2023,248.735,234.6125,14.122500000000002,6.019500239757036
22500,"Florence, SC",45041,Florence County,South Carolina,"Florence, SC",22500,2024,262.51,248.735,13.774999999999977,5.538022393310138
22500,"Florence, SC",45041,Florence County,South Carolina,"Florence, SC",22500,2025,275.185,262.51,12.675000000000011,4.828387490000385
22520,"Florence-Muscle Shoals, AL",01033,Colbert County,Alabama,"Florence-Muscle Shoals, AL",22520,2022,250.29500000000002,211.0975,39.19750000000002,18.568434017456404
22520,"Florence-Muscle Shoals, AL",01033,Colbert County,Alabama,"Florence-Muscle Shoals, AL",22520,2023,271.3575,250.29500000000002,21.0625,8.41507021714376
22520,"Florence-Muscle Shoals, AL",01033,Colbert County,Alabama,"Florence-Muscle Shoals, AL",22520,2024,295.2,271.3575,23.842499999999973,8.786379591498283
22520,"Florence-Muscle Shoals, AL",01033,Colbert County,Alabama,"Florence-Muscle Shoals, AL",22520,2025,299.295,295.2,4.095000000000027,1.3871951219512235
22520,"Florence-Muscle Shoals, AL",01077,Lauderdale County,Alabama,"Florence-Muscle Shoals, AL",22520,2022,250.29500000000002,211.0975,39.19750000000002,18.568434017456404
22520,"Florence-Muscle Shoals, AL",01077,Lauderdale County,Alabama,"Florence-Muscle Shoals, AL",22520,2023,271.3575,250.29500000000002,21.0625,8.41507021714376
22520,"Florence-Muscle Shoals, AL",01077,Lauderdale County,Alabama,"Florence-Muscle Shoals, AL",22520,2024,295.2,271.3575,23.842499999999973,8.786379591498283
22520,"Florence-Muscle Shoals, AL",01077,Lauderdale County,Alabama,"Florence-Muscle Shoals, AL",22520,2025,299.295,295.2,4.095000000000027,1.3871951219512235
22540,"Fond du Lac, WI",55039,Fond du Lac County,Wisconsin,"Fond du Lac, WI",22540,2022,243.265,209.825,33.44,15.937090432503286
22540,"Fond du Lac, WI",55039,Fond du Lac County,Wisconsin,"Fond du Lac, WI",22540,2023,270.4925,243.265,27.22750000000002,11.19252666844799
22540,"Fond du Lac, WI",55039,Fond du Lac County,Wisconsin,"Fond du Lac, WI",22540,2024,294.6,270.4925,24.107500000000016,8.912446740667491
22540,"Fond du Lac, WI",55039,Fond du Lac County,Wisconsin,"Fond du Lac, WI",22540,2025,307.65,294.6,13.049999999999955,4.429735234215859
22660,"Fort Collins-Loveland, CO",08069,Larimer County,Colorado,"Fort Collins-Loveland, CO",22660,2022,417.8725,355.5525,62.31999999999999,17.527650628247592
22660,"Fort Collins-Loveland, CO",08069,Larimer County,Colorado,"Fort Collins-Loveland, CO",22660,2023,432.60249999999996,417.8725,14.729999999999961,3.524998653895617
22660,"Fort Collins-Loveland, CO",08069,Larimer County,Colorado,"Fort Collins-Loveland, CO",22660,2024,445.2375,432.60249999999996,12.635000000000048,2.92069509538202
22660,"Fort Collins-Loveland, CO",08069,Larimer County,Colorado,"Fort Collins-Loveland, CO",22660,2025,448.145,445.2375,2.9074999999999704,0.6530222633987393
22900,"Fort Smith, AR-OK",05033,Crawford County,Arkansas,"Fort Smith, AR-OK",22900,2022,253.515,217.225,36.28999999999999,16.706180227874313
22900,"Fort Smith, AR-OK",05033,Crawford County,Arkansas,"Fort Smith, AR-OK",22900,2023,276.0825,253.515,22.567499999999995,8.901840127803084
22900,"Fort Smith, AR-OK",05033,Crawford County,Arkansas,"Fort Smith, AR-OK",22900,2024,289.5,276.0825,13.417500000000018,4.8599603379424705
22900,"Fort Smith, AR-OK",05033,Crawford County,Arkansas,"Fort Smith, AR-OK",22900,2025,305.745,289.5,16.245000000000005,5.611398963730574
22900,"Fort Smith, AR-OK",05131,Sebastian County,Arkansas,"Fort Smith, AR-OK",22900,2022,253.515,217.225,36.28999999999999,16.706180227874313
22900,"Fort Smith, AR-OK",05131,Sebastian County,Arkansas,"Fort Smith, AR-OK",22900,2023,276.0825,253.515,22.567499999999995,8.901840127803084
22900,"Fort Smith, AR-OK",05131,Sebastian County,Arkansas,"Fort Smith, AR-OK",22900,2024,289.5,276.0825,13.417500000000018,4.8599603379424705
22900,"Fort Smith, AR-OK",05131,Sebastian County,Arkansas,"Fort Smith, AR-OK",22900,2025,305.745,289.5,16.245000000000005,5.611398963730574
22900,"Fort Smith, AR-OK",40135,Sequoyah County,Oklahoma,"Fort Smith, AR-OK",22900,2022,253.515,217.225,36.28999999999999,16.706180227874313
22900,"Fort Smith, AR-OK",40135,Sequoyah County,Oklahoma,"Fort Smith, AR-OK",22900,2023,276.0825,253.515,22.567499999999995,8.901840127803084
22900,"Fort Smith, AR-OK",40135,Sequoyah County,Oklahoma,"Fort Smith, AR-OK",22900,2024,289.5,276.0825,13.417500000000018,4.8599603379424705
22900,"Fort Smith, AR-OK",40135,Sequoyah County,Oklahoma,"Fort Smith, AR-OK",22900,2025,305.745,289.5,16.245000000000005,5.611398963730574
23060,"Fort Wayne, IN",18003,Allen County,Indiana,"Fort Wayne, IN",23060,2022,252.76999999999998,216.7375,36.03249999999997,16.624949535728682
23060,"Fort Wayne, IN",18003,Allen County,Indiana,"Fort Wayne, IN",23060,2023,279.24,252.76999999999998,26.470000000000027,10.47197056612732
23060,"Fort Wayne, IN",18003,Allen County,Indiana,"Fort Wayne, IN",23060,2024,302.385,279.24,23.144999999999982,8.288568972926512
23060,"Fort Wayne, IN",18003,Allen County,Indiana,"Fort Wayne, IN",23060,2025,310.78499999999997,302.385,8.399999999999977,2.7779155712088777
23060,"Fort Wayne, IN",18179,Wells County,Indiana,"Fort Wayne, IN",23060,2022,252.76999999999998,216.7375,36.03249999999997,16.624949535728682
23060,"Fort Wayne, IN",18179,Wells County,Indiana,"Fort Wayne, IN",23060,2023,279.24,252.76999999999998,26.470000000000027,10.47197056612732
23060,"Fort Wayne, IN",18179,Wells County,Indiana,"Fort Wayne, IN",23060,2024,302.385,279.24,23.144999999999982,8.288568972926512
23060,"Fort Wayne, IN",18179,Wells County,Indiana,"Fort Wayne, IN",23060,2025,310.78499999999997,302.385,8.399999999999977,2.7779155712088777
23060,"Fort Wayne, IN",18183,Whitley County,Indiana,"Fort Wayne, IN",23060,2022,252.76999999999998,216.7375,36.03249999999997,16.624949535728682
23060,"Fort Wayne, IN",18183,Whitley County,Indiana,"Fort Wayne, IN",23060,2023,279.24,252.76999999999998,26.470000000000027,10.47197056612732
23060,"Fort Wayne, IN",18183,Whitley County,Indiana,"Fort Wayne, IN",23060,2024,302.385,279.24,23.144999999999982,8.288568972926512
23060,"Fort Wayne, IN",18183,Whitley County,Indiana,"Fort Wayne, IN",23060,2025,310.78499999999997,302.385,8.399999999999977,2.7779155712088777
23420,"Fresno, CA",06019,Fresno County,California,"Fresno, CA",23420,2022,347.7525,302.82375,44.92874999999998,14.836600497814324
23420,"Fresno, CA",06019,Fresno County,California,"Fresno, CA",23420,2023,357.27,347.7525,9.517499999999984,2.7368602670002407
23420,"Fresno, CA",06019,Fresno County,California,"Fresno, CA",23420,2024,373.14375,357.27,15.87375000000003,4.443068267696715
23420,"Fresno, CA",06019,Fresno County,California,"Fresno, CA",23420,2025,378.4975,373.14375,5.353749999999991,1.4347687720885016
23420,"Fresno, CA",06039,Madera County,California,"Fresno, CA",23420,2022,347.7525,302.82375,44.92874999999998,14.836600497814324
23420,"Fresno, CA",06039,Madera County,California,"Fresno, CA",23420,2023,357.27,347.7525,9.517499999999984,2.7368602670002407
23420,"Fresno, CA",06039,Madera County,California,"Fresno, CA",23420,2024,373.14375,357.27,15.87375000000003,4.443068267696715
23420,"Fresno, CA",06039,Madera County,California,"Fresno, CA",23420,2025,378.4975,373.14375,5.353749999999991,1.4347687720885016
23460,"Gadsden, AL",01055,Etowah County,Alabama,"Gadsden, AL",23460,2022,269.5775,229.695,39.88249999999999,17.363242560787118
23460,"Gadsden, AL",01055,Etowah County,Alabama,"Gadsden, AL",23460,2023,290.0325,269.5775,20.45500000000004,7.58779942688097
23460,"Gadsden, AL",01055,Etowah County,Alabama,"Gadsden, AL",23460,2024,309.0575,290.0325,19.024999999999977,6.559609698913049
23460,"Gadsden, AL",01055,Etowah County,Alabama,"Gadsden, AL",23460,2025,316.475,309.0575,7.417500000000018,2.4000388277262363
23540,"Gainesville, FL",12001,Alachua County,Florida,"Gainesville, FL",23540,2022,351.7,294.08500000000004,57.61499999999995,19.59127463148407
23540,"Gainesville, FL",12001,Alachua County,Florida,"Gainesville, FL",23540,2023,379.7975,351.7,28.097500000000025,7.989053170315619
23540,"Gainesville, FL",12001,Alachua County,Florida,"Gainesville, FL",23540,2024,402.94,379.7975,23.142499999999984,6.093378708390662
23540,"Gainesville, FL",12001,Alachua County,Florida,"Gainesville, FL",23540,2025,406.255,402.94,3.3149999999999977,0.8227031319799405
23540,"Gainesville, FL",12041,Gilchrist County,Florida,"Gainesville, FL",23540,2022,351.7,294.08500000000004,57.61499999999995,19.59127463148407
23540,"Gainesville, FL",12041,Gilchrist County,Florida,"Gainesville, FL",23540,2023,379.7975,351.7,28.097500000000025,7.989053170315619
23540,"Gainesville, FL",12041,Gilchrist County,Florida,"Gainesville, FL",23540,2024,402.94,379.7975,23.142499999999984,6.093378708390662
23540,"Gainesville, FL",12041,Gilchrist County,Florida,"Gainesville, FL",23540,2025,406.255,402.94,3.3149999999999977,0.8227031319799405
23540,"Gainesville, FL",12075,Levy County,Florida,"Gainesville, FL",23540,2022,351.7,294.08500000000004,57.61499999999995,19.59127463148407
23540,"Gainesville, FL",12075,Levy County,Florida,"Gainesville, FL",23540,2023,379.7975,351.7,28.097500000000025,7.989053170315619
23540,"Gainesville, FL",12075,Levy County,Florida,"Gainesville, FL",23540,2024,402.94,379.7975,23.142499999999984,6.093378708390662
23540,"Gainesville, FL",12075,Levy County,Florida,"Gainesville, FL",23540,2025,406.255,402.94,3.3149999999999977,0.8227031319799405
23580,"Gainesville, GA",13139,Hall County,Georgia,"Gainesville, GA",23580,2022,342.69,273.38,69.31,25.352988514156127
23580,"Gainesville, GA",13139,Hall County,Georgia,"Gainesville, GA",23580,2023,365.45,342.69,22.75999999999999,6.6415710992442145
23580,"Gainesville, GA",13139,Hall County,Georgia,"Gainesville, GA",23580,2024,391.36,365.45,25.910000000000025,7.089889177726105
23580,"Gainesville, GA",13139,Hall County,Georgia,"Gainesville, GA",23580,2025,401.785,391.36,10.425000000000011,2.663787816843821
23900,"Gettysburg, PA",42001,Adams County,Pennsylvania,"Gettysburg, PA",23900,2022,265.7925,236.555,29.23750000000001,12.359704931199932
23900,"Gettysburg, PA",42001,Adams County,Pennsylvania,"Gettysburg, PA",23900,2023,284.165,265.7925,18.372500000000002,6.912347037632749
23900,"Gettysburg, PA",42001,Adams County,Pennsylvania,"Gettysburg, PA",23900,2024,303.08000000000004,284.165,18.91500000000002,6.656344025478167
23900,"Gettysburg, PA",42001,Adams County,Pennsylvania,"Gettysburg, PA",23900,2025,307.765,303.08000000000004,4.684999999999945,1.545796489375717
24020,"Glens Falls, NY",36113,Warren County,New York,"Glens Falls, NY",24020,2022,282.03,248.0725,33.95749999999998,13.688538632859348
24020,"Glens Falls, NY",36113,Warren County,New York,"Glens Falls, NY",24020,2023,304.98,282.03,22.950000000000045,8.137432188065109
24020,"Glens Falls, NY",36113,Warren County,New York,"Glens Falls, NY",24020,2024,319.1375,304.98,14.15749999999997,4.642107679192065
24020,"Glens Falls, NY",36113,Warren County,New York,"Glens Falls, NY",24020,2025,337.18499999999995,319.1375,18.047499999999957,5.655085973914042
24020,"Glens Falls, NY",36115,Washington County,New York,"Glens Falls, NY",24020,2022,282.03,248.0725,33.95749999999998,13.688538632859348
24020,"Glens Falls, NY",36115,Washington County,New York,"Glens Falls, NY",24020,2023,304.98,282.03,22.950000000000045,8.137432188065109
24020,"Glens Falls, NY",36115,Washington County,New York,"Glens Falls, NY",24020,2024,319.1375,304.98,14.15749999999997,4.642107679192065
24020,"Glens Falls, NY",36115,Washington County,New York,"Glens Falls, NY",24020,2025,337.18499999999995,319.1375,18.047499999999957,5.655085973914042
24140,"Goldsboro, NC",37191,Wayne County,North Carolina,"Goldsboro, NC",24140,2022,233.215,194.265,38.95000000000002,20.04993179419865
24140,"Goldsboro, NC",37191,Wayne County,North Carolina,"Goldsboro, NC",24140,2023,255.28249999999997,233.215,22.067499999999967,9.462298737216713
24140,"Goldsboro, NC",37191,Wayne County,North Carolina,"Goldsboro, NC",24140,2024,274.7675,255.28249999999997,19.485000000000014,7.632720613438071
24140,"Goldsboro, NC",37191,Wayne County,North Carolina,"Goldsboro, NC",24140,2025,285.315,274.7675,10.547500000000014,3.8386999918112563
24220,"Grand Forks, ND-MN",27119,Polk County,Minnesota,"Grand Forks, ND-MN",24220,2022,294.185,265.65250000000003,28.53249999999997,10.740535097542825
24220,"Grand Forks, ND-MN",27119,Polk County,Minnesota,"Grand Forks, ND-MN",24220,2023,297.8275,294.185,3.642499999999984,1.2381664598806852
24220,"Grand Forks, ND-MN",27119,Polk County,Minnesota,"Grand Forks, ND-MN",24220,2024,319.5425,297.8275,21.715000000000032,7.291133290243534
24220,"Grand Forks, ND-MN",27119,Polk County,Minnesota,"Grand Forks, ND-MN",24220,2025,325.63,319.5425,6.087499999999977,1.9050674010499424
24220,"Grand Forks, ND-MN",38035,Grand Forks County,North Dakota,"Grand Forks, ND-MN",24220,2022,294.185,265.65250000000003,28.53249999999997,10.740535097542825
24220,"Grand Forks, ND-MN",38035,Grand Forks County,North Dakota,"Grand Forks, ND-MN",24220,2023,297.8275,294.185,3.642499999999984,1.2381664598806852
24220,"Grand Forks, ND-MN",38035,Grand Forks County,North Dakota,"Grand Forks, ND-MN",24220,2024,319.5425,297.8275,21.715000000000032,7.291133290243534
24220,"Grand Forks, ND-MN",38035,Grand Forks County,North Dakota,"Grand Forks, ND-MN",24220,2025,325.63,319.5425,6.087499999999977,1.9050674010499424
24260,"Grand Island, NE",31079,Hall County,Nebraska,"Grand Island, NE",24260,2022,297.275,254.95499999999998,42.31999999999999,16.59900766801985
24260,"Grand Island, NE",31079,Hall County,Nebraska,"Grand Island, NE",24260,2023,317.345,297.275,20.07000000000005,6.751324531158032
24260,"Grand Island, NE",31079,Hall County,Nebraska,"Grand Island, NE",24260,2024,335.0225,317.345,17.677499999999952,5.570435960862774
24260,"Grand Island, NE",31079,Hall County,Nebraska,"Grand Island, NE",24260,2025,362.43,335.0225,27.407500000000027,8.180793827280276
24260,"Grand Island, NE",31093,Howard County,Nebraska,"Grand Island, NE",24260,2022,297.275,254.95499999999998,42.31999999999999,16.59900766801985
24260,"Grand Island, NE",31093,Howard County,Nebraska,"Grand Island, NE",24260,2023,317.345,297.275,20.07000000000005,6.751324531158032
24260,"Grand Island, NE",31093,Howard County,Nebraska,"Grand Island, NE",24260,2024,335.0225,317.345,17.677499999999952,5.570435960862774
24260,"Grand Island, NE",31093,Howard County,Nebraska,"Grand Island, NE",24260,2025,362.43,335.0225,27.407500000000027,8.180793827280276
24260,"Grand Island, NE",31121,Merrick County,Nebraska,"Grand Island, NE",24260,2022,297.275,254.95499999999998,42.31999999999999,16.59900766801985
24260,"Grand Island, NE",31121,Merrick County,Nebraska,"Grand Island, NE",24260,2023,317.345,297.275,20.07000000000005,6.751324531158032
24260,"Grand Island, NE",31121,Merrick County,Nebraska,"Grand Island, NE",24260,2024,335.0225,317.345,17.677499999999952,5.570435960862774
24260,"Grand Island, NE",31121,Merrick County,Nebraska,"Grand Island, NE",24260,2025,362.43,335.0225,27.407500000000027,8.180793827280276
24300,"Grand Junction, CO",08077,Mesa County,Colorado,"Grand Junction, CO",24300,2022,389.62,340.405,49.21500000000003,14.457778234749785
24300,"Grand Junction, CO",08077,Mesa County,Colorado,"Grand Junction, CO",24300,2023,412.4125,389.62,22.792500000000018,5.8499307017093605
24300,"Grand Junction, CO",08077,Mesa County,Colorado,"Grand Junction, CO",24300,2024,438.6975,412.4125,26.284999999999968,6.373473160973542
24300,"Grand Junction, CO",08077,Mesa County,Colorado,"Grand Junction, CO",24300,2025,456.725,438.6975,18.027500000000032,4.109323622769678
24340,"Grand Rapids-Wyoming-Kentwood, MI",26015,Barry County,Michigan,"Grand Rapids-Wyoming-Kentwood, MI",24340,2022,342.52125,299.92,42.60124999999999,14.204204454521197
24340,"Grand Rapids-Wyoming-Kentwood, MI",26015,Barry County,Michigan,"Grand Rapids-Wyoming-Kentwood, MI",24340,2023,367.0825,342.52125,24.561249999999973,7.170722984340383
24340,"Grand Rapids-Wyoming-Kentwood, MI",26015,Barry County,Michigan,"Grand Rapids-Wyoming-Kentwood, MI",24340,2024,395.1775,367.0825,28.095000000000027,7.653592857191516
24340,"Grand Rapids-Wyoming-Kentwood, MI",26015,Barry County,Michigan,"Grand Rapids-Wyoming-Kentwood, MI",24340,2025,410.8425,395.1775,15.664999999999964,3.964041475033353
24340,"Grand Rapids-Wyoming-Kentwood, MI",26067,Ionia County,Michigan,"Grand Rapids-Wyoming-Kentwood, MI",24340,2022,342.52125,299.92,42.60124999999999,14.204204454521197
24340,"Grand Rapids-Wyoming-Kentwood, MI",26067,Ionia County,Michigan,"Grand Rapids-Wyoming-Kentwood, MI",24340,2023,367.0825,342.52125,24.561249999999973,7.170722984340383
24340,"Grand Rapids-Wyoming-Kentwood, MI",26067,Ionia County,Michigan,"Grand Rapids-Wyoming-Kentwood, MI",24340,2024,395.1775,367.0825,28.095000000000027,7.653592857191516
24340,"Grand Rapids-Wyoming-Kentwood, MI",26067,Ionia County,Michigan,"Grand Rapids-Wyoming-Kentwood, MI",24340,2025,410.8425,395.1775,15.664999999999964,3.964041475033353
24340,"Grand Rapids-Wyoming-Kentwood, MI",26081,Kent County,Michigan,"Grand Rapids-Wyoming-Kentwood, MI",24340,2022,342.52125,299.92,42.60124999999999,14.204204454521197
24340,"Grand Rapids-Wyoming-Kentwood, MI",26081,Kent County,Michigan,"Grand Rapids-Wyoming-Kentwood, MI",24340,2023,367.0825,342.52125,24.561249999999973,7.170722984340383
24340,"Grand Rapids-Wyoming-Kentwood, MI",26081,Kent County,Michigan,"Grand Rapids-Wyoming-Kentwood, MI",24340,2024,395.1775,367.0825,28.095000000000027,7.653592857191516
24340,"Grand Rapids-Wyoming-Kentwood, MI",26081,Kent County,Michigan,"Grand Rapids-Wyoming-Kentwood, MI",24340,2025,410.8425,395.1775,15.664999999999964,3.964041475033353
24340,"Grand Rapids-Wyoming-Kentwood, MI",26117,Montcalm County,Michigan,"Grand Rapids-Wyoming-Kentwood, MI",24340,2022,342.52125,299.92,42.60124999999999,14.204204454521197
24340,"Grand Rapids-Wyoming-Kentwood, MI",26117,Montcalm County,Michigan,"Grand Rapids-Wyoming-Kentwood, MI",24340,2023,367.0825,342.52125,24.561249999999973,7.170722984340383
24340,"Grand Rapids-Wyoming-Kentwood, MI",26117,Montcalm County,Michigan,"Grand Rapids-Wyoming-Kentwood, MI",24340,2024,395.1775,367.0825,28.095000000000027,7.653592857191516
24340,"Grand Rapids-Wyoming-Kentwood, MI",26117,Montcalm County,Michigan,"Grand Rapids-Wyoming-Kentwood, MI",24340,2025,410.8425,395.1775,15.664999999999964,3.964041475033353
24340,"Grand Rapids-Wyoming-Kentwood, MI",26139,Ottawa County,Michigan,"Grand Rapids-Wyoming-Kentwood, MI",24340,2022,342.52125,299.92,42.60124999999999,14.204204454521197
24340,"Grand Rapids-Wyoming-Kentwood, MI",26139,Ottawa County,Michigan,"Grand Rapids-Wyoming-Kentwood, MI",24340,2023,367.0825,342.52125,24.561249999999973,7.170722984340383
24340,"Grand Rapids-Wyoming-Kentwood, MI",26139,Ottawa County,Michigan,"Grand Rapids-Wyoming-Kentwood, MI",24340,2024,395.1775,367.0825,28.095000000000027,7.653592857191516
24340,"Grand Rapids-Wyoming-Kentwood, MI",26139,Ottawa County,Michigan,"Grand Rapids-Wyoming-Kentwood, MI",24340,2025,410.8425,395.1775,15.664999999999964,3.964041475033353
24420,"Grants Pass, OR",41033,Josephine County,Oregon,"Grants Pass, OR",24420,2022,381.23749999999995,344.1375,37.099999999999966,10.780574624968198
24420,"Grants Pass, OR",41033,Josephine County,Oregon,"Grants Pass, OR",24420,2023,383.545,381.23749999999995,2.3075000000000614,0.6052657464179267
24420,"Grants Pass, OR",41033,Josephine County,Oregon,"Grants Pass, OR",24420,2024,387.7125,383.545,4.167499999999961,1.0865739352618142
24420,"Grants Pass, OR",41033,Josephine County,Oregon,"Grants Pass, OR",24420,2025,405.24,387.7125,17.527500000000032,4.520746687300514
24500,"Great Falls, MT",30013,Cascade County,Montana,"Great Falls, MT",24500,2022,334.2425,276.7325,57.50999999999999,20.78180192062731
24500,"Great Falls, MT",30013,Cascade County,Montana,"Great Falls, MT",24500,2023,369.5575,334.2425,35.315,10.56568210206661
24500,"Great Falls, MT",30013,Cascade County,Montana,"Great Falls, MT",24500,2024,389.5375,369.5575,19.980000000000018,5.40646584090434
24500,"Great Falls, MT",30013,Cascade County,Montana,"Great Falls, MT",24500,2025,398.865,389.5375,9.327499999999986,2.3945063055546667
24540,"Greeley, CO",08123,Weld County,Colorado,"Greeley, CO",24540,2022,398.3075,345.7075,52.60000000000002,15.215174678015387
24540,"Greeley, CO",08123,Weld County,Colorado,"Greeley, CO",24540,2023,406.7225,398.3075,8.41500000000002,2.112689316671168
24540,"Greeley, CO",08123,Weld County,Colorado,"Greeley, CO",24540,2024,418.20000000000005,406.7225,11.47750000000002,2.821948625905879
24540,"Greeley, CO",08123,Weld County,Colorado,"Greeley, CO",24540,2025,425.03,418.20000000000005,6.829999999999927,1.633189861310358
24580,"Green Bay, WI",55009,Brown County,Wisconsin,"Green Bay, WI",24580,2022,259.1675,220.8375,38.33000000000001,17.35665364804437
24580,"Green Bay, WI",55009,Brown County,Wisconsin,"Green Bay, WI",24580,2023,287.1675,259.1675,28.0,10.80382378191711
24580,"Green Bay, WI",55009,Brown County,Wisconsin,"Green Bay, WI",24580,2024,310.93,287.1675,23.76249999999999,8.27478736277607
24580,"Green Bay, WI",55009,Brown County,Wisconsin,"Green Bay, WI",24580,2025,326.495,310.93,15.564999999999998,5.00594989225871
24580,"Green Bay, WI",55061,Kewaunee County,Wisconsin,"Green Bay, WI",24580,2022,259.1675,220.8375,38.33000000000001,17.35665364804437
24580,"Green Bay, WI",55061,Kewaunee County,Wisconsin,"Green Bay, WI",24580,2023,287.1675,259.1675,28.0,10.80382378191711
24580,"Green Bay, WI",55061,Kewaunee County,Wisconsin,"Green Bay, WI",24580,2024,310.93,287.1675,23.76249999999999,8.27478736277607
24580,"Green Bay, WI",55061,Kewaunee County,Wisconsin,"Green Bay, WI",24580,2025,326.495,310.93,15.564999999999998,5.00594989225871
24580,"Green Bay, WI",55083,Oconto County,Wisconsin,"Green Bay, WI",24580,2022,259.1675,220.8375,38.33000000000001,17.35665364804437
24580,"Green Bay, WI",55083,Oconto County,Wisconsin,"Green Bay, WI",24580,2023,287.1675,259.1675,28.0,10.80382378191711
24580,"Green Bay, WI",55083,Oconto County,Wisconsin,"Green Bay, WI",24580,2024,310.93,287.1675,23.76249999999999,8.27478736277607
24580,"Green Bay, WI",55083,Oconto County,Wisconsin,"Green Bay, WI",24580,2025,326.495,310.93,15.564999999999998,5.00594989225871
24660,"Greensboro-High Point, NC",37081,Guilford County,North Carolina,"Greensboro-High Point, NC",24660,2022,269.2125,226.17374999999998,43.03874999999999,19.029065044020356
24660,"Greensboro-High Point, NC",37081,Guilford County,North Carolina,"Greensboro-High Point, NC",24660,2023,290.4775,269.2125,21.265000000000043,7.898964572596023
24660,"Greensboro-High Point, NC",37081,Guilford County,North Carolina,"Greensboro-High Point, NC",24660,2024,309.07375,290.4775,18.596249999999998,6.401958843628153
24660,"Greensboro-High Point, NC",37081,Guilford County,North Carolina,"Greensboro-High Point, NC",24660,2025,318.9625,309.07375,9.888749999999959,3.1994790887288183
24660,"Greensboro-High Point, NC",37151,Randolph County,North Carolina,"Greensboro-High Point, NC",24660,2022,269.2125,226.17374999999998,43.03874999999999,19.029065044020356
24660,"Greensboro-High Point, NC",37151,Randolph County,North Carolina,"Greensboro-High Point, NC",24660,2023,290.4775,269.2125,21.265000000000043,7.898964572596023
24660,"Greensboro-High Point, NC",37151,Randolph County,North Carolina,"Greensboro-High Point, NC",24660,2024,309.07375,290.4775,18.596249999999998,6.401958843628153
24660,"Greensboro-High Point, NC",37151,Randolph County,North Carolina,"Greensboro-High Point, NC",24660,2025,318.9625,309.07375,9.888749999999959,3.1994790887288183
24660,"Greensboro-High Point, NC",37157,Rockingham County,North Carolina,"Greensboro-High Point, NC",24660,2022,269.2125,226.17374999999998,43.03874999999999,19.029065044020356
24660,"Greensboro-High Point, NC",37157,Rockingham County,North Carolina,"Greensboro-High Point, NC",24660,2023,290.4775,269.2125,21.265000000000043,7.898964572596023
24660,"Greensboro-High Point, NC",37157,Rockingham County,North Carolina,"Greensboro-High Point, NC",24660,2024,309.07375,290.4775,18.596249999999998,6.401958843628153
24660,"Greensboro-High Point, NC",37157,Rockingham County,North Carolina,"Greensboro-High Point, NC",24660,2025,318.9625,309.07375,9.888749999999959,3.1994790887288183
24780,"Greenville, NC",37147,Pitt County,North Carolina,"Greenville, NC",24780,2022,233.9525,196.0,37.952499999999986,19.363520408163247
24780,"Greenville, NC",37147,Pitt County,North Carolina,"Greenville, NC",24780,2023,249.365,233.9525,15.412500000000023,6.587875744007876
24780,"Greenville, NC",37147,Pitt County,North Carolina,"Greenville, NC",24780,2024,265.64,249.365,16.274999999999977,6.526577506867426
24780,"Greenville, NC",37147,Pitt County,North Carolina,"Greenville, NC",24780,2025,269.32500000000005,265.64,3.685000000000059,1.3872157807559349
24860,"Greenville-Anderson-Greer, SC",45007,Anderson County,South Carolina,"Greenville-Anderson-Greer, SC",24860,2022,359.0875,301.40375,57.683749999999975,19.13836506679163
24860,"Greenville-Anderson-Greer, SC",45007,Anderson County,South Carolina,"Greenville-Anderson-Greer, SC",24860,2023,386.54375,359.0875,27.45625000000001,7.6461168935148205
24860,"Greenville-Anderson-Greer, SC",45007,Anderson County,South Carolina,"Greenville-Anderson-Greer, SC",24860,2024,413.5375,386.54375,26.993750000000034,6.98336216793054
24860,"Greenville-Anderson-Greer, SC",45007,Anderson County,South Carolina,"Greenville-Anderson-Greer, SC",24860,2025,426.40999999999997,413.5375,12.872499999999945,3.1127769549315287
24860,"Greenville-Anderson-Greer, SC",45045,Greenville County,South Carolina,"Greenville-Anderson-Greer, SC",24860,2022,359.0875,301.40375,57.683749999999975,19.13836506679163
24860,"Greenville-Anderson-Greer, SC",45045,Greenville County,South Carolina,"Greenville-Anderson-Greer, SC",24860,2023,386.54375,359.0875,27.45625000000001,7.6461168935148205
24860,"Greenville-Anderson-Greer, SC",45045,Greenville County,South Carolina,"Greenville-Anderson-Greer, SC",24860,2024,413.5375,386.54375,26.993750000000034,6.98336216793054
24860,"Greenville-Anderson-Greer, SC",45045,Greenville County,South Carolina,"Greenville-Anderson-Greer, SC",24860,2025,426.40999999999997,413.5375,12.872499999999945,3.1127769549315287
24860,"Greenville-Anderson-Greer, SC",45059,Laurens County,South Carolina,"Greenville-Anderson-Greer, SC",24860,2022,359.0875,301.40375,57.683749999999975,19.13836506679163
24860,"Greenville-Anderson-Greer, SC",45059,Laurens County,South Carolina,"Greenville-Anderson-Greer, SC",24860,2023,386.54375,359.0875,27.45625000000001,7.6461168935148205
24860,"Greenville-Anderson-Greer, SC",45059,Laurens County,South Carolina,"Greenville-Anderson-Greer, SC",24860,2024,413.5375,386.54375,26.993750000000034,6.98336216793054
24860,"Greenville-Anderson-Greer, SC",45059,Laurens County,South Carolina,"Greenville-Anderson-Greer, SC",24860,2025,426.40999999999997,413.5375,12.872499999999945,3.1127769549315287
24860,"Greenville-Anderson-Greer, SC",45077,Pickens County,South Carolina,"Greenville-Anderson-Greer, SC",24860,2022,359.0875,301.40375,57.683749999999975,19.13836506679163
24860,"Greenville-Anderson-Greer, SC",45077,Pickens County,South Carolina,"Greenville-Anderson-Greer, SC",24860,2023,386.54375,359.0875,27.45625000000001,7.6461168935148205
24860,"Greenville-Anderson-Greer, SC",45077,Pickens County,South Carolina,"Greenville-Anderson-Greer, SC",24860,2024,413.5375,386.54375,26.993750000000034,6.98336216793054
24860,"Greenville-Anderson-Greer, SC",45077,Pickens County,South Carolina,"Greenville-Anderson-Greer, SC",24860,2025,426.40999999999997,413.5375,12.872499999999945,3.1127769549315287
25060,"Gulfport-Biloxi, MS",28045,Hancock County,Mississippi,"Gulfport-Biloxi, MS",25060,2022,274.5925,236.0575,38.53499999999997,16.32441248424641
25060,"Gulfport-Biloxi, MS",28045,Hancock County,Mississippi,"Gulfport-Biloxi, MS",25060,2023,291.78999999999996,274.5925,17.19749999999999,6.262916867722157
25060,"Gulfport-Biloxi, MS",28045,Hancock County,Mississippi,"Gulfport-Biloxi, MS",25060,2024,305.455,291.78999999999996,13.66500000000002,4.683162548408104
25060,"Gulfport-Biloxi, MS",28045,Hancock County,Mississippi,"Gulfport-Biloxi, MS",25060,2025,311.31,305.455,5.855000000000018,1.9168126237907535
25060,"Gulfport-Biloxi, MS",28047,Harrison County,Mississippi,"Gulfport-Biloxi, MS",25060,2022,274.5925,236.0575,38.53499999999997,16.32441248424641
25060,"Gulfport-Biloxi, MS",28047,Harrison County,Mississippi,"Gulfport-Biloxi, MS",25060,2023,291.78999999999996,274.5925,17.19749999999999,6.262916867722157
25060,"Gulfport-Biloxi, MS",28047,Harrison County,Mississippi,"Gulfport-Biloxi, MS",25060,2024,305.455,291.78999999999996,13.66500000000002,4.683162548408104
25060,"Gulfport-Biloxi, MS",28047,Harrison County,Mississippi,"Gulfport-Biloxi, MS",25060,2025,311.31,305.455,5.855000000000018,1.9168126237907535
25060,"Gulfport-Biloxi, MS",28059,Jackson County,Mississippi,"Gulfport-Biloxi, MS",25060,2022,274.5925,236.0575,38.53499999999997,16.32441248424641
25060,"Gulfport-Biloxi, MS",28059,Jackson County,Mississippi,"Gulfport-Biloxi, MS",25060,2023,291.78999999999996,274.5925,17.19749999999999,6.262916867722157
25060,"Gulfport-Biloxi, MS",28059,Jackson County,Mississippi,"Gulfport-Biloxi, MS",25060,2024,305.455,291.78999999999996,13.66500000000002,4.683162548408104
25060,"Gulfport-Biloxi, MS",28059,Jackson County,Mississippi,"Gulfport-Biloxi, MS",25060,2025,311.31,305.455,5.855000000000018,1.9168126237907535
25060,"Gulfport-Biloxi, MS",28131,Stone County,Mississippi,"Gulfport-Biloxi, MS",25060,2022,274.5925,236.0575,38.53499999999997,16.32441248424641
25060,"Gulfport-Biloxi, MS",28131,Stone County,Mississippi,"Gulfport-Biloxi, MS",25060,2023,291.78999999999996,274.5925,17.19749999999999,6.262916867722157
25060,"Gulfport-Biloxi, MS",28131,Stone County,Mississippi,"Gulfport-Biloxi, MS",25060,2024,305.455,291.78999999999996,13.66500000000002,4.683162548408104
25060,"Gulfport-Biloxi, MS",28131,Stone County,Mississippi,"Gulfport-Biloxi, MS",25060,2025,311.31,305.455,5.855000000000018,1.9168126237907535
25180,"Hagerstown-Martinsburg, MD-WV",24043,Washington County,Maryland,"Hagerstown-Martinsburg, MD-WV",25180,2022,269.7725,235.945,33.827499999999986,14.33702769713281
25180,"Hagerstown-Martinsburg, MD-WV",24043,Washington County,Maryland,"Hagerstown-Martinsburg, MD-WV",25180,2023,285.2175,269.7725,15.444999999999993,5.72519437674337
25180,"Hagerstown-Martinsburg, MD-WV",24043,Washington County,Maryland,"Hagerstown-Martinsburg, MD-WV",25180,2024,309.5225,285.2175,24.305000000000007,8.521566874402865
25180,"Hagerstown-Martinsburg, MD-WV",24043,Washington County,Maryland,"Hagerstown-Martinsburg, MD-WV",25180,2025,320.74,309.5225,11.21750000000003,3.624130717476115
25180,"Hagerstown-Martinsburg, MD-WV",54003,Berkeley County,West Virginia,"Hagerstown-Martinsburg, MD-WV",25180,2022,269.7725,235.945,33.827499999999986,14.33702769713281
25180,"Hagerstown-Martinsburg, MD-WV",54003,Berkeley County,West Virginia,"Hagerstown-Martinsburg, MD-WV",25180,2023,285.2175,269.7725,15.444999999999993,5.72519437674337
25180,"Hagerstown-Martinsburg, MD-WV",54003,Berkeley County,West Virginia,"Hagerstown-Martinsburg, MD-WV",25180,2024,309.5225,285.2175,24.305000000000007,8.521566874402865
25180,"Hagerstown-Martinsburg, MD-WV",54003,Berkeley County,West Virginia,"Hagerstown-Martinsburg, MD-WV",25180,2025,320.74,309.5225,11.21750000000003,3.624130717476115
25180,"Hagerstown-Martinsburg, MD-WV",54065,Morgan County,West Virginia,"Hagerstown-Martinsburg, MD-WV",25180,2022,269.7725,235.945,33.827499999999986,14.33702769713281
25180,"Hagerstown-Martinsburg, MD-WV",54065,Morgan County,West Virginia,"Hagerstown-Martinsburg, MD-WV",25180,2023,285.2175,269.7725,15.444999999999993,5.72519437674337
25180,"Hagerstown-Martinsburg, MD-WV",54065,Morgan County,West Virginia,"Hagerstown-Martinsburg, MD-WV",25180,2024,309.5225,285.2175,24.305000000000007,8.521566874402865
25180,"Hagerstown-Martinsburg, MD-WV",54065,Morgan County,West Virginia,"Hagerstown-Martinsburg, MD-WV",25180,2025,320.74,309.5225,11.21750000000003,3.624130717476115
25220,"Hammond, LA",22105,Tangipahoa Parish,Louisiana,"Hammond, LA",25220,2022,277.7525,242.69,35.0625,14.447443240347768
25220,"Hammond, LA",22105,Tangipahoa Parish,Louisiana,"Hammond, LA",25220,2023,283.23,277.7525,5.4775000000000205,1.972079459230791
25220,"Hammond, LA",22105,Tangipahoa Parish,Louisiana,"Hammond, LA",25220,2024,296.4375,283.23,13.207499999999982,4.663171274229416
25220,"Hammond, LA",22105,Tangipahoa Parish,Louisiana,"Hammond, LA",25220,2025,302.625,296.4375,6.1875,2.0872865275142205
25260,"Hanford-Corcoran, CA",06031,Kings County,California,"Hanford-Corcoran, CA",25260,2022,301.75,262.1975,39.55250000000001,15.085002717417218
25260,"Hanford-Corcoran, CA",06031,Kings County,California,"Hanford-Corcoran, CA",25260,2023,317.335,301.75,15.58499999999998,5.164871582435793
25260,"Hanford-Corcoran, CA",06031,Kings County,California,"Hanford-Corcoran, CA",25260,2024,325.2275,317.335,7.892500000000041,2.4871192903398676
25260,"Hanford-Corcoran, CA",06031,Kings County,California,"Hanford-Corcoran, CA",25260,2025,346.53499999999997,325.2275,21.307499999999948,6.551567748729714
25420,"Harrisburg-Carlisle, PA",42041,Cumberland County,Pennsylvania,"Harrisburg-Carlisle, PA",25420,2022,249.5275,217.85500000000002,31.672499999999985,14.538339721374305
25420,"Harrisburg-Carlisle, PA",42041,Cumberland County,Pennsylvania,"Harrisburg-Carlisle, PA",25420,2023,269.14,249.5275,19.612499999999983,7.8598551261884975
25420,"Harrisburg-Carlisle, PA",42041,Cumberland County,Pennsylvania,"Harrisburg-Carlisle, PA",25420,2024,287.96500000000003,269.14,18.825000000000045,6.994501003195386
25420,"Harrisburg-Carlisle, PA",42041,Cumberland County,Pennsylvania,"Harrisburg-Carlisle, PA",25420,2025,300.03,287.96500000000003,12.06499999999994,4.18974528154461
25420,"Harrisburg-Carlisle, PA",42043,Dauphin County,Pennsylvania,"Harrisburg-Carlisle, PA",25420,2022,249.5275,217.85500000000002,31.672499999999985,14.538339721374305
25420,"Harrisburg-Carlisle, PA",42043,Dauphin County,Pennsylvania,"Harrisburg-Carlisle, PA",25420,2023,269.14,249.5275,19.612499999999983,7.8598551261884975
25420,"Harrisburg-Carlisle, PA",42043,Dauphin County,Pennsylvania,"Harrisburg-Carlisle, PA",25420,2024,287.96500000000003,269.14,18.825000000000045,6.994501003195386
25420,"Harrisburg-Carlisle, PA",42043,Dauphin County,Pennsylvania,"Harrisburg-Carlisle, PA",25420,2025,300.03,287.96500000000003,12.06499999999994,4.18974528154461
25420,"Harrisburg-Carlisle, PA",42099,Perry County,Pennsylvania,"Harrisburg-Carlisle, PA",25420,2022,249.5275,217.85500000000002,31.672499999999985,14.538339721374305
25420,"Harrisburg-Carlisle, PA",42099,Perry County,Pennsylvania,"Harrisburg-Carlisle, PA",25420,2023,269.14,249.5275,19.612499999999983,7.8598551261884975
25420,"Harrisburg-Carlisle, PA",42099,Perry County,Pennsylvania,"Harrisburg-Carlisle, PA",25420,2024,287.96500000000003,269.14,18.825000000000045,6.994501003195386
25420,"Harrisburg-Carlisle, PA",42099,Perry County,Pennsylvania,"Harrisburg-Carlisle, PA",25420,2025,300.03,287.96500000000003,12.06499999999994,4.18974528154461
25500,"Harrisonburg, VA",51165,Rockingham County,Virginia,"Harrisonburg, VA",25500,2022,282.545,244.26,38.285000000000025,15.67387210349629
25500,"Harrisonburg, VA",51165,Rockingham County,Virginia,"Harrisonburg, VA",25500,2023,299.615,282.545,17.069999999999993,6.041515510803586
25500,"Harrisonburg, VA",51165,Rockingham County,Virginia,"Harrisonburg, VA",25500,2024,319.555,299.615,19.939999999999998,6.655207516312611
25500,"Harrisonburg, VA",51165,Rockingham County,Virginia,"Harrisonburg, VA",25500,2025,336.525,319.555,16.96999999999997,5.310509927868434
25500,"Harrisonburg, VA",51660,Harrisonburg city,Virginia,"Harrisonburg, VA",25500,2022,282.545,244.26,38.285000000000025,15.67387210349629
25500,"Harrisonburg, VA",51660,Harrisonburg city,Virginia,"Harrisonburg, VA",25500,2023,299.615,282.545,17.069999999999993,6.041515510803586
25500,"Harrisonburg, VA",51660,Harrisonburg city,Virginia,"Harrisonburg, VA",25500,2024,319.555,299.615,19.939999999999998,6.655207516312611
25500,"Harrisonburg, VA",51660,Harrisonburg city,Virginia,"Harrisonburg, VA",25500,2025,336.525,319.555,16.96999999999997,5.310509927868434
25540,"Hartford-West Hartford-East Hartford, CT",09110,Capitol Planning Region,Connecticut,"Hartford-West Hartford-East Hartford, CT",25540,2022,227.0375,201.255,25.7825,12.810861841941822
25540,"Hartford-West Hartford-East Hartford, CT",09110,Capitol Planning Region,Connecticut,"Hartford-West Hartford-East Hartford, CT",25540,2023,248.095,227.0375,21.057500000000005,9.274899521004244
25540,"Hartford-West Hartford-East Hartford, CT",09110,Capitol Planning Region,Connecticut,"Hartford-West Hartford-East Hartford, CT",25540,2024,272.975,248.095,24.880000000000024,10.028416533989004
25540,"Hartford-West Hartford-East Hartford, CT",09110,Capitol Planning Region,Connecticut,"Hartford-West Hartford-East Hartford, CT",25540,2025,289.6275,272.975,16.652499999999975,6.10037549226119
25540,"Hartford-West Hartford-East Hartford, CT",09130,Lower Connecticut River Valley Planning Region,Connecticut,"Hartford-West Hartford-East Hartford, CT",25540,2022,227.0375,201.255,25.7825,12.810861841941822
25540,"Hartford-West Hartford-East Hartford, CT",09130,Lower Connecticut River Valley Planning Region,Connecticut,"Hartford-West Hartford-East Hartford, CT",25540,2023,248.095,227.0375,21.057500000000005,9.274899521004244
25540,"Hartford-West Hartford-East Hartford, CT",09130,Lower Connecticut River Valley Planning Region,Connecticut,"Hartford-West Hartford-East Hartford, CT",25540,2024,272.975,248.095,24.880000000000024,10.028416533989004
25540,"Hartford-West Hartford-East Hartford, CT",09130,Lower Connecticut River Valley Planning Region,Connecticut,"Hartford-West Hartford-East Hartford, CT",25540,2025,289.6275,272.975,16.652499999999975,6.10037549226119
25620,"Hattiesburg, MS",28035,Forrest County,Mississippi,"Hattiesburg, MS",25620,2022,266.145,230.8725,35.27249999999998,15.27791313387259
25620,"Hattiesburg, MS",28035,Forrest County,Mississippi,"Hattiesburg, MS",25620,2023,276.3675,266.145,10.222500000000025,3.8409513611001644
25620,"Hattiesburg, MS",28035,Forrest County,Mississippi,"Hattiesburg, MS",25620,2024,300.195,276.3675,23.827499999999986,8.621672229911258
25620,"Hattiesburg, MS",28035,Forrest County,Mississippi,"Hattiesburg, MS",25620,2025,320.105,300.195,19.910000000000025,6.632355635503595
25620,"Hattiesburg, MS",28073,Lamar County,Mississippi,"Hattiesburg, MS",25620,2022,266.145,230.8725,35.27249999999998,15.27791313387259
25620,"Hattiesburg, MS",28073,Lamar County,Mississippi,"Hattiesburg, MS",25620,2023,276.3675,266.145,10.222500000000025,3.8409513611001644
25620,"Hattiesburg, MS",28073,Lamar County,Mississippi,"Hattiesburg, MS",25620,2024,300.195,276.3675,23.827499999999986,8.621672229911258
25620,"Hattiesburg, MS",28073,Lamar County,Mississippi,"Hattiesburg, MS",25620,2025,320.105,300.195,19.910000000000025,6.632355635503595
25620,"Hattiesburg, MS",28111,Perry County,Mississippi,"Hattiesburg, MS",25620,2022,266.145,230.8725,35.27249999999998,15.27791313387259
25620,"Hattiesburg, MS",28111,Perry County,Mississippi,"Hattiesburg, MS",25620,2023,276.3675,266.145,10.222500000000025,3.8409513611001644
25620,"Hattiesburg, MS",28111,Perry County,Mississippi,"Hattiesburg, MS",25620,2024,300.195,276.3675,23.827499999999986,8.621672229911258
25620,"Hattiesburg, MS",28111,Perry County,Mississippi,"Hattiesburg, MS",25620,2025,320.105,300.195,19.910000000000025,6.632355635503595
25740,"Helena, MT",30007,Broadwater County,Montana,"Helena, MT",25740,2022,414.5,337.6225,76.8775,22.77025375974646
25740,"Helena, MT",30007,Broadwater County,Montana,"Helena, MT",25740,2023,440.76750000000004,414.5,26.26750000000004,6.337153196622447
25740,"Helena, MT",30007,Broadwater County,Montana,"Helena, MT",25740,2024,464.98,440.76750000000004,24.212499999999977,5.493258917683352
25740,"Helena, MT",30007,Broadwater County,Montana,"Helena, MT",25740,2025,487.22,464.98,22.24000000000001,4.7830014194159
25740,"Helena, MT",30043,Jefferson County,Montana,"Helena, MT",25740,2022,414.5,337.6225,76.8775,22.77025375974646
25740,"Helena, MT",30043,Jefferson County,Montana,"Helena, MT",25740,2023,440.76750000000004,414.5,26.26750000000004,6.337153196622447
25740,"Helena, MT",30043,Jefferson County,Montana,"Helena, MT",25740,2024,464.98,440.76750000000004,24.212499999999977,5.493258917683352
25740,"Helena, MT",30043,Jefferson County,Montana,"Helena, MT",25740,2025,487.22,464.98,22.24000000000001,4.7830014194159
25740,"Helena, MT",30049,Lewis and Clark County,Montana,"Helena, MT",25740,2022,414.5,337.6225,76.8775,22.77025375974646
25740,"Helena, MT",30049,Lewis and Clark County,Montana,"Helena, MT",25740,2023,440.76750000000004,414.5,26.26750000000004,6.337153196622447
25740,"Helena, MT",30049,Lewis and Clark County,Montana,"Helena, MT",25740,2024,464.98,440.76750000000004,24.212499999999977,5.493258917683352
25740,"Helena, MT",30049,Lewis and Clark County,Montana,"Helena, MT",25740,2025,487.22,464.98,22.24000000000001,4.7830014194159
25860,"Hickory-Lenoir-Morganton, NC",37003,Alexander County,North Carolina,"Hickory-Lenoir-Morganton, NC",25860,2022,286.66499999999996,236.1725,50.49249999999995,21.379500153489484
25860,"Hickory-Lenoir-Morganton, NC",37003,Alexander County,North Carolina,"Hickory-Lenoir-Morganton, NC",25860,2023,310.53,286.66499999999996,23.86500000000001,8.32504840144419
25860,"Hickory-Lenoir-Morganton, NC",37003,Alexander County,North Carolina,"Hickory-Lenoir-Morganton, NC",25860,2024,332.865,310.53,22.335000000000036,7.192541783402584
25860,"Hickory-Lenoir-Morganton, NC",37003,Alexander County,North Carolina,"Hickory-Lenoir-Morganton, NC",25860,2025,345.145,332.865,12.279999999999973,3.6891833025400667
25860,"Hickory-Lenoir-Morganton, NC",37023,Burke County,North Carolina,"Hickory-Lenoir-Morganton, NC",25860,2022,286.66499999999996,236.1725,50.49249999999995,21.379500153489484
25860,"Hickory-Lenoir-Morganton, NC",37023,Burke County,North Carolina,"Hickory-Lenoir-Morganton, NC",25860,2023,310.53,286.66499999999996,23.86500000000001,8.32504840144419
25860,"Hickory-Lenoir-Morganton, NC",37023,Burke County,North Carolina,"Hickory-Lenoir-Morganton, NC",25860,2024,332.865,310.53,22.335000000000036,7.192541783402584
25860,"Hickory-Lenoir-Morganton, NC",37023,Burke County,North Carolina,"Hickory-Lenoir-Morganton, NC",25860,2025,345.145,332.865,12.279999999999973,3.6891833025400667
25860,"Hickory-Lenoir-Morganton, NC",37027,Caldwell County,North Carolina,"Hickory-Lenoir-Morganton, NC",25860,2022,286.66499999999996,236.1725,50.49249999999995,21.379500153489484
25860,"Hickory-Lenoir-Morganton, NC",37027,Caldwell County,North Carolina,"Hickory-Lenoir-Morganton, NC",25860,2023,310.53,286.66499999999996,23.86500000000001,8.32504840144419
25860,"Hickory-Lenoir-Morganton, NC",37027,Caldwell County,North Carolina,"Hickory-Lenoir-Morganton, NC",25860,2024,332.865,310.53,22.335000000000036,7.192541783402584
25860,"Hickory-Lenoir-Morganton, NC",37027,Caldwell County,North Carolina,"Hickory-Lenoir-Morganton, NC",25860,2025,345.145,332.865,12.279999999999973,3.6891833025400667
25860,"Hickory-Lenoir-Morganton, NC",37035,Catawba County,North Carolina,"Hickory-Lenoir-Morganton, NC",25860,2022,286.66499999999996,236.1725,50.49249999999995,21.379500153489484
25860,"Hickory-Lenoir-Morganton, NC",37035,Catawba County,North Carolina,"Hickory-Lenoir-Morganton, NC",25860,2023,310.53,286.66499999999996,23.86500000000001,8.32504840144419
25860,"Hickory-Lenoir-Morganton, NC",37035,Catawba County,North Carolina,"Hickory-Lenoir-Morganton, NC",25860,2024,332.865,310.53,22.335000000000036,7.192541783402584
25860,"Hickory-Lenoir-Morganton, NC",37035,Catawba County,North Carolina,"Hickory-Lenoir-Morganton, NC",25860,2025,345.145,332.865,12.279999999999973,3.6891833025400667
25940,"Hilton Head Island-Bluffton-Port Royal, SC",45013,Beaufort County,South Carolina,"Hilton Head Island-Bluffton-Port Royal, SC",25940,2022,367.33500000000004,299.02250000000004,68.3125,22.84527084082302
25940,"Hilton Head Island-Bluffton-Port Royal, SC",45013,Beaufort County,South Carolina,"Hilton Head Island-Bluffton-Port Royal, SC",25940,2023,422.03,367.33500000000004,54.694999999999936,14.889678358991087
25940,"Hilton Head Island-Bluffton-Port Royal, SC",45013,Beaufort County,South Carolina,"Hilton Head Island-Bluffton-Port Royal, SC",25940,2024,439.655,422.03,17.625,4.176243395019319
25940,"Hilton Head Island-Bluffton-Port Royal, SC",45013,Beaufort County,South Carolina,"Hilton Head Island-Bluffton-Port Royal, SC",25940,2025,464.365,439.655,24.710000000000036,5.620315929535669
25940,"Hilton Head Island-Bluffton-Port Royal, SC",45053,Jasper County,South Carolina,"Hilton Head Island-Bluffton-Port Royal, SC",25940,2022,367.33500000000004,299.02250000000004,68.3125,22.84527084082302
25940,"Hilton Head Island-Bluffton-Port Royal, SC",45053,Jasper County,South Carolina,"Hilton Head Island-Bluffton-Port Royal, SC",25940,2023,422.03,367.33500000000004,54.694999999999936,14.889678358991087
25940,"Hilton Head Island-Bluffton-Port Royal, SC",45053,Jasper County,South Carolina,"Hilton Head Island-Bluffton-Port Royal, SC",25940,2024,439.655,422.03,17.625,4.176243395019319
25940,"Hilton Head Island-Bluffton-Port Royal, SC",45053,Jasper County,South Carolina,"Hilton Head Island-Bluffton-Port Royal, SC",25940,2025,464.365,439.655,24.710000000000036,5.620315929535669
25980,"Hinesville, GA",13179,Liberty County,Georgia,"Hinesville, GA",25980,2022,246.8525,206.21,40.642499999999984,19.709276950681343
25980,"Hinesville, GA",13179,Liberty County,Georgia,"Hinesville, GA",25980,2023,290.4825,246.8525,43.630000000000024,17.674522234937882
25980,"Hinesville, GA",13179,Liberty County,Georgia,"Hinesville, GA",25980,2024,295.7575,290.4825,5.274999999999977,1.81594416186861
25980,"Hinesville, GA",13179,Liberty County,Georgia,"Hinesville, GA",25980,2025,325.875,295.7575,30.117500000000007,10.183173714952275
25980,"Hinesville, GA",13183,Long County,Georgia,"Hinesville, GA",25980,2022,246.8525,206.21,40.642499999999984,19.709276950681343
25980,"Hinesville, GA",13183,Long County,Georgia,"Hinesville, GA",25980,2023,290.4825,246.8525,43.630000000000024,17.674522234937882
25980,"Hinesville, GA",13183,Long County,Georgia,"Hinesville, GA",25980,2024,295.7575,290.4825,5.274999999999977,1.81594416186861
25980,"Hinesville, GA",13183,Long County,Georgia,"Hinesville, GA",25980,2025,325.875,295.7575,30.117500000000007,10.183173714952275
26140,"Homosassa Springs, FL",12017,Citrus County,Florida,"Homosassa Springs, FL",26140,2022,375.225,294.985,80.24000000000001,27.20138312117566
26140,"Homosassa Springs, FL",12017,Citrus County,Florida,"Homosassa Springs, FL",26140,2023,400.55,375.225,25.32499999999999,6.7492837630754865
26140,"Homosassa Springs, FL",12017,Citrus County,Florida,"Homosassa Springs, FL",26140,2024,414.3875,400.55,13.837499999999977,3.454624890775171
26140,"Homosassa Springs, FL",12017,Citrus County,Florida,"Homosassa Springs, FL",26140,2025,417.765,414.3875,3.3774999999999977,0.8150583692799529
26300,"Hot Springs, AR",05051,Garland County,Arkansas,"Hot Springs, AR",26300,2022,287.6325,241.3525,46.28,19.175272682072908
26300,"Hot Springs, AR",05051,Garland County,Arkansas,"Hot Springs, AR",26300,2023,313.55,287.6325,25.917500000000018,9.01062988361887
26300,"Hot Springs, AR",05051,Garland County,Arkansas,"Hot Springs, AR",26300,2024,327.875,313.55,14.324999999999989,4.568649338223563
26300,"Hot Springs, AR",05051,Garland County,Arkansas,"Hot Springs, AR",26300,2025,328.61,327.875,0.7350000000000136,0.22417079679757368
26380,"Houma-Bayou Cane-Thibodaux, LA",22057,Lafourche Parish,Louisiana,"Houma-Bayou Cane-Thibodaux, LA",26380,2022,284.6975,260.41999999999996,24.277500000000032,9.322440672759402
26380,"Houma-Bayou Cane-Thibodaux, LA",22057,Lafourche Parish,Louisiana,"Houma-Bayou Cane-Thibodaux, LA",26380,2023,291.1925,284.6975,6.4950000000000045,2.281368821292773
26380,"Houma-Bayou Cane-Thibodaux, LA",22057,Lafourche Parish,Louisiana,"Houma-Bayou Cane-Thibodaux, LA",26380,2024,293.5575,291.1925,2.365000000000009,0.8121775114400265
26380,"Houma-Bayou Cane-Thibodaux, LA",22057,Lafourche Parish,Louisiana,"Houma-Bayou Cane-Thibodaux, LA",26380,2025,300.57,293.5575,7.012499999999989,2.388799468587921
26380,"Houma-Bayou Cane-Thibodaux, LA",22109,Terrebonne Parish,Louisiana,"Houma-Bayou Cane-Thibodaux, LA",26380,2022,284.6975,260.41999999999996,24.277500000000032,9.322440672759402
26380,"Houma-Bayou Cane-Thibodaux, LA",22109,Terrebonne Parish,Louisiana,"Houma-Bayou Cane-Thibodaux, LA",26380,2023,291.1925,284.6975,6.4950000000000045,2.281368821292773
26380,"Houma-Bayou Cane-Thibodaux, LA",22109,Terrebonne Parish,Louisiana,"Houma-Bayou Cane-Thibodaux, LA",26380,2024,293.5575,291.1925,2.365000000000009,0.8121775114400265
26380,"Houma-Bayou Cane-Thibodaux, LA",22109,Terrebonne Parish,Louisiana,"Houma-Bayou Cane-Thibodaux, LA",26380,2025,300.57,293.5575,7.012499999999989,2.388799468587921
26420,"Houston-Pasadena-The Woodlands, TX",48015,Austin County,Texas,"Houston-Pasadena-The Woodlands, TX",26420,2022,383.5525,336.945,46.607500000000016,13.832376203831487
26420,"Houston-Pasadena-The Woodlands, TX",48015,Austin County,Texas,"Houston-Pasadena-The Woodlands, TX",26420,2023,399.34083333333336,383.5525,15.788333333333355,4.116342178276344
26420,"Houston-Pasadena-The Woodlands, TX",48015,Austin County,Texas,"Houston-Pasadena-The Woodlands, TX",26420,2024,411.0466666666666,399.34083333333336,11.70583333333326,2.9312888530891312
26420,"Houston-Pasadena-The Woodlands, TX",48015,Austin County,Texas,"Houston-Pasadena-The Woodlands, TX",26420,2025,413.73333333333335,411.0466666666666,2.6866666666667243,0.6536159722335011
26420,"Houston-Pasadena-The Woodlands, TX",48039,Brazoria County,Texas,"Houston-Pasadena-The Woodlands, TX",26420,2022,383.5525,336.945,46.607500000000016,13.832376203831487
26420,"Houston-Pasadena-The Woodlands, TX",48039,Brazoria County,Texas,"Houston-Pasadena-The Woodlands, TX",26420,2023,399.34083333333336,383.5525,15.788333333333355,4.116342178276344
26420,"Houston-Pasadena-The Woodlands, TX",48039,Brazoria County,Texas,"Houston-Pasadena-The Woodlands, TX",26420,2024,411.0466666666666,399.34083333333336,11.70583333333326,2.9312888530891312
26420,"Houston-Pasadena-The Woodlands, TX",48039,Brazoria County,Texas,"Houston-Pasadena-The Woodlands, TX",26420,2025,413.73333333333335,411.0466666666666,2.6866666666667243,0.6536159722335011
26420,"Houston-Pasadena-The Woodlands, TX",48071,Chambers County,Texas,"Houston-Pasadena-The Woodlands, TX",26420,2022,383.5525,336.945,46.607500000000016,13.832376203831487
26420,"Houston-Pasadena-The Woodlands, TX",48071,Chambers County,Texas,"Houston-Pasadena-The Woodlands, TX",26420,2023,399.34083333333336,383.5525,15.788333333333355,4.116342178276344
26420,"Houston-Pasadena-The Woodlands, TX",48071,Chambers County,Texas,"Houston-Pasadena-The Woodlands, TX",26420,2024,411.0466666666666,399.34083333333336,11.70583333333326,2.9312888530891312
26420,"Houston-Pasadena-The Woodlands, TX",48071,Chambers County,Texas,"Houston-Pasadena-The Woodlands, TX",26420,2025,413.73333333333335,411.0466666666666,2.6866666666667243,0.6536159722335011
26420,"Houston-Pasadena-The Woodlands, TX",48157,Fort Bend County,Texas,"Houston-Pasadena-The Woodlands, TX",26420,2022,383.5525,336.945,46.607500000000016,13.832376203831487
26420,"Houston-Pasadena-The Woodlands, TX",48157,Fort Bend County,Texas,"Houston-Pasadena-The Woodlands, TX",26420,2023,399.34083333333336,383.5525,15.788333333333355,4.116342178276344
26420,"Houston-Pasadena-The Woodlands, TX",48157,Fort Bend County,Texas,"Houston-Pasadena-The Woodlands, TX",26420,2024,411.0466666666666,399.34083333333336,11.70583333333326,2.9312888530891312
26420,"Houston-Pasadena-The Woodlands, TX",48157,Fort Bend County,Texas,"Houston-Pasadena-The Woodlands, TX",26420,2025,413.73333333333335,411.0466666666666,2.6866666666667243,0.6536159722335011
26420,"Houston-Pasadena-The Woodlands, TX",48167,Galveston County,Texas,"Houston-Pasadena-The Woodlands, TX",26420,2022,383.5525,336.945,46.607500000000016,13.832376203831487
26420,"Houston-Pasadena-The Woodlands, TX",48167,Galveston County,Texas,"Houston-Pasadena-The Woodlands, TX",26420,2023,399.34083333333336,383.5525,15.788333333333355,4.116342178276344
26420,"Houston-Pasadena-The Woodlands, TX",48167,Galveston County,Texas,"Houston-Pasadena-The Woodlands, TX",26420,2024,411.0466666666666,399.34083333333336,11.70583333333326,2.9312888530891312
26420,"Houston-Pasadena-The Woodlands, TX",48167,Galveston County,Texas,"Houston-Pasadena-The Woodlands, TX",26420,2025,413.73333333333335,411.0466666666666,2.6866666666667243,0.6536159722335011
26420,"Houston-Pasadena-The Woodlands, TX",48201,Harris County,Texas,"Houston-Pasadena-The Woodlands, TX",26420,2022,383.5525,336.945,46.607500000000016,13.832376203831487
26420,"Houston-Pasadena-The Woodlands, TX",48201,Harris County,Texas,"Houston-Pasadena-The Woodlands, TX",26420,2023,399.34083333333336,383.5525,15.788333333333355,4.116342178276344
26420,"Houston-Pasadena-The Woodlands, TX",48201,Harris County,Texas,"Houston-Pasadena-The Woodlands, TX",26420,2024,411.0466666666666,399.34083333333336,11.70583333333326,2.9312888530891312
26420,"Houston-Pasadena-The Woodlands, TX",48201,Harris County,Texas,"Houston-Pasadena-The Woodlands, TX",26420,2025,413.73333333333335,411.0466666666666,2.6866666666667243,0.6536159722335011
26420,"Houston-Pasadena-The Woodlands, TX",48291,Liberty County,Texas,"Houston-Pasadena-The Woodlands, TX",26420,2022,383.5525,336.945,46.607500000000016,13.832376203831487
26420,"Houston-Pasadena-The Woodlands, TX",48291,Liberty County,Texas,"Houston-Pasadena-The Woodlands, TX",26420,2023,399.34083333333336,383.5525,15.788333333333355,4.116342178276344
26420,"Houston-Pasadena-The Woodlands, TX",48291,Liberty County,Texas,"Houston-Pasadena-The Woodlands, TX",26420,2024,411.0466666666666,399.34083333333336,11.70583333333326,2.9312888530891312
26420,"Houston-Pasadena-The Woodlands, TX",48291,Liberty County,Texas,"Houston-Pasadena-The Woodlands, TX",26420,2025,413.73333333333335,411.0466666666666,2.6866666666667243,0.6536159722335011
26420,"Houston-Pasadena-The Woodlands, TX",48339,Montgomery County,Texas,"Houston-Pasadena-The Woodlands, TX",26420,2022,383.5525,336.945,46.607500000000016,13.832376203831487
26420,"Houston-Pasadena-The Woodlands, TX",48339,Montgomery County,Texas,"Houston-Pasadena-The Woodlands, TX",26420,2023,399.34083333333336,383.5525,15.788333333333355,4.116342178276344
26420,"Houston-Pasadena-The Woodlands, TX",48339,Montgomery County,Texas,"Houston-Pasadena-The Woodlands, TX",26420,2024,411.0466666666666,399.34083333333336,11.70583333333326,2.9312888530891312
26420,"Houston-Pasadena-The Woodlands, TX",48339,Montgomery County,Texas,"Houston-Pasadena-The Woodlands, TX",26420,2025,413.73333333333335,411.0466666666666,2.6866666666667243,0.6536159722335011
26420,"Houston-Pasadena-The Woodlands, TX",48407,San Jacinto County,Texas,"Houston-Pasadena-The Woodlands, TX",26420,2022,383.5525,336.945,46.607500000000016,13.832376203831487
26420,"Houston-Pasadena-The Woodlands, TX",48407,San Jacinto County,Texas,"Houston-Pasadena-The Woodlands, TX",26420,2023,399.34083333333336,383.5525,15.788333333333355,4.116342178276344
26420,"Houston-Pasadena-The Woodlands, TX",48407,San Jacinto County,Texas,"Houston-Pasadena-The Woodlands, TX",26420,2024,411.0466666666666,399.34083333333336,11.70583333333326,2.9312888530891312
26420,"Houston-Pasadena-The Woodlands, TX",48407,San Jacinto County,Texas,"Houston-Pasadena-The Woodlands, TX",26420,2025,413.73333333333335,411.0466666666666,2.6866666666667243,0.6536159722335011
26420,"Houston-Pasadena-The Woodlands, TX",48473,Waller County,Texas,"Houston-Pasadena-The Woodlands, TX",26420,2022,383.5525,336.945,46.607500000000016,13.832376203831487
26420,"Houston-Pasadena-The Woodlands, TX",48473,Waller County,Texas,"Houston-Pasadena-The Woodlands, TX",26420,2023,399.34083333333336,383.5525,15.788333333333355,4.116342178276344
26420,"Houston-Pasadena-The Woodlands, TX",48473,Waller County,Texas,"Houston-Pasadena-The Woodlands, TX",26420,2024,411.0466666666666,399.34083333333336,11.70583333333326,2.9312888530891312
26420,"Houston-Pasadena-The Woodlands, TX",48473,Waller County,Texas,"Houston-Pasadena-The Woodlands, TX",26420,2025,413.73333333333335,411.0466666666666,2.6866666666667243,0.6536159722335011
26580,"Huntington-Ashland, WV-KY-OH",21019,Boyd County,Kentucky,"Huntington-Ashland, WV-KY-OH",26580,2022,223.2825,201.7675,21.514999999999986,10.663263409617496
26580,"Huntington-Ashland, WV-KY-OH",21019,Boyd County,Kentucky,"Huntington-Ashland, WV-KY-OH",26580,2023,236.1375,223.2825,12.85499999999999,5.757280575056267
26580,"Huntington-Ashland, WV-KY-OH",21019,Boyd County,Kentucky,"Huntington-Ashland, WV-KY-OH",26580,2024,250.675,236.1375,14.537500000000023,6.1563707585622796
26580,"Huntington-Ashland, WV-KY-OH",21019,Boyd County,Kentucky,"Huntington-Ashland, WV-KY-OH",26580,2025,262.015,250.675,11.339999999999975,4.523785778398315
26580,"Huntington-Ashland, WV-KY-OH",21043,Carter County,Kentucky,"Huntington-Ashland, WV-KY-OH",26580,2022,223.2825,201.7675,21.514999999999986,10.663263409617496
26580,"Huntington-Ashland, WV-KY-OH",21043,Carter County,Kentucky,"Huntington-Ashland, WV-KY-OH",26580,2023,236.1375,223.2825,12.85499999999999,5.757280575056267
26580,"Huntington-Ashland, WV-KY-OH",21043,Carter County,Kentucky,"Huntington-Ashland, WV-KY-OH",26580,2024,250.675,236.1375,14.537500000000023,6.1563707585622796
26580,"Huntington-Ashland, WV-KY-OH",21043,Carter County,Kentucky,"Huntington-Ashland, WV-KY-OH",26580,2025,262.015,250.675,11.339999999999975,4.523785778398315
26580,"Huntington-Ashland, WV-KY-OH",21089,Greenup County,Kentucky,"Huntington-Ashland, WV-KY-OH",26580,2022,223.2825,201.7675,21.514999999999986,10.663263409617496
26580,"Huntington-Ashland, WV-KY-OH",21089,Greenup County,Kentucky,"Huntington-Ashland, WV-KY-OH",26580,2023,236.1375,223.2825,12.85499999999999,5.757280575056267
26580,"Huntington-Ashland, WV-KY-OH",21089,Greenup County,Kentucky,"Huntington-Ashland, WV-KY-OH",26580,2024,250.675,236.1375,14.537500000000023,6.1563707585622796
26580,"Huntington-Ashland, WV-KY-OH",21089,Greenup County,Kentucky,"Huntington-Ashland, WV-KY-OH",26580,2025,262.015,250.675,11.339999999999975,4.523785778398315
26580,"Huntington-Ashland, WV-KY-OH",21127,Lawrence County,Kentucky,"Huntington-Ashland, WV-KY-OH",26580,2022,223.2825,201.7675,21.514999999999986,10.663263409617496
26580,"Huntington-Ashland, WV-KY-OH",21127,Lawrence County,Kentucky,"Huntington-Ashland, WV-KY-OH",26580,2023,236.1375,223.2825,12.85499999999999,5.757280575056267
26580,"Huntington-Ashland, WV-KY-OH",21127,Lawrence County,Kentucky,"Huntington-Ashland, WV-KY-OH",26580,2024,250.675,236.1375,14.537500000000023,6.1563707585622796
26580,"Huntington-Ashland, WV-KY-OH",21127,Lawrence County,Kentucky,"Huntington-Ashland, WV-KY-OH",26580,2025,262.015,250.675,11.339999999999975,4.523785778398315
26580,"Huntington-Ashland, WV-KY-OH",39087,Lawrence County,Ohio,"Huntington-Ashland, WV-KY-OH",26580,2022,223.2825,201.7675,21.514999999999986,10.663263409617496
26580,"Huntington-Ashland, WV-KY-OH",39087,Lawrence County,Ohio,"Huntington-Ashland, WV-KY-OH",26580,2023,236.1375,223.2825,12.85499999999999,5.757280575056267
26580,"Huntington-Ashland, WV-KY-OH",39087,Lawrence County,Ohio,"Huntington-Ashland, WV-KY-OH",26580,2024,250.675,236.1375,14.537500000000023,6.1563707585622796
26580,"Huntington-Ashland, WV-KY-OH",39087,Lawrence County,Ohio,"Huntington-Ashland, WV-KY-OH",26580,2025,262.015,250.675,11.339999999999975,4.523785778398315
26580,"Huntington-Ashland, WV-KY-OH",54011,Cabell County,West Virginia,"Huntington-Ashland, WV-KY-OH",26580,2022,223.2825,201.7675,21.514999999999986,10.663263409617496
26580,"Huntington-Ashland, WV-KY-OH",54011,Cabell County,West Virginia,"Huntington-Ashland, WV-KY-OH",26580,2023,236.1375,223.2825,12.85499999999999,5.757280575056267
26580,"Huntington-Ashland, WV-KY-OH",54011,Cabell County,West Virginia,"Huntington-Ashland, WV-KY-OH",26580,2024,250.675,236.1375,14.537500000000023,6.1563707585622796
26580,"Huntington-Ashland, WV-KY-OH",54011,Cabell County,West Virginia,"Huntington-Ashland, WV-KY-OH",26580,2025,262.015,250.675,11.339999999999975,4.523785778398315
26580,"Huntington-Ashland, WV-KY-OH",54079,Putnam County,West Virginia,"Huntington-Ashland, WV-KY-OH",26580,2022,223.2825,201.7675,21.514999999999986,10.663263409617496
26580,"Huntington-Ashland, WV-KY-OH",54079,Putnam County,West Virginia,"Huntington-Ashland, WV-KY-OH",26580,2023,236.1375,223.2825,12.85499999999999,5.757280575056267
26580,"Huntington-Ashland, WV-KY-OH",54079,Putnam County,West Virginia,"Huntington-Ashland, WV-KY-OH",26580,2024,250.675,236.1375,14.537500000000023,6.1563707585622796
26580,"Huntington-Ashland, WV-KY-OH",54079,Putnam County,West Virginia,"Huntington-Ashland, WV-KY-OH",26580,2025,262.015,250.675,11.339999999999975,4.523785778398315
26580,"Huntington-Ashland, WV-KY-OH",54099,Wayne County,West Virginia,"Huntington-Ashland, WV-KY-OH",26580,2022,223.2825,201.7675,21.514999999999986,10.663263409617496
26580,"Huntington-Ashland, WV-KY-OH",54099,Wayne County,West Virginia,"Huntington-Ashland, WV-KY-OH",26580,2023,236.1375,223.2825,12.85499999999999,5.757280575056267
26580,"Huntington-Ashland, WV-KY-OH",54099,Wayne County,West Virginia,"Huntington-Ashland, WV-KY-OH",26580,2024,250.675,236.1375,14.537500000000023,6.1563707585622796
26580,"Huntington-Ashland, WV-KY-OH",54099,Wayne County,West Virginia,"Huntington-Ashland, WV-KY-OH",26580,2025,262.015,250.675,11.339999999999975,4.523785778398315
26620,"Huntsville, AL",01083,Limestone County,Alabama,"Huntsville, AL",26620,2022,286.6225,239.755,46.86750000000001,19.54808033200559
26620,"Huntsville, AL",01083,Limestone County,Alabama,"Huntsville, AL",26620,2023,301.005,286.6225,14.382499999999993,5.017924273216501
26620,"Huntsville, AL",01083,Limestone County,Alabama,"Huntsville, AL",26620,2024,315.8075,301.005,14.802500000000009,4.917692397136264
26620,"Huntsville, AL",01083,Limestone County,Alabama,"Huntsville, AL",26620,2025,320.45,315.8075,4.642499999999984,1.4700410851547163
26620,"Huntsville, AL",01089,Madison County,Alabama,"Huntsville, AL",26620,2022,286.6225,239.755,46.86750000000001,19.54808033200559
26620,"Huntsville, AL",01089,Madison County,Alabama,"Huntsville, AL",26620,2023,301.005,286.6225,14.382499999999993,5.017924273216501
26620,"Huntsville, AL",01089,Madison County,Alabama,"Huntsville, AL",26620,2024,315.8075,301.005,14.802500000000009,4.917692397136264
26620,"Huntsville, AL",01089,Madison County,Alabama,"Huntsville, AL",26620,2025,320.45,315.8075,4.642499999999984,1.4700410851547163
26820,"Idaho Falls, ID",16019,Bonneville County,Idaho,"Idaho Falls, ID",26820,2022,411.3425,345.4625,65.88,19.070087201939433
26820,"Idaho Falls, ID",16019,Bonneville County,Idaho,"Idaho Falls, ID",26820,2023,403.4475,411.3425,-7.894999999999982,-1.9193251365954067
26820,"Idaho Falls, ID",16019,Bonneville County,Idaho,"Idaho Falls, ID",26820,2024,418.655,403.4475,15.207499999999982,3.769387590702622
26820,"Idaho Falls, ID",16019,Bonneville County,Idaho,"Idaho Falls, ID",26820,2025,423.03499999999997,418.655,4.3799999999999955,1.0462074978204061
26820,"Idaho Falls, ID",16023,Butte County,Idaho,"Idaho Falls, ID",26820,2022,411.3425,345.4625,65.88,19.070087201939433
26820,"Idaho Falls, ID",16023,Butte County,Idaho,"Idaho Falls, ID",26820,2023,403.4475,411.3425,-7.894999999999982,-1.9193251365954067
26820,"Idaho Falls, ID",16023,Butte County,Idaho,"Idaho Falls, ID",26820,2024,418.655,403.4475,15.207499999999982,3.769387590702622
26820,"Idaho Falls, ID",16023,Butte County,Idaho,"Idaho Falls, ID",26820,2025,423.03499999999997,418.655,4.3799999999999955,1.0462074978204061
26820,"Idaho Falls, ID",16051,Jefferson County,Idaho,"Idaho Falls, ID",26820,2022,411.3425,345.4625,65.88,19.070087201939433
26820,"Idaho Falls, ID",16051,Jefferson County,Idaho,"Idaho Falls, ID",26820,2023,403.4475,411.3425,-7.894999999999982,-1.9193251365954067
26820,"Idaho Falls, ID",16051,Jefferson County,Idaho,"Idaho Falls, ID",26820,2024,418.655,403.4475,15.207499999999982,3.769387590702622
26820,"Idaho Falls, ID",16051,Jefferson County,Idaho,"Idaho Falls, ID",26820,2025,423.03499999999997,418.655,4.3799999999999955,1.0462074978204061
26900,"Indianapolis-Carmel-Greenwood, IN",18011,Boone County,Indiana,"Indianapolis-Carmel-Greenwood, IN",26900,2022,286.73333333333335,250.10666666666665,36.626666666666694,14.644418381490576
26900,"Indianapolis-Carmel-Greenwood, IN",18011,Boone County,Indiana,"Indianapolis-Carmel-Greenwood, IN",26900,2023,302.90000000000003,286.73333333333335,16.166666666666686,5.638223668914222
26900,"Indianapolis-Carmel-Greenwood, IN",18011,Boone County,Indiana,"Indianapolis-Carmel-Greenwood, IN",26900,2024,317.9066666666667,302.90000000000003,15.00666666666666,4.954330362055681
26900,"Indianapolis-Carmel-Greenwood, IN",18011,Boone County,Indiana,"Indianapolis-Carmel-Greenwood, IN",26900,2025,331.2366666666667,317.9066666666667,13.329999999999984,4.193054565281207
26900,"Indianapolis-Carmel-Greenwood, IN",18013,Brown County,Indiana,"Indianapolis-Carmel-Greenwood, IN",26900,2022,286.73333333333335,250.10666666666665,36.626666666666694,14.644418381490576
26900,"Indianapolis-Carmel-Greenwood, IN",18013,Brown County,Indiana,"Indianapolis-Carmel-Greenwood, IN",26900,2023,302.90000000000003,286.73333333333335,16.166666666666686,5.638223668914222
26900,"Indianapolis-Carmel-Greenwood, IN",18013,Brown County,Indiana,"Indianapolis-Carmel-Greenwood, IN",26900,2024,317.9066666666667,302.90000000000003,15.00666666666666,4.954330362055681
26900,"Indianapolis-Carmel-Greenwood, IN",18013,Brown County,Indiana,"Indianapolis-Carmel-Greenwood, IN",26900,2025,331.2366666666667,317.9066666666667,13.329999999999984,4.193054565281207
26900,"Indianapolis-Carmel-Greenwood, IN",18057,Hamilton County,Indiana,"Indianapolis-Carmel-Greenwood, IN",26900,2022,286.73333333333335,250.10666666666665,36.626666666666694,14.644418381490576
26900,"Indianapolis-Carmel-Greenwood, IN",18057,Hamilton County,Indiana,"Indianapolis-Carmel-Greenwood, IN",26900,2023,302.90000000000003,286.73333333333335,16.166666666666686,5.638223668914222
26900,"Indianapolis-Carmel-Greenwood, IN",18057,Hamilton County,Indiana,"Indianapolis-Carmel-Greenwood, IN",26900,2024,317.9066666666667,302.90000000000003,15.00666666666666,4.954330362055681
26900,"Indianapolis-Carmel-Greenwood, IN",18057,Hamilton County,Indiana,"Indianapolis-Carmel-Greenwood, IN",26900,2025,331.2366666666667,317.9066666666667,13.329999999999984,4.193054565281207
26900,"Indianapolis-Carmel-Greenwood, IN",18059,Hancock County,Indiana,"Indianapolis-Carmel-Greenwood, IN",26900,2022,286.73333333333335,250.10666666666665,36.626666666666694,14.644418381490576
26900,"Indianapolis-Carmel-Greenwood, IN",18059,Hancock County,Indiana,"Indianapolis-Carmel-Greenwood, IN",26900,2023,302.90000000000003,286.73333333333335,16.166666666666686,5.638223668914222
26900,"Indianapolis-Carmel-Greenwood, IN",18059,Hancock County,Indiana,"Indianapolis-Carmel-Greenwood, IN",26900,2024,317.9066666666667,302.90000000000003,15.00666666666666,4.954330362055681
26900,"Indianapolis-Carmel-Greenwood, IN",18059,Hancock County,Indiana,"Indianapolis-Carmel-Greenwood, IN",26900,2025,331.2366666666667,317.9066666666667,13.329999999999984,4.193054565281207
26900,"Indianapolis-Carmel-Greenwood, IN",18063,Hendricks County,Indiana,"Indianapolis-Carmel-Greenwood, IN",26900,2022,286.73333333333335,250.10666666666665,36.626666666666694,14.644418381490576
26900,"Indianapolis-Carmel-Greenwood, IN",18063,Hendricks County,Indiana,"Indianapolis-Carmel-Greenwood, IN",26900,2023,302.90000000000003,286.73333333333335,16.166666666666686,5.638223668914222
26900,"Indianapolis-Carmel-Greenwood, IN",18063,Hendricks County,Indiana,"Indianapolis-Carmel-Greenwood, IN",26900,2024,317.9066666666667,302.90000000000003,15.00666666666666,4.954330362055681
26900,"Indianapolis-Carmel-Greenwood, IN",18063,Hendricks County,Indiana,"Indianapolis-Carmel-Greenwood, IN",26900,2025,331.2366666666667,317.9066666666667,13.329999999999984,4.193054565281207
26900,"Indianapolis-Carmel-Greenwood, IN",18081,Johnson County,Indiana,"Indianapolis-Carmel-Greenwood, IN",26900,2022,286.73333333333335,250.10666666666665,36.626666666666694,14.644418381490576
26900,"Indianapolis-Carmel-Greenwood, IN",18081,Johnson County,Indiana,"Indianapolis-Carmel-Greenwood, IN",26900,2023,302.90000000000003,286.73333333333335,16.166666666666686,5.638223668914222
26900,"Indianapolis-Carmel-Greenwood, IN",18081,Johnson County,Indiana,"Indianapolis-Carmel-Greenwood, IN",26900,2024,317.9066666666667,302.90000000000003,15.00666666666666,4.954330362055681
26900,"Indianapolis-Carmel-Greenwood, IN",18081,Johnson County,Indiana,"Indianapolis-Carmel-Greenwood, IN",26900,2025,331.2366666666667,317.9066666666667,13.329999999999984,4.193054565281207
26900,"Indianapolis-Carmel-Greenwood, IN",18095,Madison County,Indiana,"Indianapolis-Carmel-Greenwood, IN",26900,2022,286.73333333333335,250.10666666666665,36.626666666666694,14.644418381490576
26900,"Indianapolis-Carmel-Greenwood, IN",18095,Madison County,Indiana,"Indianapolis-Carmel-Greenwood, IN",26900,2023,302.90000000000003,286.73333333333335,16.166666666666686,5.638223668914222
26900,"Indianapolis-Carmel-Greenwood, IN",18095,Madison County,Indiana,"Indianapolis-Carmel-Greenwood, IN",26900,2024,317.9066666666667,302.90000000000003,15.00666666666666,4.954330362055681
26900,"Indianapolis-Carmel-Greenwood, IN",18095,Madison County,Indiana,"Indianapolis-Carmel-Greenwood, IN",26900,2025,331.2366666666667,317.9066666666667,13.329999999999984,4.193054565281207
26900,"Indianapolis-Carmel-Greenwood, IN",18097,Marion County,Indiana,"Indianapolis-Carmel-Greenwood, IN",26900,2022,286.73333333333335,250.10666666666665,36.626666666666694,14.644418381490576
26900,"Indianapolis-Carmel-Greenwood, IN",18097,Marion County,Indiana,"Indianapolis-Carmel-Greenwood, IN",26900,2023,302.90000000000003,286.73333333333335,16.166666666666686,5.638223668914222
26900,"Indianapolis-Carmel-Greenwood, IN",18097,Marion County,Indiana,"Indianapolis-Carmel-Greenwood, IN",26900,2024,317.9066666666667,302.90000000000003,15.00666666666666,4.954330362055681
26900,"Indianapolis-Carmel-Greenwood, IN",18097,Marion County,Indiana,"Indianapolis-Carmel-Greenwood, IN",26900,2025,331.2366666666667,317.9066666666667,13.329999999999984,4.193054565281207
26900,"Indianapolis-Carmel-Greenwood, IN",18109,Morgan County,Indiana,"Indianapolis-Carmel-Greenwood, IN",26900,2022,286.73333333333335,250.10666666666665,36.626666666666694,14.644418381490576
26900,"Indianapolis-Carmel-Greenwood, IN",18109,Morgan County,Indiana,"Indianapolis-Carmel-Greenwood, IN",26900,2023,302.90000000000003,286.73333333333335,16.166666666666686,5.638223668914222
26900,"Indianapolis-Carmel-Greenwood, IN",18109,Morgan County,Indiana,"Indianapolis-Carmel-Greenwood, IN",26900,2024,317.9066666666667,302.90000000000003,15.00666666666666,4.954330362055681
26900,"Indianapolis-Carmel-Greenwood, IN",18109,Morgan County,Indiana,"Indianapolis-Carmel-Greenwood, IN",26900,2025,331.2366666666667,317.9066666666667,13.329999999999984,4.193054565281207
26900,"Indianapolis-Carmel-Greenwood, IN",18145,Shelby County,Indiana,"Indianapolis-Carmel-Greenwood, IN",26900,2022,286.73333333333335,250.10666666666665,36.626666666666694,14.644418381490576
26900,"Indianapolis-Carmel-Greenwood, IN",18145,Shelby County,Indiana,"Indianapolis-Carmel-Greenwood, IN",26900,2023,302.90000000000003,286.73333333333335,16.166666666666686,5.638223668914222
26900,"Indianapolis-Carmel-Greenwood, IN",18145,Shelby County,Indiana,"Indianapolis-Carmel-Greenwood, IN",26900,2024,317.9066666666667,302.90000000000003,15.00666666666666,4.954330362055681
26900,"Indianapolis-Carmel-Greenwood, IN",18145,Shelby County,Indiana,"Indianapolis-Carmel-Greenwood, IN",26900,2025,331.2366666666667,317.9066666666667,13.329999999999984,4.193054565281207
26900,"Indianapolis-Carmel-Greenwood, IN",18159,Tipton County,Indiana,"Indianapolis-Carmel-Greenwood, IN",26900,2022,286.73333333333335,250.10666666666665,36.626666666666694,14.644418381490576
26900,"Indianapolis-Carmel-Greenwood, IN",18159,Tipton County,Indiana,"Indianapolis-Carmel-Greenwood, IN",26900,2023,302.90000000000003,286.73333333333335,16.166666666666686,5.638223668914222
26900,"Indianapolis-Carmel-Greenwood, IN",18159,Tipton County,Indiana,"Indianapolis-Carmel-Greenwood, IN",26900,2024,317.9066666666667,302.90000000000003,15.00666666666666,4.954330362055681
26900,"Indianapolis-Carmel-Greenwood, IN",18159,Tipton County,Indiana,"Indianapolis-Carmel-Greenwood, IN",26900,2025,331.2366666666667,317.9066666666667,13.329999999999984,4.193054565281207
26980,"Iowa City, IA",19103,Johnson County,Iowa,"Iowa City, IA",26980,2022,234.26999999999998,209.79000000000002,24.47999999999996,11.66881166881164
26980,"Iowa City, IA",19103,Johnson County,Iowa,"Iowa City, IA",26980,2023,249.1575,234.26999999999998,14.887500000000017,6.354846971443218
26980,"Iowa City, IA",19103,Johnson County,Iowa,"Iowa City, IA",26980,2024,255.7175,249.1575,6.560000000000002,2.632872781272888
26980,"Iowa City, IA",19103,Johnson County,Iowa,"Iowa City, IA",26980,2025,269.34000000000003,255.7175,13.62250000000003,5.327167675266664
26980,"Iowa City, IA",19183,Washington County,Iowa,"Iowa City, IA",26980,2022,234.26999999999998,209.79000000000002,24.47999999999996,11.66881166881164
26980,"Iowa City, IA",19183,Washington County,Iowa,"Iowa City, IA",26980,2023,249.1575,234.26999999999998,14.887500000000017,6.354846971443218
26980,"Iowa City, IA",19183,Washington County,Iowa,"Iowa City, IA",26980,2024,255.7175,249.1575,6.560000000000002,2.632872781272888
26980,"Iowa City, IA",19183,Washington County,Iowa,"Iowa City, IA",26980,2025,269.34000000000003,255.7175,13.62250000000003,5.327167675266664
27060,"Ithaca, NY",36109,Tompkins County,New York,"Ithaca, NY",27060,2022,295.99,268.2525,27.73750000000001,10.340071387964711
27060,"Ithaca, NY",36109,Tompkins County,New York,"Ithaca, NY",27060,2023,325.395,295.99,29.404999999999973,9.934457245177185
27060,"Ithaca, NY",36109,Tompkins County,New York,"Ithaca, NY",27060,2024,358.41499999999996,325.395,33.01999999999998,10.147666682032597
27060,"Ithaca, NY",36109,Tompkins County,New York,"Ithaca, NY",27060,2025,372.255,358.41499999999996,13.840000000000032,3.861445531018526
27100,"Jackson, MI",26075,Jackson County,Michigan,"Jackson, MI",27100,2022,255.235,223.99,31.245000000000005,13.949283450154027
27100,"Jackson, MI",26075,Jackson County,Michigan,"Jackson, MI",27100,2023,264.805,255.235,9.569999999999993,3.749485768017702
27100,"Jackson, MI",26075,Jackson County,Michigan,"Jackson, MI",27100,2024,288.7025,264.805,23.89749999999998,9.024565246124494
27100,"Jackson, MI",26075,Jackson County,Michigan,"Jackson, MI",27100,2025,299.225,288.7025,10.522500000000036,3.6447554143105965
27140,"Jackson, MS",28029,Copiah County,Mississippi,"Jackson, MS",27140,2022,221.22,197.8325,23.38749999999999,11.821869510823536
27140,"Jackson, MS",28029,Copiah County,Mississippi,"Jackson, MS",27140,2023,229.3775,221.22,8.157499999999999,3.68750565048368
27140,"Jackson, MS",28029,Copiah County,Mississippi,"Jackson, MS",27140,2024,240.44,229.3775,11.0625,4.822835718411778
27140,"Jackson, MS",28029,Copiah County,Mississippi,"Jackson, MS",27140,2025,243.135,240.44,2.694999999999993,1.1208617534520071
27140,"Jackson, MS",28049,Hinds County,Mississippi,"Jackson, MS",27140,2022,221.22,197.8325,23.38749999999999,11.821869510823536
27140,"Jackson, MS",28049,Hinds County,Mississippi,"Jackson, MS",27140,2023,229.3775,221.22,8.157499999999999,3.68750565048368
27140,"Jackson, MS",28049,Hinds County,Mississippi,"Jackson, MS",27140,2024,240.44,229.3775,11.0625,4.822835718411778
27140,"Jackson, MS",28049,Hinds County,Mississippi,"Jackson, MS",27140,2025,243.135,240.44,2.694999999999993,1.1208617534520071
27140,"Jackson, MS",28051,Holmes County,Mississippi,"Jackson, MS",27140,2022,221.22,197.8325,23.38749999999999,11.821869510823536
27140,"Jackson, MS",28051,Holmes County,Mississippi,"Jackson, MS",27140,2023,229.3775,221.22,8.157499999999999,3.68750565048368
27140,"Jackson, MS",28051,Holmes County,Mississippi,"Jackson, MS",27140,2024,240.44,229.3775,11.0625,4.822835718411778
27140,"Jackson, MS",28051,Holmes County,Mississippi,"Jackson, MS",27140,2025,243.135,240.44,2.694999999999993,1.1208617534520071
27140,"Jackson, MS",28089,Madison County,Mississippi,"Jackson, MS",27140,2022,221.22,197.8325,23.38749999999999,11.821869510823536
27140,"Jackson, MS",28089,Madison County,Mississippi,"Jackson, MS",27140,2023,229.3775,221.22,8.157499999999999,3.68750565048368
27140,"Jackson, MS",28089,Madison County,Mississippi,"Jackson, MS",27140,2024,240.44,229.3775,11.0625,4.822835718411778
27140,"Jackson, MS",28089,Madison County,Mississippi,"Jackson, MS",27140,2025,243.135,240.44,2.694999999999993,1.1208617534520071
27140,"Jackson, MS",28121,Rankin County,Mississippi,"Jackson, MS",27140,2022,221.22,197.8325,23.38749999999999,11.821869510823536
27140,"Jackson, MS",28121,Rankin County,Mississippi,"Jackson, MS",27140,2023,229.3775,221.22,8.157499999999999,3.68750565048368
27140,"Jackson, MS",28121,Rankin County,Mississippi,"Jackson, MS",27140,2024,240.44,229.3775,11.0625,4.822835718411778
27140,"Jackson, MS",28121,Rankin County,Mississippi,"Jackson, MS",27140,2025,243.135,240.44,2.694999999999993,1.1208617534520071
27140,"Jackson, MS",28123,Scott County,Mississippi,"Jackson, MS",27140,2022,221.22,197.8325,23.38749999999999,11.821869510823536
27140,"Jackson, MS",28123,Scott County,Mississippi,"Jackson, MS",27140,2023,229.3775,221.22,8.157499999999999,3.68750565048368
27140,"Jackson, MS",28123,Scott County,Mississippi,"Jackson, MS",27140,2024,240.44,229.3775,11.0625,4.822835718411778
27140,"Jackson, MS",28123,Scott County,Mississippi,"Jackson, MS",27140,2025,243.135,240.44,2.694999999999993,1.1208617534520071
27140,"Jackson, MS",28127,Simpson County,Mississippi,"Jackson, MS",27140,2022,221.22,197.8325,23.38749999999999,11.821869510823536
27140,"Jackson, MS",28127,Simpson County,Mississippi,"Jackson, MS",27140,2023,229.3775,221.22,8.157499999999999,3.68750565048368
27140,"Jackson, MS",28127,Simpson County,Mississippi,"Jackson, MS",27140,2024,240.44,229.3775,11.0625,4.822835718411778
27140,"Jackson, MS",28127,Simpson County,Mississippi,"Jackson, MS",27140,2025,243.135,240.44,2.694999999999993,1.1208617534520071
27140,"Jackson, MS",28163,Yazoo County,Mississippi,"Jackson, MS",27140,2022,221.22,197.8325,23.38749999999999,11.821869510823536
27140,"Jackson, MS",28163,Yazoo County,Mississippi,"Jackson, MS",27140,2023,229.3775,221.22,8.157499999999999,3.68750565048368
27140,"Jackson, MS",28163,Yazoo County,Mississippi,"Jackson, MS",27140,2024,240.44,229.3775,11.0625,4.822835718411778
27140,"Jackson, MS",28163,Yazoo County,Mississippi,"Jackson, MS",27140,2025,243.135,240.44,2.694999999999993,1.1208617534520071
27180,"Jackson, TN",47023,Chester County,Tennessee,"Jackson, TN",27180,2022,247.6075,200.38,47.22749999999999,23.568968958977933
27180,"Jackson, TN",47023,Chester County,Tennessee,"Jackson, TN",27180,2023,266.865,247.6075,19.25750000000002,7.777430005149277
27180,"Jackson, TN",47023,Chester County,Tennessee,"Jackson, TN",27180,2024,288.98,266.865,22.11500000000001,8.286961572330576
27180,"Jackson, TN",47023,Chester County,Tennessee,"Jackson, TN",27180,2025,288.385,288.98,-0.5950000000000273,-0.20589660184097136
27180,"Jackson, TN",47033,Crockett County,Tennessee,"Jackson, TN",27180,2022,247.6075,200.38,47.22749999999999,23.568968958977933
27180,"Jackson, TN",47033,Crockett County,Tennessee,"Jackson, TN",27180,2023,266.865,247.6075,19.25750000000002,7.777430005149277
27180,"Jackson, TN",47033,Crockett County,Tennessee,"Jackson, TN",27180,2024,288.98,266.865,22.11500000000001,8.286961572330576
27180,"Jackson, TN",47033,Crockett County,Tennessee,"Jackson, TN",27180,2025,288.385,288.98,-0.5950000000000273,-0.20589660184097136
27180,"Jackson, TN",47053,Gibson County,Tennessee,"Jackson, TN",27180,2022,247.6075,200.38,47.22749999999999,23.568968958977933
27180,"Jackson, TN",47053,Gibson County,Tennessee,"Jackson, TN",27180,2023,266.865,247.6075,19.25750000000002,7.777430005149277
27180,"Jackson, TN",47053,Gibson County,Tennessee,"Jackson, TN",27180,2024,288.98,266.865,22.11500000000001,8.286961572330576
27180,"Jackson, TN",47053,Gibson County,Tennessee,"Jackson, TN",27180,2025,288.385,288.98,-0.5950000000000273,-0.20589660184097136
27180,"Jackson, TN",47113,Madison County,Tennessee,"Jackson, TN",27180,2022,247.6075,200.38,47.22749999999999,23.568968958977933
27180,"Jackson, TN",47113,Madison County,Tennessee,"Jackson, TN",27180,2023,266.865,247.6075,19.25750000000002,7.777430005149277
27180,"Jackson, TN",47113,Madison County,Tennessee,"Jackson, TN",27180,2024,288.98,266.865,22.11500000000001,8.286961572330576
27180,"Jackson, TN",47113,Madison County,Tennessee,"Jackson, TN",27180,2025,288.385,288.98,-0.5950000000000273,-0.20589660184097136
27260,"Jacksonville, FL",12003,Baker County,Florida,"Jacksonville, FL",27260,2022,441.44249999999994,366.34833333333336,75.09416666666658,20.49802328385095
27260,"Jacksonville, FL",12003,Baker County,Florida,"Jacksonville, FL",27260,2023,462.6125,441.44249999999994,21.170000000000073,4.795641561471786
27260,"Jacksonville, FL",12003,Baker County,Florida,"Jacksonville, FL",27260,2024,476.0291666666667,462.6125,13.416666666666686,2.9001954479541014
27260,"Jacksonville, FL",12003,Baker County,Florida,"Jacksonville, FL",27260,2025,483.76500000000004,476.0291666666667,7.735833333333346,1.6250754943237133
27260,"Jacksonville, FL",12019,Clay County,Florida,"Jacksonville, FL",27260,2022,441.44249999999994,366.34833333333336,75.09416666666658,20.49802328385095
27260,"Jacksonville, FL",12019,Clay County,Florida,"Jacksonville, FL",27260,2023,462.6125,441.44249999999994,21.170000000000073,4.795641561471786
27260,"Jacksonville, FL",12019,Clay County,Florida,"Jacksonville, FL",27260,2024,476.0291666666667,462.6125,13.416666666666686,2.9001954479541014
27260,"Jacksonville, FL",12019,Clay County,Florida,"Jacksonville, FL",27260,2025,483.76500000000004,476.0291666666667,7.735833333333346,1.6250754943237133
27260,"Jacksonville, FL",12031,Duval County,Florida,"Jacksonville, FL",27260,2022,441.44249999999994,366.34833333333336,75.09416666666658,20.49802328385095
27260,"Jacksonville, FL",12031,Duval County,Florida,"Jacksonville, FL",27260,2023,462.6125,441.44249999999994,21.170000000000073,4.795641561471786
27260,"Jacksonville, FL",12031,Duval County,Florida,"Jacksonville, FL",27260,2024,476.0291666666667,462.6125,13.416666666666686,2.9001954479541014
27260,"Jacksonville, FL",12031,Duval County,Florida,"Jacksonville, FL",27260,2025,483.76500000000004,476.0291666666667,7.735833333333346,1.6250754943237133
27260,"Jacksonville, FL",12089,Nassau County,Florida,"Jacksonville, FL",27260,2022,441.44249999999994,366.34833333333336,75.09416666666658,20.49802328385095
27260,"Jacksonville, FL",12089,Nassau County,Florida,"Jacksonville, FL",27260,2023,462.6125,441.44249999999994,21.170000000000073,4.795641561471786
27260,"Jacksonville, FL",12089,Nassau County,Florida,"Jacksonville, FL",27260,2024,476.0291666666667,462.6125,13.416666666666686,2.9001954479541014
27260,"Jacksonville, FL",12089,Nassau County,Florida,"Jacksonville, FL",27260,2025,483.76500000000004,476.0291666666667,7.735833333333346,1.6250754943237133
27260,"Jacksonville, FL",12109,St. Johns County,Florida,"Jacksonville, FL",27260,2022,441.44249999999994,366.34833333333336,75.09416666666658,20.49802328385095
27260,"Jacksonville, FL",12109,St. Johns County,Florida,"Jacksonville, FL",27260,2023,462.6125,441.44249999999994,21.170000000000073,4.795641561471786
27260,"Jacksonville, FL",12109,St. Johns County,Florida,"Jacksonville, FL",27260,2024,476.0291666666667,462.6125,13.416666666666686,2.9001954479541014
27260,"Jacksonville, FL",12109,St. Johns County,Florida,"Jacksonville, FL",27260,2025,483.76500000000004,476.0291666666667,7.735833333333346,1.6250754943237133
27340,"Jacksonville, NC",37133,Onslow County,North Carolina,"Jacksonville, NC",27340,2022,304.98,256.3675,48.61250000000001,18.962036919656367
27340,"Jacksonville, NC",37133,Onslow County,North Carolina,"Jacksonville, NC",27340,2023,337.375,304.98,32.39499999999998,10.62200800052462
27340,"Jacksonville, NC",37133,Onslow County,North Carolina,"Jacksonville, NC",27340,2024,364.2975,337.375,26.922500000000014,7.979992589848095
27340,"Jacksonville, NC",37133,Onslow County,North Carolina,"Jacksonville, NC",27340,2025,383.83500000000004,364.2975,19.537500000000023,5.363061783295242
27500,"Janesville-Beloit, WI",55105,Rock County,Wisconsin,"Janesville-Beloit, WI",27500,2022,269.575,232.3225,37.2525,16.034822283678942
27500,"Janesville-Beloit, WI",55105,Rock County,Wisconsin,"Janesville-Beloit, WI",27500,2023,292.3425,269.575,22.767499999999984,8.445701567281816
27500,"Janesville-Beloit, WI",55105,Rock County,Wisconsin,"Janesville-Beloit, WI",27500,2024,317.3975,292.3425,25.055000000000007,8.570426811017896
27500,"Janesville-Beloit, WI",55105,Rock County,Wisconsin,"Janesville-Beloit, WI",27500,2025,332.4,317.3975,15.002499999999998,4.726722800274108
27620,"Jefferson City, MO",29027,Callaway County,Missouri,"Jefferson City, MO",27620,2022,258.025,221.32999999999998,36.69499999999999,16.579315953553508
27620,"Jefferson City, MO",29027,Callaway County,Missouri,"Jefferson City, MO",27620,2023,283.23249999999996,258.025,25.207499999999982,9.769402189710297
27620,"Jefferson City, MO",29027,Callaway County,Missouri,"Jefferson City, MO",27620,2024,306.22249999999997,283.23249999999996,22.99000000000001,8.117006346376222
27620,"Jefferson City, MO",29027,Callaway County,Missouri,"Jefferson City, MO",27620,2025,320.295,306.22249999999997,14.072500000000048,4.595514699279124
27620,"Jefferson City, MO",29051,Cole County,Missouri,"Jefferson City, MO",27620,2022,258.025,221.32999999999998,36.69499999999999,16.579315953553508
27620,"Jefferson City, MO",29051,Cole County,Missouri,"Jefferson City, MO",27620,2023,283.23249999999996,258.025,25.207499999999982,9.769402189710297
27620,"Jefferson City, MO",29051,Cole County,Missouri,"Jefferson City, MO",27620,2024,306.22249999999997,283.23249999999996,22.99000000000001,8.117006346376222
27620,"Jefferson City, MO",29051,Cole County,Missouri,"Jefferson City, MO",27620,2025,320.295,306.22249999999997,14.072500000000048,4.595514699279124
27620,"Jefferson City, MO",29135,Moniteau County,Missouri,"Jefferson City, MO",27620,2022,258.025,221.32999999999998,36.69499999999999,16.579315953553508
27620,"Jefferson City, MO",29135,Moniteau County,Missouri,"Jefferson City, MO",27620,2023,283.23249999999996,258.025,25.207499999999982,9.769402189710297
27620,"Jefferson City, MO",29135,Moniteau County,Missouri,"Jefferson City, MO",27620,2024,306.22249999999997,283.23249999999996,22.99000000000001,8.117006346376222
27620,"Jefferson City, MO",29135,Moniteau County,Missouri,"Jefferson City, MO",27620,2025,320.295,306.22249999999997,14.072500000000048,4.595514699279124
27620,"Jefferson City, MO",29151,Osage County,Missouri,"Jefferson City, MO",27620,2022,258.025,221.32999999999998,36.69499999999999,16.579315953553508
27620,"Jefferson City, MO",29151,Osage County,Missouri,"Jefferson City, MO",27620,2023,283.23249999999996,258.025,25.207499999999982,9.769402189710297
27620,"Jefferson City, MO",29151,Osage County,Missouri,"Jefferson City, MO",27620,2024,306.22249999999997,283.23249999999996,22.99000000000001,8.117006346376222
27620,"Jefferson City, MO",29151,Osage County,Missouri,"Jefferson City, MO",27620,2025,320.295,306.22249999999997,14.072500000000048,4.595514699279124
27740,"Johnson City, TN",47019,Carter County,Tennessee,"Johnson City, TN",27740,2022,309.7575,251.2425,58.514999999999986,23.290247470073734
27740,"Johnson City, TN",47019,Carter County,Tennessee,"Johnson City, TN",27740,2023,346.1775,309.7575,36.420000000000016,11.757584562117152
27740,"Johnson City, TN",47019,Carter County,Tennessee,"Johnson City, TN",27740,2024,370.85,346.1775,24.672500000000014,7.127124090964898
27740,"Johnson City, TN",47019,Carter County,Tennessee,"Johnson City, TN",27740,2025,381.48,370.85,10.629999999999995,2.866388027504385
27740,"Johnson City, TN",47171,Unicoi County,Tennessee,"Johnson City, TN",27740,2022,309.7575,251.2425,58.514999999999986,23.290247470073734
27740,"Johnson City, TN",47171,Unicoi County,Tennessee,"Johnson City, TN",27740,2023,346.1775,309.7575,36.420000000000016,11.757584562117152
27740,"Johnson City, TN",47171,Unicoi County,Tennessee,"Johnson City, TN",27740,2024,370.85,346.1775,24.672500000000014,7.127124090964898
27740,"Johnson City, TN",47171,Unicoi County,Tennessee,"Johnson City, TN",27740,2025,381.48,370.85,10.629999999999995,2.866388027504385
27740,"Johnson City, TN",47179,Washington County,Tennessee,"Johnson City, TN",27740,2022,309.7575,251.2425,58.514999999999986,23.290247470073734
27740,"Johnson City, TN",47179,Washington County,Tennessee,"Johnson City, TN",27740,2023,346.1775,309.7575,36.420000000000016,11.757584562117152
27740,"Johnson City, TN",47179,Washington County,Tennessee,"Johnson City, TN",27740,2024,370.85,346.1775,24.672500000000014,7.127124090964898
27740,"Johnson City, TN",47179,Washington County,Tennessee,"Johnson City, TN",27740,2025,381.48,370.85,10.629999999999995,2.866388027504385
27780,"Johnstown, PA",42021,Cambria County,Pennsylvania,"Johnstown, PA",27780,2022,216.155,194.6875,21.4675,11.026645264847513
27780,"Johnstown, PA",42021,Cambria County,Pennsylvania,"Johnstown, PA",27780,2023,228.5475,216.155,12.392500000000013,5.7331544493534725
27780,"Johnstown, PA",42021,Cambria County,Pennsylvania,"Johnstown, PA",27780,2024,255.20999999999998,228.5475,26.662499999999966,11.666065041183993
27780,"Johnstown, PA",42021,Cambria County,Pennsylvania,"Johnstown, PA",27780,2025,279.605,255.20999999999998,24.39500000000004,9.558794718075326
27860,"Jonesboro, AR",05031,Craighead County,Arkansas,"Jonesboro, AR",27860,2022,238.0025,207.3825,30.620000000000005,14.764987402505025
27860,"Jonesboro, AR",05031,Craighead County,Arkansas,"Jonesboro, AR",27860,2023,242.72750000000002,238.0025,4.725000000000023,1.9852732639363158
27860,"Jonesboro, AR",05031,Craighead County,Arkansas,"Jonesboro, AR",27860,2024,256.7375,242.72750000000002,14.009999999999991,5.7719047079543895
27860,"Jonesboro, AR",05031,Craighead County,Arkansas,"Jonesboro, AR",27860,2025,261.05,256.7375,4.3125,1.6797312430011146
27860,"Jonesboro, AR",05111,Poinsett County,Arkansas,"Jonesboro, AR",27860,2022,238.0025,207.3825,30.620000000000005,14.764987402505025
27860,"Jonesboro, AR",05111,Poinsett County,Arkansas,"Jonesboro, AR",27860,2023,242.72750000000002,238.0025,4.725000000000023,1.9852732639363158
27860,"Jonesboro, AR",05111,Poinsett County,Arkansas,"Jonesboro, AR",27860,2024,256.7375,242.72750000000002,14.009999999999991,5.7719047079543895
27860,"Jonesboro, AR",05111,Poinsett County,Arkansas,"Jonesboro, AR",27860,2025,261.05,256.7375,4.3125,1.6797312430011146
27900,"Joplin, MO-KS",20021,Cherokee County,Kansas,"Joplin, MO-KS",27900,2022,258.925,219.9325,38.99250000000001,17.7293033089698
27900,"Joplin, MO-KS",20021,Cherokee County,Kansas,"Joplin, MO-KS",27900,2023,277.0375,258.925,18.11250000000001,6.995268900260698
27900,"Joplin, MO-KS",20021,Cherokee County,Kansas,"Joplin, MO-KS",27900,2024,300.2375,277.0375,23.19999999999999,8.374317556287503
27900,"Joplin, MO-KS",20021,Cherokee County,Kansas,"Joplin, MO-KS",27900,2025,310.765,300.2375,10.527499999999975,3.5063907739705913
27900,"Joplin, MO-KS",29097,Jasper County,Missouri,"Joplin, MO-KS",27900,2022,258.925,219.9325,38.99250000000001,17.7293033089698
27900,"Joplin, MO-KS",29097,Jasper County,Missouri,"Joplin, MO-KS",27900,2023,277.0375,258.925,18.11250000000001,6.995268900260698
27900,"Joplin, MO-KS",29097,Jasper County,Missouri,"Joplin, MO-KS",27900,2024,300.2375,277.0375,23.19999999999999,8.374317556287503
27900,"Joplin, MO-KS",29097,Jasper County,Missouri,"Joplin, MO-KS",27900,2025,310.765,300.2375,10.527499999999975,3.5063907739705913
27900,"Joplin, MO-KS",29145,Newton County,Missouri,"Joplin, MO-KS",27900,2022,258.925,219.9325,38.99250000000001,17.7293033089698
27900,"Joplin, MO-KS",29145,Newton County,Missouri,"Joplin, MO-KS",27900,2023,277.0375,258.925,18.11250000000001,6.995268900260698
27900,"Joplin, MO-KS",29145,Newton County,Missouri,"Joplin, MO-KS",27900,2024,300.2375,277.0375,23.19999999999999,8.374317556287503
27900,"Joplin, MO-KS",29145,Newton County,Missouri,"Joplin, MO-KS",27900,2025,310.765,300.2375,10.527499999999975,3.5063907739705913
27980,"Kahului-Wailuku, HI",15005,Kalawao County,Hawaii,"Kahului-Wailuku, HI",27980,2022,389.425,324.63,64.79500000000002,19.95964636663279
27980,"Kahului-Wailuku, HI",15005,Kalawao County,Hawaii,"Kahului-Wailuku, HI",27980,2023,425.2525,389.425,35.827499999999986,9.200102715542148
27980,"Kahului-Wailuku, HI",15005,Kalawao County,Hawaii,"Kahului-Wailuku, HI",27980,2024,441.465,425.2525,16.212499999999977,3.812440843969167
27980,"Kahului-Wailuku, HI",15005,Kalawao County,Hawaii,"Kahului-Wailuku, HI",27980,2025,460.48,441.465,19.015000000000043,4.307249725346307
27980,"Kahului-Wailuku, HI",15009,Maui County,Hawaii,"Kahului-Wailuku, HI",27980,2022,389.425,324.63,64.79500000000002,19.95964636663279
27980,"Kahului-Wailuku, HI",15009,Maui County,Hawaii,"Kahului-Wailuku, HI",27980,2023,425.2525,389.425,35.827499999999986,9.200102715542148
27980,"Kahului-Wailuku, HI",15009,Maui County,Hawaii,"Kahului-Wailuku, HI",27980,2024,441.465,425.2525,16.212499999999977,3.812440843969167
27980,"Kahului-Wailuku, HI",15009,Maui County,Hawaii,"Kahului-Wailuku, HI",27980,2025,460.48,441.465,19.015000000000043,4.307249725346307
28020,"Kalamazoo-Portage, MI",26077,Kalamazoo County,Michigan,"Kalamazoo-Portage, MI",28020,2022,264.1775,227.9875,36.19,15.87367728493887
28020,"Kalamazoo-Portage, MI",26077,Kalamazoo County,Michigan,"Kalamazoo-Portage, MI",28020,2023,277.4875,264.1775,13.310000000000002,5.038279187288852
28020,"Kalamazoo-Portage, MI",26077,Kalamazoo County,Michigan,"Kalamazoo-Portage, MI",28020,2024,295.3125,277.4875,17.82499999999999,6.42371277985494
28020,"Kalamazoo-Portage, MI",26077,Kalamazoo County,Michigan,"Kalamazoo-Portage, MI",28020,2025,308.5,295.3125,13.1875,4.465608465608462
28100,"Kankakee, IL",17091,Kankakee County,Illinois,"Kankakee, IL",28100,2022,201.215,176.97,24.245000000000005,13.700062157427805
28100,"Kankakee, IL",17091,Kankakee County,Illinois,"Kankakee, IL",28100,2023,212.6375,201.215,11.422499999999985,5.676763660760864
28100,"Kankakee, IL",17091,Kankakee County,Illinois,"Kankakee, IL",28100,2024,229.97,212.6375,17.33250000000001,8.151196284756935
28100,"Kankakee, IL",17091,Kankakee County,Illinois,"Kankakee, IL",28100,2025,236.72500000000002,229.97,6.755000000000024,2.9373396529982276
28140,"Kansas City, MO-KS",20091,Johnson County,Kansas,"Kansas City, MO-KS",28140,2022,351.9166666666667,310.785,41.13166666666666,13.234765727646657
28140,"Kansas City, MO-KS",20091,Johnson County,Kansas,"Kansas City, MO-KS",28140,2023,376.66499999999996,351.9166666666667,24.748333333333278,7.032441392375066
28140,"Kansas City, MO-KS",20091,Johnson County,Kansas,"Kansas City, MO-KS",28140,2024,398.12583333333333,376.66499999999996,21.46083333333337,5.697591582263639
28140,"Kansas City, MO-KS",20091,Johnson County,Kansas,"Kansas City, MO-KS",28140,2025,410.18,398.12583333333333,12.054166666666674,3.027727833118088
28140,"Kansas City, MO-KS",20103,Leavenworth County,Kansas,"Kansas City, MO-KS",28140,2022,351.9166666666667,310.785,41.13166666666666,13.234765727646657
28140,"Kansas City, MO-KS",20103,Leavenworth County,Kansas,"Kansas City, MO-KS",28140,2023,376.66499999999996,351.9166666666667,24.748333333333278,7.032441392375066
28140,"Kansas City, MO-KS",20103,Leavenworth County,Kansas,"Kansas City, MO-KS",28140,2024,398.12583333333333,376.66499999999996,21.46083333333337,5.697591582263639
28140,"Kansas City, MO-KS",20103,Leavenworth County,Kansas,"Kansas City, MO-KS",28140,2025,410.18,398.12583333333333,12.054166666666674,3.027727833118088
28140,"Kansas City, MO-KS",20107,Linn County,Kansas,"Kansas City, MO-KS",28140,2022,351.9166666666667,310.785,41.13166666666666,13.234765727646657
28140,"Kansas City, MO-KS",20107,Linn County,Kansas,"Kansas City, MO-KS",28140,2023,376.66499999999996,351.9166666666667,24.748333333333278,7.032441392375066
28140,"Kansas City, MO-KS",20107,Linn County,Kansas,"Kansas City, MO-KS",28140,2024,398.12583333333333,376.66499999999996,21.46083333333337,5.697591582263639
28140,"Kansas City, MO-KS",20107,Linn County,Kansas,"Kansas City, MO-KS",28140,2025,410.18,398.12583333333333,12.054166666666674,3.027727833118088
28140,"Kansas City, MO-KS",20121,Miami County,Kansas,"Kansas City, MO-KS",28140,2022,351.9166666666667,310.785,41.13166666666666,13.234765727646657
28140,"Kansas City, MO-KS",20121,Miami County,Kansas,"Kansas City, MO-KS",28140,2023,376.66499999999996,351.9166666666667,24.748333333333278,7.032441392375066
28140,"Kansas City, MO-KS",20121,Miami County,Kansas,"Kansas City, MO-KS",28140,2024,398.12583333333333,376.66499999999996,21.46083333333337,5.697591582263639
28140,"Kansas City, MO-KS",20121,Miami County,Kansas,"Kansas City, MO-KS",28140,2025,410.18,398.12583333333333,12.054166666666674,3.027727833118088
28140,"Kansas City, MO-KS",20209,Wyandotte County,Kansas,"Kansas City, MO-KS",28140,2022,351.9166666666667,310.785,41.13166666666666,13.234765727646657
28140,"Kansas City, MO-KS",20209,Wyandotte County,Kansas,"Kansas City, MO-KS",28140,2023,376.66499999999996,351.9166666666667,24.748333333333278,7.032441392375066
28140,"Kansas City, MO-KS",20209,Wyandotte County,Kansas,"Kansas City, MO-KS",28140,2024,398.12583333333333,376.66499999999996,21.46083333333337,5.697591582263639
28140,"Kansas City, MO-KS",20209,Wyandotte County,Kansas,"Kansas City, MO-KS",28140,2025,410.18,398.12583333333333,12.054166666666674,3.027727833118088
28140,"Kansas City, MO-KS",29013,Bates County,Missouri,"Kansas City, MO-KS",28140,2022,351.9166666666667,310.785,41.13166666666666,13.234765727646657
28140,"Kansas City, MO-KS",29013,Bates County,Missouri,"Kansas City, MO-KS",28140,2023,376.66499999999996,351.9166666666667,24.748333333333278,7.032441392375066
28140,"Kansas City, MO-KS",29013,Bates County,Missouri,"Kansas City, MO-KS",28140,2024,398.12583333333333,376.66499999999996,21.46083333333337,5.697591582263639
28140,"Kansas City, MO-KS",29013,Bates County,Missouri,"Kansas City, MO-KS",28140,2025,410.18,398.12583333333333,12.054166666666674,3.027727833118088
28140,"Kansas City, MO-KS",29025,Caldwell County,Missouri,"Kansas City, MO-KS",28140,2022,351.9166666666667,310.785,41.13166666666666,13.234765727646657
28140,"Kansas City, MO-KS",29025,Caldwell County,Missouri,"Kansas City, MO-KS",28140,2023,376.66499999999996,351.9166666666667,24.748333333333278,7.032441392375066
28140,"Kansas City, MO-KS",29025,Caldwell County,Missouri,"Kansas City, MO-KS",28140,2024,398.12583333333333,376.66499999999996,21.46083333333337,5.697591582263639
28140,"Kansas City, MO-KS",29025,Caldwell County,Missouri,"Kansas City, MO-KS",28140,2025,410.18,398.12583333333333,12.054166666666674,3.027727833118088
28140,"Kansas City, MO-KS",29037,Cass County,Missouri,"Kansas City, MO-KS",28140,2022,351.9166666666667,310.785,41.13166666666666,13.234765727646657
28140,"Kansas City, MO-KS",29037,Cass County,Missouri,"Kansas City, MO-KS",28140,2023,376.66499999999996,351.9166666666667,24.748333333333278,7.032441392375066
28140,"Kansas City, MO-KS",29037,Cass County,Missouri,"Kansas City, MO-KS",28140,2024,398.12583333333333,376.66499999999996,21.46083333333337,5.697591582263639
28140,"Kansas City, MO-KS",29037,Cass County,Missouri,"Kansas City, MO-KS",28140,2025,410.18,398.12583333333333,12.054166666666674,3.027727833118088
28140,"Kansas City, MO-KS",29047,Clay County,Missouri,"Kansas City, MO-KS",28140,2022,351.9166666666667,310.785,41.13166666666666,13.234765727646657
28140,"Kansas City, MO-KS",29047,Clay County,Missouri,"Kansas City, MO-KS",28140,2023,376.66499999999996,351.9166666666667,24.748333333333278,7.032441392375066
28140,"Kansas City, MO-KS",29047,Clay County,Missouri,"Kansas City, MO-KS",28140,2024,398.12583333333333,376.66499999999996,21.46083333333337,5.697591582263639
28140,"Kansas City, MO-KS",29047,Clay County,Missouri,"Kansas City, MO-KS",28140,2025,410.18,398.12583333333333,12.054166666666674,3.027727833118088
28140,"Kansas City, MO-KS",29049,Clinton County,Missouri,"Kansas City, MO-KS",28140,2022,351.9166666666667,310.785,41.13166666666666,13.234765727646657
28140,"Kansas City, MO-KS",29049,Clinton County,Missouri,"Kansas City, MO-KS",28140,2023,376.66499999999996,351.9166666666667,24.748333333333278,7.032441392375066
28140,"Kansas City, MO-KS",29049,Clinton County,Missouri,"Kansas City, MO-KS",28140,2024,398.12583333333333,376.66499999999996,21.46083333333337,5.697591582263639
28140,"Kansas City, MO-KS",29049,Clinton County,Missouri,"Kansas City, MO-KS",28140,2025,410.18,398.12583333333333,12.054166666666674,3.027727833118088
28140,"Kansas City, MO-KS",29095,Jackson County,Missouri,"Kansas City, MO-KS",28140,2022,351.9166666666667,310.785,41.13166666666666,13.234765727646657
28140,"Kansas City, MO-KS",29095,Jackson County,Missouri,"Kansas City, MO-KS",28140,2023,376.66499999999996,351.9166666666667,24.748333333333278,7.032441392375066
28140,"Kansas City, MO-KS",29095,Jackson County,Missouri,"Kansas City, MO-KS",28140,2024,398.12583333333333,376.66499999999996,21.46083333333337,5.697591582263639
28140,"Kansas City, MO-KS",29095,Jackson County,Missouri,"Kansas City, MO-KS",28140,2025,410.18,398.12583333333333,12.054166666666674,3.027727833118088
28140,"Kansas City, MO-KS",29107,Lafayette County,Missouri,"Kansas City, MO-KS",28140,2022,351.9166666666667,310.785,41.13166666666666,13.234765727646657
28140,"Kansas City, MO-KS",29107,Lafayette County,Missouri,"Kansas City, MO-KS",28140,2023,376.66499999999996,351.9166666666667,24.748333333333278,7.032441392375066
28140,"Kansas City, MO-KS",29107,Lafayette County,Missouri,"Kansas City, MO-KS",28140,2024,398.12583333333333,376.66499999999996,21.46083333333337,5.697591582263639
28140,"Kansas City, MO-KS",29107,Lafayette County,Missouri,"Kansas City, MO-KS",28140,2025,410.18,398.12583333333333,12.054166666666674,3.027727833118088
28140,"Kansas City, MO-KS",29165,Platte County,Missouri,"Kansas City, MO-KS",28140,2022,351.9166666666667,310.785,41.13166666666666,13.234765727646657
28140,"Kansas City, MO-KS",29165,Platte County,Missouri,"Kansas City, MO-KS",28140,2023,376.66499999999996,351.9166666666667,24.748333333333278,7.032441392375066
28140,"Kansas City, MO-KS",29165,Platte County,Missouri,"Kansas City, MO-KS",28140,2024,398.12583333333333,376.66499999999996,21.46083333333337,5.697591582263639
28140,"Kansas City, MO-KS",29165,Platte County,Missouri,"Kansas City, MO-KS",28140,2025,410.18,398.12583333333333,12.054166666666674,3.027727833118088
28140,"Kansas City, MO-KS",29177,Ray County,Missouri,"Kansas City, MO-KS",28140,2022,351.9166666666667,310.785,41.13166666666666,13.234765727646657
28140,"Kansas City, MO-KS",29177,Ray County,Missouri,"Kansas City, MO-KS",28140,2023,376.66499999999996,351.9166666666667,24.748333333333278,7.032441392375066
28140,"Kansas City, MO-KS",29177,Ray County,Missouri,"Kansas City, MO-KS",28140,2024,398.12583333333333,376.66499999999996,21.46083333333337,5.697591582263639
28140,"Kansas City, MO-KS",29177,Ray County,Missouri,"Kansas City, MO-KS",28140,2025,410.18,398.12583333333333,12.054166666666674,3.027727833118088
28420,"Kennewick-Richland, WA",53005,Benton County,Washington,"Kennewick-Richland, WA",28420,2022,347.255,295.1075,52.14749999999998,17.670679328719196
28420,"Kennewick-Richland, WA",53005,Benton County,Washington,"Kennewick-Richland, WA",28420,2023,352.8775,347.255,5.622500000000002,1.6191271543966268
28420,"Kennewick-Richland, WA",53005,Benton County,Washington,"Kennewick-Richland, WA",28420,2024,364.2325,352.8775,11.355000000000018,3.217830550261791
28420,"Kennewick-Richland, WA",53005,Benton County,Washington,"Kennewick-Richland, WA",28420,2025,370.63,364.2325,6.3974999999999795,1.7564330475726253
28420,"Kennewick-Richland, WA",53021,Franklin County,Washington,"Kennewick-Richland, WA",28420,2022,347.255,295.1075,52.14749999999998,17.670679328719196
28420,"Kennewick-Richland, WA",53021,Franklin County,Washington,"Kennewick-Richland, WA",28420,2023,352.8775,347.255,5.622500000000002,1.6191271543966268
28420,"Kennewick-Richland, WA",53021,Franklin County,Washington,"Kennewick-Richland, WA",28420,2024,364.2325,352.8775,11.355000000000018,3.217830550261791
28420,"Kennewick-Richland, WA",53021,Franklin County,Washington,"Kennewick-Richland, WA",28420,2025,370.63,364.2325,6.3974999999999795,1.7564330475726253
28450,"Kenosha, WI",55059,Kenosha County,Wisconsin,"Kenosha, WI",28450,2022,254.5975,226.4125,28.185000000000002,12.448517639264622
28450,"Kenosha, WI",55059,Kenosha County,Wisconsin,"Kenosha, WI",28450,2023,271.8525,254.5975,17.255000000000024,6.777364271055308
28450,"Kenosha, WI",55059,Kenosha County,Wisconsin,"Kenosha, WI",28450,2024,296.0025,271.8525,24.149999999999977,8.883493806383957
28450,"Kenosha, WI",55059,Kenosha County,Wisconsin,"Kenosha, WI",28450,2025,310.635,296.0025,14.632499999999993,4.94337041072288
28660,"Killeen-Temple, TX",48027,Bell County,Texas,"Killeen-Temple, TX",28660,2022,306.43,247.16750000000002,59.26249999999999,23.976655506893096
28660,"Killeen-Temple, TX",48027,Bell County,Texas,"Killeen-Temple, TX",28660,2023,318.28499999999997,306.43,11.854999999999961,3.8687465326501913
28660,"Killeen-Temple, TX",48027,Bell County,Texas,"Killeen-Temple, TX",28660,2024,323.42,318.28499999999997,5.135000000000048,1.6133339617010023
28660,"Killeen-Temple, TX",48027,Bell County,Texas,"Killeen-Temple, TX",28660,2025,328.385,323.42,4.964999999999975,1.5351555253231064
28660,"Killeen-Temple, TX",48099,Coryell County,Texas,"Killeen-Temple, TX",28660,2022,306.43,247.16750000000002,59.26249999999999,23.976655506893096
28660,"Killeen-Temple, TX",48099,Coryell County,Texas,"Killeen-Temple, TX",28660,2023,318.28499999999997,306.43,11.854999999999961,3.8687465326501913
28660,"Killeen-Temple, TX",48099,Coryell County,Texas,"Killeen-Temple, TX",28660,2024,323.42,318.28499999999997,5.135000000000048,1.6133339617010023
28660,"Killeen-Temple, TX",48099,Coryell County,Texas,"Killeen-Temple, TX",28660,2025,328.385,323.42,4.964999999999975,1.5351555253231064
28660,"Killeen-Temple, TX",48281,Lampasas County,Texas,"Killeen-Temple, TX",28660,2022,306.43,247.16750000000002,59.26249999999999,23.976655506893096
28660,"Killeen-Temple, TX",48281,Lampasas County,Texas,"Killeen-Temple, TX",28660,2023,318.28499999999997,306.43,11.854999999999961,3.8687465326501913
28660,"Killeen-Temple, TX",48281,Lampasas County,Texas,"Killeen-Temple, TX",28660,2024,323.42,318.28499999999997,5.135000000000048,1.6133339617010023
28660,"Killeen-Temple, TX",48281,Lampasas County,Texas,"Killeen-Temple, TX",28660,2025,328.385,323.42,4.964999999999975,1.5351555253231064
28700,"Kingsport-Bristol, TN-VA",47073,Hawkins County,Tennessee,"Kingsport-Bristol, TN-VA",28700,2022,311.195,253.70000000000002,57.494999999999976,22.66259361450531
28700,"Kingsport-Bristol, TN-VA",47073,Hawkins County,Tennessee,"Kingsport-Bristol, TN-VA",28700,2023,343.2725,311.195,32.077499999999986,10.307845563071382
28700,"Kingsport-Bristol, TN-VA",47073,Hawkins County,Tennessee,"Kingsport-Bristol, TN-VA",28700,2024,371.8,343.2725,28.527500000000032,8.31045306571312
28700,"Kingsport-Bristol, TN-VA",47073,Hawkins County,Tennessee,"Kingsport-Bristol, TN-VA",28700,2025,387.18,371.8,15.379999999999995,4.136632598171053
28700,"Kingsport-Bristol, TN-VA",47163,Sullivan County,Tennessee,"Kingsport-Bristol, TN-VA",28700,2022,311.195,253.70000000000002,57.494999999999976,22.66259361450531
28700,"Kingsport-Bristol, TN-VA",47163,Sullivan County,Tennessee,"Kingsport-Bristol, TN-VA",28700,2023,343.2725,311.195,32.077499999999986,10.307845563071382
28700,"Kingsport-Bristol, TN-VA",47163,Sullivan County,Tennessee,"Kingsport-Bristol, TN-VA",28700,2024,371.8,343.2725,28.527500000000032,8.31045306571312
28700,"Kingsport-Bristol, TN-VA",47163,Sullivan County,Tennessee,"Kingsport-Bristol, TN-VA",28700,2025,387.18,371.8,15.379999999999995,4.136632598171053
28700,"Kingsport-Bristol, TN-VA",51169,Scott County,Virginia,"Kingsport-Bristol, TN-VA",28700,2022,311.195,253.70000000000002,57.494999999999976,22.66259361450531
28700,"Kingsport-Bristol, TN-VA",51169,Scott County,Virginia,"Kingsport-Bristol, TN-VA",28700,2023,343.2725,311.195,32.077499999999986,10.307845563071382
28700,"Kingsport-Bristol, TN-VA",51169,Scott County,Virginia,"Kingsport-Bristol, TN-VA",28700,2024,371.8,343.2725,28.527500000000032,8.31045306571312
28700,"Kingsport-Bristol, TN-VA",51169,Scott County,Virginia,"Kingsport-Bristol, TN-VA",28700,2025,387.18,371.8,15.379999999999995,4.136632598171053
28700,"Kingsport-Bristol, TN-VA",51191,Washington County,Virginia,"Kingsport-Bristol, TN-VA",28700,2022,311.195,253.70000000000002,57.494999999999976,22.66259361450531
28700,"Kingsport-Bristol, TN-VA",51191,Washington County,Virginia,"Kingsport-Bristol, TN-VA",28700,2023,343.2725,311.195,32.077499999999986,10.307845563071382
28700,"Kingsport-Bristol, TN-VA",51191,Washington County,Virginia,"Kingsport-Bristol, TN-VA",28700,2024,371.8,343.2725,28.527500000000032,8.31045306571312
28700,"Kingsport-Bristol, TN-VA",51191,Washington County,Virginia,"Kingsport-Bristol, TN-VA",28700,2025,387.18,371.8,15.379999999999995,4.136632598171053
28700,"Kingsport-Bristol, TN-VA",51520,Bristol city,Virginia,"Kingsport-Bristol, TN-VA",28700,2022,311.195,253.70000000000002,57.494999999999976,22.66259361450531
28700,"Kingsport-Bristol, TN-VA",51520,Bristol city,Virginia,"Kingsport-Bristol, TN-VA",28700,2023,343.2725,311.195,32.077499999999986,10.307845563071382
28700,"Kingsport-Bristol, TN-VA",51520,Bristol city,Virginia,"Kingsport-Bristol, TN-VA",28700,2024,371.8,343.2725,28.527500000000032,8.31045306571312
28700,"Kingsport-Bristol, TN-VA",51520,Bristol city,Virginia,"Kingsport-Bristol, TN-VA",28700,2025,387.18,371.8,15.379999999999995,4.136632598171053
28740,"Kingston, NY",36111,Ulster County,New York,"Kingston, NY",28740,2022,395.4575,338.7325,56.724999999999966,16.746252573933695
28740,"Kingston, NY",36111,Ulster County,New York,"Kingston, NY",28740,2023,419.5725,395.4575,24.11500000000001,6.09800041723827
28740,"Kingston, NY",36111,Ulster County,New York,"Kingston, NY",28740,2024,460.9625,419.5725,41.389999999999986,9.864802864820742
28740,"Kingston, NY",36111,Ulster County,New York,"Kingston, NY",28740,2025,472.28999999999996,460.9625,11.327499999999986,2.4573582449765485
28880,"Kiryas Joel-Poughkeepsie-Newburgh, NY",36027,Dutchess County,New York,"Kiryas Joel-Poughkeepsie-Newburgh, NY",28880,2022,306.69,265.175,41.514999999999986,15.655699066654094
28880,"Kiryas Joel-Poughkeepsie-Newburgh, NY",36027,Dutchess County,New York,"Kiryas Joel-Poughkeepsie-Newburgh, NY",28880,2023,327.83000000000004,306.69,21.140000000000043,6.892953796993728
28880,"Kiryas Joel-Poughkeepsie-Newburgh, NY",36027,Dutchess County,New York,"Kiryas Joel-Poughkeepsie-Newburgh, NY",28880,2024,351.005,327.83000000000004,23.174999999999955,7.06921270170513
28880,"Kiryas Joel-Poughkeepsie-Newburgh, NY",36027,Dutchess County,New York,"Kiryas Joel-Poughkeepsie-Newburgh, NY",28880,2025,371.73,351.005,20.725000000000023,5.904474295237971
28880,"Kiryas Joel-Poughkeepsie-Newburgh, NY",36071,Orange County,New York,"Kiryas Joel-Poughkeepsie-Newburgh, NY",28880,2022,306.69,265.175,41.514999999999986,15.655699066654094
28880,"Kiryas Joel-Poughkeepsie-Newburgh, NY",36071,Orange County,New York,"Kiryas Joel-Poughkeepsie-Newburgh, NY",28880,2023,327.83000000000004,306.69,21.140000000000043,6.892953796993728
28880,"Kiryas Joel-Poughkeepsie-Newburgh, NY",36071,Orange County,New York,"Kiryas Joel-Poughkeepsie-Newburgh, NY",28880,2024,351.005,327.83000000000004,23.174999999999955,7.06921270170513
28880,"Kiryas Joel-Poughkeepsie-Newburgh, NY",36071,Orange County,New York,"Kiryas Joel-Poughkeepsie-Newburgh, NY",28880,2025,371.73,351.005,20.725000000000023,5.904474295237971
28940,"Knoxville, TN",47001,Anderson County,Tennessee,"Knoxville, TN",28940,2022,387.02,315.99125,71.02875,22.478074946695514
28940,"Knoxville, TN",47001,Anderson County,Tennessee,"Knoxville, TN",28940,2023,425.25374999999997,387.02,38.233749999999986,9.879011420598417
28940,"Knoxville, TN",47001,Anderson County,Tennessee,"Knoxville, TN",28940,2024,460.63875,425.25374999999997,35.38500000000005,8.320914277651891
28940,"Knoxville, TN",47001,Anderson County,Tennessee,"Knoxville, TN",28940,2025,468.1875,460.63875,7.548749999999984,1.6387570520282946
28940,"Knoxville, TN",47009,Blount County,Tennessee,"Knoxville, TN",28940,2022,387.02,315.99125,71.02875,22.478074946695514
28940,"Knoxville, TN",47009,Blount County,Tennessee,"Knoxville, TN",28940,2023,425.25374999999997,387.02,38.233749999999986,9.879011420598417
28940,"Knoxville, TN",47009,Blount County,Tennessee,"Knoxville, TN",28940,2024,460.63875,425.25374999999997,35.38500000000005,8.320914277651891
28940,"Knoxville, TN",47009,Blount County,Tennessee,"Knoxville, TN",28940,2025,468.1875,460.63875,7.548749999999984,1.6387570520282946
28940,"Knoxville, TN",47013,Campbell County,Tennessee,"Knoxville, TN",28940,2022,387.02,315.99125,71.02875,22.478074946695514
28940,"Knoxville, TN",47013,Campbell County,Tennessee,"Knoxville, TN",28940,2023,425.25374999999997,387.02,38.233749999999986,9.879011420598417
28940,"Knoxville, TN",47013,Campbell County,Tennessee,"Knoxville, TN",28940,2024,460.63875,425.25374999999997,35.38500000000005,8.320914277651891
28940,"Knoxville, TN",47013,Campbell County,Tennessee,"Knoxville, TN",28940,2025,468.1875,460.63875,7.548749999999984,1.6387570520282946
28940,"Knoxville, TN",47057,Grainger County,Tennessee,"Knoxville, TN",28940,2022,387.02,315.99125,71.02875,22.478074946695514
28940,"Knoxville, TN",47057,Grainger County,Tennessee,"Knoxville, TN",28940,2023,425.25374999999997,387.02,38.233749999999986,9.879011420598417
28940,"Knoxville, TN",47057,Grainger County,Tennessee,"Knoxville, TN",28940,2024,460.63875,425.25374999999997,35.38500000000005,8.320914277651891
28940,"Knoxville, TN",47057,Grainger County,Tennessee,"Knoxville, TN",28940,2025,468.1875,460.63875,7.548749999999984,1.6387570520282946
28940,"Knoxville, TN",47093,Knox County,Tennessee,"Knoxville, TN",28940,2022,387.02,315.99125,71.02875,22.478074946695514
28940,"Knoxville, TN",47093,Knox County,Tennessee,"Knoxville, TN",28940,2023,425.25374999999997,387.02,38.233749999999986,9.879011420598417
28940,"Knoxville, TN",47093,Knox County,Tennessee,"Knoxville, TN",28940,2024,460.63875,425.25374999999997,35.38500000000005,8.320914277651891
28940,"Knoxville, TN",47093,Knox County,Tennessee,"Knoxville, TN",28940,2025,468.1875,460.63875,7.548749999999984,1.6387570520282946
28940,"Knoxville, TN",47105,Loudon County,Tennessee,"Knoxville, TN",28940,2022,387.02,315.99125,71.02875,22.478074946695514
28940,"Knoxville, TN",47105,Loudon County,Tennessee,"Knoxville, TN",28940,2023,425.25374999999997,387.02,38.233749999999986,9.879011420598417
28940,"Knoxville, TN",47105,Loudon County,Tennessee,"Knoxville, TN",28940,2024,460.63875,425.25374999999997,35.38500000000005,8.320914277651891
28940,"Knoxville, TN",47105,Loudon County,Tennessee,"Knoxville, TN",28940,2025,468.1875,460.63875,7.548749999999984,1.6387570520282946
28940,"Knoxville, TN",47129,Morgan County,Tennessee,"Knoxville, TN",28940,2022,387.02,315.99125,71.02875,22.478074946695514
28940,"Knoxville, TN",47129,Morgan County,Tennessee,"Knoxville, TN",28940,2023,425.25374999999997,387.02,38.233749999999986,9.879011420598417
28940,"Knoxville, TN",47129,Morgan County,Tennessee,"Knoxville, TN",28940,2024,460.63875,425.25374999999997,35.38500000000005,8.320914277651891
28940,"Knoxville, TN",47129,Morgan County,Tennessee,"Knoxville, TN",28940,2025,468.1875,460.63875,7.548749999999984,1.6387570520282946
28940,"Knoxville, TN",47145,Roane County,Tennessee,"Knoxville, TN",28940,2022,387.02,315.99125,71.02875,22.478074946695514
28940,"Knoxville, TN",47145,Roane County,Tennessee,"Knoxville, TN",28940,2023,425.25374999999997,387.02,38.233749999999986,9.879011420598417
28940,"Knoxville, TN",47145,Roane County,Tennessee,"Knoxville, TN",28940,2024,460.63875,425.25374999999997,35.38500000000005,8.320914277651891
28940,"Knoxville, TN",47145,Roane County,Tennessee,"Knoxville, TN",28940,2025,468.1875,460.63875,7.548749999999984,1.6387570520282946
28940,"Knoxville, TN",47173,Union County,Tennessee,"Knoxville, TN",28940,2022,387.02,315.99125,71.02875,22.478074946695514
28940,"Knoxville, TN",47173,Union County,Tennessee,"Knoxville, TN",28940,2023,425.25374999999997,387.02,38.233749999999986,9.879011420598417
28940,"Knoxville, TN",47173,Union County,Tennessee,"Knoxville, TN",28940,2024,460.63875,425.25374999999997,35.38500000000005,8.320914277651891
28940,"Knoxville, TN",47173,Union County,Tennessee,"Knoxville, TN",28940,2025,468.1875,460.63875,7.548749999999984,1.6387570520282946
29020,"Kokomo, IN",18067,Howard County,Indiana,"Kokomo, IN",29020,2022,204.46,180.66,23.80000000000001,13.173917856747487
29020,"Kokomo, IN",18067,Howard County,Indiana,"Kokomo, IN",29020,2023,224.04,204.46,19.579999999999984,9.576445270468547
29020,"Kokomo, IN",18067,Howard County,Indiana,"Kokomo, IN",29020,2024,244.6225,224.04,20.58250000000001,9.186975540082143
29020,"Kokomo, IN",18067,Howard County,Indiana,"Kokomo, IN",29020,2025,255.12,244.6225,10.497500000000002,4.291305991885452
29100,"La Crosse-Onalaska, WI-MN",27055,Houston County,Minnesota,"La Crosse-Onalaska, WI-MN",29100,2022,317.5025,276.08500000000004,41.41749999999996,15.00172048463333
29100,"La Crosse-Onalaska, WI-MN",27055,Houston County,Minnesota,"La Crosse-Onalaska, WI-MN",29100,2023,342.1325,317.5025,24.629999999999995,7.757419232919416
29100,"La Crosse-Onalaska, WI-MN",27055,Houston County,Minnesota,"La Crosse-Onalaska, WI-MN",29100,2024,365.61,342.1325,23.47750000000002,6.862107516824634
29100,"La Crosse-Onalaska, WI-MN",27055,Houston County,Minnesota,"La Crosse-Onalaska, WI-MN",29100,2025,378.485,365.61,12.875,3.521511993654447
29100,"La Crosse-Onalaska, WI-MN",55063,La Crosse County,Wisconsin,"La Crosse-Onalaska, WI-MN",29100,2022,317.5025,276.08500000000004,41.41749999999996,15.00172048463333
29100,"La Crosse-Onalaska, WI-MN",55063,La Crosse County,Wisconsin,"La Crosse-Onalaska, WI-MN",29100,2023,342.1325,317.5025,24.629999999999995,7.757419232919416
29100,"La Crosse-Onalaska, WI-MN",55063,La Crosse County,Wisconsin,"La Crosse-Onalaska, WI-MN",29100,2024,365.61,342.1325,23.47750000000002,6.862107516824634
29100,"La Crosse-Onalaska, WI-MN",55063,La Crosse County,Wisconsin,"La Crosse-Onalaska, WI-MN",29100,2025,378.485,365.61,12.875,3.521511993654447
29100,"La Crosse-Onalaska, WI-MN",55123,Vernon County,Wisconsin,"La Crosse-Onalaska, WI-MN",29100,2022,317.5025,276.08500000000004,41.41749999999996,15.00172048463333
29100,"La Crosse-Onalaska, WI-MN",55123,Vernon County,Wisconsin,"La Crosse-Onalaska, WI-MN",29100,2023,342.1325,317.5025,24.629999999999995,7.757419232919416
29100,"La Crosse-Onalaska, WI-MN",55123,Vernon County,Wisconsin,"La Crosse-Onalaska, WI-MN",29100,2024,365.61,342.1325,23.47750000000002,6.862107516824634
29100,"La Crosse-Onalaska, WI-MN",55123,Vernon County,Wisconsin,"La Crosse-Onalaska, WI-MN",29100,2025,378.485,365.61,12.875,3.521511993654447
29180,"Lafayette, LA",22001,Acadia Parish,Louisiana,"Lafayette, LA",29180,2022,267.03999999999996,240.175,26.864999999999952,11.185593837826557
29180,"Lafayette, LA",22001,Acadia Parish,Louisiana,"Lafayette, LA",29180,2023,266.715,267.03999999999996,-0.32499999999998863,-0.12170461354104045
29180,"Lafayette, LA",22001,Acadia Parish,Louisiana,"Lafayette, LA",29180,2024,276.375,266.715,9.660000000000025,3.6218435408582383
29180,"Lafayette, LA",22001,Acadia Parish,Louisiana,"Lafayette, LA",29180,2025,278.515,276.375,2.1399999999999864,0.7743102668475776
29180,"Lafayette, LA",22055,Lafayette Parish,Louisiana,"Lafayette, LA",29180,2022,267.03999999999996,240.175,26.864999999999952,11.185593837826557
29180,"Lafayette, LA",22055,Lafayette Parish,Louisiana,"Lafayette, LA",29180,2023,266.715,267.03999999999996,-0.32499999999998863,-0.12170461354104045
29180,"Lafayette, LA",22055,Lafayette Parish,Louisiana,"Lafayette, LA",29180,2024,276.375,266.715,9.660000000000025,3.6218435408582383
29180,"Lafayette, LA",22055,Lafayette Parish,Louisiana,"Lafayette, LA",29180,2025,278.515,276.375,2.1399999999999864,0.7743102668475776
29180,"Lafayette, LA",22099,St. Martin Parish,Louisiana,"Lafayette, LA",29180,2022,267.03999999999996,240.175,26.864999999999952,11.185593837826557
29180,"Lafayette, LA",22099,St. Martin Parish,Louisiana,"Lafayette, LA",29180,2023,266.715,267.03999999999996,-0.32499999999998863,-0.12170461354104045
29180,"Lafayette, LA",22099,St. Martin Parish,Louisiana,"Lafayette, LA",29180,2024,276.375,266.715,9.660000000000025,3.6218435408582383
29180,"Lafayette, LA",22099,St. Martin Parish,Louisiana,"Lafayette, LA",29180,2025,278.515,276.375,2.1399999999999864,0.7743102668475776
29180,"Lafayette, LA",22113,Vermilion Parish,Louisiana,"Lafayette, LA",29180,2022,267.03999999999996,240.175,26.864999999999952,11.185593837826557
29180,"Lafayette, LA",22113,Vermilion Parish,Louisiana,"Lafayette, LA",29180,2023,266.715,267.03999999999996,-0.32499999999998863,-0.12170461354104045
29180,"Lafayette, LA",22113,Vermilion Parish,Louisiana,"Lafayette, LA",29180,2024,276.375,266.715,9.660000000000025,3.6218435408582383
29180,"Lafayette, LA",22113,Vermilion Parish,Louisiana,"Lafayette, LA",29180,2025,278.515,276.375,2.1399999999999864,0.7743102668475776
29200,"Lafayette-West Lafayette, IN",18007,Benton County,Indiana,"Lafayette-West Lafayette, IN",29200,2022,235.34750000000003,204.285,31.06250000000003,15.205472746408223
29200,"Lafayette-West Lafayette, IN",18007,Benton County,Indiana,"Lafayette-West Lafayette, IN",29200,2023,255.29,235.34750000000003,19.942499999999967,8.473640042915243
29200,"Lafayette-West Lafayette, IN",18007,Benton County,Indiana,"Lafayette-West Lafayette, IN",29200,2024,279.9625,255.29,24.672499999999985,9.66449919699166
29200,"Lafayette-West Lafayette, IN",18007,Benton County,Indiana,"Lafayette-West Lafayette, IN",29200,2025,292.205,279.9625,12.242500000000007,4.372907085770428
29200,"Lafayette-West Lafayette, IN",18015,Carroll County,Indiana,"Lafayette-West Lafayette, IN",29200,2022,235.34750000000003,204.285,31.06250000000003,15.205472746408223
29200,"Lafayette-West Lafayette, IN",18015,Carroll County,Indiana,"Lafayette-West Lafayette, IN",29200,2023,255.29,235.34750000000003,19.942499999999967,8.473640042915243
29200,"Lafayette-West Lafayette, IN",18015,Carroll County,Indiana,"Lafayette-West Lafayette, IN",29200,2024,279.9625,255.29,24.672499999999985,9.66449919699166
29200,"Lafayette-West Lafayette, IN",18015,Carroll County,Indiana,"Lafayette-West Lafayette, IN",29200,2025,292.205,279.9625,12.242500000000007,4.372907085770428
29200,"Lafayette-West Lafayette, IN",18157,Tippecanoe County,Indiana,"Lafayette-West Lafayette, IN",29200,2022,235.34750000000003,204.285,31.06250000000003,15.205472746408223
29200,"Lafayette-West Lafayette, IN",18157,Tippecanoe County,Indiana,"Lafayette-West Lafayette, IN",29200,2023,255.29,235.34750000000003,19.942499999999967,8.473640042915243
29200,"Lafayette-West Lafayette, IN",18157,Tippecanoe County,Indiana,"Lafayette-West Lafayette, IN",29200,2024,279.9625,255.29,24.672499999999985,9.66449919699166
29200,"Lafayette-West Lafayette, IN",18157,Tippecanoe County,Indiana,"Lafayette-West Lafayette, IN",29200,2025,292.205,279.9625,12.242500000000007,4.372907085770428
29200,"Lafayette-West Lafayette, IN",18171,Warren County,Indiana,"Lafayette-West Lafayette, IN",29200,2022,235.34750000000003,204.285,31.06250000000003,15.205472746408223
29200,"Lafayette-West Lafayette, IN",18171,Warren County,Indiana,"Lafayette-West Lafayette, IN",29200,2023,255.29,235.34750000000003,19.942499999999967,8.473640042915243
29200,"Lafayette-West Lafayette, IN",18171,Warren County,Indiana,"Lafayette-West Lafayette, IN",29200,2024,279.9625,255.29,24.672499999999985,9.66449919699166
29200,"Lafayette-West Lafayette, IN",18171,Warren County,Indiana,"Lafayette-West Lafayette, IN",29200,2025,292.205,279.9625,12.242500000000007,4.372907085770428
29340,"Lake Charles, LA",22019,Calcasieu Parish,Louisiana,"Lake Charles, LA",29340,2022,271.59,250.195,21.394999999999982,8.55132996262915
29340,"Lake Charles, LA",22019,Calcasieu Parish,Louisiana,"Lake Charles, LA",29340,2023,269.4675,271.59,-2.1225000000000023,-0.781508892079974
29340,"Lake Charles, LA",22019,Calcasieu Parish,Louisiana,"Lake Charles, LA",29340,2024,271.3325,269.4675,1.865000000000009,0.69210572703573
29340,"Lake Charles, LA",22019,Calcasieu Parish,Louisiana,"Lake Charles, LA",29340,2025,268.52,271.3325,-2.8125,-1.0365510950586465
29340,"Lake Charles, LA",22023,Cameron Parish,Louisiana,"Lake Charles, LA",29340,2022,271.59,250.195,21.394999999999982,8.55132996262915
29340,"Lake Charles, LA",22023,Cameron Parish,Louisiana,"Lake Charles, LA",29340,2023,269.4675,271.59,-2.1225000000000023,-0.781508892079974
29340,"Lake Charles, LA",22023,Cameron Parish,Louisiana,"Lake Charles, LA",29340,2024,271.3325,269.4675,1.865000000000009,0.69210572703573
29340,"Lake Charles, LA",22023,Cameron Parish,Louisiana,"Lake Charles, LA",29340,2025,268.52,271.3325,-2.8125,-1.0365510950586465
29340,"Lake Charles, LA",22053,Jefferson Davis Parish,Louisiana,"Lake Charles, LA",29340,2022,271.59,250.195,21.394999999999982,8.55132996262915
29340,"Lake Charles, LA",22053,Jefferson Davis Parish,Louisiana,"Lake Charles, LA",29340,2023,269.4675,271.59,-2.1225000000000023,-0.781508892079974
29340,"Lake Charles, LA",22053,Jefferson Davis Parish,Louisiana,"Lake Charles, LA",29340,2024,271.3325,269.4675,1.865000000000009,0.69210572703573
29340,"Lake Charles, LA",22053,Jefferson Davis Parish,Louisiana,"Lake Charles, LA",29340,2025,268.52,271.3325,-2.8125,-1.0365510950586465
29420,"Lake Havasu City-Kingman, AZ",04015,Mohave County,Arizona,"Lake Havasu City-Kingman, AZ",29420,2022,393.11,330.5175,62.59250000000003,18.93772644413685
29420,"Lake Havasu City-Kingman, AZ",04015,Mohave County,Arizona,"Lake Havasu City-Kingman, AZ",29420,2023,393.7975,393.11,0.6875,0.1748874360866015
29420,"Lake Havasu City-Kingman, AZ",04015,Mohave County,Arizona,"Lake Havasu City-Kingman, AZ",29420,2024,406.235,393.7975,12.4375,3.158349151530926
29420,"Lake Havasu City-Kingman, AZ",04015,Mohave County,Arizona,"Lake Havasu City-Kingman, AZ",29420,2025,410.13,406.235,3.894999999999982,0.9588046327864364
29460,"Lakeland-Winter Haven, FL",12105,Polk County,Florida,"Lakeland-Winter Haven, FL",29460,2022,417.37625,339.29875,78.07750000000004,23.011431666046533
29460,"Lakeland-Winter Haven, FL",12105,Polk County,Florida,"Lakeland-Winter Haven, FL",29460,2023,447.96,417.37625,30.583749999999952,7.327621061332534
29460,"Lakeland-Winter Haven, FL",12105,Polk County,Florida,"Lakeland-Winter Haven, FL",29460,2024,460.08375,447.96,12.12375000000003,2.7064358424859325
29460,"Lakeland-Winter Haven, FL",12105,Polk County,Florida,"Lakeland-Winter Haven, FL",29460,2025,447.9325,460.08375,-12.151250000000005,-2.6410952353783435
29540,"Lancaster, PA",42071,Lancaster County,Pennsylvania,"Lancaster, PA",29540,2022,278.7875,239.8425,38.94500000000002,16.237739349781634
29540,"Lancaster, PA",42071,Lancaster County,Pennsylvania,"Lancaster, PA",29540,2023,302.7375,278.7875,23.94999999999999,8.590772541810509
29540,"Lancaster, PA",42071,Lancaster County,Pennsylvania,"Lancaster, PA",29540,2024,324.355,302.7375,21.617500000000007,7.140674676906555
29540,"Lancaster, PA",42071,Lancaster County,Pennsylvania,"Lancaster, PA",29540,2025,334.175,324.355,9.819999999999993,3.02754697784835
29620,"Lansing-East Lansing, MI",26037,Clinton County,Michigan,"Lansing-East Lansing, MI",29620,2022,232.7025,208.6925,24.00999999999999,11.504965439582149
29620,"Lansing-East Lansing, MI",26037,Clinton County,Michigan,"Lansing-East Lansing, MI",29620,2023,247.88,232.7025,15.177500000000009,6.522276296988649
29620,"Lansing-East Lansing, MI",26037,Clinton County,Michigan,"Lansing-East Lansing, MI",29620,2024,268.46999999999997,247.88,20.589999999999975,8.306438599322252
29620,"Lansing-East Lansing, MI",26037,Clinton County,Michigan,"Lansing-East Lansing, MI",29620,2025,278.105,268.46999999999997,9.635000000000048,3.5888553655902156
29620,"Lansing-East Lansing, MI",26045,Eaton County,Michigan,"Lansing-East Lansing, MI",29620,2022,232.7025,208.6925,24.00999999999999,11.504965439582149
29620,"Lansing-East Lansing, MI",26045,Eaton County,Michigan,"Lansing-East Lansing, MI",29620,2023,247.88,232.7025,15.177500000000009,6.522276296988649
29620,"Lansing-East Lansing, MI",26045,Eaton County,Michigan,"Lansing-East Lansing, MI",29620,2024,268.46999999999997,247.88,20.589999999999975,8.306438599322252
29620,"Lansing-East Lansing, MI",26045,Eaton County,Michigan,"Lansing-East Lansing, MI",29620,2025,278.105,268.46999999999997,9.635000000000048,3.5888553655902156
29620,"Lansing-East Lansing, MI",26065,Ingham County,Michigan,"Lansing-East Lansing, MI",29620,2022,232.7025,208.6925,24.00999999999999,11.504965439582149
29620,"Lansing-East Lansing, MI",26065,Ingham County,Michigan,"Lansing-East Lansing, MI",29620,2023,247.88,232.7025,15.177500000000009,6.522276296988649
29620,"Lansing-East Lansing, MI",26065,Ingham County,Michigan,"Lansing-East Lansing, MI",29620,2024,268.46999999999997,247.88,20.589999999999975,8.306438599322252
29620,"Lansing-East Lansing, MI",26065,Ingham County,Michigan,"Lansing-East Lansing, MI",29620,2025,278.105,268.46999999999997,9.635000000000048,3.5888553655902156
29700,"Laredo, TX",48479,Webb County,Texas,"Laredo, TX",29700,2022,246.065,211.1125,34.952499999999986,16.556338445141794
29700,"Laredo, TX",48479,Webb County,Texas,"Laredo, TX",29700,2023,267.65999999999997,246.065,21.59499999999997,8.776136386727075
29700,"Laredo, TX",48479,Webb County,Texas,"Laredo, TX",29700,2024,267.03999999999996,267.65999999999997,-0.6200000000000045,-0.23163715161025333
29700,"Laredo, TX",48479,Webb County,Texas,"Laredo, TX",29700,2025,268.2,267.03999999999996,1.160000000000025,0.4343918514080336
29740,"Las Cruces, NM",35013,Doña Ana County,New Mexico,"Las Cruces, NM",29740,2022,256.1,215.325,40.775000000000034,18.936491350284477
29740,"Las Cruces, NM",35013,Doña Ana County,New Mexico,"Las Cruces, NM",29740,2023,276.3525,256.1,20.252499999999998,7.908043732916825
29740,"Las Cruces, NM",35013,Doña Ana County,New Mexico,"Las Cruces, NM",29740,2024,284.6675,276.3525,8.314999999999998,3.008838349571641
29740,"Las Cruces, NM",35013,Doña Ana County,New Mexico,"Las Cruces, NM",29740,2025,295.285,284.6675,10.617500000000007,3.729790018179102
29820,"Las Vegas-Henderson-North Las Vegas, NV",32003,Clark County,Nevada,"Las Vegas-Henderson-North Las Vegas, NV",29820,2022,362.4591666666667,309.3175,53.14166666666671,17.1802974828992
29820,"Las Vegas-Henderson-North Las Vegas, NV",32003,Clark County,Nevada,"Las Vegas-Henderson-North Las Vegas, NV",29820,2023,361.2916666666667,362.4591666666667,-1.1675000000000182,-0.3221052486372056
29820,"Las Vegas-Henderson-North Las Vegas, NV",32003,Clark County,Nevada,"Las Vegas-Henderson-North Las Vegas, NV",29820,2024,385.9116666666667,361.2916666666667,24.620000000000005,6.8144389343789635
29820,"Las Vegas-Henderson-North Las Vegas, NV",32003,Clark County,Nevada,"Las Vegas-Henderson-North Las Vegas, NV",29820,2025,398.01,385.9116666666667,12.0983333333333,3.135000669410526
29940,"Lawrence, KS",20045,Douglas County,Kansas,"Lawrence, KS",29940,2022,286.9625,253.12,33.84249999999997,13.370140644753459
29940,"Lawrence, KS",20045,Douglas County,Kansas,"Lawrence, KS",29940,2023,309.6925,286.9625,22.730000000000018,7.920895587402543
29940,"Lawrence, KS",20045,Douglas County,Kansas,"Lawrence, KS",29940,2024,323.15,309.6925,13.457499999999982,4.345439427819531
29940,"Lawrence, KS",20045,Douglas County,Kansas,"Lawrence, KS",29940,2025,348.55499999999995,323.15,25.404999999999973,7.861674145133835
30020,"Lawton, OK",40031,Comanche County,Oklahoma,"Lawton, OK",30020,2022,195.1225,172.81,22.3125,12.91157919101904
30020,"Lawton, OK",40031,Comanche County,Oklahoma,"Lawton, OK",30020,2023,202.515,195.1225,7.392499999999984,3.788645594434259
30020,"Lawton, OK",40031,Comanche County,Oklahoma,"Lawton, OK",30020,2024,214.45,202.515,11.935000000000002,5.893390613041016
30020,"Lawton, OK",40031,Comanche County,Oklahoma,"Lawton, OK",30020,2025,222.115,214.45,7.6650000000000205,3.5742597342037774
30020,"Lawton, OK",40033,Cotton County,Oklahoma,"Lawton, OK",30020,2022,195.1225,172.81,22.3125,12.91157919101904
30020,"Lawton, OK",40033,Cotton County,Oklahoma,"Lawton, OK",30020,2023,202.515,195.1225,7.392499999999984,3.788645594434259
30020,"Lawton, OK",40033,Cotton County,Oklahoma,"Lawton, OK",30020,2024,214.45,202.515,11.935000000000002,5.893390613041016
30020,"Lawton, OK",40033,Cotton County,Oklahoma,"Lawton, OK",30020,2025,222.115,214.45,7.6650000000000205,3.5742597342037774
30140,"Lebanon, PA",42075,Lebanon County,Pennsylvania,"Lebanon, PA",30140,2022,256.15250000000003,223.9225,32.23000000000002,14.393372707074992
30140,"Lebanon, PA",42075,Lebanon County,Pennsylvania,"Lebanon, PA",30140,2023,282.0075,256.15250000000003,25.85499999999996,10.093596587970044
30140,"Lebanon, PA",42075,Lebanon County,Pennsylvania,"Lebanon, PA",30140,2024,300.32500000000005,282.0075,18.317500000000052,6.49539462602946
30140,"Lebanon, PA",42075,Lebanon County,Pennsylvania,"Lebanon, PA",30140,2025,317.76,300.32500000000005,17.434999999999945,5.8053775076999825
30300,"Lewiston, ID-WA",16069,Nez Perce County,Idaho,"Lewiston, ID-WA",30300,2022,367.635,309.595,58.039999999999964,18.747072788643205
30300,"Lewiston, ID-WA",16069,Nez Perce County,Idaho,"Lewiston, ID-WA",30300,2023,373.9525,367.635,6.3174999999999955,1.7184163640567407
30300,"Lewiston, ID-WA",16069,Nez Perce County,Idaho,"Lewiston, ID-WA",30300,2024,401.9275,373.9525,27.975000000000023,7.480896637941981
30300,"Lewiston, ID-WA",16069,Nez Perce County,Idaho,"Lewiston, ID-WA",30300,2025,415.94500000000005,401.9275,14.017500000000041,3.487569275553426
30300,"Lewiston, ID-WA",53003,Asotin County,Washington,"Lewiston, ID-WA",30300,2022,367.635,309.595,58.039999999999964,18.747072788643205
30300,"Lewiston, ID-WA",53003,Asotin County,Washington,"Lewiston, ID-WA",30300,2023,373.9525,367.635,6.3174999999999955,1.7184163640567407
30300,"Lewiston, ID-WA",53003,Asotin County,Washington,"Lewiston, ID-WA",30300,2024,401.9275,373.9525,27.975000000000023,7.480896637941981
30300,"Lewiston, ID-WA",53003,Asotin County,Washington,"Lewiston, ID-WA",30300,2025,415.94500000000005,401.9275,14.017500000000041,3.487569275553426
30340,"Lewiston-Auburn, ME",23001,Androscoggin County,Maine,"Lewiston-Auburn, ME",30340,2022,323.1175,271.8025,51.315,18.879517296566426
30340,"Lewiston-Auburn, ME",23001,Androscoggin County,Maine,"Lewiston-Auburn, ME",30340,2023,351.82,323.1175,28.702499999999986,8.882991481427037
30340,"Lewiston-Auburn, ME",23001,Androscoggin County,Maine,"Lewiston-Auburn, ME",30340,2024,376.635,351.82,24.814999999999998,7.0533227218464
30340,"Lewiston-Auburn, ME",23001,Androscoggin County,Maine,"Lewiston-Auburn, ME",30340,2025,407.47,376.635,30.835000000000036,8.186971471052896
30460,"Lexington-Fayette, KY",21017,Bourbon County,Kentucky,"Lexington-Fayette, KY",30460,2022,290.48,249.4625,41.01750000000001,16.442351054767745
30460,"Lexington-Fayette, KY",21017,Bourbon County,Kentucky,"Lexington-Fayette, KY",30460,2023,316.35,290.48,25.870000000000005,8.905948774442308
30460,"Lexington-Fayette, KY",21017,Bourbon County,Kentucky,"Lexington-Fayette, KY",30460,2024,338.055,316.35,21.704999999999984,6.861071597913693
30460,"Lexington-Fayette, KY",21017,Bourbon County,Kentucky,"Lexington-Fayette, KY",30460,2025,350.6,338.055,12.545000000000016,3.7109346112319086
30460,"Lexington-Fayette, KY",21049,Clark County,Kentucky,"Lexington-Fayette, KY",30460,2022,290.48,249.4625,41.01750000000001,16.442351054767745
30460,"Lexington-Fayette, KY",21049,Clark County,Kentucky,"Lexington-Fayette, KY",30460,2023,316.35,290.48,25.870000000000005,8.905948774442308
30460,"Lexington-Fayette, KY",21049,Clark County,Kentucky,"Lexington-Fayette, KY",30460,2024,338.055,316.35,21.704999999999984,6.861071597913693
30460,"Lexington-Fayette, KY",21049,Clark County,Kentucky,"Lexington-Fayette, KY",30460,2025,350.6,338.055,12.545000000000016,3.7109346112319086
30460,"Lexington-Fayette, KY",21067,Fayette County,Kentucky,"Lexington-Fayette, KY",30460,2022,290.48,249.4625,41.01750000000001,16.442351054767745
30460,"Lexington-Fayette, KY",21067,Fayette County,Kentucky,"Lexington-Fayette, KY",30460,2023,316.35,290.48,25.870000000000005,8.905948774442308
30460,"Lexington-Fayette, KY",21067,Fayette County,Kentucky,"Lexington-Fayette, KY",30460,2024,338.055,316.35,21.704999999999984,6.861071597913693
30460,"Lexington-Fayette, KY",21067,Fayette County,Kentucky,"Lexington-Fayette, KY",30460,2025,350.6,338.055,12.545000000000016,3.7109346112319086
30460,"Lexington-Fayette, KY",21113,Jessamine County,Kentucky,"Lexington-Fayette, KY",30460,2022,290.48,249.4625,41.01750000000001,16.442351054767745
30460,"Lexington-Fayette, KY",21113,Jessamine County,Kentucky,"Lexington-Fayette, KY",30460,2023,316.35,290.48,25.870000000000005,8.905948774442308
30460,"Lexington-Fayette, KY",21113,Jessamine County,Kentucky,"Lexington-Fayette, KY",30460,2024,338.055,316.35,21.704999999999984,6.861071597913693
30460,"Lexington-Fayette, KY",21113,Jessamine County,Kentucky,"Lexington-Fayette, KY",30460,2025,350.6,338.055,12.545000000000016,3.7109346112319086
30460,"Lexington-Fayette, KY",21209,Scott County,Kentucky,"Lexington-Fayette, KY",30460,2022,290.48,249.4625,41.01750000000001,16.442351054767745
30460,"Lexington-Fayette, KY",21209,Scott County,Kentucky,"Lexington-Fayette, KY",30460,2023,316.35,290.48,25.870000000000005,8.905948774442308
30460,"Lexington-Fayette, KY",21209,Scott County,Kentucky,"Lexington-Fayette, KY",30460,2024,338.055,316.35,21.704999999999984,6.861071597913693
30460,"Lexington-Fayette, KY",21209,Scott County,Kentucky,"Lexington-Fayette, KY",30460,2025,350.6,338.055,12.545000000000016,3.7109346112319086
30460,"Lexington-Fayette, KY",21239,Woodford County,Kentucky,"Lexington-Fayette, KY",30460,2022,290.48,249.4625,41.01750000000001,16.442351054767745
30460,"Lexington-Fayette, KY",21239,Woodford County,Kentucky,"Lexington-Fayette, KY",30460,2023,316.35,290.48,25.870000000000005,8.905948774442308
30460,"Lexington-Fayette, KY",21239,Woodford County,Kentucky,"Lexington-Fayette, KY",30460,2024,338.055,316.35,21.704999999999984,6.861071597913693
30460,"Lexington-Fayette, KY",21239,Woodford County,Kentucky,"Lexington-Fayette, KY",30460,2025,350.6,338.055,12.545000000000016,3.7109346112319086
30500,"Lexington Park, MD",24009,Calvert County,Maryland,"Lexington Park, MD",30500,2022,269.0875,246.6825,22.404999999999973,9.082525108185614
30500,"Lexington Park, MD",24009,Calvert County,Maryland,"Lexington Park, MD",30500,2023,282.1225,269.0875,13.035000000000025,4.844149207971404
30500,"Lexington Park, MD",24009,Calvert County,Maryland,"Lexington Park, MD",30500,2024,300.39,282.1225,18.267499999999984,6.475024147311892
30500,"Lexington Park, MD",24009,Calvert County,Maryland,"Lexington Park, MD",30500,2025,315.20000000000005,300.39,14.81000000000006,4.930257332134902
30500,"Lexington Park, MD",24037,St. Mary's County,Maryland,"Lexington Park, MD",30500,2022,269.0875,246.6825,22.404999999999973,9.082525108185614
30500,"Lexington Park, MD",24037,St. Mary's County,Maryland,"Lexington Park, MD",30500,2023,282.1225,269.0875,13.035000000000025,4.844149207971404
30500,"Lexington Park, MD",24037,St. Mary's County,Maryland,"Lexington Park, MD",30500,2024,300.39,282.1225,18.267499999999984,6.475024147311892
30500,"Lexington Park, MD",24037,St. Mary's County,Maryland,"Lexington Park, MD",30500,2025,315.20000000000005,300.39,14.81000000000006,4.930257332134902
30620,"Lima, OH",39003,Allen County,Ohio,"Lima, OH",30620,2022,239.1,213.11,25.98999999999998,12.195579747548212
30620,"Lima, OH",39003,Allen County,Ohio,"Lima, OH",30620,2023,259.035,239.1,19.93500000000003,8.337515683814312
30620,"Lima, OH",39003,Allen County,Ohio,"Lima, OH",30620,2024,272.7525,259.035,13.717499999999973,5.295616422491167
30620,"Lima, OH",39003,Allen County,Ohio,"Lima, OH",30620,2025,289.63,272.7525,16.877499999999998,6.187844291069733
30700,"Lincoln, NE",31109,Lancaster County,Nebraska,"Lincoln, NE",30700,2022,283.1575,247.5125,35.64500000000004,14.401292863996783
30700,"Lincoln, NE",31109,Lancaster County,Nebraska,"Lincoln, NE",30700,2023,304.0275,283.1575,20.869999999999948,7.370456371454037
30700,"Lincoln, NE",31109,Lancaster County,Nebraska,"Lincoln, NE",30700,2024,320.025,304.0275,15.997500000000002,5.2618595357327935
30700,"Lincoln, NE",31109,Lancaster County,Nebraska,"Lincoln, NE",30700,2025,328.46000000000004,320.025,8.43500000000006,2.635731583470058
30700,"Lincoln, NE",31159,Seward County,Nebraska,"Lincoln, NE",30700,2022,283.1575,247.5125,35.64500000000004,14.401292863996783
30700,"Lincoln, NE",31159,Seward County,Nebraska,"Lincoln, NE",30700,2023,304.0275,283.1575,20.869999999999948,7.370456371454037
30700,"Lincoln, NE",31159,Seward County,Nebraska,"Lincoln, NE",30700,2024,320.025,304.0275,15.997500000000002,5.2618595357327935
30700,"Lincoln, NE",31159,Seward County,Nebraska,"Lincoln, NE",30700,2025,328.46000000000004,320.025,8.43500000000006,2.635731583470058
30780,"Little Rock-North Little Rock-Conway, AR",05045,Faulkner County,Arkansas,"Little Rock-North Little Rock-Conway, AR",30780,2022,266.82125,234.6975,32.12375000000003,13.687299609071268
30780,"Little Rock-North Little Rock-Conway, AR",05045,Faulkner County,Arkansas,"Little Rock-North Little Rock-Conway, AR",30780,2023,284.57875,266.82125,17.757499999999993,6.655204561105976
30780,"Little Rock-North Little Rock-Conway, AR",05045,Faulkner County,Arkansas,"Little Rock-North Little Rock-Conway, AR",30780,2024,296.70375,284.57875,12.125,4.260683554200728
30780,"Little Rock-North Little Rock-Conway, AR",05045,Faulkner County,Arkansas,"Little Rock-North Little Rock-Conway, AR",30780,2025,301.08500000000004,296.70375,4.381250000000023,1.4766412625388137
30780,"Little Rock-North Little Rock-Conway, AR",05053,Grant County,Arkansas,"Little Rock-North Little Rock-Conway, AR",30780,2022,266.82125,234.6975,32.12375000000003,13.687299609071268
30780,"Little Rock-North Little Rock-Conway, AR",05053,Grant County,Arkansas,"Little Rock-North Little Rock-Conway, AR",30780,2023,284.57875,266.82125,17.757499999999993,6.655204561105976
30780,"Little Rock-North Little Rock-Conway, AR",05053,Grant County,Arkansas,"Little Rock-North Little Rock-Conway, AR",30780,2024,296.70375,284.57875,12.125,4.260683554200728
30780,"Little Rock-North Little Rock-Conway, AR",05053,Grant County,Arkansas,"Little Rock-North Little Rock-Conway, AR",30780,2025,301.08500000000004,296.70375,4.381250000000023,1.4766412625388137
30780,"Little Rock-North Little Rock-Conway, AR",05085,Lonoke County,Arkansas,"Little Rock-North Little Rock-Conway, AR",30780,2022,266.82125,234.6975,32.12375000000003,13.687299609071268
30780,"Little Rock-North Little Rock-Conway, AR",05085,Lonoke County,Arkansas,"Little Rock-North Little Rock-Conway, AR",30780,2023,284.57875,266.82125,17.757499999999993,6.655204561105976
30780,"Little Rock-North Little Rock-Conway, AR",05085,Lonoke County,Arkansas,"Little Rock-North Little Rock-Conway, AR",30780,2024,296.70375,284.57875,12.125,4.260683554200728
30780,"Little Rock-North Little Rock-Conway, AR",05085,Lonoke County,Arkansas,"Little Rock-North Little Rock-Conway, AR",30780,2025,301.08500000000004,296.70375,4.381250000000023,1.4766412625388137
30780,"Little Rock-North Little Rock-Conway, AR",05105,Perry County,Arkansas,"Little Rock-North Little Rock-Conway, AR",30780,2022,266.82125,234.6975,32.12375000000003,13.687299609071268
30780,"Little Rock-North Little Rock-Conway, AR",05105,Perry County,Arkansas,"Little Rock-North Little Rock-Conway, AR",30780,2023,284.57875,266.82125,17.757499999999993,6.655204561105976
30780,"Little Rock-North Little Rock-Conway, AR",05105,Perry County,Arkansas,"Little Rock-North Little Rock-Conway, AR",30780,2024,296.70375,284.57875,12.125,4.260683554200728
30780,"Little Rock-North Little Rock-Conway, AR",05105,Perry County,Arkansas,"Little Rock-North Little Rock-Conway, AR",30780,2025,301.08500000000004,296.70375,4.381250000000023,1.4766412625388137
30780,"Little Rock-North Little Rock-Conway, AR",05119,Pulaski County,Arkansas,"Little Rock-North Little Rock-Conway, AR",30780,2022,266.82125,234.6975,32.12375000000003,13.687299609071268
30780,"Little Rock-North Little Rock-Conway, AR",05119,Pulaski County,Arkansas,"Little Rock-North Little Rock-Conway, AR",30780,2023,284.57875,266.82125,17.757499999999993,6.655204561105976
30780,"Little Rock-North Little Rock-Conway, AR",05119,Pulaski County,Arkansas,"Little Rock-North Little Rock-Conway, AR",30780,2024,296.70375,284.57875,12.125,4.260683554200728
30780,"Little Rock-North Little Rock-Conway, AR",05119,Pulaski County,Arkansas,"Little Rock-North Little Rock-Conway, AR",30780,2025,301.08500000000004,296.70375,4.381250000000023,1.4766412625388137
30780,"Little Rock-North Little Rock-Conway, AR",05125,Saline County,Arkansas,"Little Rock-North Little Rock-Conway, AR",30780,2022,266.82125,234.6975,32.12375000000003,13.687299609071268
30780,"Little Rock-North Little Rock-Conway, AR",05125,Saline County,Arkansas,"Little Rock-North Little Rock-Conway, AR",30780,2023,284.57875,266.82125,17.757499999999993,6.655204561105976
30780,"Little Rock-North Little Rock-Conway, AR",05125,Saline County,Arkansas,"Little Rock-North Little Rock-Conway, AR",30780,2024,296.70375,284.57875,12.125,4.260683554200728
30780,"Little Rock-North Little Rock-Conway, AR",05125,Saline County,Arkansas,"Little Rock-North Little Rock-Conway, AR",30780,2025,301.08500000000004,296.70375,4.381250000000023,1.4766412625388137
30860,"Logan, UT-ID",16041,Franklin County,Idaho,"Logan, UT-ID",30860,2022,405.0425,328.96,76.08250000000004,23.128191877431913
30860,"Logan, UT-ID",16041,Franklin County,Idaho,"Logan, UT-ID",30860,2023,408.05,405.0425,3.007499999999993,0.7425146743860189
30860,"Logan, UT-ID",16041,Franklin County,Idaho,"Logan, UT-ID",30860,2024,422.0825,408.05,14.03249999999997,3.4389167994118397
30860,"Logan, UT-ID",16041,Franklin County,Idaho,"Logan, UT-ID",30860,2025,428.105,422.0825,6.022500000000036,1.4268537548939086
30860,"Logan, UT-ID",49005,Cache County,Utah,"Logan, UT-ID",30860,2022,405.0425,328.96,76.08250000000004,23.128191877431913
30860,"Logan, UT-ID",49005,Cache County,Utah,"Logan, UT-ID",30860,2023,408.05,405.0425,3.007499999999993,0.7425146743860189
30860,"Logan, UT-ID",49005,Cache County,Utah,"Logan, UT-ID",30860,2024,422.0825,408.05,14.03249999999997,3.4389167994118397
30860,"Logan, UT-ID",49005,Cache County,Utah,"Logan, UT-ID",30860,2025,428.105,422.0825,6.022500000000036,1.4268537548939086
30980,"Longview, TX",48183,Gregg County,Texas,"Longview, TX",30980,2022,295.885,249.8725,46.01249999999999,18.41439133958318
30980,"Longview, TX",48183,Gregg County,Texas,"Longview, TX",30980,2023,320.095,295.885,24.210000000000036,8.182232962130565
30980,"Longview, TX",48183,Gregg County,Texas,"Longview, TX",30980,2024,337.88,320.095,17.784999999999968,5.556163014105175
30980,"Longview, TX",48183,Gregg County,Texas,"Longview, TX",30980,2025,346.37,337.88,8.490000000000009,2.5127264117438264
30980,"Longview, TX",48203,Harrison County,Texas,"Longview, TX",30980,2022,295.885,249.8725,46.01249999999999,18.41439133958318
30980,"Longview, TX",48203,Harrison County,Texas,"Longview, TX",30980,2023,320.095,295.885,24.210000000000036,8.182232962130565
30980,"Longview, TX",48203,Harrison County,Texas,"Longview, TX",30980,2024,337.88,320.095,17.784999999999968,5.556163014105175
30980,"Longview, TX",48203,Harrison County,Texas,"Longview, TX",30980,2025,346.37,337.88,8.490000000000009,2.5127264117438264
30980,"Longview, TX",48401,Rusk County,Texas,"Longview, TX",30980,2022,295.885,249.8725,46.01249999999999,18.41439133958318
30980,"Longview, TX",48401,Rusk County,Texas,"Longview, TX",30980,2023,320.095,295.885,24.210000000000036,8.182232962130565
30980,"Longview, TX",48401,Rusk County,Texas,"Longview, TX",30980,2024,337.88,320.095,17.784999999999968,5.556163014105175
30980,"Longview, TX",48401,Rusk County,Texas,"Longview, TX",30980,2025,346.37,337.88,8.490000000000009,2.5127264117438264
30980,"Longview, TX",48459,Upshur County,Texas,"Longview, TX",30980,2022,295.885,249.8725,46.01249999999999,18.41439133958318
30980,"Longview, TX",48459,Upshur County,Texas,"Longview, TX",30980,2023,320.095,295.885,24.210000000000036,8.182232962130565
30980,"Longview, TX",48459,Upshur County,Texas,"Longview, TX",30980,2024,337.88,320.095,17.784999999999968,5.556163014105175
30980,"Longview, TX",48459,Upshur County,Texas,"Longview, TX",30980,2025,346.37,337.88,8.490000000000009,2.5127264117438264
31020,"Longview-Kelso, WA",53015,Cowlitz County,Washington,"Longview-Kelso, WA",31020,2022,375.4,326.2475,49.152499999999975,15.066015831538927
31020,"Longview-Kelso, WA",53015,Cowlitz County,Washington,"Longview-Kelso, WA",31020,2023,376.26,375.4,0.8600000000000136,0.2290889717634581
31020,"Longview-Kelso, WA",53015,Cowlitz County,Washington,"Longview-Kelso, WA",31020,2024,384.84,376.26,8.579999999999984,2.2803380641046145
31020,"Longview-Kelso, WA",53015,Cowlitz County,Washington,"Longview-Kelso, WA",31020,2025,404.78999999999996,384.84,19.94999999999999,5.183972560024941
31140,"Louisville/Jefferson County, KY-IN",18019,Clark County,Indiana,"Louisville/Jefferson County, KY-IN",31140,2022,316.06375,282.9175,33.14625000000001,11.715871234547182
31140,"Louisville/Jefferson County, KY-IN",18019,Clark County,Indiana,"Louisville/Jefferson County, KY-IN",31140,2023,333.50625,316.06375,17.442499999999995,5.518665142712509
31140,"Louisville/Jefferson County, KY-IN",18019,Clark County,Indiana,"Louisville/Jefferson County, KY-IN",31140,2024,354.8475,333.50625,21.341250000000002,6.399055489964578
31140,"Louisville/Jefferson County, KY-IN",18019,Clark County,Indiana,"Louisville/Jefferson County, KY-IN",31140,2025,367.8325,354.8475,12.984999999999957,3.659318439611381
31140,"Louisville/Jefferson County, KY-IN",18043,Floyd County,Indiana,"Louisville/Jefferson County, KY-IN",31140,2022,316.06375,282.9175,33.14625000000001,11.715871234547182
31140,"Louisville/Jefferson County, KY-IN",18043,Floyd County,Indiana,"Louisville/Jefferson County, KY-IN",31140,2023,333.50625,316.06375,17.442499999999995,5.518665142712509
31140,"Louisville/Jefferson County, KY-IN",18043,Floyd County,Indiana,"Louisville/Jefferson County, KY-IN",31140,2024,354.8475,333.50625,21.341250000000002,6.399055489964578
31140,"Louisville/Jefferson County, KY-IN",18043,Floyd County,Indiana,"Louisville/Jefferson County, KY-IN",31140,2025,367.8325,354.8475,12.984999999999957,3.659318439611381
31140,"Louisville/Jefferson County, KY-IN",18061,Harrison County,Indiana,"Louisville/Jefferson County, KY-IN",31140,2022,316.06375,282.9175,33.14625000000001,11.715871234547182
31140,"Louisville/Jefferson County, KY-IN",18061,Harrison County,Indiana,"Louisville/Jefferson County, KY-IN",31140,2023,333.50625,316.06375,17.442499999999995,5.518665142712509
31140,"Louisville/Jefferson County, KY-IN",18061,Harrison County,Indiana,"Louisville/Jefferson County, KY-IN",31140,2024,354.8475,333.50625,21.341250000000002,6.399055489964578
31140,"Louisville/Jefferson County, KY-IN",18061,Harrison County,Indiana,"Louisville/Jefferson County, KY-IN",31140,2025,367.8325,354.8475,12.984999999999957,3.659318439611381
31140,"Louisville/Jefferson County, KY-IN",18175,Washington County,Indiana,"Louisville/Jefferson County, KY-IN",31140,2022,316.06375,282.9175,33.14625000000001,11.715871234547182
31140,"Louisville/Jefferson County, KY-IN",18175,Washington County,Indiana,"Louisville/Jefferson County, KY-IN",31140,2023,333.50625,316.06375,17.442499999999995,5.518665142712509
31140,"Louisville/Jefferson County, KY-IN",18175,Washington County,Indiana,"Louisville/Jefferson County, KY-IN",31140,2024,354.8475,333.50625,21.341250000000002,6.399055489964578
31140,"Louisville/Jefferson County, KY-IN",18175,Washington County,Indiana,"Louisville/Jefferson County, KY-IN",31140,2025,367.8325,354.8475,12.984999999999957,3.659318439611381
31140,"Louisville/Jefferson County, KY-IN",21029,Bullitt County,Kentucky,"Louisville/Jefferson County, KY-IN",31140,2022,316.06375,282.9175,33.14625000000001,11.715871234547182
31140,"Louisville/Jefferson County, KY-IN",21029,Bullitt County,Kentucky,"Louisville/Jefferson County, KY-IN",31140,2023,333.50625,316.06375,17.442499999999995,5.518665142712509
31140,"Louisville/Jefferson County, KY-IN",21029,Bullitt County,Kentucky,"Louisville/Jefferson County, KY-IN",31140,2024,354.8475,333.50625,21.341250000000002,6.399055489964578
31140,"Louisville/Jefferson County, KY-IN",21029,Bullitt County,Kentucky,"Louisville/Jefferson County, KY-IN",31140,2025,367.8325,354.8475,12.984999999999957,3.659318439611381
31140,"Louisville/Jefferson County, KY-IN",21103,Henry County,Kentucky,"Louisville/Jefferson County, KY-IN",31140,2022,316.06375,282.9175,33.14625000000001,11.715871234547182
31140,"Louisville/Jefferson County, KY-IN",21103,Henry County,Kentucky,"Louisville/Jefferson County, KY-IN",31140,2023,333.50625,316.06375,17.442499999999995,5.518665142712509
31140,"Louisville/Jefferson County, KY-IN",21103,Henry County,Kentucky,"Louisville/Jefferson County, KY-IN",31140,2024,354.8475,333.50625,21.341250000000002,6.399055489964578
31140,"Louisville/Jefferson County, KY-IN",21103,Henry County,Kentucky,"Louisville/Jefferson County, KY-IN",31140,2025,367.8325,354.8475,12.984999999999957,3.659318439611381
31140,"Louisville/Jefferson County, KY-IN",21111,Jefferson County,Kentucky,"Louisville/Jefferson County, KY-IN",31140,2022,316.06375,282.9175,33.14625000000001,11.715871234547182
31140,"Louisville/Jefferson County, KY-IN",21111,Jefferson County,Kentucky,"Louisville/Jefferson County, KY-IN",31140,2023,333.50625,316.06375,17.442499999999995,5.518665142712509
31140,"Louisville/Jefferson County, KY-IN",21111,Jefferson County,Kentucky,"Louisville/Jefferson County, KY-IN",31140,2024,354.8475,333.50625,21.341250000000002,6.399055489964578
31140,"Louisville/Jefferson County, KY-IN",21111,Jefferson County,Kentucky,"Louisville/Jefferson County, KY-IN",31140,2025,367.8325,354.8475,12.984999999999957,3.659318439611381
31140,"Louisville/Jefferson County, KY-IN",21163,Meade County,Kentucky,"Louisville/Jefferson County, KY-IN",31140,2022,316.06375,282.9175,33.14625000000001,11.715871234547182
31140,"Louisville/Jefferson County, KY-IN",21163,Meade County,Kentucky,"Louisville/Jefferson County, KY-IN",31140,2023,333.50625,316.06375,17.442499999999995,5.518665142712509
31140,"Louisville/Jefferson County, KY-IN",21163,Meade County,Kentucky,"Louisville/Jefferson County, KY-IN",31140,2024,354.8475,333.50625,21.341250000000002,6.399055489964578
31140,"Louisville/Jefferson County, KY-IN",21163,Meade County,Kentucky,"Louisville/Jefferson County, KY-IN",31140,2025,367.8325,354.8475,12.984999999999957,3.659318439611381
31140,"Louisville/Jefferson County, KY-IN",21179,Nelson County,Kentucky,"Louisville/Jefferson County, KY-IN",31140,2022,316.06375,282.9175,33.14625000000001,11.715871234547182
31140,"Louisville/Jefferson County, KY-IN",21179,Nelson County,Kentucky,"Louisville/Jefferson County, KY-IN",31140,2023,333.50625,316.06375,17.442499999999995,5.518665142712509
31140,"Louisville/Jefferson County, KY-IN",21179,Nelson County,Kentucky,"Louisville/Jefferson County, KY-IN",31140,2024,354.8475,333.50625,21.341250000000002,6.399055489964578
31140,"Louisville/Jefferson County, KY-IN",21179,Nelson County,Kentucky,"Louisville/Jefferson County, KY-IN",31140,2025,367.8325,354.8475,12.984999999999957,3.659318439611381
31140,"Louisville/Jefferson County, KY-IN",21185,Oldham County,Kentucky,"Louisville/Jefferson County, KY-IN",31140,2022,316.06375,282.9175,33.14625000000001,11.715871234547182
31140,"Louisville/Jefferson County, KY-IN",21185,Oldham County,Kentucky,"Louisville/Jefferson County, KY-IN",31140,2023,333.50625,316.06375,17.442499999999995,5.518665142712509
31140,"Louisville/Jefferson County, KY-IN",21185,Oldham County,Kentucky,"Louisville/Jefferson County, KY-IN",31140,2024,354.8475,333.50625,21.341250000000002,6.399055489964578
31140,"Louisville/Jefferson County, KY-IN",21185,Oldham County,Kentucky,"Louisville/Jefferson County, KY-IN",31140,2025,367.8325,354.8475,12.984999999999957,3.659318439611381
31140,"Louisville/Jefferson County, KY-IN",21211,Shelby County,Kentucky,"Louisville/Jefferson County, KY-IN",31140,2022,316.06375,282.9175,33.14625000000001,11.715871234547182
31140,"Louisville/Jefferson County, KY-IN",21211,Shelby County,Kentucky,"Louisville/Jefferson County, KY-IN",31140,2023,333.50625,316.06375,17.442499999999995,5.518665142712509
31140,"Louisville/Jefferson County, KY-IN",21211,Shelby County,Kentucky,"Louisville/Jefferson County, KY-IN",31140,2024,354.8475,333.50625,21.341250000000002,6.399055489964578
31140,"Louisville/Jefferson County, KY-IN",21211,Shelby County,Kentucky,"Louisville/Jefferson County, KY-IN",31140,2025,367.8325,354.8475,12.984999999999957,3.659318439611381
31140,"Louisville/Jefferson County, KY-IN",21215,Spencer County,Kentucky,"Louisville/Jefferson County, KY-IN",31140,2022,316.06375,282.9175,33.14625000000001,11.715871234547182
31140,"Louisville/Jefferson County, KY-IN",21215,Spencer County,Kentucky,"Louisville/Jefferson County, KY-IN",31140,2023,333.50625,316.06375,17.442499999999995,5.518665142712509
31140,"Louisville/Jefferson County, KY-IN",21215,Spencer County,Kentucky,"Louisville/Jefferson County, KY-IN",31140,2024,354.8475,333.50625,21.341250000000002,6.399055489964578
31140,"Louisville/Jefferson County, KY-IN",21215,Spencer County,Kentucky,"Louisville/Jefferson County, KY-IN",31140,2025,367.8325,354.8475,12.984999999999957,3.659318439611381
31180,"Lubbock, TX",48079,Cochran County,Texas,"Lubbock, TX",31180,2022,271.49,235.05,36.44,15.503084450116988
31180,"Lubbock, TX",48079,Cochran County,Texas,"Lubbock, TX",31180,2023,281.0125,271.49,9.52249999999998,3.5074956720321016
31180,"Lubbock, TX",48079,Cochran County,Texas,"Lubbock, TX",31180,2024,284.3075,281.0125,3.295000000000016,1.172545705262218
31180,"Lubbock, TX",48079,Cochran County,Texas,"Lubbock, TX",31180,2025,288.455,284.3075,4.1474999999999795,1.4588078049295072
31180,"Lubbock, TX",48107,Crosby County,Texas,"Lubbock, TX",31180,2022,271.49,235.05,36.44,15.503084450116988
31180,"Lubbock, TX",48107,Crosby County,Texas,"Lubbock, TX",31180,2023,281.0125,271.49,9.52249999999998,3.5074956720321016
31180,"Lubbock, TX",48107,Crosby County,Texas,"Lubbock, TX",31180,2024,284.3075,281.0125,3.295000000000016,1.172545705262218
31180,"Lubbock, TX",48107,Crosby County,Texas,"Lubbock, TX",31180,2025,288.455,284.3075,4.1474999999999795,1.4588078049295072
31180,"Lubbock, TX",48169,Garza County,Texas,"Lubbock, TX",31180,2022,271.49,235.05,36.44,15.503084450116988
31180,"Lubbock, TX",48169,Garza County,Texas,"Lubbock, TX",31180,2023,281.0125,271.49,9.52249999999998,3.5074956720321016
31180,"Lubbock, TX",48169,Garza County,Texas,"Lubbock, TX",31180,2024,284.3075,281.0125,3.295000000000016,1.172545705262218
31180,"Lubbock, TX",48169,Garza County,Texas,"Lubbock, TX",31180,2025,288.455,284.3075,4.1474999999999795,1.4588078049295072
31180,"Lubbock, TX",48219,Hockley County,Texas,"Lubbock, TX",31180,2022,271.49,235.05,36.44,15.503084450116988
31180,"Lubbock, TX",48219,Hockley County,Texas,"Lubbock, TX",31180,2023,281.0125,271.49,9.52249999999998,3.5074956720321016
31180,"Lubbock, TX",48219,Hockley County,Texas,"Lubbock, TX",31180,2024,284.3075,281.0125,3.295000000000016,1.172545705262218
31180,"Lubbock, TX",48219,Hockley County,Texas,"Lubbock, TX",31180,2025,288.455,284.3075,4.1474999999999795,1.4588078049295072
31180,"Lubbock, TX",48303,Lubbock County,Texas,"Lubbock, TX",31180,2022,271.49,235.05,36.44,15.503084450116988
31180,"Lubbock, TX",48303,Lubbock County,Texas,"Lubbock, TX",31180,2023,281.0125,271.49,9.52249999999998,3.5074956720321016
31180,"Lubbock, TX",48303,Lubbock County,Texas,"Lubbock, TX",31180,2024,284.3075,281.0125,3.295000000000016,1.172545705262218
31180,"Lubbock, TX",48303,Lubbock County,Texas,"Lubbock, TX",31180,2025,288.455,284.3075,4.1474999999999795,1.4588078049295072
31180,"Lubbock, TX",48305,Lynn County,Texas,"Lubbock, TX",31180,2022,271.49,235.05,36.44,15.503084450116988
31180,"Lubbock, TX",48305,Lynn County,Texas,"Lubbock, TX",31180,2023,281.0125,271.49,9.52249999999998,3.5074956720321016
31180,"Lubbock, TX",48305,Lynn County,Texas,"Lubbock, TX",31180,2024,284.3075,281.0125,3.295000000000016,1.172545705262218
31180,"Lubbock, TX",48305,Lynn County,Texas,"Lubbock, TX",31180,2025,288.455,284.3075,4.1474999999999795,1.4588078049295072
31340,"Lynchburg, VA",51009,Amherst County,Virginia,"Lynchburg, VA",31340,2022,276.34499999999997,235.54,40.80499999999998,17.324021397639466
31340,"Lynchburg, VA",51009,Amherst County,Virginia,"Lynchburg, VA",31340,2023,298.1925,276.34499999999997,21.847500000000025,7.9058785214134675
31340,"Lynchburg, VA",51009,Amherst County,Virginia,"Lynchburg, VA",31340,2024,317.3825,298.1925,19.189999999999998,6.43544019383453
31340,"Lynchburg, VA",51009,Amherst County,Virginia,"Lynchburg, VA",31340,2025,326.235,317.3825,8.85250000000002,2.789221207848591
31340,"Lynchburg, VA",51011,Appomattox County,Virginia,"Lynchburg, VA",31340,2022,276.34499999999997,235.54,40.80499999999998,17.324021397639466
31340,"Lynchburg, VA",51011,Appomattox County,Virginia,"Lynchburg, VA",31340,2023,298.1925,276.34499999999997,21.847500000000025,7.9058785214134675
31340,"Lynchburg, VA",51011,Appomattox County,Virginia,"Lynchburg, VA",31340,2024,317.3825,298.1925,19.189999999999998,6.43544019383453
31340,"Lynchburg, VA",51011,Appomattox County,Virginia,"Lynchburg, VA",31340,2025,326.235,317.3825,8.85250000000002,2.789221207848591
31340,"Lynchburg, VA",51019,Bedford County,Virginia,"Lynchburg, VA",31340,2022,276.34499999999997,235.54,40.80499999999998,17.324021397639466
31340,"Lynchburg, VA",51019,Bedford County,Virginia,"Lynchburg, VA",31340,2023,298.1925,276.34499999999997,21.847500000000025,7.9058785214134675
31340,"Lynchburg, VA",51019,Bedford County,Virginia,"Lynchburg, VA",31340,2024,317.3825,298.1925,19.189999999999998,6.43544019383453
31340,"Lynchburg, VA",51019,Bedford County,Virginia,"Lynchburg, VA",31340,2025,326.235,317.3825,8.85250000000002,2.789221207848591
31340,"Lynchburg, VA",51031,Campbell County,Virginia,"Lynchburg, VA",31340,2022,276.34499999999997,235.54,40.80499999999998,17.324021397639466
31340,"Lynchburg, VA",51031,Campbell County,Virginia,"Lynchburg, VA",31340,2023,298.1925,276.34499999999997,21.847500000000025,7.9058785214134675
31340,"Lynchburg, VA",51031,Campbell County,Virginia,"Lynchburg, VA",31340,2024,317.3825,298.1925,19.189999999999998,6.43544019383453
31340,"Lynchburg, VA",51031,Campbell County,Virginia,"Lynchburg, VA",31340,2025,326.235,317.3825,8.85250000000002,2.789221207848591
31340,"Lynchburg, VA",51680,Lynchburg city,Virginia,"Lynchburg, VA",31340,2022,276.34499999999997,235.54,40.80499999999998,17.324021397639466
31340,"Lynchburg, VA",51680,Lynchburg city,Virginia,"Lynchburg, VA",31340,2023,298.1925,276.34499999999997,21.847500000000025,7.9058785214134675
31340,"Lynchburg, VA",51680,Lynchburg city,Virginia,"Lynchburg, VA",31340,2024,317.3825,298.1925,19.189999999999998,6.43544019383453
31340,"Lynchburg, VA",51680,Lynchburg city,Virginia,"Lynchburg, VA",31340,2025,326.235,317.3825,8.85250000000002,2.789221207848591
31420,"Macon-Bibb County, GA",13021,Bibb County,Georgia,"Macon-Bibb County, GA",31420,2022,215.39,183.24,32.14999999999998,17.545295786946056
31420,"Macon-Bibb County, GA",13021,Bibb County,Georgia,"Macon-Bibb County, GA",31420,2023,230.9975,215.39,15.607500000000016,7.2461581317609935
31420,"Macon-Bibb County, GA",13021,Bibb County,Georgia,"Macon-Bibb County, GA",31420,2024,248.26999999999998,230.9975,17.27249999999998,7.477353651013541
31420,"Macon-Bibb County, GA",13021,Bibb County,Georgia,"Macon-Bibb County, GA",31420,2025,265.29499999999996,248.26999999999998,17.024999999999977,6.857453578765038
31420,"Macon-Bibb County, GA",13079,Crawford County,Georgia,"Macon-Bibb County, GA",31420,2022,215.39,183.24,32.14999999999998,17.545295786946056
31420,"Macon-Bibb County, GA",13079,Crawford County,Georgia,"Macon-Bibb County, GA",31420,2023,230.9975,215.39,15.607500000000016,7.2461581317609935
31420,"Macon-Bibb County, GA",13079,Crawford County,Georgia,"Macon-Bibb County, GA",31420,2024,248.26999999999998,230.9975,17.27249999999998,7.477353651013541
31420,"Macon-Bibb County, GA",13079,Crawford County,Georgia,"Macon-Bibb County, GA",31420,2025,265.29499999999996,248.26999999999998,17.024999999999977,6.857453578765038
31420,"Macon-Bibb County, GA",13169,Jones County,Georgia,"Macon-Bibb County, GA",31420,2022,215.39,183.24,32.14999999999998,17.545295786946056
31420,"Macon-Bibb County, GA",13169,Jones County,Georgia,"Macon-Bibb County, GA",31420,2023,230.9975,215.39,15.607500000000016,7.2461581317609935
31420,"Macon-Bibb County, GA",13169,Jones County,Georgia,"Macon-Bibb County, GA",31420,2024,248.26999999999998,230.9975,17.27249999999998,7.477353651013541
31420,"Macon-Bibb County, GA",13169,Jones County,Georgia,"Macon-Bibb County, GA",31420,2025,265.29499999999996,248.26999999999998,17.024999999999977,6.857453578765038
31420,"Macon-Bibb County, GA",13207,Monroe County,Georgia,"Macon-Bibb County, GA",31420,2022,215.39,183.24,32.14999999999998,17.545295786946056
31420,"Macon-Bibb County, GA",13207,Monroe County,Georgia,"Macon-Bibb County, GA",31420,2023,230.9975,215.39,15.607500000000016,7.2461581317609935
31420,"Macon-Bibb County, GA",13207,Monroe County,Georgia,"Macon-Bibb County, GA",31420,2024,248.26999999999998,230.9975,17.27249999999998,7.477353651013541
31420,"Macon-Bibb County, GA",13207,Monroe County,Georgia,"Macon-Bibb County, GA",31420,2025,265.29499999999996,248.26999999999998,17.024999999999977,6.857453578765038
31420,"Macon-Bibb County, GA",13289,Twiggs County,Georgia,"Macon-Bibb County, GA",31420,2022,215.39,183.24,32.14999999999998,17.545295786946056
31420,"Macon-Bibb County, GA",13289,Twiggs County,Georgia,"Macon-Bibb County, GA",31420,2023,230.9975,215.39,15.607500000000016,7.2461581317609935
31420,"Macon-Bibb County, GA",13289,Twiggs County,Georgia,"Macon-Bibb County, GA",31420,2024,248.26999999999998,230.9975,17.27249999999998,7.477353651013541
31420,"Macon-Bibb County, GA",13289,Twiggs County,Georgia,"Macon-Bibb County, GA",31420,2025,265.29499999999996,248.26999999999998,17.024999999999977,6.857453578765038
31540,"Madison, WI",55021,Columbia County,Wisconsin,"Madison, WI",31540,2022,294.3675,255.9025,38.465,15.031115366203917
31540,"Madison, WI",55021,Columbia County,Wisconsin,"Madison, WI",31540,2023,319.36,294.3675,24.992500000000007,8.490237543207058
31540,"Madison, WI",55021,Columbia County,Wisconsin,"Madison, WI",31540,2024,343.1975,319.36,23.837499999999977,7.464147044088176
31540,"Madison, WI",55021,Columbia County,Wisconsin,"Madison, WI",31540,2025,357.015,343.1975,13.817499999999995,4.02610741628362
31540,"Madison, WI",55025,Dane County,Wisconsin,"Madison, WI",31540,2022,294.3675,255.9025,38.465,15.031115366203917
31540,"Madison, WI",55025,Dane County,Wisconsin,"Madison, WI",31540,2023,319.36,294.3675,24.992500000000007,8.490237543207058
31540,"Madison, WI",55025,Dane County,Wisconsin,"Madison, WI",31540,2024,343.1975,319.36,23.837499999999977,7.464147044088176
31540,"Madison, WI",55025,Dane County,Wisconsin,"Madison, WI",31540,2025,357.015,343.1975,13.817499999999995,4.02610741628362
31540,"Madison, WI",55045,Green County,Wisconsin,"Madison, WI",31540,2022,294.3675,255.9025,38.465,15.031115366203917
31540,"Madison, WI",55045,Green County,Wisconsin,"Madison, WI",31540,2023,319.36,294.3675,24.992500000000007,8.490237543207058
31540,"Madison, WI",55045,Green County,Wisconsin,"Madison, WI",31540,2024,343.1975,319.36,23.837499999999977,7.464147044088176
31540,"Madison, WI",55045,Green County,Wisconsin,"Madison, WI",31540,2025,357.015,343.1975,13.817499999999995,4.02610741628362
31540,"Madison, WI",55049,Iowa County,Wisconsin,"Madison, WI",31540,2022,294.3675,255.9025,38.465,15.031115366203917
31540,"Madison, WI",55049,Iowa County,Wisconsin,"Madison, WI",31540,2023,319.36,294.3675,24.992500000000007,8.490237543207058
31540,"Madison, WI",55049,Iowa County,Wisconsin,"Madison, WI",31540,2024,343.1975,319.36,23.837499999999977,7.464147044088176
31540,"Madison, WI",55049,Iowa County,Wisconsin,"Madison, WI",31540,2025,357.015,343.1975,13.817499999999995,4.02610741628362
31700,"Manchester-Nashua, NH",33011,Hillsborough County,New Hampshire,"Manchester-Nashua, NH",31700,2022,377.445,325.44,52.004999999999995,15.97990412979351
31700,"Manchester-Nashua, NH",33011,Hillsborough County,New Hampshire,"Manchester-Nashua, NH",31700,2023,407.48749999999995,377.445,30.04249999999996,7.959437798884594
31700,"Manchester-Nashua, NH",33011,Hillsborough County,New Hampshire,"Manchester-Nashua, NH",31700,2024,440.9075,407.48749999999995,33.42000000000007,8.201478572962383
31700,"Manchester-Nashua, NH",33011,Hillsborough County,New Hampshire,"Manchester-Nashua, NH",31700,2025,457.17499999999995,440.9075,16.267499999999927,3.6895493952812997
31740,"Manhattan, KS",20061,Geary County,Kansas,"Manhattan, KS",31740,2022,276.3775,246.0925,30.284999999999997,12.30634822272112
31740,"Manhattan, KS",20061,Geary County,Kansas,"Manhattan, KS",31740,2023,291.255,276.3775,14.877499999999998,5.3830358838906855
31740,"Manhattan, KS",20061,Geary County,Kansas,"Manhattan, KS",31740,2024,310.15,291.255,18.894999999999982,6.487442275669086
31740,"Manhattan, KS",20061,Geary County,Kansas,"Manhattan, KS",31740,2025,313.20000000000005,310.15,3.050000000000068,0.983395131388054
31740,"Manhattan, KS",20149,Pottawatomie County,Kansas,"Manhattan, KS",31740,2022,276.3775,246.0925,30.284999999999997,12.30634822272112
31740,"Manhattan, KS",20149,Pottawatomie County,Kansas,"Manhattan, KS",31740,2023,291.255,276.3775,14.877499999999998,5.3830358838906855
31740,"Manhattan, KS",20149,Pottawatomie County,Kansas,"Manhattan, KS",31740,2024,310.15,291.255,18.894999999999982,6.487442275669086
31740,"Manhattan, KS",20149,Pottawatomie County,Kansas,"Manhattan, KS",31740,2025,313.20000000000005,310.15,3.050000000000068,0.983395131388054
31740,"Manhattan, KS",20161,Riley County,Kansas,"Manhattan, KS",31740,2022,276.3775,246.0925,30.284999999999997,12.30634822272112
31740,"Manhattan, KS",20161,Riley County,Kansas,"Manhattan, KS",31740,2023,291.255,276.3775,14.877499999999998,5.3830358838906855
31740,"Manhattan, KS",20161,Riley County,Kansas,"Manhattan, KS",31740,2024,310.15,291.255,18.894999999999982,6.487442275669086
31740,"Manhattan, KS",20161,Riley County,Kansas,"Manhattan, KS",31740,2025,313.20000000000005,310.15,3.050000000000068,0.983395131388054
31860,"Mankato, MN",27013,Blue Earth County,Minnesota,"Mankato, MN",31860,2022,291.2675,256.64,34.6275,13.492635598503732
31860,"Mankato, MN",27013,Blue Earth County,Minnesota,"Mankato, MN",31860,2023,306.56,291.2675,15.292500000000018,5.250328306453689
31860,"Mankato, MN",27013,Blue Earth County,Minnesota,"Mankato, MN",31860,2024,316.4575,306.56,9.89749999999998,3.228568632567841
31860,"Mankato, MN",27013,Blue Earth County,Minnesota,"Mankato, MN",31860,2025,327.055,316.4575,10.597500000000025,3.348790911891819
31860,"Mankato, MN",27103,Nicollet County,Minnesota,"Mankato, MN",31860,2022,291.2675,256.64,34.6275,13.492635598503732
31860,"Mankato, MN",27103,Nicollet County,Minnesota,"Mankato, MN",31860,2023,306.56,291.2675,15.292500000000018,5.250328306453689
31860,"Mankato, MN",27103,Nicollet County,Minnesota,"Mankato, MN",31860,2024,316.4575,306.56,9.89749999999998,3.228568632567841
31860,"Mankato, MN",27103,Nicollet County,Minnesota,"Mankato, MN",31860,2025,327.055,316.4575,10.597500000000025,3.348790911891819
31900,"Mansfield, OH",39139,Richland County,Ohio,"Mansfield, OH",31900,2022,225.855,198.3075,27.547499999999985,13.891305170001122
31900,"Mansfield, OH",39139,Richland County,Ohio,"Mansfield, OH",31900,2023,252.25,225.855,26.39500000000001,11.686701644860653
31900,"Mansfield, OH",39139,Richland County,Ohio,"Mansfield, OH",31900,2024,275.0475,252.25,22.797500000000014,9.03766105054511
31900,"Mansfield, OH",39139,Richland County,Ohio,"Mansfield, OH",31900,2025,295.915,275.0475,20.867500000000007,7.5868713585835135
32580,"McAllen-Edinburg-Mission, TX",48215,Hidalgo County,Texas,"McAllen-Edinburg-Mission, TX",32580,2022,244.815,204.1675,40.64750000000001,19.908898331027224
32580,"McAllen-Edinburg-Mission, TX",48215,Hidalgo County,Texas,"McAllen-Edinburg-Mission, TX",32580,2023,266.5925,244.815,21.777499999999975,8.895492514756032
32580,"McAllen-Edinburg-Mission, TX",48215,Hidalgo County,Texas,"McAllen-Edinburg-Mission, TX",32580,2024,283.2125,266.5925,16.620000000000005,6.234233896302421
32580,"McAllen-Edinburg-Mission, TX",48215,Hidalgo County,Texas,"McAllen-Edinburg-Mission, TX",32580,2025,291.46000000000004,283.2125,8.24750000000006,2.9121242882994336
32780,"Medford, OR",41029,Jackson County,Oregon,"Medford, OR",32780,2022,374.31,338.2325,36.077499999999986,10.666479418743013
32780,"Medford, OR",41029,Jackson County,Oregon,"Medford, OR",32780,2023,371.0125,374.31,-3.2975000000000136,-0.8809542892255107
32780,"Medford, OR",41029,Jackson County,Oregon,"Medford, OR",32780,2024,381.3325,371.0125,10.319999999999993,2.781577440113203
32780,"Medford, OR",41029,Jackson County,Oregon,"Medford, OR",32780,2025,389.23,381.3325,7.897500000000036,2.0710272531190066
32820,"Memphis, TN-MS-AR",05035,Crittenden County,Arkansas,"Memphis, TN-MS-AR",32820,2022,281.59125,243.125,38.46625,15.82159383033419
32820,"Memphis, TN-MS-AR",05035,Crittenden County,Arkansas,"Memphis, TN-MS-AR",32820,2023,290.70625,281.59125,9.115000000000009,3.236961375752978
32820,"Memphis, TN-MS-AR",05035,Crittenden County,Arkansas,"Memphis, TN-MS-AR",32820,2024,295.485,290.70625,4.778750000000002,1.6438415066755585
32820,"Memphis, TN-MS-AR",05035,Crittenden County,Arkansas,"Memphis, TN-MS-AR",32820,2025,299.6325,295.485,4.1474999999999795,1.4036245494695176
32820,"Memphis, TN-MS-AR",28009,Benton County,Mississippi,"Memphis, TN-MS-AR",32820,2022,281.59125,243.125,38.46625,15.82159383033419
32820,"Memphis, TN-MS-AR",28009,Benton County,Mississippi,"Memphis, TN-MS-AR",32820,2023,290.70625,281.59125,9.115000000000009,3.236961375752978
32820,"Memphis, TN-MS-AR",28009,Benton County,Mississippi,"Memphis, TN-MS-AR",32820,2024,295.485,290.70625,4.778750000000002,1.6438415066755585
32820,"Memphis, TN-MS-AR",28009,Benton County,Mississippi,"Memphis, TN-MS-AR",32820,2025,299.6325,295.485,4.1474999999999795,1.4036245494695176
32820,"Memphis, TN-MS-AR",28033,DeSoto County,Mississippi,"Memphis, TN-MS-AR",32820,2022,281.59125,243.125,38.46625,15.82159383033419
32820,"Memphis, TN-MS-AR",28033,DeSoto County,Mississippi,"Memphis, TN-MS-AR",32820,2023,290.70625,281.59125,9.115000000000009,3.236961375752978
32820,"Memphis, TN-MS-AR",28033,DeSoto County,Mississippi,"Memphis, TN-MS-AR",32820,2024,295.485,290.70625,4.778750000000002,1.6438415066755585
32820,"Memphis, TN-MS-AR",28033,DeSoto County,Mississippi,"Memphis, TN-MS-AR",32820,2025,299.6325,295.485,4.1474999999999795,1.4036245494695176
32820,"Memphis, TN-MS-AR",28093,Marshall County,Mississippi,"Memphis, TN-MS-AR",32820,2022,281.59125,243.125,38.46625,15.82159383033419
32820,"Memphis, TN-MS-AR",28093,Marshall County,Mississippi,"Memphis, TN-MS-AR",32820,2023,290.70625,281.59125,9.115000000000009,3.236961375752978
32820,"Memphis, TN-MS-AR",28093,Marshall County,Mississippi,"Memphis, TN-MS-AR",32820,2024,295.485,290.70625,4.778750000000002,1.6438415066755585
32820,"Memphis, TN-MS-AR",28093,Marshall County,Mississippi,"Memphis, TN-MS-AR",32820,2025,299.6325,295.485,4.1474999999999795,1.4036245494695176
32820,"Memphis, TN-MS-AR",28137,Tate County,Mississippi,"Memphis, TN-MS-AR",32820,2022,281.59125,243.125,38.46625,15.82159383033419
32820,"Memphis, TN-MS-AR",28137,Tate County,Mississippi,"Memphis, TN-MS-AR",32820,2023,290.70625,281.59125,9.115000000000009,3.236961375752978
32820,"Memphis, TN-MS-AR",28137,Tate County,Mississippi,"Memphis, TN-MS-AR",32820,2024,295.485,290.70625,4.778750000000002,1.6438415066755585
32820,"Memphis, TN-MS-AR",28137,Tate County,Mississippi,"Memphis, TN-MS-AR",32820,2025,299.6325,295.485,4.1474999999999795,1.4036245494695176
32820,"Memphis, TN-MS-AR",28143,Tunica County,Mississippi,"Memphis, TN-MS-AR",32820,2022,281.59125,243.125,38.46625,15.82159383033419
32820,"Memphis, TN-MS-AR",28143,Tunica County,Mississippi,"Memphis, TN-MS-AR",32820,2023,290.70625,281.59125,9.115000000000009,3.236961375752978
32820,"Memphis, TN-MS-AR",28143,Tunica County,Mississippi,"Memphis, TN-MS-AR",32820,2024,295.485,290.70625,4.778750000000002,1.6438415066755585
32820,"Memphis, TN-MS-AR",28143,Tunica County,Mississippi,"Memphis, TN-MS-AR",32820,2025,299.6325,295.485,4.1474999999999795,1.4036245494695176
32820,"Memphis, TN-MS-AR",47047,Fayette County,Tennessee,"Memphis, TN-MS-AR",32820,2022,281.59125,243.125,38.46625,15.82159383033419
32820,"Memphis, TN-MS-AR",47047,Fayette County,Tennessee,"Memphis, TN-MS-AR",32820,2023,290.70625,281.59125,9.115000000000009,3.236961375752978
32820,"Memphis, TN-MS-AR",47047,Fayette County,Tennessee,"Memphis, TN-MS-AR",32820,2024,295.485,290.70625,4.778750000000002,1.6438415066755585
32820,"Memphis, TN-MS-AR",47047,Fayette County,Tennessee,"Memphis, TN-MS-AR",32820,2025,299.6325,295.485,4.1474999999999795,1.4036245494695176
32820,"Memphis, TN-MS-AR",47157,Shelby County,Tennessee,"Memphis, TN-MS-AR",32820,2022,281.59125,243.125,38.46625,15.82159383033419
32820,"Memphis, TN-MS-AR",47157,Shelby County,Tennessee,"Memphis, TN-MS-AR",32820,2023,290.70625,281.59125,9.115000000000009,3.236961375752978
32820,"Memphis, TN-MS-AR",47157,Shelby County,Tennessee,"Memphis, TN-MS-AR",32820,2024,295.485,290.70625,4.778750000000002,1.6438415066755585
32820,"Memphis, TN-MS-AR",47157,Shelby County,Tennessee,"Memphis, TN-MS-AR",32820,2025,299.6325,295.485,4.1474999999999795,1.4036245494695176
32820,"Memphis, TN-MS-AR",47167,Tipton County,Tennessee,"Memphis, TN-MS-AR",32820,2022,281.59125,243.125,38.46625,15.82159383033419
32820,"Memphis, TN-MS-AR",47167,Tipton County,Tennessee,"Memphis, TN-MS-AR",32820,2023,290.70625,281.59125,9.115000000000009,3.236961375752978
32820,"Memphis, TN-MS-AR",47167,Tipton County,Tennessee,"Memphis, TN-MS-AR",32820,2024,295.485,290.70625,4.778750000000002,1.6438415066755585
32820,"Memphis, TN-MS-AR",47167,Tipton County,Tennessee,"Memphis, TN-MS-AR",32820,2025,299.6325,295.485,4.1474999999999795,1.4036245494695176
32900,"Merced, CA",06047,Merced County,California,"Merced, CA",32900,2022,351.345,304.025,47.32000000000005,15.56450949757422
32900,"Merced, CA",06047,Merced County,California,"Merced, CA",32900,2023,351.48,351.345,0.1349999999999909,0.038423771506646
32900,"Merced, CA",06047,Merced County,California,"Merced, CA",32900,2024,375.185,351.48,23.704999999999984,6.744338226926128
32900,"Merced, CA",06047,Merced County,California,"Merced, CA",32900,2025,380.725,375.185,5.5400000000000205,1.4766048749283778
33140,"Michigan City-La Porte, IN",18091,LaPorte County,Indiana,"Michigan City-La Porte, IN",33140,2022,263.1275,225.0125,38.11500000000001,16.93905894116994
33140,"Michigan City-La Porte, IN",18091,LaPorte County,Indiana,"Michigan City-La Porte, IN",33140,2023,283.045,263.1275,19.917500000000018,7.569524280054352
33140,"Michigan City-La Porte, IN",18091,LaPorte County,Indiana,"Michigan City-La Porte, IN",33140,2024,298.8725,283.045,15.827499999999986,5.591867017612029
33140,"Michigan City-La Porte, IN",18091,LaPorte County,Indiana,"Michigan City-La Porte, IN",33140,2025,321.79499999999996,298.8725,22.922499999999957,7.669658466402884
33220,"Midland, MI",26111,Midland County,Michigan,"Midland, MI",33220,2022,220.145,189.6325,30.512500000000017,16.090332617035585
33220,"Midland, MI",26111,Midland County,Michigan,"Midland, MI",33220,2023,237.37,220.145,17.224999999999994,7.8243884712348555
33220,"Midland, MI",26111,Midland County,Michigan,"Midland, MI",33220,2024,254.97,237.37,17.599999999999994,7.41458482537809
33220,"Midland, MI",26111,Midland County,Michigan,"Midland, MI",33220,2025,265.55,254.97,10.580000000000013,4.149507785229645
33260,"Midland, TX",48317,Martin County,Texas,"Midland, TX",33260,2022,407.575,385.7075,21.867500000000007,5.6694515922039335
33260,"Midland, TX",48317,Martin County,Texas,"Midland, TX",33260,2023,427.72499999999997,407.575,20.149999999999977,4.943875360363115
33260,"Midland, TX",48317,Martin County,Texas,"Midland, TX",33260,2024,451.3875,427.72499999999997,23.662500000000023,5.532176047694204
33260,"Midland, TX",48317,Martin County,Texas,"Midland, TX",33260,2025,473.44500000000005,451.3875,22.05750000000006,4.886599651075874
33260,"Midland, TX",48329,Midland County,Texas,"Midland, TX",33260,2022,407.575,385.7075,21.867500000000007,5.6694515922039335
33260,"Midland, TX",48329,Midland County,Texas,"Midland, TX",33260,2023,427.72499999999997,407.575,20.149999999999977,4.943875360363115
33260,"Midland, TX",48329,Midland County,Texas,"Midland, TX",33260,2024,451.3875,427.72499999999997,23.662500000000023,5.532176047694204
33260,"Midland, TX",48329,Midland County,Texas,"Midland, TX",33260,2025,473.44500000000005,451.3875,22.05750000000006,4.886599651075874
33340,"Milwaukee-Waukesha, WI",55079,Milwaukee County,Wisconsin,"Milwaukee-Waukesha, WI",33340,2022,322.08,288.565,33.514999999999986,11.614367646804013
33340,"Milwaukee-Waukesha, WI",55079,Milwaukee County,Wisconsin,"Milwaukee-Waukesha, WI",33340,2023,348.21250000000003,322.08,26.13250000000005,8.113667411823155
33340,"Milwaukee-Waukesha, WI",55079,Milwaukee County,Wisconsin,"Milwaukee-Waukesha, WI",33340,2024,374.93666666666667,348.21250000000003,26.724166666666633,7.674671835923941
33340,"Milwaukee-Waukesha, WI",55079,Milwaukee County,Wisconsin,"Milwaukee-Waukesha, WI",33340,2025,392.90166666666664,374.93666666666667,17.964999999999975,4.791475893706476
33340,"Milwaukee-Waukesha, WI",55089,Ozaukee County,Wisconsin,"Milwaukee-Waukesha, WI",33340,2022,322.08,288.565,33.514999999999986,11.614367646804013
33340,"Milwaukee-Waukesha, WI",55089,Ozaukee County,Wisconsin,"Milwaukee-Waukesha, WI",33340,2023,348.21250000000003,322.08,26.13250000000005,8.113667411823155
33340,"Milwaukee-Waukesha, WI",55089,Ozaukee County,Wisconsin,"Milwaukee-Waukesha, WI",33340,2024,374.93666666666667,348.21250000000003,26.724166666666633,7.674671835923941
33340,"Milwaukee-Waukesha, WI",55089,Ozaukee County,Wisconsin,"Milwaukee-Waukesha, WI",33340,2025,392.90166666666664,374.93666666666667,17.964999999999975,4.791475893706476
33340,"Milwaukee-Waukesha, WI",55131,Washington County,Wisconsin,"Milwaukee-Waukesha, WI",33340,2022,322.08,288.565,33.514999999999986,11.614367646804013
33340,"Milwaukee-Waukesha, WI",55131,Washington County,Wisconsin,"Milwaukee-Waukesha, WI",33340,2023,348.21250000000003,322.08,26.13250000000005,8.113667411823155
33340,"Milwaukee-Waukesha, WI",55131,Washington County,Wisconsin,"Milwaukee-Waukesha, WI",33340,2024,374.93666666666667,348.21250000000003,26.724166666666633,7.674671835923941
33340,"Milwaukee-Waukesha, WI",55131,Washington County,Wisconsin,"Milwaukee-Waukesha, WI",33340,2025,392.90166666666664,374.93666666666667,17.964999999999975,4.791475893706476
33340,"Milwaukee-Waukesha, WI",55133,Waukesha County,Wisconsin,"Milwaukee-Waukesha, WI",33340,2022,322.08,288.565,33.514999999999986,11.614367646804013
33340,"Milwaukee-Waukesha, WI",55133,Waukesha County,Wisconsin,"Milwaukee-Waukesha, WI",33340,2023,348.21250000000003,322.08,26.13250000000005,8.113667411823155
33340,"Milwaukee-Waukesha, WI",55133,Waukesha County,Wisconsin,"Milwaukee-Waukesha, WI",33340,2024,374.93666666666667,348.21250000000003,26.724166666666633,7.674671835923941
33340,"Milwaukee-Waukesha, WI",55133,Waukesha County,Wisconsin,"Milwaukee-Waukesha, WI",33340,2025,392.90166666666664,374.93666666666667,17.964999999999975,4.791475893706476
33460,"Minneapolis-St. Paul-Bloomington, MN-WI",27003,Anoka County,Minnesota,"Minneapolis-St. Paul-Bloomington, MN-WI",33460,2022,367.955,339.6358333333333,28.31916666666666,8.338097422975089
33460,"Minneapolis-St. Paul-Bloomington, MN-WI",27003,Anoka County,Minnesota,"Minneapolis-St. Paul-Bloomington, MN-WI",33460,2023,378.17,367.955,10.215000000000032,2.7761546928293024
33460,"Minneapolis-St. Paul-Bloomington, MN-WI",27003,Anoka County,Minnesota,"Minneapolis-St. Paul-Bloomington, MN-WI",33460,2024,390.5466666666667,378.17,12.376666666666665,3.272778556381173
33460,"Minneapolis-St. Paul-Bloomington, MN-WI",27003,Anoka County,Minnesota,"Minneapolis-St. Paul-Bloomington, MN-WI",33460,2025,401.73,390.5466666666667,11.183333333333337,2.863507562049783
33460,"Minneapolis-St. Paul-Bloomington, MN-WI",27019,Carver County,Minnesota,"Minneapolis-St. Paul-Bloomington, MN-WI",33460,2022,367.955,339.6358333333333,28.31916666666666,8.338097422975089
33460,"Minneapolis-St. Paul-Bloomington, MN-WI",27019,Carver County,Minnesota,"Minneapolis-St. Paul-Bloomington, MN-WI",33460,2023,378.17,367.955,10.215000000000032,2.7761546928293024
33460,"Minneapolis-St. Paul-Bloomington, MN-WI",27019,Carver County,Minnesota,"Minneapolis-St. Paul-Bloomington, MN-WI",33460,2024,390.5466666666667,378.17,12.376666666666665,3.272778556381173
33460,"Minneapolis-St. Paul-Bloomington, MN-WI",27019,Carver County,Minnesota,"Minneapolis-St. Paul-Bloomington, MN-WI",33460,2025,401.73,390.5466666666667,11.183333333333337,2.863507562049783
33460,"Minneapolis-St. Paul-Bloomington, MN-WI",27025,Chisago County,Minnesota,"Minneapolis-St. Paul-Bloomington, MN-WI",33460,2022,367.955,339.6358333333333,28.31916666666666,8.338097422975089
33460,"Minneapolis-St. Paul-Bloomington, MN-WI",27025,Chisago County,Minnesota,"Minneapolis-St. Paul-Bloomington, MN-WI",33460,2023,378.17,367.955,10.215000000000032,2.7761546928293024
33460,"Minneapolis-St. Paul-Bloomington, MN-WI",27025,Chisago County,Minnesota,"Minneapolis-St. Paul-Bloomington, MN-WI",33460,2024,390.5466666666667,378.17,12.376666666666665,3.272778556381173
33460,"Minneapolis-St. Paul-Bloomington, MN-WI",27025,Chisago County,Minnesota,"Minneapolis-St. Paul-Bloomington, MN-WI",33460,2025,401.73,390.5466666666667,11.183333333333337,2.863507562049783
33460,"Minneapolis-St. Paul-Bloomington, MN-WI",27037,Dakota County,Minnesota,"Minneapolis-St. Paul-Bloomington, MN-WI",33460,2022,367.955,339.6358333333333,28.31916666666666,8.338097422975089
33460,"Minneapolis-St. Paul-Bloomington, MN-WI",27037,Dakota County,Minnesota,"Minneapolis-St. Paul-Bloomington, MN-WI",33460,2023,378.17,367.955,10.215000000000032,2.7761546928293024
33460,"Minneapolis-St. Paul-Bloomington, MN-WI",27037,Dakota County,Minnesota,"Minneapolis-St. Paul-Bloomington, MN-WI",33460,2024,390.5466666666667,378.17,12.376666666666665,3.272778556381173
33460,"Minneapolis-St. Paul-Bloomington, MN-WI",27037,Dakota County,Minnesota,"Minneapolis-St. Paul-Bloomington, MN-WI",33460,2025,401.73,390.5466666666667,11.183333333333337,2.863507562049783
33460,"Minneapolis-St. Paul-Bloomington, MN-WI",27053,Hennepin County,Minnesota,"Minneapolis-St. Paul-Bloomington, MN-WI",33460,2022,367.955,339.6358333333333,28.31916666666666,8.338097422975089
33460,"Minneapolis-St. Paul-Bloomington, MN-WI",27053,Hennepin County,Minnesota,"Minneapolis-St. Paul-Bloomington, MN-WI",33460,2023,378.17,367.955,10.215000000000032,2.7761546928293024
33460,"Minneapolis-St. Paul-Bloomington, MN-WI",27053,Hennepin County,Minnesota,"Minneapolis-St. Paul-Bloomington, MN-WI",33460,2024,390.5466666666667,378.17,12.376666666666665,3.272778556381173
33460,"Minneapolis-St. Paul-Bloomington, MN-WI",27053,Hennepin County,Minnesota,"Minneapolis-St. Paul-Bloomington, MN-WI",33460,2025,401.73,390.5466666666667,11.183333333333337,2.863507562049783
33460,"Minneapolis-St. Paul-Bloomington, MN-WI",27059,Isanti County,Minnesota,"Minneapolis-St. Paul-Bloomington, MN-WI",33460,2022,367.955,339.6358333333333,28.31916666666666,8.338097422975089
33460,"Minneapolis-St. Paul-Bloomington, MN-WI",27059,Isanti County,Minnesota,"Minneapolis-St. Paul-Bloomington, MN-WI",33460,2023,378.17,367.955,10.215000000000032,2.7761546928293024
33460,"Minneapolis-St. Paul-Bloomington, MN-WI",27059,Isanti County,Minnesota,"Minneapolis-St. Paul-Bloomington, MN-WI",33460,2024,390.5466666666667,378.17,12.376666666666665,3.272778556381173
33460,"Minneapolis-St. Paul-Bloomington, MN-WI",27059,Isanti County,Minnesota,"Minneapolis-St. Paul-Bloomington, MN-WI",33460,2025,401.73,390.5466666666667,11.183333333333337,2.863507562049783
33460,"Minneapolis-St. Paul-Bloomington, MN-WI",27079,Le Sueur County,Minnesota,"Minneapolis-St. Paul-Bloomington, MN-WI",33460,2022,367.955,339.6358333333333,28.31916666666666,8.338097422975089
33460,"Minneapolis-St. Paul-Bloomington, MN-WI",27079,Le Sueur County,Minnesota,"Minneapolis-St. Paul-Bloomington, MN-WI",33460,2023,378.17,367.955,10.215000000000032,2.7761546928293024
33460,"Minneapolis-St. Paul-Bloomington, MN-WI",27079,Le Sueur County,Minnesota,"Minneapolis-St. Paul-Bloomington, MN-WI",33460,2024,390.5466666666667,378.17,12.376666666666665,3.272778556381173
33460,"Minneapolis-St. Paul-Bloomington, MN-WI",27079,Le Sueur County,Minnesota,"Minneapolis-St. Paul-Bloomington, MN-WI",33460,2025,401.73,390.5466666666667,11.183333333333337,2.863507562049783
33460,"Minneapolis-St. Paul-Bloomington, MN-WI",27095,Mille Lacs County,Minnesota,"Minneapolis-St. Paul-Bloomington, MN-WI",33460,2022,367.955,339.6358333333333,28.31916666666666,8.338097422975089
33460,"Minneapolis-St. Paul-Bloomington, MN-WI",27095,Mille Lacs County,Minnesota,"Minneapolis-St. Paul-Bloomington, MN-WI",33460,2023,378.17,367.955,10.215000000000032,2.7761546928293024
33460,"Minneapolis-St. Paul-Bloomington, MN-WI",27095,Mille Lacs County,Minnesota,"Minneapolis-St. Paul-Bloomington, MN-WI",33460,2024,390.5466666666667,378.17,12.376666666666665,3.272778556381173
33460,"Minneapolis-St. Paul-Bloomington, MN-WI",27095,Mille Lacs County,Minnesota,"Minneapolis-St. Paul-Bloomington, MN-WI",33460,2025,401.73,390.5466666666667,11.183333333333337,2.863507562049783
33460,"Minneapolis-St. Paul-Bloomington, MN-WI",27123,Ramsey County,Minnesota,"Minneapolis-St. Paul-Bloomington, MN-WI",33460,2022,367.955,339.6358333333333,28.31916666666666,8.338097422975089
33460,"Minneapolis-St. Paul-Bloomington, MN-WI",27123,Ramsey County,Minnesota,"Minneapolis-St. Paul-Bloomington, MN-WI",33460,2023,378.17,367.955,10.215000000000032,2.7761546928293024
33460,"Minneapolis-St. Paul-Bloomington, MN-WI",27123,Ramsey County,Minnesota,"Minneapolis-St. Paul-Bloomington, MN-WI",33460,2024,390.5466666666667,378.17,12.376666666666665,3.272778556381173
33460,"Minneapolis-St. Paul-Bloomington, MN-WI",27123,Ramsey County,Minnesota,"Minneapolis-St. Paul-Bloomington, MN-WI",33460,2025,401.73,390.5466666666667,11.183333333333337,2.863507562049783
33460,"Minneapolis-St. Paul-Bloomington, MN-WI",27139,Scott County,Minnesota,"Minneapolis-St. Paul-Bloomington, MN-WI",33460,2022,367.955,339.6358333333333,28.31916666666666,8.338097422975089
33460,"Minneapolis-St. Paul-Bloomington, MN-WI",27139,Scott County,Minnesota,"Minneapolis-St. Paul-Bloomington, MN-WI",33460,2023,378.17,367.955,10.215000000000032,2.7761546928293024
33460,"Minneapolis-St. Paul-Bloomington, MN-WI",27139,Scott County,Minnesota,"Minneapolis-St. Paul-Bloomington, MN-WI",33460,2024,390.5466666666667,378.17,12.376666666666665,3.272778556381173
33460,"Minneapolis-St. Paul-Bloomington, MN-WI",27139,Scott County,Minnesota,"Minneapolis-St. Paul-Bloomington, MN-WI",33460,2025,401.73,390.5466666666667,11.183333333333337,2.863507562049783
33460,"Minneapolis-St. Paul-Bloomington, MN-WI",27141,Sherburne County,Minnesota,"Minneapolis-St. Paul-Bloomington, MN-WI",33460,2022,367.955,339.6358333333333,28.31916666666666,8.338097422975089
33460,"Minneapolis-St. Paul-Bloomington, MN-WI",27141,Sherburne County,Minnesota,"Minneapolis-St. Paul-Bloomington, MN-WI",33460,2023,378.17,367.955,10.215000000000032,2.7761546928293024
33460,"Minneapolis-St. Paul-Bloomington, MN-WI",27141,Sherburne County,Minnesota,"Minneapolis-St. Paul-Bloomington, MN-WI",33460,2024,390.5466666666667,378.17,12.376666666666665,3.272778556381173
33460,"Minneapolis-St. Paul-Bloomington, MN-WI",27141,Sherburne County,Minnesota,"Minneapolis-St. Paul-Bloomington, MN-WI",33460,2025,401.73,390.5466666666667,11.183333333333337,2.863507562049783
33460,"Minneapolis-St. Paul-Bloomington, MN-WI",27163,Washington County,Minnesota,"Minneapolis-St. Paul-Bloomington, MN-WI",33460,2022,367.955,339.6358333333333,28.31916666666666,8.338097422975089
33460,"Minneapolis-St. Paul-Bloomington, MN-WI",27163,Washington County,Minnesota,"Minneapolis-St. Paul-Bloomington, MN-WI",33460,2023,378.17,367.955,10.215000000000032,2.7761546928293024
33460,"Minneapolis-St. Paul-Bloomington, MN-WI",27163,Washington County,Minnesota,"Minneapolis-St. Paul-Bloomington, MN-WI",33460,2024,390.5466666666667,378.17,12.376666666666665,3.272778556381173
33460,"Minneapolis-St. Paul-Bloomington, MN-WI",27163,Washington County,Minnesota,"Minneapolis-St. Paul-Bloomington, MN-WI",33460,2025,401.73,390.5466666666667,11.183333333333337,2.863507562049783
33460,"Minneapolis-St. Paul-Bloomington, MN-WI",27171,Wright County,Minnesota,"Minneapolis-St. Paul-Bloomington, MN-WI",33460,2022,367.955,339.6358333333333,28.31916666666666,8.338097422975089
33460,"Minneapolis-St. Paul-Bloomington, MN-WI",27171,Wright County,Minnesota,"Minneapolis-St. Paul-Bloomington, MN-WI",33460,2023,378.17,367.955,10.215000000000032,2.7761546928293024
33460,"Minneapolis-St. Paul-Bloomington, MN-WI",27171,Wright County,Minnesota,"Minneapolis-St. Paul-Bloomington, MN-WI",33460,2024,390.5466666666667,378.17,12.376666666666665,3.272778556381173
33460,"Minneapolis-St. Paul-Bloomington, MN-WI",27171,Wright County,Minnesota,"Minneapolis-St. Paul-Bloomington, MN-WI",33460,2025,401.73,390.5466666666667,11.183333333333337,2.863507562049783
33460,"Minneapolis-St. Paul-Bloomington, MN-WI",55093,Pierce County,Wisconsin,"Minneapolis-St. Paul-Bloomington, MN-WI",33460,2022,367.955,339.6358333333333,28.31916666666666,8.338097422975089
33460,"Minneapolis-St. Paul-Bloomington, MN-WI",55093,Pierce County,Wisconsin,"Minneapolis-St. Paul-Bloomington, MN-WI",33460,2023,378.17,367.955,10.215000000000032,2.7761546928293024
33460,"Minneapolis-St. Paul-Bloomington, MN-WI",55093,Pierce County,Wisconsin,"Minneapolis-St. Paul-Bloomington, MN-WI",33460,2024,390.5466666666667,378.17,12.376666666666665,3.272778556381173
33460,"Minneapolis-St. Paul-Bloomington, MN-WI",55093,Pierce County,Wisconsin,"Minneapolis-St. Paul-Bloomington, MN-WI",33460,2025,401.73,390.5466666666667,11.183333333333337,2.863507562049783
33460,"Minneapolis-St. Paul-Bloomington, MN-WI",55109,St. Croix County,Wisconsin,"Minneapolis-St. Paul-Bloomington, MN-WI",33460,2022,367.955,339.6358333333333,28.31916666666666,8.338097422975089
33460,"Minneapolis-St. Paul-Bloomington, MN-WI",55109,St. Croix County,Wisconsin,"Minneapolis-St. Paul-Bloomington, MN-WI",33460,2023,378.17,367.955,10.215000000000032,2.7761546928293024
33460,"Minneapolis-St. Paul-Bloomington, MN-WI",55109,St. Croix County,Wisconsin,"Minneapolis-St. Paul-Bloomington, MN-WI",33460,2024,390.5466666666667,378.17,12.376666666666665,3.272778556381173
33460,"Minneapolis-St. Paul-Bloomington, MN-WI",55109,St. Croix County,Wisconsin,"Minneapolis-St. Paul-Bloomington, MN-WI",33460,2025,401.73,390.5466666666667,11.183333333333337,2.863507562049783
33500,"Minot, ND",38049,McHenry County,North Dakota,"Minot, ND",33500,2022,329.945,301.7625,28.182500000000005,9.339298289217513
33500,"Minot, ND",38049,McHenry County,North Dakota,"Minot, ND",33500,2023,335.5225,329.945,5.577499999999986,1.6904332540271794
33500,"Minot, ND",38049,McHenry County,North Dakota,"Minot, ND",33500,2024,355.705,335.5225,20.182500000000005,6.015244879255488
33500,"Minot, ND",38049,McHenry County,North Dakota,"Minot, ND",33500,2025,373.775,355.705,18.069999999999993,5.080052290521642
33500,"Minot, ND",38075,Renville County,North Dakota,"Minot, ND",33500,2022,329.945,301.7625,28.182500000000005,9.339298289217513
33500,"Minot, ND",38075,Renville County,North Dakota,"Minot, ND",33500,2023,335.5225,329.945,5.577499999999986,1.6904332540271794
33500,"Minot, ND",38075,Renville County,North Dakota,"Minot, ND",33500,2024,355.705,335.5225,20.182500000000005,6.015244879255488
33500,"Minot, ND",38075,Renville County,North Dakota,"Minot, ND",33500,2025,373.775,355.705,18.069999999999993,5.080052290521642
33500,"Minot, ND",38101,Ward County,North Dakota,"Minot, ND",33500,2022,329.945,301.7625,28.182500000000005,9.339298289217513
33500,"Minot, ND",38101,Ward County,North Dakota,"Minot, ND",33500,2023,335.5225,329.945,5.577499999999986,1.6904332540271794
33500,"Minot, ND",38101,Ward County,North Dakota,"Minot, ND",33500,2024,355.705,335.5225,20.182500000000005,6.015244879255488
33500,"Minot, ND",38101,Ward County,North Dakota,"Minot, ND",33500,2025,373.775,355.705,18.069999999999993,5.080052290521642
33540,"Missoula, MT",30061,Mineral County,Montana,"Missoula, MT",33540,2022,468.0625,379.3775,88.685,23.376452214482946
33540,"Missoula, MT",30061,Mineral County,Montana,"Missoula, MT",33540,2023,493.23,468.0625,25.167500000000018,5.376952864200835
33540,"Missoula, MT",30061,Mineral County,Montana,"Missoula, MT",33540,2024,523.8050000000001,493.23,30.575000000000045,6.1989335604079265
33540,"Missoula, MT",30061,Mineral County,Montana,"Missoula, MT",33540,2025,529.575,523.8050000000001,5.769999999999982,1.1015549679747272
33540,"Missoula, MT",30063,Missoula County,Montana,"Missoula, MT",33540,2022,468.0625,379.3775,88.685,23.376452214482946
33540,"Missoula, MT",30063,Missoula County,Montana,"Missoula, MT",33540,2023,493.23,468.0625,25.167500000000018,5.376952864200835
33540,"Missoula, MT",30063,Missoula County,Montana,"Missoula, MT",33540,2024,523.8050000000001,493.23,30.575000000000045,6.1989335604079265
33540,"Missoula, MT",30063,Missoula County,Montana,"Missoula, MT",33540,2025,529.575,523.8050000000001,5.769999999999982,1.1015549679747272
33660,"Mobile, AL",01097,Mobile County,Alabama,"Mobile, AL",33660,2022,265.865,230.585,35.28,15.300214671379319
33660,"Mobile, AL",01097,Mobile County,Alabama,"Mobile, AL",33660,2023,283.13,265.865,17.264999999999986,6.493897278694072
33660,"Mobile, AL",01097,Mobile County,Alabama,"Mobile, AL",33660,2024,297.155,283.13,14.024999999999977,4.953554904107649
33660,"Mobile, AL",01097,Mobile County,Alabama,"Mobile, AL",33660,2025,306.905,297.155,9.75,3.281115915936117
33700,"Modesto, CA",06099,Stanislaus County,California,"Modesto, CA",33700,2022,368.4975,327.7375,40.75999999999999,12.436782485983432
33700,"Modesto, CA",06099,Stanislaus County,California,"Modesto, CA",33700,2023,371.65999999999997,368.4975,3.162499999999966,0.8582147775765048
33700,"Modesto, CA",06099,Stanislaus County,California,"Modesto, CA",33700,2024,387.6375,371.65999999999997,15.97750000000002,4.2989560350858325
33700,"Modesto, CA",06099,Stanislaus County,California,"Modesto, CA",33700,2025,396.0,387.6375,8.362500000000011,2.1572990229273614
33740,"Monroe, LA",22067,Morehouse Parish,Louisiana,"Monroe, LA",33740,2022,251.09250000000003,230.2375,20.855000000000018,9.058037895651228
33740,"Monroe, LA",22067,Morehouse Parish,Louisiana,"Monroe, LA",33740,2023,260.6025,251.09250000000003,9.509999999999991,3.7874488485319047
33740,"Monroe, LA",22067,Morehouse Parish,Louisiana,"Monroe, LA",33740,2024,264.27250000000004,260.6025,3.670000000000016,1.4082750549208045
33740,"Monroe, LA",22067,Morehouse Parish,Louisiana,"Monroe, LA",33740,2025,277.925,264.27250000000004,13.652499999999975,5.166069114266514
33740,"Monroe, LA",22073,Ouachita Parish,Louisiana,"Monroe, LA",33740,2022,251.09250000000003,230.2375,20.855000000000018,9.058037895651228
33740,"Monroe, LA",22073,Ouachita Parish,Louisiana,"Monroe, LA",33740,2023,260.6025,251.09250000000003,9.509999999999991,3.7874488485319047
33740,"Monroe, LA",22073,Ouachita Parish,Louisiana,"Monroe, LA",33740,2024,264.27250000000004,260.6025,3.670000000000016,1.4082750549208045
33740,"Monroe, LA",22073,Ouachita Parish,Louisiana,"Monroe, LA",33740,2025,277.925,264.27250000000004,13.652499999999975,5.166069114266514
33740,"Monroe, LA",22083,Richland Parish,Louisiana,"Monroe, LA",33740,2022,251.09250000000003,230.2375,20.855000000000018,9.058037895651228
33740,"Monroe, LA",22083,Richland Parish,Louisiana,"Monroe, LA",33740,2023,260.6025,251.09250000000003,9.509999999999991,3.7874488485319047
33740,"Monroe, LA",22083,Richland Parish,Louisiana,"Monroe, LA",33740,2024,264.27250000000004,260.6025,3.670000000000016,1.4082750549208045
33740,"Monroe, LA",22083,Richland Parish,Louisiana,"Monroe, LA",33740,2025,277.925,264.27250000000004,13.652499999999975,5.166069114266514
33740,"Monroe, LA",22111,Union Parish,Louisiana,"Monroe, LA",33740,2022,251.09250000000003,230.2375,20.855000000000018,9.058037895651228
33740,"Monroe, LA",22111,Union Parish,Louisiana,"Monroe, LA",33740,2023,260.6025,251.09250000000003,9.509999999999991,3.7874488485319047
33740,"Monroe, LA",22111,Union Parish,Louisiana,"Monroe, LA",33740,2024,264.27250000000004,260.6025,3.670000000000016,1.4082750549208045
33740,"Monroe, LA",22111,Union Parish,Louisiana,"Monroe, LA",33740,2025,277.925,264.27250000000004,13.652499999999975,5.166069114266514
33780,"Monroe, MI",26115,Monroe County,Michigan,"Monroe, MI",33780,2022,228.4375,205.3925,23.044999999999987,11.219981255401246
33780,"Monroe, MI",26115,Monroe County,Michigan,"Monroe, MI",33780,2023,239.63,228.4375,11.192499999999995,4.899589603283161
33780,"Monroe, MI",26115,Monroe County,Michigan,"Monroe, MI",33780,2024,254.76,239.63,15.129999999999995,6.313900596753319
33780,"Monroe, MI",26115,Monroe County,Michigan,"Monroe, MI",33780,2025,266.06,254.76,11.300000000000011,4.43554718166117
33860,"Montgomery, AL",01001,Autauga County,Alabama,"Montgomery, AL",33860,2022,195.35000000000002,169.545,25.805000000000035,15.220148043292369
33860,"Montgomery, AL",01001,Autauga County,Alabama,"Montgomery, AL",33860,2023,205.8625,195.35000000000002,10.512499999999989,5.3813667775787
33860,"Montgomery, AL",01001,Autauga County,Alabama,"Montgomery, AL",33860,2024,216.9375,205.8625,11.074999999999989,5.3798044811463885
33860,"Montgomery, AL",01001,Autauga County,Alabama,"Montgomery, AL",33860,2025,225.14499999999998,216.9375,8.207499999999982,3.7833477384039194
33860,"Montgomery, AL",01051,Elmore County,Alabama,"Montgomery, AL",33860,2022,195.35000000000002,169.545,25.805000000000035,15.220148043292369
33860,"Montgomery, AL",01051,Elmore County,Alabama,"Montgomery, AL",33860,2023,205.8625,195.35000000000002,10.512499999999989,5.3813667775787
33860,"Montgomery, AL",01051,Elmore County,Alabama,"Montgomery, AL",33860,2024,216.9375,205.8625,11.074999999999989,5.3798044811463885
33860,"Montgomery, AL",01051,Elmore County,Alabama,"Montgomery, AL",33860,2025,225.14499999999998,216.9375,8.207499999999982,3.7833477384039194
33860,"Montgomery, AL",01085,Lowndes County,Alabama,"Montgomery, AL",33860,2022,195.35000000000002,169.545,25.805000000000035,15.220148043292369
33860,"Montgomery, AL",01085,Lowndes County,Alabama,"Montgomery, AL",33860,2023,205.8625,195.35000000000002,10.512499999999989,5.3813667775787
33860,"Montgomery, AL",01085,Lowndes County,Alabama,"Montgomery, AL",33860,2024,216.9375,205.8625,11.074999999999989,5.3798044811463885
33860,"Montgomery, AL",01085,Lowndes County,Alabama,"Montgomery, AL",33860,2025,225.14499999999998,216.9375,8.207499999999982,3.7833477384039194
33860,"Montgomery, AL",01101,Montgomery County,Alabama,"Montgomery, AL",33860,2022,195.35000000000002,169.545,25.805000000000035,15.220148043292369
33860,"Montgomery, AL",01101,Montgomery County,Alabama,"Montgomery, AL",33860,2023,205.8625,195.35000000000002,10.512499999999989,5.3813667775787
33860,"Montgomery, AL",01101,Montgomery County,Alabama,"Montgomery, AL",33860,2024,216.9375,205.8625,11.074999999999989,5.3798044811463885
33860,"Montgomery, AL",01101,Montgomery County,Alabama,"Montgomery, AL",33860,2025,225.14499999999998,216.9375,8.207499999999982,3.7833477384039194
34060,"Morgantown, WV",54061,Monongalia County,West Virginia,"Morgantown, WV",34060,2022,269.0675,239.0175,30.049999999999983,12.572301191335345
34060,"Morgantown, WV",54061,Monongalia County,West Virginia,"Morgantown, WV",34060,2023,279.6175,269.0675,10.550000000000011,3.920949204195967
34060,"Morgantown, WV",54061,Monongalia County,West Virginia,"Morgantown, WV",34060,2024,289.02,279.6175,9.402499999999975,3.3626293061056467
34060,"Morgantown, WV",54061,Monongalia County,West Virginia,"Morgantown, WV",34060,2025,297.96,289.02,8.939999999999998,3.093211542453811
34060,"Morgantown, WV",54077,Preston County,West Virginia,"Morgantown, WV",34060,2022,269.0675,239.0175,30.049999999999983,12.572301191335345
34060,"Morgantown, WV",54077,Preston County,West Virginia,"Morgantown, WV",34060,2023,279.6175,269.0675,10.550000000000011,3.920949204195967
34060,"Morgantown, WV",54077,Preston County,West Virginia,"Morgantown, WV",34060,2024,289.02,279.6175,9.402499999999975,3.3626293061056467
34060,"Morgantown, WV",54077,Preston County,West Virginia,"Morgantown, WV",34060,2025,297.96,289.02,8.939999999999998,3.093211542453811
34100,"Morristown, TN",47063,Hamblen County,Tennessee,"Morristown, TN",34100,2022,316.36,259.005,57.35500000000002,22.144360147487507
34100,"Morristown, TN",47063,Hamblen County,Tennessee,"Morristown, TN",34100,2023,342.375,316.36,26.014999999999986,8.223226703755216
34100,"Morristown, TN",47063,Hamblen County,Tennessee,"Morristown, TN",34100,2024,380.1425,342.375,37.767499999999984,11.031033223804299
34100,"Morristown, TN",47063,Hamblen County,Tennessee,"Morristown, TN",34100,2025,397.78,380.1425,17.63749999999999,4.63970747811675
34100,"Morristown, TN",47089,Jefferson County,Tennessee,"Morristown, TN",34100,2022,316.36,259.005,57.35500000000002,22.144360147487507
34100,"Morristown, TN",47089,Jefferson County,Tennessee,"Morristown, TN",34100,2023,342.375,316.36,26.014999999999986,8.223226703755216
34100,"Morristown, TN",47089,Jefferson County,Tennessee,"Morristown, TN",34100,2024,380.1425,342.375,37.767499999999984,11.031033223804299
34100,"Morristown, TN",47089,Jefferson County,Tennessee,"Morristown, TN",34100,2025,397.78,380.1425,17.63749999999999,4.63970747811675
34580,"Mount Vernon-Anacortes, WA",53057,Skagit County,Washington,"Mount Vernon-Anacortes, WA",34580,2022,407.475,346.4,61.075000000000045,17.63135103926099
34580,"Mount Vernon-Anacortes, WA",53057,Skagit County,Washington,"Mount Vernon-Anacortes, WA",34580,2023,414.125,407.475,6.649999999999977,1.6320019633106364
34580,"Mount Vernon-Anacortes, WA",53057,Skagit County,Washington,"Mount Vernon-Anacortes, WA",34580,2024,439.1725,414.125,25.047500000000014,6.04829459704197
34580,"Mount Vernon-Anacortes, WA",53057,Skagit County,Washington,"Mount Vernon-Anacortes, WA",34580,2025,465.845,439.1725,26.672500000000014,6.073353864369935
34620,"Muncie, IN",18035,Delaware County,Indiana,"Muncie, IN",34620,2022,222.575,195.93,26.644999999999982,13.599244628183516
34620,"Muncie, IN",18035,Delaware County,Indiana,"Muncie, IN",34620,2023,242.3675,222.575,19.792500000000018,8.892508143322475
34620,"Muncie, IN",18035,Delaware County,Indiana,"Muncie, IN",34620,2024,259.93,242.3675,17.5625,7.24622732008211
34620,"Muncie, IN",18035,Delaware County,Indiana,"Muncie, IN",34620,2025,271.78499999999997,259.93,11.854999999999961,4.560843303966444
34740,"Muskegon-Norton Shores, MI",26121,Muskegon County,Michigan,"Muskegon-Norton Shores, MI",34740,2022,296.2975,252.79500000000002,43.5025,17.208607765185224
34740,"Muskegon-Norton Shores, MI",26121,Muskegon County,Michigan,"Muskegon-Norton Shores, MI",34740,2023,326.6825,296.2975,30.38499999999999,10.254895839485645
34740,"Muskegon-Norton Shores, MI",26121,Muskegon County,Michigan,"Muskegon-Norton Shores, MI",34740,2024,355.925,326.6825,29.242500000000007,8.951351847742073
34740,"Muskegon-Norton Shores, MI",26121,Muskegon County,Michigan,"Muskegon-Norton Shores, MI",34740,2025,379.635,355.925,23.70999999999998,6.661515768771498
34820,"Myrtle Beach-Conway-North Myrtle Beach, SC",45051,Horry County,South Carolina,"Myrtle Beach-Conway-North Myrtle Beach, SC",34820,2022,318.59,257.4125,61.17749999999995,23.766328364007162
34820,"Myrtle Beach-Conway-North Myrtle Beach, SC",45051,Horry County,South Carolina,"Myrtle Beach-Conway-North Myrtle Beach, SC",34820,2023,346.5875,318.59,27.997500000000002,8.787940613327482
34820,"Myrtle Beach-Conway-North Myrtle Beach, SC",45051,Horry County,South Carolina,"Myrtle Beach-Conway-North Myrtle Beach, SC",34820,2024,360.265,346.5875,13.677500000000009,3.9463338983662055
34820,"Myrtle Beach-Conway-North Myrtle Beach, SC",45051,Horry County,South Carolina,"Myrtle Beach-Conway-North Myrtle Beach, SC",34820,2025,375.815,360.265,15.550000000000011,4.316267192205747
34900,"Napa, CA",06055,Napa County,California,"Napa, CA",34900,2022,431.2425,390.96999999999997,40.272500000000036,10.300662454919829
34900,"Napa, CA",06055,Napa County,California,"Napa, CA",34900,2023,430.8025,431.2425,-0.4399999999999977,-0.10203075995524058
34900,"Napa, CA",06055,Napa County,California,"Napa, CA",34900,2024,450.075,430.8025,19.27249999999998,4.473627706431604
34900,"Napa, CA",06055,Napa County,California,"Napa, CA",34900,2025,453.68,450.075,3.605000000000018,0.8009776148419689
34940,"Naples-Marco Island, FL",12021,Collier County,Florida,"Naples-Marco Island, FL",34940,2022,503.4175,397.795,105.6225,26.55199286064429
34940,"Naples-Marco Island, FL",12021,Collier County,Florida,"Naples-Marco Island, FL",34940,2023,557.0225,503.4175,53.60500000000002,10.648219420262507
34940,"Naples-Marco Island, FL",12021,Collier County,Florida,"Naples-Marco Island, FL",34940,2024,572.1225,557.0225,15.099999999999909,2.710842021641846
34940,"Naples-Marco Island, FL",12021,Collier County,Florida,"Naples-Marco Island, FL",34940,2025,576.185,572.1225,4.0625,0.7100752024260526
34980,"Nashville-Davidson--Murfreesboro--Franklin, TN",47015,Cannon County,Tennessee,"Nashville-Davidson--Murfreesboro--Franklin, TN",34980,2022,494.355,410.7366666666667,83.61833333333334,20.358137005867505
34980,"Nashville-Davidson--Murfreesboro--Franklin, TN",47015,Cannon County,Tennessee,"Nashville-Davidson--Murfreesboro--Franklin, TN",34980,2023,509.59499999999997,494.355,15.239999999999952,3.0828048669478303
34980,"Nashville-Davidson--Murfreesboro--Franklin, TN",47015,Cannon County,Tennessee,"Nashville-Davidson--Murfreesboro--Franklin, TN",34980,2024,532.8008333333333,509.59499999999997,23.205833333333374,4.553779635462152
34980,"Nashville-Davidson--Murfreesboro--Franklin, TN",47015,Cannon County,Tennessee,"Nashville-Davidson--Murfreesboro--Franklin, TN",34980,2025,545.9516666666667,532.8008333333333,13.150833333333367,2.4682456390052065
34980,"Nashville-Davidson--Murfreesboro--Franklin, TN",47021,Cheatham County,Tennessee,"Nashville-Davidson--Murfreesboro--Franklin, TN",34980,2022,494.355,410.7366666666667,83.61833333333334,20.358137005867505
34980,"Nashville-Davidson--Murfreesboro--Franklin, TN",47021,Cheatham County,Tennessee,"Nashville-Davidson--Murfreesboro--Franklin, TN",34980,2023,509.59499999999997,494.355,15.239999999999952,3.0828048669478303
34980,"Nashville-Davidson--Murfreesboro--Franklin, TN",47021,Cheatham County,Tennessee,"Nashville-Davidson--Murfreesboro--Franklin, TN",34980,2024,532.8008333333333,509.59499999999997,23.205833333333374,4.553779635462152
34980,"Nashville-Davidson--Murfreesboro--Franklin, TN",47021,Cheatham County,Tennessee,"Nashville-Davidson--Murfreesboro--Franklin, TN",34980,2025,545.9516666666667,532.8008333333333,13.150833333333367,2.4682456390052065
34980,"Nashville-Davidson--Murfreesboro--Franklin, TN",47037,Davidson County,Tennessee,"Nashville-Davidson--Murfreesboro--Franklin, TN",34980,2022,494.355,410.7366666666667,83.61833333333334,20.358137005867505
34980,"Nashville-Davidson--Murfreesboro--Franklin, TN",47037,Davidson County,Tennessee,"Nashville-Davidson--Murfreesboro--Franklin, TN",34980,2023,509.59499999999997,494.355,15.239999999999952,3.0828048669478303
34980,"Nashville-Davidson--Murfreesboro--Franklin, TN",47037,Davidson County,Tennessee,"Nashville-Davidson--Murfreesboro--Franklin, TN",34980,2024,532.8008333333333,509.59499999999997,23.205833333333374,4.553779635462152
34980,"Nashville-Davidson--Murfreesboro--Franklin, TN",47037,Davidson County,Tennessee,"Nashville-Davidson--Murfreesboro--Franklin, TN",34980,2025,545.9516666666667,532.8008333333333,13.150833333333367,2.4682456390052065
34980,"Nashville-Davidson--Murfreesboro--Franklin, TN",47043,Dickson County,Tennessee,"Nashville-Davidson--Murfreesboro--Franklin, TN",34980,2022,494.355,410.7366666666667,83.61833333333334,20.358137005867505
34980,"Nashville-Davidson--Murfreesboro--Franklin, TN",47043,Dickson County,Tennessee,"Nashville-Davidson--Murfreesboro--Franklin, TN",34980,2023,509.59499999999997,494.355,15.239999999999952,3.0828048669478303
34980,"Nashville-Davidson--Murfreesboro--Franklin, TN",47043,Dickson County,Tennessee,"Nashville-Davidson--Murfreesboro--Franklin, TN",34980,2024,532.8008333333333,509.59499999999997,23.205833333333374,4.553779635462152
34980,"Nashville-Davidson--Murfreesboro--Franklin, TN",47043,Dickson County,Tennessee,"Nashville-Davidson--Murfreesboro--Franklin, TN",34980,2025,545.9516666666667,532.8008333333333,13.150833333333367,2.4682456390052065
34980,"Nashville-Davidson--Murfreesboro--Franklin, TN",47081,Hickman County,Tennessee,"Nashville-Davidson--Murfreesboro--Franklin, TN",34980,2022,494.355,410.7366666666667,83.61833333333334,20.358137005867505
34980,"Nashville-Davidson--Murfreesboro--Franklin, TN",47081,Hickman County,Tennessee,"Nashville-Davidson--Murfreesboro--Franklin, TN",34980,2023,509.59499999999997,494.355,15.239999999999952,3.0828048669478303
34980,"Nashville-Davidson--Murfreesboro--Franklin, TN",47081,Hickman County,Tennessee,"Nashville-Davidson--Murfreesboro--Franklin, TN",34980,2024,532.8008333333333,509.59499999999997,23.205833333333374,4.553779635462152
34980,"Nashville-Davidson--Murfreesboro--Franklin, TN",47081,Hickman County,Tennessee,"Nashville-Davidson--Murfreesboro--Franklin, TN",34980,2025,545.9516666666667,532.8008333333333,13.150833333333367,2.4682456390052065
34980,"Nashville-Davidson--Murfreesboro--Franklin, TN",47111,Macon County,Tennessee,"Nashville-Davidson--Murfreesboro--Franklin, TN",34980,2022,494.355,410.7366666666667,83.61833333333334,20.358137005867505
34980,"Nashville-Davidson--Murfreesboro--Franklin, TN",47111,Macon County,Tennessee,"Nashville-Davidson--Murfreesboro--Franklin, TN",34980,2023,509.59499999999997,494.355,15.239999999999952,3.0828048669478303
34980,"Nashville-Davidson--Murfreesboro--Franklin, TN",47111,Macon County,Tennessee,"Nashville-Davidson--Murfreesboro--Franklin, TN",34980,2024,532.8008333333333,509.59499999999997,23.205833333333374,4.553779635462152
34980,"Nashville-Davidson--Murfreesboro--Franklin, TN",47111,Macon County,Tennessee,"Nashville-Davidson--Murfreesboro--Franklin, TN",34980,2025,545.9516666666667,532.8008333333333,13.150833333333367,2.4682456390052065
34980,"Nashville-Davidson--Murfreesboro--Franklin, TN",47119,Maury County,Tennessee,"Nashville-Davidson--Murfreesboro--Franklin, TN",34980,2022,494.355,410.7366666666667,83.61833333333334,20.358137005867505
34980,"Nashville-Davidson--Murfreesboro--Franklin, TN",47119,Maury County,Tennessee,"Nashville-Davidson--Murfreesboro--Franklin, TN",34980,2023,509.59499999999997,494.355,15.239999999999952,3.0828048669478303
34980,"Nashville-Davidson--Murfreesboro--Franklin, TN",47119,Maury County,Tennessee,"Nashville-Davidson--Murfreesboro--Franklin, TN",34980,2024,532.8008333333333,509.59499999999997,23.205833333333374,4.553779635462152
34980,"Nashville-Davidson--Murfreesboro--Franklin, TN",47119,Maury County,Tennessee,"Nashville-Davidson--Murfreesboro--Franklin, TN",34980,2025,545.9516666666667,532.8008333333333,13.150833333333367,2.4682456390052065
34980,"Nashville-Davidson--Murfreesboro--Franklin, TN",47147,Robertson County,Tennessee,"Nashville-Davidson--Murfreesboro--Franklin, TN",34980,2022,494.355,410.7366666666667,83.61833333333334,20.358137005867505
34980,"Nashville-Davidson--Murfreesboro--Franklin, TN",47147,Robertson County,Tennessee,"Nashville-Davidson--Murfreesboro--Franklin, TN",34980,2023,509.59499999999997,494.355,15.239999999999952,3.0828048669478303
34980,"Nashville-Davidson--Murfreesboro--Franklin, TN",47147,Robertson County,Tennessee,"Nashville-Davidson--Murfreesboro--Franklin, TN",34980,2024,532.8008333333333,509.59499999999997,23.205833333333374,4.553779635462152
34980,"Nashville-Davidson--Murfreesboro--Franklin, TN",47147,Robertson County,Tennessee,"Nashville-Davidson--Murfreesboro--Franklin, TN",34980,2025,545.9516666666667,532.8008333333333,13.150833333333367,2.4682456390052065
34980,"Nashville-Davidson--Murfreesboro--Franklin, TN",47149,Rutherford County,Tennessee,"Nashville-Davidson--Murfreesboro--Franklin, TN",34980,2022,494.355,410.7366666666667,83.61833333333334,20.358137005867505
34980,"Nashville-Davidson--Murfreesboro--Franklin, TN",47149,Rutherford County,Tennessee,"Nashville-Davidson--Murfreesboro--Franklin, TN",34980,2023,509.59499999999997,494.355,15.239999999999952,3.0828048669478303
34980,"Nashville-Davidson--Murfreesboro--Franklin, TN",47149,Rutherford County,Tennessee,"Nashville-Davidson--Murfreesboro--Franklin, TN",34980,2024,532.8008333333333,509.59499999999997,23.205833333333374,4.553779635462152
34980,"Nashville-Davidson--Murfreesboro--Franklin, TN",47149,Rutherford County,Tennessee,"Nashville-Davidson--Murfreesboro--Franklin, TN",34980,2025,545.9516666666667,532.8008333333333,13.150833333333367,2.4682456390052065
34980,"Nashville-Davidson--Murfreesboro--Franklin, TN",47159,Smith County,Tennessee,"Nashville-Davidson--Murfreesboro--Franklin, TN",34980,2022,494.355,410.7366666666667,83.61833333333334,20.358137005867505
34980,"Nashville-Davidson--Murfreesboro--Franklin, TN",47159,Smith County,Tennessee,"Nashville-Davidson--Murfreesboro--Franklin, TN",34980,2023,509.59499999999997,494.355,15.239999999999952,3.0828048669478303
34980,"Nashville-Davidson--Murfreesboro--Franklin, TN",47159,Smith County,Tennessee,"Nashville-Davidson--Murfreesboro--Franklin, TN",34980,2024,532.8008333333333,509.59499999999997,23.205833333333374,4.553779635462152
34980,"Nashville-Davidson--Murfreesboro--Franklin, TN",47159,Smith County,Tennessee,"Nashville-Davidson--Murfreesboro--Franklin, TN",34980,2025,545.9516666666667,532.8008333333333,13.150833333333367,2.4682456390052065
34980,"Nashville-Davidson--Murfreesboro--Franklin, TN",47165,Sumner County,Tennessee,"Nashville-Davidson--Murfreesboro--Franklin, TN",34980,2022,494.355,410.7366666666667,83.61833333333334,20.358137005867505
34980,"Nashville-Davidson--Murfreesboro--Franklin, TN",47165,Sumner County,Tennessee,"Nashville-Davidson--Murfreesboro--Franklin, TN",34980,2023,509.59499999999997,494.355,15.239999999999952,3.0828048669478303
34980,"Nashville-Davidson--Murfreesboro--Franklin, TN",47165,Sumner County,Tennessee,"Nashville-Davidson--Murfreesboro--Franklin, TN",34980,2024,532.8008333333333,509.59499999999997,23.205833333333374,4.553779635462152
34980,"Nashville-Davidson--Murfreesboro--Franklin, TN",47165,Sumner County,Tennessee,"Nashville-Davidson--Murfreesboro--Franklin, TN",34980,2025,545.9516666666667,532.8008333333333,13.150833333333367,2.4682456390052065
34980,"Nashville-Davidson--Murfreesboro--Franklin, TN",47169,Trousdale County,Tennessee,"Nashville-Davidson--Murfreesboro--Franklin, TN",34980,2022,494.355,410.7366666666667,83.61833333333334,20.358137005867505
34980,"Nashville-Davidson--Murfreesboro--Franklin, TN",47169,Trousdale County,Tennessee,"Nashville-Davidson--Murfreesboro--Franklin, TN",34980,2023,509.59499999999997,494.355,15.239999999999952,3.0828048669478303
34980,"Nashville-Davidson--Murfreesboro--Franklin, TN",47169,Trousdale County,Tennessee,"Nashville-Davidson--Murfreesboro--Franklin, TN",34980,2024,532.8008333333333,509.59499999999997,23.205833333333374,4.553779635462152
34980,"Nashville-Davidson--Murfreesboro--Franklin, TN",47169,Trousdale County,Tennessee,"Nashville-Davidson--Murfreesboro--Franklin, TN",34980,2025,545.9516666666667,532.8008333333333,13.150833333333367,2.4682456390052065
34980,"Nashville-Davidson--Murfreesboro--Franklin, TN",47187,Williamson County,Tennessee,"Nashville-Davidson--Murfreesboro--Franklin, TN",34980,2022,494.355,410.7366666666667,83.61833333333334,20.358137005867505
34980,"Nashville-Davidson--Murfreesboro--Franklin, TN",47187,Williamson County,Tennessee,"Nashville-Davidson--Murfreesboro--Franklin, TN",34980,2023,509.59499999999997,494.355,15.239999999999952,3.0828048669478303
34980,"Nashville-Davidson--Murfreesboro--Franklin, TN",47187,Williamson County,Tennessee,"Nashville-Davidson--Murfreesboro--Franklin, TN",34980,2024,532.8008333333333,509.59499999999997,23.205833333333374,4.553779635462152
34980,"Nashville-Davidson--Murfreesboro--Franklin, TN",47187,Williamson County,Tennessee,"Nashville-Davidson--Murfreesboro--Franklin, TN",34980,2025,545.9516666666667,532.8008333333333,13.150833333333367,2.4682456390052065
34980,"Nashville-Davidson--Murfreesboro--Franklin, TN",47189,Wilson County,Tennessee,"Nashville-Davidson--Murfreesboro--Franklin, TN",34980,2022,494.355,410.7366666666667,83.61833333333334,20.358137005867505
34980,"Nashville-Davidson--Murfreesboro--Franklin, TN",47189,Wilson County,Tennessee,"Nashville-Davidson--Murfreesboro--Franklin, TN",34980,2023,509.59499999999997,494.355,15.239999999999952,3.0828048669478303
34980,"Nashville-Davidson--Murfreesboro--Franklin, TN",47189,Wilson County,Tennessee,"Nashville-Davidson--Murfreesboro--Franklin, TN",34980,2024,532.8008333333333,509.59499999999997,23.205833333333374,4.553779635462152
34980,"Nashville-Davidson--Murfreesboro--Franklin, TN",47189,Wilson County,Tennessee,"Nashville-Davidson--Murfreesboro--Franklin, TN",34980,2025,545.9516666666667,532.8008333333333,13.150833333333367,2.4682456390052065
35300,"New Haven, CT",09170,South Central Connecticut Planning Region,Connecticut,"New Haven, CT",35300,2022,264.37,231.2525,33.11750000000001,14.32092626025665
35300,"New Haven, CT",09170,South Central Connecticut Planning Region,Connecticut,"New Haven, CT",35300,2023,286.2125,264.37,21.842499999999973,8.26209479139084
35300,"New Haven, CT",09170,South Central Connecticut Planning Region,Connecticut,"New Haven, CT",35300,2024,311.03249999999997,286.2125,24.819999999999993,8.67187841201904
35300,"New Haven, CT",09170,South Central Connecticut Planning Region,Connecticut,"New Haven, CT",35300,2025,327.91499999999996,311.03249999999997,16.882499999999993,5.427889368474359
35380,"New Orleans-Metairie, LA",22051,Jefferson Parish,Louisiana,"New Orleans-Metairie, LA",35380,2022,378.53,347.72,30.809999999999945,8.860577476130205
35380,"New Orleans-Metairie, LA",22051,Jefferson Parish,Louisiana,"New Orleans-Metairie, LA",35380,2023,375.40125,378.53,-3.128749999999968,-0.8265527170897902
35380,"New Orleans-Metairie, LA",22051,Jefferson Parish,Louisiana,"New Orleans-Metairie, LA",35380,2024,372.6125,375.40125,-2.788749999999993,-0.742871793847244
35380,"New Orleans-Metairie, LA",22051,Jefferson Parish,Louisiana,"New Orleans-Metairie, LA",35380,2025,375.585,372.6125,2.972499999999968,0.7977456472877176
35380,"New Orleans-Metairie, LA",22071,Orleans Parish,Louisiana,"New Orleans-Metairie, LA",35380,2022,378.53,347.72,30.809999999999945,8.860577476130205
35380,"New Orleans-Metairie, LA",22071,Orleans Parish,Louisiana,"New Orleans-Metairie, LA",35380,2023,375.40125,378.53,-3.128749999999968,-0.8265527170897902
35380,"New Orleans-Metairie, LA",22071,Orleans Parish,Louisiana,"New Orleans-Metairie, LA",35380,2024,372.6125,375.40125,-2.788749999999993,-0.742871793847244
35380,"New Orleans-Metairie, LA",22071,Orleans Parish,Louisiana,"New Orleans-Metairie, LA",35380,2025,375.585,372.6125,2.972499999999968,0.7977456472877176
35380,"New Orleans-Metairie, LA",22075,Plaquemines Parish,Louisiana,"New Orleans-Metairie, LA",35380,2022,378.53,347.72,30.809999999999945,8.860577476130205
35380,"New Orleans-Metairie, LA",22075,Plaquemines Parish,Louisiana,"New Orleans-Metairie, LA",35380,2023,375.40125,378.53,-3.128749999999968,-0.8265527170897902
35380,"New Orleans-Metairie, LA",22075,Plaquemines Parish,Louisiana,"New Orleans-Metairie, LA",35380,2024,372.6125,375.40125,-2.788749999999993,-0.742871793847244
35380,"New Orleans-Metairie, LA",22075,Plaquemines Parish,Louisiana,"New Orleans-Metairie, LA",35380,2025,375.585,372.6125,2.972499999999968,0.7977456472877176
35380,"New Orleans-Metairie, LA",22087,St. Bernard Parish,Louisiana,"New Orleans-Metairie, LA",35380,2022,378.53,347.72,30.809999999999945,8.860577476130205
35380,"New Orleans-Metairie, LA",22087,St. Bernard Parish,Louisiana,"New Orleans-Metairie, LA",35380,2023,375.40125,378.53,-3.128749999999968,-0.8265527170897902
35380,"New Orleans-Metairie, LA",22087,St. Bernard Parish,Louisiana,"New Orleans-Metairie, LA",35380,2024,372.6125,375.40125,-2.788749999999993,-0.742871793847244
35380,"New Orleans-Metairie, LA",22087,St. Bernard Parish,Louisiana,"New Orleans-Metairie, LA",35380,2025,375.585,372.6125,2.972499999999968,0.7977456472877176
35380,"New Orleans-Metairie, LA",22089,St. Charles Parish,Louisiana,"New Orleans-Metairie, LA",35380,2022,378.53,347.72,30.809999999999945,8.860577476130205
35380,"New Orleans-Metairie, LA",22089,St. Charles Parish,Louisiana,"New Orleans-Metairie, LA",35380,2023,375.40125,378.53,-3.128749999999968,-0.8265527170897902
35380,"New Orleans-Metairie, LA",22089,St. Charles Parish,Louisiana,"New Orleans-Metairie, LA",35380,2024,372.6125,375.40125,-2.788749999999993,-0.742871793847244
35380,"New Orleans-Metairie, LA",22089,St. Charles Parish,Louisiana,"New Orleans-Metairie, LA",35380,2025,375.585,372.6125,2.972499999999968,0.7977456472877176
35380,"New Orleans-Metairie, LA",22093,St. James Parish,Louisiana,"New Orleans-Metairie, LA",35380,2022,378.53,347.72,30.809999999999945,8.860577476130205
35380,"New Orleans-Metairie, LA",22093,St. James Parish,Louisiana,"New Orleans-Metairie, LA",35380,2023,375.40125,378.53,-3.128749999999968,-0.8265527170897902
35380,"New Orleans-Metairie, LA",22093,St. James Parish,Louisiana,"New Orleans-Metairie, LA",35380,2024,372.6125,375.40125,-2.788749999999993,-0.742871793847244
35380,"New Orleans-Metairie, LA",22093,St. James Parish,Louisiana,"New Orleans-Metairie, LA",35380,2025,375.585,372.6125,2.972499999999968,0.7977456472877176
35380,"New Orleans-Metairie, LA",22095,St. John the Baptist Parish,Louisiana,"New Orleans-Metairie, LA",35380,2022,378.53,347.72,30.809999999999945,8.860577476130205
35380,"New Orleans-Metairie, LA",22095,St. John the Baptist Parish,Louisiana,"New Orleans-Metairie, LA",35380,2023,375.40125,378.53,-3.128749999999968,-0.8265527170897902
35380,"New Orleans-Metairie, LA",22095,St. John the Baptist Parish,Louisiana,"New Orleans-Metairie, LA",35380,2024,372.6125,375.40125,-2.788749999999993,-0.742871793847244
35380,"New Orleans-Metairie, LA",22095,St. John the Baptist Parish,Louisiana,"New Orleans-Metairie, LA",35380,2025,375.585,372.6125,2.972499999999968,0.7977456472877176
35660,"Niles, MI",26021,Berrien County,Michigan,"Niles, MI",35660,2022,281.75,242.3325,39.41749999999999,16.26587436683069
35660,"Niles, MI",26021,Berrien County,Michigan,"Niles, MI",35660,2023,299.5775,281.75,17.827499999999986,6.327417923691203
35660,"Niles, MI",26021,Berrien County,Michigan,"Niles, MI",35660,2024,324.79499999999996,299.5775,25.217499999999973,8.417688244277354
35660,"Niles, MI",26021,Berrien County,Michigan,"Niles, MI",35660,2025,331.49,324.79499999999996,6.69500000000005,2.061300204744554
35840,"North Port-Bradenton-Sarasota, FL",12081,Manatee County,Florida,"North Port-Bradenton-Sarasota, FL",35840,2022,510.435,398.76875,111.66624999999999,28.00275849098004
35840,"North Port-Bradenton-Sarasota, FL",12081,Manatee County,Florida,"North Port-Bradenton-Sarasota, FL",35840,2023,539.43875,510.435,29.003750000000025,5.682163252911732
35840,"North Port-Bradenton-Sarasota, FL",12081,Manatee County,Florida,"North Port-Bradenton-Sarasota, FL",35840,2024,537.08125,539.43875,-2.3575000000000728,-0.43702830024726635
35840,"North Port-Bradenton-Sarasota, FL",12081,Manatee County,Florida,"North Port-Bradenton-Sarasota, FL",35840,2025,514.575,537.08125,-22.50624999999991,-4.190473973909892
35840,"North Port-Bradenton-Sarasota, FL",12115,Sarasota County,Florida,"North Port-Bradenton-Sarasota, FL",35840,2022,510.435,398.76875,111.66624999999999,28.00275849098004
35840,"North Port-Bradenton-Sarasota, FL",12115,Sarasota County,Florida,"North Port-Bradenton-Sarasota, FL",35840,2023,539.43875,510.435,29.003750000000025,5.682163252911732
35840,"North Port-Bradenton-Sarasota, FL",12115,Sarasota County,Florida,"North Port-Bradenton-Sarasota, FL",35840,2024,537.08125,539.43875,-2.3575000000000728,-0.43702830024726635
35840,"North Port-Bradenton-Sarasota, FL",12115,Sarasota County,Florida,"North Port-Bradenton-Sarasota, FL",35840,2025,514.575,537.08125,-22.50624999999991,-4.190473973909892
35980,"Norwich-New London-Willimantic, CT",09180,Southeastern Connecticut Planning Region,Connecticut,"Norwich-New London-Willimantic, CT",35980,2022,260.375,228.87,31.504999999999995,13.765456372613261
35980,"Norwich-New London-Willimantic, CT",09180,Southeastern Connecticut Planning Region,Connecticut,"Norwich-New London-Willimantic, CT",35980,2023,290.5625,260.375,30.1875,11.593855016802678
35980,"Norwich-New London-Willimantic, CT",09180,Southeastern Connecticut Planning Region,Connecticut,"Norwich-New London-Willimantic, CT",35980,2024,310.2375,290.5625,19.67500000000001,6.77134867713487
35980,"Norwich-New London-Willimantic, CT",09180,Southeastern Connecticut Planning Region,Connecticut,"Norwich-New London-Willimantic, CT",35980,2025,332.55,310.2375,22.3125,7.192070591079425
36100,"Ocala, FL",12083,Marion County,Florida,"Ocala, FL",36100,2022,360.045,281.945,78.10000000000002,27.700438028693554
36100,"Ocala, FL",12083,Marion County,Florida,"Ocala, FL",36100,2023,379.6625,360.045,19.617500000000007,5.448624477495878
36100,"Ocala, FL",12083,Marion County,Florida,"Ocala, FL",36100,2024,394.6425,379.6625,14.979999999999961,3.9456095874625285
36100,"Ocala, FL",12083,Marion County,Florida,"Ocala, FL",36100,2025,402.1,394.6425,7.457500000000039,1.8896849680406946
36220,"Odessa, TX",48135,Ector County,Texas,"Odessa, TX",36220,2022,341.065,327.53499999999997,13.53000000000003,4.13085624437084
36220,"Odessa, TX",48135,Ector County,Texas,"Odessa, TX",36220,2023,349.325,341.065,8.259999999999991,2.421825751689566
36220,"Odessa, TX",48135,Ector County,Texas,"Odessa, TX",36220,2024,382.5225,349.325,33.19749999999999,9.503327846561227
36220,"Odessa, TX",48135,Ector County,Texas,"Odessa, TX",36220,2025,398.70500000000004,382.5225,16.18250000000006,4.230470103065853
36260,"Ogden, UT",49011,Davis County,Utah,"Ogden, UT",36260,2022,417.515,350.565,66.94999999999999,19.097742216136805
36260,"Ogden, UT",49011,Davis County,Utah,"Ogden, UT",36260,2023,415.3,417.515,-2.214999999999975,-0.5305198615618512
36260,"Ogden, UT",49011,Davis County,Utah,"Ogden, UT",36260,2024,430.955,415.3,15.654999999999973,3.769564170479156
36260,"Ogden, UT",49011,Davis County,Utah,"Ogden, UT",36260,2025,442.2,430.955,11.245000000000005,2.609321158821687
36260,"Ogden, UT",49029,Morgan County,Utah,"Ogden, UT",36260,2022,417.515,350.565,66.94999999999999,19.097742216136805
36260,"Ogden, UT",49029,Morgan County,Utah,"Ogden, UT",36260,2023,415.3,417.515,-2.214999999999975,-0.5305198615618512
36260,"Ogden, UT",49029,Morgan County,Utah,"Ogden, UT",36260,2024,430.955,415.3,15.654999999999973,3.769564170479156
36260,"Ogden, UT",49029,Morgan County,Utah,"Ogden, UT",36260,2025,442.2,430.955,11.245000000000005,2.609321158821687
36260,"Ogden, UT",49057,Weber County,Utah,"Ogden, UT",36260,2022,417.515,350.565,66.94999999999999,19.097742216136805
36260,"Ogden, UT",49057,Weber County,Utah,"Ogden, UT",36260,2023,415.3,417.515,-2.214999999999975,-0.5305198615618512
36260,"Ogden, UT",49057,Weber County,Utah,"Ogden, UT",36260,2024,430.955,415.3,15.654999999999973,3.769564170479156
36260,"Ogden, UT",49057,Weber County,Utah,"Ogden, UT",36260,2025,442.2,430.955,11.245000000000005,2.609321158821687
36420,"Oklahoma City, OK",40017,Canadian County,Oklahoma,"Oklahoma City, OK",36420,2022,331.0725,290.5675,40.504999999999995,13.93996231512471
36420,"Oklahoma City, OK",40017,Canadian County,Oklahoma,"Oklahoma City, OK",36420,2023,350.26625,331.0725,19.193750000000023,5.7974461787070775
36420,"Oklahoma City, OK",40017,Canadian County,Oklahoma,"Oklahoma City, OK",36420,2024,364.32375,350.26625,14.057500000000005,4.013375539321884
36420,"Oklahoma City, OK",40017,Canadian County,Oklahoma,"Oklahoma City, OK",36420,2025,370.88,364.32375,6.556249999999977,1.799567005993974
36420,"Oklahoma City, OK",40027,Cleveland County,Oklahoma,"Oklahoma City, OK",36420,2022,331.0725,290.5675,40.504999999999995,13.93996231512471
36420,"Oklahoma City, OK",40027,Cleveland County,Oklahoma,"Oklahoma City, OK",36420,2023,350.26625,331.0725,19.193750000000023,5.7974461787070775
36420,"Oklahoma City, OK",40027,Cleveland County,Oklahoma,"Oklahoma City, OK",36420,2024,364.32375,350.26625,14.057500000000005,4.013375539321884
36420,"Oklahoma City, OK",40027,Cleveland County,Oklahoma,"Oklahoma City, OK",36420,2025,370.88,364.32375,6.556249999999977,1.799567005993974
36420,"Oklahoma City, OK",40051,Grady County,Oklahoma,"Oklahoma City, OK",36420,2022,331.0725,290.5675,40.504999999999995,13.93996231512471
36420,"Oklahoma City, OK",40051,Grady County,Oklahoma,"Oklahoma City, OK",36420,2023,350.26625,331.0725,19.193750000000023,5.7974461787070775
36420,"Oklahoma City, OK",40051,Grady County,Oklahoma,"Oklahoma City, OK",36420,2024,364.32375,350.26625,14.057500000000005,4.013375539321884
36420,"Oklahoma City, OK",40051,Grady County,Oklahoma,"Oklahoma City, OK",36420,2025,370.88,364.32375,6.556249999999977,1.799567005993974
36420,"Oklahoma City, OK",40081,Lincoln County,Oklahoma,"Oklahoma City, OK",36420,2022,331.0725,290.5675,40.504999999999995,13.93996231512471
36420,"Oklahoma City, OK",40081,Lincoln County,Oklahoma,"Oklahoma City, OK",36420,2023,350.26625,331.0725,19.193750000000023,5.7974461787070775
36420,"Oklahoma City, OK",40081,Lincoln County,Oklahoma,"Oklahoma City, OK",36420,2024,364.32375,350.26625,14.057500000000005,4.013375539321884
36420,"Oklahoma City, OK",40081,Lincoln County,Oklahoma,"Oklahoma City, OK",36420,2025,370.88,364.32375,6.556249999999977,1.799567005993974
36420,"Oklahoma City, OK",40083,Logan County,Oklahoma,"Oklahoma City, OK",36420,2022,331.0725,290.5675,40.504999999999995,13.93996231512471
36420,"Oklahoma City, OK",40083,Logan County,Oklahoma,"Oklahoma City, OK",36420,2023,350.26625,331.0725,19.193750000000023,5.7974461787070775
36420,"Oklahoma City, OK",40083,Logan County,Oklahoma,"Oklahoma City, OK",36420,2024,364.32375,350.26625,14.057500000000005,4.013375539321884
36420,"Oklahoma City, OK",40083,Logan County,Oklahoma,"Oklahoma City, OK",36420,2025,370.88,364.32375,6.556249999999977,1.799567005993974
36420,"Oklahoma City, OK",40087,McClain County,Oklahoma,"Oklahoma City, OK",36420,2022,331.0725,290.5675,40.504999999999995,13.93996231512471
36420,"Oklahoma City, OK",40087,McClain County,Oklahoma,"Oklahoma City, OK",36420,2023,350.26625,331.0725,19.193750000000023,5.7974461787070775
36420,"Oklahoma City, OK",40087,McClain County,Oklahoma,"Oklahoma City, OK",36420,2024,364.32375,350.26625,14.057500000000005,4.013375539321884
36420,"Oklahoma City, OK",40087,McClain County,Oklahoma,"Oklahoma City, OK",36420,2025,370.88,364.32375,6.556249999999977,1.799567005993974
36420,"Oklahoma City, OK",40109,Oklahoma County,Oklahoma,"Oklahoma City, OK",36420,2022,331.0725,290.5675,40.504999999999995,13.93996231512471
36420,"Oklahoma City, OK",40109,Oklahoma County,Oklahoma,"Oklahoma City, OK",36420,2023,350.26625,331.0725,19.193750000000023,5.7974461787070775
36420,"Oklahoma City, OK",40109,Oklahoma County,Oklahoma,"Oklahoma City, OK",36420,2024,364.32375,350.26625,14.057500000000005,4.013375539321884
36420,"Oklahoma City, OK",40109,Oklahoma County,Oklahoma,"Oklahoma City, OK",36420,2025,370.88,364.32375,6.556249999999977,1.799567005993974
36500,"Olympia-Lacey-Tumwater, WA",53067,Thurston County,Washington,"Olympia-Lacey-Tumwater, WA",36500,2022,380.8375,328.195,52.642499999999984,16.040006703331855
36500,"Olympia-Lacey-Tumwater, WA",53067,Thurston County,Washington,"Olympia-Lacey-Tumwater, WA",36500,2023,388.17,380.8375,7.332500000000039,1.9253618669380135
36500,"Olympia-Lacey-Tumwater, WA",53067,Thurston County,Washington,"Olympia-Lacey-Tumwater, WA",36500,2024,407.7875,388.17,19.617500000000007,5.0538423886441475
36500,"Olympia-Lacey-Tumwater, WA",53067,Thurston County,Washington,"Olympia-Lacey-Tumwater, WA",36500,2025,407.63,407.7875,-0.15750000000002728,-0.038623057352182855
36540,"Omaha, NE-IA",19085,Harrison County,Iowa,"Omaha, NE-IA",36540,2022,328.565,290.8975,37.66750000000002,12.948719050524682
36540,"Omaha, NE-IA",19085,Harrison County,Iowa,"Omaha, NE-IA",36540,2023,352.9225,328.565,24.357500000000016,7.413297216684689
36540,"Omaha, NE-IA",19085,Harrison County,Iowa,"Omaha, NE-IA",36540,2024,368.34125,352.9225,15.418749999999989,4.36887701974229
36540,"Omaha, NE-IA",19085,Harrison County,Iowa,"Omaha, NE-IA",36540,2025,377.2,368.34125,8.858749999999986,2.405038805727022
36540,"Omaha, NE-IA",19129,Mills County,Iowa,"Omaha, NE-IA",36540,2022,328.565,290.8975,37.66750000000002,12.948719050524682
36540,"Omaha, NE-IA",19129,Mills County,Iowa,"Omaha, NE-IA",36540,2023,352.9225,328.565,24.357500000000016,7.413297216684689
36540,"Omaha, NE-IA",19129,Mills County,Iowa,"Omaha, NE-IA",36540,2024,368.34125,352.9225,15.418749999999989,4.36887701974229
36540,"Omaha, NE-IA",19129,Mills County,Iowa,"Omaha, NE-IA",36540,2025,377.2,368.34125,8.858749999999986,2.405038805727022
36540,"Omaha, NE-IA",19155,Pottawattamie County,Iowa,"Omaha, NE-IA",36540,2022,328.565,290.8975,37.66750000000002,12.948719050524682
36540,"Omaha, NE-IA",19155,Pottawattamie County,Iowa,"Omaha, NE-IA",36540,2023,352.9225,328.565,24.357500000000016,7.413297216684689
36540,"Omaha, NE-IA",19155,Pottawattamie County,Iowa,"Omaha, NE-IA",36540,2024,368.34125,352.9225,15.418749999999989,4.36887701974229
36540,"Omaha, NE-IA",19155,Pottawattamie County,Iowa,"Omaha, NE-IA",36540,2025,377.2,368.34125,8.858749999999986,2.405038805727022
36540,"Omaha, NE-IA",31025,Cass County,Nebraska,"Omaha, NE-IA",36540,2022,328.565,290.8975,37.66750000000002,12.948719050524682
36540,"Omaha, NE-IA",31025,Cass County,Nebraska,"Omaha, NE-IA",36540,2023,352.9225,328.565,24.357500000000016,7.413297216684689
36540,"Omaha, NE-IA",31025,Cass County,Nebraska,"Omaha, NE-IA",36540,2024,368.34125,352.9225,15.418749999999989,4.36887701974229
36540,"Omaha, NE-IA",31025,Cass County,Nebraska,"Omaha, NE-IA",36540,2025,377.2,368.34125,8.858749999999986,2.405038805727022
36540,"Omaha, NE-IA",31055,Douglas County,Nebraska,"Omaha, NE-IA",36540,2022,328.565,290.8975,37.66750000000002,12.948719050524682
36540,"Omaha, NE-IA",31055,Douglas County,Nebraska,"Omaha, NE-IA",36540,2023,352.9225,328.565,24.357500000000016,7.413297216684689
36540,"Omaha, NE-IA",31055,Douglas County,Nebraska,"Omaha, NE-IA",36540,2024,368.34125,352.9225,15.418749999999989,4.36887701974229
36540,"Omaha, NE-IA",31055,Douglas County,Nebraska,"Omaha, NE-IA",36540,2025,377.2,368.34125,8.858749999999986,2.405038805727022
36540,"Omaha, NE-IA",31153,Sarpy County,Nebraska,"Omaha, NE-IA",36540,2022,328.565,290.8975,37.66750000000002,12.948719050524682
36540,"Omaha, NE-IA",31153,Sarpy County,Nebraska,"Omaha, NE-IA",36540,2023,352.9225,328.565,24.357500000000016,7.413297216684689
36540,"Omaha, NE-IA",31153,Sarpy County,Nebraska,"Omaha, NE-IA",36540,2024,368.34125,352.9225,15.418749999999989,4.36887701974229
36540,"Omaha, NE-IA",31153,Sarpy County,Nebraska,"Omaha, NE-IA",36540,2025,377.2,368.34125,8.858749999999986,2.405038805727022
36540,"Omaha, NE-IA",31155,Saunders County,Nebraska,"Omaha, NE-IA",36540,2022,328.565,290.8975,37.66750000000002,12.948719050524682
36540,"Omaha, NE-IA",31155,Saunders County,Nebraska,"Omaha, NE-IA",36540,2023,352.9225,328.565,24.357500000000016,7.413297216684689
36540,"Omaha, NE-IA",31155,Saunders County,Nebraska,"Omaha, NE-IA",36540,2024,368.34125,352.9225,15.418749999999989,4.36887701974229
36540,"Omaha, NE-IA",31155,Saunders County,Nebraska,"Omaha, NE-IA",36540,2025,377.2,368.34125,8.858749999999986,2.405038805727022
36540,"Omaha, NE-IA",31177,Washington County,Nebraska,"Omaha, NE-IA",36540,2022,328.565,290.8975,37.66750000000002,12.948719050524682
36540,"Omaha, NE-IA",31177,Washington County,Nebraska,"Omaha, NE-IA",36540,2023,352.9225,328.565,24.357500000000016,7.413297216684689
36540,"Omaha, NE-IA",31177,Washington County,Nebraska,"Omaha, NE-IA",36540,2024,368.34125,352.9225,15.418749999999989,4.36887701974229
36540,"Omaha, NE-IA",31177,Washington County,Nebraska,"Omaha, NE-IA",36540,2025,377.2,368.34125,8.858749999999986,2.405038805727022
36740,"Orlando-Kissimmee-Sanford, FL",12069,Lake County,Florida,"Orlando-Kissimmee-Sanford, FL",36740,2022,417.0733333333333,343.83166666666665,73.24166666666667,21.301605921502297
36740,"Orlando-Kissimmee-Sanford, FL",12069,Lake County,Florida,"Orlando-Kissimmee-Sanford, FL",36740,2023,439.96,417.0733333333333,22.886666666666656,5.487444254407703
36740,"Orlando-Kissimmee-Sanford, FL",12069,Lake County,Florida,"Orlando-Kissimmee-Sanford, FL",36740,2024,462.6141666666667,439.96,22.654166666666697,5.149142346273905
36740,"Orlando-Kissimmee-Sanford, FL",12069,Lake County,Florida,"Orlando-Kissimmee-Sanford, FL",36740,2025,466.2916666666667,462.6141666666667,3.677500000000009,0.7949389069725088
36740,"Orlando-Kissimmee-Sanford, FL",12095,Orange County,Florida,"Orlando-Kissimmee-Sanford, FL",36740,2022,417.0733333333333,343.83166666666665,73.24166666666667,21.301605921502297
36740,"Orlando-Kissimmee-Sanford, FL",12095,Orange County,Florida,"Orlando-Kissimmee-Sanford, FL",36740,2023,439.96,417.0733333333333,22.886666666666656,5.487444254407703
36740,"Orlando-Kissimmee-Sanford, FL",12095,Orange County,Florida,"Orlando-Kissimmee-Sanford, FL",36740,2024,462.6141666666667,439.96,22.654166666666697,5.149142346273905
36740,"Orlando-Kissimmee-Sanford, FL",12095,Orange County,Florida,"Orlando-Kissimmee-Sanford, FL",36740,2025,466.2916666666667,462.6141666666667,3.677500000000009,0.7949389069725088
36740,"Orlando-Kissimmee-Sanford, FL",12097,Osceola County,Florida,"Orlando-Kissimmee-Sanford, FL",36740,2022,417.0733333333333,343.83166666666665,73.24166666666667,21.301605921502297
36740,"Orlando-Kissimmee-Sanford, FL",12097,Osceola County,Florida,"Orlando-Kissimmee-Sanford, FL",36740,2023,439.96,417.0733333333333,22.886666666666656,5.487444254407703
36740,"Orlando-Kissimmee-Sanford, FL",12097,Osceola County,Florida,"Orlando-Kissimmee-Sanford, FL",36740,2024,462.6141666666667,439.96,22.654166666666697,5.149142346273905
36740,"Orlando-Kissimmee-Sanford, FL",12097,Osceola County,Florida,"Orlando-Kissimmee-Sanford, FL",36740,2025,466.2916666666667,462.6141666666667,3.677500000000009,0.7949389069725088
36740,"Orlando-Kissimmee-Sanford, FL",12117,Seminole County,Florida,"Orlando-Kissimmee-Sanford, FL",36740,2022,417.0733333333333,343.83166666666665,73.24166666666667,21.301605921502297
36740,"Orlando-Kissimmee-Sanford, FL",12117,Seminole County,Florida,"Orlando-Kissimmee-Sanford, FL",36740,2023,439.96,417.0733333333333,22.886666666666656,5.487444254407703
36740,"Orlando-Kissimmee-Sanford, FL",12117,Seminole County,Florida,"Orlando-Kissimmee-Sanford, FL",36740,2024,462.6141666666667,439.96,22.654166666666697,5.149142346273905
36740,"Orlando-Kissimmee-Sanford, FL",12117,Seminole County,Florida,"Orlando-Kissimmee-Sanford, FL",36740,2025,466.2916666666667,462.6141666666667,3.677500000000009,0.7949389069725088
36780,"Oshkosh-Neenah, WI",55139,Winnebago County,Wisconsin,"Oshkosh-Neenah, WI",36780,2022,254.22750000000002,220.495,33.732500000000016,15.298532846549806
36780,"Oshkosh-Neenah, WI",55139,Winnebago County,Wisconsin,"Oshkosh-Neenah, WI",36780,2023,281.4475,254.22750000000002,27.21999999999997,10.706945550737036
36780,"Oshkosh-Neenah, WI",55139,Winnebago County,Wisconsin,"Oshkosh-Neenah, WI",36780,2024,306.1275,281.4475,24.680000000000007,8.76895335719805
36780,"Oshkosh-Neenah, WI",55139,Winnebago County,Wisconsin,"Oshkosh-Neenah, WI",36780,2025,319.94500000000005,306.1275,13.817500000000052,4.513642191570533
36980,"Owensboro, KY",21059,Daviess County,Kentucky,"Owensboro, KY",36980,2022,256.3125,227.725,28.587500000000006,12.553518498188598
36980,"Owensboro, KY",21059,Daviess County,Kentucky,"Owensboro, KY",36980,2023,271.3375,256.3125,15.024999999999977,5.861984881736149
36980,"Owensboro, KY",21059,Daviess County,Kentucky,"Owensboro, KY",36980,2024,289.73249999999996,271.3375,18.394999999999982,6.779379923526974
36980,"Owensboro, KY",21059,Daviess County,Kentucky,"Owensboro, KY",36980,2025,295.96000000000004,289.73249999999996,6.227500000000077,2.1493964260136833
36980,"Owensboro, KY",21149,McLean County,Kentucky,"Owensboro, KY",36980,2022,256.3125,227.725,28.587500000000006,12.553518498188598
36980,"Owensboro, KY",21149,McLean County,Kentucky,"Owensboro, KY",36980,2023,271.3375,256.3125,15.024999999999977,5.861984881736149
36980,"Owensboro, KY",21149,McLean County,Kentucky,"Owensboro, KY",36980,2024,289.73249999999996,271.3375,18.394999999999982,6.779379923526974
36980,"Owensboro, KY",21149,McLean County,Kentucky,"Owensboro, KY",36980,2025,295.96000000000004,289.73249999999996,6.227500000000077,2.1493964260136833
37100,"Oxnard-Thousand Oaks-Ventura, CA",06111,Ventura County,California,"Oxnard-Thousand Oaks-Ventura, CA",37100,2022,404.8725,360.17375,44.69875000000002,12.410329736689585
37100,"Oxnard-Thousand Oaks-Ventura, CA",06111,Ventura County,California,"Oxnard-Thousand Oaks-Ventura, CA",37100,2023,417.5375,404.8725,12.66500000000002,3.1281452803042953
37100,"Oxnard-Thousand Oaks-Ventura, CA",06111,Ventura County,California,"Oxnard-Thousand Oaks-Ventura, CA",37100,2024,438.69,417.5375,21.152499999999975,5.066012034847156
37100,"Oxnard-Thousand Oaks-Ventura, CA",06111,Ventura County,California,"Oxnard-Thousand Oaks-Ventura, CA",37100,2025,450.0325,438.69,11.34250000000003,2.5855387631356974
37140,"Paducah, KY-IL",17127,Massac County,Illinois,"Paducah, KY-IL",37140,2022,236.01,207.1525,28.857499999999987,13.930558405039761
37140,"Paducah, KY-IL",17127,Massac County,Illinois,"Paducah, KY-IL",37140,2023,257.0125,236.01,21.002499999999998,8.898987331045305
37140,"Paducah, KY-IL",17127,Massac County,Illinois,"Paducah, KY-IL",37140,2024,264.71,257.0125,7.697499999999991,2.9949905160254753
37140,"Paducah, KY-IL",17127,Massac County,Illinois,"Paducah, KY-IL",37140,2025,270.3,264.71,5.590000000000032,2.1117449284122403
37140,"Paducah, KY-IL",21007,Ballard County,Kentucky,"Paducah, KY-IL",37140,2022,236.01,207.1525,28.857499999999987,13.930558405039761
37140,"Paducah, KY-IL",21007,Ballard County,Kentucky,"Paducah, KY-IL",37140,2023,257.0125,236.01,21.002499999999998,8.898987331045305
37140,"Paducah, KY-IL",21007,Ballard County,Kentucky,"Paducah, KY-IL",37140,2024,264.71,257.0125,7.697499999999991,2.9949905160254753
37140,"Paducah, KY-IL",21007,Ballard County,Kentucky,"Paducah, KY-IL",37140,2025,270.3,264.71,5.590000000000032,2.1117449284122403
37140,"Paducah, KY-IL",21039,Carlisle County,Kentucky,"Paducah, KY-IL",37140,2022,236.01,207.1525,28.857499999999987,13.930558405039761
37140,"Paducah, KY-IL",21039,Carlisle County,Kentucky,"Paducah, KY-IL",37140,2023,257.0125,236.01,21.002499999999998,8.898987331045305
37140,"Paducah, KY-IL",21039,Carlisle County,Kentucky,"Paducah, KY-IL",37140,2024,264.71,257.0125,7.697499999999991,2.9949905160254753
37140,"Paducah, KY-IL",21039,Carlisle County,Kentucky,"Paducah, KY-IL",37140,2025,270.3,264.71,5.590000000000032,2.1117449284122403
37140,"Paducah, KY-IL",21139,Livingston County,Kentucky,"Paducah, KY-IL",37140,2022,236.01,207.1525,28.857499999999987,13.930558405039761
37140,"Paducah, KY-IL",21139,Livingston County,Kentucky,"Paducah, KY-IL",37140,2023,257.0125,236.01,21.002499999999998,8.898987331045305
37140,"Paducah, KY-IL",21139,Livingston County,Kentucky,"Paducah, KY-IL",37140,2024,264.71,257.0125,7.697499999999991,2.9949905160254753
37140,"Paducah, KY-IL",21139,Livingston County,Kentucky,"Paducah, KY-IL",37140,2025,270.3,264.71,5.590000000000032,2.1117449284122403
37140,"Paducah, KY-IL",21145,McCracken County,Kentucky,"Paducah, KY-IL",37140,2022,236.01,207.1525,28.857499999999987,13.930558405039761
37140,"Paducah, KY-IL",21145,McCracken County,Kentucky,"Paducah, KY-IL",37140,2023,257.0125,236.01,21.002499999999998,8.898987331045305
37140,"Paducah, KY-IL",21145,McCracken County,Kentucky,"Paducah, KY-IL",37140,2024,264.71,257.0125,7.697499999999991,2.9949905160254753
37140,"Paducah, KY-IL",21145,McCracken County,Kentucky,"Paducah, KY-IL",37140,2025,270.3,264.71,5.590000000000032,2.1117449284122403
37340,"Palm Bay-Melbourne-Titusville, FL",12009,Brevard County,Florida,"Palm Bay-Melbourne-Titusville, FL",37340,2022,417.67,334.8375,82.83250000000004,24.738119236943312
37340,"Palm Bay-Melbourne-Titusville, FL",12009,Brevard County,Florida,"Palm Bay-Melbourne-Titusville, FL",37340,2023,442.82,417.67,25.149999999999977,6.021500227452292
37340,"Palm Bay-Melbourne-Titusville, FL",12009,Brevard County,Florida,"Palm Bay-Melbourne-Titusville, FL",37340,2024,452.055,442.82,9.235000000000014,2.085497493338151
37340,"Palm Bay-Melbourne-Titusville, FL",12009,Brevard County,Florida,"Palm Bay-Melbourne-Titusville, FL",37340,2025,451.09000000000003,452.055,-0.964999999999975,-0.21346959993805426
37460,"Panama City-Panama City Beach, FL",12005,Bay County,Florida,"Panama City-Panama City Beach, FL",37460,2022,372.63,308.9525,63.67750000000001,20.610773500780866
37460,"Panama City-Panama City Beach, FL",12005,Bay County,Florida,"Panama City-Panama City Beach, FL",37460,2023,401.9075,372.63,29.277500000000032,7.856989507017698
37460,"Panama City-Panama City Beach, FL",12005,Bay County,Florida,"Panama City-Panama City Beach, FL",37460,2024,405.97,401.9075,4.0625,1.0108047249678176
37460,"Panama City-Panama City Beach, FL",12005,Bay County,Florida,"Panama City-Panama City Beach, FL",37460,2025,406.91499999999996,405.97,0.9449999999999363,0.23277582087344317
37460,"Panama City-Panama City Beach, FL",12133,Washington County,Florida,"Panama City-Panama City Beach, FL",37460,2022,372.63,308.9525,63.67750000000001,20.610773500780866
37460,"Panama City-Panama City Beach, FL",12133,Washington County,Florida,"Panama City-Panama City Beach, FL",37460,2023,401.9075,372.63,29.277500000000032,7.856989507017698
37460,"Panama City-Panama City Beach, FL",12133,Washington County,Florida,"Panama City-Panama City Beach, FL",37460,2024,405.97,401.9075,4.0625,1.0108047249678176
37460,"Panama City-Panama City Beach, FL",12133,Washington County,Florida,"Panama City-Panama City Beach, FL",37460,2025,406.91499999999996,405.97,0.9449999999999363,0.23277582087344317
37620,"Parkersburg-Vienna, WV",54105,Wirt County,West Virginia,"Parkersburg-Vienna, WV",37620,2022,232.995,209.2025,23.792500000000018,11.372952044072138
37620,"Parkersburg-Vienna, WV",54105,Wirt County,West Virginia,"Parkersburg-Vienna, WV",37620,2023,246.665,232.995,13.669999999999987,5.867078692675798
37620,"Parkersburg-Vienna, WV",54105,Wirt County,West Virginia,"Parkersburg-Vienna, WV",37620,2024,261.8325,246.665,15.16749999999999,6.149028033973192
37620,"Parkersburg-Vienna, WV",54105,Wirt County,West Virginia,"Parkersburg-Vienna, WV",37620,2025,265.885,261.8325,4.052500000000009,1.5477452187944607
37620,"Parkersburg-Vienna, WV",54107,Wood County,West Virginia,"Parkersburg-Vienna, WV",37620,2022,232.995,209.2025,23.792500000000018,11.372952044072138
37620,"Parkersburg-Vienna, WV",54107,Wood County,West Virginia,"Parkersburg-Vienna, WV",37620,2023,246.665,232.995,13.669999999999987,5.867078692675798
37620,"Parkersburg-Vienna, WV",54107,Wood County,West Virginia,"Parkersburg-Vienna, WV",37620,2024,261.8325,246.665,15.16749999999999,6.149028033973192
37620,"Parkersburg-Vienna, WV",54107,Wood County,West Virginia,"Parkersburg-Vienna, WV",37620,2025,265.885,261.8325,4.052500000000009,1.5477452187944607
37860,"Pensacola-Ferry Pass-Brent, FL",12033,Escambia County,Florida,"Pensacola-Ferry Pass-Brent, FL",37860,2022,371.90999999999997,307.2125,64.69749999999999,21.059527200227855
37860,"Pensacola-Ferry Pass-Brent, FL",12033,Escambia County,Florida,"Pensacola-Ferry Pass-Brent, FL",37860,2023,387.895,371.90999999999997,15.985000000000014,4.298082869511455
37860,"Pensacola-Ferry Pass-Brent, FL",12033,Escambia County,Florida,"Pensacola-Ferry Pass-Brent, FL",37860,2024,405.4225,387.895,17.527500000000032,4.518619729565998
37860,"Pensacola-Ferry Pass-Brent, FL",12033,Escambia County,Florida,"Pensacola-Ferry Pass-Brent, FL",37860,2025,412.35,405.4225,6.927500000000009,1.7087112826742468
37860,"Pensacola-Ferry Pass-Brent, FL",12113,Santa Rosa County,Florida,"Pensacola-Ferry Pass-Brent, FL",37860,2022,371.90999999999997,307.2125,64.69749999999999,21.059527200227855
37860,"Pensacola-Ferry Pass-Brent, FL",12113,Santa Rosa County,Florida,"Pensacola-Ferry Pass-Brent, FL",37860,2023,387.895,371.90999999999997,15.985000000000014,4.298082869511455
37860,"Pensacola-Ferry Pass-Brent, FL",12113,Santa Rosa County,Florida,"Pensacola-Ferry Pass-Brent, FL",37860,2024,405.4225,387.895,17.527500000000032,4.518619729565998
37860,"Pensacola-Ferry Pass-Brent, FL",12113,Santa Rosa County,Florida,"Pensacola-Ferry Pass-Brent, FL",37860,2025,412.35,405.4225,6.927500000000009,1.7087112826742468
37900,"Peoria, IL",17123,Marshall County,Illinois,"Peoria, IL",37900,2022,200.9475,182.1525,18.794999999999987,10.318277267674048
37900,"Peoria, IL",17123,Marshall County,Illinois,"Peoria, IL",37900,2023,216.645,200.9475,15.69750000000002,7.811741872877254
37900,"Peoria, IL",17123,Marshall County,Illinois,"Peoria, IL",37900,2024,231.16,216.645,14.514999999999986,6.699900759306687
37900,"Peoria, IL",17123,Marshall County,Illinois,"Peoria, IL",37900,2025,243.35500000000002,231.16,12.195000000000022,5.275566707042745
37900,"Peoria, IL",17143,Peoria County,Illinois,"Peoria, IL",37900,2022,200.9475,182.1525,18.794999999999987,10.318277267674048
37900,"Peoria, IL",17143,Peoria County,Illinois,"Peoria, IL",37900,2023,216.645,200.9475,15.69750000000002,7.811741872877254
37900,"Peoria, IL",17143,Peoria County,Illinois,"Peoria, IL",37900,2024,231.16,216.645,14.514999999999986,6.699900759306687
37900,"Peoria, IL",17143,Peoria County,Illinois,"Peoria, IL",37900,2025,243.35500000000002,231.16,12.195000000000022,5.275566707042745
37900,"Peoria, IL",17175,Stark County,Illinois,"Peoria, IL",37900,2022,200.9475,182.1525,18.794999999999987,10.318277267674048
37900,"Peoria, IL",17175,Stark County,Illinois,"Peoria, IL",37900,2023,216.645,200.9475,15.69750000000002,7.811741872877254
37900,"Peoria, IL",17175,Stark County,Illinois,"Peoria, IL",37900,2024,231.16,216.645,14.514999999999986,6.699900759306687
37900,"Peoria, IL",17175,Stark County,Illinois,"Peoria, IL",37900,2025,243.35500000000002,231.16,12.195000000000022,5.275566707042745
37900,"Peoria, IL",17179,Tazewell County,Illinois,"Peoria, IL",37900,2022,200.9475,182.1525,18.794999999999987,10.318277267674048
37900,"Peoria, IL",17179,Tazewell County,Illinois,"Peoria, IL",37900,2023,216.645,200.9475,15.69750000000002,7.811741872877254
37900,"Peoria, IL",17179,Tazewell County,Illinois,"Peoria, IL",37900,2024,231.16,216.645,14.514999999999986,6.699900759306687
37900,"Peoria, IL",17179,Tazewell County,Illinois,"Peoria, IL",37900,2025,243.35500000000002,231.16,12.195000000000022,5.275566707042745
37900,"Peoria, IL",17203,Woodford County,Illinois,"Peoria, IL",37900,2022,200.9475,182.1525,18.794999999999987,10.318277267674048
37900,"Peoria, IL",17203,Woodford County,Illinois,"Peoria, IL",37900,2023,216.645,200.9475,15.69750000000002,7.811741872877254
37900,"Peoria, IL",17203,Woodford County,Illinois,"Peoria, IL",37900,2024,231.16,216.645,14.514999999999986,6.699900759306687
37900,"Peoria, IL",17203,Woodford County,Illinois,"Peoria, IL",37900,2025,243.35500000000002,231.16,12.195000000000022,5.275566707042745
38060,"Phoenix-Mesa-Chandler, AZ",04013,Maricopa County,Arizona,"Phoenix-Mesa-Chandler, AZ",38060,2022,546.84375,464.065625,82.77812499999999,17.837590319257114
38060,"Phoenix-Mesa-Chandler, AZ",04013,Maricopa County,Arizona,"Phoenix-Mesa-Chandler, AZ",38060,2023,545.941875,546.84375,-0.9018750000000182,-0.16492370992629013
38060,"Phoenix-Mesa-Chandler, AZ",04013,Maricopa County,Arizona,"Phoenix-Mesa-Chandler, AZ",38060,2024,569.665,545.941875,23.723124999999982,4.345357278190098
38060,"Phoenix-Mesa-Chandler, AZ",04013,Maricopa County,Arizona,"Phoenix-Mesa-Chandler, AZ",38060,2025,574.145,569.665,4.480000000000018,0.786427110670318
38060,"Phoenix-Mesa-Chandler, AZ",04021,Pinal County,Arizona,"Phoenix-Mesa-Chandler, AZ",38060,2022,546.84375,464.065625,82.77812499999999,17.837590319257114
38060,"Phoenix-Mesa-Chandler, AZ",04021,Pinal County,Arizona,"Phoenix-Mesa-Chandler, AZ",38060,2023,545.941875,546.84375,-0.9018750000000182,-0.16492370992629013
38060,"Phoenix-Mesa-Chandler, AZ",04021,Pinal County,Arizona,"Phoenix-Mesa-Chandler, AZ",38060,2024,569.665,545.941875,23.723124999999982,4.345357278190098
38060,"Phoenix-Mesa-Chandler, AZ",04021,Pinal County,Arizona,"Phoenix-Mesa-Chandler, AZ",38060,2025,574.145,569.665,4.480000000000018,0.786427110670318
38240,"Pinehurst-Southern Pines, NC",37125,Moore County,North Carolina,"Pinehurst-Southern Pines, NC",38240,2022,298.3825,244.45749999999998,53.92500000000001,22.059049118967522
38240,"Pinehurst-Southern Pines, NC",37125,Moore County,North Carolina,"Pinehurst-Southern Pines, NC",38240,2023,332.2625,298.3825,33.879999999999995,11.354553299875159
38240,"Pinehurst-Southern Pines, NC",37125,Moore County,North Carolina,"Pinehurst-Southern Pines, NC",38240,2024,359.2575,332.2625,26.995000000000005,8.124600278394345
38240,"Pinehurst-Southern Pines, NC",37125,Moore County,North Carolina,"Pinehurst-Southern Pines, NC",38240,2025,372.63,359.2575,13.372500000000002,3.7222604956055116
38300,"Pittsburgh, PA",42003,Allegheny County,Pennsylvania,"Pittsburgh, PA",38300,2022,307.7525,282.12,25.632499999999993,9.085672763363096
38300,"Pittsburgh, PA",42003,Allegheny County,Pennsylvania,"Pittsburgh, PA",38300,2023,324.31416666666667,307.7525,16.561666666666667,5.381488912898091
38300,"Pittsburgh, PA",42003,Allegheny County,Pennsylvania,"Pittsburgh, PA",38300,2024,343.7308333333333,324.31416666666667,19.41666666666663,5.98699306485222
38300,"Pittsburgh, PA",42003,Allegheny County,Pennsylvania,"Pittsburgh, PA",38300,2025,357.25,343.7308333333333,13.519166666666706,3.933067783173372
38300,"Pittsburgh, PA",42005,Armstrong County,Pennsylvania,"Pittsburgh, PA",38300,2022,307.7525,282.12,25.632499999999993,9.085672763363096
38300,"Pittsburgh, PA",42005,Armstrong County,Pennsylvania,"Pittsburgh, PA",38300,2023,324.31416666666667,307.7525,16.561666666666667,5.381488912898091
38300,"Pittsburgh, PA",42005,Armstrong County,Pennsylvania,"Pittsburgh, PA",38300,2024,343.7308333333333,324.31416666666667,19.41666666666663,5.98699306485222
38300,"Pittsburgh, PA",42005,Armstrong County,Pennsylvania,"Pittsburgh, PA",38300,2025,357.25,343.7308333333333,13.519166666666706,3.933067783173372
38300,"Pittsburgh, PA",42007,Beaver County,Pennsylvania,"Pittsburgh, PA",38300,2022,307.7525,282.12,25.632499999999993,9.085672763363096
38300,"Pittsburgh, PA",42007,Beaver County,Pennsylvania,"Pittsburgh, PA",38300,2023,324.31416666666667,307.7525,16.561666666666667,5.381488912898091
38300,"Pittsburgh, PA",42007,Beaver County,Pennsylvania,"Pittsburgh, PA",38300,2024,343.7308333333333,324.31416666666667,19.41666666666663,5.98699306485222
38300,"Pittsburgh, PA",42007,Beaver County,Pennsylvania,"Pittsburgh, PA",38300,2025,357.25,343.7308333333333,13.519166666666706,3.933067783173372
38300,"Pittsburgh, PA",42019,Butler County,Pennsylvania,"Pittsburgh, PA",38300,2022,307.7525,282.12,25.632499999999993,9.085672763363096
38300,"Pittsburgh, PA",42019,Butler County,Pennsylvania,"Pittsburgh, PA",38300,2023,324.31416666666667,307.7525,16.561666666666667,5.381488912898091
38300,"Pittsburgh, PA",42019,Butler County,Pennsylvania,"Pittsburgh, PA",38300,2024,343.7308333333333,324.31416666666667,19.41666666666663,5.98699306485222
38300,"Pittsburgh, PA",42019,Butler County,Pennsylvania,"Pittsburgh, PA",38300,2025,357.25,343.7308333333333,13.519166666666706,3.933067783173372
38300,"Pittsburgh, PA",42051,Fayette County,Pennsylvania,"Pittsburgh, PA",38300,2022,307.7525,282.12,25.632499999999993,9.085672763363096
38300,"Pittsburgh, PA",42051,Fayette County,Pennsylvania,"Pittsburgh, PA",38300,2023,324.31416666666667,307.7525,16.561666666666667,5.381488912898091
38300,"Pittsburgh, PA",42051,Fayette County,Pennsylvania,"Pittsburgh, PA",38300,2024,343.7308333333333,324.31416666666667,19.41666666666663,5.98699306485222
38300,"Pittsburgh, PA",42051,Fayette County,Pennsylvania,"Pittsburgh, PA",38300,2025,357.25,343.7308333333333,13.519166666666706,3.933067783173372
38300,"Pittsburgh, PA",42073,Lawrence County,Pennsylvania,"Pittsburgh, PA",38300,2022,307.7525,282.12,25.632499999999993,9.085672763363096
38300,"Pittsburgh, PA",42073,Lawrence County,Pennsylvania,"Pittsburgh, PA",38300,2023,324.31416666666667,307.7525,16.561666666666667,5.381488912898091
38300,"Pittsburgh, PA",42073,Lawrence County,Pennsylvania,"Pittsburgh, PA",38300,2024,343.7308333333333,324.31416666666667,19.41666666666663,5.98699306485222
38300,"Pittsburgh, PA",42073,Lawrence County,Pennsylvania,"Pittsburgh, PA",38300,2025,357.25,343.7308333333333,13.519166666666706,3.933067783173372
38300,"Pittsburgh, PA",42125,Washington County,Pennsylvania,"Pittsburgh, PA",38300,2022,307.7525,282.12,25.632499999999993,9.085672763363096
38300,"Pittsburgh, PA",42125,Washington County,Pennsylvania,"Pittsburgh, PA",38300,2023,324.31416666666667,307.7525,16.561666666666667,5.381488912898091
38300,"Pittsburgh, PA",42125,Washington County,Pennsylvania,"Pittsburgh, PA",38300,2024,343.7308333333333,324.31416666666667,19.41666666666663,5.98699306485222
38300,"Pittsburgh, PA",42125,Washington County,Pennsylvania,"Pittsburgh, PA",38300,2025,357.25,343.7308333333333,13.519166666666706,3.933067783173372
38300,"Pittsburgh, PA",42129,Westmoreland County,Pennsylvania,"Pittsburgh, PA",38300,2022,307.7525,282.12,25.632499999999993,9.085672763363096
38300,"Pittsburgh, PA",42129,Westmoreland County,Pennsylvania,"Pittsburgh, PA",38300,2023,324.31416666666667,307.7525,16.561666666666667,5.381488912898091
38300,"Pittsburgh, PA",42129,Westmoreland County,Pennsylvania,"Pittsburgh, PA",38300,2024,343.7308333333333,324.31416666666667,19.41666666666663,5.98699306485222
38300,"Pittsburgh, PA",42129,Westmoreland County,Pennsylvania,"Pittsburgh, PA",38300,2025,357.25,343.7308333333333,13.519166666666706,3.933067783173372
38340,"Pittsfield, MA",25003,Berkshire County,Massachusetts,"Pittsfield, MA",38340,2022,314.3525,271.1675,43.185,15.925581052301618
38340,"Pittsfield, MA",25003,Berkshire County,Massachusetts,"Pittsfield, MA",38340,2023,343.745,314.3525,29.392499999999984,9.350172179320971
38340,"Pittsfield, MA",25003,Berkshire County,Massachusetts,"Pittsfield, MA",38340,2024,374.0075,343.745,30.26249999999999,8.803764418391546
38340,"Pittsfield, MA",25003,Berkshire County,Massachusetts,"Pittsfield, MA",38340,2025,374.68,374.0075,0.6725000000000136,0.1798092284245767
38540,"Pocatello, ID",16005,Bannock County,Idaho,"Pocatello, ID",38540,2022,385.2875,317.02250000000004,68.26499999999999,21.533171935745887
38540,"Pocatello, ID",16005,Bannock County,Idaho,"Pocatello, ID",38540,2023,389.0125,385.2875,3.724999999999966,0.9668104986535919
38540,"Pocatello, ID",16005,Bannock County,Idaho,"Pocatello, ID",38540,2024,409.28999999999996,389.0125,20.277499999999975,5.21255743710034
38540,"Pocatello, ID",16005,Bannock County,Idaho,"Pocatello, ID",38540,2025,420.43,409.28999999999996,11.140000000000043,2.7217865083437376
38860,"Portland-South Portland, ME",23005,Cumberland County,Maine,"Portland-South Portland, ME",38860,2022,405.0725,342.955,62.11750000000001,18.112434575964787
38860,"Portland-South Portland, ME",23005,Cumberland County,Maine,"Portland-South Portland, ME",38860,2023,445.8925,405.0725,40.81999999999999,10.077208400965265
38860,"Portland-South Portland, ME",23005,Cumberland County,Maine,"Portland-South Portland, ME",38860,2024,476.385,445.8925,30.492500000000007,6.838531708876028
38860,"Portland-South Portland, ME",23005,Cumberland County,Maine,"Portland-South Portland, ME",38860,2025,496.31,476.385,19.92500000000001,4.182541431825104
38860,"Portland-South Portland, ME",23023,Sagadahoc County,Maine,"Portland-South Portland, ME",38860,2022,405.0725,342.955,62.11750000000001,18.112434575964787
38860,"Portland-South Portland, ME",23023,Sagadahoc County,Maine,"Portland-South Portland, ME",38860,2023,445.8925,405.0725,40.81999999999999,10.077208400965265
38860,"Portland-South Portland, ME",23023,Sagadahoc County,Maine,"Portland-South Portland, ME",38860,2024,476.385,445.8925,30.492500000000007,6.838531708876028
38860,"Portland-South Portland, ME",23023,Sagadahoc County,Maine,"Portland-South Portland, ME",38860,2025,496.31,476.385,19.92500000000001,4.182541431825104
38860,"Portland-South Portland, ME",23031,York County,Maine,"Portland-South Portland, ME",38860,2022,405.0725,342.955,62.11750000000001,18.112434575964787
38860,"Portland-South Portland, ME",23031,York County,Maine,"Portland-South Portland, ME",38860,2023,445.8925,405.0725,40.81999999999999,10.077208400965265
38860,"Portland-South Portland, ME",23031,York County,Maine,"Portland-South Portland, ME",38860,2024,476.385,445.8925,30.492500000000007,6.838531708876028
38860,"Portland-South Portland, ME",23031,York County,Maine,"Portland-South Portland, ME",38860,2025,496.31,476.385,19.92500000000001,4.182541431825104
38900,"Portland-Vancouver-Hillsboro, OR-WA",41005,Clackamas County,Oregon,"Portland-Vancouver-Hillsboro, OR-WA",38900,2022,567.7433333333333,516.5475,51.195833333333326,9.911156928130204
38900,"Portland-Vancouver-Hillsboro, OR-WA",41005,Clackamas County,Oregon,"Portland-Vancouver-Hillsboro, OR-WA",38900,2023,565.5308333333334,567.7433333333333,-2.2124999999999773,-0.3897007450549772
38900,"Portland-Vancouver-Hillsboro, OR-WA",41005,Clackamas County,Oregon,"Portland-Vancouver-Hillsboro, OR-WA",38900,2024,580.0575,565.5308333333334,14.526666666666642,2.5686781003688264
38900,"Portland-Vancouver-Hillsboro, OR-WA",41005,Clackamas County,Oregon,"Portland-Vancouver-Hillsboro, OR-WA",38900,2025,592.1683333333334,580.0575,12.110833333333403,2.0878677257570866
38900,"Portland-Vancouver-Hillsboro, OR-WA",41009,Columbia County,Oregon,"Portland-Vancouver-Hillsboro, OR-WA",38900,2022,567.7433333333333,516.5475,51.195833333333326,9.911156928130204
38900,"Portland-Vancouver-Hillsboro, OR-WA",41009,Columbia County,Oregon,"Portland-Vancouver-Hillsboro, OR-WA",38900,2023,565.5308333333334,567.7433333333333,-2.2124999999999773,-0.3897007450549772
38900,"Portland-Vancouver-Hillsboro, OR-WA",41009,Columbia County,Oregon,"Portland-Vancouver-Hillsboro, OR-WA",38900,2024,580.0575,565.5308333333334,14.526666666666642,2.5686781003688264
38900,"Portland-Vancouver-Hillsboro, OR-WA",41009,Columbia County,Oregon,"Portland-Vancouver-Hillsboro, OR-WA",38900,2025,592.1683333333334,580.0575,12.110833333333403,2.0878677257570866
38900,"Portland-Vancouver-Hillsboro, OR-WA",41051,Multnomah County,Oregon,"Portland-Vancouver-Hillsboro, OR-WA",38900,2022,567.7433333333333,516.5475,51.195833333333326,9.911156928130204
38900,"Portland-Vancouver-Hillsboro, OR-WA",41051,Multnomah County,Oregon,"Portland-Vancouver-Hillsboro, OR-WA",38900,2023,565.5308333333334,567.7433333333333,-2.2124999999999773,-0.3897007450549772
38900,"Portland-Vancouver-Hillsboro, OR-WA",41051,Multnomah County,Oregon,"Portland-Vancouver-Hillsboro, OR-WA",38900,2024,580.0575,565.5308333333334,14.526666666666642,2.5686781003688264
38900,"Portland-Vancouver-Hillsboro, OR-WA",41051,Multnomah County,Oregon,"Portland-Vancouver-Hillsboro, OR-WA",38900,2025,592.1683333333334,580.0575,12.110833333333403,2.0878677257570866
38900,"Portland-Vancouver-Hillsboro, OR-WA",41067,Washington County,Oregon,"Portland-Vancouver-Hillsboro, OR-WA",38900,2022,567.7433333333333,516.5475,51.195833333333326,9.911156928130204
38900,"Portland-Vancouver-Hillsboro, OR-WA",41067,Washington County,Oregon,"Portland-Vancouver-Hillsboro, OR-WA",38900,2023,565.5308333333334,567.7433333333333,-2.2124999999999773,-0.3897007450549772
38900,"Portland-Vancouver-Hillsboro, OR-WA",41067,Washington County,Oregon,"Portland-Vancouver-Hillsboro, OR-WA",38900,2024,580.0575,565.5308333333334,14.526666666666642,2.5686781003688264
38900,"Portland-Vancouver-Hillsboro, OR-WA",41067,Washington County,Oregon,"Portland-Vancouver-Hillsboro, OR-WA",38900,2025,592.1683333333334,580.0575,12.110833333333403,2.0878677257570866
38900,"Portland-Vancouver-Hillsboro, OR-WA",41071,Yamhill County,Oregon,"Portland-Vancouver-Hillsboro, OR-WA",38900,2022,567.7433333333333,516.5475,51.195833333333326,9.911156928130204
38900,"Portland-Vancouver-Hillsboro, OR-WA",41071,Yamhill County,Oregon,"Portland-Vancouver-Hillsboro, OR-WA",38900,2023,565.5308333333334,567.7433333333333,-2.2124999999999773,-0.3897007450549772
38900,"Portland-Vancouver-Hillsboro, OR-WA",41071,Yamhill County,Oregon,"Portland-Vancouver-Hillsboro, OR-WA",38900,2024,580.0575,565.5308333333334,14.526666666666642,2.5686781003688264
38900,"Portland-Vancouver-Hillsboro, OR-WA",41071,Yamhill County,Oregon,"Portland-Vancouver-Hillsboro, OR-WA",38900,2025,592.1683333333334,580.0575,12.110833333333403,2.0878677257570866
38900,"Portland-Vancouver-Hillsboro, OR-WA",53011,Clark County,Washington,"Portland-Vancouver-Hillsboro, OR-WA",38900,2022,567.7433333333333,516.5475,51.195833333333326,9.911156928130204
38900,"Portland-Vancouver-Hillsboro, OR-WA",53011,Clark County,Washington,"Portland-Vancouver-Hillsboro, OR-WA",38900,2023,565.5308333333334,567.7433333333333,-2.2124999999999773,-0.3897007450549772
38900,"Portland-Vancouver-Hillsboro, OR-WA",53011,Clark County,Washington,"Portland-Vancouver-Hillsboro, OR-WA",38900,2024,580.0575,565.5308333333334,14.526666666666642,2.5686781003688264
38900,"Portland-Vancouver-Hillsboro, OR-WA",53011,Clark County,Washington,"Portland-Vancouver-Hillsboro, OR-WA",38900,2025,592.1683333333334,580.0575,12.110833333333403,2.0878677257570866
38900,"Portland-Vancouver-Hillsboro, OR-WA",53059,Skamania County,Washington,"Portland-Vancouver-Hillsboro, OR-WA",38900,2022,567.7433333333333,516.5475,51.195833333333326,9.911156928130204
38900,"Portland-Vancouver-Hillsboro, OR-WA",53059,Skamania County,Washington,"Portland-Vancouver-Hillsboro, OR-WA",38900,2023,565.5308333333334,567.7433333333333,-2.2124999999999773,-0.3897007450549772
38900,"Portland-Vancouver-Hillsboro, OR-WA",53059,Skamania County,Washington,"Portland-Vancouver-Hillsboro, OR-WA",38900,2024,580.0575,565.5308333333334,14.526666666666642,2.5686781003688264
38900,"Portland-Vancouver-Hillsboro, OR-WA",53059,Skamania County,Washington,"Portland-Vancouver-Hillsboro, OR-WA",38900,2025,592.1683333333334,580.0575,12.110833333333403,2.0878677257570866
38940,"Port St. Lucie, FL",12085,Martin County,Florida,"Port St. Lucie, FL",38940,2022,426.8575,339.12,87.73750000000001,25.872110167492334
38940,"Port St. Lucie, FL",12085,Martin County,Florida,"Port St. Lucie, FL",38940,2023,455.18,426.8575,28.32249999999999,6.635118277176799
38940,"Port St. Lucie, FL",12085,Martin County,Florida,"Port St. Lucie, FL",38940,2024,470.8025,455.18,15.622500000000002,3.432158706445798
38940,"Port St. Lucie, FL",12085,Martin County,Florida,"Port St. Lucie, FL",38940,2025,471.445,470.8025,0.6424999999999841,0.13646911390656769
38940,"Port St. Lucie, FL",12111,St. Lucie County,Florida,"Port St. Lucie, FL",38940,2022,426.8575,339.12,87.73750000000001,25.872110167492334
38940,"Port St. Lucie, FL",12111,St. Lucie County,Florida,"Port St. Lucie, FL",38940,2023,455.18,426.8575,28.32249999999999,6.635118277176799
38940,"Port St. Lucie, FL",12111,St. Lucie County,Florida,"Port St. Lucie, FL",38940,2024,470.8025,455.18,15.622500000000002,3.432158706445798
38940,"Port St. Lucie, FL",12111,St. Lucie County,Florida,"Port St. Lucie, FL",38940,2025,471.445,470.8025,0.6424999999999841,0.13646911390656769
39150,"Prescott Valley-Prescott, AZ",04025,Yavapai County,Arizona,"Prescott Valley-Prescott, AZ",39150,2022,401.8375,336.4675,65.37,19.428325172564964
39150,"Prescott Valley-Prescott, AZ",04025,Yavapai County,Arizona,"Prescott Valley-Prescott, AZ",39150,2023,410.82,401.8375,8.982500000000016,2.2353563318505687
39150,"Prescott Valley-Prescott, AZ",04025,Yavapai County,Arizona,"Prescott Valley-Prescott, AZ",39150,2024,428.1975,410.82,17.377499999999998,4.229954724696938
39150,"Prescott Valley-Prescott, AZ",04025,Yavapai County,Arizona,"Prescott Valley-Prescott, AZ",39150,2025,439.48,428.1975,11.282500000000027,2.6348822681122597
39300,"Providence-Warwick, RI-MA",25005,Bristol County,Massachusetts,"Providence-Warwick, RI-MA",39300,2022,357.1366666666667,317.9291666666667,39.20750000000004,12.332149456771035
39300,"Providence-Warwick, RI-MA",25005,Bristol County,Massachusetts,"Providence-Warwick, RI-MA",39300,2023,384.82750000000004,357.1366666666667,27.69083333333333,7.753567728507282
39300,"Providence-Warwick, RI-MA",25005,Bristol County,Massachusetts,"Providence-Warwick, RI-MA",39300,2024,417.7516666666667,384.82750000000004,32.92416666666668,8.555564939269322
39300,"Providence-Warwick, RI-MA",25005,Bristol County,Massachusetts,"Providence-Warwick, RI-MA",39300,2025,438.8883333333333,417.7516666666667,21.1366666666666,5.059624737184354
39300,"Providence-Warwick, RI-MA",44001,Bristol County,Rhode Island,"Providence-Warwick, RI-MA",39300,2022,357.1366666666667,317.9291666666667,39.20750000000004,12.332149456771035
39300,"Providence-Warwick, RI-MA",44001,Bristol County,Rhode Island,"Providence-Warwick, RI-MA",39300,2023,384.82750000000004,357.1366666666667,27.69083333333333,7.753567728507282
39300,"Providence-Warwick, RI-MA",44001,Bristol County,Rhode Island,"Providence-Warwick, RI-MA",39300,2024,417.7516666666667,384.82750000000004,32.92416666666668,8.555564939269322
39300,"Providence-Warwick, RI-MA",44001,Bristol County,Rhode Island,"Providence-Warwick, RI-MA",39300,2025,438.8883333333333,417.7516666666667,21.1366666666666,5.059624737184354
39300,"Providence-Warwick, RI-MA",44003,Kent County,Rhode Island,"Providence-Warwick, RI-MA",39300,2022,357.1366666666667,317.9291666666667,39.20750000000004,12.332149456771035
39300,"Providence-Warwick, RI-MA",44003,Kent County,Rhode Island,"Providence-Warwick, RI-MA",39300,2023,384.82750000000004,357.1366666666667,27.69083333333333,7.753567728507282
39300,"Providence-Warwick, RI-MA",44003,Kent County,Rhode Island,"Providence-Warwick, RI-MA",39300,2024,417.7516666666667,384.82750000000004,32.92416666666668,8.555564939269322
39300,"Providence-Warwick, RI-MA",44003,Kent County,Rhode Island,"Providence-Warwick, RI-MA",39300,2025,438.8883333333333,417.7516666666667,21.1366666666666,5.059624737184354
39300,"Providence-Warwick, RI-MA",44005,Newport County,Rhode Island,"Providence-Warwick, RI-MA",39300,2022,357.1366666666667,317.9291666666667,39.20750000000004,12.332149456771035
39300,"Providence-Warwick, RI-MA",44005,Newport County,Rhode Island,"Providence-Warwick, RI-MA",39300,2023,384.82750000000004,357.1366666666667,27.69083333333333,7.753567728507282
39300,"Providence-Warwick, RI-MA",44005,Newport County,Rhode Island,"Providence-Warwick, RI-MA",39300,2024,417.7516666666667,384.82750000000004,32.92416666666668,8.555564939269322
39300,"Providence-Warwick, RI-MA",44005,Newport County,Rhode Island,"Providence-Warwick, RI-MA",39300,2025,438.8883333333333,417.7516666666667,21.1366666666666,5.059624737184354
39300,"Providence-Warwick, RI-MA",44007,Providence County,Rhode Island,"Providence-Warwick, RI-MA",39300,2022,357.1366666666667,317.9291666666667,39.20750000000004,12.332149456771035
39300,"Providence-Warwick, RI-MA",44007,Providence County,Rhode Island,"Providence-Warwick, RI-MA",39300,2023,384.82750000000004,357.1366666666667,27.69083333333333,7.753567728507282
39300,"Providence-Warwick, RI-MA",44007,Providence County,Rhode Island,"Providence-Warwick, RI-MA",39300,2024,417.7516666666667,384.82750000000004,32.92416666666668,8.555564939269322
39300,"Providence-Warwick, RI-MA",44007,Providence County,Rhode Island,"Providence-Warwick, RI-MA",39300,2025,438.8883333333333,417.7516666666667,21.1366666666666,5.059624737184354
39300,"Providence-Warwick, RI-MA",44009,Washington County,Rhode Island,"Providence-Warwick, RI-MA",39300,2022,357.1366666666667,317.9291666666667,39.20750000000004,12.332149456771035
39300,"Providence-Warwick, RI-MA",44009,Washington County,Rhode Island,"Providence-Warwick, RI-MA",39300,2023,384.82750000000004,357.1366666666667,27.69083333333333,7.753567728507282
39300,"Providence-Warwick, RI-MA",44009,Washington County,Rhode Island,"Providence-Warwick, RI-MA",39300,2024,417.7516666666667,384.82750000000004,32.92416666666668,8.555564939269322
39300,"Providence-Warwick, RI-MA",44009,Washington County,Rhode Island,"Providence-Warwick, RI-MA",39300,2025,438.8883333333333,417.7516666666667,21.1366666666666,5.059624737184354
39340,"Provo-Orem-Lehi, UT",49023,Juab County,Utah,"Provo-Orem-Lehi, UT",39340,2022,526.1637499999999,452.23,73.93374999999992,16.34870530482275
39340,"Provo-Orem-Lehi, UT",49023,Juab County,Utah,"Provo-Orem-Lehi, UT",39340,2023,521.65,526.1637499999999,-4.513749999999959,-0.8578603143983177
39340,"Provo-Orem-Lehi, UT",49023,Juab County,Utah,"Provo-Orem-Lehi, UT",39340,2024,539.1175,521.65,17.467499999999973,3.3485095370459073
39340,"Provo-Orem-Lehi, UT",49023,Juab County,Utah,"Provo-Orem-Lehi, UT",39340,2025,563.4275,539.1175,24.31000000000006,4.509221088167248
39340,"Provo-Orem-Lehi, UT",49049,Utah County,Utah,"Provo-Orem-Lehi, UT",39340,2022,526.1637499999999,452.23,73.93374999999992,16.34870530482275
39340,"Provo-Orem-Lehi, UT",49049,Utah County,Utah,"Provo-Orem-Lehi, UT",39340,2023,521.65,526.1637499999999,-4.513749999999959,-0.8578603143983177
39340,"Provo-Orem-Lehi, UT",49049,Utah County,Utah,"Provo-Orem-Lehi, UT",39340,2024,539.1175,521.65,17.467499999999973,3.3485095370459073
39340,"Provo-Orem-Lehi, UT",49049,Utah County,Utah,"Provo-Orem-Lehi, UT",39340,2025,563.4275,539.1175,24.31000000000006,4.509221088167248
39380,"Pueblo, CO",08101,Pueblo County,Colorado,"Pueblo, CO",39380,2022,355.205,303.505,51.69999999999999,17.034315744386408
39380,"Pueblo, CO",08101,Pueblo County,Colorado,"Pueblo, CO",39380,2023,353.87,355.205,-1.3349999999999795,-0.3758393040638408
39380,"Pueblo, CO",08101,Pueblo County,Colorado,"Pueblo, CO",39380,2024,363.81,353.87,9.939999999999998,2.808941136575571
39380,"Pueblo, CO",08101,Pueblo County,Colorado,"Pueblo, CO",39380,2025,366.145,363.81,2.3349999999999795,0.6418185316511282
39460,"Punta Gorda, FL",12015,Charlotte County,Florida,"Punta Gorda, FL",39460,2022,420.94,325.1825,95.7575,29.447310356492128
39460,"Punta Gorda, FL",12015,Charlotte County,Florida,"Punta Gorda, FL",39460,2023,435.03499999999997,420.94,14.09499999999997,3.3484582125718587
39460,"Punta Gorda, FL",12015,Charlotte County,Florida,"Punta Gorda, FL",39460,2024,430.7625,435.03499999999997,-4.2724999999999795,-0.982104888112445
39460,"Punta Gorda, FL",12015,Charlotte County,Florida,"Punta Gorda, FL",39460,2025,413.625,430.7625,-17.13749999999999,-3.9784103769478496
39540,"Racine-Mount Pleasant, WI",55101,Racine County,Wisconsin,"Racine-Mount Pleasant, WI",39540,2022,255.235,224.32,30.91500000000002,13.781651212553502
39540,"Racine-Mount Pleasant, WI",55101,Racine County,Wisconsin,"Racine-Mount Pleasant, WI",39540,2023,277.245,255.235,22.00999999999999,8.623425470644698
39540,"Racine-Mount Pleasant, WI",55101,Racine County,Wisconsin,"Racine-Mount Pleasant, WI",39540,2024,297.07,277.245,19.82499999999999,7.150715071507152
39540,"Racine-Mount Pleasant, WI",55101,Racine County,Wisconsin,"Racine-Mount Pleasant, WI",39540,2025,318.66499999999996,297.07,21.59499999999997,7.269330460834134
39580,"Raleigh-Cary, NC",37069,Franklin County,North Carolina,"Raleigh-Cary, NC",39580,2022,375.6,308.65,66.95000000000005,21.69123602786329
39580,"Raleigh-Cary, NC",37069,Franklin County,North Carolina,"Raleigh-Cary, NC",39580,2023,390.435,375.6,14.83499999999998,3.9496805111820965
39580,"Raleigh-Cary, NC",37069,Franklin County,North Carolina,"Raleigh-Cary, NC",39580,2024,406.59375,390.435,16.158749999999998,4.138653040839069
39580,"Raleigh-Cary, NC",37069,Franklin County,North Carolina,"Raleigh-Cary, NC",39580,2025,413.865,406.59375,7.271250000000009,1.7883329490431255
39580,"Raleigh-Cary, NC",37101,Johnston County,North Carolina,"Raleigh-Cary, NC",39580,2022,375.6,308.65,66.95000000000005,21.69123602786329
39580,"Raleigh-Cary, NC",37101,Johnston County,North Carolina,"Raleigh-Cary, NC",39580,2023,390.435,375.6,14.83499999999998,3.9496805111820965
39580,"Raleigh-Cary, NC",37101,Johnston County,North Carolina,"Raleigh-Cary, NC",39580,2024,406.59375,390.435,16.158749999999998,4.138653040839069
39580,"Raleigh-Cary, NC",37101,Johnston County,North Carolina,"Raleigh-Cary, NC",39580,2025,413.865,406.59375,7.271250000000009,1.7883329490431255
39580,"Raleigh-Cary, NC",37183,Wake County,North Carolina,"Raleigh-Cary, NC",39580,2022,375.6,308.65,66.95000000000005,21.69123602786329
39580,"Raleigh-Cary, NC",37183,Wake County,North Carolina,"Raleigh-Cary, NC",39580,2023,390.435,375.6,14.83499999999998,3.9496805111820965
39580,"Raleigh-Cary, NC",37183,Wake County,North Carolina,"Raleigh-Cary, NC",39580,2024,406.59375,390.435,16.158749999999998,4.138653040839069
39580,"Raleigh-Cary, NC",37183,Wake County,North Carolina,"Raleigh-Cary, NC",39580,2025,413.865,406.59375,7.271250000000009,1.7883329490431255
39660,"Rapid City, SD",46033,Custer County,South Dakota,"Rapid City, SD",39660,2022,412.2025,342.7275,69.47499999999997,20.271206716706413
39660,"Rapid City, SD",46033,Custer County,South Dakota,"Rapid City, SD",39660,2023,437.5675,412.2025,25.36500000000001,6.153528908728112
39660,"Rapid City, SD",46033,Custer County,South Dakota,"Rapid City, SD",39660,2024,459.27750000000003,437.5675,21.710000000000036,4.96152022259424
39660,"Rapid City, SD",46033,Custer County,South Dakota,"Rapid City, SD",39660,2025,482.5,459.27750000000003,23.222499999999968,5.056311271507963
39660,"Rapid City, SD",46093,Meade County,South Dakota,"Rapid City, SD",39660,2022,412.2025,342.7275,69.47499999999997,20.271206716706413
39660,"Rapid City, SD",46093,Meade County,South Dakota,"Rapid City, SD",39660,2023,437.5675,412.2025,25.36500000000001,6.153528908728112
39660,"Rapid City, SD",46093,Meade County,South Dakota,"Rapid City, SD",39660,2024,459.27750000000003,437.5675,21.710000000000036,4.96152022259424
39660,"Rapid City, SD",46093,Meade County,South Dakota,"Rapid City, SD",39660,2025,482.5,459.27750000000003,23.222499999999968,5.056311271507963
39660,"Rapid City, SD",46103,Pennington County,South Dakota,"Rapid City, SD",39660,2022,412.2025,342.7275,69.47499999999997,20.271206716706413
39660,"Rapid City, SD",46103,Pennington County,South Dakota,"Rapid City, SD",39660,2023,437.5675,412.2025,25.36500000000001,6.153528908728112
39660,"Rapid City, SD",46103,Pennington County,South Dakota,"Rapid City, SD",39660,2024,459.27750000000003,437.5675,21.710000000000036,4.96152022259424
39660,"Rapid City, SD",46103,Pennington County,South Dakota,"Rapid City, SD",39660,2025,482.5,459.27750000000003,23.222499999999968,5.056311271507963
39740,"Reading, PA",42011,Berks County,Pennsylvania,"Reading, PA",39740,2022,250.8225,217.07,33.7525,15.549131616529221
39740,"Reading, PA",42011,Berks County,Pennsylvania,"Reading, PA",39740,2023,273.1875,250.8225,22.36500000000001,8.916664174864696
39740,"Reading, PA",42011,Berks County,Pennsylvania,"Reading, PA",39740,2024,295.0875,273.1875,21.899999999999977,8.016472203157154
39740,"Reading, PA",42011,Berks County,Pennsylvania,"Reading, PA",39740,2025,306.985,295.0875,11.897500000000036,4.031854958275094
39820,"Redding, CA",06089,Shasta County,California,"Redding, CA",39820,2022,313.0775,283.8275,29.25,10.305555310884262
39820,"Redding, CA",06089,Shasta County,California,"Redding, CA",39820,2023,316.5825,313.0775,3.5049999999999955,1.119531106515148
39820,"Redding, CA",06089,Shasta County,California,"Redding, CA",39820,2024,323.11,316.5825,6.527500000000032,2.061863811170883
39820,"Redding, CA",06089,Shasta County,California,"Redding, CA",39820,2025,328.155,323.11,5.044999999999959,1.561387762681421
39900,"Reno, NV",32019,Lyon County,Nevada,"Reno, NV",39900,2022,373.96000000000004,326.655,47.305000000000064,14.481639650395707
39900,"Reno, NV",32019,Lyon County,Nevada,"Reno, NV",39900,2023,370.88,373.96000000000004,-3.080000000000041,-0.8236174991977818
39900,"Reno, NV",32019,Lyon County,Nevada,"Reno, NV",39900,2024,388.9775,370.88,18.097500000000025,4.879610655737721
39900,"Reno, NV",32019,Lyon County,Nevada,"Reno, NV",39900,2025,401.405,388.9775,12.427499999999952,3.194914872968213
39900,"Reno, NV",32029,Storey County,Nevada,"Reno, NV",39900,2022,373.96000000000004,326.655,47.305000000000064,14.481639650395707
39900,"Reno, NV",32029,Storey County,Nevada,"Reno, NV",39900,2023,370.88,373.96000000000004,-3.080000000000041,-0.8236174991977818
39900,"Reno, NV",32029,Storey County,Nevada,"Reno, NV",39900,2024,388.9775,370.88,18.097500000000025,4.879610655737721
39900,"Reno, NV",32029,Storey County,Nevada,"Reno, NV",39900,2025,401.405,388.9775,12.427499999999952,3.194914872968213
39900,"Reno, NV",32031,Washoe County,Nevada,"Reno, NV",39900,2022,373.96000000000004,326.655,47.305000000000064,14.481639650395707
39900,"Reno, NV",32031,Washoe County,Nevada,"Reno, NV",39900,2023,370.88,373.96000000000004,-3.080000000000041,-0.8236174991977818
39900,"Reno, NV",32031,Washoe County,Nevada,"Reno, NV",39900,2024,388.9775,370.88,18.097500000000025,4.879610655737721
39900,"Reno, NV",32031,Washoe County,Nevada,"Reno, NV",39900,2025,401.405,388.9775,12.427499999999952,3.194914872968213
40060,"Richmond, VA",51007,Amelia County,Virginia,"Richmond, VA",40060,2022,347.76875,304.10875,43.660000000000025,14.356706276948628
40060,"Richmond, VA",51007,Amelia County,Virginia,"Richmond, VA",40060,2023,374.94625,347.76875,27.17750000000001,7.814819474147683
40060,"Richmond, VA",51007,Amelia County,Virginia,"Richmond, VA",40060,2024,399.80875,374.94625,24.862499999999955,6.630950436229188
40060,"Richmond, VA",51007,Amelia County,Virginia,"Richmond, VA",40060,2025,413.97,399.80875,14.161250000000052,3.542006021629107
40060,"Richmond, VA",51036,Charles City County,Virginia,"Richmond, VA",40060,2022,347.76875,304.10875,43.660000000000025,14.356706276948628
40060,"Richmond, VA",51036,Charles City County,Virginia,"Richmond, VA",40060,2023,374.94625,347.76875,27.17750000000001,7.814819474147683
40060,"Richmond, VA",51036,Charles City County,Virginia,"Richmond, VA",40060,2024,399.80875,374.94625,24.862499999999955,6.630950436229188
40060,"Richmond, VA",51036,Charles City County,Virginia,"Richmond, VA",40060,2025,413.97,399.80875,14.161250000000052,3.542006021629107
40060,"Richmond, VA",51041,Chesterfield County,Virginia,"Richmond, VA",40060,2022,347.76875,304.10875,43.660000000000025,14.356706276948628
40060,"Richmond, VA",51041,Chesterfield County,Virginia,"Richmond, VA",40060,2023,374.94625,347.76875,27.17750000000001,7.814819474147683
40060,"Richmond, VA",51041,Chesterfield County,Virginia,"Richmond, VA",40060,2024,399.80875,374.94625,24.862499999999955,6.630950436229188
40060,"Richmond, VA",51041,Chesterfield County,Virginia,"Richmond, VA",40060,2025,413.97,399.80875,14.161250000000052,3.542006021629107
40060,"Richmond, VA",51053,Dinwiddie County,Virginia,"Richmond, VA",40060,2022,347.76875,304.10875,43.660000000000025,14.356706276948628
40060,"Richmond, VA",51053,Dinwiddie County,Virginia,"Richmond, VA",40060,2023,374.94625,347.76875,27.17750000000001,7.814819474147683
40060,"Richmond, VA",51053,Dinwiddie County,Virginia,"Richmond, VA",40060,2024,399.80875,374.94625,24.862499999999955,6.630950436229188
40060,"Richmond, VA",51053,Dinwiddie County,Virginia,"Richmond, VA",40060,2025,413.97,399.80875,14.161250000000052,3.542006021629107
40060,"Richmond, VA",51075,Goochland County,Virginia,"Richmond, VA",40060,2022,347.76875,304.10875,43.660000000000025,14.356706276948628
40060,"Richmond, VA",51075,Goochland County,Virginia,"Richmond, VA",40060,2023,374.94625,347.76875,27.17750000000001,7.814819474147683
40060,"Richmond, VA",51075,Goochland County,Virginia,"Richmond, VA",40060,2024,399.80875,374.94625,24.862499999999955,6.630950436229188
40060,"Richmond, VA",51075,Goochland County,Virginia,"Richmond, VA",40060,2025,413.97,399.80875,14.161250000000052,3.542006021629107
40060,"Richmond, VA",51085,Hanover County,Virginia,"Richmond, VA",40060,2022,347.76875,304.10875,43.660000000000025,14.356706276948628
40060,"Richmond, VA",51085,Hanover County,Virginia,"Richmond, VA",40060,2023,374.94625,347.76875,27.17750000000001,7.814819474147683
40060,"Richmond, VA",51085,Hanover County,Virginia,"Richmond, VA",40060,2024,399.80875,374.94625,24.862499999999955,6.630950436229188
40060,"Richmond, VA",51085,Hanover County,Virginia,"Richmond, VA",40060,2025,413.97,399.80875,14.161250000000052,3.542006021629107
40060,"Richmond, VA",51087,Henrico County,Virginia,"Richmond, VA",40060,2022,347.76875,304.10875,43.660000000000025,14.356706276948628
40060,"Richmond, VA",51087,Henrico County,Virginia,"Richmond, VA",40060,2023,374.94625,347.76875,27.17750000000001,7.814819474147683
40060,"Richmond, VA",51087,Henrico County,Virginia,"Richmond, VA",40060,2024,399.80875,374.94625,24.862499999999955,6.630950436229188
40060,"Richmond, VA",51087,Henrico County,Virginia,"Richmond, VA",40060,2025,413.97,399.80875,14.161250000000052,3.542006021629107
40060,"Richmond, VA",51097,King and Queen County,Virginia,"Richmond, VA",40060,2022,347.76875,304.10875,43.660000000000025,14.356706276948628
40060,"Richmond, VA",51097,King and Queen County,Virginia,"Richmond, VA",40060,2023,374.94625,347.76875,27.17750000000001,7.814819474147683
40060,"Richmond, VA",51097,King and Queen County,Virginia,"Richmond, VA",40060,2024,399.80875,374.94625,24.862499999999955,6.630950436229188
40060,"Richmond, VA",51097,King and Queen County,Virginia,"Richmond, VA",40060,2025,413.97,399.80875,14.161250000000052,3.542006021629107
40060,"Richmond, VA",51101,King William County,Virginia,"Richmond, VA",40060,2022,347.76875,304.10875,43.660000000000025,14.356706276948628
40060,"Richmond, VA",51101,King William County,Virginia,"Richmond, VA",40060,2023,374.94625,347.76875,27.17750000000001,7.814819474147683
40060,"Richmond, VA",51101,King William County,Virginia,"Richmond, VA",40060,2024,399.80875,374.94625,24.862499999999955,6.630950436229188
40060,"Richmond, VA",51101,King William County,Virginia,"Richmond, VA",40060,2025,413.97,399.80875,14.161250000000052,3.542006021629107
40060,"Richmond, VA",51127,New Kent County,Virginia,"Richmond, VA",40060,2022,347.76875,304.10875,43.660000000000025,14.356706276948628
40060,"Richmond, VA",51127,New Kent County,Virginia,"Richmond, VA",40060,2023,374.94625,347.76875,27.17750000000001,7.814819474147683
40060,"Richmond, VA",51127,New Kent County,Virginia,"Richmond, VA",40060,2024,399.80875,374.94625,24.862499999999955,6.630950436229188
40060,"Richmond, VA",51127,New Kent County,Virginia,"Richmond, VA",40060,2025,413.97,399.80875,14.161250000000052,3.542006021629107
40060,"Richmond, VA",51145,Powhatan County,Virginia,"Richmond, VA",40060,2022,347.76875,304.10875,43.660000000000025,14.356706276948628
40060,"Richmond, VA",51145,Powhatan County,Virginia,"Richmond, VA",40060,2023,374.94625,347.76875,27.17750000000001,7.814819474147683
40060,"Richmond, VA",51145,Powhatan County,Virginia,"Richmond, VA",40060,2024,399.80875,374.94625,24.862499999999955,6.630950436229188
40060,"Richmond, VA",51145,Powhatan County,Virginia,"Richmond, VA",40060,2025,413.97,399.80875,14.161250000000052,3.542006021629107
40060,"Richmond, VA",51149,Prince George County,Virginia,"Richmond, VA",40060,2022,347.76875,304.10875,43.660000000000025,14.356706276948628
40060,"Richmond, VA",51149,Prince George County,Virginia,"Richmond, VA",40060,2023,374.94625,347.76875,27.17750000000001,7.814819474147683
40060,"Richmond, VA",51149,Prince George County,Virginia,"Richmond, VA",40060,2024,399.80875,374.94625,24.862499999999955,6.630950436229188
40060,"Richmond, VA",51149,Prince George County,Virginia,"Richmond, VA",40060,2025,413.97,399.80875,14.161250000000052,3.542006021629107
40060,"Richmond, VA",51183,Sussex County,Virginia,"Richmond, VA",40060,2022,347.76875,304.10875,43.660000000000025,14.356706276948628
40060,"Richmond, VA",51183,Sussex County,Virginia,"Richmond, VA",40060,2023,374.94625,347.76875,27.17750000000001,7.814819474147683
40060,"Richmond, VA",51183,Sussex County,Virginia,"Richmond, VA",40060,2024,399.80875,374.94625,24.862499999999955,6.630950436229188
40060,"Richmond, VA",51183,Sussex County,Virginia,"Richmond, VA",40060,2025,413.97,399.80875,14.161250000000052,3.542006021629107
40060,"Richmond, VA",51570,Colonial Heights city,Virginia,"Richmond, VA",40060,2022,347.76875,304.10875,43.660000000000025,14.356706276948628
40060,"Richmond, VA",51570,Colonial Heights city,Virginia,"Richmond, VA",40060,2023,374.94625,347.76875,27.17750000000001,7.814819474147683
40060,"Richmond, VA",51570,Colonial Heights city,Virginia,"Richmond, VA",40060,2024,399.80875,374.94625,24.862499999999955,6.630950436229188
40060,"Richmond, VA",51570,Colonial Heights city,Virginia,"Richmond, VA",40060,2025,413.97,399.80875,14.161250000000052,3.542006021629107
40060,"Richmond, VA",51670,Hopewell city,Virginia,"Richmond, VA",40060,2022,347.76875,304.10875,43.660000000000025,14.356706276948628
40060,"Richmond, VA",51670,Hopewell city,Virginia,"Richmond, VA",40060,2023,374.94625,347.76875,27.17750000000001,7.814819474147683
40060,"Richmond, VA",51670,Hopewell city,Virginia,"Richmond, VA",40060,2024,399.80875,374.94625,24.862499999999955,6.630950436229188
40060,"Richmond, VA",51670,Hopewell city,Virginia,"Richmond, VA",40060,2025,413.97,399.80875,14.161250000000052,3.542006021629107
40060,"Richmond, VA",51730,Petersburg city,Virginia,"Richmond, VA",40060,2022,347.76875,304.10875,43.660000000000025,14.356706276948628
40060,"Richmond, VA",51730,Petersburg city,Virginia,"Richmond, VA",40060,2023,374.94625,347.76875,27.17750000000001,7.814819474147683
40060,"Richmond, VA",51730,Petersburg city,Virginia,"Richmond, VA",40060,2024,399.80875,374.94625,24.862499999999955,6.630950436229188
40060,"Richmond, VA",51730,Petersburg city,Virginia,"Richmond, VA",40060,2025,413.97,399.80875,14.161250000000052,3.542006021629107
40060,"Richmond, VA",51760,Richmond city,Virginia,"Richmond, VA",40060,2022,347.76875,304.10875,43.660000000000025,14.356706276948628
40060,"Richmond, VA",51760,Richmond city,Virginia,"Richmond, VA",40060,2023,374.94625,347.76875,27.17750000000001,7.814819474147683
40060,"Richmond, VA",51760,Richmond city,Virginia,"Richmond, VA",40060,2024,399.80875,374.94625,24.862499999999955,6.630950436229188
40060,"Richmond, VA",51760,Richmond city,Virginia,"Richmond, VA",40060,2025,413.97,399.80875,14.161250000000052,3.542006021629107
40140,"Riverside-San Bernardino-Ontario, CA",06065,Riverside County,California,"Riverside-San Bernardino-Ontario, CA",40140,2022,403.501875,349.17562499999997,54.326250000000016,15.558431376760629
40140,"Riverside-San Bernardino-Ontario, CA",06065,Riverside County,California,"Riverside-San Bernardino-Ontario, CA",40140,2023,410.126875,403.501875,6.625,1.6418758896721286
40140,"Riverside-San Bernardino-Ontario, CA",06065,Riverside County,California,"Riverside-San Bernardino-Ontario, CA",40140,2024,431.424375,410.126875,21.297500000000014,5.192905244261303
40140,"Riverside-San Bernardino-Ontario, CA",06065,Riverside County,California,"Riverside-San Bernardino-Ontario, CA",40140,2025,438.52750000000003,431.424375,7.103125000000034,1.6464357165725918
40140,"Riverside-San Bernardino-Ontario, CA",06071,San Bernardino County,California,"Riverside-San Bernardino-Ontario, CA",40140,2022,403.501875,349.17562499999997,54.326250000000016,15.558431376760629
40140,"Riverside-San Bernardino-Ontario, CA",06071,San Bernardino County,California,"Riverside-San Bernardino-Ontario, CA",40140,2023,410.126875,403.501875,6.625,1.6418758896721286
40140,"Riverside-San Bernardino-Ontario, CA",06071,San Bernardino County,California,"Riverside-San Bernardino-Ontario, CA",40140,2024,431.424375,410.126875,21.297500000000014,5.192905244261303
40140,"Riverside-San Bernardino-Ontario, CA",06071,San Bernardino County,California,"Riverside-San Bernardino-Ontario, CA",40140,2025,438.52750000000003,431.424375,7.103125000000034,1.6464357165725918
40220,"Roanoke, VA",51023,Botetourt County,Virginia,"Roanoke, VA",40220,2022,271.11,233.75,37.360000000000014,15.982887700534775
40220,"Roanoke, VA",51023,Botetourt County,Virginia,"Roanoke, VA",40220,2023,294.2025,271.11,23.092499999999973,8.517760318689827
40220,"Roanoke, VA",51023,Botetourt County,Virginia,"Roanoke, VA",40220,2024,319.875,294.2025,25.672500000000014,8.726132510770658
40220,"Roanoke, VA",51023,Botetourt County,Virginia,"Roanoke, VA",40220,2025,335.21500000000003,319.875,15.340000000000032,4.795623290347795
40220,"Roanoke, VA",51045,Craig County,Virginia,"Roanoke, VA",40220,2022,271.11,233.75,37.360000000000014,15.982887700534775
40220,"Roanoke, VA",51045,Craig County,Virginia,"Roanoke, VA",40220,2023,294.2025,271.11,23.092499999999973,8.517760318689827
40220,"Roanoke, VA",51045,Craig County,Virginia,"Roanoke, VA",40220,2024,319.875,294.2025,25.672500000000014,8.726132510770658
40220,"Roanoke, VA",51045,Craig County,Virginia,"Roanoke, VA",40220,2025,335.21500000000003,319.875,15.340000000000032,4.795623290347795
40220,"Roanoke, VA",51067,Franklin County,Virginia,"Roanoke, VA",40220,2022,271.11,233.75,37.360000000000014,15.982887700534775
40220,"Roanoke, VA",51067,Franklin County,Virginia,"Roanoke, VA",40220,2023,294.2025,271.11,23.092499999999973,8.517760318689827
40220,"Roanoke, VA",51067,Franklin County,Virginia,"Roanoke, VA",40220,2024,319.875,294.2025,25.672500000000014,8.726132510770658
40220,"Roanoke, VA",51067,Franklin County,Virginia,"Roanoke, VA",40220,2025,335.21500000000003,319.875,15.340000000000032,4.795623290347795
40220,"Roanoke, VA",51161,Roanoke County,Virginia,"Roanoke, VA",40220,2022,271.11,233.75,37.360000000000014,15.982887700534775
40220,"Roanoke, VA",51161,Roanoke County,Virginia,"Roanoke, VA",40220,2023,294.2025,271.11,23.092499999999973,8.517760318689827
40220,"Roanoke, VA",51161,Roanoke County,Virginia,"Roanoke, VA",40220,2024,319.875,294.2025,25.672500000000014,8.726132510770658
40220,"Roanoke, VA",51161,Roanoke County,Virginia,"Roanoke, VA",40220,2025,335.21500000000003,319.875,15.340000000000032,4.795623290347795
40220,"Roanoke, VA",51770,Roanoke city,Virginia,"Roanoke, VA",40220,2022,271.11,233.75,37.360000000000014,15.982887700534775
40220,"Roanoke, VA",51770,Roanoke city,Virginia,"Roanoke, VA",40220,2023,294.2025,271.11,23.092499999999973,8.517760318689827
40220,"Roanoke, VA",51770,Roanoke city,Virginia,"Roanoke, VA",40220,2024,319.875,294.2025,25.672500000000014,8.726132510770658
40220,"Roanoke, VA",51770,Roanoke city,Virginia,"Roanoke, VA",40220,2025,335.21500000000003,319.875,15.340000000000032,4.795623290347795
40220,"Roanoke, VA",51775,Salem city,Virginia,"Roanoke, VA",40220,2022,271.11,233.75,37.360000000000014,15.982887700534775
40220,"Roanoke, VA",51775,Salem city,Virginia,"Roanoke, VA",40220,2023,294.2025,271.11,23.092499999999973,8.517760318689827
40220,"Roanoke, VA",51775,Salem city,Virginia,"Roanoke, VA",40220,2024,319.875,294.2025,25.672500000000014,8.726132510770658
40220,"Roanoke, VA",51775,Salem city,Virginia,"Roanoke, VA",40220,2025,335.21500000000003,319.875,15.340000000000032,4.795623290347795
40340,"Rochester, MN",27039,Dodge County,Minnesota,"Rochester, MN",40340,2022,305.67,272.6025,33.067499999999995,12.130299612072527
40340,"Rochester, MN",27039,Dodge County,Minnesota,"Rochester, MN",40340,2023,316.7675,305.67,11.097499999999968,3.6305492851768095
40340,"Rochester, MN",27039,Dodge County,Minnesota,"Rochester, MN",40340,2024,335.37,316.7675,18.60250000000002,5.872603723551184
40340,"Rochester, MN",27039,Dodge County,Minnesota,"Rochester, MN",40340,2025,344.31,335.37,8.939999999999998,2.6657124966454893
40340,"Rochester, MN",27045,Fillmore County,Minnesota,"Rochester, MN",40340,2022,305.67,272.6025,33.067499999999995,12.130299612072527
40340,"Rochester, MN",27045,Fillmore County,Minnesota,"Rochester, MN",40340,2023,316.7675,305.67,11.097499999999968,3.6305492851768095
40340,"Rochester, MN",27045,Fillmore County,Minnesota,"Rochester, MN",40340,2024,335.37,316.7675,18.60250000000002,5.872603723551184
40340,"Rochester, MN",27045,Fillmore County,Minnesota,"Rochester, MN",40340,2025,344.31,335.37,8.939999999999998,2.6657124966454893
40340,"Rochester, MN",27109,Olmsted County,Minnesota,"Rochester, MN",40340,2022,305.67,272.6025,33.067499999999995,12.130299612072527
40340,"Rochester, MN",27109,Olmsted County,Minnesota,"Rochester, MN",40340,2023,316.7675,305.67,11.097499999999968,3.6305492851768095
40340,"Rochester, MN",27109,Olmsted County,Minnesota,"Rochester, MN",40340,2024,335.37,316.7675,18.60250000000002,5.872603723551184
40340,"Rochester, MN",27109,Olmsted County,Minnesota,"Rochester, MN",40340,2025,344.31,335.37,8.939999999999998,2.6657124966454893
40340,"Rochester, MN",27157,Wabasha County,Minnesota,"Rochester, MN",40340,2022,305.67,272.6025,33.067499999999995,12.130299612072527
40340,"Rochester, MN",27157,Wabasha County,Minnesota,"Rochester, MN",40340,2023,316.7675,305.67,11.097499999999968,3.6305492851768095
40340,"Rochester, MN",27157,Wabasha County,Minnesota,"Rochester, MN",40340,2024,335.37,316.7675,18.60250000000002,5.872603723551184
40340,"Rochester, MN",27157,Wabasha County,Minnesota,"Rochester, MN",40340,2025,344.31,335.37,8.939999999999998,2.6657124966454893
40380,"Rochester, NY",36051,Livingston County,New York,"Rochester, NY",40380,2022,237.5325,208.8525,28.680000000000007,13.732179408913003
40380,"Rochester, NY",36051,Livingston County,New York,"Rochester, NY",40380,2023,262.5425,237.5325,25.01000000000002,10.52908549356404
40380,"Rochester, NY",36051,Livingston County,New York,"Rochester, NY",40380,2024,287.94875,262.5425,25.40625,9.677004675433508
40380,"Rochester, NY",36051,Livingston County,New York,"Rochester, NY",40380,2025,309.14,287.94875,21.191249999999968,7.359382529009051
40380,"Rochester, NY",36055,Monroe County,New York,"Rochester, NY",40380,2022,237.5325,208.8525,28.680000000000007,13.732179408913003
40380,"Rochester, NY",36055,Monroe County,New York,"Rochester, NY",40380,2023,262.5425,237.5325,25.01000000000002,10.52908549356404
40380,"Rochester, NY",36055,Monroe County,New York,"Rochester, NY",40380,2024,287.94875,262.5425,25.40625,9.677004675433508
40380,"Rochester, NY",36055,Monroe County,New York,"Rochester, NY",40380,2025,309.14,287.94875,21.191249999999968,7.359382529009051
40380,"Rochester, NY",36069,Ontario County,New York,"Rochester, NY",40380,2022,237.5325,208.8525,28.680000000000007,13.732179408913003
40380,"Rochester, NY",36069,Ontario County,New York,"Rochester, NY",40380,2023,262.5425,237.5325,25.01000000000002,10.52908549356404
40380,"Rochester, NY",36069,Ontario County,New York,"Rochester, NY",40380,2024,287.94875,262.5425,25.40625,9.677004675433508
40380,"Rochester, NY",36069,Ontario County,New York,"Rochester, NY",40380,2025,309.14,287.94875,21.191249999999968,7.359382529009051
40380,"Rochester, NY",36073,Orleans County,New York,"Rochester, NY",40380,2022,237.5325,208.8525,28.680000000000007,13.732179408913003
40380,"Rochester, NY",36073,Orleans County,New York,"Rochester, NY",40380,2023,262.5425,237.5325,25.01000000000002,10.52908549356404
40380,"Rochester, NY",36073,Orleans County,New York,"Rochester, NY",40380,2024,287.94875,262.5425,25.40625,9.677004675433508
40380,"Rochester, NY",36073,Orleans County,New York,"Rochester, NY",40380,2025,309.14,287.94875,21.191249999999968,7.359382529009051
40380,"Rochester, NY",36117,Wayne County,New York,"Rochester, NY",40380,2022,237.5325,208.8525,28.680000000000007,13.732179408913003
40380,"Rochester, NY",36117,Wayne County,New York,"Rochester, NY",40380,2023,262.5425,237.5325,25.01000000000002,10.52908549356404
40380,"Rochester, NY",36117,Wayne County,New York,"Rochester, NY",40380,2024,287.94875,262.5425,25.40625,9.677004675433508
40380,"Rochester, NY",36117,Wayne County,New York,"Rochester, NY",40380,2025,309.14,287.94875,21.191249999999968,7.359382529009051
40420,"Rockford, IL",17007,Boone County,Illinois,"Rockford, IL",40420,2022,183.4025,161.445,21.95750000000001,13.60060701786987
40420,"Rockford, IL",17007,Boone County,Illinois,"Rockford, IL",40420,2023,201.3275,183.4025,17.924999999999983,9.773585420046071
40420,"Rockford, IL",17007,Boone County,Illinois,"Rockford, IL",40420,2024,221.68,201.3275,20.35250000000002,10.10915051346688
40420,"Rockford, IL",17007,Boone County,Illinois,"Rockford, IL",40420,2025,235.745,221.68,14.064999999999998,6.3447311439913445
40420,"Rockford, IL",17201,Winnebago County,Illinois,"Rockford, IL",40420,2022,183.4025,161.445,21.95750000000001,13.60060701786987
40420,"Rockford, IL",17201,Winnebago County,Illinois,"Rockford, IL",40420,2023,201.3275,183.4025,17.924999999999983,9.773585420046071
40420,"Rockford, IL",17201,Winnebago County,Illinois,"Rockford, IL",40420,2024,221.68,201.3275,20.35250000000002,10.10915051346688
40420,"Rockford, IL",17201,Winnebago County,Illinois,"Rockford, IL",40420,2025,235.745,221.68,14.064999999999998,6.3447311439913445
40580,"Rocky Mount, NC",37065,Edgecombe County,North Carolina,"Rocky Mount, NC",40580,2022,229.1825,188.8825,40.30000000000001,21.336015777004235
40580,"Rocky Mount, NC",37065,Edgecombe County,North Carolina,"Rocky Mount, NC",40580,2023,247.6175,229.1825,18.435000000000002,8.043807882364495
40580,"Rocky Mount, NC",37065,Edgecombe County,North Carolina,"Rocky Mount, NC",40580,2024,257.5025,247.6175,9.884999999999991,3.992044181045351
40580,"Rocky Mount, NC",37065,Edgecombe County,North Carolina,"Rocky Mount, NC",40580,2025,271.27,257.5025,13.767499999999984,5.3465500334948235
40580,"Rocky Mount, NC",37127,Nash County,North Carolina,"Rocky Mount, NC",40580,2022,229.1825,188.8825,40.30000000000001,21.336015777004235
40580,"Rocky Mount, NC",37127,Nash County,North Carolina,"Rocky Mount, NC",40580,2023,247.6175,229.1825,18.435000000000002,8.043807882364495
40580,"Rocky Mount, NC",37127,Nash County,North Carolina,"Rocky Mount, NC",40580,2024,257.5025,247.6175,9.884999999999991,3.992044181045351
40580,"Rocky Mount, NC",37127,Nash County,North Carolina,"Rocky Mount, NC",40580,2025,271.27,257.5025,13.767499999999984,5.3465500334948235
40660,"Rome, GA",13115,Floyd County,Georgia,"Rome, GA",40660,2022,283.9225,236.7125,47.21000000000001,19.944024924750494
40660,"Rome, GA",13115,Floyd County,Georgia,"Rome, GA",40660,2023,308.3,283.9225,24.377499999999998,8.585969762875422
40660,"Rome, GA",13115,Floyd County,Georgia,"Rome, GA",40660,2024,338.49,308.3,30.189999999999998,9.792409990269224
40660,"Rome, GA",13115,Floyd County,Georgia,"Rome, GA",40660,2025,333.15,338.49,-5.340000000000032,-1.577594611362232
40900,"Sacramento-Roseville-Folsom, CA",06017,El Dorado County,California,"Sacramento-Roseville-Folsom, CA",40900,2022,375.3666666666666,341.6016666666667,33.76499999999993,9.884319455896474
40900,"Sacramento-Roseville-Folsom, CA",06017,El Dorado County,California,"Sacramento-Roseville-Folsom, CA",40900,2023,370.78749999999997,375.3666666666666,-4.5791666666666515,-1.2199183021046056
40900,"Sacramento-Roseville-Folsom, CA",06017,El Dorado County,California,"Sacramento-Roseville-Folsom, CA",40900,2024,384.1508333333333,370.78749999999997,13.363333333333344,3.604040948881315
40900,"Sacramento-Roseville-Folsom, CA",06017,El Dorado County,California,"Sacramento-Roseville-Folsom, CA",40900,2025,390.3283333333333,384.1508333333333,6.177500000000009,1.6080923074920594
40900,"Sacramento-Roseville-Folsom, CA",06061,Placer County,California,"Sacramento-Roseville-Folsom, CA",40900,2022,375.3666666666666,341.6016666666667,33.76499999999993,9.884319455896474
40900,"Sacramento-Roseville-Folsom, CA",06061,Placer County,California,"Sacramento-Roseville-Folsom, CA",40900,2023,370.78749999999997,375.3666666666666,-4.5791666666666515,-1.2199183021046056
40900,"Sacramento-Roseville-Folsom, CA",06061,Placer County,California,"Sacramento-Roseville-Folsom, CA",40900,2024,384.1508333333333,370.78749999999997,13.363333333333344,3.604040948881315
40900,"Sacramento-Roseville-Folsom, CA",06061,Placer County,California,"Sacramento-Roseville-Folsom, CA",40900,2025,390.3283333333333,384.1508333333333,6.177500000000009,1.6080923074920594
40900,"Sacramento-Roseville-Folsom, CA",06067,Sacramento County,California,"Sacramento-Roseville-Folsom, CA",40900,2022,375.3666666666666,341.6016666666667,33.76499999999993,9.884319455896474
40900,"Sacramento-Roseville-Folsom, CA",06067,Sacramento County,California,"Sacramento-Roseville-Folsom, CA",40900,2023,370.78749999999997,375.3666666666666,-4.5791666666666515,-1.2199183021046056
40900,"Sacramento-Roseville-Folsom, CA",06067,Sacramento County,California,"Sacramento-Roseville-Folsom, CA",40900,2024,384.1508333333333,370.78749999999997,13.363333333333344,3.604040948881315
40900,"Sacramento-Roseville-Folsom, CA",06067,Sacramento County,California,"Sacramento-Roseville-Folsom, CA",40900,2025,390.3283333333333,384.1508333333333,6.177500000000009,1.6080923074920594
40900,"Sacramento-Roseville-Folsom, CA",06113,Yolo County,California,"Sacramento-Roseville-Folsom, CA",40900,2022,375.3666666666666,341.6016666666667,33.76499999999993,9.884319455896474
40900,"Sacramento-Roseville-Folsom, CA",06113,Yolo County,California,"Sacramento-Roseville-Folsom, CA",40900,2023,370.78749999999997,375.3666666666666,-4.5791666666666515,-1.2199183021046056
40900,"Sacramento-Roseville-Folsom, CA",06113,Yolo County,California,"Sacramento-Roseville-Folsom, CA",40900,2024,384.1508333333333,370.78749999999997,13.363333333333344,3.604040948881315
40900,"Sacramento-Roseville-Folsom, CA",06113,Yolo County,California,"Sacramento-Roseville-Folsom, CA",40900,2025,390.3283333333333,384.1508333333333,6.177500000000009,1.6080923074920594
40980,"Saginaw, MI",26145,Saginaw County,Michigan,"Saginaw, MI",40980,2022,211.64499999999998,186.56,25.08499999999998,13.446076329331035
40980,"Saginaw, MI",26145,Saginaw County,Michigan,"Saginaw, MI",40980,2023,229.5525,211.64499999999998,17.907500000000027,8.461102317560076
40980,"Saginaw, MI",26145,Saginaw County,Michigan,"Saginaw, MI",40980,2024,246.1225,229.5525,16.569999999999993,7.218392306770771
40980,"Saginaw, MI",26145,Saginaw County,Michigan,"Saginaw, MI",40980,2025,252.93,246.1225,6.8075000000000045,2.765899094962876
41060,"St. Cloud, MN",27009,Benton County,Minnesota,"St. Cloud, MN",41060,2022,302.45,267.8575,34.59249999999997,12.914516113978515
41060,"St. Cloud, MN",27009,Benton County,Minnesota,"St. Cloud, MN",41060,2023,322.2975,302.45,19.847500000000025,6.562241692841808
41060,"St. Cloud, MN",27009,Benton County,Minnesota,"St. Cloud, MN",41060,2024,338.3625,322.2975,16.064999999999998,4.9845251669653035
41060,"St. Cloud, MN",27009,Benton County,Minnesota,"St. Cloud, MN",41060,2025,345.13,338.3625,6.767499999999984,2.0000738852561817
41060,"St. Cloud, MN",27145,Stearns County,Minnesota,"St. Cloud, MN",41060,2022,302.45,267.8575,34.59249999999997,12.914516113978515
41060,"St. Cloud, MN",27145,Stearns County,Minnesota,"St. Cloud, MN",41060,2023,322.2975,302.45,19.847500000000025,6.562241692841808
41060,"St. Cloud, MN",27145,Stearns County,Minnesota,"St. Cloud, MN",41060,2024,338.3625,322.2975,16.064999999999998,4.9845251669653035
41060,"St. Cloud, MN",27145,Stearns County,Minnesota,"St. Cloud, MN",41060,2025,345.13,338.3625,6.767499999999984,2.0000738852561817
41100,"St. George, UT",49053,Washington County,Utah,"St. George, UT",41100,2022,359.0675,297.895,61.172500000000014,20.534920022155468
41100,"St. George, UT",49053,Washington County,Utah,"St. George, UT",41100,2023,359.01750000000004,359.0675,-0.049999999999954525,-0.013924958399169629
41100,"St. George, UT",49053,Washington County,Utah,"St. George, UT",41100,2024,370.04499999999996,359.01750000000004,11.027499999999918,3.0715772908005645
41100,"St. George, UT",49053,Washington County,Utah,"St. George, UT",41100,2025,378.21500000000003,370.04499999999996,8.170000000000073,2.207839587077265
41140,"St. Joseph, MO-KS",20043,Doniphan County,Kansas,"St. Joseph, MO-KS",41140,2022,267.5425,235.9475,31.595000000000027,13.390690725691101
41140,"St. Joseph, MO-KS",20043,Doniphan County,Kansas,"St. Joseph, MO-KS",41140,2023,288.07,267.5425,20.527499999999975,7.672612762458297
41140,"St. Joseph, MO-KS",20043,Doniphan County,Kansas,"St. Joseph, MO-KS",41140,2024,316.6325,288.07,28.5625,9.915124796056517
41140,"St. Joseph, MO-KS",20043,Doniphan County,Kansas,"St. Joseph, MO-KS",41140,2025,335.03999999999996,316.6325,18.40749999999997,5.813521985266812
41140,"St. Joseph, MO-KS",29003,Andrew County,Missouri,"St. Joseph, MO-KS",41140,2022,267.5425,235.9475,31.595000000000027,13.390690725691101
41140,"St. Joseph, MO-KS",29003,Andrew County,Missouri,"St. Joseph, MO-KS",41140,2023,288.07,267.5425,20.527499999999975,7.672612762458297
41140,"St. Joseph, MO-KS",29003,Andrew County,Missouri,"St. Joseph, MO-KS",41140,2024,316.6325,288.07,28.5625,9.915124796056517
41140,"St. Joseph, MO-KS",29003,Andrew County,Missouri,"St. Joseph, MO-KS",41140,2025,335.03999999999996,316.6325,18.40749999999997,5.813521985266812
41140,"St. Joseph, MO-KS",29021,Buchanan County,Missouri,"St. Joseph, MO-KS",41140,2022,267.5425,235.9475,31.595000000000027,13.390690725691101
41140,"St. Joseph, MO-KS",29021,Buchanan County,Missouri,"St. Joseph, MO-KS",41140,2023,288.07,267.5425,20.527499999999975,7.672612762458297
41140,"St. Joseph, MO-KS",29021,Buchanan County,Missouri,"St. Joseph, MO-KS",41140,2024,316.6325,288.07,28.5625,9.915124796056517
41140,"St. Joseph, MO-KS",29021,Buchanan County,Missouri,"St. Joseph, MO-KS",41140,2025,335.03999999999996,316.6325,18.40749999999997,5.813521985266812
41140,"St. Joseph, MO-KS",29063,DeKalb County,Missouri,"St. Joseph, MO-KS",41140,2022,267.5425,235.9475,31.595000000000027,13.390690725691101
41140,"St. Joseph, MO-KS",29063,DeKalb County,Missouri,"St. Joseph, MO-KS",41140,2023,288.07,267.5425,20.527499999999975,7.672612762458297
41140,"St. Joseph, MO-KS",29063,DeKalb County,Missouri,"St. Joseph, MO-KS",41140,2024,316.6325,288.07,28.5625,9.915124796056517
41140,"St. Joseph, MO-KS",29063,DeKalb County,Missouri,"St. Joseph, MO-KS",41140,2025,335.03999999999996,316.6325,18.40749999999997,5.813521985266812
41180,"St. Louis, MO-IL",17005,Bond County,Illinois,"St. Louis, MO-IL",41180,2022,283.19916666666666,254.84333333333333,28.355833333333322,11.126770695721543
41180,"St. Louis, MO-IL",17005,Bond County,Illinois,"St. Louis, MO-IL",41180,2023,300.86583333333334,283.19916666666666,17.666666666666686,6.238248111605804
41180,"St. Louis, MO-IL",17005,Bond County,Illinois,"St. Louis, MO-IL",41180,2024,319.87166666666667,300.86583333333334,19.005833333333328,6.317046080894295
41180,"St. Louis, MO-IL",17005,Bond County,Illinois,"St. Louis, MO-IL",41180,2025,332.25666666666666,319.87166666666667,12.384999999999991,3.8718652793047204
41180,"St. Louis, MO-IL",17013,Calhoun County,Illinois,"St. Louis, MO-IL",41180,2022,283.19916666666666,254.84333333333333,28.355833333333322,11.126770695721543
41180,"St. Louis, MO-IL",17013,Calhoun County,Illinois,"St. Louis, MO-IL",41180,2023,300.86583333333334,283.19916666666666,17.666666666666686,6.238248111605804
41180,"St. Louis, MO-IL",17013,Calhoun County,Illinois,"St. Louis, MO-IL",41180,2024,319.87166666666667,300.86583333333334,19.005833333333328,6.317046080894295
41180,"St. Louis, MO-IL",17013,Calhoun County,Illinois,"St. Louis, MO-IL",41180,2025,332.25666666666666,319.87166666666667,12.384999999999991,3.8718652793047204
41180,"St. Louis, MO-IL",17027,Clinton County,Illinois,"St. Louis, MO-IL",41180,2022,283.19916666666666,254.84333333333333,28.355833333333322,11.126770695721543
41180,"St. Louis, MO-IL",17027,Clinton County,Illinois,"St. Louis, MO-IL",41180,2023,300.86583333333334,283.19916666666666,17.666666666666686,6.238248111605804
41180,"St. Louis, MO-IL",17027,Clinton County,Illinois,"St. Louis, MO-IL",41180,2024,319.87166666666667,300.86583333333334,19.005833333333328,6.317046080894295
41180,"St. Louis, MO-IL",17027,Clinton County,Illinois,"St. Louis, MO-IL",41180,2025,332.25666666666666,319.87166666666667,12.384999999999991,3.8718652793047204
41180,"St. Louis, MO-IL",17083,Jersey County,Illinois,"St. Louis, MO-IL",41180,2022,283.19916666666666,254.84333333333333,28.355833333333322,11.126770695721543
41180,"St. Louis, MO-IL",17083,Jersey County,Illinois,"St. Louis, MO-IL",41180,2023,300.86583333333334,283.19916666666666,17.666666666666686,6.238248111605804
41180,"St. Louis, MO-IL",17083,Jersey County,Illinois,"St. Louis, MO-IL",41180,2024,319.87166666666667,300.86583333333334,19.005833333333328,6.317046080894295
41180,"St. Louis, MO-IL",17083,Jersey County,Illinois,"St. Louis, MO-IL",41180,2025,332.25666666666666,319.87166666666667,12.384999999999991,3.8718652793047204
41180,"St. Louis, MO-IL",17117,Macoupin County,Illinois,"St. Louis, MO-IL",41180,2022,283.19916666666666,254.84333333333333,28.355833333333322,11.126770695721543
41180,"St. Louis, MO-IL",17117,Macoupin County,Illinois,"St. Louis, MO-IL",41180,2023,300.86583333333334,283.19916666666666,17.666666666666686,6.238248111605804
41180,"St. Louis, MO-IL",17117,Macoupin County,Illinois,"St. Louis, MO-IL",41180,2024,319.87166666666667,300.86583333333334,19.005833333333328,6.317046080894295
41180,"St. Louis, MO-IL",17117,Macoupin County,Illinois,"St. Louis, MO-IL",41180,2025,332.25666666666666,319.87166666666667,12.384999999999991,3.8718652793047204
41180,"St. Louis, MO-IL",17119,Madison County,Illinois,"St. Louis, MO-IL",41180,2022,283.19916666666666,254.84333333333333,28.355833333333322,11.126770695721543
41180,"St. Louis, MO-IL",17119,Madison County,Illinois,"St. Louis, MO-IL",41180,2023,300.86583333333334,283.19916666666666,17.666666666666686,6.238248111605804
41180,"St. Louis, MO-IL",17119,Madison County,Illinois,"St. Louis, MO-IL",41180,2024,319.87166666666667,300.86583333333334,19.005833333333328,6.317046080894295
41180,"St. Louis, MO-IL",17119,Madison County,Illinois,"St. Louis, MO-IL",41180,2025,332.25666666666666,319.87166666666667,12.384999999999991,3.8718652793047204
41180,"St. Louis, MO-IL",17133,Monroe County,Illinois,"St. Louis, MO-IL",41180,2022,283.19916666666666,254.84333333333333,28.355833333333322,11.126770695721543
41180,"St. Louis, MO-IL",17133,Monroe County,Illinois,"St. Louis, MO-IL",41180,2023,300.86583333333334,283.19916666666666,17.666666666666686,6.238248111605804
41180,"St. Louis, MO-IL",17133,Monroe County,Illinois,"St. Louis, MO-IL",41180,2024,319.87166666666667,300.86583333333334,19.005833333333328,6.317046080894295
41180,"St. Louis, MO-IL",17133,Monroe County,Illinois,"St. Louis, MO-IL",41180,2025,332.25666666666666,319.87166666666667,12.384999999999991,3.8718652793047204
41180,"St. Louis, MO-IL",17163,St. Clair County,Illinois,"St. Louis, MO-IL",41180,2022,283.19916666666666,254.84333333333333,28.355833333333322,11.126770695721543
41180,"St. Louis, MO-IL",17163,St. Clair County,Illinois,"St. Louis, MO-IL",41180,2023,300.86583333333334,283.19916666666666,17.666666666666686,6.238248111605804
41180,"St. Louis, MO-IL",17163,St. Clair County,Illinois,"St. Louis, MO-IL",41180,2024,319.87166666666667,300.86583333333334,19.005833333333328,6.317046080894295
41180,"St. Louis, MO-IL",17163,St. Clair County,Illinois,"St. Louis, MO-IL",41180,2025,332.25666666666666,319.87166666666667,12.384999999999991,3.8718652793047204
41180,"St. Louis, MO-IL",29071,Franklin County,Missouri,"St. Louis, MO-IL",41180,2022,283.19916666666666,254.84333333333333,28.355833333333322,11.126770695721543
41180,"St. Louis, MO-IL",29071,Franklin County,Missouri,"St. Louis, MO-IL",41180,2023,300.86583333333334,283.19916666666666,17.666666666666686,6.238248111605804
41180,"St. Louis, MO-IL",29071,Franklin County,Missouri,"St. Louis, MO-IL",41180,2024,319.87166666666667,300.86583333333334,19.005833333333328,6.317046080894295
41180,"St. Louis, MO-IL",29071,Franklin County,Missouri,"St. Louis, MO-IL",41180,2025,332.25666666666666,319.87166666666667,12.384999999999991,3.8718652793047204
41180,"St. Louis, MO-IL",29099,Jefferson County,Missouri,"St. Louis, MO-IL",41180,2022,283.19916666666666,254.84333333333333,28.355833333333322,11.126770695721543
41180,"St. Louis, MO-IL",29099,Jefferson County,Missouri,"St. Louis, MO-IL",41180,2023,300.86583333333334,283.19916666666666,17.666666666666686,6.238248111605804
41180,"St. Louis, MO-IL",29099,Jefferson County,Missouri,"St. Louis, MO-IL",41180,2024,319.87166666666667,300.86583333333334,19.005833333333328,6.317046080894295
41180,"St. Louis, MO-IL",29099,Jefferson County,Missouri,"St. Louis, MO-IL",41180,2025,332.25666666666666,319.87166666666667,12.384999999999991,3.8718652793047204
41180,"St. Louis, MO-IL",29113,Lincoln County,Missouri,"St. Louis, MO-IL",41180,2022,283.19916666666666,254.84333333333333,28.355833333333322,11.126770695721543
41180,"St. Louis, MO-IL",29113,Lincoln County,Missouri,"St. Louis, MO-IL",41180,2023,300.86583333333334,283.19916666666666,17.666666666666686,6.238248111605804
41180,"St. Louis, MO-IL",29113,Lincoln County,Missouri,"St. Louis, MO-IL",41180,2024,319.87166666666667,300.86583333333334,19.005833333333328,6.317046080894295
41180,"St. Louis, MO-IL",29113,Lincoln County,Missouri,"St. Louis, MO-IL",41180,2025,332.25666666666666,319.87166666666667,12.384999999999991,3.8718652793047204
41180,"St. Louis, MO-IL",29183,St. Charles County,Missouri,"St. Louis, MO-IL",41180,2022,283.19916666666666,254.84333333333333,28.355833333333322,11.126770695721543
41180,"St. Louis, MO-IL",29183,St. Charles County,Missouri,"St. Louis, MO-IL",41180,2023,300.86583333333334,283.19916666666666,17.666666666666686,6.238248111605804
41180,"St. Louis, MO-IL",29183,St. Charles County,Missouri,"St. Louis, MO-IL",41180,2024,319.87166666666667,300.86583333333334,19.005833333333328,6.317046080894295
41180,"St. Louis, MO-IL",29183,St. Charles County,Missouri,"St. Louis, MO-IL",41180,2025,332.25666666666666,319.87166666666667,12.384999999999991,3.8718652793047204
41180,"St. Louis, MO-IL",29189,St. Louis County,Missouri,"St. Louis, MO-IL",41180,2022,283.19916666666666,254.84333333333333,28.355833333333322,11.126770695721543
41180,"St. Louis, MO-IL",29189,St. Louis County,Missouri,"St. Louis, MO-IL",41180,2023,300.86583333333334,283.19916666666666,17.666666666666686,6.238248111605804
41180,"St. Louis, MO-IL",29189,St. Louis County,Missouri,"St. Louis, MO-IL",41180,2024,319.87166666666667,300.86583333333334,19.005833333333328,6.317046080894295
41180,"St. Louis, MO-IL",29189,St. Louis County,Missouri,"St. Louis, MO-IL",41180,2025,332.25666666666666,319.87166666666667,12.384999999999991,3.8718652793047204
41180,"St. Louis, MO-IL",29219,Warren County,Missouri,"St. Louis, MO-IL",41180,2022,283.19916666666666,254.84333333333333,28.355833333333322,11.126770695721543
41180,"St. Louis, MO-IL",29219,Warren County,Missouri,"St. Louis, MO-IL",41180,2023,300.86583333333334,283.19916666666666,17.666666666666686,6.238248111605804
41180,"St. Louis, MO-IL",29219,Warren County,Missouri,"St. Louis, MO-IL",41180,2024,319.87166666666667,300.86583333333334,19.005833333333328,6.317046080894295
41180,"St. Louis, MO-IL",29219,Warren County,Missouri,"St. Louis, MO-IL",41180,2025,332.25666666666666,319.87166666666667,12.384999999999991,3.8718652793047204
41180,"St. Louis, MO-IL",29510,St. Louis city,Missouri,"St. Louis, MO-IL",41180,2022,283.19916666666666,254.84333333333333,28.355833333333322,11.126770695721543
41180,"St. Louis, MO-IL",29510,St. Louis city,Missouri,"St. Louis, MO-IL",41180,2023,300.86583333333334,283.19916666666666,17.666666666666686,6.238248111605804
41180,"St. Louis, MO-IL",29510,St. Louis city,Missouri,"St. Louis, MO-IL",41180,2024,319.87166666666667,300.86583333333334,19.005833333333328,6.317046080894295
41180,"St. Louis, MO-IL",29510,St. Louis city,Missouri,"St. Louis, MO-IL",41180,2025,332.25666666666666,319.87166666666667,12.384999999999991,3.8718652793047204
41420,"Salem, OR",41047,Marion County,Oregon,"Salem, OR",41420,2022,391.6725,342.7975,48.875,14.257688577075388
41420,"Salem, OR",41047,Marion County,Oregon,"Salem, OR",41420,2023,400.8525,391.6725,9.180000000000007,2.343794879650729
41420,"Salem, OR",41047,Marion County,Oregon,"Salem, OR",41420,2024,413.70500000000004,400.8525,12.85250000000002,3.206291591046595
41420,"Salem, OR",41047,Marion County,Oregon,"Salem, OR",41420,2025,422.46000000000004,413.70500000000004,8.754999999999995,2.116242249912381
41420,"Salem, OR",41053,Polk County,Oregon,"Salem, OR",41420,2022,391.6725,342.7975,48.875,14.257688577075388
41420,"Salem, OR",41053,Polk County,Oregon,"Salem, OR",41420,2023,400.8525,391.6725,9.180000000000007,2.343794879650729
41420,"Salem, OR",41053,Polk County,Oregon,"Salem, OR",41420,2024,413.70500000000004,400.8525,12.85250000000002,3.206291591046595
41420,"Salem, OR",41053,Polk County,Oregon,"Salem, OR",41420,2025,422.46000000000004,413.70500000000004,8.754999999999995,2.116242249912381
41500,"Salinas, CA",06053,Monterey County,California,"Salinas, CA",41500,2022,401.8725,351.695,50.17750000000001,14.267333911485803
41500,"Salinas, CA",06053,Monterey County,California,"Salinas, CA",41500,2023,409.2625,401.8725,7.389999999999986,1.8388916882842166
41500,"Salinas, CA",06053,Monterey County,California,"Salinas, CA",41500,2024,433.8025,409.2625,24.54000000000002,5.996151614184053
41500,"Salinas, CA",06053,Monterey County,California,"Salinas, CA",41500,2025,442.455,433.8025,8.652499999999975,1.9945712622679634
41540,"Salisbury, MD",24039,Somerset County,Maryland,"Salisbury, MD",41540,2022,263.1175,224.32750000000001,38.78999999999999,17.291682918946627
41540,"Salisbury, MD",24039,Somerset County,Maryland,"Salisbury, MD",41540,2023,282.9625,263.1175,19.84499999999997,7.542257736562541
41540,"Salisbury, MD",24039,Somerset County,Maryland,"Salisbury, MD",41540,2024,302.025,282.9625,19.0625,6.736758404382215
41540,"Salisbury, MD",24039,Somerset County,Maryland,"Salisbury, MD",41540,2025,317.20500000000004,302.025,15.180000000000064,5.026074000496661
41540,"Salisbury, MD",24045,Wicomico County,Maryland,"Salisbury, MD",41540,2022,263.1175,224.32750000000001,38.78999999999999,17.291682918946627
41540,"Salisbury, MD",24045,Wicomico County,Maryland,"Salisbury, MD",41540,2023,282.9625,263.1175,19.84499999999997,7.542257736562541
41540,"Salisbury, MD",24045,Wicomico County,Maryland,"Salisbury, MD",41540,2024,302.025,282.9625,19.0625,6.736758404382215
41540,"Salisbury, MD",24045,Wicomico County,Maryland,"Salisbury, MD",41540,2025,317.20500000000004,302.025,15.180000000000064,5.026074000496661
41620,"Salt Lake City-Murray, UT",49035,Salt Lake County,Utah,"Salt Lake City-Murray, UT",41620,2022,604.78625,525.5550000000001,79.23124999999993,15.075729466944443
41620,"Salt Lake City-Murray, UT",49035,Salt Lake County,Utah,"Salt Lake City-Murray, UT",41620,2023,597.91125,604.78625,-6.875,-1.1367652621070645
41620,"Salt Lake City-Murray, UT",49035,Salt Lake County,Utah,"Salt Lake City-Murray, UT",41620,2024,627.3525,597.91125,29.441249999999968,4.924016733252623
41620,"Salt Lake City-Murray, UT",49035,Salt Lake County,Utah,"Salt Lake City-Murray, UT",41620,2025,644.45,627.3525,17.097500000000082,2.725341813414328
41620,"Salt Lake City-Murray, UT",49045,Tooele County,Utah,"Salt Lake City-Murray, UT",41620,2022,604.78625,525.5550000000001,79.23124999999993,15.075729466944443
41620,"Salt Lake City-Murray, UT",49045,Tooele County,Utah,"Salt Lake City-Murray, UT",41620,2023,597.91125,604.78625,-6.875,-1.1367652621070645
41620,"Salt Lake City-Murray, UT",49045,Tooele County,Utah,"Salt Lake City-Murray, UT",41620,2024,627.3525,597.91125,29.441249999999968,4.924016733252623
41620,"Salt Lake City-Murray, UT",49045,Tooele County,Utah,"Salt Lake City-Murray, UT",41620,2025,644.45,627.3525,17.097500000000082,2.725341813414328
41660,"San Angelo, TX",48235,Irion County,Texas,"San Angelo, TX",41660,2022,346.1625,301.005,45.15750000000003,15.00224248766633
41660,"San Angelo, TX",48235,Irion County,Texas,"San Angelo, TX",41660,2023,354.5725,346.1625,8.409999999999968,2.429494818185085
41660,"San Angelo, TX",48235,Irion County,Texas,"San Angelo, TX",41660,2024,376.65,354.5725,22.077499999999986,6.226512208363588
41660,"San Angelo, TX",48235,Irion County,Texas,"San Angelo, TX",41660,2025,379.025,376.65,2.375,0.6305588742864687
41660,"San Angelo, TX",48451,Tom Green County,Texas,"San Angelo, TX",41660,2022,346.1625,301.005,45.15750000000003,15.00224248766633
41660,"San Angelo, TX",48451,Tom Green County,Texas,"San Angelo, TX",41660,2023,354.5725,346.1625,8.409999999999968,2.429494818185085
41660,"San Angelo, TX",48451,Tom Green County,Texas,"San Angelo, TX",41660,2024,376.65,354.5725,22.077499999999986,6.226512208363588
41660,"San Angelo, TX",48451,Tom Green County,Texas,"San Angelo, TX",41660,2025,379.025,376.65,2.375,0.6305588742864687
41700,"San Antonio-New Braunfels, TX",48013,Atascosa County,Texas,"San Antonio-New Braunfels, TX",41700,2022,414.9558333333334,355.1758333333333,59.780000000000086,16.831100088923122
41700,"San Antonio-New Braunfels, TX",48013,Atascosa County,Texas,"San Antonio-New Braunfels, TX",41700,2023,420.5958333333333,414.9558333333334,5.6399999999999295,1.3591807963498015
41700,"San Antonio-New Braunfels, TX",48013,Atascosa County,Texas,"San Antonio-New Braunfels, TX",41700,2024,422.72499999999997,420.5958333333333,2.129166666666663,0.5062262861218692
41700,"San Antonio-New Braunfels, TX",48013,Atascosa County,Texas,"San Antonio-New Braunfels, TX",41700,2025,423.1166666666666,422.72499999999997,0.3916666666666515,0.09265282788257778
41700,"San Antonio-New Braunfels, TX",48019,Bandera County,Texas,"San Antonio-New Braunfels, TX",41700,2022,414.9558333333334,355.1758333333333,59.780000000000086,16.831100088923122
41700,"San Antonio-New Braunfels, TX",48019,Bandera County,Texas,"San Antonio-New Braunfels, TX",41700,2023,420.5958333333333,414.9558333333334,5.6399999999999295,1.3591807963498015
41700,"San Antonio-New Braunfels, TX",48019,Bandera County,Texas,"San Antonio-New Braunfels, TX",41700,2024,422.72499999999997,420.5958333333333,2.129166666666663,0.5062262861218692
41700,"San Antonio-New Braunfels, TX",48019,Bandera County,Texas,"San Antonio-New Braunfels, TX",41700,2025,423.1166666666666,422.72499999999997,0.3916666666666515,0.09265282788257778
41700,"San Antonio-New Braunfels, TX",48029,Bexar County,Texas,"San Antonio-New Braunfels, TX",41700,2022,414.9558333333334,355.1758333333333,59.780000000000086,16.831100088923122
41700,"San Antonio-New Braunfels, TX",48029,Bexar County,Texas,"San Antonio-New Braunfels, TX",41700,2023,420.5958333333333,414.9558333333334,5.6399999999999295,1.3591807963498015
41700,"San Antonio-New Braunfels, TX",48029,Bexar County,Texas,"San Antonio-New Braunfels, TX",41700,2024,422.72499999999997,420.5958333333333,2.129166666666663,0.5062262861218692
41700,"San Antonio-New Braunfels, TX",48029,Bexar County,Texas,"San Antonio-New Braunfels, TX",41700,2025,423.1166666666666,422.72499999999997,0.3916666666666515,0.09265282788257778
41700,"San Antonio-New Braunfels, TX",48091,Comal County,Texas,"San Antonio-New Braunfels, TX",41700,2022,414.9558333333334,355.1758333333333,59.780000000000086,16.831100088923122
41700,"San Antonio-New Braunfels, TX",48091,Comal County,Texas,"San Antonio-New Braunfels, TX",41700,2023,420.5958333333333,414.9558333333334,5.6399999999999295,1.3591807963498015
41700,"San Antonio-New Braunfels, TX",48091,Comal County,Texas,"San Antonio-New Braunfels, TX",41700,2024,422.72499999999997,420.5958333333333,2.129166666666663,0.5062262861218692
41700,"San Antonio-New Braunfels, TX",48091,Comal County,Texas,"San Antonio-New Braunfels, TX",41700,2025,423.1166666666666,422.72499999999997,0.3916666666666515,0.09265282788257778
41700,"San Antonio-New Braunfels, TX",48187,Guadalupe County,Texas,"San Antonio-New Braunfels, TX",41700,2022,414.9558333333334,355.1758333333333,59.780000000000086,16.831100088923122
41700,"San Antonio-New Braunfels, TX",48187,Guadalupe County,Texas,"San Antonio-New Braunfels, TX",41700,2023,420.5958333333333,414.9558333333334,5.6399999999999295,1.3591807963498015
41700,"San Antonio-New Braunfels, TX",48187,Guadalupe County,Texas,"San Antonio-New Braunfels, TX",41700,2024,422.72499999999997,420.5958333333333,2.129166666666663,0.5062262861218692
41700,"San Antonio-New Braunfels, TX",48187,Guadalupe County,Texas,"San Antonio-New Braunfels, TX",41700,2025,423.1166666666666,422.72499999999997,0.3916666666666515,0.09265282788257778
41700,"San Antonio-New Braunfels, TX",48259,Kendall County,Texas,"San Antonio-New Braunfels, TX",41700,2022,414.9558333333334,355.1758333333333,59.780000000000086,16.831100088923122
41700,"San Antonio-New Braunfels, TX",48259,Kendall County,Texas,"San Antonio-New Braunfels, TX",41700,2023,420.5958333333333,414.9558333333334,5.6399999999999295,1.3591807963498015
41700,"San Antonio-New Braunfels, TX",48259,Kendall County,Texas,"San Antonio-New Braunfels, TX",41700,2024,422.72499999999997,420.5958333333333,2.129166666666663,0.5062262861218692
41700,"San Antonio-New Braunfels, TX",48259,Kendall County,Texas,"San Antonio-New Braunfels, TX",41700,2025,423.1166666666666,422.72499999999997,0.3916666666666515,0.09265282788257778
41700,"San Antonio-New Braunfels, TX",48325,Medina County,Texas,"San Antonio-New Braunfels, TX",41700,2022,414.9558333333334,355.1758333333333,59.780000000000086,16.831100088923122
41700,"San Antonio-New Braunfels, TX",48325,Medina County,Texas,"San Antonio-New Braunfels, TX",41700,2023,420.5958333333333,414.9558333333334,5.6399999999999295,1.3591807963498015
41700,"San Antonio-New Braunfels, TX",48325,Medina County,Texas,"San Antonio-New Braunfels, TX",41700,2024,422.72499999999997,420.5958333333333,2.129166666666663,0.5062262861218692
41700,"San Antonio-New Braunfels, TX",48325,Medina County,Texas,"San Antonio-New Braunfels, TX",41700,2025,423.1166666666666,422.72499999999997,0.3916666666666515,0.09265282788257778
41700,"San Antonio-New Braunfels, TX",48493,Wilson County,Texas,"San Antonio-New Braunfels, TX",41700,2022,414.9558333333334,355.1758333333333,59.780000000000086,16.831100088923122
41700,"San Antonio-New Braunfels, TX",48493,Wilson County,Texas,"San Antonio-New Braunfels, TX",41700,2023,420.5958333333333,414.9558333333334,5.6399999999999295,1.3591807963498015
41700,"San Antonio-New Braunfels, TX",48493,Wilson County,Texas,"San Antonio-New Braunfels, TX",41700,2024,422.72499999999997,420.5958333333333,2.129166666666663,0.5062262861218692
41700,"San Antonio-New Braunfels, TX",48493,Wilson County,Texas,"San Antonio-New Braunfels, TX",41700,2025,423.1166666666666,422.72499999999997,0.3916666666666515,0.09265282788257778
41740,"San Diego-Chula Vista-Carlsbad, CA",06073,San Diego County,California,"San Diego-Chula Vista-Carlsbad, CA",41740,2022,482.26937499999997,425.075,57.19437499999998,13.455125566076575
41740,"San Diego-Chula Vista-Carlsbad, CA",06073,San Diego County,California,"San Diego-Chula Vista-Carlsbad, CA",41740,2023,501.673125,482.26937499999997,19.40375000000006,4.023425704773409
41740,"San Diego-Chula Vista-Carlsbad, CA",06073,San Diego County,California,"San Diego-Chula Vista-Carlsbad, CA",41740,2024,535.708125,501.673125,34.03499999999997,6.784298042674686
41740,"San Diego-Chula Vista-Carlsbad, CA",06073,San Diego County,California,"San Diego-Chula Vista-Carlsbad, CA",41740,2025,545.785,535.708125,10.076874999999973,1.881038298607085
41780,"Sandusky, OH",39043,Erie County,Ohio,"Sandusky, OH",41780,2022,233.6725,205.12,28.55250000000001,13.919900546021836
41780,"Sandusky, OH",39043,Erie County,Ohio,"Sandusky, OH",41780,2023,256.875,233.6725,23.202499999999986,9.929495340701177
41780,"Sandusky, OH",39043,Erie County,Ohio,"Sandusky, OH",41780,2024,274.195,256.875,17.319999999999993,6.742579075425792
41780,"Sandusky, OH",39043,Erie County,Ohio,"Sandusky, OH",41780,2025,301.145,274.195,26.94999999999999,9.828771494739152
41780,"Sandusky, OH",39123,Ottawa County,Ohio,"Sandusky, OH",41780,2022,233.6725,205.12,28.55250000000001,13.919900546021836
41780,"Sandusky, OH",39123,Ottawa County,Ohio,"Sandusky, OH",41780,2023,256.875,233.6725,23.202499999999986,9.929495340701177
41780,"Sandusky, OH",39123,Ottawa County,Ohio,"Sandusky, OH",41780,2024,274.195,256.875,17.319999999999993,6.742579075425792
41780,"Sandusky, OH",39123,Ottawa County,Ohio,"Sandusky, OH",41780,2025,301.145,274.195,26.94999999999999,9.828771494739152
41940,"San Jose-Sunnyvale-Santa Clara, CA",06069,San Benito County,California,"San Jose-Sunnyvale-Santa Clara, CA",41940,2022,515.1225000000001,464.3675,50.75500000000005,10.929920806257986
41940,"San Jose-Sunnyvale-Santa Clara, CA",06069,San Benito County,California,"San Jose-Sunnyvale-Santa Clara, CA",41940,2023,527.5933333333334,515.1225000000001,12.470833333333303,2.420945179706435
41940,"San Jose-Sunnyvale-Santa Clara, CA",06069,San Benito County,California,"San Jose-Sunnyvale-Santa Clara, CA",41940,2024,555.6925,527.5933333333334,28.099166666666633,5.32591389833077
41940,"San Jose-Sunnyvale-Santa Clara, CA",06069,San Benito County,California,"San Jose-Sunnyvale-Santa Clara, CA",41940,2025,560.5433333333333,555.6925,4.8508333333332985,0.8729348215664734
41940,"San Jose-Sunnyvale-Santa Clara, CA",06085,Santa Clara County,California,"San Jose-Sunnyvale-Santa Clara, CA",41940,2022,515.1225000000001,464.3675,50.75500000000005,10.929920806257986
41940,"San Jose-Sunnyvale-Santa Clara, CA",06085,Santa Clara County,California,"San Jose-Sunnyvale-Santa Clara, CA",41940,2023,527.5933333333334,515.1225000000001,12.470833333333303,2.420945179706435
41940,"San Jose-Sunnyvale-Santa Clara, CA",06085,Santa Clara County,California,"San Jose-Sunnyvale-Santa Clara, CA",41940,2024,555.6925,527.5933333333334,28.099166666666633,5.32591389833077
41940,"San Jose-Sunnyvale-Santa Clara, CA",06085,Santa Clara County,California,"San Jose-Sunnyvale-Santa Clara, CA",41940,2025,560.5433333333333,555.6925,4.8508333333332985,0.8729348215664734
42020,"San Luis Obispo-Paso Robles, CA",06079,San Luis Obispo County,California,"San Luis Obispo-Paso Robles, CA",42020,2022,452.05,390.6975,61.35250000000002,15.703325462794115
42020,"San Luis Obispo-Paso Robles, CA",06079,San Luis Obispo County,California,"San Luis Obispo-Paso Robles, CA",42020,2023,473.89750000000004,452.05,21.847500000000025,4.832983077093256
42020,"San Luis Obispo-Paso Robles, CA",06079,San Luis Obispo County,California,"San Luis Obispo-Paso Robles, CA",42020,2024,496.4,473.89750000000004,22.50249999999994,4.748389683423082
42020,"San Luis Obispo-Paso Robles, CA",06079,San Luis Obispo County,California,"San Luis Obispo-Paso Robles, CA",42020,2025,508.93000000000006,496.4,12.530000000000086,2.524174053182926
42100,"Santa Cruz-Watsonville, CA",06087,Santa Cruz County,California,"Santa Cruz-Watsonville, CA",42100,2022,444.1225,389.95000000000005,54.17249999999996,13.89216566226439
42100,"Santa Cruz-Watsonville, CA",06087,Santa Cruz County,California,"Santa Cruz-Watsonville, CA",42100,2023,442.815,444.1225,-1.3075000000000045,-0.29440075654803
42100,"Santa Cruz-Watsonville, CA",06087,Santa Cruz County,California,"Santa Cruz-Watsonville, CA",42100,2024,452.165,442.815,9.350000000000023,2.1114912548129583
42100,"Santa Cruz-Watsonville, CA",06087,Santa Cruz County,California,"Santa Cruz-Watsonville, CA",42100,2025,453.565,452.165,1.3999999999999773,0.30962148773123754
42140,"Santa Fe, NM",35049,Santa Fe County,New Mexico,"Santa Fe, NM",42140,2022,295.55,254.27999999999997,41.27000000000004,16.230140003146154
42140,"Santa Fe, NM",35049,Santa Fe County,New Mexico,"Santa Fe, NM",42140,2023,311.835,295.55,16.284999999999968,5.510065978683798
42140,"Santa Fe, NM",35049,Santa Fe County,New Mexico,"Santa Fe, NM",42140,2024,333.6775,311.835,21.84250000000003,7.004505587891052
42140,"Santa Fe, NM",35049,Santa Fe County,New Mexico,"Santa Fe, NM",42140,2025,335.24,333.6775,1.5625,0.4682665148234344
42200,"Santa Maria-Santa Barbara, CA",06083,Santa Barbara County,California,"Santa Maria-Santa Barbara, CA",42200,2022,423.24,359.0175,64.22250000000003,17.88840376861853
42200,"Santa Maria-Santa Barbara, CA",06083,Santa Barbara County,California,"Santa Maria-Santa Barbara, CA",42200,2023,447.36,423.24,24.120000000000005,5.698894244400332
42200,"Santa Maria-Santa Barbara, CA",06083,Santa Barbara County,California,"Santa Maria-Santa Barbara, CA",42200,2024,481.855,447.36,34.495000000000005,7.710792203147365
42200,"Santa Maria-Santa Barbara, CA",06083,Santa Barbara County,California,"Santa Maria-Santa Barbara, CA",42200,2025,492.6,481.855,10.745000000000005,2.229923939774414
42220,"Santa Rosa-Petaluma, CA",06097,Sonoma County,California,"Santa Rosa-Petaluma, CA",42220,2022,402.175,366.5225,35.65250000000003,9.727233662326329
42220,"Santa Rosa-Petaluma, CA",06097,Sonoma County,California,"Santa Rosa-Petaluma, CA",42220,2023,406.005,402.175,3.829999999999984,0.9523217504817438
42220,"Santa Rosa-Petaluma, CA",06097,Sonoma County,California,"Santa Rosa-Petaluma, CA",42220,2024,424.2375,406.005,18.232500000000016,4.4907082425093225
42220,"Santa Rosa-Petaluma, CA",06097,Sonoma County,California,"Santa Rosa-Petaluma, CA",42220,2025,425.095,424.2375,0.8575000000000159,0.20212734612099492
42340,"Savannah, GA",13029,Bryan County,Georgia,"Savannah, GA",42340,2022,367.2025,296.8375,70.36500000000001,23.704889038615406
42340,"Savannah, GA",13029,Bryan County,Georgia,"Savannah, GA",42340,2023,415.65999999999997,367.2025,48.45749999999998,13.196397083353183
42340,"Savannah, GA",13029,Bryan County,Georgia,"Savannah, GA",42340,2024,445.245,415.65999999999997,29.585000000000036,7.117596112207103
42340,"Savannah, GA",13029,Bryan County,Georgia,"Savannah, GA",42340,2025,460.065,445.245,14.819999999999993,3.328504531213161
42340,"Savannah, GA",13051,Chatham County,Georgia,"Savannah, GA",42340,2022,367.2025,296.8375,70.36500000000001,23.704889038615406
42340,"Savannah, GA",13051,Chatham County,Georgia,"Savannah, GA",42340,2023,415.65999999999997,367.2025,48.45749999999998,13.196397083353183
42340,"Savannah, GA",13051,Chatham County,Georgia,"Savannah, GA",42340,2024,445.245,415.65999999999997,29.585000000000036,7.117596112207103
42340,"Savannah, GA",13051,Chatham County,Georgia,"Savannah, GA",42340,2025,460.065,445.245,14.819999999999993,3.328504531213161
42340,"Savannah, GA",13103,Effingham County,Georgia,"Savannah, GA",42340,2022,367.2025,296.8375,70.36500000000001,23.704889038615406
42340,"Savannah, GA",13103,Effingham County,Georgia,"Savannah, GA",42340,2023,415.65999999999997,367.2025,48.45749999999998,13.196397083353183
42340,"Savannah, GA",13103,Effingham County,Georgia,"Savannah, GA",42340,2024,445.245,415.65999999999997,29.585000000000036,7.117596112207103
42340,"Savannah, GA",13103,Effingham County,Georgia,"Savannah, GA",42340,2025,460.065,445.245,14.819999999999993,3.328504531213161
42540,"Scranton--Wilkes-Barre, PA",42069,Lackawanna County,Pennsylvania,"Scranton--Wilkes-Barre, PA",42540,2022,248.39499999999998,212.82999999999998,35.565,16.710520133439832
42540,"Scranton--Wilkes-Barre, PA",42069,Lackawanna County,Pennsylvania,"Scranton--Wilkes-Barre, PA",42540,2023,263.1875,248.39499999999998,14.792500000000018,5.9552325932486605
42540,"Scranton--Wilkes-Barre, PA",42069,Lackawanna County,Pennsylvania,"Scranton--Wilkes-Barre, PA",42540,2024,288.9975,263.1875,25.810000000000002,9.806696746616005
42540,"Scranton--Wilkes-Barre, PA",42069,Lackawanna County,Pennsylvania,"Scranton--Wilkes-Barre, PA",42540,2025,304.27,288.9975,15.27249999999998,5.284647791070851
42540,"Scranton--Wilkes-Barre, PA",42079,Luzerne County,Pennsylvania,"Scranton--Wilkes-Barre, PA",42540,2022,248.39499999999998,212.82999999999998,35.565,16.710520133439832
42540,"Scranton--Wilkes-Barre, PA",42079,Luzerne County,Pennsylvania,"Scranton--Wilkes-Barre, PA",42540,2023,263.1875,248.39499999999998,14.792500000000018,5.9552325932486605
42540,"Scranton--Wilkes-Barre, PA",42079,Luzerne County,Pennsylvania,"Scranton--Wilkes-Barre, PA",42540,2024,288.9975,263.1875,25.810000000000002,9.806696746616005
42540,"Scranton--Wilkes-Barre, PA",42079,Luzerne County,Pennsylvania,"Scranton--Wilkes-Barre, PA",42540,2025,304.27,288.9975,15.27249999999998,5.284647791070851
42540,"Scranton--Wilkes-Barre, PA",42131,Wyoming County,Pennsylvania,"Scranton--Wilkes-Barre, PA",42540,2022,248.39499999999998,212.82999999999998,35.565,16.710520133439832
42540,"Scranton--Wilkes-Barre, PA",42131,Wyoming County,Pennsylvania,"Scranton--Wilkes-Barre, PA",42540,2023,263.1875,248.39499999999998,14.792500000000018,5.9552325932486605
42540,"Scranton--Wilkes-Barre, PA",42131,Wyoming County,Pennsylvania,"Scranton--Wilkes-Barre, PA",42540,2024,288.9975,263.1875,25.810000000000002,9.806696746616005
42540,"Scranton--Wilkes-Barre, PA",42131,Wyoming County,Pennsylvania,"Scranton--Wilkes-Barre, PA",42540,2025,304.27,288.9975,15.27249999999998,5.284647791070851
42680,"Sebastian-Vero Beach-West Vero Corridor, FL",12061,Indian River County,Florida,"Sebastian-Vero Beach-West Vero Corridor, FL",42680,2022,406.49,322.3025,84.1875,26.120647528331297
42680,"Sebastian-Vero Beach-West Vero Corridor, FL",12061,Indian River County,Florida,"Sebastian-Vero Beach-West Vero Corridor, FL",42680,2023,427.3225,406.49,20.832499999999982,5.124972324042409
42680,"Sebastian-Vero Beach-West Vero Corridor, FL",12061,Indian River County,Florida,"Sebastian-Vero Beach-West Vero Corridor, FL",42680,2024,448.6975,427.3225,21.375,5.002076885724471
42680,"Sebastian-Vero Beach-West Vero Corridor, FL",12061,Indian River County,Florida,"Sebastian-Vero Beach-West Vero Corridor, FL",42680,2025,450.385,448.6975,1.6875,0.3760885674647163
42700,"Sebring, FL",12055,Highlands County,Florida,"Sebring, FL",42700,2022,358.485,292.25,66.23500000000001,22.663815226689476
42700,"Sebring, FL",12055,Highlands County,Florida,"Sebring, FL",42700,2023,403.1575,358.485,44.672500000000014,12.461469796504732
42700,"Sebring, FL",12055,Highlands County,Florida,"Sebring, FL",42700,2024,415.43,403.1575,12.27249999999998,3.044095669806457
42700,"Sebring, FL",12055,Highlands County,Florida,"Sebring, FL",42700,2025,419.355,415.43,3.9250000000000114,0.944804178802694
43100,"Sheboygan, WI",55117,Sheboygan County,Wisconsin,"Sheboygan, WI",43100,2022,255.81,223.8675,31.942499999999995,14.268484706355311
43100,"Sheboygan, WI",55117,Sheboygan County,Wisconsin,"Sheboygan, WI",43100,2023,291.2525,255.81,35.442499999999995,13.855009577420741
43100,"Sheboygan, WI",55117,Sheboygan County,Wisconsin,"Sheboygan, WI",43100,2024,313.8675,291.2525,22.61500000000001,7.764740216822186
43100,"Sheboygan, WI",55117,Sheboygan County,Wisconsin,"Sheboygan, WI",43100,2025,334.23,313.8675,20.36250000000001,6.487610217687401
43300,"Sherman-Denison, TX",48181,Grayson County,Texas,"Sherman-Denison, TX",43300,2022,403.01250000000005,321.97,81.04250000000002,25.17082336863683
43300,"Sherman-Denison, TX",48181,Grayson County,Texas,"Sherman-Denison, TX",43300,2023,423.875,403.01250000000005,20.862499999999955,5.176638441735659
43300,"Sherman-Denison, TX",48181,Grayson County,Texas,"Sherman-Denison, TX",43300,2024,441.27,423.875,17.394999999999982,4.103804187555293
43300,"Sherman-Denison, TX",48181,Grayson County,Texas,"Sherman-Denison, TX",43300,2025,444.71500000000003,441.27,3.44500000000005,0.7807011580211798
43340,"Shreveport-Bossier City, LA",22015,Bossier Parish,Louisiana,"Shreveport-Bossier City, LA",43340,2022,232.5925,211.59,21.002499999999998,9.92603620208894
43340,"Shreveport-Bossier City, LA",22015,Bossier Parish,Louisiana,"Shreveport-Bossier City, LA",43340,2023,240.825,232.5925,8.232499999999987,3.539452045960201
43340,"Shreveport-Bossier City, LA",22015,Bossier Parish,Louisiana,"Shreveport-Bossier City, LA",43340,2024,246.34,240.825,5.515000000000015,2.290044638222777
43340,"Shreveport-Bossier City, LA",22015,Bossier Parish,Louisiana,"Shreveport-Bossier City, LA",43340,2025,247.515,246.34,1.174999999999983,0.47698303158236754
43340,"Shreveport-Bossier City, LA",22017,Caddo Parish,Louisiana,"Shreveport-Bossier City, LA",43340,2022,232.5925,211.59,21.002499999999998,9.92603620208894
43340,"Shreveport-Bossier City, LA",22017,Caddo Parish,Louisiana,"Shreveport-Bossier City, LA",43340,2023,240.825,232.5925,8.232499999999987,3.539452045960201
43340,"Shreveport-Bossier City, LA",22017,Caddo Parish,Louisiana,"Shreveport-Bossier City, LA",43340,2024,246.34,240.825,5.515000000000015,2.290044638222777
43340,"Shreveport-Bossier City, LA",22017,Caddo Parish,Louisiana,"Shreveport-Bossier City, LA",43340,2025,247.515,246.34,1.174999999999983,0.47698303158236754
43340,"Shreveport-Bossier City, LA",22031,De Soto Parish,Louisiana,"Shreveport-Bossier City, LA",43340,2022,232.5925,211.59,21.002499999999998,9.92603620208894
43340,"Shreveport-Bossier City, LA",22031,De Soto Parish,Louisiana,"Shreveport-Bossier City, LA",43340,2023,240.825,232.5925,8.232499999999987,3.539452045960201
43340,"Shreveport-Bossier City, LA",22031,De Soto Parish,Louisiana,"Shreveport-Bossier City, LA",43340,2024,246.34,240.825,5.515000000000015,2.290044638222777
43340,"Shreveport-Bossier City, LA",22031,De Soto Parish,Louisiana,"Shreveport-Bossier City, LA",43340,2025,247.515,246.34,1.174999999999983,0.47698303158236754
43420,"Sierra Vista-Douglas, AZ",04003,Cochise County,Arizona,"Sierra Vista-Douglas, AZ",43420,2022,280.1975,236.95499999999998,43.24250000000001,18.249245637357305
43420,"Sierra Vista-Douglas, AZ",04003,Cochise County,Arizona,"Sierra Vista-Douglas, AZ",43420,2023,295.1525,280.1975,14.954999999999984,5.337306721152046
43420,"Sierra Vista-Douglas, AZ",04003,Cochise County,Arizona,"Sierra Vista-Douglas, AZ",43420,2024,311.97749999999996,295.1525,16.82499999999999,5.700442991334986
43420,"Sierra Vista-Douglas, AZ",04003,Cochise County,Arizona,"Sierra Vista-Douglas, AZ",43420,2025,322.14,311.97749999999996,10.162500000000023,3.2574464504651957
43580,"Sioux City, IA-NE-SD",19193,Woodbury County,Iowa,"Sioux City, IA-NE-SD",43580,2022,277.6925,241.59,36.10249999999999,14.943706279233403
43580,"Sioux City, IA-NE-SD",19193,Woodbury County,Iowa,"Sioux City, IA-NE-SD",43580,2023,294.88,277.6925,17.1875,6.18940014584477
43580,"Sioux City, IA-NE-SD",19193,Woodbury County,Iowa,"Sioux City, IA-NE-SD",43580,2024,312.1825,294.88,17.30250000000001,5.867641074335328
43580,"Sioux City, IA-NE-SD",19193,Woodbury County,Iowa,"Sioux City, IA-NE-SD",43580,2025,330.15,312.1825,17.967499999999973,5.755447534695235
43580,"Sioux City, IA-NE-SD",31043,Dakota County,Nebraska,"Sioux City, IA-NE-SD",43580,2022,277.6925,241.59,36.10249999999999,14.943706279233403
43580,"Sioux City, IA-NE-SD",31043,Dakota County,Nebraska,"Sioux City, IA-NE-SD",43580,2023,294.88,277.6925,17.1875,6.18940014584477
43580,"Sioux City, IA-NE-SD",31043,Dakota County,Nebraska,"Sioux City, IA-NE-SD",43580,2024,312.1825,294.88,17.30250000000001,5.867641074335328
43580,"Sioux City, IA-NE-SD",31043,Dakota County,Nebraska,"Sioux City, IA-NE-SD",43580,2025,330.15,312.1825,17.967499999999973,5.755447534695235
43580,"Sioux City, IA-NE-SD",46127,Union County,South Dakota,"Sioux City, IA-NE-SD",43580,2022,277.6925,241.59,36.10249999999999,14.943706279233403
43580,"Sioux City, IA-NE-SD",46127,Union County,South Dakota,"Sioux City, IA-NE-SD",43580,2023,294.88,277.6925,17.1875,6.18940014584477
43580,"Sioux City, IA-NE-SD",46127,Union County,South Dakota,"Sioux City, IA-NE-SD",43580,2024,312.1825,294.88,17.30250000000001,5.867641074335328
43580,"Sioux City, IA-NE-SD",46127,Union County,South Dakota,"Sioux City, IA-NE-SD",43580,2025,330.15,312.1825,17.967499999999973,5.755447534695235
43620,"Sioux Falls, SD-MN",27133,Rock County,Minnesota,"Sioux Falls, SD-MN",43620,2022,320.0525,273.5825,46.47000000000003,16.985735564226534
43620,"Sioux Falls, SD-MN",27133,Rock County,Minnesota,"Sioux Falls, SD-MN",43620,2023,339.71,320.0525,19.65749999999997,6.141961084509573
43620,"Sioux Falls, SD-MN",27133,Rock County,Minnesota,"Sioux Falls, SD-MN",43620,2024,349.15,339.71,9.439999999999998,2.7788407759559597
43620,"Sioux Falls, SD-MN",27133,Rock County,Minnesota,"Sioux Falls, SD-MN",43620,2025,355.03499999999997,349.15,5.884999999999991,1.6855219819561729
43620,"Sioux Falls, SD-MN",46083,Lincoln County,South Dakota,"Sioux Falls, SD-MN",43620,2022,320.0525,273.5825,46.47000000000003,16.985735564226534
43620,"Sioux Falls, SD-MN",46083,Lincoln County,South Dakota,"Sioux Falls, SD-MN",43620,2023,339.71,320.0525,19.65749999999997,6.141961084509573
43620,"Sioux Falls, SD-MN",46083,Lincoln County,South Dakota,"Sioux Falls, SD-MN",43620,2024,349.15,339.71,9.439999999999998,2.7788407759559597
43620,"Sioux Falls, SD-MN",46083,Lincoln County,South Dakota,"Sioux Falls, SD-MN",43620,2025,355.03499999999997,349.15,5.884999999999991,1.6855219819561729
43620,"Sioux Falls, SD-MN",46087,McCook County,South Dakota,"Sioux Falls, SD-MN",43620,2022,320.0525,273.5825,46.47000000000003,16.985735564226534
43620,"Sioux Falls, SD-MN",46087,McCook County,South Dakota,"Sioux Falls, SD-MN",43620,2023,339.71,320.0525,19.65749999999997,6.141961084509573
43620,"Sioux Falls, SD-MN",46087,McCook County,South Dakota,"Sioux Falls, SD-MN",43620,2024,349.15,339.71,9.439999999999998,2.7788407759559597
43620,"Sioux Falls, SD-MN",46087,McCook County,South Dakota,"Sioux Falls, SD-MN",43620,2025,355.03499999999997,349.15,5.884999999999991,1.6855219819561729
43620,"Sioux Falls, SD-MN",46099,Minnehaha County,South Dakota,"Sioux Falls, SD-MN",43620,2022,320.0525,273.5825,46.47000000000003,16.985735564226534
43620,"Sioux Falls, SD-MN",46099,Minnehaha County,South Dakota,"Sioux Falls, SD-MN",43620,2023,339.71,320.0525,19.65749999999997,6.141961084509573
43620,"Sioux Falls, SD-MN",46099,Minnehaha County,South Dakota,"Sioux Falls, SD-MN",43620,2024,349.15,339.71,9.439999999999998,2.7788407759559597
43620,"Sioux Falls, SD-MN",46099,Minnehaha County,South Dakota,"Sioux Falls, SD-MN",43620,2025,355.03499999999997,349.15,5.884999999999991,1.6855219819561729
43620,"Sioux Falls, SD-MN",46125,Turner County,South Dakota,"Sioux Falls, SD-MN",43620,2022,320.0525,273.5825,46.47000000000003,16.985735564226534
43620,"Sioux Falls, SD-MN",46125,Turner County,South Dakota,"Sioux Falls, SD-MN",43620,2023,339.71,320.0525,19.65749999999997,6.141961084509573
43620,"Sioux Falls, SD-MN",46125,Turner County,South Dakota,"Sioux Falls, SD-MN",43620,2024,349.15,339.71,9.439999999999998,2.7788407759559597
43620,"Sioux Falls, SD-MN",46125,Turner County,South Dakota,"Sioux Falls, SD-MN",43620,2025,355.03499999999997,349.15,5.884999999999991,1.6855219819561729
43640,"Slidell-Mandeville-Covington, LA",22103,St. Tammany Parish,Louisiana,"Slidell-Mandeville-Covington, LA",43640,2022,268.3825,233.77499999999998,34.607500000000016,14.803764303283074
43640,"Slidell-Mandeville-Covington, LA",22103,St. Tammany Parish,Louisiana,"Slidell-Mandeville-Covington, LA",43640,2023,272.74,268.3825,4.357500000000016,1.623615548703805
43640,"Slidell-Mandeville-Covington, LA",22103,St. Tammany Parish,Louisiana,"Slidell-Mandeville-Covington, LA",43640,2024,278.15,272.74,5.409999999999968,1.9835740998753293
43640,"Slidell-Mandeville-Covington, LA",22103,St. Tammany Parish,Louisiana,"Slidell-Mandeville-Covington, LA",43640,2025,290.26,278.15,12.110000000000014,4.353765953622157
43780,"South Bend-Mishawaka, IN-MI",18141,St. Joseph County,Indiana,"South Bend-Mishawaka, IN-MI",43780,2022,262.16,224.5025,37.65750000000003,16.773755303393067
43780,"South Bend-Mishawaka, IN-MI",18141,St. Joseph County,Indiana,"South Bend-Mishawaka, IN-MI",43780,2023,286.35,262.16,24.189999999999998,9.227189502593824
43780,"South Bend-Mishawaka, IN-MI",18141,St. Joseph County,Indiana,"South Bend-Mishawaka, IN-MI",43780,2024,305.1675,286.35,18.817499999999995,6.571503404924051
43780,"South Bend-Mishawaka, IN-MI",18141,St. Joseph County,Indiana,"South Bend-Mishawaka, IN-MI",43780,2025,316.115,305.1675,10.947499999999991,3.5873741469848452
43780,"South Bend-Mishawaka, IN-MI",26027,Cass County,Michigan,"South Bend-Mishawaka, IN-MI",43780,2022,262.16,224.5025,37.65750000000003,16.773755303393067
43780,"South Bend-Mishawaka, IN-MI",26027,Cass County,Michigan,"South Bend-Mishawaka, IN-MI",43780,2023,286.35,262.16,24.189999999999998,9.227189502593824
43780,"South Bend-Mishawaka, IN-MI",26027,Cass County,Michigan,"South Bend-Mishawaka, IN-MI",43780,2024,305.1675,286.35,18.817499999999995,6.571503404924051
43780,"South Bend-Mishawaka, IN-MI",26027,Cass County,Michigan,"South Bend-Mishawaka, IN-MI",43780,2025,316.115,305.1675,10.947499999999991,3.5873741469848452
43900,"Spartanburg, SC",45083,Spartanburg County,South Carolina,"Spartanburg, SC",43900,2022,283.5675,233.3875,50.18000000000001,21.500723046435645
43900,"Spartanburg, SC",45083,Spartanburg County,South Carolina,"Spartanburg, SC",43900,2023,308.67,283.5675,25.10250000000002,8.852389642677672
43900,"Spartanburg, SC",45083,Spartanburg County,South Carolina,"Spartanburg, SC",43900,2024,329.025,308.67,20.35499999999996,6.594421226552627
43900,"Spartanburg, SC",45083,Spartanburg County,South Carolina,"Spartanburg, SC",43900,2025,333.95,329.025,4.925000000000011,1.4968467441683897
43900,"Spartanburg, SC",45087,Union County,South Carolina,"Spartanburg, SC",43900,2022,283.5675,233.3875,50.18000000000001,21.500723046435645
43900,"Spartanburg, SC",45087,Union County,South Carolina,"Spartanburg, SC",43900,2023,308.67,283.5675,25.10250000000002,8.852389642677672
43900,"Spartanburg, SC",45087,Union County,South Carolina,"Spartanburg, SC",43900,2024,329.025,308.67,20.35499999999996,6.594421226552627
43900,"Spartanburg, SC",45087,Union County,South Carolina,"Spartanburg, SC",43900,2025,333.95,329.025,4.925000000000011,1.4968467441683897
44060,"Spokane-Spokane Valley, WA",53063,Spokane County,Washington,"Spokane-Spokane Valley, WA",44060,2022,395.7025,335.765,59.9375,17.85102675978736
44060,"Spokane-Spokane Valley, WA",53063,Spokane County,Washington,"Spokane-Spokane Valley, WA",44060,2023,397.67,395.7025,1.9675000000000296,0.49721697487381533
44060,"Spokane-Spokane Valley, WA",53063,Spokane County,Washington,"Spokane-Spokane Valley, WA",44060,2024,409.5075,397.67,11.837499999999977,2.9767143611537206
44060,"Spokane-Spokane Valley, WA",53063,Spokane County,Washington,"Spokane-Spokane Valley, WA",44060,2025,425.04999999999995,409.5075,15.542499999999961,3.795412782427654
44060,"Spokane-Spokane Valley, WA",53065,Stevens County,Washington,"Spokane-Spokane Valley, WA",44060,2022,395.7025,335.765,59.9375,17.85102675978736
44060,"Spokane-Spokane Valley, WA",53065,Stevens County,Washington,"Spokane-Spokane Valley, WA",44060,2023,397.67,395.7025,1.9675000000000296,0.49721697487381533
44060,"Spokane-Spokane Valley, WA",53065,Stevens County,Washington,"Spokane-Spokane Valley, WA",44060,2024,409.5075,397.67,11.837499999999977,2.9767143611537206
44060,"Spokane-Spokane Valley, WA",53065,Stevens County,Washington,"Spokane-Spokane Valley, WA",44060,2025,425.04999999999995,409.5075,15.542499999999961,3.795412782427654
44100,"Springfield, IL",17129,Menard County,Illinois,"Springfield, IL",44100,2022,187.14499999999998,166.6275,20.517499999999984,12.313393647507166
44100,"Springfield, IL",17129,Menard County,Illinois,"Springfield, IL",44100,2023,199.635,187.14499999999998,12.490000000000009,6.673969382029976
44100,"Springfield, IL",17129,Menard County,Illinois,"Springfield, IL",44100,2024,211.5075,199.635,11.872500000000002,5.947103463821479
44100,"Springfield, IL",17129,Menard County,Illinois,"Springfield, IL",44100,2025,218.60500000000002,211.5075,7.097500000000025,3.3556729666796903
44100,"Springfield, IL",17167,Sangamon County,Illinois,"Springfield, IL",44100,2022,187.14499999999998,166.6275,20.517499999999984,12.313393647507166
44100,"Springfield, IL",17167,Sangamon County,Illinois,"Springfield, IL",44100,2023,199.635,187.14499999999998,12.490000000000009,6.673969382029976
44100,"Springfield, IL",17167,Sangamon County,Illinois,"Springfield, IL",44100,2024,211.5075,199.635,11.872500000000002,5.947103463821479
44100,"Springfield, IL",17167,Sangamon County,Illinois,"Springfield, IL",44100,2025,218.60500000000002,211.5075,7.097500000000025,3.3556729666796903
44140,"Springfield, MA",25013,Hampden County,Massachusetts,"Springfield, MA",44140,2022,288.21500000000003,255.41,32.805000000000035,12.844054657217828
44140,"Springfield, MA",25013,Hampden County,Massachusetts,"Springfield, MA",44140,2023,307.535,288.21500000000003,19.319999999999993,6.703329111947665
44140,"Springfield, MA",25013,Hampden County,Massachusetts,"Springfield, MA",44140,2024,328.3475,307.535,20.8125,6.767522395824854
44140,"Springfield, MA",25013,Hampden County,Massachusetts,"Springfield, MA",44140,2025,342.51,328.3475,14.162499999999966,4.313265671278121
44180,"Springfield, MO",29043,Christian County,Missouri,"Springfield, MO",44180,2022,265.095,221.5,43.59500000000003,19.68171557562077
44180,"Springfield, MO",29043,Christian County,Missouri,"Springfield, MO",44180,2023,282.395,265.095,17.299999999999955,6.525962390841
44180,"Springfield, MO",29043,Christian County,Missouri,"Springfield, MO",44180,2024,299.75,282.395,17.355000000000018,6.145647054657499
44180,"Springfield, MO",29043,Christian County,Missouri,"Springfield, MO",44180,2025,310.53499999999997,299.75,10.784999999999968,3.597998331943275
44180,"Springfield, MO",29059,Dallas County,Missouri,"Springfield, MO",44180,2022,265.095,221.5,43.59500000000003,19.68171557562077
44180,"Springfield, MO",29059,Dallas County,Missouri,"Springfield, MO",44180,2023,282.395,265.095,17.299999999999955,6.525962390841
44180,"Springfield, MO",29059,Dallas County,Missouri,"Springfield, MO",44180,2024,299.75,282.395,17.355000000000018,6.145647054657499
44180,"Springfield, MO",29059,Dallas County,Missouri,"Springfield, MO",44180,2025,310.53499999999997,299.75,10.784999999999968,3.597998331943275
44180,"Springfield, MO",29077,Greene County,Missouri,"Springfield, MO",44180,2022,265.095,221.5,43.59500000000003,19.68171557562077
44180,"Springfield, MO",29077,Greene County,Missouri,"Springfield, MO",44180,2023,282.395,265.095,17.299999999999955,6.525962390841
44180,"Springfield, MO",29077,Greene County,Missouri,"Springfield, MO",44180,2024,299.75,282.395,17.355000000000018,6.145647054657499
44180,"Springfield, MO",29077,Greene County,Missouri,"Springfield, MO",44180,2025,310.53499999999997,299.75,10.784999999999968,3.597998331943275
44180,"Springfield, MO",29167,Polk County,Missouri,"Springfield, MO",44180,2022,265.095,221.5,43.59500000000003,19.68171557562077
44180,"Springfield, MO",29167,Polk County,Missouri,"Springfield, MO",44180,2023,282.395,265.095,17.299999999999955,6.525962390841
44180,"Springfield, MO",29167,Polk County,Missouri,"Springfield, MO",44180,2024,299.75,282.395,17.355000000000018,6.145647054657499
44180,"Springfield, MO",29167,Polk County,Missouri,"Springfield, MO",44180,2025,310.53499999999997,299.75,10.784999999999968,3.597998331943275
44180,"Springfield, MO",29225,Webster County,Missouri,"Springfield, MO",44180,2022,265.095,221.5,43.59500000000003,19.68171557562077
44180,"Springfield, MO",29225,Webster County,Missouri,"Springfield, MO",44180,2023,282.395,265.095,17.299999999999955,6.525962390841
44180,"Springfield, MO",29225,Webster County,Missouri,"Springfield, MO",44180,2024,299.75,282.395,17.355000000000018,6.145647054657499
44180,"Springfield, MO",29225,Webster County,Missouri,"Springfield, MO",44180,2025,310.53499999999997,299.75,10.784999999999968,3.597998331943275
44220,"Springfield, OH",39023,Clark County,Ohio,"Springfield, OH",44220,2022,227.8125,196.8675,30.944999999999993,15.718694045487446
44220,"Springfield, OH",39023,Clark County,Ohio,"Springfield, OH",44220,2023,248.1975,227.8125,20.38499999999999,8.94814814814815
44220,"Springfield, OH",39023,Clark County,Ohio,"Springfield, OH",44220,2024,270.1725,248.1975,21.975000000000023,8.853836158704276
44220,"Springfield, OH",39023,Clark County,Ohio,"Springfield, OH",44220,2025,278.375,270.1725,8.202499999999986,3.036023281422051
44300,"State College, PA",42027,Centre County,Pennsylvania,"State College, PA",44300,2022,290.90999999999997,263.955,26.954999999999984,10.211967949082235
44300,"State College, PA",42027,Centre County,Pennsylvania,"State College, PA",44300,2023,312.12,290.90999999999997,21.210000000000036,7.290914715891517
44300,"State College, PA",42027,Centre County,Pennsylvania,"State College, PA",44300,2024,326.4425,312.12,14.322499999999991,4.588779956427014
44300,"State College, PA",42027,Centre County,Pennsylvania,"State College, PA",44300,2025,341.4,326.4425,14.957499999999982,4.581970791180678
44420,"Staunton-Stuarts Draft, VA",51015,Augusta County,Virginia,"Staunton-Stuarts Draft, VA",44420,2022,287.875,247.875,40.0,16.137165910237016
44420,"Staunton-Stuarts Draft, VA",51015,Augusta County,Virginia,"Staunton-Stuarts Draft, VA",44420,2023,314.375,287.875,26.5,9.205384281372119
44420,"Staunton-Stuarts Draft, VA",51015,Augusta County,Virginia,"Staunton-Stuarts Draft, VA",44420,2024,330.195,314.375,15.819999999999993,5.032206759443336
44420,"Staunton-Stuarts Draft, VA",51015,Augusta County,Virginia,"Staunton-Stuarts Draft, VA",44420,2025,357.24,330.195,27.045000000000016,8.190614636805527
44420,"Staunton-Stuarts Draft, VA",51790,Staunton city,Virginia,"Staunton-Stuarts Draft, VA",44420,2022,287.875,247.875,40.0,16.137165910237016
44420,"Staunton-Stuarts Draft, VA",51790,Staunton city,Virginia,"Staunton-Stuarts Draft, VA",44420,2023,314.375,287.875,26.5,9.205384281372119
44420,"Staunton-Stuarts Draft, VA",51790,Staunton city,Virginia,"Staunton-Stuarts Draft, VA",44420,2024,330.195,314.375,15.819999999999993,5.032206759443336
44420,"Staunton-Stuarts Draft, VA",51790,Staunton city,Virginia,"Staunton-Stuarts Draft, VA",44420,2025,357.24,330.195,27.045000000000016,8.190614636805527
44420,"Staunton-Stuarts Draft, VA",51820,Waynesboro city,Virginia,"Staunton-Stuarts Draft, VA",44420,2022,287.875,247.875,40.0,16.137165910237016
44420,"Staunton-Stuarts Draft, VA",51820,Waynesboro city,Virginia,"Staunton-Stuarts Draft, VA",44420,2023,314.375,287.875,26.5,9.205384281372119
44420,"Staunton-Stuarts Draft, VA",51820,Waynesboro city,Virginia,"Staunton-Stuarts Draft, VA",44420,2024,330.195,314.375,15.819999999999993,5.032206759443336
44420,"Staunton-Stuarts Draft, VA",51820,Waynesboro city,Virginia,"Staunton-Stuarts Draft, VA",44420,2025,357.24,330.195,27.045000000000016,8.190614636805527
44700,"Stockton-Lodi, CA",06077,San Joaquin County,California,"Stockton-Lodi, CA",44700,2022,360.725,321.6675,39.057500000000005,12.142196522806948
44700,"Stockton-Lodi, CA",06077,San Joaquin County,California,"Stockton-Lodi, CA",44700,2023,355.21375,360.725,-5.511250000000018,-1.5278259061612065
44700,"Stockton-Lodi, CA",06077,San Joaquin County,California,"Stockton-Lodi, CA",44700,2024,370.3925,355.21375,15.17874999999998,4.27313131881859
44700,"Stockton-Lodi, CA",06077,San Joaquin County,California,"Stockton-Lodi, CA",44700,2025,369.7675,370.3925,-0.625,-0.16873991778991737
44940,"Sumter, SC",45085,Sumter County,South Carolina,"Sumter, SC",44940,2022,259.99,222.72,37.27000000000001,16.734015804597703
44940,"Sumter, SC",45085,Sumter County,South Carolina,"Sumter, SC",44940,2023,287.2825,259.99,27.292500000000018,10.497519135351375
44940,"Sumter, SC",45085,Sumter County,South Carolina,"Sumter, SC",44940,2024,292.635,287.2825,5.352499999999964,1.8631486428863475
44940,"Sumter, SC",45085,Sumter County,South Carolina,"Sumter, SC",44940,2025,331.235,292.635,38.60000000000002,13.190493276607395
45060,"Syracuse, NY",36053,Madison County,New York,"Syracuse, NY",45060,2022,246.2825,216.035,30.247500000000002,14.001203508690718
45060,"Syracuse, NY",36053,Madison County,New York,"Syracuse, NY",45060,2023,273.02750000000003,246.2825,26.745000000000033,10.85948047465819
45060,"Syracuse, NY",36053,Madison County,New York,"Syracuse, NY",45060,2024,300.1175,273.02750000000003,27.089999999999975,9.92207744641107
45060,"Syracuse, NY",36053,Madison County,New York,"Syracuse, NY",45060,2025,318.96000000000004,300.1175,18.84250000000003,6.278374303397838
45060,"Syracuse, NY",36067,Onondaga County,New York,"Syracuse, NY",45060,2022,246.2825,216.035,30.247500000000002,14.001203508690718
45060,"Syracuse, NY",36067,Onondaga County,New York,"Syracuse, NY",45060,2023,273.02750000000003,246.2825,26.745000000000033,10.85948047465819
45060,"Syracuse, NY",36067,Onondaga County,New York,"Syracuse, NY",45060,2024,300.1175,273.02750000000003,27.089999999999975,9.92207744641107
45060,"Syracuse, NY",36067,Onondaga County,New York,"Syracuse, NY",45060,2025,318.96000000000004,300.1175,18.84250000000003,6.278374303397838
45060,"Syracuse, NY",36075,Oswego County,New York,"Syracuse, NY",45060,2022,246.2825,216.035,30.247500000000002,14.001203508690718
45060,"Syracuse, NY",36075,Oswego County,New York,"Syracuse, NY",45060,2023,273.02750000000003,246.2825,26.745000000000033,10.85948047465819
45060,"Syracuse, NY",36075,Oswego County,New York,"Syracuse, NY",45060,2024,300.1175,273.02750000000003,27.089999999999975,9.92207744641107
45060,"Syracuse, NY",36075,Oswego County,New York,"Syracuse, NY",45060,2025,318.96000000000004,300.1175,18.84250000000003,6.278374303397838
45220,"Tallahassee, FL",12039,Gadsden County,Florida,"Tallahassee, FL",45220,2022,292.3375,250.9825,41.35499999999999,16.477244429392492
45220,"Tallahassee, FL",12039,Gadsden County,Florida,"Tallahassee, FL",45220,2023,317.9175,292.3375,25.58000000000004,8.750160345491098
45220,"Tallahassee, FL",12039,Gadsden County,Florida,"Tallahassee, FL",45220,2024,329.53499999999997,317.9175,11.61749999999995,3.654249923329145
45220,"Tallahassee, FL",12039,Gadsden County,Florida,"Tallahassee, FL",45220,2025,331.19,329.53499999999997,1.6550000000000296,0.5022228291380326
45220,"Tallahassee, FL",12065,Jefferson County,Florida,"Tallahassee, FL",45220,2022,292.3375,250.9825,41.35499999999999,16.477244429392492
45220,"Tallahassee, FL",12065,Jefferson County,Florida,"Tallahassee, FL",45220,2023,317.9175,292.3375,25.58000000000004,8.750160345491098
45220,"Tallahassee, FL",12065,Jefferson County,Florida,"Tallahassee, FL",45220,2024,329.53499999999997,317.9175,11.61749999999995,3.654249923329145
45220,"Tallahassee, FL",12065,Jefferson County,Florida,"Tallahassee, FL",45220,2025,331.19,329.53499999999997,1.6550000000000296,0.5022228291380326
45220,"Tallahassee, FL",12073,Leon County,Florida,"Tallahassee, FL",45220,2022,292.3375,250.9825,41.35499999999999,16.477244429392492
45220,"Tallahassee, FL",12073,Leon County,Florida,"Tallahassee, FL",45220,2023,317.9175,292.3375,25.58000000000004,8.750160345491098
45220,"Tallahassee, FL",12073,Leon County,Florida,"Tallahassee, FL",45220,2024,329.53499999999997,317.9175,11.61749999999995,3.654249923329145
45220,"Tallahassee, FL",12073,Leon County,Florida,"Tallahassee, FL",45220,2025,331.19,329.53499999999997,1.6550000000000296,0.5022228291380326
45220,"Tallahassee, FL",12129,Wakulla County,Florida,"Tallahassee, FL",45220,2022,292.3375,250.9825,41.35499999999999,16.477244429392492
45220,"Tallahassee, FL",12129,Wakulla County,Florida,"Tallahassee, FL",45220,2023,317.9175,292.3375,25.58000000000004,8.750160345491098
45220,"Tallahassee, FL",12129,Wakulla County,Florida,"Tallahassee, FL",45220,2024,329.53499999999997,317.9175,11.61749999999995,3.654249923329145
45220,"Tallahassee, FL",12129,Wakulla County,Florida,"Tallahassee, FL",45220,2025,331.19,329.53499999999997,1.6550000000000296,0.5022228291380326
45460,"Terre Haute, IN",18021,Clay County,Indiana,"Terre Haute, IN",45460,2022,225.885,195.13,30.754999999999995,15.761287346896946
45460,"Terre Haute, IN",18021,Clay County,Indiana,"Terre Haute, IN",45460,2023,237.82,225.885,11.935000000000002,5.283662040418791
45460,"Terre Haute, IN",18021,Clay County,Indiana,"Terre Haute, IN",45460,2024,259.5525,237.82,21.732500000000016,9.138213775124049
45460,"Terre Haute, IN",18021,Clay County,Indiana,"Terre Haute, IN",45460,2025,278.3,259.5525,18.747500000000002,7.223008832509792
45460,"Terre Haute, IN",18153,Sullivan County,Indiana,"Terre Haute, IN",45460,2022,225.885,195.13,30.754999999999995,15.761287346896946
45460,"Terre Haute, IN",18153,Sullivan County,Indiana,"Terre Haute, IN",45460,2023,237.82,225.885,11.935000000000002,5.283662040418791
45460,"Terre Haute, IN",18153,Sullivan County,Indiana,"Terre Haute, IN",45460,2024,259.5525,237.82,21.732500000000016,9.138213775124049
45460,"Terre Haute, IN",18153,Sullivan County,Indiana,"Terre Haute, IN",45460,2025,278.3,259.5525,18.747500000000002,7.223008832509792
45460,"Terre Haute, IN",18165,Vermillion County,Indiana,"Terre Haute, IN",45460,2022,225.885,195.13,30.754999999999995,15.761287346896946
45460,"Terre Haute, IN",18165,Vermillion County,Indiana,"Terre Haute, IN",45460,2023,237.82,225.885,11.935000000000002,5.283662040418791
45460,"Terre Haute, IN",18165,Vermillion County,Indiana,"Terre Haute, IN",45460,2024,259.5525,237.82,21.732500000000016,9.138213775124049
45460,"Terre Haute, IN",18165,Vermillion County,Indiana,"Terre Haute, IN",45460,2025,278.3,259.5525,18.747500000000002,7.223008832509792
45460,"Terre Haute, IN",18167,Vigo County,Indiana,"Terre Haute, IN",45460,2022,225.885,195.13,30.754999999999995,15.761287346896946
45460,"Terre Haute, IN",18167,Vigo County,Indiana,"Terre Haute, IN",45460,2023,237.82,225.885,11.935000000000002,5.283662040418791
45460,"Terre Haute, IN",18167,Vigo County,Indiana,"Terre Haute, IN",45460,2024,259.5525,237.82,21.732500000000016,9.138213775124049
45460,"Terre Haute, IN",18167,Vigo County,Indiana,"Terre Haute, IN",45460,2025,278.3,259.5525,18.747500000000002,7.223008832509792
45500,"Texarkana, TX-AR",05081,Little River County,Arkansas,"Texarkana, TX-AR",45500,2022,257.8975,219.49,38.40749999999997,17.498519294728677
45500,"Texarkana, TX-AR",05081,Little River County,Arkansas,"Texarkana, TX-AR",45500,2023,270.4175,257.8975,12.520000000000039,4.854641863531062
45500,"Texarkana, TX-AR",05081,Little River County,Arkansas,"Texarkana, TX-AR",45500,2024,282.7175,270.4175,12.299999999999955,4.548522192535609
45500,"Texarkana, TX-AR",05081,Little River County,Arkansas,"Texarkana, TX-AR",45500,2025,292.505,282.7175,9.787500000000023,3.461936385260911
45500,"Texarkana, TX-AR",05091,Miller County,Arkansas,"Texarkana, TX-AR",45500,2022,257.8975,219.49,38.40749999999997,17.498519294728677
45500,"Texarkana, TX-AR",05091,Miller County,Arkansas,"Texarkana, TX-AR",45500,2023,270.4175,257.8975,12.520000000000039,4.854641863531062
45500,"Texarkana, TX-AR",05091,Miller County,Arkansas,"Texarkana, TX-AR",45500,2024,282.7175,270.4175,12.299999999999955,4.548522192535609
45500,"Texarkana, TX-AR",05091,Miller County,Arkansas,"Texarkana, TX-AR",45500,2025,292.505,282.7175,9.787500000000023,3.461936385260911
45500,"Texarkana, TX-AR",48037,Bowie County,Texas,"Texarkana, TX-AR",45500,2022,257.8975,219.49,38.40749999999997,17.498519294728677
45500,"Texarkana, TX-AR",48037,Bowie County,Texas,"Texarkana, TX-AR",45500,2023,270.4175,257.8975,12.520000000000039,4.854641863531062
45500,"Texarkana, TX-AR",48037,Bowie County,Texas,"Texarkana, TX-AR",45500,2024,282.7175,270.4175,12.299999999999955,4.548522192535609
45500,"Texarkana, TX-AR",48037,Bowie County,Texas,"Texarkana, TX-AR",45500,2025,292.505,282.7175,9.787500000000023,3.461936385260911
45780,"Toledo, OH",39051,Fulton County,Ohio,"Toledo, OH",45780,2022,208.62,186.3875,22.232500000000016,11.928106766816459
45780,"Toledo, OH",39051,Fulton County,Ohio,"Toledo, OH",45780,2023,224.515,208.62,15.894999999999982,7.619116096251544
45780,"Toledo, OH",39051,Fulton County,Ohio,"Toledo, OH",45780,2024,242.46,224.515,17.94500000000002,7.992784446473511
45780,"Toledo, OH",39051,Fulton County,Ohio,"Toledo, OH",45780,2025,253.33499999999998,242.46,10.874999999999972,4.485275921801524
45780,"Toledo, OH",39095,Lucas County,Ohio,"Toledo, OH",45780,2022,208.62,186.3875,22.232500000000016,11.928106766816459
45780,"Toledo, OH",39095,Lucas County,Ohio,"Toledo, OH",45780,2023,224.515,208.62,15.894999999999982,7.619116096251544
45780,"Toledo, OH",39095,Lucas County,Ohio,"Toledo, OH",45780,2024,242.46,224.515,17.94500000000002,7.992784446473511
45780,"Toledo, OH",39095,Lucas County,Ohio,"Toledo, OH",45780,2025,253.33499999999998,242.46,10.874999999999972,4.485275921801524
45780,"Toledo, OH",39173,Wood County,Ohio,"Toledo, OH",45780,2022,208.62,186.3875,22.232500000000016,11.928106766816459
45780,"Toledo, OH",39173,Wood County,Ohio,"Toledo, OH",45780,2023,224.515,208.62,15.894999999999982,7.619116096251544
45780,"Toledo, OH",39173,Wood County,Ohio,"Toledo, OH",45780,2024,242.46,224.515,17.94500000000002,7.992784446473511
45780,"Toledo, OH",39173,Wood County,Ohio,"Toledo, OH",45780,2025,253.33499999999998,242.46,10.874999999999972,4.485275921801524
45820,"Topeka, KS",20085,Jackson County,Kansas,"Topeka, KS",45820,2022,253.53,221.3325,32.19749999999999,14.547118023787743
45820,"Topeka, KS",20085,Jackson County,Kansas,"Topeka, KS",45820,2023,271.26250000000005,253.53,17.732500000000044,6.994241312665195
45820,"Topeka, KS",20085,Jackson County,Kansas,"Topeka, KS",45820,2024,292.425,271.26250000000005,21.162499999999966,7.801483802589737
45820,"Topeka, KS",20085,Jackson County,Kansas,"Topeka, KS",45820,2025,302.235,292.425,9.810000000000002,3.354706334957691
45820,"Topeka, KS",20087,Jefferson County,Kansas,"Topeka, KS",45820,2022,253.53,221.3325,32.19749999999999,14.547118023787743
45820,"Topeka, KS",20087,Jefferson County,Kansas,"Topeka, KS",45820,2023,271.26250000000005,253.53,17.732500000000044,6.994241312665195
45820,"Topeka, KS",20087,Jefferson County,Kansas,"Topeka, KS",45820,2024,292.425,271.26250000000005,21.162499999999966,7.801483802589737
45820,"Topeka, KS",20087,Jefferson County,Kansas,"Topeka, KS",45820,2025,302.235,292.425,9.810000000000002,3.354706334957691
45820,"Topeka, KS",20139,Osage County,Kansas,"Topeka, KS",45820,2022,253.53,221.3325,32.19749999999999,14.547118023787743
45820,"Topeka, KS",20139,Osage County,Kansas,"Topeka, KS",45820,2023,271.26250000000005,253.53,17.732500000000044,6.994241312665195
45820,"Topeka, KS",20139,Osage County,Kansas,"Topeka, KS",45820,2024,292.425,271.26250000000005,21.162499999999966,7.801483802589737
45820,"Topeka, KS",20139,Osage County,Kansas,"Topeka, KS",45820,2025,302.235,292.425,9.810000000000002,3.354706334957691
45820,"Topeka, KS",20177,Shawnee County,Kansas,"Topeka, KS",45820,2022,253.53,221.3325,32.19749999999999,14.547118023787743
45820,"Topeka, KS",20177,Shawnee County,Kansas,"Topeka, KS",45820,2023,271.26250000000005,253.53,17.732500000000044,6.994241312665195
45820,"Topeka, KS",20177,Shawnee County,Kansas,"Topeka, KS",45820,2024,292.425,271.26250000000005,21.162499999999966,7.801483802589737
45820,"Topeka, KS",20177,Shawnee County,Kansas,"Topeka, KS",45820,2025,302.235,292.425,9.810000000000002,3.354706334957691
45820,"Topeka, KS",20197,Wabaunsee County,Kansas,"Topeka, KS",45820,2022,253.53,221.3325,32.19749999999999,14.547118023787743
45820,"Topeka, KS",20197,Wabaunsee County,Kansas,"Topeka, KS",45820,2023,271.26250000000005,253.53,17.732500000000044,6.994241312665195
45820,"Topeka, KS",20197,Wabaunsee County,Kansas,"Topeka, KS",45820,2024,292.425,271.26250000000005,21.162499999999966,7.801483802589737
45820,"Topeka, KS",20197,Wabaunsee County,Kansas,"Topeka, KS",45820,2025,302.235,292.425,9.810000000000002,3.354706334957691
45900,"Traverse City, MI",26019,Benzie County,Michigan,"Traverse City, MI",45900,2022,368.59749999999997,306.4425,62.15499999999997,20.28276103999933
45900,"Traverse City, MI",26019,Benzie County,Michigan,"Traverse City, MI",45900,2023,408.32,368.59749999999997,39.722500000000025,10.776660178107566
45900,"Traverse City, MI",26019,Benzie County,Michigan,"Traverse City, MI",45900,2024,432.455,408.32,24.13499999999999,5.910805250783691
45900,"Traverse City, MI",26019,Benzie County,Michigan,"Traverse City, MI",45900,2025,456.49,432.455,24.035000000000025,5.557803702119313
45900,"Traverse City, MI",26055,Grand Traverse County,Michigan,"Traverse City, MI",45900,2022,368.59749999999997,306.4425,62.15499999999997,20.28276103999933
45900,"Traverse City, MI",26055,Grand Traverse County,Michigan,"Traverse City, MI",45900,2023,408.32,368.59749999999997,39.722500000000025,10.776660178107566
45900,"Traverse City, MI",26055,Grand Traverse County,Michigan,"Traverse City, MI",45900,2024,432.455,408.32,24.13499999999999,5.910805250783691
45900,"Traverse City, MI",26055,Grand Traverse County,Michigan,"Traverse City, MI",45900,2025,456.49,432.455,24.035000000000025,5.557803702119313
45900,"Traverse City, MI",26079,Kalkaska County,Michigan,"Traverse City, MI",45900,2022,368.59749999999997,306.4425,62.15499999999997,20.28276103999933
45900,"Traverse City, MI",26079,Kalkaska County,Michigan,"Traverse City, MI",45900,2023,408.32,368.59749999999997,39.722500000000025,10.776660178107566
45900,"Traverse City, MI",26079,Kalkaska County,Michigan,"Traverse City, MI",45900,2024,432.455,408.32,24.13499999999999,5.910805250783691
45900,"Traverse City, MI",26079,Kalkaska County,Michigan,"Traverse City, MI",45900,2025,456.49,432.455,24.035000000000025,5.557803702119313
45900,"Traverse City, MI",26089,Leelanau County,Michigan,"Traverse City, MI",45900,2022,368.59749999999997,306.4425,62.15499999999997,20.28276103999933
45900,"Traverse City, MI",26089,Leelanau County,Michigan,"Traverse City, MI",45900,2023,408.32,368.59749999999997,39.722500000000025,10.776660178107566
45900,"Traverse City, MI",26089,Leelanau County,Michigan,"Traverse City, MI",45900,2024,432.455,408.32,24.13499999999999,5.910805250783691
45900,"Traverse City, MI",26089,Leelanau County,Michigan,"Traverse City, MI",45900,2025,456.49,432.455,24.035000000000025,5.557803702119313
45940,"Trenton-Princeton, NJ",34021,Mercer County,New Jersey,"Trenton-Princeton, NJ",45940,2022,276.0225,235.0075,41.014999999999986,17.452634490388608
45940,"Trenton-Princeton, NJ",34021,Mercer County,New Jersey,"Trenton-Princeton, NJ",45940,2023,306.61,276.0225,30.587500000000034,11.081524151110877
45940,"Trenton-Princeton, NJ",34021,Mercer County,New Jersey,"Trenton-Princeton, NJ",45940,2024,338.28999999999996,306.61,31.67999999999995,10.332344020090645
45940,"Trenton-Princeton, NJ",34021,Mercer County,New Jersey,"Trenton-Princeton, NJ",45940,2025,357.64,338.28999999999996,19.350000000000023,5.7199444263797306
46060,"Tucson, AZ",04019,Pima County,Arizona,"Tucson, AZ",46060,2022,393.07875,332.42125,60.65750000000003,18.247178843109467
46060,"Tucson, AZ",04019,Pima County,Arizona,"Tucson, AZ",46060,2023,413.71625,393.07875,20.63749999999999,5.250220216686863
46060,"Tucson, AZ",04019,Pima County,Arizona,"Tucson, AZ",46060,2024,429.27375,413.71625,15.557500000000005,3.76042758774886
46060,"Tucson, AZ",04019,Pima County,Arizona,"Tucson, AZ",46060,2025,433.0325,429.27375,3.7587500000000205,0.8756067660787625
46140,"Tulsa, OK",40037,Creek County,Oklahoma,"Tulsa, OK",46140,2022,310.7075,268.33,42.3775,15.793053329855034
46140,"Tulsa, OK",40037,Creek County,Oklahoma,"Tulsa, OK",46140,2023,330.62,310.7075,19.912500000000023,6.40876065109468
46140,"Tulsa, OK",40037,Creek County,Oklahoma,"Tulsa, OK",46140,2024,346.07875,330.62,15.458750000000009,4.675685076522895
46140,"Tulsa, OK",40037,Creek County,Oklahoma,"Tulsa, OK",46140,2025,359.3125,346.07875,13.233749999999986,3.8239129099951974
46140,"Tulsa, OK",40111,Okmulgee County,Oklahoma,"Tulsa, OK",46140,2022,310.7075,268.33,42.3775,15.793053329855034
46140,"Tulsa, OK",40111,Okmulgee County,Oklahoma,"Tulsa, OK",46140,2023,330.62,310.7075,19.912500000000023,6.40876065109468
46140,"Tulsa, OK",40111,Okmulgee County,Oklahoma,"Tulsa, OK",46140,2024,346.07875,330.62,15.458750000000009,4.675685076522895
46140,"Tulsa, OK",40111,Okmulgee County,Oklahoma,"Tulsa, OK",46140,2025,359.3125,346.07875,13.233749999999986,3.8239129099951974
46140,"Tulsa, OK",40113,Osage County,Oklahoma,"Tulsa, OK",46140,2022,310.7075,268.33,42.3775,15.793053329855034
46140,"Tulsa, OK",40113,Osage County,Oklahoma,"Tulsa, OK",46140,2023,330.62,310.7075,19.912500000000023,6.40876065109468
46140,"Tulsa, OK",40113,Osage County,Oklahoma,"Tulsa, OK",46140,2024,346.07875,330.62,15.458750000000009,4.675685076522895
46140,"Tulsa, OK",40113,Osage County,Oklahoma,"Tulsa, OK",46140,2025,359.3125,346.07875,13.233749999999986,3.8239129099951974
46140,"Tulsa, OK",40117,Pawnee County,Oklahoma,"Tulsa, OK",46140,2022,310.7075,268.33,42.3775,15.793053329855034
46140,"Tulsa, OK",40117,Pawnee County,Oklahoma,"Tulsa, OK",46140,2023,330.62,310.7075,19.912500000000023,6.40876065109468
46140,"Tulsa, OK",40117,Pawnee County,Oklahoma,"Tulsa, OK",46140,2024,346.07875,330.62,15.458750000000009,4.675685076522895
46140,"Tulsa, OK",40117,Pawnee County,Oklahoma,"Tulsa, OK",46140,2025,359.3125,346.07875,13.233749999999986,3.8239129099951974
46140,"Tulsa, OK",40131,Rogers County,Oklahoma,"Tulsa, OK",46140,2022,310.7075,268.33,42.3775,15.793053329855034
46140,"Tulsa, OK",40131,Rogers County,Oklahoma,"Tulsa, OK",46140,2023,330.62,310.7075,19.912500000000023,6.40876065109468
46140,"Tulsa, OK",40131,Rogers County,Oklahoma,"Tulsa, OK",46140,2024,346.07875,330.62,15.458750000000009,4.675685076522895
46140,"Tulsa, OK",40131,Rogers County,Oklahoma,"Tulsa, OK",46140,2025,359.3125,346.07875,13.233749999999986,3.8239129099951974
46140,"Tulsa, OK",40143,Tulsa County,Oklahoma,"Tulsa, OK",46140,2022,310.7075,268.33,42.3775,15.793053329855034
46140,"Tulsa, OK",40143,Tulsa County,Oklahoma,"Tulsa, OK",46140,2023,330.62,310.7075,19.912500000000023,6.40876065109468
46140,"Tulsa, OK",40143,Tulsa County,Oklahoma,"Tulsa, OK",46140,2024,346.07875,330.62,15.458750000000009,4.675685076522895
46140,"Tulsa, OK",40143,Tulsa County,Oklahoma,"Tulsa, OK",46140,2025,359.3125,346.07875,13.233749999999986,3.8239129099951974
46140,"Tulsa, OK",40145,Wagoner County,Oklahoma,"Tulsa, OK",46140,2022,310.7075,268.33,42.3775,15.793053329855034
46140,"Tulsa, OK",40145,Wagoner County,Oklahoma,"Tulsa, OK",46140,2023,330.62,310.7075,19.912500000000023,6.40876065109468
46140,"Tulsa, OK",40145,Wagoner County,Oklahoma,"Tulsa, OK",46140,2024,346.07875,330.62,15.458750000000009,4.675685076522895
46140,"Tulsa, OK",40145,Wagoner County,Oklahoma,"Tulsa, OK",46140,2025,359.3125,346.07875,13.233749999999986,3.8239129099951974
46220,"Tuscaloosa, AL",01063,Greene County,Alabama,"Tuscaloosa, AL",46220,2022,260.47749999999996,231.6025,28.87499999999997,12.467482000410168
46220,"Tuscaloosa, AL",01063,Greene County,Alabama,"Tuscaloosa, AL",46220,2023,275.4125,260.47749999999996,14.93500000000006,5.733700607538106
46220,"Tuscaloosa, AL",01063,Greene County,Alabama,"Tuscaloosa, AL",46220,2024,291.3325,275.4125,15.919999999999959,5.780420278672893
46220,"Tuscaloosa, AL",01063,Greene County,Alabama,"Tuscaloosa, AL",46220,2025,303.09000000000003,291.3325,11.75750000000005,4.035766692696496
46220,"Tuscaloosa, AL",01065,Hale County,Alabama,"Tuscaloosa, AL",46220,2022,260.47749999999996,231.6025,28.87499999999997,12.467482000410168
46220,"Tuscaloosa, AL",01065,Hale County,Alabama,"Tuscaloosa, AL",46220,2023,275.4125,260.47749999999996,14.93500000000006,5.733700607538106
46220,"Tuscaloosa, AL",01065,Hale County,Alabama,"Tuscaloosa, AL",46220,2024,291.3325,275.4125,15.919999999999959,5.780420278672893
46220,"Tuscaloosa, AL",01065,Hale County,Alabama,"Tuscaloosa, AL",46220,2025,303.09000000000003,291.3325,11.75750000000005,4.035766692696496
46220,"Tuscaloosa, AL",01107,Pickens County,Alabama,"Tuscaloosa, AL",46220,2022,260.47749999999996,231.6025,28.87499999999997,12.467482000410168
46220,"Tuscaloosa, AL",01107,Pickens County,Alabama,"Tuscaloosa, AL",46220,2023,275.4125,260.47749999999996,14.93500000000006,5.733700607538106
46220,"Tuscaloosa, AL",01107,Pickens County,Alabama,"Tuscaloosa, AL",46220,2024,291.3325,275.4125,15.919999999999959,5.780420278672893
46220,"Tuscaloosa, AL",01107,Pickens County,Alabama,"Tuscaloosa, AL",46220,2025,303.09000000000003,291.3325,11.75750000000005,4.035766692696496
46220,"Tuscaloosa, AL",01125,Tuscaloosa County,Alabama,"Tuscaloosa, AL",46220,2022,260.47749999999996,231.6025,28.87499999999997,12.467482000410168
46220,"Tuscaloosa, AL",01125,Tuscaloosa County,Alabama,"Tuscaloosa, AL",46220,2023,275.4125,260.47749999999996,14.93500000000006,5.733700607538106
46220,"Tuscaloosa, AL",01125,Tuscaloosa County,Alabama,"Tuscaloosa, AL",46220,2024,291.3325,275.4125,15.919999999999959,5.780420278672893
46220,"Tuscaloosa, AL",01125,Tuscaloosa County,Alabama,"Tuscaloosa, AL",46220,2025,303.09000000000003,291.3325,11.75750000000005,4.035766692696496
46300,"Twin Falls, ID",16053,Jerome County,Idaho,"Twin Falls, ID",46300,2022,407.33,332.55,74.77999999999997,22.486844083596445
46300,"Twin Falls, ID",16053,Jerome County,Idaho,"Twin Falls, ID",46300,2023,404.025,407.33,-3.305000000000007,-0.8113814351999649
46300,"Twin Falls, ID",16053,Jerome County,Idaho,"Twin Falls, ID",46300,2024,419.825,404.025,15.800000000000011,3.9106490934966986
46300,"Twin Falls, ID",16053,Jerome County,Idaho,"Twin Falls, ID",46300,2025,430.08000000000004,419.825,10.255000000000052,2.4426844518549595
46300,"Twin Falls, ID",16083,Twin Falls County,Idaho,"Twin Falls, ID",46300,2022,407.33,332.55,74.77999999999997,22.486844083596445
46300,"Twin Falls, ID",16083,Twin Falls County,Idaho,"Twin Falls, ID",46300,2023,404.025,407.33,-3.305000000000007,-0.8113814351999649
46300,"Twin Falls, ID",16083,Twin Falls County,Idaho,"Twin Falls, ID",46300,2024,419.825,404.025,15.800000000000011,3.9106490934966986
46300,"Twin Falls, ID",16083,Twin Falls County,Idaho,"Twin Falls, ID",46300,2025,430.08000000000004,419.825,10.255000000000052,2.4426844518549595
46340,"Tyler, TX",48423,Smith County,Texas,"Tyler, TX",46340,2022,318.9325,261.055,57.8775,22.170615387562
46340,"Tyler, TX",48423,Smith County,Texas,"Tyler, TX",46340,2023,335.97749999999996,318.9325,17.04499999999996,5.344391054533459
46340,"Tyler, TX",48423,Smith County,Texas,"Tyler, TX",46340,2024,344.8675,335.97749999999996,8.890000000000043,2.6460105215379226
46340,"Tyler, TX",48423,Smith County,Texas,"Tyler, TX",46340,2025,348.865,344.8675,3.9975000000000023,1.1591408294489902
46520,"Urban Honolulu, HI",15003,Honolulu County,Hawaii,"Urban Honolulu, HI",46520,2022,314.3775,268.69,45.6875,17.00379619636012
46520,"Urban Honolulu, HI",15003,Honolulu County,Hawaii,"Urban Honolulu, HI",46520,2023,318.5325,314.3775,4.15500000000003,1.3216594699048123
46520,"Urban Honolulu, HI",15003,Honolulu County,Hawaii,"Urban Honolulu, HI",46520,2024,336.9975,318.5325,18.464999999999975,5.7968967059875975
46520,"Urban Honolulu, HI",15003,Honolulu County,Hawaii,"Urban Honolulu, HI",46520,2025,330.125,336.9975,-6.872500000000002,-2.0393326359987807
46540,"Utica-Rome, NY",36043,Herkimer County,New York,"Utica-Rome, NY",46540,2022,271.65,235.2625,36.38749999999999,15.466765846660646
46540,"Utica-Rome, NY",36043,Herkimer County,New York,"Utica-Rome, NY",46540,2023,288.93,271.65,17.28000000000003,6.3611264494754405
46540,"Utica-Rome, NY",36043,Herkimer County,New York,"Utica-Rome, NY",46540,2024,315.695,288.93,26.764999999999986,9.263489426504679
46540,"Utica-Rome, NY",36043,Herkimer County,New York,"Utica-Rome, NY",46540,2025,324.52,315.695,8.824999999999989,2.7954196297058864
46540,"Utica-Rome, NY",36065,Oneida County,New York,"Utica-Rome, NY",46540,2022,271.65,235.2625,36.38749999999999,15.466765846660646
46540,"Utica-Rome, NY",36065,Oneida County,New York,"Utica-Rome, NY",46540,2023,288.93,271.65,17.28000000000003,6.3611264494754405
46540,"Utica-Rome, NY",36065,Oneida County,New York,"Utica-Rome, NY",46540,2024,315.695,288.93,26.764999999999986,9.263489426504679
46540,"Utica-Rome, NY",36065,Oneida County,New York,"Utica-Rome, NY",46540,2025,324.52,315.695,8.824999999999989,2.7954196297058864
46660,"Valdosta, GA",13027,Brooks County,Georgia,"Valdosta, GA",46660,2022,239.385,202.64,36.745000000000005,18.133142518752464
46660,"Valdosta, GA",13027,Brooks County,Georgia,"Valdosta, GA",46660,2023,246.0775,239.385,6.6924999999999955,2.7957056624266396
46660,"Valdosta, GA",13027,Brooks County,Georgia,"Valdosta, GA",46660,2024,272.46000000000004,246.0775,26.38250000000005,10.7212158771119
46660,"Valdosta, GA",13027,Brooks County,Georgia,"Valdosta, GA",46660,2025,276.79499999999996,272.46000000000004,4.334999999999923,1.5910592380532718
46660,"Valdosta, GA",13101,Echols County,Georgia,"Valdosta, GA",46660,2022,239.385,202.64,36.745000000000005,18.133142518752464
46660,"Valdosta, GA",13101,Echols County,Georgia,"Valdosta, GA",46660,2023,246.0775,239.385,6.6924999999999955,2.7957056624266396
46660,"Valdosta, GA",13101,Echols County,Georgia,"Valdosta, GA",46660,2024,272.46000000000004,246.0775,26.38250000000005,10.7212158771119
46660,"Valdosta, GA",13101,Echols County,Georgia,"Valdosta, GA",46660,2025,276.79499999999996,272.46000000000004,4.334999999999923,1.5910592380532718
46660,"Valdosta, GA",13173,Lanier County,Georgia,"Valdosta, GA",46660,2022,239.385,202.64,36.745000000000005,18.133142518752464
46660,"Valdosta, GA",13173,Lanier County,Georgia,"Valdosta, GA",46660,2023,246.0775,239.385,6.6924999999999955,2.7957056624266396
46660,"Valdosta, GA",13173,Lanier County,Georgia,"Valdosta, GA",46660,2024,272.46000000000004,246.0775,26.38250000000005,10.7212158771119
46660,"Valdosta, GA",13173,Lanier County,Georgia,"Valdosta, GA",46660,2025,276.79499999999996,272.46000000000004,4.334999999999923,1.5910592380532718
46660,"Valdosta, GA",13185,Lowndes County,Georgia,"Valdosta, GA",46660,2022,239.385,202.64,36.745000000000005,18.133142518752464
46660,"Valdosta, GA",13185,Lowndes County,Georgia,"Valdosta, GA",46660,2023,246.0775,239.385,6.6924999999999955,2.7957056624266396
46660,"Valdosta, GA",13185,Lowndes County,Georgia,"Valdosta, GA",46660,2024,272.46000000000004,246.0775,26.38250000000005,10.7212158771119
46660,"Valdosta, GA",13185,Lowndes County,Georgia,"Valdosta, GA",46660,2025,276.79499999999996,272.46000000000004,4.334999999999923,1.5910592380532718
46700,"Vallejo, CA",06095,Solano County,California,"Vallejo, CA",46700,2022,383.46500000000003,344.375,39.09000000000003,11.350998185117977
46700,"Vallejo, CA",06095,Solano County,California,"Vallejo, CA",46700,2023,378.7475,383.46500000000003,-4.71750000000003,-1.2302296167838067
46700,"Vallejo, CA",06095,Solano County,California,"Vallejo, CA",46700,2024,387.53249999999997,378.7475,8.784999999999968,2.3194872573416347
46700,"Vallejo, CA",06095,Solano County,California,"Vallejo, CA",46700,2025,387.63,387.53249999999997,0.09750000000002501,0.025159180197786846
47020,"Victoria, TX",48175,Goliad County,Texas,"Victoria, TX",47020,2022,302.9025,261.5375,41.36499999999995,15.816087559145409
47020,"Victoria, TX",48175,Goliad County,Texas,"Victoria, TX",47020,2023,327.47749999999996,302.9025,24.57499999999999,8.113171730177204
47020,"Victoria, TX",48175,Goliad County,Texas,"Victoria, TX",47020,2024,342.595,327.47749999999996,15.117500000000064,4.616347688009115
47020,"Victoria, TX",48175,Goliad County,Texas,"Victoria, TX",47020,2025,342.40999999999997,342.595,-0.18500000000005912,-0.05399962054322138
47020,"Victoria, TX",48469,Victoria County,Texas,"Victoria, TX",47020,2022,302.9025,261.5375,41.36499999999995,15.816087559145409
47020,"Victoria, TX",48469,Victoria County,Texas,"Victoria, TX",47020,2023,327.47749999999996,302.9025,24.57499999999999,8.113171730177204
47020,"Victoria, TX",48469,Victoria County,Texas,"Victoria, TX",47020,2024,342.595,327.47749999999996,15.117500000000064,4.616347688009115
47020,"Victoria, TX",48469,Victoria County,Texas,"Victoria, TX",47020,2025,342.40999999999997,342.595,-0.18500000000005912,-0.05399962054322138
47220,"Vineland, NJ",34011,Cumberland County,New Jersey,"Vineland, NJ",47220,2022,256.4025,220.9275,35.474999999999966,16.057303866653072
47220,"Vineland, NJ",34011,Cumberland County,New Jersey,"Vineland, NJ",47220,2023,280.96,256.4025,24.557500000000005,9.577714725870457
47220,"Vineland, NJ",34011,Cumberland County,New Jersey,"Vineland, NJ",47220,2024,305.6775,280.96,24.71750000000003,8.797515660592259
47220,"Vineland, NJ",34011,Cumberland County,New Jersey,"Vineland, NJ",47220,2025,324.045,305.6775,18.367500000000007,6.008783767205639
47260,"Virginia Beach-Chesapeake-Norfolk, VA-NC",37029,Camden County,North Carolina,"Virginia Beach-Chesapeake-Norfolk, VA-NC",47260,2022,328.06166666666667,291.57916666666665,36.482500000000016,12.512039326083535
47260,"Virginia Beach-Chesapeake-Norfolk, VA-NC",37029,Camden County,North Carolina,"Virginia Beach-Chesapeake-Norfolk, VA-NC",47260,2023,348.29,328.06166666666667,20.228333333333353,6.166015535697045
47260,"Virginia Beach-Chesapeake-Norfolk, VA-NC",37029,Camden County,North Carolina,"Virginia Beach-Chesapeake-Norfolk, VA-NC",47260,2024,369.2416666666666,348.29,20.951666666666597,6.015580885660388
47260,"Virginia Beach-Chesapeake-Norfolk, VA-NC",37029,Camden County,North Carolina,"Virginia Beach-Chesapeake-Norfolk, VA-NC",47260,2025,385.90000000000003,369.2416666666666,16.658333333333417,4.511498792570379
47260,"Virginia Beach-Chesapeake-Norfolk, VA-NC",37053,Currituck County,North Carolina,"Virginia Beach-Chesapeake-Norfolk, VA-NC",47260,2022,328.06166666666667,291.57916666666665,36.482500000000016,12.512039326083535
47260,"Virginia Beach-Chesapeake-Norfolk, VA-NC",37053,Currituck County,North Carolina,"Virginia Beach-Chesapeake-Norfolk, VA-NC",47260,2023,348.29,328.06166666666667,20.228333333333353,6.166015535697045
47260,"Virginia Beach-Chesapeake-Norfolk, VA-NC",37053,Currituck County,North Carolina,"Virginia Beach-Chesapeake-Norfolk, VA-NC",47260,2024,369.2416666666666,348.29,20.951666666666597,6.015580885660388
47260,"Virginia Beach-Chesapeake-Norfolk, VA-NC",37053,Currituck County,North Carolina,"Virginia Beach-Chesapeake-Norfolk, VA-NC",47260,2025,385.90000000000003,369.2416666666666,16.658333333333417,4.511498792570379
47260,"Virginia Beach-Chesapeake-Norfolk, VA-NC",37073,Gates County,North Carolina,"Virginia Beach-Chesapeake-Norfolk, VA-NC",47260,2022,328.06166666666667,291.57916666666665,36.482500000000016,12.512039326083535
47260,"Virginia Beach-Chesapeake-Norfolk, VA-NC",37073,Gates County,North Carolina,"Virginia Beach-Chesapeake-Norfolk, VA-NC",47260,2023,348.29,328.06166666666667,20.228333333333353,6.166015535697045
47260,"Virginia Beach-Chesapeake-Norfolk, VA-NC",37073,Gates County,North Carolina,"Virginia Beach-Chesapeake-Norfolk, VA-NC",47260,2024,369.2416666666666,348.29,20.951666666666597,6.015580885660388
47260,"Virginia Beach-Chesapeake-Norfolk, VA-NC",37073,Gates County,North Carolina,"Virginia Beach-Chesapeake-Norfolk, VA-NC",47260,2025,385.90000000000003,369.2416666666666,16.658333333333417,4.511498792570379
47260,"Virginia Beach-Chesapeake-Norfolk, VA-NC",51073,Gloucester County,Virginia,"Virginia Beach-Chesapeake-Norfolk, VA-NC",47260,2022,328.06166666666667,291.57916666666665,36.482500000000016,12.512039326083535
47260,"Virginia Beach-Chesapeake-Norfolk, VA-NC",51073,Gloucester County,Virginia,"Virginia Beach-Chesapeake-Norfolk, VA-NC",47260,2023,348.29,328.06166666666667,20.228333333333353,6.166015535697045
47260,"Virginia Beach-Chesapeake-Norfolk, VA-NC",51073,Gloucester County,Virginia,"Virginia Beach-Chesapeake-Norfolk, VA-NC",47260,2024,369.2416666666666,348.29,20.951666666666597,6.015580885660388
47260,"Virginia Beach-Chesapeake-Norfolk, VA-NC",51073,Gloucester County,Virginia,"Virginia Beach-Chesapeake-Norfolk, VA-NC",47260,2025,385.90000000000003,369.2416666666666,16.658333333333417,4.511498792570379
47260,"Virginia Beach-Chesapeake-Norfolk, VA-NC",51093,Isle of Wight County,Virginia,"Virginia Beach-Chesapeake-Norfolk, VA-NC",47260,2022,328.06166666666667,291.57916666666665,36.482500000000016,12.512039326083535
47260,"Virginia Beach-Chesapeake-Norfolk, VA-NC",51093,Isle of Wight County,Virginia,"Virginia Beach-Chesapeake-Norfolk, VA-NC",47260,2023,348.29,328.06166666666667,20.228333333333353,6.166015535697045
47260,"Virginia Beach-Chesapeake-Norfolk, VA-NC",51093,Isle of Wight County,Virginia,"Virginia Beach-Chesapeake-Norfolk, VA-NC",47260,2024,369.2416666666666,348.29,20.951666666666597,6.015580885660388
47260,"Virginia Beach-Chesapeake-Norfolk, VA-NC",51093,Isle of Wight County,Virginia,"Virginia Beach-Chesapeake-Norfolk, VA-NC",47260,2025,385.90000000000003,369.2416666666666,16.658333333333417,4.511498792570379
47260,"Virginia Beach-Chesapeake-Norfolk, VA-NC",51095,James City County,Virginia,"Virginia Beach-Chesapeake-Norfolk, VA-NC",47260,2022,328.06166666666667,291.57916666666665,36.482500000000016,12.512039326083535
47260,"Virginia Beach-Chesapeake-Norfolk, VA-NC",51095,James City County,Virginia,"Virginia Beach-Chesapeake-Norfolk, VA-NC",47260,2023,348.29,328.06166666666667,20.228333333333353,6.166015535697045
47260,"Virginia Beach-Chesapeake-Norfolk, VA-NC",51095,James City County,Virginia,"Virginia Beach-Chesapeake-Norfolk, VA-NC",47260,2024,369.2416666666666,348.29,20.951666666666597,6.015580885660388
47260,"Virginia Beach-Chesapeake-Norfolk, VA-NC",51095,James City County,Virginia,"Virginia Beach-Chesapeake-Norfolk, VA-NC",47260,2025,385.90000000000003,369.2416666666666,16.658333333333417,4.511498792570379
47260,"Virginia Beach-Chesapeake-Norfolk, VA-NC",51115,Mathews County,Virginia,"Virginia Beach-Chesapeake-Norfolk, VA-NC",47260,2022,328.06166666666667,291.57916666666665,36.482500000000016,12.512039326083535
47260,"Virginia Beach-Chesapeake-Norfolk, VA-NC",51115,Mathews County,Virginia,"Virginia Beach-Chesapeake-Norfolk, VA-NC",47260,2023,348.29,328.06166666666667,20.228333333333353,6.166015535697045
47260,"Virginia Beach-Chesapeake-Norfolk, VA-NC",51115,Mathews County,Virginia,"Virginia Beach-Chesapeake-Norfolk, VA-NC",47260,2024,369.2416666666666,348.29,20.951666666666597,6.015580885660388
47260,"Virginia Beach-Chesapeake-Norfolk, VA-NC",51115,Mathews County,Virginia,"Virginia Beach-Chesapeake-Norfolk, VA-NC",47260,2025,385.90000000000003,369.2416666666666,16.658333333333417,4.511498792570379
47260,"Virginia Beach-Chesapeake-Norfolk, VA-NC",51181,Surry County,Virginia,"Virginia Beach-Chesapeake-Norfolk, VA-NC",47260,2022,328.06166666666667,291.57916666666665,36.482500000000016,12.512039326083535
47260,"Virginia Beach-Chesapeake-Norfolk, VA-NC",51181,Surry County,Virginia,"Virginia Beach-Chesapeake-Norfolk, VA-NC",47260,2023,348.29,328.06166666666667,20.228333333333353,6.166015535697045
47260,"Virginia Beach-Chesapeake-Norfolk, VA-NC",51181,Surry County,Virginia,"Virginia Beach-Chesapeake-Norfolk, VA-NC",47260,2024,369.2416666666666,348.29,20.951666666666597,6.015580885660388
47260,"Virginia Beach-Chesapeake-Norfolk, VA-NC",51181,Surry County,Virginia,"Virginia Beach-Chesapeake-Norfolk, VA-NC",47260,2025,385.90000000000003,369.2416666666666,16.658333333333417,4.511498792570379
47260,"Virginia Beach-Chesapeake-Norfolk, VA-NC",51199,York County,Virginia,"Virginia Beach-Chesapeake-Norfolk, VA-NC",47260,2022,328.06166666666667,291.57916666666665,36.482500000000016,12.512039326083535
47260,"Virginia Beach-Chesapeake-Norfolk, VA-NC",51199,York County,Virginia,"Virginia Beach-Chesapeake-Norfolk, VA-NC",47260,2023,348.29,328.06166666666667,20.228333333333353,6.166015535697045
47260,"Virginia Beach-Chesapeake-Norfolk, VA-NC",51199,York County,Virginia,"Virginia Beach-Chesapeake-Norfolk, VA-NC",47260,2024,369.2416666666666,348.29,20.951666666666597,6.015580885660388
47260,"Virginia Beach-Chesapeake-Norfolk, VA-NC",51199,York County,Virginia,"Virginia Beach-Chesapeake-Norfolk, VA-NC",47260,2025,385.90000000000003,369.2416666666666,16.658333333333417,4.511498792570379
47260,"Virginia Beach-Chesapeake-Norfolk, VA-NC",51550,Chesapeake city,Virginia,"Virginia Beach-Chesapeake-Norfolk, VA-NC",47260,2022,328.06166666666667,291.57916666666665,36.482500000000016,12.512039326083535
47260,"Virginia Beach-Chesapeake-Norfolk, VA-NC",51550,Chesapeake city,Virginia,"Virginia Beach-Chesapeake-Norfolk, VA-NC",47260,2023,348.29,328.06166666666667,20.228333333333353,6.166015535697045
47260,"Virginia Beach-Chesapeake-Norfolk, VA-NC",51550,Chesapeake city,Virginia,"Virginia Beach-Chesapeake-Norfolk, VA-NC",47260,2024,369.2416666666666,348.29,20.951666666666597,6.015580885660388
47260,"Virginia Beach-Chesapeake-Norfolk, VA-NC",51550,Chesapeake city,Virginia,"Virginia Beach-Chesapeake-Norfolk, VA-NC",47260,2025,385.90000000000003,369.2416666666666,16.658333333333417,4.511498792570379
47260,"Virginia Beach-Chesapeake-Norfolk, VA-NC",51650,Hampton city,Virginia,"Virginia Beach-Chesapeake-Norfolk, VA-NC",47260,2022,328.06166666666667,291.57916666666665,36.482500000000016,12.512039326083535
47260,"Virginia Beach-Chesapeake-Norfolk, VA-NC",51650,Hampton city,Virginia,"Virginia Beach-Chesapeake-Norfolk, VA-NC",47260,2023,348.29,328.06166666666667,20.228333333333353,6.166015535697045
47260,"Virginia Beach-Chesapeake-Norfolk, VA-NC",51650,Hampton city,Virginia,"Virginia Beach-Chesapeake-Norfolk, VA-NC",47260,2024,369.2416666666666,348.29,20.951666666666597,6.015580885660388
47260,"Virginia Beach-Chesapeake-Norfolk, VA-NC",51650,Hampton city,Virginia,"Virginia Beach-Chesapeake-Norfolk, VA-NC",47260,2025,385.90000000000003,369.2416666666666,16.658333333333417,4.511498792570379
47260,"Virginia Beach-Chesapeake-Norfolk, VA-NC",51700,Newport News city,Virginia,"Virginia Beach-Chesapeake-Norfolk, VA-NC",47260,2022,328.06166666666667,291.57916666666665,36.482500000000016,12.512039326083535
47260,"Virginia Beach-Chesapeake-Norfolk, VA-NC",51700,Newport News city,Virginia,"Virginia Beach-Chesapeake-Norfolk, VA-NC",47260,2023,348.29,328.06166666666667,20.228333333333353,6.166015535697045
47260,"Virginia Beach-Chesapeake-Norfolk, VA-NC",51700,Newport News city,Virginia,"Virginia Beach-Chesapeake-Norfolk, VA-NC",47260,2024,369.2416666666666,348.29,20.951666666666597,6.015580885660388
47260,"Virginia Beach-Chesapeake-Norfolk, VA-NC",51700,Newport News city,Virginia,"Virginia Beach-Chesapeake-Norfolk, VA-NC",47260,2025,385.90000000000003,369.2416666666666,16.658333333333417,4.511498792570379
47260,"Virginia Beach-Chesapeake-Norfolk, VA-NC",51710,Norfolk city,Virginia,"Virginia Beach-Chesapeake-Norfolk, VA-NC",47260,2022,328.06166666666667,291.57916666666665,36.482500000000016,12.512039326083535
47260,"Virginia Beach-Chesapeake-Norfolk, VA-NC",51710,Norfolk city,Virginia,"Virginia Beach-Chesapeake-Norfolk, VA-NC",47260,2023,348.29,328.06166666666667,20.228333333333353,6.166015535697045
47260,"Virginia Beach-Chesapeake-Norfolk, VA-NC",51710,Norfolk city,Virginia,"Virginia Beach-Chesapeake-Norfolk, VA-NC",47260,2024,369.2416666666666,348.29,20.951666666666597,6.015580885660388
47260,"Virginia Beach-Chesapeake-Norfolk, VA-NC",51710,Norfolk city,Virginia,"Virginia Beach-Chesapeake-Norfolk, VA-NC",47260,2025,385.90000000000003,369.2416666666666,16.658333333333417,4.511498792570379
47260,"Virginia Beach-Chesapeake-Norfolk, VA-NC",51735,Poquoson city,Virginia,"Virginia Beach-Chesapeake-Norfolk, VA-NC",47260,2022,328.06166666666667,291.57916666666665,36.482500000000016,12.512039326083535
47260,"Virginia Beach-Chesapeake-Norfolk, VA-NC",51735,Poquoson city,Virginia,"Virginia Beach-Chesapeake-Norfolk, VA-NC",47260,2023,348.29,328.06166666666667,20.228333333333353,6.166015535697045
47260,"Virginia Beach-Chesapeake-Norfolk, VA-NC",51735,Poquoson city,Virginia,"Virginia Beach-Chesapeake-Norfolk, VA-NC",47260,2024,369.2416666666666,348.29,20.951666666666597,6.015580885660388
47260,"Virginia Beach-Chesapeake-Norfolk, VA-NC",51735,Poquoson city,Virginia,"Virginia Beach-Chesapeake-Norfolk, VA-NC",47260,2025,385.90000000000003,369.2416666666666,16.658333333333417,4.511498792570379
47260,"Virginia Beach-Chesapeake-Norfolk, VA-NC",51740,Portsmouth city,Virginia,"Virginia Beach-Chesapeake-Norfolk, VA-NC",47260,2022,328.06166666666667,291.57916666666665,36.482500000000016,12.512039326083535
47260,"Virginia Beach-Chesapeake-Norfolk, VA-NC",51740,Portsmouth city,Virginia,"Virginia Beach-Chesapeake-Norfolk, VA-NC",47260,2023,348.29,328.06166666666667,20.228333333333353,6.166015535697045
47260,"Virginia Beach-Chesapeake-Norfolk, VA-NC",51740,Portsmouth city,Virginia,"Virginia Beach-Chesapeake-Norfolk, VA-NC",47260,2024,369.2416666666666,348.29,20.951666666666597,6.015580885660388
47260,"Virginia Beach-Chesapeake-Norfolk, VA-NC",51740,Portsmouth city,Virginia,"Virginia Beach-Chesapeake-Norfolk, VA-NC",47260,2025,385.90000000000003,369.2416666666666,16.658333333333417,4.511498792570379
47260,"Virginia Beach-Chesapeake-Norfolk, VA-NC",51800,Suffolk city,Virginia,"Virginia Beach-Chesapeake-Norfolk, VA-NC",47260,2022,328.06166666666667,291.57916666666665,36.482500000000016,12.512039326083535
47260,"Virginia Beach-Chesapeake-Norfolk, VA-NC",51800,Suffolk city,Virginia,"Virginia Beach-Chesapeake-Norfolk, VA-NC",47260,2023,348.29,328.06166666666667,20.228333333333353,6.166015535697045
47260,"Virginia Beach-Chesapeake-Norfolk, VA-NC",51800,Suffolk city,Virginia,"Virginia Beach-Chesapeake-Norfolk, VA-NC",47260,2024,369.2416666666666,348.29,20.951666666666597,6.015580885660388
47260,"Virginia Beach-Chesapeake-Norfolk, VA-NC",51800,Suffolk city,Virginia,"Virginia Beach-Chesapeake-Norfolk, VA-NC",47260,2025,385.90000000000003,369.2416666666666,16.658333333333417,4.511498792570379
47260,"Virginia Beach-Chesapeake-Norfolk, VA-NC",51810,Virginia Beach city,Virginia,"Virginia Beach-Chesapeake-Norfolk, VA-NC",47260,2022,328.06166666666667,291.57916666666665,36.482500000000016,12.512039326083535
47260,"Virginia Beach-Chesapeake-Norfolk, VA-NC",51810,Virginia Beach city,Virginia,"Virginia Beach-Chesapeake-Norfolk, VA-NC",47260,2023,348.29,328.06166666666667,20.228333333333353,6.166015535697045
47260,"Virginia Beach-Chesapeake-Norfolk, VA-NC",51810,Virginia Beach city,Virginia,"Virginia Beach-Chesapeake-Norfolk, VA-NC",47260,2024,369.2416666666666,348.29,20.951666666666597,6.015580885660388
47260,"Virginia Beach-Chesapeake-Norfolk, VA-NC",51810,Virginia Beach city,Virginia,"Virginia Beach-Chesapeake-Norfolk, VA-NC",47260,2025,385.90000000000003,369.2416666666666,16.658333333333417,4.511498792570379
47260,"Virginia Beach-Chesapeake-Norfolk, VA-NC",51830,Williamsburg city,Virginia,"Virginia Beach-Chesapeake-Norfolk, VA-NC",47260,2022,328.06166666666667,291.57916666666665,36.482500000000016,12.512039326083535
47260,"Virginia Beach-Chesapeake-Norfolk, VA-NC",51830,Williamsburg city,Virginia,"Virginia Beach-Chesapeake-Norfolk, VA-NC",47260,2023,348.29,328.06166666666667,20.228333333333353,6.166015535697045
47260,"Virginia Beach-Chesapeake-Norfolk, VA-NC",51830,Williamsburg city,Virginia,"Virginia Beach-Chesapeake-Norfolk, VA-NC",47260,2024,369.2416666666666,348.29,20.951666666666597,6.015580885660388
47260,"Virginia Beach-Chesapeake-Norfolk, VA-NC",51830,Williamsburg city,Virginia,"Virginia Beach-Chesapeake-Norfolk, VA-NC",47260,2025,385.90000000000003,369.2416666666666,16.658333333333417,4.511498792570379
47300,"Visalia, CA",06107,Tulare County,California,"Visalia, CA",47300,2022,308.0375,263.74,44.297500000000014,16.795897474785782
47300,"Visalia, CA",06107,Tulare County,California,"Visalia, CA",47300,2023,321.22249999999997,308.0375,13.184999999999945,4.280323012620202
47300,"Visalia, CA",06107,Tulare County,California,"Visalia, CA",47300,2024,338.03,321.22249999999997,16.807500000000005,5.2323545206204525
47300,"Visalia, CA",06107,Tulare County,California,"Visalia, CA",47300,2025,348.925,338.03,10.895000000000039,3.2230867082803316
47380,"Waco, TX",48035,Bosque County,Texas,"Waco, TX",47380,2022,364.4325,299.2375,65.195,21.787042065249175
47380,"Waco, TX",48035,Bosque County,Texas,"Waco, TX",47380,2023,383.295,364.4325,18.86250000000001,5.175855611121394
47380,"Waco, TX",48035,Bosque County,Texas,"Waco, TX",47380,2024,385.8325,383.295,2.537499999999966,0.662022724011524
47380,"Waco, TX",48035,Bosque County,Texas,"Waco, TX",47380,2025,397.21000000000004,385.8325,11.377500000000055,2.9488184639707704
47380,"Waco, TX",48145,Falls County,Texas,"Waco, TX",47380,2022,364.4325,299.2375,65.195,21.787042065249175
47380,"Waco, TX",48145,Falls County,Texas,"Waco, TX",47380,2023,383.295,364.4325,18.86250000000001,5.175855611121394
47380,"Waco, TX",48145,Falls County,Texas,"Waco, TX",47380,2024,385.8325,383.295,2.537499999999966,0.662022724011524
47380,"Waco, TX",48145,Falls County,Texas,"Waco, TX",47380,2025,397.21000000000004,385.8325,11.377500000000055,2.9488184639707704
47380,"Waco, TX",48309,McLennan County,Texas,"Waco, TX",47380,2022,364.4325,299.2375,65.195,21.787042065249175
47380,"Waco, TX",48309,McLennan County,Texas,"Waco, TX",47380,2023,383.295,364.4325,18.86250000000001,5.175855611121394
47380,"Waco, TX",48309,McLennan County,Texas,"Waco, TX",47380,2024,385.8325,383.295,2.537499999999966,0.662022724011524
47380,"Waco, TX",48309,McLennan County,Texas,"Waco, TX",47380,2025,397.21000000000004,385.8325,11.377500000000055,2.9488184639707704
47460,"Walla Walla, WA",53071,Walla Walla County,Washington,"Walla Walla, WA",47460,2022,398.88,334.59749999999997,64.28250000000003,19.211888911303898
47460,"Walla Walla, WA",53071,Walla Walla County,Washington,"Walla Walla, WA",47460,2023,400.8075,398.88,1.927500000000009,0.48322803850782137
47460,"Walla Walla, WA",53071,Walla Walla County,Washington,"Walla Walla, WA",47460,2024,406.605,400.8075,5.797500000000014,1.4464549690312634
47460,"Walla Walla, WA",53071,Walla Walla County,Washington,"Walla Walla, WA",47460,2025,419.86,406.605,13.254999999999995,3.2599205617245275
47580,"Warner Robins, GA",13153,Houston County,Georgia,"Warner Robins, GA",47580,2022,225.9125,189.61,36.30249999999998,19.145878381941863
47580,"Warner Robins, GA",13153,Houston County,Georgia,"Warner Robins, GA",47580,2023,252.2025,225.9125,26.289999999999992,11.637248934875233
47580,"Warner Robins, GA",13153,Houston County,Georgia,"Warner Robins, GA",47580,2024,267.435,252.2025,15.232500000000016,6.039789454902311
47580,"Warner Robins, GA",13153,Houston County,Georgia,"Warner Robins, GA",47580,2025,280.845,267.435,13.410000000000025,5.014302540804327
47580,"Warner Robins, GA",13225,Peach County,Georgia,"Warner Robins, GA",47580,2022,225.9125,189.61,36.30249999999998,19.145878381941863
47580,"Warner Robins, GA",13225,Peach County,Georgia,"Warner Robins, GA",47580,2023,252.2025,225.9125,26.289999999999992,11.637248934875233
47580,"Warner Robins, GA",13225,Peach County,Georgia,"Warner Robins, GA",47580,2024,267.435,252.2025,15.232500000000016,6.039789454902311
47580,"Warner Robins, GA",13225,Peach County,Georgia,"Warner Robins, GA",47580,2025,280.845,267.435,13.410000000000025,5.014302540804327
47930,"Waterbury-Shelton, CT",09140,Naugatuck Valley Planning Region,Connecticut,"Waterbury-Shelton, CT",47930,2022,238.67,208.84,29.829999999999984,14.283662133690855
47930,"Waterbury-Shelton, CT",09140,Naugatuck Valley Planning Region,Connecticut,"Waterbury-Shelton, CT",47930,2023,263.41,238.67,24.740000000000038,10.365777014287536
47930,"Waterbury-Shelton, CT",09140,Naugatuck Valley Planning Region,Connecticut,"Waterbury-Shelton, CT",47930,2024,284.9425,263.41,21.53249999999997,8.174518810979059
47930,"Waterbury-Shelton, CT",09140,Naugatuck Valley Planning Region,Connecticut,"Waterbury-Shelton, CT",47930,2025,298.025,284.9425,13.082499999999982,4.59127718750274
47940,"Waterloo-Cedar Falls, IA",19013,Black Hawk County,Iowa,"Waterloo-Cedar Falls, IA",47940,2022,280.9175,251.7,29.21750000000003,11.608065156932867
47940,"Waterloo-Cedar Falls, IA",19013,Black Hawk County,Iowa,"Waterloo-Cedar Falls, IA",47940,2023,305.8075,280.9175,24.889999999999986,8.86025256525491
47940,"Waterloo-Cedar Falls, IA",19013,Black Hawk County,Iowa,"Waterloo-Cedar Falls, IA",47940,2024,322.985,305.8075,17.17750000000001,5.617095721981968
47940,"Waterloo-Cedar Falls, IA",19013,Black Hawk County,Iowa,"Waterloo-Cedar Falls, IA",47940,2025,329.375,322.985,6.389999999999986,1.9784200504667337
47940,"Waterloo-Cedar Falls, IA",19017,Bremer County,Iowa,"Waterloo-Cedar Falls, IA",47940,2022,280.9175,251.7,29.21750000000003,11.608065156932867
47940,"Waterloo-Cedar Falls, IA",19017,Bremer County,Iowa,"Waterloo-Cedar Falls, IA",47940,2023,305.8075,280.9175,24.889999999999986,8.86025256525491
47940,"Waterloo-Cedar Falls, IA",19017,Bremer County,Iowa,"Waterloo-Cedar Falls, IA",47940,2024,322.985,305.8075,17.17750000000001,5.617095721981968
47940,"Waterloo-Cedar Falls, IA",19017,Bremer County,Iowa,"Waterloo-Cedar Falls, IA",47940,2025,329.375,322.985,6.389999999999986,1.9784200504667337
47940,"Waterloo-Cedar Falls, IA",19075,Grundy County,Iowa,"Waterloo-Cedar Falls, IA",47940,2022,280.9175,251.7,29.21750000000003,11.608065156932867
47940,"Waterloo-Cedar Falls, IA",19075,Grundy County,Iowa,"Waterloo-Cedar Falls, IA",47940,2023,305.8075,280.9175,24.889999999999986,8.86025256525491
47940,"Waterloo-Cedar Falls, IA",19075,Grundy County,Iowa,"Waterloo-Cedar Falls, IA",47940,2024,322.985,305.8075,17.17750000000001,5.617095721981968
47940,"Waterloo-Cedar Falls, IA",19075,Grundy County,Iowa,"Waterloo-Cedar Falls, IA",47940,2025,329.375,322.985,6.389999999999986,1.9784200504667337
48060,"Watertown-Fort Drum, NY",36045,Jefferson County,New York,"Watertown-Fort Drum, NY",48060,2022,273.8925,246.7125,27.17999999999998,11.016871865025069
48060,"Watertown-Fort Drum, NY",36045,Jefferson County,New York,"Watertown-Fort Drum, NY",48060,2023,282.37,273.8925,8.47750000000002,3.095192456894602
48060,"Watertown-Fort Drum, NY",36045,Jefferson County,New York,"Watertown-Fort Drum, NY",48060,2024,294.575,282.37,12.204999999999984,4.322343025108899
48060,"Watertown-Fort Drum, NY",36045,Jefferson County,New York,"Watertown-Fort Drum, NY",48060,2025,296.485,294.575,1.910000000000025,0.6483917508274706
48140,"Wausau, WI",55073,Marathon County,Wisconsin,"Wausau, WI",48140,2022,249.0925,214.185,34.9075,16.297826645189907
48140,"Wausau, WI",55073,Marathon County,Wisconsin,"Wausau, WI",48140,2023,269.43,249.0925,20.337500000000006,8.164637634613658
48140,"Wausau, WI",55073,Marathon County,Wisconsin,"Wausau, WI",48140,2024,285.6225,269.43,16.192499999999995,6.009909809598035
48140,"Wausau, WI",55073,Marathon County,Wisconsin,"Wausau, WI",48140,2025,307.685,285.6225,22.0625,7.724356449509395
48260,"Weirton-Steubenville, WV-OH",39081,Jefferson County,Ohio,"Weirton-Steubenville, WV-OH",48260,2022,258.8125,227.03,31.7825,13.999251200281893
48260,"Weirton-Steubenville, WV-OH",39081,Jefferson County,Ohio,"Weirton-Steubenville, WV-OH",48260,2023,275.265,258.8125,16.452499999999986,6.356918618691143
48260,"Weirton-Steubenville, WV-OH",39081,Jefferson County,Ohio,"Weirton-Steubenville, WV-OH",48260,2024,289.7725,275.265,14.507499999999993,5.270375819664674
48260,"Weirton-Steubenville, WV-OH",39081,Jefferson County,Ohio,"Weirton-Steubenville, WV-OH",48260,2025,315.28,289.7725,25.507499999999993,8.802595139290315
48260,"Weirton-Steubenville, WV-OH",54009,Brooke County,West Virginia,"Weirton-Steubenville, WV-OH",48260,2022,258.8125,227.03,31.7825,13.999251200281893
48260,"Weirton-Steubenville, WV-OH",54009,Brooke County,West Virginia,"Weirton-Steubenville, WV-OH",48260,2023,275.265,258.8125,16.452499999999986,6.356918618691143
48260,"Weirton-Steubenville, WV-OH",54009,Brooke County,West Virginia,"Weirton-Steubenville, WV-OH",48260,2024,289.7725,275.265,14.507499999999993,5.270375819664674
48260,"Weirton-Steubenville, WV-OH",54009,Brooke County,West Virginia,"Weirton-Steubenville, WV-OH",48260,2025,315.28,289.7725,25.507499999999993,8.802595139290315
48260,"Weirton-Steubenville, WV-OH",54029,Hancock County,West Virginia,"Weirton-Steubenville, WV-OH",48260,2022,258.8125,227.03,31.7825,13.999251200281893
48260,"Weirton-Steubenville, WV-OH",54029,Hancock County,West Virginia,"Weirton-Steubenville, WV-OH",48260,2023,275.265,258.8125,16.452499999999986,6.356918618691143
48260,"Weirton-Steubenville, WV-OH",54029,Hancock County,West Virginia,"Weirton-Steubenville, WV-OH",48260,2024,289.7725,275.265,14.507499999999993,5.270375819664674
48260,"Weirton-Steubenville, WV-OH",54029,Hancock County,West Virginia,"Weirton-Steubenville, WV-OH",48260,2025,315.28,289.7725,25.507499999999993,8.802595139290315
48300,"Wenatchee-East Wenatchee, WA",53007,Chelan County,Washington,"Wenatchee-East Wenatchee, WA",48300,2022,383.1625,332.95000000000005,50.21249999999998,15.081093257245826
48300,"Wenatchee-East Wenatchee, WA",53007,Chelan County,Washington,"Wenatchee-East Wenatchee, WA",48300,2023,398.38,383.1625,15.217499999999973,3.97155253971877
48300,"Wenatchee-East Wenatchee, WA",53007,Chelan County,Washington,"Wenatchee-East Wenatchee, WA",48300,2024,412.625,398.38,14.245000000000005,3.575731713439434
48300,"Wenatchee-East Wenatchee, WA",53007,Chelan County,Washington,"Wenatchee-East Wenatchee, WA",48300,2025,431.18,412.625,18.555000000000007,4.496819145713427
48300,"Wenatchee-East Wenatchee, WA",53017,Douglas County,Washington,"Wenatchee-East Wenatchee, WA",48300,2022,383.1625,332.95000000000005,50.21249999999998,15.081093257245826
48300,"Wenatchee-East Wenatchee, WA",53017,Douglas County,Washington,"Wenatchee-East Wenatchee, WA",48300,2023,398.38,383.1625,15.217499999999973,3.97155253971877
48300,"Wenatchee-East Wenatchee, WA",53017,Douglas County,Washington,"Wenatchee-East Wenatchee, WA",48300,2024,412.625,398.38,14.245000000000005,3.575731713439434
48300,"Wenatchee-East Wenatchee, WA",53017,Douglas County,Washington,"Wenatchee-East Wenatchee, WA",48300,2025,431.18,412.625,18.555000000000007,4.496819145713427
48540,"Wheeling, WV-OH",39013,Belmont County,Ohio,"Wheeling, WV-OH",48540,2022,239.9425,217.9525,21.99000000000001,10.089354331792478
48540,"Wheeling, WV-OH",39013,Belmont County,Ohio,"Wheeling, WV-OH",48540,2023,248.2425,239.9425,8.300000000000011,3.4591620909176113
48540,"Wheeling, WV-OH",39013,Belmont County,Ohio,"Wheeling, WV-OH",48540,2024,268.4475,248.2425,20.204999999999984,8.139218707513818
48540,"Wheeling, WV-OH",39013,Belmont County,Ohio,"Wheeling, WV-OH",48540,2025,279.17,268.4475,10.722500000000025,3.9942633103307035
48540,"Wheeling, WV-OH",54051,Marshall County,West Virginia,"Wheeling, WV-OH",48540,2022,239.9425,217.9525,21.99000000000001,10.089354331792478
48540,"Wheeling, WV-OH",54051,Marshall County,West Virginia,"Wheeling, WV-OH",48540,2023,248.2425,239.9425,8.300000000000011,3.4591620909176113
48540,"Wheeling, WV-OH",54051,Marshall County,West Virginia,"Wheeling, WV-OH",48540,2024,268.4475,248.2425,20.204999999999984,8.139218707513818
48540,"Wheeling, WV-OH",54051,Marshall County,West Virginia,"Wheeling, WV-OH",48540,2025,279.17,268.4475,10.722500000000025,3.9942633103307035
48540,"Wheeling, WV-OH",54069,Ohio County,West Virginia,"Wheeling, WV-OH",48540,2022,239.9425,217.9525,21.99000000000001,10.089354331792478
48540,"Wheeling, WV-OH",54069,Ohio County,West Virginia,"Wheeling, WV-OH",48540,2023,248.2425,239.9425,8.300000000000011,3.4591620909176113
48540,"Wheeling, WV-OH",54069,Ohio County,West Virginia,"Wheeling, WV-OH",48540,2024,268.4475,248.2425,20.204999999999984,8.139218707513818
48540,"Wheeling, WV-OH",54069,Ohio County,West Virginia,"Wheeling, WV-OH",48540,2025,279.17,268.4475,10.722500000000025,3.9942633103307035
48620,"Wichita, KS",20015,Butler County,Kansas,"Wichita, KS",48620,2022,253.60999999999999,221.24,32.369999999999976,14.6311697703851
48620,"Wichita, KS",20015,Butler County,Kansas,"Wichita, KS",48620,2023,273.28,253.60999999999999,19.669999999999987,7.756003312172233
48620,"Wichita, KS",20015,Butler County,Kansas,"Wichita, KS",48620,2024,291.545,273.28,18.265000000000043,6.683621194379397
48620,"Wichita, KS",20015,Butler County,Kansas,"Wichita, KS",48620,2025,298.565,291.545,7.019999999999982,2.4078615651100144
48620,"Wichita, KS",20079,Harvey County,Kansas,"Wichita, KS",48620,2022,253.60999999999999,221.24,32.369999999999976,14.6311697703851
48620,"Wichita, KS",20079,Harvey County,Kansas,"Wichita, KS",48620,2023,273.28,253.60999999999999,19.669999999999987,7.756003312172233
48620,"Wichita, KS",20079,Harvey County,Kansas,"Wichita, KS",48620,2024,291.545,273.28,18.265000000000043,6.683621194379397
48620,"Wichita, KS",20079,Harvey County,Kansas,"Wichita, KS",48620,2025,298.565,291.545,7.019999999999982,2.4078615651100144
48620,"Wichita, KS",20173,Sedgwick County,Kansas,"Wichita, KS",48620,2022,253.60999999999999,221.24,32.369999999999976,14.6311697703851
48620,"Wichita, KS",20173,Sedgwick County,Kansas,"Wichita, KS",48620,2023,273.28,253.60999999999999,19.669999999999987,7.756003312172233
48620,"Wichita, KS",20173,Sedgwick County,Kansas,"Wichita, KS",48620,2024,291.545,273.28,18.265000000000043,6.683621194379397
48620,"Wichita, KS",20173,Sedgwick County,Kansas,"Wichita, KS",48620,2025,298.565,291.545,7.019999999999982,2.4078615651100144
48620,"Wichita, KS",20191,Sumner County,Kansas,"Wichita, KS",48620,2022,253.60999999999999,221.24,32.369999999999976,14.6311697703851
48620,"Wichita, KS",20191,Sumner County,Kansas,"Wichita, KS",48620,2023,273.28,253.60999999999999,19.669999999999987,7.756003312172233
48620,"Wichita, KS",20191,Sumner County,Kansas,"Wichita, KS",48620,2024,291.545,273.28,18.265000000000043,6.683621194379397
48620,"Wichita, KS",20191,Sumner County,Kansas,"Wichita, KS",48620,2025,298.565,291.545,7.019999999999982,2.4078615651100144
48660,"Wichita Falls, TX",48009,Archer County,Texas,"Wichita Falls, TX",48660,2022,272.0025,231.325,40.67750000000001,17.584567167405176
48660,"Wichita Falls, TX",48009,Archer County,Texas,"Wichita Falls, TX",48660,2023,279.77750000000003,272.0025,7.775000000000034,2.858429610021984
48660,"Wichita Falls, TX",48009,Archer County,Texas,"Wichita Falls, TX",48660,2024,300.1275,279.77750000000003,20.349999999999966,7.27363708661346
48660,"Wichita Falls, TX",48009,Archer County,Texas,"Wichita Falls, TX",48660,2025,309.64,300.1275,9.512499999999989,3.1694863016551222
48660,"Wichita Falls, TX",48077,Clay County,Texas,"Wichita Falls, TX",48660,2022,272.0025,231.325,40.67750000000001,17.584567167405176
48660,"Wichita Falls, TX",48077,Clay County,Texas,"Wichita Falls, TX",48660,2023,279.77750000000003,272.0025,7.775000000000034,2.858429610021984
48660,"Wichita Falls, TX",48077,Clay County,Texas,"Wichita Falls, TX",48660,2024,300.1275,279.77750000000003,20.349999999999966,7.27363708661346
48660,"Wichita Falls, TX",48077,Clay County,Texas,"Wichita Falls, TX",48660,2025,309.64,300.1275,9.512499999999989,3.1694863016551222
48660,"Wichita Falls, TX",48485,Wichita County,Texas,"Wichita Falls, TX",48660,2022,272.0025,231.325,40.67750000000001,17.584567167405176
48660,"Wichita Falls, TX",48485,Wichita County,Texas,"Wichita Falls, TX",48660,2023,279.77750000000003,272.0025,7.775000000000034,2.858429610021984
48660,"Wichita Falls, TX",48485,Wichita County,Texas,"Wichita Falls, TX",48660,2024,300.1275,279.77750000000003,20.349999999999966,7.27363708661346
48660,"Wichita Falls, TX",48485,Wichita County,Texas,"Wichita Falls, TX",48660,2025,309.64,300.1275,9.512499999999989,3.1694863016551222
48680,"Wildwood-The Villages, FL",12119,Sumter County,Florida,"Wildwood-The Villages, FL",48680,2022,378.9625,308.255,70.70749999999998,22.93798965142495
48680,"Wildwood-The Villages, FL",12119,Sumter County,Florida,"Wildwood-The Villages, FL",48680,2023,395.7425,378.9625,16.78000000000003,4.427878747897229
48680,"Wildwood-The Villages, FL",12119,Sumter County,Florida,"Wildwood-The Villages, FL",48680,2024,404.925,395.7425,9.182500000000005,2.320321926505242
48680,"Wildwood-The Villages, FL",12119,Sumter County,Florida,"Wildwood-The Villages, FL",48680,2025,400.89,404.925,-4.035000000000025,-0.9964808297832972
48700,"Williamsport, PA",42081,Lycoming County,Pennsylvania,"Williamsport, PA",48700,2022,264.51,236.57999999999998,27.930000000000007,11.805731676388543
48700,"Williamsport, PA",42081,Lycoming County,Pennsylvania,"Williamsport, PA",48700,2023,271.225,264.51,6.715000000000032,2.538656383501592
48700,"Williamsport, PA",42081,Lycoming County,Pennsylvania,"Williamsport, PA",48700,2024,292.9875,271.225,21.76249999999999,8.023780993639962
48700,"Williamsport, PA",42081,Lycoming County,Pennsylvania,"Williamsport, PA",48700,2025,311.3,292.9875,18.3125,6.250266649601088
48900,"Wilmington, NC",37019,Brunswick County,North Carolina,"Wilmington, NC",48900,2022,367.3525,297.2925,70.06,23.566016633450214
48900,"Wilmington, NC",37019,Brunswick County,North Carolina,"Wilmington, NC",48900,2023,405.365,367.3525,38.01249999999999,10.347690569684431
48900,"Wilmington, NC",37019,Brunswick County,North Carolina,"Wilmington, NC",48900,2024,429.375,405.365,24.00999999999999,5.923056998014142
48900,"Wilmington, NC",37019,Brunswick County,North Carolina,"Wilmington, NC",48900,2025,441.01,429.375,11.634999999999991,2.7097525473071205
48900,"Wilmington, NC",37129,New Hanover County,North Carolina,"Wilmington, NC",48900,2022,367.3525,297.2925,70.06,23.566016633450214
48900,"Wilmington, NC",37129,New Hanover County,North Carolina,"Wilmington, NC",48900,2023,405.365,367.3525,38.01249999999999,10.347690569684431
48900,"Wilmington, NC",37129,New Hanover County,North Carolina,"Wilmington, NC",48900,2024,429.375,405.365,24.00999999999999,5.923056998014142
48900,"Wilmington, NC",37129,New Hanover County,North Carolina,"Wilmington, NC",48900,2025,441.01,429.375,11.634999999999991,2.7097525473071205
48900,"Wilmington, NC",37141,Pender County,North Carolina,"Wilmington, NC",48900,2022,367.3525,297.2925,70.06,23.566016633450214
48900,"Wilmington, NC",37141,Pender County,North Carolina,"Wilmington, NC",48900,2023,405.365,367.3525,38.01249999999999,10.347690569684431
48900,"Wilmington, NC",37141,Pender County,North Carolina,"Wilmington, NC",48900,2024,429.375,405.365,24.00999999999999,5.923056998014142
48900,"Wilmington, NC",37141,Pender County,North Carolina,"Wilmington, NC",48900,2025,441.01,429.375,11.634999999999991,2.7097525473071205
49020,"Winchester, VA-WV",51069,Frederick County,Virginia,"Winchester, VA-WV",49020,2022,302.36,261.915,40.44499999999999,15.4420327205391
49020,"Winchester, VA-WV",51069,Frederick County,Virginia,"Winchester, VA-WV",49020,2023,320.77,302.36,18.409999999999968,6.088768355602592
49020,"Winchester, VA-WV",51069,Frederick County,Virginia,"Winchester, VA-WV",49020,2024,338.3875,320.77,17.617500000000007,5.4922530161798155
49020,"Winchester, VA-WV",51069,Frederick County,Virginia,"Winchester, VA-WV",49020,2025,348.54,338.3875,10.152500000000032,3.0002585792914926
49020,"Winchester, VA-WV",51840,Winchester city,Virginia,"Winchester, VA-WV",49020,2022,302.36,261.915,40.44499999999999,15.4420327205391
49020,"Winchester, VA-WV",51840,Winchester city,Virginia,"Winchester, VA-WV",49020,2023,320.77,302.36,18.409999999999968,6.088768355602592
49020,"Winchester, VA-WV",51840,Winchester city,Virginia,"Winchester, VA-WV",49020,2024,338.3875,320.77,17.617500000000007,5.4922530161798155
49020,"Winchester, VA-WV",51840,Winchester city,Virginia,"Winchester, VA-WV",49020,2025,348.54,338.3875,10.152500000000032,3.0002585792914926
49020,"Winchester, VA-WV",54027,Hampshire County,West Virginia,"Winchester, VA-WV",49020,2022,302.36,261.915,40.44499999999999,15.4420327205391
49020,"Winchester, VA-WV",54027,Hampshire County,West Virginia,"Winchester, VA-WV",49020,2023,320.77,302.36,18.409999999999968,6.088768355602592
49020,"Winchester, VA-WV",54027,Hampshire County,West Virginia,"Winchester, VA-WV",49020,2024,338.3875,320.77,17.617500000000007,5.4922530161798155
49020,"Winchester, VA-WV",54027,Hampshire County,West Virginia,"Winchester, VA-WV",49020,2025,348.54,338.3875,10.152500000000032,3.0002585792914926
49180,"Winston-Salem, NC",37057,Davidson County,North Carolina,"Winston-Salem, NC",49180,2022,256.4925,213.4475,43.045000000000016,20.166551493927077
49180,"Winston-Salem, NC",37057,Davidson County,North Carolina,"Winston-Salem, NC",49180,2023,280.9525,256.4925,24.45999999999998,9.536341218554135
49180,"Winston-Salem, NC",37057,Davidson County,North Carolina,"Winston-Salem, NC",49180,2024,299.9425,280.9525,18.99000000000001,6.759149678326404
49180,"Winston-Salem, NC",37057,Davidson County,North Carolina,"Winston-Salem, NC",49180,2025,310.855,299.9425,10.912500000000023,3.638197321153225
49180,"Winston-Salem, NC",37059,Davie County,North Carolina,"Winston-Salem, NC",49180,2022,256.4925,213.4475,43.045000000000016,20.166551493927077
49180,"Winston-Salem, NC",37059,Davie County,North Carolina,"Winston-Salem, NC",49180,2023,280.9525,256.4925,24.45999999999998,9.536341218554135
49180,"Winston-Salem, NC",37059,Davie County,North Carolina,"Winston-Salem, NC",49180,2024,299.9425,280.9525,18.99000000000001,6.759149678326404
49180,"Winston-Salem, NC",37059,Davie County,North Carolina,"Winston-Salem, NC",49180,2025,310.855,299.9425,10.912500000000023,3.638197321153225
49180,"Winston-Salem, NC",37067,Forsyth County,North Carolina,"Winston-Salem, NC",49180,2022,256.4925,213.4475,43.045000000000016,20.166551493927077
49180,"Winston-Salem, NC",37067,Forsyth County,North Carolina,"Winston-Salem, NC",49180,2023,280.9525,256.4925,24.45999999999998,9.536341218554135
49180,"Winston-Salem, NC",37067,Forsyth County,North Carolina,"Winston-Salem, NC",49180,2024,299.9425,280.9525,18.99000000000001,6.759149678326404
49180,"Winston-Salem, NC",37067,Forsyth County,North Carolina,"Winston-Salem, NC",49180,2025,310.855,299.9425,10.912500000000023,3.638197321153225
49180,"Winston-Salem, NC",37169,Stokes County,North Carolina,"Winston-Salem, NC",49180,2022,256.4925,213.4475,43.045000000000016,20.166551493927077
49180,"Winston-Salem, NC",37169,Stokes County,North Carolina,"Winston-Salem, NC",49180,2023,280.9525,256.4925,24.45999999999998,9.536341218554135
49180,"Winston-Salem, NC",37169,Stokes County,North Carolina,"Winston-Salem, NC",49180,2024,299.9425,280.9525,18.99000000000001,6.759149678326404
49180,"Winston-Salem, NC",37169,Stokes County,North Carolina,"Winston-Salem, NC",49180,2025,310.855,299.9425,10.912500000000023,3.638197321153225
49180,"Winston-Salem, NC",37197,Yadkin County,North Carolina,"Winston-Salem, NC",49180,2022,256.4925,213.4475,43.045000000000016,20.166551493927077
49180,"Winston-Salem, NC",37197,Yadkin County,North Carolina,"Winston-Salem, NC",49180,2023,280.9525,256.4925,24.45999999999998,9.536341218554135
49180,"Winston-Salem, NC",37197,Yadkin County,North Carolina,"Winston-Salem, NC",49180,2024,299.9425,280.9525,18.99000000000001,6.759149678326404
49180,"Winston-Salem, NC",37197,Yadkin County,North Carolina,"Winston-Salem, NC",49180,2025,310.855,299.9425,10.912500000000023,3.638197321153225
49340,"Worcester, MA",25027,Worcester County,Massachusetts,"Worcester, MA",49340,2022,343.01375,303.7625,39.25125000000003,12.921690465412961
49340,"Worcester, MA",25027,Worcester County,Massachusetts,"Worcester, MA",49340,2023,366.09375,343.01375,23.079999999999984,6.728593241524572
49340,"Worcester, MA",25027,Worcester County,Massachusetts,"Worcester, MA",49340,2024,392.0175,366.09375,25.923749999999984,7.081177976952624
49340,"Worcester, MA",25027,Worcester County,Massachusetts,"Worcester, MA",49340,2025,409.3175,392.0175,17.30000000000001,4.413068294145028
49420,"Yakima, WA",53077,Yakima County,Washington,"Yakima, WA",49420,2022,313.535,277.2125,36.32250000000005,13.102764124994382
49420,"Yakima, WA",53077,Yakima County,Washington,"Yakima, WA",49420,2023,327.13,313.535,13.59499999999997,4.3360390387038095
49420,"Yakima, WA",53077,Yakima County,Washington,"Yakima, WA",49420,2024,343.02750000000003,327.13,15.897500000000036,4.859688808730489
49420,"Yakima, WA",53077,Yakima County,Washington,"Yakima, WA",49420,2025,351.305,343.02750000000003,8.277499999999975,2.4130718382636918
49620,"York-Hanover, PA",42133,York County,Pennsylvania,"York-Hanover, PA",49620,2022,244.45499999999998,213.605,30.849999999999994,14.44254582055664
49620,"York-Hanover, PA",42133,York County,Pennsylvania,"York-Hanover, PA",49620,2023,262.59,244.45499999999998,18.13499999999999,7.418543290176105
49620,"York-Hanover, PA",42133,York County,Pennsylvania,"York-Hanover, PA",49620,2024,283.0475,262.59,20.45750000000004,7.790662249133651
49620,"York-Hanover, PA",42133,York County,Pennsylvania,"York-Hanover, PA",49620,2025,297.29499999999996,283.0475,14.247499999999945,5.033607433381304
49660,"Youngstown-Warren, OH",39099,Mahoning County,Ohio,"Youngstown-Warren, OH",49660,2022,216.065,187.6775,28.38749999999999,15.125681021965875
49660,"Youngstown-Warren, OH",39099,Mahoning County,Ohio,"Youngstown-Warren, OH",49660,2023,232.78,216.065,16.715000000000003,7.736097933492236
49660,"Youngstown-Warren, OH",39099,Mahoning County,Ohio,"Youngstown-Warren, OH",49660,2024,256.125,232.78,23.345,10.028782541455449
49660,"Youngstown-Warren, OH",39099,Mahoning County,Ohio,"Youngstown-Warren, OH",49660,2025,270.12,256.125,13.995000000000005,5.464128843338223
49660,"Youngstown-Warren, OH",39155,Trumbull County,Ohio,"Youngstown-Warren, OH",49660,2022,216.065,187.6775,28.38749999999999,15.125681021965875
49660,"Youngstown-Warren, OH",39155,Trumbull County,Ohio,"Youngstown-Warren, OH",49660,2023,232.78,216.065,16.715000000000003,7.736097933492236
49660,"Youngstown-Warren, OH",39155,Trumbull County,Ohio,"Youngstown-Warren, OH",49660,2024,256.125,232.78,23.345,10.028782541455449
49660,"Youngstown-Warren, OH",39155,Trumbull County,Ohio,"Youngstown-Warren, OH",49660,2025,270.12,256.125,13.995000000000005,5.464128843338223
49700,"Yuba City, CA",06101,Sutter County,California,"Yuba City, CA",49700,2022,362.19,318.69,43.5,13.649628165301708
49700,"Yuba City, CA",06101,Sutter County,California,"Yuba City, CA",49700,2023,359.3725,362.19,-2.8174999999999955,-0.777906623595348
49700,"Yuba City, CA",06101,Sutter County,California,"Yuba City, CA",49700,2024,373.1975,359.3725,13.824999999999989,3.846983283361971
49700,"Yuba City, CA",06101,Sutter County,California,"Yuba City, CA",49700,2025,372.46000000000004,373.1975,-0.7374999999999545,-0.19761654351917457
49700,"Yuba City, CA",06115,Yuba County,California,"Yuba City, CA",49700,2022,362.19,318.69,43.5,13.649628165301708
49700,"Yuba City, CA",06115,Yuba County,California,"Yuba City, CA",49700,2023,359.3725,362.19,-2.8174999999999955,-0.777906623595348
49700,"Yuba City, CA",06115,Yuba County,California,"Yuba City, CA",49700,2024,373.1975,359.3725,13.824999999999989,3.846983283361971
49700,"Yuba City, CA",06115,Yuba County,California,"Yuba City, CA",49700,2025,372.46000000000004,373.1975,-0.7374999999999545,-0.19761654351917457
49740,"Yuma, AZ",04027,Yuma County,Arizona,"Yuma, AZ",49740,2022,302.8575,249.365,53.49250000000001,21.45148677641209
49740,"Yuma, AZ",04027,Yuma County,Arizona,"Yuma, AZ",49740,2023,314.45,302.8575,11.592499999999973,3.827707750344622
49740,"Yuma, AZ",04027,Yuma County,Arizona,"Yuma, AZ",49740,2024,331.155,314.45,16.704999999999984,5.312450310065198
49740,"Yuma, AZ",04027,Yuma County,Arizona,"Yuma, AZ",49740,2025,335.91999999999996,331.155,4.764999999999986,1.4389032326252105
