county_fips5,yr,index_nsa
01001,2021,207.76
01001,2022,236.89
01001,2023,259.05
01001,2024,280.3
01003,2021,474.46
01003,2022,556.96
01003,2023,622.63
01003,2024,638.45
01005,2021,239.23
01005,2022,271.15
01005,2023,282.35
01005,2024,275.27
01007,2021,182.76
01007,2022,207.39
01007,2023,233.14
01007,2024,253.32
01009,2021,231.14
01009,2022,269.26
01009,2023,277.06
01009,2024,302.73
01013,2021,173.04
01013,2022,204.09
01013,2023,217.45
01013,2024,242.74
01015,2021,341.62
01015,2022,398.69
01015,2023,426.6
01015,2024,447.39
01017,2021,246.85
01017,2022,281.03
01017,2023,317.17
01017,2024,321.72
01019,2021,184.44
01019,2022,223.14
01019,2023,224.69
01019,2024,274.69
01021,2021,258.28
01021,2022,304.64
01021,2023,326.77
01021,2024,339.62
01023,2021,140.32
01023,2022,183.35
01023,2023,157.58
01023,2024,
01025,2021,227.99
01025,2022,246.23
01025,2023,265.27
01025,2024,263.39
01027,2021,144.65
01027,2022,171.77
01027,2023,185.76
01027,2024,226.14
01029,2021,208.41
01029,2022,235.97
01029,2023,269.36
01029,2024,305.97
01031,2021,213.76
01031,2022,242.95
01031,2023,265.98
01031,2024,286.19
01033,2021,262.88
01033,2022,315.96
01033,2023,347.69
01033,2024,364.58
01035,2021,107.53
01035,2022,113.81
01035,2023,
01035,2024,
01037,2021,141.91
01037,2022,156.52
01037,2023,
01037,2024,151.94
01039,2021,167.84
01039,2022,196.71
01039,2023,206.01
01039,2024,226.34
01041,2021,168.02
01041,2022,182.78
01041,2023,197.96
01041,2024,179.96
01043,2021,265.42
01043,2022,322.47
01043,2023,330.6
01043,2024,362.99
01045,2021,182.97
01045,2022,208.95
01045,2023,232.91
01045,2024,250.1
01047,2021,173.12
01047,2022,189.63
01047,2023,210.41
01047,2024,214.46
01049,2021,230.27
01049,2022,274.32
01049,2023,305.96
01049,2024,327.11
01051,2021,215.64
01051,2022,253.7
01051,2023,271.19
01051,2024,275.48
01053,2021,252.79
01053,2022,273.92
01053,2023,304.06
01053,2024,325.81
01055,2021,295.29
01055,2022,344.12
01055,2023,367.82
01055,2024,397.78
01057,2021,207.49
01057,2022,232.51
01057,2023,248.53
01057,2024,243.61
01059,2021,163.01
01059,2022,188.94
01059,2023,212.8
01059,2024,218.71
01061,2021,176.17
01061,2022,187.24
01061,2023,226.54
01061,2024,233.65
01065,2021,144.4
01065,2022,161.67
01065,2023,198.25
01065,2024,211.75
01067,2021,192.87
01067,2022,223.36
01067,2023,251.98
01067,2024,276.11
01069,2021,314.09
01069,2022,355.62
01069,2023,391.23
01069,2024,406.16
01071,2021,262.04
01071,2022,306.24
01071,2023,334.09
01071,2024,352.33
01073,2021,526.89
01073,2022,596.06
01073,2023,633.49
01073,2024,653.77
01075,2021,163.58
01075,2022,166.8
01075,2023,216
01075,2024,
01077,2021,276.35
01077,2022,326.71
01077,2023,359.91
01077,2024,385.83
01079,2021,249.37
01079,2022,293.6
01079,2023,313.06
01079,2024,341.19
01081,2021,469.1
01081,2022,533.43
01081,2023,587.26
01081,2024,610.93
01083,2021,285.5
01083,2022,339.98
01083,2023,361.59
01083,2024,378.84
01085,2021,125.96
01085,2022,131
01085,2023,
01085,2024,
01087,2021,139.67
01087,2022,162.99
01087,2023,170.67
01087,2024,172.31
01089,2021,571.58
01089,2022,685.49
01089,2023,719.62
01089,2024,746.42
01091,2021,193.65
01091,2022,225.86
01091,2023,223.77
01091,2024,254.93
01093,2021,166.2
01093,2022,180.87
01093,2023,200.44
01093,2024,229.68
01095,2021,247.93
01095,2022,298.09
01095,2023,323.15
01095,2024,344.79
01097,2021,500.83
01097,2022,575.06
01097,2023,625.36
01097,2024,642.69
01099,2021,165.4
01099,2022,176.73
01099,2023,192.04
01099,2024,214.99
01101,2021,282.89
01101,2022,319.88
01101,2023,335.22
01101,2024,351
01103,2021,411.4
01103,2022,491.6
01103,2023,526.02
01103,2024,549.78
01107,2021,151.01
01107,2022,199.91
01107,2023,192.92
01107,2024,198.97
01109,2021,187.9
01109,2022,201.51
01109,2023,224.06
01109,2024,228.07
01111,2021,208.19
01111,2022,241.5
01111,2023,304.82
01111,2024,262.33
01113,2021,236.44
01113,2022,285.51
01113,2023,295.48
01113,2024,334.84
01115,2021,396.89
01115,2022,457.96
01115,2023,482.2
01115,2024,514.4
01117,2021,451.38
01117,2022,530.5
01117,2023,571.1
01117,2024,584.02
01119,2021,157.43
01119,2022,
01119,2023,193.37
01119,2024,
01121,2021,247.27
01121,2022,283.79
01121,2023,310.66
01121,2024,320.93
01123,2021,253.88
01123,2022,291.11
01123,2023,325.01
01123,2024,333.51
01125,2021,304.33
01125,2022,341.86
01125,2023,355.07
01125,2024,382.63
01127,2021,251.64
01127,2022,282.45
01127,2023,310.86
01127,2024,321.24
01129,2021,118.09
01129,2022,137.63
01129,2023,
01129,2024,180.18
01131,2021,136.4
01131,2022,137.19
01131,2023,
01131,2024,
01133,2021,230.04
01133,2022,277.44
01133,2023,286.74
01133,2024,308.91
02020,2021,525.43
02020,2022,576.7
02020,2023,608.08
02020,2024,641.81
02090,2021,409.55
02090,2022,452.75
02090,2023,475.47
02090,2024,491.13
02110,2021,473.09
02110,2022,529.72
02110,2023,567.97
02110,2024,565.98
02122,2021,229.2
02122,2022,270.16
02122,2023,295.15
02122,2024,316.09
02130,2021,309.98
02130,2022,348.64
02130,2023,362.04
02130,2024,412.48
02150,2021,311.76
02150,2022,343.82
02150,2023,393.35
02150,2024,384.77
02170,2021,178.03
02170,2022,205.23
02170,2023,220.64
02170,2024,233.38
02220,2021,391.34
02220,2022,451.95
02220,2023,537.01
02220,2024,578.57
04001,2021,308.83
04001,2022,393.37
04001,2023,390.08
04001,2024,447.24
04003,2021,480.44
04003,2022,563.51
04003,2023,597.89
04003,2024,629.19
04005,2021,917.37
04005,2022,1120.08
04005,2023,1187.03
04005,2024,1240.01
04007,2021,585.26
04007,2022,724.64
04007,2023,747.35
04007,2024,761.98
04009,2021,295.48
04009,2022,342.01
04009,2023,369.07
04009,2024,384.78
04012,2021,369.1
04012,2022,436.03
04012,2023,448.56
04012,2024,422.03
04013,2021,933.06
04013,2022,1146.6
04013,2023,1159.18
04013,2024,1208.89
04015,2021,667.37
04015,2022,797.42
04015,2023,798.21
04015,2024,818.53
04017,2021,457.57
04017,2022,563.7
04017,2023,599.48
04017,2024,616.99
04019,2021,768.22
04019,2022,922.77
04019,2023,980.42
04019,2024,1016.22
04021,2021,553.31
04021,2022,690.87
04021,2023,701.59
04021,2024,719.97
04023,2021,217.52
04023,2022,262.18
04023,2023,267.53
04023,2024,286.23
04025,2021,595.66
04025,2022,711.11
04025,2023,737.71
04025,2024,763.8
04027,2021,445.75
04027,2022,538.14
04027,2023,566.07
04027,2024,588.66
05001,2021,262.57
05001,2022,287.05
05001,2023,298.89
05001,2024,338.23
05003,2021,203.94
05003,2022,237.85
05003,2023,237.78
05003,2024,244.97
05005,2021,256.92
05005,2022,304.39
05005,2023,333.58
05005,2024,356.71
05007,2021,498.34
05007,2022,617.7
05007,2023,691.85
05007,2024,721.61
05009,2021,188.74
05009,2022,227.71
05009,2023,248.12
05009,2024,264.69
05011,2021,151.95
05011,2022,179.7
05011,2023,147.67
05011,2024,
05015,2021,184.39
05015,2022,225.22
05015,2023,229.93
05015,2024,262.21
05017,2021,135.93
05017,2022,126.61
05017,2023,
05017,2024,
05019,2021,237.77
05019,2022,278.91
05019,2023,317.8
05019,2024,322.55
05021,2021,161.94
05021,2022,206.51
05021,2023,219.39
05021,2024,222.63
05023,2021,259.47
05023,2022,310.56
05023,2023,320.28
05023,2024,344.21
05025,2021,157.07
05025,2022,182.91
05025,2023,188.62
05025,2024,183.92
05027,2021,231.34
05027,2022,263.61
05027,2023,257.14
05027,2024,280.29
05029,2021,176.25
05029,2022,192.26
05029,2023,210.66
05029,2024,241.26
05031,2021,324.26
05031,2022,369.03
05031,2023,381.41
05031,2024,397.25
05033,2021,379.65
05033,2022,449.32
05033,2023,496.34
05033,2024,515.67
05035,2021,340.23
05035,2022,392.18
05035,2023,427.57
05035,2024,405.88
05037,2021,219.32
05037,2022,257.27
05037,2023,263.4
05037,2024,305.38
05041,2021,163.04
05041,2022,149.61
05041,2023,
05041,2024,176.73
05043,2021,219.05
05043,2022,233.08
05043,2023,255.99
05043,2024,255.25
05045,2021,350.95
05045,2022,402.4
05045,2023,436.26
05045,2024,460.93
05047,2021,169.99
05047,2022,205.56
05047,2023,230.23
05047,2024,245.57
05049,2021,148.84
05049,2022,190.87
05049,2023,209.49
05049,2024,182.16
05051,2021,253.68
05051,2022,301.36
05051,2023,327.61
05051,2024,339.56
05053,2021,179.86
05053,2022,212.4
05053,2023,233.8
05053,2024,239.08
05055,2021,230.06
05055,2022,259.97
05055,2023,277.21
05055,2024,285.43
05057,2021,169.13
05057,2022,198.29
05057,2023,204.14
05057,2024,235.18
05059,2021,186.85
05059,2022,225.73
05059,2023,219.21
05059,2024,263.95
05061,2021,178.34
05061,2022,176.39
05061,2023,235.9
05061,2024,209.32
05063,2021,222.61
05063,2022,258.74
05063,2023,269.84
05063,2024,295.24
05065,2021,166.67
05065,2022,190.76
05065,2023,231.68
05065,2024,220.49
05067,2021,153.84
05067,2022,177.35
05067,2023,191.73
05067,2024,191.79
05069,2021,290.3
05069,2022,326.36
05069,2023,351.43
05069,2024,356.33
05071,2021,171.89
05071,2022,201.4
05071,2023,221.35
05071,2024,232.58
05075,2021,163.75
05075,2022,178.43
05075,2023,199.79
05075,2024,215.54
05079,2021,179.19
05079,2022,201.04
05079,2023,
05079,2024,187.77
05081,2021,156.19
05081,2022,171.01
05081,2023,196.33
05081,2024,203.65
05083,2021,181.4
05083,2022,218.92
05083,2023,224.34
05083,2024,237.46
05085,2021,248.68
05085,2022,287.3
05085,2023,314.34
05085,2024,327.43
05087,2021,180.45
05087,2022,222.82
05087,2023,243.59
05087,2024,253.3
05089,2021,180.28
05089,2022,216.38
05089,2023,230.01
05089,2024,258.29
05091,2021,232.85
05091,2022,265.54
05091,2023,266.82
05091,2024,276.95
05093,2021,269.32
05093,2022,302.28
05093,2023,315.97
05093,2024,362.64
05097,2021,212.02
05097,2022,252.95
05097,2023,
05097,2024,
05101,2021,177.88
05101,2022,245.18
05101,2023,
05101,2024,
05103,2021,195.93
05103,2022,232.79
05103,2023,252.36
05103,2024,240.36
05105,2021,140.68
05105,2022,149.28
05105,2023,151.62
05105,2024,188.56
05107,2021,159.19
05107,2022,175.23
05107,2023,
05107,2024,165.75
05109,2021,154.02
05109,2022,174.67
05109,2023,
05109,2024,214.99
05111,2021,194.64
05111,2022,202.24
05111,2023,247.97
05111,2024,264.92
05113,2021,186.06
05113,2022,225.05
05113,2023,238.14
05113,2024,265.03
05115,2021,274.74
05115,2022,311.55
05115,2023,333.13
05115,2024,349.9
05119,2021,506.87
05119,2022,575.2
05119,2023,618.65
05119,2024,642.75
05121,2021,170.67
05121,2022,208.13
05121,2023,212.51
05121,2024,222.88
05123,2021,141.46
05123,2022,133.09
05123,2023,178.7
05123,2024,180.67
05125,2021,231
05125,2022,264.31
05125,2023,287.39
05125,2024,294.81
05127,2021,148
05127,2022,156.92
05127,2023,157.07
05127,2024,173.69
05129,2021,132.86
05129,2022,141.84
05129,2023,151.87
05129,2024,
05131,2021,438.28
05131,2022,505.42
05131,2023,558.29
05131,2024,583.5
05133,2021,185.69
05133,2022,207.69
05133,2023,219.94
05133,2024,235.03
05135,2021,172.39
05135,2022,193.95
05135,2023,236.81
05135,2024,238.24
05137,2021,173.05
05137,2022,194.64
05137,2023,234.3
05137,2024,223.3
05139,2021,198.41
05139,2022,212.5
05139,2023,222.38
05139,2024,234.57
05141,2021,162.82
05141,2022,181.61
05141,2023,219.96
05141,2024,203.79
05143,2021,611
05143,2022,742.12
05143,2023,817.68
05143,2024,860.06
05145,2021,273.49
05145,2022,313.83
05145,2023,343.17
05145,2024,368.6
05147,2021,141.37
05147,2022,
05147,2023,
05147,2024,
05149,2021,165.72
05149,2022,182.86
05149,2023,197.39
05149,2024,216.73
06001,2021,2235.72
06001,2022,2533.43
06001,2023,2542.57
06001,2024,2571.78
06003,2021,267.45
06003,2022,287.33
06003,2023,
06003,2024,
06005,2021,420.47
06005,2022,466.96
06005,2023,464.38
06005,2024,462.32
06007,2021,1006.09
06007,2022,1108.77
06007,2023,1090.7
06007,2024,1123.71
06009,2021,490.73
06009,2022,562.54
06009,2023,552.6
06009,2024,572.72
06011,2021,431.39
06011,2022,492.93
06011,2023,483.47
06011,2024,513.23
06013,2021,1632.1
06013,2022,1870.36
06013,2023,1842.13
06013,2024,1881.22
06015,2021,582.6
06015,2022,682.63
06015,2023,695.9
06015,2024,758.14
06017,2021,1102.29
06017,2022,1248.04
06017,2023,1237.78
06017,2024,1259.12
06019,2021,897.48
06019,2022,1053.51
06019,2023,1084.09
06019,2024,1142.29
06021,2021,470.64
06021,2022,530.86
06021,2023,512.85
06021,2024,512.26
06023,2021,960.35
06023,2022,1114.09
06023,2023,1161.64
06023,2024,1150.39
06025,2021,479.46
06025,2022,546.8
06025,2023,577.01
06025,2024,631.46
06027,2021,679.33
06027,2022,837
06027,2023,873.4
06027,2024,895.14
06029,2021,753.82
06029,2022,883.18
06029,2023,928.76
06029,2024,971.25
06031,2021,858.9
06031,2022,984.19
06031,2023,1031.04
06031,2024,1072
06033,2021,531.54
06033,2022,580.13
06033,2023,591.66
06033,2024,584.35
06035,2021,348.92
06035,2022,379.41
06035,2023,384.86
06035,2024,379.04
06037,2021,1857.82
06037,2022,2145.79
06037,2023,2219.22
06037,2024,2356.07
06039,2021,883.53
06039,2022,1043.65
06039,2023,1067.58
06039,2024,1134.38
06041,2021,1773.17
06041,2022,1995.65
06041,2023,2082.92
06041,2024,2111.51
06043,2021,484.05
06043,2022,564.34
06043,2023,542.4
06043,2024,531.44
06045,2021,1299.79
06045,2022,1405.42
06045,2023,1369.42
06045,2024,1425.47
06047,2021,1051.37
06047,2022,1222.81
06047,2023,1224.52
06047,2024,1302.05
06049,2021,260.42
06049,2022,304.4
06049,2023,324.08
06049,2024,327.85
06051,2021,577.92
06051,2022,679.35
06051,2023,682.57
06051,2024,711.2
06053,2021,1636.73
06053,2022,1877.47
06053,2023,1952.51
06053,2024,2054.63
06055,2021,1763.85
06055,2022,1946.58
06055,2023,1982.25
06055,2024,2055.76
06057,2021,1033.71
06057,2022,1134.36
06057,2023,1115.8
06057,2024,1136.7
06059,2021,1616.68
06059,2022,1881.49
06059,2023,2018.48
06059,2024,2187.12
06061,2021,1222.7
06061,2022,1388.11
06061,2023,1370.46
06061,2024,1413.83
06063,2021,541.13
06063,2022,646.48
06063,2023,647.07
06063,2024,608.4
06065,2021,1200.95
06065,2022,1430.05
06065,2023,1477.54
06065,2024,1563.83
06067,2021,1292.33
06067,2022,1478.88
06067,2023,1466.43
06067,2024,1521.99
06069,2021,1633.48
06069,2022,1818.96
06069,2023,1769.5
06069,2024,1807.88
06071,2021,1315.6
06071,2022,1561.06
06071,2023,1604.45
06071,2024,1690.41
06073,2021,1606.81
06073,2022,1899.68
06073,2023,2014.64
06073,2024,2165.13
06075,2021,2408.98
06075,2022,2678.37
06075,2023,2647.73
06075,2024,2720.94
06077,2021,1100.28
06077,2022,1271.13
06077,2023,1251.74
06077,2024,1306.2
06079,2021,2032.04
06079,2022,2351.26
06079,2023,2563.16
06079,2024,2629.12
06081,2021,2149.22
06081,2022,2439.61
06081,2023,2569.25
06081,2024,2641.38
06083,2021,1863.9
06083,2022,2225.94
06083,2023,2380.88
06083,2024,2520.53
06085,2021,2297.5
06085,2022,2658.54
06085,2023,2825.72
06085,2024,2983.76
06087,2021,2062.25
06087,2022,2377.72
06087,2023,2356.96
06087,2024,2416.52
06089,2021,699.3
06089,2022,776.81
06089,2023,788.11
06089,2024,794.63
06091,2021,286.46
06091,2022,312.43
06091,2023,295.15
06091,2024,318.44
06093,2021,410.12
06093,2022,479.38
06093,2023,472.99
06093,2024,476.51
06095,2021,1367.54
06095,2022,1529.42
06095,2023,1507.37
06095,2024,1562.2
06097,2021,1697.76
06097,2022,1877.04
06097,2023,1916.45
06097,2024,1959.37
06099,2021,1162.59
06099,2022,1325.45
06099,2023,1333.08
06099,2024,1392.13
06101,2021,931.74
06101,2022,1058.09
06101,2023,1050.29
06101,2024,1102.5
06103,2021,507.97
06103,2022,584.51
06103,2023,542.53
06103,2024,565.29
06105,2021,267.96
06105,2022,279.32
06105,2023,303.2
06105,2024,316.95
06107,2021,832.01
06107,2022,970.14
06107,2023,1023.09
06107,2024,1072.12
06109,2021,684.49
06109,2022,765.48
06109,2023,776.38
06109,2024,783.57
06111,2021,1718.75
06111,2022,1983.89
06111,2023,2069
06111,2024,2189.76
06113,2021,1637.61
06113,2022,1879.38
06113,2023,1850.58
06113,2024,1916.97
06115,2021,609.92
06115,2022,696.89
06115,2023,681.15
06115,2024,705.9
08001,2021,1214.45
08001,2022,1411.73
08001,2023,1425.87
08001,2024,1451.3
08003,2021,311.43
08003,2022,370.05
08003,2023,431.38
08003,2024,415.34
08005,2021,1148.48
08005,2022,1340.03
08005,2023,1350.78
08005,2024,1380.12
08007,2021,417.04
08007,2022,512.12
08007,2023,537.45
08007,2024,592.88
08011,2021,223.8
08011,2022,242.28
08011,2023,277.32
08011,2024,
08013,2021,1448.78
08013,2022,1702.61
08013,2023,1732.81
08013,2024,1779.74
08014,2021,875.97
08014,2022,1013.66
08014,2023,1045.13
08014,2024,1068.01
08015,2021,676.69
08015,2022,836.01
08015,2023,878.33
08015,2024,938.44
08019,2021,496.1
08019,2022,587.29
08019,2023,602.95
08019,2024,636.23
08021,2021,187.89
08021,2022,223.6
08021,2023,
08021,2024,
08025,2021,145.49
08025,2022,168.35
08025,2023,208.4
08025,2024,184.05
08027,2021,251.46
08027,2022,310.37
08027,2023,340.36
08027,2024,374.84
08029,2021,454.33
08029,2022,531.57
08029,2023,568.21
08029,2024,631.48
08031,2021,1774.24
08031,2022,2039.08
08031,2023,2071.92
08031,2024,2088.14
08033,2021,111.48
08033,2022,
08033,2023,
08033,2024,
08035,2021,946.97
08035,2022,1121.87
08035,2023,1137.87
08035,2024,1151.63
08037,2021,928.06
08037,2022,1124.22
08037,2023,1265.91
08037,2024,1418.02
08039,2021,715.19
08039,2022,822.41
08039,2023,846.37
08039,2024,863.33
08041,2021,1062.24
08041,2022,1239.06
08041,2023,1235.43
08041,2024,1268.42
08043,2021,469.21
08043,2022,548.72
08043,2023,563.28
08043,2024,592.5
08045,2021,935.26
08045,2022,1100.37
08045,2023,1234.71
08045,2024,1299.18
08047,2021,416.54
08047,2022,485.28
08047,2023,477.69
08047,2024,496.7
08049,2021,556.71
08049,2022,670.71
08049,2023,759.8
08049,2024,772.12
08051,2021,725.75
08051,2022,874.46
08051,2023,967.72
08051,2024,1003.82
08053,2021,201.47
08053,2022,251
08053,2023,
08053,2024,
08055,2021,220.84
08055,2022,264.4
08055,2023,260.18
08055,2024,284.07
08057,2021,176.23
08057,2022,
08057,2023,232.29
08057,2024,249.11
08059,2021,1188.49
08059,2022,1385.81
08059,2023,1415.98
08059,2024,1455.55
08063,2021,326.5
08063,2022,364.52
08063,2023,394.77
08063,2024,408.03
08065,2021,746.69
08065,2022,962.05
08065,2023,1054.69
08065,2024,1055.98
08067,2021,1216.63
08067,2022,1470.63
08067,2023,1580.3
08067,2024,1649.92
08069,2021,1124.45
08069,2022,1323.43
08069,2023,1381.56
08069,2024,1419.73
08071,2021,307.47
08071,2022,357.31
08071,2023,417.88
08071,2024,424.48
08073,2021,234.87
08073,2022,259.24
08073,2023,275.34
08073,2024,289.57
08075,2021,692.62
08075,2022,809.99
08075,2023,857.86
08075,2024,857.25
08077,2021,903.48
08077,2022,1054.96
08077,2023,1109.21
08077,2024,1178.67
08079,2021,179.03
08079,2022,206.24
08079,2023,
08079,2024,
08081,2021,336.19
08081,2022,402.81
08081,2023,418.34
08081,2024,456.76
08083,2021,601.49
08083,2022,720.23
08083,2023,792.97
08083,2024,830.41
08085,2021,558.61
08085,2022,674.09
08085,2023,734.26
08085,2024,730.39
08087,2021,503.51
08087,2022,589.18
08087,2023,610.41
08087,2024,618.33
08089,2021,615.2
08089,2022,730.24
08089,2023,714.87
08089,2024,797.35
08091,2021,357.87
08091,2022,442.74
08091,2023,490.21
08091,2024,555.51
08093,2021,625.71
08093,2022,737.89
08093,2023,758.05
08093,2024,783.41
08095,2021,245.23
08095,2022,285.43
08095,2023,296.18
08095,2024,313.17
08097,2021,721.35
08097,2022,856.83
08097,2023,
08097,2024,1101.41
08099,2021,298.6
08099,2022,362.72
08099,2023,396.73
08099,2024,444.29
08101,2021,729.79
08101,2022,865.62
08101,2023,855.18
08101,2024,876.95
08103,2021,298.2
08103,2022,332.2
08103,2023,357.08
08103,2024,388.67
08105,2021,326.79
08105,2022,359.1
08105,2023,396.71
08105,2024,434.39
08107,2021,686.77
08107,2022,816.69
08107,2023,960.09
08107,2024,1029.37
08109,2021,192.07
08109,2022,
08109,2023,196.79
08109,2024,
08111,2021,179.48
08111,2022,260.09
08111,2023,
08111,2024,300.59
08113,2021,319.9
08113,2022,382.3
08113,2023,
08113,2024,482.9
08115,2021,193.47
08115,2022,208.92
08115,2023,
08115,2024,
08117,2021,884.02
08117,2022,1057.27
08117,2023,1188.35
08117,2024,1285.01
08119,2021,471.43
08119,2022,560.98
08119,2023,584.97
08119,2024,606.4
08121,2021,245.65
08121,2022,313.67
08121,2023,
08121,2024,
08123,2021,1023.84
08123,2022,1183.69
08123,2023,1220.4
08123,2024,1243.29
08125,2021,324.99
08125,2022,390.31
08125,2023,405.15
08125,2024,424.63
09001,2021,786.59
09001,2022,898.83
09001,2023,985.54
09001,2024,1057.67
09003,2021,602.63
09003,2022,685.35
09003,2023,761.67
09003,2024,837.29
09005,2021,621.51
09005,2022,707.57
09005,2023,782.33
09005,2024,839.54
09007,2021,834.86
09007,2022,950.87
09007,2023,1044.25
09007,2024,1134.46
09009,2021,650.28
09009,2022,741.15
09009,2023,819.26
09009,2024,883.49
09011,2021,433.05
09011,2022,486.19
09011,2023,546.37
09011,2024,584.37
09013,2021,569.03
09013,2022,639.46
09013,2023,694.93
09013,2024,761.92
09015,2021,311.17
09015,2022,344.29
09015,2023,378.69
09015,2024,413.45
10001,2021,449.48
10001,2022,521.15
10001,2023,551.72
10001,2024,584.3
10003,2021,644.09
10003,2022,728.45
10003,2023,796.96
10003,2024,852.51
10005,2021,547.22
10005,2022,637.47
10005,2023,672.81
10005,2024,727.51
11001,2021,1871.55
11001,2022,2015.57
11001,2023,1973.01
11001,2024,1975.49
12001,2021,517.95
12001,2022,612.46
12001,2023,673.6
12001,2024,697.35
12003,2021,240.86
12003,2022,303.15
12003,2023,325.09
12003,2024,320.14
12005,2021,768.4
12005,2022,926.74
12005,2023,1011.82
12005,2024,1003.29
12007,2021,259.38
12007,2022,314.94
12007,2023,346.93
12007,2024,356.35
12009,2021,667.15
12009,2022,828.72
12009,2023,890.99
12009,2024,898.47
12011,2021,678.09
12011,2022,831.72
12011,2023,922.75
12011,2024,975.83
12013,2021,215.86
12013,2022,252.07
12013,2023,339.63
12013,2024,310.84
12015,2021,523.8
12015,2022,683.36
12015,2023,732.31
12015,2024,692.01
12017,2021,546.26
12017,2022,683.13
12017,2023,741.01
12017,2024,757.16
12019,2021,547.95
12019,2022,669.86
12019,2023,717.37
12019,2024,734.4
12021,2021,1123.54
12021,2022,1435.37
12021,2023,1593.45
12021,2024,1645.41
12023,2021,178.83
12023,2022,211.4
12023,2023,233.52
12023,2024,250.19
12027,2021,310.26
12027,2022,409.36
12027,2023,400.25
12027,2024,411.62
12029,2021,83.37
12029,2022,113.74
12029,2023,118.63
12029,2024,
12031,2021,698.64
12031,2022,846.2
12031,2023,899.1
12031,2024,926.71
12033,2021,570.68
12033,2022,688.09
12033,2023,728.79
12033,2024,758.31
12035,2021,575.88
12035,2022,720.5
12035,2023,748.72
12035,2024,760.21
12037,2021,433.13
12037,2022,523.83
12037,2023,535.57
12037,2024,576.55
12039,2021,217.86
12039,2022,250.39
12039,2023,281.7
12039,2024,293.03
12041,2021,238.84
12041,2022,285.18
12041,2023,295.08
12041,2024,336.43
12045,2021,359
12045,2022,434.72
12045,2023,490.73
12045,2024,451.15
12047,2021,148.99
12047,2022,198.83
12047,2023,276.97
12047,2024,219.4
12049,2021,268.3
12049,2022,335.19
12049,2023,343.27
12049,2024,379.71
12051,2021,287.46
12051,2022,355.8
12051,2023,396
12051,2024,405.72
12053,2021,436.48
12053,2022,553.96
12053,2023,600.89
12053,2024,610.98
12055,2021,343.01
12055,2022,419.44
12055,2023,471.46
12055,2024,483.57
12057,2021,910.48
12057,2022,1125.1
12057,2023,1228.05
12057,2024,1262.77
12059,2021,201.48
12059,2022,249.72
12059,2023,244.74
12059,2024,292.32
12061,2021,365.91
12061,2022,455.49
12061,2023,485.97
12061,2024,506.38
12063,2021,240.45
12063,2022,281.46
12063,2023,308.6
12063,2024,321.11
12065,2021,185.58
12065,2022,219.56
12065,2023,250.38
12065,2024,247.87
12069,2021,617.04
12069,2022,764.49
12069,2023,819.97
12069,2024,854.48
12071,2021,667.83
12071,2022,864.96
12071,2023,923.77
12071,2024,897.09
12073,2021,633.04
12073,2022,733.39
12073,2023,805.52
12073,2024,825.87
12075,2021,286.59
12075,2022,355.31
12075,2023,392.46
12075,2024,432.22
12077,2021,116.49
12077,2022,144.52
12077,2023,
12077,2024,
12079,2021,161.18
12079,2022,198.01
12079,2023,227.58
12079,2024,229.41
12081,2021,850.6
12081,2022,1086.86
12081,2023,1192.78
12081,2024,1235.38
12083,2021,411.46
12083,2022,520.76
12083,2023,554.97
12083,2024,570.67
12085,2021,779.34
12085,2022,969.04
12085,2023,1071.87
12085,2024,1141.98
12086,2021,1053.8
12086,2022,1288.39
12086,2023,1487.7
12086,2024,1631.77
12087,2021,1113.57
12087,2022,1388.94
12087,2023,1514.97
12087,2024,1542.01
12089,2021,651.7
12089,2022,787.86
12089,2023,910.79
12089,2024,927.74
12091,2021,580.77
12091,2022,688.54
12091,2023,728.11
12091,2024,740.93
12093,2021,323.08
12093,2022,420.24
12093,2023,434.05
12093,2024,502.28
12095,2021,984.12
12095,2022,1181.52
12095,2023,1286.26
12095,2024,1357.69
12097,2021,624.47
12097,2022,772.33
12097,2023,829.75
12097,2024,879.32
12099,2021,703.11
12099,2022,879.17
12099,2023,979.84
12099,2024,1035.28
12101,2021,505.63
12101,2022,651.17
12101,2023,716.1
12101,2024,726.07
12103,2021,939.47
12103,2022,1172.35
12103,2023,1284.73
12103,2024,1330.58
12105,2021,691.96
12105,2022,853.98
12105,2023,931.02
12105,2024,954.55
12107,2021,303.83
12107,2022,375.68
12107,2023,418.56
12107,2024,433.06
12109,2021,825.6
12109,2022,1037.54
12109,2023,1126.37
12109,2024,1120.44
12111,2021,581.81
12111,2022,730.91
12111,2023,782.45
12111,2024,802.54
12113,2021,539.97
12113,2022,643.17
12113,2023,684.75
12113,2024,703.49
12115,2021,882.36
12115,2022,1144.61
12115,2023,1222.49
12115,2024,1195.75
12117,2021,690.66
12117,2022,834.85
12117,2023,913.72
12117,2024,949.43
12119,2021,258.22
12119,2022,318.74
12119,2023,328.86
12119,2024,332.91
12121,2021,250.47
12121,2022,290.1
12121,2023,325.72
12121,2024,347.63
12123,2021,248.77
12123,2022,286.48
12123,2023,304.52
12123,2024,316.3
12125,2021,102.89
12125,2022,125.9
12125,2023,
12125,2024,141.01
12127,2021,728.86
12127,2022,898.06
12127,2023,965.32
12127,2024,984.84
12129,2021,245.01
12129,2022,279.82
12129,2023,292.21
12129,2024,330.69
12131,2021,415.06
12131,2022,504.55
12131,2023,526.62
12131,2024,543.13
12133,2021,225.19
12133,2022,262.42
12133,2023,292.08
12133,2024,297.44
13001,2021,189.27
13001,2022,209.59
13001,2023,266.11
13001,2024,267.43
13005,2021,154.04
13005,2022,209.75
13005,2023,206.93
13005,2024,218.12
13009,2021,316.81
13009,2022,371.86
13009,2023,407.78
13009,2024,451.87
13011,2021,228.82
13011,2022,276.13
13011,2023,296.32
13011,2024,294.03
13013,2021,285.75
13013,2022,356.34
13013,2023,383.08
13013,2024,405.07
13015,2021,313.28
13015,2022,389.93
13015,2023,423.09
13015,2024,440.71
13017,2021,200.44
13017,2022,225.4
13017,2023,229.32
13017,2024,273.97
13019,2021,155.53
13019,2022,173.55
13019,2023,199.57
13019,2024,209.2
13021,2021,330.12
13021,2022,386.2
13021,2023,416.46
13021,2024,449.24
13023,2021,107.84
13023,2022,132.65
13023,2023,147.46
13023,2024,165.33
13025,2021,107.78
13025,2022,121.32
13025,2023,155.43
13025,2024,130.08
13027,2021,156.55
13027,2022,170.92
13027,2023,195.68
13027,2024,265.72
13029,2021,259.38
13029,2022,302.82
13029,2023,368.27
13029,2024,406.99
13031,2021,255.94
13031,2022,304.45
13031,2023,352.49
13031,2024,381.28
13033,2021,249.2
13033,2022,286.37
13033,2023,326.76
13033,2024,299.88
13035,2021,248.47
13035,2022,305.61
13035,2023,346.01
13035,2024,367.92
13039,2021,264.7
13039,2022,326.65
13039,2023,359.09
13039,2024,376.16
13043,2021,208.88
13043,2022,265.42
13043,2023,257.92
13043,2024,308.32
13045,2021,305.92
13045,2022,370.27
13045,2023,402.07
13045,2024,422.48
13047,2021,296.25
13047,2022,353.3
13047,2023,401.7
13047,2024,409.69
13049,2021,101.63
13049,2022,122.69
13049,2023,145.61
13049,2024,
13051,2021,689.18
13051,2022,846.81
13051,2023,979.22
13051,2024,1031.85
13055,2021,184.08
13055,2022,230.86
13055,2023,237.4
13055,2024,237.66
13057,2021,595.38
13057,2022,735.83
13057,2023,791.28
13057,2024,844.15
13059,2021,828.69
13059,2022,996.71
13059,2023,1125.62
13059,2024,1158.26
13063,2021,414.96
13063,2022,527.39
13063,2023,581.94
13063,2024,594.63
13067,2021,600.99
13067,2022,731.42
13067,2023,791.48
13067,2024,834.74
13069,2021,219.67
13069,2022,248.77
13069,2023,271.78
13069,2024,313.03
13071,2021,246.51
13071,2022,285.71
13071,2023,323.63
13071,2024,331.62
13073,2021,401.9
13073,2022,467.31
13073,2023,511.97
13073,2024,528.68
13075,2021,199.79
13075,2022,257.72
13075,2023,249.34
13075,2024,282.93
13077,2021,462.77
13077,2022,560.49
13077,2023,610.61
13077,2024,627.79
13079,2021,152.28
13079,2022,163.03
13079,2023,214.57
13079,2024,210.48
13081,2021,207.37
13081,2022,239.18
13081,2023,278.26
13081,2024,274.03
13083,2021,219.03
13083,2022,259.38
13083,2023,274.49
13083,2024,316.12
13085,2021,308.13
13085,2022,385.63
13085,2023,409.36
13085,2024,443.22
13087,2021,215.4
13087,2022,249.15
13087,2023,293.56
13087,2024,284.07
13089,2021,675.17
13089,2022,787.69
13089,2023,833.33
13089,2024,860.55
13091,2021,150.95
13091,2022,166.42
13091,2023,186.99
13091,2024,205.47
13093,2021,160.01
13093,2022,201.91
13093,2023,218.62
13093,2024,
13095,2021,316.2
13095,2022,362.28
13095,2023,388.94
13095,2024,414.81
13097,2021,510.59
13097,2022,641.05
13097,2023,681.89
13097,2024,710.61
13099,2021,154
13099,2022,153.46
13099,2023,
13099,2024,
13103,2021,262.31
13103,2022,318.49
13103,2023,357.59
13103,2024,386.15
13105,2021,226.01
13105,2022,286.46
13105,2023,284.23
13105,2024,334.47
13107,2021,172.58
13107,2022,203.99
13107,2023,196.28
13107,2024,234.79
13109,2021,137.09
13109,2022,170.17
13109,2023,
13109,2024,206.04
13111,2021,315.95
13111,2022,392.67
13111,2023,420.48
13111,2024,424.02
13113,2021,443.61
13113,2022,536.61
13113,2023,577.33
13113,2024,613.68
13115,2021,403.95
13115,2022,498.78
13115,2023,533.03
13115,2024,576.42
13117,2021,338.25
13117,2022,416.29
13117,2023,450.73
13117,2024,479.16
13119,2021,273.99
13119,2022,304.76
13119,2023,335.21
13119,2024,357.03
13121,2021,843
13121,2022,995.25
13121,2023,1069.47
13121,2024,1099.97
13123,2021,261.25
13123,2022,327.72
13123,2023,343.43
13123,2024,359.28
13127,2021,574.17
13127,2022,681.03
13127,2023,768.43
13127,2024,839.48
13129,2021,278.5
13129,2022,337.94
13129,2023,380.56
13129,2024,386.78
13131,2021,203.71
13131,2022,241.66
13131,2023,268.72
13131,2024,281.71
13133,2021,321.97
13133,2022,374.74
13133,2023,410.73
13133,2024,483.77
13135,2021,570.28
13135,2022,710.56
13135,2023,765.64
13135,2024,807.75
13137,2021,232.04
13137,2022,273.72
13137,2023,297.79
13137,2024,321.74
13139,2021,833.1
13139,2022,1046.78
13139,2023,1122.79
13139,2024,1205.3
13141,2021,152.23
13141,2022,173.42
13141,2023,189.69
13141,2024,205
13143,2021,279.1
13143,2022,324.44
13143,2023,370.17
13143,2024,377.45
13145,2021,226.39
13145,2022,255.55
13145,2023,274.07
13145,2024,295.32
13147,2021,280.13
13147,2022,333.07
13147,2023,381.33
13147,2024,382.53
13149,2021,240.11
13149,2022,310.65
13149,2023,316.97
13149,2024,340.24
13151,2021,370.4
13151,2022,454.92
13151,2023,497.6
13151,2024,495.59
13153,2021,359.74
13153,2022,429.99
13153,2023,479.5
13153,2024,498.16
13155,2021,166.06
13155,2022,212.15
13155,2023,236.56
13155,2024,238.6
13157,2021,275.74
13157,2022,336.62
13157,2023,362.09
13157,2024,392.4
13159,2021,221.06
13159,2022,254.13
13159,2023,312.43
13159,2024,306.33
13161,2021,133.64
13161,2022,165.59
13161,2023,195.43
13161,2024,196.68
13163,2021,174
13163,2022,208.45
13163,2023,277.12
13163,2024,244.47
13165,2021,165.04
13165,2022,203.26
13165,2023,
13165,2024,259.22
13169,2021,200.82
13169,2022,230.78
13169,2023,244.58
13169,2024,274.09
13171,2021,250.81
13171,2022,300.23
13171,2023,333.91
13171,2024,361.73
13175,2021,208.81
13175,2022,245.34
13175,2023,254.04
13175,2024,264.97
13177,2021,188.76
13177,2022,216.28
13177,2023,229.01
13177,2024,250.15
13179,2021,199.78
13179,2022,230.6
13179,2023,270.58
13179,2024,283.32
13181,2021,201.2
13181,2022,241.08
13181,2023,243.47
13181,2024,248.95
13185,2021,363.99
13185,2022,428.26
13185,2023,448.52
13185,2024,479.81
13187,2021,223.18
13187,2022,265.74
13187,2023,286.67
13187,2024,320.94
13189,2021,230.51
13189,2022,274.53
13189,2023,290.14
13189,2024,292.7
13191,2021,162.98
13191,2022,173
13191,2023,190.61
13191,2024,215.96
13193,2021,187.87
13193,2022,231.62
13193,2023,329.79
13193,2024,289.94
13195,2021,198.92
13195,2022,232.79
13195,2023,258.31
13195,2024,283.34
13197,2021,128.47
13197,2022,143.03
13197,2023,
13197,2024,
13199,2021,195.69
13199,2022,237.79
13199,2023,258.35
13199,2024,265.59
13201,2021,126.86
13201,2022,141.71
13201,2023,166.92
13201,2024,
13205,2021,183.69
13205,2022,195.93
13205,2023,218.89
13205,2024,
13207,2021,228.93
13207,2022,275.69
13207,2023,290.39
13207,2024,311.56
13209,2021,180.45
13209,2022,209.15
13209,2023,
13209,2024,
13211,2021,401.51
13211,2022,486.83
13211,2023,523.77
13211,2024,593.82
13213,2021,237.15
13213,2022,290.16
13213,2023,304.22
13213,2024,314.67
13215,2021,348.03
13215,2022,380.85
13215,2023,421.83
13215,2024,439.92
13217,2021,311.46
13217,2022,396.45
13217,2023,424.65
13217,2024,437.41
13219,2021,348.62
13219,2022,412.88
13219,2023,463.7
13219,2024,508.67
13221,2021,197.51
13221,2022,246.84
13221,2023,259.45
13221,2024,289.87
13223,2021,395.36
13223,2022,495.22
13223,2023,526.95
13223,2024,541.27
13225,2021,197.74
13225,2022,242.14
13225,2023,270.83
13225,2024,286.55
13227,2021,264.16
13227,2022,330.98
13227,2023,353.28
13227,2024,377.91
13229,2021,204.58
13229,2022,248.03
13229,2023,266.66
13229,2024,325.52
13231,2021,215.06
13231,2022,259.88
13231,2023,275.8
13231,2024,282.55
13233,2021,282.01
13233,2022,351.79
13233,2023,390.75
13233,2024,419.72
13235,2021,119.57
13235,2022,130.55
13235,2023,132.63
13235,2024,198.98
13237,2021,450.47
13237,2022,559.68
13237,2023,620.7
13237,2024,631.89
13241,2021,205.97
13241,2022,261.15
13241,2023,292.67
13241,2024,300.6
13245,2021,480.25
13245,2022,552.61
13245,2023,614.26
13245,2024,640.24
13247,2021,399.82
13247,2022,492.29
13247,2023,545.49
13247,2024,554.56
13249,2021,105.45
13249,2022,122.04
13249,2023,
13249,2024,133.61
13251,2021,200.08
13251,2022,225.37
13251,2023,282.11
13251,2024,310.54
13253,2021,153.67
13253,2022,192.93
13253,2023,195.92
13253,2024,205.53
13255,2021,450.75
13255,2022,559.92
13255,2023,617.96
13255,2024,630.02
13257,2021,212.36
13257,2022,246.52
13257,2023,275.46
13257,2024,285.85
13261,2021,193.05
13261,2022,221.81
13261,2023,243.42
13261,2024,243.5
13263,2021,131.56
13263,2022,157.8
13263,2023,155.64
13263,2024,
13267,2021,177.22
13267,2022,223.3
13267,2023,253.22
13267,2024,301.77
13269,2021,111.11
13269,2022,116.95
13269,2023,
13269,2024,
13273,2021,138
13273,2022,153.45
13273,2023,168.85
13273,2024,207.11
13275,2021,271.65
13275,2022,319.43
13275,2023,356.54
13275,2024,385.19
13277,2021,241.33
13277,2022,282.2
13277,2023,301.69
13277,2024,324.14
13279,2021,252.26
13279,2022,315.46
13279,2023,297.95
13279,2024,358.09
13281,2021,274.05
13281,2022,346.69
13281,2023,369.1
13281,2024,391.9
13285,2021,307.23
13285,2022,358.69
13285,2023,395.72
13285,2024,434.03
13287,2021,172.42
13287,2022,239.73
13287,2023,200.85
13287,2024,242.68
13289,2021,137.89
13289,2022,146.78
13289,2023,
13289,2024,
13291,2021,315.72
13291,2022,401.54
13291,2023,448.55
13291,2024,456.71
13293,2021,268.86
13293,2022,341.13
13293,2023,373.28
13293,2024,410.21
13295,2021,348.04
13295,2022,415.72
13295,2023,469.75
13295,2024,491.95
13297,2021,325.73
13297,2022,404.02
13297,2023,432.75
13297,2024,461.87
13299,2021,294.7
13299,2022,347.95
13299,2023,389.76
13299,2024,423.27
13303,2021,206.61
13303,2022,232.51
13303,2023,257.9
13303,2024,299.15
13305,2021,199.92
13305,2022,246.29
13305,2023,266.3
13305,2024,270.25
13311,2021,245.48
13311,2022,296.03
13311,2023,348.01
13311,2024,338.01
13313,2021,526.2
13313,2022,619.63
13313,2023,693.34
13313,2024,737.42
13315,2021,142.98
13315,2022,
13315,2023,
13315,2024,
13317,2021,164.28
13317,2022,196.62
13317,2023,
13317,2024,264.06
13319,2021,140.97
13319,2022,201.24
13319,2023,182.77
13319,2024,
13321,2021,218.37
13321,2022,256.47
13321,2023,263.59
13321,2024,285.8
15001,2021,617.93
15001,2022,761.34
15001,2023,813.18
15001,2024,841.82
15003,2021,1184.61
15003,2022,1374.53
15003,2023,1456.42
15003,2024,1512.43
15007,2021,596.21
15007,2022,703
15007,2023,768.38
15007,2024,820.28
15009,2021,978.57
15009,2022,1163.45
15009,2023,1312.96
15009,2024,1322.38
16001,2021,1143.43
16001,2022,1322.29
16001,2023,1272.31
16001,2024,1326.48
16003,2021,305.46
16003,2022,370.29
16003,2023,507.84
16003,2024,462.41
16005,2021,576.8
16005,2022,697.84
16005,2023,719.7
16005,2024,755.19
16007,2021,453.36
16007,2022,523.44
16007,2023,554.52
16007,2024,623.19
16009,2021,308.73
16009,2022,388.62
16009,2023,408.37
16009,2024,377.87
16011,2021,456.57
16011,2022,553.9
16011,2023,558.92
16011,2024,574.52
16013,2021,620.25
16013,2022,771.51
16013,2023,845.66
16013,2024,829.4
16015,2021,275.81
16015,2022,368.99
16015,2023,367.05
16015,2024,414.79
16017,2021,514.76
16017,2022,657.67
16017,2023,656.46
16017,2024,702.29
16019,2021,695.6
16019,2022,848.58
16019,2023,823.83
16019,2024,852.51
16021,2021,294.68
16021,2022,358.71
16021,2023,367.79
16021,2024,367.13
16023,2021,201
16023,2022,216.93
16023,2023,216.11
16023,2024,230.52
16027,2021,821.55
16027,2022,969.81
16027,2023,956.3
16027,2024,968.08
16029,2021,377.26
16029,2022,462.29
16029,2023,463.81
16029,2024,525.71
16031,2021,369.06
16031,2022,451.38
16031,2023,451.33
16031,2024,481.95
16035,2021,315.8
16035,2022,388.45
16035,2023,434.72
16035,2024,429.44
16037,2021,234.22
16037,2022,303.21
16037,2023,
16037,2024,359.97
16039,2021,427.68
16039,2022,494.77
16039,2023,512.38
16039,2024,524.39
16041,2021,458.56
16041,2022,595.57
16041,2023,606.54
16041,2024,669.87
16043,2021,452
16043,2022,610.93
16043,2023,598.39
16043,2024,626.04
16045,2021,517.35
16045,2022,617.08
16045,2023,619.21
16045,2024,629.49
16047,2021,433.99
16047,2022,523.34
16047,2023,560.76
16047,2024,559.99
16049,2021,331.48
16049,2022,397.03
16049,2023,421.3
16049,2024,449.51
16051,2021,422.49
16051,2022,498.39
16051,2023,492.5
16051,2024,502.84
16053,2021,354.06
16053,2022,437.07
16053,2023,439.51
16053,2024,445.56
16055,2021,1055.18
16055,2022,1282.73
16055,2023,1267.08
16055,2024,1320.72
16057,2021,475.45
16057,2022,582.04
16057,2023,607.72
16057,2024,644.47
16059,2021,245.99
16059,2022,314.41
16059,2023,347.09
16059,2024,369.84
16061,2021,224.57
16061,2022,
16061,2023,
16061,2024,
16063,2021,253.32
16063,2022,306.66
16063,2023,330.65
16063,2024,395.41
16065,2021,404.46
16065,2022,495.65
16065,2023,491.77
16065,2024,510.85
16067,2021,389.84
16067,2022,473.56
16067,2023,487.52
16067,2024,520.64
16069,2021,705
16069,2022,845.75
16069,2023,868.02
16069,2024,926.66
16071,2021,270.14
16071,2022,365.38
16071,2023,345.26
16071,2024,375.8
16073,2021,281.89
16073,2022,377.5
16073,2023,326.16
16073,2024,357.15
16075,2021,421.48
16075,2022,514.02
16075,2023,505.81
16075,2024,552.69
16077,2021,387.7
16077,2022,508.89
16077,2023,489.71
16077,2024,506.11
16079,2021,488.39
16079,2022,597.05
16079,2023,650.59
16079,2024,628.68
16081,2021,367.48
16081,2022,486.81
16081,2023,495.24
16081,2024,579.27
16083,2021,609.18
16083,2022,754.98
16083,2023,753.95
16083,2024,778.78
16085,2021,518.14
16085,2022,657.11
16085,2023,658.67
16085,2024,712.67
16087,2021,419.53
16087,2022,495.47
16087,2023,568.55
16087,2024,582.16
17001,2021,264.8
17001,2022,300.4
17001,2023,318.57
17001,2024,327.64
17005,2021,199.44
17005,2022,192.85
17005,2023,250.16
17005,2024,264.77
17007,2021,280.33
17007,2022,313.04
17007,2023,341.53
17007,2024,369.11
17009,2021,131.65
17009,2022,156.09
17009,2023,153.7
17009,2024,166.16
17011,2021,234.52
17011,2022,262.26
17011,2023,283.96
17011,2024,301.85
17015,2021,215.17
17015,2022,229.76
17015,2023,251.51
17015,2024,278.02
17017,2021,190.16
17017,2022,206.75
17017,2023,230.83
17017,2024,226.28
17019,2021,279.7
17019,2022,317.57
17019,2023,339.77
17019,2024,366.06
17021,2021,212.26
17021,2022,236.54
17021,2023,258.47
17021,2024,263.01
17023,2021,163.31
17023,2022,179.73
17023,2023,202.33
17023,2024,216.91
17025,2021,141.4
17025,2022,167.96
17025,2023,144.99
17025,2024,169.72
17027,2021,231.09
17027,2022,255.28
17027,2023,282.7
17027,2024,308.24
17029,2021,238.73
17029,2022,270.43
17029,2023,284.59
17029,2024,320.33
17031,2021,636.86
17031,2022,709.2
17031,2023,747.32
17031,2024,797.3
17033,2021,199.86
17033,2022,210.3
17033,2023,235.55
17033,2024,237.55
17035,2021,170.6
17035,2022,178.48
17035,2023,199.25
17035,2024,209.15
17037,2021,323.69
17037,2022,362.4
17037,2023,403.09
17037,2024,427.08
17039,2021,215.79
17039,2022,248.01
17039,2023,265.75
17039,2024,286.36
17041,2021,243.56
17041,2022,276.88
17041,2023,292.37
17041,2024,320.42
17043,2021,615.21
17043,2022,683.16
17043,2023,736.9
17043,2024,798.2
17045,2021,246.54
17045,2022,274.9
17045,2023,279.79
17045,2024,304.46
17047,2021,100.25
17047,2022,104.72
17047,2023,
17047,2024,141.81
17049,2021,227.97
17049,2022,257.58
17049,2023,277.61
17049,2024,289.95
17051,2021,226.32
17051,2022,237.86
17051,2023,273.87
17051,2024,291.79
17053,2021,240.27
17053,2022,270.38
17053,2023,275.32
17053,2024,319.91
17055,2021,217.1
17055,2022,243.67
17055,2023,244.74
17055,2024,283.84
17057,2021,206.02
17057,2022,224.45
17057,2023,237.49
17057,2024,243.58
17059,2021,169.88
17059,2022,185.43
17059,2023,180.65
17059,2024,197.83
17061,2021,190.95
17061,2022,205.95
17061,2023,228.99
17061,2024,232.32
17063,2021,339.7
17063,2022,374.62
17063,2023,405.75
17063,2024,426.03
17065,2021,119.85
17065,2022,135.1
17065,2023,145.99
17065,2024,147.5
17067,2021,187.71
17067,2022,200.19
17067,2023,219.74
17067,2024,229.26
17071,2021,111.64
17071,2022,
17071,2023,
17071,2024,146.66
17073,2021,305.04
17073,2022,340.88
17073,2023,357.71
17073,2024,378.16
17075,2021,218.13
17075,2022,246.4
17075,2023,249.02
17075,2024,286.15
17077,2021,191.44
17077,2022,209.15
17077,2023,220.4
17077,2024,229.81
17079,2021,148.07
17079,2022,166.61
17079,2023,
17079,2024,
17081,2021,229.42
17081,2022,254.49
17081,2023,276.25
17081,2024,300.1
17083,2021,235.14
17083,2022,251.1
17083,2023,294.28
17083,2024,297.13
17085,2021,243.86
17085,2022,277.92
17085,2023,279.18
17085,2024,310.98
17087,2021,193.19
17087,2022,208.21
17087,2023,234.26
17087,2024,268.35
17089,2021,563.08
17089,2022,646.17
17089,2023,706.12
17089,2024,757.09
17091,2021,297.51
17091,2022,337.77
17091,2023,362.49
17091,2024,385.67
17093,2021,340.48
17093,2022,394.07
17093,2023,425.38
17093,2024,452.4
17095,2021,265.66
17095,2022,288.15
17095,2023,304.86
17095,2024,327
17097,2021,539.47
17097,2022,614.7
17097,2023,667.45
17097,2024,718.9
17099,2021,280.43
17099,2022,309.87
17099,2023,333
17099,2024,361.13
17101,2021,211.37
17101,2022,225.98
17101,2023,215.04
17101,2024,263.92
17103,2021,312.15
17103,2022,356.21
17103,2023,389.69
17103,2024,413.07
17105,2021,233.92
17105,2022,268.21
17105,2023,278.08
17105,2024,318.38
17107,2021,372.52
17107,2022,412.02
17107,2023,426.63
17107,2024,457.19
17109,2021,227.55
17109,2022,239.85
17109,2023,256.68
17109,2024,284.51
17111,2021,493.5
17111,2022,565.6
17111,2023,617.6
17111,2024,667.14
17113,2021,400.93
17113,2022,468.33
17113,2023,510.61
17113,2024,542.35
17115,2021,161.19
17115,2022,179.56
17115,2023,194.27
17115,2024,207.07
17117,2021,249.16
17117,2022,271.66
17117,2023,286.42
17117,2024,308.19
17119,2021,480.52
17119,2022,538.48
17119,2023,578.63
17119,2024,615.61
17121,2021,211.34
17121,2022,242.46
17121,2023,279.5
17121,2024,282.66
17123,2021,218.83
17123,2022,242.17
17123,2023,264.86
17123,2024,266.05
17125,2021,231.54
17125,2022,228.49
17125,2023,235.73
17125,2024,276.8
17127,2021,156.67
17127,2022,182.05
17127,2023,185.66
17127,2024,201.88
17129,2021,207.92
17129,2022,228.81
17129,2023,239.96
17129,2024,250.1
17131,2021,262.27
17131,2022,276.66
17131,2023,302.58
17131,2024,313.46
17133,2021,274.22
17133,2022,309.68
17133,2023,330.42
17133,2024,353.93
17135,2021,241.32
17135,2022,269.86
17135,2023,298.31
17135,2024,321.55
17137,2021,223.63
17137,2022,238.79
17137,2023,272.93
17137,2024,278.1
17139,2021,276.9
17139,2022,322.67
17139,2023,305.17
17139,2024,348.96
17141,2021,376.5
17141,2022,423.67
17141,2023,447.97
17141,2024,490.96
17143,2021,327.28
17143,2022,362.5
17143,2023,392.59
17143,2024,419.75
17145,2021,210.85
17145,2022,225.92
17145,2023,241.04
17145,2024,260.11
17147,2021,265.04
17147,2022,286.59
17147,2023,308.59
17147,2024,347.26
17149,2021,223.08
17149,2022,254.72
17149,2023,260.2
17149,2024,282.18
17155,2021,176.72
17155,2022,175.66
17155,2023,234.87
17155,2024,224.05
17157,2021,223.31
17157,2022,246.03
17157,2023,260.68
17157,2024,263.46
17159,2021,213.21
17159,2022,253.18
17159,2023,230.24
17159,2024,248.68
17161,2021,336.05
17161,2022,367.37
17161,2023,393.27
17161,2024,427.31
17163,2021,301.94
17163,2022,342.61
17163,2023,374.42
17163,2024,400.13
17165,2021,188.57
17165,2022,209.16
17165,2023,236
17165,2024,249.76
17167,2021,270.55
17167,2022,304.88
17167,2023,327.32
17167,2024,348.44
17169,2021,149.02
17169,2022,153.92
17169,2023,
17169,2024,180.06
17171,2021,139.3
17171,2022,159.49
17171,2023,
17171,2024,175.88
17173,2021,204.78
17173,2022,215.57
17173,2023,237.55
17173,2024,259.64
17175,2021,136.14
17175,2022,137.24
17175,2023,
17175,2024,145.6
17177,2021,182.09
17177,2022,212.76
17177,2023,217.01
17177,2024,239.43
17179,2021,335.67
17179,2022,368.65
17179,2023,396.45
17179,2024,421.79
17181,2021,159.47
17181,2022,161.44
17181,2023,189.92
17181,2024,189.28
17183,2021,148.41
17183,2022,164.51
17183,2023,166.53
17183,2024,185.6
17185,2021,205.66
17185,2022,204.89
17185,2023,219.21
17185,2024,248
17187,2021,195.95
17187,2022,209.08
17187,2023,213.46
17187,2024,233.87
17189,2021,190.57
17189,2022,217.06
17189,2023,230.75
17189,2024,238.3
17191,2021,131.37
17191,2022,165.52
17191,2023,143.97
17191,2024,192.31
17193,2021,165.08
17193,2022,189.81
17193,2023,194.38
17193,2024,202.63
17195,2021,252.3
17195,2022,283.3
17195,2023,293.63
17195,2024,317.91
17197,2021,438.77
17197,2022,501.13
17197,2023,545.43
17197,2024,583.57
17199,2021,249.56
17199,2022,273.94
17199,2023,297.16
17199,2024,320.52
17201,2021,361.71
17201,2022,410.05
17201,2023,452.96
17201,2024,500.82
17203,2021,281.22
17203,2022,311.81
17203,2023,332.17
17203,2024,360.21
18001,2021,214.92
18001,2022,255.48
18001,2023,285.43
18001,2024,298.24
18003,2021,546.72
18003,2022,635.15
18003,2023,715.48
18003,2024,771.69
18005,2021,471.84
18005,2022,544.09
18005,2023,579.81
18005,2024,611.07
18007,2021,229.79
18007,2022,280.85
18007,2023,313.44
18007,2024,314.92
18009,2021,222.23
18009,2022,276.32
18009,2023,253.02
18009,2024,314.85
18011,2021,523.23
18011,2022,612.63
18011,2023,674.33
18011,2024,719.61
18013,2021,280.97
18013,2022,340.32
18013,2023,359.82
18013,2024,381.22
18015,2021,250.54
18015,2022,290.48
18015,2023,319
18015,2024,339.68
18017,2021,290.1
18017,2022,327.15
18017,2023,348.09
18017,2024,401.12
18019,2021,451.66
18019,2022,516.27
18019,2023,554.61
18019,2024,584.77
18021,2021,229.2
18021,2022,263.65
18021,2023,294.11
18021,2024,335.13
18023,2021,265.72
18023,2022,314.72
18023,2023,344.39
18023,2024,374.91
18025,2021,153.51
18025,2022,174.62
18025,2023,210
18025,2024,227.35
18027,2021,268.9
18027,2022,297.26
18027,2023,344.58
18027,2024,357.13
18029,2021,282.63
18029,2022,323.49
18029,2023,350.18
18029,2024,382.37
18031,2021,277.54
18031,2022,308.31
18031,2023,346.95
18031,2024,374.9
18033,2021,317.5
18033,2022,361.84
18033,2023,413.54
18033,2024,423.01
18035,2021,274.78
18035,2022,312.56
18035,2023,339.77
18035,2024,359.01
18037,2021,252.3
18037,2022,276.15
18037,2023,304.17
18037,2024,313.63
18039,2021,523.51
18039,2022,604.96
18039,2023,647.25
18039,2024,675.56
18041,2021,192.48
18041,2022,221.35
18041,2023,241.92
18041,2024,258.89
18043,2021,409.97
18043,2022,465.32
18043,2023,501.09
18043,2024,528.9
18045,2021,283.31
18045,2022,299.68
18045,2023,331.16
18045,2024,365.35
18047,2021,255.25
18047,2022,289.57
18047,2023,313.72
18047,2024,325.15
18049,2021,282.16
18049,2022,307.89
18049,2023,334.5
18049,2024,376.73
18051,2021,308.14
18051,2022,357.77
18051,2023,380.88
18051,2024,406.95
18053,2021,388.51
18053,2022,441.26
18053,2023,485.93
18053,2024,522.25
18055,2021,239.98
18055,2022,283.51
18055,2023,296.44
18055,2024,326.96
18057,2021,532.76
18057,2022,632.64
18057,2023,695.09
18057,2024,728.5
18059,2021,401.83
18059,2022,466.37
18059,2023,500.38
18059,2024,525.48
18061,2021,294.53
18061,2022,345.83
18061,2023,364.75
18061,2024,381.17
18063,2021,491.4
18063,2022,586.53
18063,2023,638.99
18063,2024,651.67
18065,2021,296.34
18065,2022,344.26
18065,2023,374.17
18065,2024,410.46
18067,2021,263.67
18067,2022,302.35
18067,2023,330.4
18067,2024,359.32
18069,2021,316.09
18069,2022,362.3
18069,2023,392.7
18069,2024,432.94
18071,2021,379.43
18071,2022,426.81
18071,2023,449.82
18071,2024,479.49
18073,2021,287.34
18073,2022,328.09
18073,2023,337.62
18073,2024,363.98
18075,2021,313.32
18075,2022,359.86
18075,2023,360.08
18075,2024,394.01
18077,2021,351.68
18077,2022,410.04
18077,2023,436.67
18077,2024,462.9
18079,2021,328.57
18079,2022,387.18
18079,2023,406.8
18079,2024,425.27
18081,2021,509.09
18081,2022,599.43
18081,2023,646.93
18081,2024,665.84
18083,2021,226.05
18083,2022,264.99
18083,2023,284.22
18083,2024,292.72
18085,2021,397.92
18085,2022,454.8
18085,2023,491.49
18085,2024,519.85
18087,2021,289.6
18087,2022,326.29
18087,2023,354.94
18087,2024,415.02
18089,2021,593.02
18089,2022,678.77
18089,2023,726.45
18089,2024,760.33
18091,2021,408.04
18091,2022,474.85
18091,2023,519.01
18091,2024,543.53
18093,2021,346.01
18093,2022,389.79
18093,2023,417.95
18093,2024,450.55
18095,2021,408.34
18095,2022,475.21
18095,2023,518.52
18095,2024,542.5
18097,2021,607.47
18097,2022,700.55
18097,2023,746.12
18097,2024,772.98
18099,2021,326.76
18099,2022,370.43
18099,2023,408.64
18099,2024,415.48
18101,2021,203.78
18101,2022,247.78
18101,2023,249.93
18101,2024,246.25
18103,2021,229.51
18103,2022,264.07
18103,2023,283.21
18103,2024,310.04
18105,2021,469.59
18105,2022,540.84
18105,2023,563.54
18105,2024,597.35
18107,2021,283.23
18107,2022,319.16
18107,2023,340.3
18107,2024,360.63
18109,2021,404.67
18109,2022,473.33
18109,2023,503.5
18109,2024,527.37
18111,2021,210.78
18111,2022,233.42
18111,2023,248.25
18111,2024,262.99
18113,2021,263.93
18113,2022,305.05
18113,2023,320.4
18113,2024,355.68
18115,2021,176.45
18115,2022,204.1
18115,2023,238.38
18115,2024,276.81
18117,2021,224.66
18117,2022,252
18117,2023,243.99
18117,2024,283.33
18119,2021,168.96
18119,2022,197.86
18119,2023,211.62
18119,2024,221.2
18121,2021,158.51
18121,2022,183.07
18121,2023,207.54
18121,2024,230.83
18123,2021,247.33
18123,2022,299.13
18123,2023,288.32
18123,2024,303.04
18125,2021,203.13
18125,2022,210.96
18125,2023,225.43
18125,2024,239.58
18127,2021,526.57
18127,2022,599.28
18127,2023,644.24
18127,2024,671.37
18129,2021,270.8
18129,2022,305.75
18129,2023,327.3
18129,2024,334.18
18131,2021,285.55
18131,2022,335.44
18131,2023,361.36
18131,2024,399.2
18133,2021,235.64
18133,2022,275.09
18133,2023,292.74
18133,2024,312.02
18135,2021,166.5
18135,2022,197.22
18135,2023,213.68
18135,2024,232.22
18137,2021,244.11
18137,2022,273.15
18137,2023,287.08
18137,2024,314.94
18139,2021,247.43
18139,2022,276.84
18139,2023,299.34
18139,2024,307.13
18141,2021,554.32
18141,2022,648.12
18141,2023,712.37
18141,2024,758.29
18143,2021,276.57
18143,2022,312.96
18143,2023,341.15
18143,2024,360.77
18145,2021,324.08
18145,2022,370.04
18145,2023,403.09
18145,2024,420.5
18147,2021,179.97
18147,2022,208.91
18147,2023,216.38
18147,2024,235.81
18149,2021,255.84
18149,2022,301.68
18149,2023,332
18149,2024,350.59
18151,2021,275.72
18151,2022,307.96
18151,2023,336.93
18151,2024,365.36
18153,2021,192.75
18153,2022,216.75
18153,2023,232.04
18153,2024,239.08
18155,2021,196.73
18155,2022,220.18
18155,2023,213.41
18155,2024,249.91
18157,2021,367.98
18157,2022,422.29
18157,2023,463.26
18157,2024,503.95
18159,2021,290.26
18159,2022,349.66
18159,2023,368.51
18159,2024,402.98
18161,2021,207.43
18161,2022,232.34
18161,2023,265.92
18161,2024,257.62
18163,2021,414.92
18163,2022,470.38
18163,2023,506.24
18163,2024,530.34
18165,2021,165.5
18165,2022,191.63
18165,2023,194.89
18165,2024,201.55
18167,2021,276.69
18167,2022,317
18167,2023,343.34
18167,2024,362.91
18169,2021,266.05
18169,2022,304.42
18169,2023,337.01
18169,2024,351.42
18171,2021,197.07
18171,2022,226.48
18171,2023,236.8
18171,2024,249.48
18173,2021,430.64
18173,2022,487.55
18173,2023,510.63
18173,2024,543.7
18175,2021,338.22
18175,2022,397.76
18175,2023,410.06
18175,2024,458.51
18177,2021,312.96
18177,2022,355.71
18177,2023,381.13
18177,2024,401.09
18179,2021,398.92
18179,2022,458.51
18179,2023,488.58
18179,2024,532.7
18181,2021,240.54
18181,2022,274.33
18181,2023,319.26
18181,2024,328.65
18183,2021,252.14
18183,2022,289.17
18183,2023,324.35
18183,2024,342.74
19001,2021,202.64
19001,2022,239.39
19001,2023,283.37
19001,2024,303.93
19003,2021,165.3
19003,2022,179.65
19003,2023,
19003,2024,
19005,2021,198.89
19005,2022,236.3
19005,2023,244.64
19005,2024,266.32
19007,2021,199.4
19007,2022,236.23
19007,2023,240.99
19007,2024,265.86
19009,2021,200.45
19009,2022,279.61
19009,2023,275.97
19009,2024,227.3
19011,2021,267.19
19011,2022,293.84
19011,2023,315.9
19011,2024,328.8
19013,2021,417.43
19013,2022,469.33
19013,2023,513.31
19013,2024,536.26
19015,2021,299.69
19015,2022,329.36
19015,2023,351.12
19015,2024,383.17
19017,2021,282.23
19017,2022,302.94
19017,2023,337.07
19017,2024,364.84
19019,2021,285.67
19019,2022,308.27
19019,2023,343.85
19019,2024,363.19
19021,2021,257.41
19021,2022,304.48
19021,2023,291.09
19021,2024,329.54
19023,2021,290.47
19023,2022,322.33
19023,2023,339.76
19023,2024,367.42
19025,2021,265.59
19025,2022,330.82
19025,2023,356.99
19025,2024,355.07
19027,2021,334.26
19027,2022,379.34
19027,2023,393.01
19027,2024,459.11
19029,2021,247.39
19029,2022,281.53
19029,2023,295.98
19029,2024,307.63
19031,2021,260.9
19031,2022,284.1
19031,2023,322.79
19031,2024,325.47
19033,2021,536.12
19033,2022,603.58
19033,2023,648.81
19033,2024,684.11
19035,2021,247.81
19035,2022,291.45
19035,2023,306.57
19035,2024,333.9
19037,2021,247.18
19037,2022,283.54
19037,2023,305.94
19037,2024,325.93
19039,2021,172.58
19039,2022,191.09
19039,2023,214.82
19039,2024,230.73
19041,2021,338.12
19041,2022,378.47
19041,2023,400.81
19041,2024,402.95
19043,2021,193.35
19043,2022,233.1
19043,2023,240.04
19043,2024,261.71
19045,2021,282.07
19045,2022,320.3
19045,2023,328.17
19045,2024,347.8
19047,2021,237
19047,2022,276.71
19047,2023,315.21
19047,2024,301.13
19049,2021,309.93
19049,2022,355.43
19049,2023,377.65
19049,2024,390.73
19051,2021,179.7
19051,2022,210.3
19051,2023,206.23
19051,2024,242.09
19053,2021,131.81
19053,2022,149.43
19053,2023,149.01
19053,2024,179.23
19055,2021,251.09
19055,2022,288.79
19055,2023,312.55
19055,2024,343.47
19057,2021,250.26
19057,2022,281.92
19057,2023,286.8
19057,2024,319.78
19059,2021,330.81
19059,2022,368.78
19059,2023,420.15
19059,2024,451.7
19061,2021,409.01
19061,2022,463.3
19061,2023,488.44
19061,2024,522.54
19063,2021,243.19
19063,2022,275.47
19063,2023,292.52
19063,2024,300.47
19065,2021,231.36
19065,2022,244.86
19065,2023,264.24
19065,2024,264.51
19067,2021,282.33
19067,2022,311.32
19067,2023,303.14
19067,2024,346.55
19069,2021,273.48
19069,2022,324.55
19069,2023,342.86
19069,2024,360.71
19071,2021,175.38
19071,2022,201.01
19071,2023,209.91
19071,2024,226.96
19073,2021,168.93
19073,2022,185.36
19073,2023,220.38
19073,2024,240.91
19075,2021,285.22
19075,2022,329.05
19075,2023,343.58
19075,2024,381.91
19077,2021,262.76
19077,2022,308.2
19077,2023,320.82
19077,2024,348.79
19079,2021,234.18
19079,2022,265.53
19079,2023,297.36
19079,2024,271.5
19081,2021,310.16
19081,2022,365.5
19081,2023,401.27
19081,2024,406.27
19083,2021,237.8
19083,2022,279.15
19083,2023,296.94
19083,2024,313.47
19085,2021,283.08
19085,2022,341.28
19085,2023,364.99
19085,2024,391.38
19087,2021,259.03
19087,2022,263.77
19087,2023,304.41
19087,2024,325.79
19089,2021,207.66
19089,2022,234.93
19089,2023,238.7
19089,2024,265.71
19091,2021,255.17
19091,2022,299.31
19091,2023,303.82
19091,2024,285.12
19093,2021,179.31
19093,2022,229.08
19093,2023,215.43
19093,2024,247.4
19095,2021,263.3
19095,2022,272.85
19095,2023,323.68
19095,2024,330.43
19097,2021,299.6
19097,2022,341.88
19097,2023,397.75
19097,2024,379.54
19099,2021,292.27
19099,2022,328.89
19099,2023,363.6
19099,2024,390.97
19101,2021,233.78
19101,2022,254.89
19101,2023,253.79
19101,2024,288.82
19103,2021,430.79
19103,2022,476.74
19103,2023,518.82
19103,2024,532.59
19105,2021,271.26
19105,2022,298.69
19105,2023,322.09
19105,2024,331.7
19107,2021,168.16
19107,2022,201.86
19107,2023,230.39
19107,2024,219.98
19109,2021,257.99
19109,2022,281.97
19109,2023,295.98
19109,2024,323.99
19111,2021,260.68
19111,2022,296.83
19111,2023,298.23
19111,2024,308.41
19113,2021,485.95
19113,2022,537.2
19113,2023,576.76
19113,2024,597.5
19115,2021,197.53
19115,2022,221.03
19115,2023,225.94
19115,2024,231.8
19117,2021,165.16
19117,2022,211.21
19117,2023,234.22
19117,2024,232.39
19119,2021,279.73
19119,2022,330.65
19119,2023,342.09
19119,2024,397.8
19121,2021,297.54
19121,2022,352.18
19121,2023,368.31
19121,2024,403.13
19123,2021,292.8
19123,2022,330.51
19123,2023,359.94
19123,2024,399.02
19125,2021,462.19
19125,2022,529.66
19125,2023,564.89
19125,2024,591.99
19127,2021,389.49
19127,2022,430.18
19127,2023,467.29
19127,2024,504.71
19129,2021,266.52
19129,2022,311.51
19129,2023,325.64
19129,2024,342.98
19131,2021,272.74
19131,2022,297.37
19131,2023,328.24
19131,2024,336.29
19133,2021,189.54
19133,2022,218.88
19133,2023,251.14
19133,2024,240.91
19135,2021,181.66
19135,2022,209.18
19135,2023,212.47
19135,2024,206.37
19137,2021,243.36
19137,2022,282.05
19137,2023,297.56
19137,2024,339.38
19139,2021,355.91
19139,2022,392.92
19139,2023,409.28
19139,2024,447.43
19141,2021,277.4
19141,2022,306.42
19141,2023,338.48
19141,2024,356.76
19143,2021,234.55
19143,2022,285.43
19143,2023,340.08
19143,2024,299.56
19145,2021,227.64
19145,2022,255.31
19145,2023,278.23
19145,2024,299.6
19147,2021,209.37
19147,2022,230.15
19147,2023,238.69
19147,2024,255.54
19149,2021,336.29
19149,2022,380.75
19149,2023,411.48
19149,2024,431
19151,2021,176.28
19151,2022,204.19
19151,2023,216.28
19151,2024,297.01
19153,2021,548.78
19153,2022,618.1
19153,2023,665.63
19153,2024,696.51
19155,2021,404.08
19155,2022,457
19155,2023,502.71
19155,2024,531.33
19157,2021,350.85
19157,2022,397.5
19157,2023,412.08
19157,2024,427.73
19159,2021,170.02
19159,2022,188.06
19159,2023,254.19
19159,2024,249.29
19161,2021,213.87
19161,2022,228.21
19161,2023,275.31
19161,2024,309.29
19163,2021,401.67
19163,2022,442.78
19163,2023,473.97
19163,2024,495.25
19165,2021,289.2
19165,2022,332.75
19165,2023,350.27
19165,2024,389.9
19167,2021,398.85
19167,2022,441.45
19167,2023,483.52
19167,2024,527.59
19169,2021,333.03
19169,2022,368.01
19169,2023,404.03
19169,2024,422.55
19171,2021,283.76
19171,2022,342.7
19171,2023,342.46
19171,2024,370.96
19173,2021,160.07
19173,2022,198.87
19173,2023,222.9
19173,2024,234.51
19175,2021,184.98
19175,2022,215.13
19175,2023,208.88
19175,2024,228.61
19177,2021,161.73
19177,2022,213.86
19177,2023,
19177,2024,
19179,2021,293.03
19179,2022,334.94
19179,2023,352.66
19179,2024,388.41
19181,2021,461.98
19181,2022,534.42
19181,2023,570.83
19181,2024,598.32
19183,2021,262.85
19183,2022,296.54
19183,2023,303.23
19183,2024,328.47
19185,2021,173.34
19185,2022,200.12
19185,2023,186.22
19185,2024,223.03
19187,2021,334.15
19187,2022,361.14
19187,2023,372.66
19187,2024,397.71
19189,2021,271.49
19189,2022,318.64
19189,2023,311.13
19189,2024,339.89
19191,2021,284.67
19191,2022,327.16
19191,2023,355.83
19191,2024,387.69
19193,2021,431.47
19193,2022,493.22
19193,2023,527.9
19193,2024,555.11
19195,2021,189.56
19195,2022,218.96
19195,2023,217.38
19195,2024,240.29
19197,2021,234.06
19197,2022,244.52
19197,2023,289.11
19197,2024,271.82
20001,2021,247
20001,2022,272.92
20001,2023,271.12
20001,2024,288.52
20003,2021,172.27
20003,2022,216.3
20003,2023,263.15
20003,2024,276.46
20005,2021,474.06
20005,2022,536.3
20005,2023,600.93
20005,2024,696.55
20007,2021,149.93
20007,2022,169.25
20007,2023,
20007,2024,
20009,2021,315.48
20009,2022,343.38
20009,2023,369.27
20009,2024,398.03
20011,2021,162.43
20011,2022,177.8
20011,2023,193.1
20011,2024,195.69
20013,2021,238.12
20013,2022,270.24
20013,2023,283.95
20013,2024,285.47
20015,2021,364.88
20015,2022,417.88
20015,2023,461.81
20015,2024,480.42
20021,2021,203.41
20021,2022,215.75
20021,2023,264.45
20021,2024,274.75
20023,2021,158.21
20023,2022,203.86
20023,2023,
20023,2024,218.39
20027,2021,174.32
20027,2022,190.74
20027,2023,194.41
20027,2024,235.17
20029,2021,144.16
20029,2022,163.15
20029,2023,182.3
20029,2024,204.42
20031,2021,216.18
20031,2022,260.28
20031,2023,239.58
20031,2024,301.82
20035,2021,298.1
20035,2022,336.03
20035,2023,355.36
20035,2024,379.78
20037,2021,354.61
20037,2022,403.13
20037,2023,437.6
20037,2024,482.27
20041,2021,221.71
20041,2022,236.79
20041,2023,252.37
20041,2024,272.95
20043,2021,192.15
20043,2022,222.09
20043,2023,226.82
20043,2024,262.9
20045,2021,640.38
20045,2022,729.17
20045,2023,790.52
20045,2024,818.38
20051,2021,372.3
20051,2022,414.5
20051,2023,448.07
20051,2024,455.77
20053,2021,198.27
20053,2022,229.29
20053,2023,251.84
20053,2024,268.56
20055,2021,472.87
20055,2022,542.78
20055,2023,566.95
20055,2024,580.72
20057,2021,331.22
20057,2022,398.3
20057,2023,433.48
20057,2024,457.57
20059,2021,493.73
20059,2022,566
20059,2023,613.47
20059,2024,650.2
20061,2021,343.87
20061,2022,378.52
20061,2023,417.6
20061,2024,435.21
20067,2021,225.12
20067,2022,238.3
20067,2023,244.8
20067,2024,253.44
20069,2021,203.57
20069,2022,226.12
20069,2023,
20069,2024,288.51
20077,2021,153.83
20077,2022,171.44
20077,2023,195.47
20077,2024,215.64
20079,2021,445.04
20079,2022,514.88
20079,2023,550.87
20079,2024,579.6
20081,2021,256.38
20081,2022,283.32
20081,2023,
20081,2024,310.72
20085,2021,229.23
20085,2022,253.53
20085,2023,282.33
20085,2024,316.73
20087,2021,258.78
20087,2022,305.81
20087,2023,314.61
20087,2024,337.46
20091,2021,622.43
20091,2022,712.94
20091,2023,766.72
20091,2024,814.94
20093,2021,253.62
20093,2022,251.93
20093,2023,303.31
20093,2024,303.12
20095,2021,159.51
20095,2022,195.88
20095,2023,197.15
20095,2024,198.55
20099,2021,185.4
20099,2022,211.12
20099,2023,234.46
20099,2024,246.02
20103,2021,271.32
20103,2022,312.9
20103,2023,335.77
20103,2024,360.64
20107,2021,167.2
20107,2022,175.61
20107,2023,222.93
20107,2024,241.62
20109,2021,145.87
20109,2022,165.44
20109,2023,
20109,2024,
20111,2021,425.73
20111,2022,474.51
20111,2023,536.19
20111,2024,555.64
20113,2021,460.12
20113,2022,499.02
20113,2023,509.27
20113,2024,551.84
20115,2021,204.84
20115,2022,254.54
20115,2023,263.32
20115,2024,274.1
20117,2021,158.55
20117,2022,196.36
20117,2023,195.28
20117,2024,
20119,2021,163.89
20119,2022,207.29
20119,2023,180.45
20119,2024,
20121,2021,495.26
20121,2022,567.41
20121,2023,614.14
20121,2024,655.11
20123,2021,127.09
20123,2022,127.75
20123,2023,152.49
20123,2024,152.48
20125,2021,219.27
20125,2022,250.77
20125,2023,252.98
20125,2024,275.8
20127,2021,151.12
20127,2022,158
20127,2023,
20127,2024,
20131,2021,182.19
20131,2022,197.54
20131,2023,217.62
20131,2024,289.4
20133,2021,219.5
20133,2022,236.71
20133,2023,243.15
20133,2024,268.57
20139,2021,232.73
20139,2022,283.92
20139,2023,307.66
20139,2024,336.07
20143,2021,181.32
20143,2022,191.96
20143,2023,198.92
20143,2024,216.6
20145,2021,152.34
20145,2022,176.1
20145,2023,173.57
20145,2024,213.96
20149,2021,475.69
20149,2022,533.27
20149,2023,583.52
20149,2024,602.38
20151,2021,223.07
20151,2022,231.98
20151,2023,257.04
20151,2024,283.73
20155,2021,372.66
20155,2022,429.14
20155,2023,442.4
20155,2024,475.62
20159,2021,264.87
20159,2022,303.3
20159,2023,305.83
20159,2024,347.28
20161,2021,561.92
20161,2022,619.67
20161,2023,654.54
20161,2024,699.18
20163,2021,166.67
20163,2022,
20163,2023,
20163,2024,
20165,2021,121.06
20165,2022,
20165,2023,
20165,2024,
20167,2021,179.39
20167,2022,183.97
20167,2023,204.63
20167,2024,
20169,2021,475.47
20169,2022,525.48
20169,2023,555.12
20169,2024,572.78
20171,2021,274.83
20171,2022,294.65
20171,2023,333.46
20171,2024,311.35
20173,2021,444.37
20173,2022,509.38
20173,2023,554.62
20173,2024,580.23
20175,2021,258.21
20175,2022,291.95
20175,2023,315.6
20175,2024,299.44
20177,2021,431.33
20177,2022,490.68
20177,2023,536.38
20177,2024,565.15
20181,2021,277.17
20181,2022,309.52
20181,2023,294.69
20181,2024,369.11
20189,2021,217.57
20189,2022,231.3
20189,2023,249.55
20189,2024,272.05
20191,2021,287.2
20191,2022,347.27
20191,2023,346.3
20191,2024,375.25
20193,2021,282.69
20193,2022,332.57
20193,2023,323.09
20193,2024,370.98
20195,2021,144.87
20195,2022,
20195,2023,190.3
20195,2024,
20197,2021,160.14
20197,2022,186.09
20197,2023,190.68
20197,2024,195.94
20203,2021,174.37
20203,2022,
20203,2023,
20203,2024,
20209,2021,606.98
20209,2022,710.5
20209,2023,767.97
20209,2024,827.07
21001,2021,297.6
21001,2022,353.47
21001,2023,389.25
21001,2024,441.78
21003,2021,296.54
21003,2022,350.54
21003,2023,403.84
21003,2024,412.67
21005,2021,263.21
21005,2022,308.36
21005,2023,334.06
21005,2024,348.97
21007,2021,171.14
21007,2022,189.15
21007,2023,224.77
21007,2024,211.7
21009,2021,317.31
21009,2022,375.08
21009,2023,405.49
21009,2024,438.18
21011,2021,170.45
21011,2022,200.84
21011,2023,216.05
21011,2024,208.64
21013,2021,153.81
21013,2022,178.51
21013,2023,167.79
21013,2024,192.33
21015,2021,450.22
21015,2022,520.42
21015,2023,565.15
21015,2024,592.73
21017,2021,271.05
21017,2022,326.47
21017,2023,358.29
21017,2024,369.3
21019,2021,264.63
21019,2022,286.74
21019,2023,306.86
21019,2024,324.32
21021,2021,253.49
21021,2022,294.64
21021,2023,329.76
21021,2024,344.82
21023,2021,151.46
21023,2022,163.4
21023,2023,184.33
21023,2024,200.03
21027,2021,176.32
21027,2022,181.43
21027,2023,220.07
21027,2024,212.91
21029,2021,349.16
21029,2022,398.35
21029,2023,427.24
21029,2024,445.03
21031,2021,164.18
21031,2022,202.99
21031,2023,238.1
21031,2024,
21033,2021,186.69
21033,2022,233.26
21033,2023,232.3
21033,2024,300
21035,2021,224.64
21035,2022,260.05
21035,2023,287.33
21035,2024,299.35
21037,2021,760.58
21037,2022,881.79
21037,2023,946.17
21037,2024,1026.66
21041,2021,179.44
21041,2022,206.83
21041,2023,223.87
21041,2024,233.91
21043,2021,177.97
21043,2022,212.96
21043,2023,212.55
21043,2024,225.02
21045,2021,199.91
21045,2022,206.88
21045,2023,205.58
21045,2024,239.99
21047,2021,235.58
21047,2022,274.68
21047,2023,295.82
21047,2024,322.22
21049,2021,287.39
21049,2022,335.73
21049,2023,365.05
21049,2024,382.6
21051,2021,151.41
21051,2022,
21051,2023,171.7
21051,2024,
21053,2021,126.36
21053,2022,
21053,2023,
21053,2024,
21055,2021,160.09
21055,2022,174.36
21055,2023,209.83
21055,2024,263.32
21057,2021,150.32
21057,2022,193.62
21057,2023,190.86
21057,2024,
21059,2021,417.34
21059,2022,476.76
21059,2023,502.52
21059,2024,532.67
21061,2021,197.17
21061,2022,231.54
21061,2023,281.24
21061,2024,252.36
21065,2021,203.6
21065,2022,260.87
21065,2023,212.97
21065,2024,288.73
21067,2021,583.59
21067,2022,669.98
21067,2023,754.21
21067,2024,789.63
21069,2021,131.99
21069,2022,172.03
21069,2023,
21069,2024,185.09
21071,2021,154.97
21071,2022,161.12
21071,2023,185.11
21071,2024,191.99
21073,2021,302.5
21073,2022,347.92
21073,2023,372.22
21073,2024,420.26
21075,2021,159.85
21075,2022,
21075,2023,180.02
21075,2024,196.73
21077,2021,135.39
21077,2022,149.3
21077,2023,173.71
21077,2024,192.5
21079,2021,230.51
21079,2022,275.07
21079,2023,290.68
21079,2024,317.6
21081,2021,230.22
21081,2022,267.62
21081,2023,299.6
21081,2024,317.26
21083,2021,253.5
21083,2022,301.73
21083,2023,318.66
21083,2024,334.46
21085,2021,217.2
21085,2022,244.51
21085,2023,256.53
21085,2024,283.76
21087,2021,240.34
21087,2022,303.91
21087,2023,
21087,2024,320.84
21089,2021,243.95
21089,2022,259.96
21089,2023,289.32
21089,2024,312.29
21091,2021,217.54
21091,2022,231.74
21091,2023,267.78
21091,2024,274.84
21093,2021,326.18
21093,2022,377.68
21093,2023,413.4
21093,2024,439.36
21095,2021,212.22
21095,2022,
21095,2023,
21095,2024,
21097,2021,223.31
21097,2022,253.77
21097,2023,259.95
21097,2024,290.55
21099,2021,187.05
21099,2022,216.45
21099,2023,248.47
21099,2024,244.24
21101,2021,315.9
21101,2022,356.46
21101,2023,386.6
21101,2024,409.04
21103,2021,215.55
21103,2022,245.61
21103,2023,260.71
21103,2024,278.53
21105,2021,
21105,2022,
21105,2023,
21105,2024,
21107,2021,224.3
21107,2022,248.9
21107,2023,286.1
21107,2024,303.36
21109,2021,144.89
21109,2022,
21109,2023,
21109,2024,
21111,2021,624.46
21111,2022,697.83
21111,2023,740.91
21111,2024,787.45
21113,2021,282.2
21113,2022,329.57
21113,2023,365.4
21113,2024,393.34
21115,2021,151.97
21115,2022,157.33
21115,2023,167.3
21115,2024,178.23
21117,2021,577.47
21117,2022,665.07
21117,2023,717.82
21117,2024,767.81
21119,2021,128.04
21119,2022,
21119,2023,176.95
21119,2024,
21121,2021,158.61
21121,2022,167.34
21121,2023,219.69
21121,2024,216.81
21123,2021,292.02
21123,2022,360.32
21123,2023,401.13
21123,2024,389.89
21125,2021,250.94
21125,2022,296.03
21125,2023,304.07
21125,2024,320.16
21127,2021,144.59
21127,2022,156.54
21127,2023,179.31
21127,2024,182.71
21133,2021,171.17
21133,2022,171.24
21133,2023,
21133,2024,
21137,2021,266.38
21137,2022,303.6
21137,2023,350.11
21137,2024,358.95
21139,2021,190.1
21139,2022,203.55
21139,2023,239.34
21139,2024,276
21141,2021,230.39
21141,2022,279.1
21141,2023,326.97
21141,2024,329.06
21143,2021,194.06
21143,2022,233.14
21143,2023,240.05
21143,2024,257.41
21145,2021,375.26
21145,2022,432.99
21145,2023,465.47
21145,2024,481.93
21147,2021,136.29
21147,2022,152.42
21147,2023,165.86
21147,2024,
21149,2021,192.45
21149,2022,219.19
21149,2023,
21149,2024,258.58
21151,2021,286.05
21151,2022,334.36
21151,2023,355.85
21151,2024,382.9
21155,2021,270.49
21155,2022,303.15
21155,2023,311.99
21155,2024,365.9
21157,2021,218.46
21157,2022,260.13
21157,2023,271.95
21157,2024,285.22
21161,2021,189.29
21161,2022,204.55
21161,2023,226.18
21161,2024,245.02
21163,2021,271.63
21163,2022,313.54
21163,2023,320.78
21163,2024,349.91
21167,2021,331.96
21167,2022,381.02
21167,2023,430.48
21167,2024,484.78
21169,2021,152.76
21169,2022,207.15
21169,2023,213.8
21169,2024,219.88
21171,2021,218.44
21171,2022,240.25
21171,2023,289.62
21171,2024,294.68
21173,2021,268.85
21173,2022,322.91
21173,2023,354.51
21173,2024,379.3
21175,2021,147.16
21175,2022,157.5
21175,2023,
21175,2024,215.43
21177,2021,155.85
21177,2022,179.28
21177,2023,185.27
21177,2024,207.82
21179,2021,273.67
21179,2022,317.66
21179,2023,340.98
21179,2024,367.08
21181,2021,171.73
21181,2022,241.2
21181,2023,
21181,2024,267.87
21183,2021,260.18
21183,2022,309.94
21183,2023,313.9
21183,2024,320.75
21185,2021,590.79
21185,2022,663.7
21185,2023,734.9
21185,2024,769.82
21187,2021,197.08
21187,2022,232.4
21187,2023,235.69
21187,2024,
21191,2021,163.16
21191,2022,191.38
21191,2023,215.1
21191,2024,218.03
21193,2021,147.83
21193,2022,159.75
21193,2023,
21193,2024,196.35
21195,2021,186.33
21195,2022,195.57
21195,2023,206.95
21195,2024,220.2
21197,2021,276.09
21197,2022,337.03
21197,2023,391.87
21197,2024,381.51
21199,2021,281.07
21199,2022,324.39
21199,2023,348.99
21199,2024,375.64
21203,2021,136.63
21203,2022,179.6
21203,2023,
21203,2024,178.77
21205,2021,221.73
21205,2022,253.73
21205,2023,266.06
21205,2024,285.75
21207,2021,259.94
21207,2022,282.2
21207,2023,324.65
21207,2024,360.78
21209,2021,285.89
21209,2022,332.62
21209,2023,341.89
21209,2024,390.25
21211,2021,343.37
21211,2022,399.85
21211,2023,428.43
21211,2024,443.02
21213,2021,273.15
21213,2022,330.9
21213,2023,362.79
21213,2024,376.94
21215,2021,259.86
21215,2022,298.63
21215,2023,317.5
21215,2024,340.19
21217,2021,284.8
21217,2022,336.1
21217,2023,381.15
21217,2024,414.92
21219,2021,168.11
21219,2022,187.24
21219,2023,213.61
21219,2024,231.4
21221,2021,215.95
21221,2022,260.75
21221,2023,282.66
21221,2024,304.36
21223,2021,184.36
21223,2022,199.01
21223,2023,215.23
21223,2024,218.35
21225,2021,240.33
21225,2022,305.3
21225,2023,280.34
21225,2024,307.06
21227,2021,369.89
21227,2022,432.34
21227,2023,467.84
21227,2024,486.05
21229,2021,209.73
21229,2022,259.09
21229,2023,248.98
21229,2024,285.55
21231,2021,184.2
21231,2022,206.05
21231,2023,239.28
21231,2024,250.96
21233,2021,201.94
21233,2022,260.6
21233,2023,290.89
21233,2024,252.34
21235,2021,201.38
21235,2022,242.46
21235,2023,265.57
21235,2024,272.07
21239,2021,285.07
21239,2022,322.57
21239,2023,377.89
21239,2024,393.88
22001,2021,251.81
22001,2022,281.69
22001,2023,289.43
22001,2024,273.54
22003,2021,229.77
22003,2022,238.13
22003,2023,252.03
22003,2024,264.11
22005,2021,285.41
22005,2022,321.01
22005,2023,325.28
22005,2024,338.5
22007,2021,286.37
22007,2022,321.9
22007,2023,339.58
22007,2024,338.05
22009,2021,224.38
22009,2022,248.82
22009,2023,301.24
22009,2024,249.65
22011,2021,215.96
22011,2022,251.76
22011,2023,243.33
22011,2024,247.43
22013,2021,162.74
22013,2022,174.05
22013,2023,
22013,2024,
22015,2021,272.24
22015,2022,300.06
22015,2023,317.09
22015,2024,329.07
22017,2021,304
22017,2022,329.81
22017,2023,340.04
22017,2024,344.84
22019,2021,290.82
22019,2022,314.1
22019,2023,311.98
22019,2024,312.24
22021,2021,195.45
22021,2022,208.7
22021,2023,
22021,2024,257.48
22023,2021,208.29
22023,2022,219.68
22023,2023,
22023,2024,
22025,2021,158.84
22025,2022,
22025,2023,
22025,2024,
22027,2021,183.61
22027,2022,218.65
22027,2023,203.05
22027,2024,
22029,2021,283.67
22029,2022,300.44
22029,2023,293.52
22029,2024,320.41
22031,2021,240.18
22031,2022,278.89
22031,2023,292.33
22031,2024,280.3
22033,2021,518.06
22033,2022,569.57
22033,2023,577.23
22033,2024,586.24
22037,2021,276.22
22037,2022,308.66
22037,2023,301.37
22037,2024,304.85
22039,2021,180.25
22039,2022,186.22
22039,2023,197.76
22039,2024,249.48
22041,2021,170.48
22041,2022,186.77
22041,2023,169.39
22041,2024,150.18
22043,2021,220.73
22043,2022,249.38
22043,2023,259.16
22043,2024,263.86
22045,2021,202.66
22045,2022,217.24
22045,2023,218.18
22045,2024,229.13
22047,2021,240.29
22047,2022,268.84
22047,2023,264.83
22047,2024,276.99
22049,2021,243.91
22049,2022,265.13
22049,2023,269.77
22049,2024,309.11
22051,2021,596.48
22051,2022,665.72
22051,2023,671.71
22051,2024,661.64
22053,2021,261.49
22053,2022,295.25
22053,2023,285.93
22053,2024,297.34
22055,2021,487.4
22055,2022,535.25
22055,2023,546.71
22055,2024,564.26
22057,2021,285.2
22057,2022,313.69
22057,2023,320.99
22057,2024,333.73
22059,2021,197.79
22059,2022,204.08
22059,2023,235
22059,2024,239.68
22061,2021,246.74
22061,2022,263.99
22061,2023,282.15
22061,2024,289.51
22063,2021,315.56
22063,2022,352.61
22063,2023,364.93
22063,2024,374.58
22065,2021,152.2
22065,2022,152.7
22065,2023,
22065,2024,
22067,2021,194.75
22067,2022,199.42
22067,2023,202.22
22067,2024,198.4
22069,2021,294.17
22069,2022,319.21
22069,2023,356.42
22069,2024,353.97
22071,2021,769.55
22071,2022,831.41
22071,2023,823.09
22071,2024,809.55
22073,2021,474.96
22073,2022,521.36
22073,2023,542.7
22073,2024,543.86
22075,2021,240.6
22075,2022,250.8
22075,2023,257.7
22075,2024,264.66
22077,2021,278.15
22077,2022,301.76
22077,2023,322.32
22077,2024,329.35
22079,2021,309.51
22079,2022,336.35
22079,2023,349.97
22079,2024,356.47
22083,2021,255.57
22083,2022,293.34
22083,2023,248.27
22083,2024,289.51
22085,2021,252.19
22085,2022,275.72
22085,2023,309.04
22085,2024,281.96
22087,2021,564.22
22087,2022,658.73
22087,2023,638.12
22087,2024,639.07
22089,2021,309.44
22089,2022,344.05
22089,2023,343.78
22089,2024,350.9
22091,2021,181.83
22091,2022,181.52
22091,2023,216.51
22091,2024,
22093,2021,256.62
22093,2022,296.53
22093,2023,305.46
22093,2024,285.03
22095,2021,306.22
22095,2022,342.3
22095,2023,365.5
22095,2024,343.7
22097,2021,236.91
22097,2022,263.2
22097,2023,251.6
22097,2024,279.87
22099,2021,265.64
22099,2022,293.13
22099,2023,287.85
22099,2024,315.86
22101,2021,231.73
22101,2022,240.91
22101,2023,250.22
22101,2024,266.5
22103,2021,513.71
22103,2022,588.8
22103,2023,606.51
22103,2024,608.91
22105,2021,310.36
22105,2022,359.04
22105,2023,367.38
22105,2024,388.39
22109,2021,373.55
22109,2022,409.35
22109,2023,421.57
22109,2024,409.69
22111,2021,202.3
22111,2022,214.2
22111,2023,228.83
22111,2024,242.97
22113,2021,225.21
22113,2022,239.42
22113,2023,253.65
22113,2024,254.75
22115,2021,200.82
22115,2022,219.13
22115,2023,217.05
22115,2024,237.03
22117,2021,235.43
22117,2022,264.11
22117,2023,268.32
22117,2024,271.54
22119,2021,235.91
22119,2022,252.52
22119,2023,271.65
22119,2024,272.7
22121,2021,246.83
22121,2022,259.66
22121,2023,286.04
22121,2024,294.79
22123,2021,212.12
22123,2022,238.18
22123,2023,259.38
22123,2024,
22125,2021,300.23
22125,2022,342.16
22125,2023,363.06
22125,2024,359.2
22127,2021,176.21
22127,2022,180.37
22127,2023,
22127,2024,
23001,2021,740.3
23001,2022,879.34
23001,2023,969.11
23001,2024,1023.01
23003,2021,249.42
23003,2022,287.73
23003,2023,329.45
23003,2024,342.79
23005,2021,1011.01
23005,2022,1200.38
23005,2023,1344.05
23005,2024,1412.18
23007,2021,220.55
23007,2022,259.02
23007,2023,280.7
23007,2024,320.53
23009,2021,255.44
23009,2022,307.23
23009,2023,346.13
23009,2024,379.26
23011,2021,322.88
23011,2022,381.32
23011,2023,416.03
23011,2024,447.95
23013,2021,382.97
23013,2022,480.65
23013,2023,563.61
23013,2024,593.25
23015,2021,206.52
23015,2022,238.45
23015,2023,274.41
23015,2024,302.01
23017,2021,305.92
23017,2022,366.46
23017,2023,411.12
23017,2024,437.13
23019,2021,421.68
23019,2022,500.05
23019,2023,551.76
23019,2024,596.16
23021,2021,174.45
23021,2022,208.16
23021,2023,234.92
23021,2024,261.57
23023,2021,393.31
23023,2022,479.44
23023,2023,523.82
23023,2024,557.87
23025,2021,226.41
23025,2022,267.34
23025,2023,297.03
23025,2024,317.87
23027,2021,263.12
23027,2022,320.34
23027,2023,349.74
23027,2024,366.08
23029,2021,204.4
23029,2022,247.99
23029,2023,273.18
23029,2024,280.87
23031,2021,629.8
23031,2022,728.54
23031,2023,825.2
23031,2024,872.2
24001,2021,273.78
24001,2022,309.68
24001,2023,333.4
24001,2024,358.2
24003,2021,869.4
24003,2022,959.17
24003,2023,1023.96
24003,2024,1082.33
24005,2021,689.18
24005,2022,768.43
24005,2023,815.95
24005,2024,852.82
24009,2021,614.23
24009,2022,680.63
24009,2023,707.77
24009,2024,752.15
24011,2021,235.62
24011,2022,269.12
24011,2023,287.35
24011,2024,305.85
24013,2021,750.95
24013,2022,834.59
24013,2023,881.46
24013,2024,954.39
24015,2021,498.05
24015,2022,557.47
24015,2023,598.74
24015,2024,636.28
24017,2021,561.83
24017,2022,628.24
24017,2023,639.44
24017,2024,691.36
24019,2021,339.6
24019,2022,390.95
24019,2023,412.37
24019,2024,467.27
24021,2021,724.31
24021,2022,827.32
24021,2023,873.6
24021,2024,940.5
24023,2021,222.37
24023,2022,261.18
24023,2023,273.93
24023,2024,307.76
24025,2021,674.09
24025,2022,762.15
24025,2023,826.43
24025,2024,864.01
24027,2021,783.08
24027,2022,874.21
24027,2023,940.13
24027,2024,1002.13
24029,2021,231.02
24029,2022,270.45
24029,2023,295.56
24029,2024,317.74
24031,2021,936.99
24031,2022,1033.27
24031,2023,1091.59
24031,2024,1152.41
24033,2021,732.11
24033,2022,808.59
24033,2023,845.56
24033,2024,882.43
24035,2021,430.36
24035,2022,480.76
24035,2023,518.2
24035,2024,556.08
24037,2021,232.56
24037,2022,256.54
24037,2023,271.72
24037,2024,286.18
24039,2021,202.13
24039,2022,240.76
24039,2023,247.04
24039,2024,262.68
24041,2021,329.13
24041,2022,379.15
24041,2023,401.71
24041,2024,425.3
24043,2021,694.11
24043,2022,788.8
24043,2023,848.62
24043,2024,911.91
24045,2021,409.19
24045,2022,483.01
24045,2023,520.8
24045,2024,548.57
24047,2021,376.94
24047,2022,439.68
24047,2023,505.46
24047,2024,521.97
24510,2021,926.06
24510,2022,1016.96
24510,2023,1064.61
24510,2024,1096.95
25001,2021,1256.47
25001,2022,1484.85
25001,2023,1652.61
25001,2024,1775.93
25003,2021,516.88
25003,2022,591.09
25003,2023,667.47
25003,2024,717.38
25005,2021,1058.21
25005,2022,1197.04
25005,2023,1287.31
25005,2024,1384.56
25007,2021,657.27
25007,2022,800.31
25007,2023,918.12
25007,2024,1036.38
25009,2021,1222.73
25009,2022,1386.41
25009,2023,1478.39
25009,2024,1565.93
25011,2021,379.53
25011,2022,419.78
25011,2023,463.4
25011,2024,482.53
25013,2021,985.89
25013,2022,1111.66
25013,2023,1185.55
25013,2024,1268.37
25015,2021,800.92
25015,2022,917.23
25015,2023,973.95
25015,2024,1047.91
25017,2021,1395.63
25017,2022,1571.35
25017,2023,1697.44
25017,2024,1795.43
25019,2021,559.86
25019,2022,
25019,2023,
25019,2024,
25021,2021,1315.9
25021,2022,1480.37
25021,2023,1587.35
25021,2024,1687.62
25023,2021,1329.36
25023,2022,1507.12
25023,2023,1630.39
25023,2024,1736.94
25025,2021,1951.26
25025,2022,2183.77
25025,2023,2213.65
25025,2024,2378.55
25027,2021,1100.22
25027,2022,1252.45
25027,2023,1360.91
25027,2024,1454.72
26001,2021,229.25
26001,2022,277.81
26001,2023,321.46
26001,2024,330.5
26003,2021,260
26003,2022,301.11
26003,2023,350.59
26003,2024,330.92
26005,2021,578.65
26005,2022,661.83
26005,2023,721.43
26005,2024,773.9
26007,2021,273.32
26007,2022,335.73
26007,2023,347.21
26007,2024,408.22
26009,2021,458.52
26009,2022,576.92
26009,2023,636.07
26009,2024,702.21
26011,2021,268.55
26011,2022,304.46
26011,2023,323.66
26011,2024,337.93
26013,2021,112.38
26013,2022,155.62
26013,2023,159.17
26013,2024,163.58
26015,2021,478.09
26015,2022,555.14
26015,2023,597.79
26015,2024,640.45
26017,2021,316.26
26017,2022,362.61
26017,2023,391.6
26017,2024,426.65
26019,2021,347.7
26019,2022,431.19
26019,2023,489.96
26019,2024,521.85
26021,2021,654.06
26021,2022,753.21
26021,2023,810.77
26021,2024,881.3
26023,2021,431.24
26023,2022,512.81
26023,2023,545.18
26023,2024,593.05
26025,2021,391.34
26025,2022,443.92
26025,2023,477.7
26025,2024,517.38
26027,2021,556.09
26027,2022,652.91
26027,2023,695.54
26027,2024,738.57
26029,2021,455.74
26029,2022,554.63
26029,2023,618.9
26029,2024,675.54
26031,2021,396.49
26031,2022,479.58
26031,2023,547.45
26031,2024,613.76
26033,2021,335.96
26033,2022,396.57
26033,2023,433.95
26033,2024,484.98
26035,2021,275.65
26035,2022,322.35
26035,2023,394.9
26035,2024,386.79
26037,2021,563.23
26037,2022,634.74
26037,2023,696.03
26037,2024,729.31
26039,2021,260.87
26039,2022,309.31
26039,2023,348.24
26039,2024,361.39
26041,2021,310.25
26041,2022,354.66
26041,2023,389.33
26041,2024,407.65
26043,2021,302.87
26043,2022,355.75
26043,2023,378.72
26043,2024,423.01
26045,2021,468.36
26045,2022,517.85
26045,2023,541.11
26045,2024,600.27
26047,2021,687.58
26047,2022,809.87
26047,2023,935.57
26047,2024,998.63
26049,2021,469.65
26049,2022,527.59
26049,2023,559.44
26049,2024,589.58
26051,2021,305.4
26051,2022,347.78
26051,2023,373.31
26051,2024,407.63
26053,2021,257.19
26053,2022,302.14
26053,2023,361.16
26053,2024,395.89
26055,2021,763.25
26055,2022,912.82
26055,2023,999.43
26055,2024,1073.71
26057,2021,385.71
26057,2022,431.94
26057,2023,471.76
26057,2024,509.51
26059,2021,350.76
26059,2022,394.97
26059,2023,430.92
26059,2024,474.33
26061,2021,327.44
26061,2022,392.28
26061,2023,432.51
26061,2024,497.94
26063,2021,282.47
26063,2022,324.76
26063,2023,372.49
26063,2024,392.38
26065,2021,454.88
26065,2022,504.58
26065,2023,542.54
26065,2024,585.03
26067,2021,465.29
26067,2022,527.85
26067,2023,580.58
26067,2024,620.49
26069,2021,340.93
26069,2022,396.57
26069,2023,446.63
26069,2024,491.08
26071,2021,233.67
26071,2022,275.19
26071,2023,327.18
26071,2024,327.44
26073,2021,315.98
26073,2022,350.91
26073,2023,388.59
26073,2024,396.48
26075,2021,467.82
26075,2022,527.76
26075,2023,558.71
26075,2024,602.32
26077,2021,575.94
26077,2022,667.76
26077,2023,710.48
26077,2024,747.8
26079,2021,368.12
26079,2022,441.07
26079,2023,501.13
26079,2024,501.75
26081,2021,601.35
26081,2022,695.32
26081,2023,758.48
26081,2024,806.67
26083,2021,140.72
26083,2022,174.98
26083,2023,
26083,2024,
26085,2021,192.75
26085,2022,227.32
26085,2023,264.79
26085,2024,303.76
26087,2021,523.47
26087,2022,592.36
26087,2023,619.59
26087,2024,666.41
26089,2021,605.26
26089,2022,753.79
26089,2023,875.34
26089,2024,906.95
26091,2021,437.01
26091,2022,499.57
26091,2023,524.62
26091,2024,550
26093,2021,610.6
26093,2022,684.85
26093,2023,724.56
26093,2024,767.4
26095,2021,117.83
26095,2022,144.75
26095,2023,144.55
26095,2024,169.21
26097,2021,233.38
26097,2022,280.84
26097,2023,352.6
26097,2024,392.76
26099,2021,537.51
26099,2022,601.09
26099,2023,632.2
26099,2024,676.98
26101,2021,406.63
26101,2022,481.76
26101,2023,558.97
26101,2024,610.27
26103,2021,531.74
26103,2022,636.31
26103,2023,704.32
26103,2024,759.75
26105,2021,374.11
26105,2022,435.99
26105,2023,511.82
26105,2024,537.99
26107,2021,308.17
26107,2022,364.77
26107,2023,393.16
26107,2024,437.27
26109,2021,266.8
26109,2022,300.55
26109,2023,355.16
26109,2024,378.09
26111,2021,265.44
26111,2022,310.24
26111,2023,335.62
26111,2024,358.64
26113,2021,317.31
26113,2022,374.99
26113,2023,414.03
26113,2024,447.97
26115,2021,457.64
26115,2022,508.44
26115,2023,534.32
26115,2024,565.98
26117,2021,416.78
26117,2022,474.83
26117,2023,512.57
26117,2024,563.97
26119,2021,205.15
26119,2022,247.95
26119,2023,290.06
26119,2024,306.46
26121,2021,920.77
26121,2022,1077.21
26121,2023,1190.53
26121,2024,1286.84
26123,2021,336.28
26123,2022,387.43
26123,2023,423.02
26123,2024,457.54
26125,2021,645.08
26125,2022,720.25
26125,2023,765.65
26125,2024,816.15
26127,2021,277.78
26127,2022,336.03
26127,2023,379.88
26127,2024,408.84
26129,2021,281.1
26129,2022,318.84
26129,2023,350.64
26129,2024,382.25
26131,2021,147.04
26131,2022,172.87
26131,2023,207.09
26131,2024,203.89
26133,2021,256.49
26133,2022,302.97
26133,2023,329.74
26133,2024,372.79
26135,2021,237
26135,2022,275.1
26135,2023,314.27
26135,2024,326.03
26137,2021,293.34
26137,2022,358.63
26137,2023,389.61
26137,2024,446.14
26139,2021,596.79
26139,2022,694.54
26139,2023,751.29
26139,2024,810.08
26141,2021,222.6
26141,2022,288.41
26141,2023,322.86
26141,2024,348.25
26143,2021,375.32
26143,2022,444.57
26143,2023,488.69
26143,2024,525
26145,2021,391.91
26145,2022,443.8
26145,2023,480.89
26145,2024,516.53
26147,2021,525.77
26147,2022,589.84
26147,2023,627.44
26147,2024,673.34
26149,2021,355.4
26149,2022,402.82
26149,2023,447.52
26149,2024,470.26
26151,2021,326.85
26151,2022,361.55
26151,2023,410.4
26151,2024,420.47
26153,2021,158.74
26153,2022,174.99
26153,2023,195.15
26153,2024,217
26155,2021,525.97
26155,2022,599.77
26155,2023,628.6
26155,2024,686.77
26157,2021,352.52
26157,2022,405
26157,2023,424.99
26157,2024,482.77
26159,2021,540.85
26159,2022,624.88
26159,2023,685.03
26159,2024,722.75
26161,2021,695.59
26161,2022,783.41
26161,2023,839.59
26161,2024,888.03
26163,2021,555.26
26163,2022,621.84
26163,2023,663.18
26163,2024,710.26
26165,2021,359.37
26165,2022,424.62
26165,2023,475.49
26165,2024,518.52
27001,2021,209.16
27001,2022,251.65
27001,2023,275.79
27001,2024,291.76
27003,2021,686.31
27003,2022,768.39
27003,2023,795.44
27003,2024,817.37
27005,2021,489
27005,2022,562.45
27005,2023,580.8
27005,2024,633.41
27007,2021,343.44
27007,2022,399.16
27007,2023,416.04
27007,2024,433.27
27009,2021,303.25
27009,2022,346.84
27009,2023,368.69
27009,2024,379.95
27011,2021,186.85
27011,2022,221.35
27011,2023,246.65
27011,2024,263.65
27013,2021,467.28
27013,2022,526.67
27013,2023,561.1
27013,2024,571.88
27015,2021,407.77
27015,2022,454.51
27015,2023,480.09
27015,2024,508.59
27017,2021,416.7
27017,2022,477.23
27017,2023,544.02
27017,2024,533.25
27019,2021,590.24
27019,2022,668.13
27019,2023,688.53
27019,2024,705.66
27021,2021,204.16
27021,2022,240.55
27021,2023,266.04
27021,2024,273.76
27023,2021,276.88
27023,2022,317.63
27023,2023,359.88
27023,2024,356.6
27025,2021,470.07
27025,2022,536
27025,2023,557.5
27025,2024,571.95
27027,2021,398.79
27027,2022,441
27027,2023,465.52
27027,2024,484.25
27029,2021,134.75
27029,2022,155.91
27029,2023,151.78
27029,2024,160.02
27031,2021,208.4
27031,2022,249.61
27031,2023,243.34
27031,2024,311.72
27033,2021,284.5
27033,2022,332.9
27033,2023,326.77
27033,2024,324.17
27035,2021,460.58
27035,2022,542.02
27035,2023,582.63
27035,2024,608.67
27037,2021,662.97
27037,2022,743.72
27037,2023,766.08
27037,2024,786.3
27039,2021,316.93
27039,2022,358.83
27039,2023,367.42
27039,2024,390.14
27041,2021,463.53
27041,2022,549.28
27041,2023,586.07
27041,2024,591.36
27043,2021,233.25
27043,2022,273.81
27043,2023,281.53
27043,2024,296.11
27045,2021,267.97
27045,2022,305.76
27045,2023,336.98
27045,2024,355.38
27047,2021,277.34
27047,2022,320.51
27047,2023,325.5
27047,2024,361.13
27049,2021,415.95
27049,2022,473.51
27049,2023,494.55
27049,2024,516.64
27051,2021,188.75
27051,2022,226.79
27051,2023,249.44
27051,2024,270.12
27053,2021,840.18
27053,2022,927.97
27053,2023,950.3
27053,2024,975.19
27055,2021,334.28
27055,2022,372.52
27055,2023,411.73
27055,2024,456.97
27057,2021,190.39
27057,2022,220.8
27057,2023,238.92
27057,2024,244.19
27059,2021,305.31
27059,2022,345.35
27059,2023,364.36
27059,2024,379.66
27061,2021,411.86
27061,2022,477.6
27061,2023,515.23
27061,2024,542.46
27063,2021,192.16
27063,2022,221.99
27063,2023,228.01
27063,2024,256.9
27065,2021,237.38
27065,2022,269.31
27065,2023,295.58
27065,2024,307.58
27067,2021,388.88
27067,2022,446.55
27067,2023,475.31
27067,2024,526.89
27069,2021,185.24
27069,2022,192.34
27069,2023,198.7
27069,2024,248.57
27071,2021,210.56
27071,2022,250.16
27071,2023,235.75
27071,2024,267.29
27073,2021,180.64
27073,2022,207.14
27073,2023,215.82
27073,2024,237.13
27075,2021,359.01
27075,2022,414.79
27075,2023,433.29
27075,2024,457.85
27077,2021,185.3
27077,2022,234.44
27077,2023,240.22
27077,2024,261.19
27079,2021,460.5
27079,2022,517.14
27079,2023,549.74
27079,2024,576.84
27081,2021,152.87
27081,2022,181.92
27081,2023,209.59
27081,2024,225.16
27083,2021,348.81
27083,2022,381.15
27083,2023,401.16
27083,2024,428.93
27085,2021,304.83
27085,2022,342.42
27085,2023,374.27
27085,2024,396.74
27087,2021,140.81
27087,2022,173.48
27087,2023,
27087,2024,169.24
27089,2021,214.99
27089,2022,229.32
27089,2023,247.54
27089,2024,245.46
27091,2021,393
27091,2022,441.22
27091,2023,459.16
27091,2024,512.81
27093,2021,322.89
27093,2022,367.87
27093,2023,409.78
27093,2024,423.37
27095,2021,301.25
27095,2022,350.54
27095,2023,365.09
27095,2024,372.58
27097,2021,313.48
27097,2022,368.78
27097,2023,390.69
27097,2024,431.37
27099,2021,421.18
27099,2022,483.17
27099,2023,506.98
27099,2024,528.84
27101,2021,245.82
27101,2022,271.17
27101,2023,319.51
27101,2024,339.84
27103,2021,366.25
27103,2022,419.11
27103,2023,452.25
27103,2024,458.17
27105,2021,316.25
27105,2022,364.77
27105,2023,405.87
27105,2024,444.35
27107,2021,180.17
27107,2022,192.51
27107,2023,215.58
27107,2024,211.5
27109,2021,686.39
27109,2022,767.65
27109,2023,800.26
27109,2024,832.18
27111,2021,479.64
27111,2022,544.32
27111,2023,590.19
27111,2024,652.98
27113,2021,337.06
27113,2022,373.49
27113,2023,370.11
27113,2024,376.84
27115,2021,297.81
27115,2022,338.72
27115,2023,354.11
27115,2024,381.41
27117,2021,327.47
27117,2022,373.97
27117,2023,419.99
27117,2024,438.9
27119,2021,334.5
27119,2022,376.8
27119,2023,386.44
27119,2024,421.63
27121,2021,238
27121,2022,269.78
27121,2023,289.72
27121,2024,307.69
27123,2021,761.06
27123,2022,838.92
27123,2023,867.57
27123,2024,889.92
27125,2021,171.88
27125,2022,176.49
27125,2023,
27125,2024,
27127,2021,238.39
27127,2022,294.94
27127,2023,294.93
27127,2024,309.87
27129,2021,229.82
27129,2022,266.72
27129,2023,271.88
27129,2024,294.37
27131,2021,369.71
27131,2022,410.72
27131,2023,437.53
27131,2024,446.13
27133,2021,416.05
27133,2022,491.44
27133,2023,534.58
27133,2024,533.59
27135,2021,194.67
27135,2022,228.04
27135,2023,237.35
27135,2024,251.46
27137,2021,755.9
27137,2022,865.63
27137,2023,937.01
27137,2024,986.78
27139,2021,614.29
27139,2022,697.2
27139,2023,721
27139,2024,736.75
27141,2021,444.26
27141,2022,507.62
27141,2023,527.43
27141,2024,548.66
27143,2021,266.86
27143,2022,298.52
27143,2023,306.59
27143,2024,330.49
27145,2021,436.74
27145,2022,496.4
27145,2023,533.8
27145,2024,556.02
27147,2021,303.25
27147,2022,341.37
27147,2023,367.13
27147,2024,380.85
27149,2021,322.6
27149,2022,383.52
27149,2023,374.49
27149,2024,403.76
27151,2021,258.45
27151,2022,306.53
27151,2023,296.1
27151,2024,339.39
27153,2021,218.63
27153,2022,261.45
27153,2023,271.41
27153,2024,292.32
27155,2021,165.56
27155,2022,175.39
27155,2023,
27155,2024,
27157,2021,369.69
27157,2022,431.43
27157,2023,453.66
27157,2024,497.08
27159,2021,213.98
27159,2022,254.66
27159,2023,255.65
27159,2024,296.26
27161,2021,432.2
27161,2022,481.11
27161,2023,527.57
27161,2024,578.44
27163,2021,747.58
27163,2022,842.25
27163,2023,871.66
27163,2024,901.98
27165,2021,226.05
27165,2022,253.14
27165,2023,278.1
27165,2024,293.51
27167,2021,262.18
27167,2022,300.62
27167,2023,299.98
27167,2024,320.76
27169,2021,609.35
27169,2022,673.19
27169,2023,742.09
27169,2024,783.92
27171,2021,437.58
27171,2022,491.82
27171,2023,514.37
27171,2024,534.68
27173,2021,261.81
27173,2022,315.03
27173,2023,335.14
27173,2024,372.59
28001,2021,239.14
28001,2022,274.9
28001,2023,271.05
28001,2024,283.97
28003,2021,260.91
28003,2022,304.08
28003,2023,332.9
28003,2024,353.29
28005,2021,148.93
28005,2022,156.68
28005,2023,192.74
28005,2024,139.43
28007,2021,155.85
28007,2022,163.1
28007,2023,161.79
28007,2024,174.12
28009,2021,193.8
28009,2022,229.39
28009,2023,360.55
28009,2024,
28011,2021,225.32
28011,2022,241.11
28011,2023,257.83
28011,2024,274.01
28013,2021,190.81
28013,2022,216.8
28013,2023,
28013,2024,217.36
28015,2021,118.71
28015,2022,
28015,2023,
28015,2024,163.15
28017,2021,168.16
28017,2022,214.95
28017,2023,
28017,2024,
28019,2021,100
28019,2022,106.75
28019,2023,
28019,2024,
28023,2021,178.74
28023,2022,183.69
28023,2023,191.85
28023,2024,222.86
28025,2021,143.46
28025,2022,161.36
28025,2023,
28025,2024,
28027,2021,140.81
28027,2022,146.25
28027,2023,172.06
28027,2024,160.86
28029,2021,211.07
28029,2022,251.64
28029,2023,259.13
28029,2024,268.23
28031,2021,169.35
28031,2022,198.55
28031,2023,193.91
28031,2024,237.11
28033,2021,335.23
28033,2022,399.8
28033,2023,429.08
28033,2024,438.53
28035,2021,370.7
28035,2022,427.23
28035,2023,442.26
28035,2024,484.28
28037,2021,115.41
28037,2022,
28037,2023,136.11
28037,2024,
28039,2021,220.93
28039,2022,250.22
28039,2023,269.6
28039,2024,298.06
28041,2021,178.59
28041,2022,180.29
28041,2023,196.6
28041,2024,
28043,2021,198.94
28043,2022,228.7
28043,2023,232.42
28043,2024,240.79
28045,2021,402.61
28045,2022,453.98
28045,2023,511.66
28045,2024,530.58
28047,2021,456.79
28047,2022,533.3
28047,2023,567.25
28047,2024,591.43
28049,2021,338.27
28049,2022,371.09
28049,2023,371.25
28049,2024,385.27
28057,2021,198.74
28057,2022,227.58
28057,2023,245.5
28057,2024,247.27
28059,2021,285.35
28059,2022,327.31
28059,2023,347.69
28059,2024,359.9
28061,2021,127.18
28061,2022,151.37
28061,2023,157.63
28061,2024,190.25
28067,2021,221.89
28067,2022,263.42
28067,2023,276.05
28067,2024,286.76
28071,2021,399.61
28071,2022,452.77
28071,2023,520.72
28071,2024,568.15
28073,2021,272.58
28073,2022,305.66
28073,2023,323.03
28073,2024,358.17
28075,2021,197.39
28075,2022,209.66
28075,2023,219.49
28075,2024,230.66
28077,2021,164.11
28077,2022,179.76
28077,2023,
28077,2024,190.65
28079,2021,173.31
28079,2022,168.85
28079,2023,193.27
28079,2024,213.54
28081,2021,228.01
28081,2022,259.99
28081,2023,269.24
28081,2024,282.98
28083,2021,196.76
28083,2022,201.38
28083,2023,218.08
28083,2024,209.79
28085,2021,231.14
28085,2022,251.22
28085,2023,266.91
28085,2024,278.13
28087,2021,227
28087,2022,261.39
28087,2023,262.14
28087,2024,277.85
28089,2021,279.78
28089,2022,313.3
28089,2023,341.87
28089,2024,356.25
28091,2021,240.52
28091,2022,271.8
28091,2023,312.32
28091,2024,318.03
28093,2021,210.49
28093,2022,249.66
28093,2023,264.54
28093,2024,278.94
28095,2021,218.58
28095,2022,235.69
28095,2023,227.76
28095,2024,266.34
28097,2021,149.27
28097,2022,162.89
28097,2023,165.56
28097,2024,173.44
28099,2021,161.02
28099,2022,167.06
28099,2023,220.2
28099,2024,209.11
28101,2021,154.88
28101,2022,151.41
28101,2023,
28101,2024,218.89
28105,2021,326.03
28105,2022,371.01
28105,2023,400.05
28105,2024,425.7
28107,2021,234.14
28107,2022,265.67
28107,2023,302.91
28107,2024,334.19
28109,2021,244.05
28109,2022,271.44
28109,2023,295.61
28109,2024,311.77
28111,2021,260.19
28111,2022,283.85
28111,2023,
28111,2024,
28113,2021,210.17
28113,2022,234.36
28113,2023,231.03
28113,2024,244.69
28115,2021,227.43
28115,2022,267.3
28115,2023,283.43
28115,2024,302.24
28117,2021,220.62
28117,2022,241.19
28117,2023,257.6
28117,2024,295.51
28121,2021,410.87
28121,2022,469.76
28121,2023,489.71
28121,2024,518.59
28123,2021,187.54
28123,2022,232.93
28123,2023,217.41
28123,2024,211.5
28127,2021,214.27
28127,2022,251.27
28127,2023,283.76
28127,2024,290.67
28129,2021,158.83
28129,2022,184.31
28129,2023,186.48
28129,2024,
28131,2021,254.23
28131,2022,291.26
28131,2023,311.14
28131,2024,345.31
28133,2021,193.43
28133,2022,196.24
28133,2023,195.34
28133,2024,202.94
28137,2021,228.11
28137,2022,268.05
28137,2023,299.36
28137,2024,312.97
28139,2021,174.76
28139,2022,213.86
28139,2023,216.25
28139,2024,273.94
28141,2021,203.28
28141,2022,226.82
28141,2023,236.54
28141,2024,256.93
28145,2021,214.98
28145,2022,253.66
28145,2023,260.84
28145,2024,300.22
28147,2021,186.17
28147,2022,207.46
28147,2023,216.14
28147,2024,210.98
28149,2021,273.26
28149,2022,308.7
28149,2023,312.24
28149,2024,331.19
28151,2021,226.15
28151,2022,264.86
28151,2023,269.98
28151,2024,281.41
28153,2021,216.86
28153,2022,238.79
28153,2023,251.52
28153,2024,260.78
28155,2021,126.29
28155,2022,150.15
28155,2023,156.82
28155,2024,169.68
28159,2021,151.02
28159,2022,164.65
28159,2023,
28159,2024,220.96
28161,2021,153.4
28161,2022,184.93
28161,2023,217.17
28161,2024,234.21
28163,2021,201.28
28163,2022,218.29
28163,2023,240.13
28163,2024,245.68
29001,2021,245.39
29001,2022,272.13
29001,2023,294.84
29001,2024,304.45
29003,2021,318.7
29003,2022,361.26
29003,2023,404.23
29003,2024,449.04
29005,2021,142.75
29005,2022,182.39
29005,2023,175.84
29005,2024,224.67
29007,2021,269.25
29007,2022,314.64
29007,2023,324.45
29007,2024,371.48
29009,2021,227.36
29009,2022,271.57
29009,2023,272.81
29009,2024,305.34
29011,2021,175.29
29011,2022,196.45
29011,2023,230.66
29011,2024,237.89
29013,2021,207.28
29013,2022,233.84
29013,2023,269.83
29013,2024,277.09
29015,2021,145.74
29015,2022,184.93
29015,2023,201.38
29015,2024,209.47
29017,2021,148.64
29017,2022,162.7
29017,2023,170.01
29017,2024,164.33
29019,2021,448.97
29019,2022,517.38
29019,2023,562.9
29019,2024,606.51
29021,2021,359.11
29021,2022,413
29021,2023,440.53
29021,2024,472.62
29023,2021,216.34
29023,2022,253.54
29023,2023,285.57
29023,2024,271.98
29025,2021,180.59
29025,2022,210.22
29025,2023,222.21
29025,2024,233.69
29027,2021,283.26
29027,2022,330.78
29027,2023,362.35
29027,2024,400.17
29029,2021,310.81
29029,2022,373.08
29029,2023,405.63
29029,2024,425.01
29031,2021,426.8
29031,2022,486.93
29031,2023,512.59
29031,2024,534.78
29033,2021,177.19
29033,2022,187.95
29033,2023,222.08
29033,2024,227.04
29037,2021,528.65
29037,2022,609.87
29037,2023,657.64
29037,2024,694.37
29039,2021,160.87
29039,2022,195.63
29039,2023,225.99
29039,2024,231.44
29041,2021,145.37
29041,2022,163.89
29041,2023,
29041,2024,159.93
29043,2021,270.44
29043,2022,328.74
29043,2023,355.01
29043,2024,369.88
29047,2021,553.92
29047,2022,639.59
29047,2023,702.89
29047,2024,745.36
29049,2021,337.95
29049,2022,396.54
29049,2023,421.39
29049,2024,445.23
29051,2021,340.81
29051,2022,394.35
29051,2023,442.11
29051,2024,472.58
29053,2021,426.79
29053,2022,494.13
29053,2023,563.09
29053,2024,604.35
29055,2021,268.33
29055,2022,313.34
29055,2023,333.68
29055,2024,354.2
29057,2021,126.98
29057,2022,142.11
29057,2023,179.46
29057,2024,193.93
29059,2021,180.91
29059,2022,200.08
29059,2023,229.38
29059,2024,243.1
29061,2021,164.7
29061,2022,197.1
29061,2023,214.53
29061,2024,
29063,2021,175.41
29063,2022,185.31
29063,2023,211.41
29063,2024,251.51
29065,2021,165.16
29065,2022,185.11
29065,2023,221.2
29065,2024,227.12
29067,2021,166.38
29067,2022,192.1
29067,2023,192.38
29067,2024,228.46
29069,2021,160.88
29069,2022,178.07
29069,2023,197.16
29069,2024,
29071,2021,279.85
29071,2022,318.3
29071,2023,353.47
29071,2024,367.6
29073,2021,199.91
29073,2022,241.24
29073,2023,245.56
29073,2024,277.36
29075,2021,148.38
29075,2022,153.17
29075,2023,
29075,2024,185.31
29077,2021,540.04
29077,2022,638.87
29077,2023,694.04
29077,2024,727.04
29079,2021,183.16
29079,2022,211.32
29079,2023,241.49
29079,2024,255.03
29081,2021,184
29081,2022,172.14
29081,2023,224.78
29081,2024,247.53
29083,2021,214.63
29083,2022,250.5
29083,2023,273.84
29083,2024,298.92
29085,2021,237.76
29085,2022,248.65
29085,2023,
29085,2024,283.52
29087,2021,169.66
29087,2022,171.64
29087,2023,
29087,2024,298.45
29089,2021,218.93
29089,2022,229.14
29089,2023,265.81
29089,2024,293.8
29091,2021,234.8
29091,2022,280.99
29091,2023,314.29
29091,2024,315.44
29093,2021,170.09
29093,2022,199.72
29093,2023,209.03
29093,2024,231.95
29095,2021,536.22
29095,2022,616.98
29095,2023,668.89
29095,2024,692.97
29097,2021,415.63
29097,2022,491.39
29097,2023,528.36
29097,2024,559.77
29099,2021,632.8
29099,2022,705.31
29099,2023,770.4
29099,2024,823.1
29101,2021,277.74
29101,2022,325.75
29101,2023,338.07
29101,2024,363.97
29105,2021,220.92
29105,2022,262.87
29105,2023,281.45
29105,2024,291.56
29107,2021,315.32
29107,2022,369.09
29107,2023,398.67
29107,2024,414.52
29109,2021,255.82
29109,2022,308.06
29109,2023,335.7
29109,2024,348.04
29111,2021,158.43
29111,2022,179.41
29111,2023,
29111,2024,210.7
29113,2021,292.83
29113,2022,341.5
29113,2023,341.85
29113,2024,376.42
29115,2021,158.51
29115,2022,172.93
29115,2023,208.76
29115,2024,209.63
29117,2021,190.38
29117,2022,224.63
29117,2023,238.99
29117,2024,253.1
29119,2021,165.47
29119,2022,200.94
29119,2023,221.82
29119,2024,251.43
29121,2021,186.3
29121,2022,195.7
29121,2023,246.82
29121,2024,240.49
29123,2021,154.44
29123,2022,154.13
29123,2023,153.71
29123,2024,199.95
29125,2021,157.27
29125,2022,200.31
29125,2023,191.84
29125,2024,219.04
29127,2021,285.87
29127,2022,324.18
29127,2023,352.46
29127,2024,362.25
29131,2021,275.13
29131,2022,310.06
29131,2023,335.32
29131,2024,369.27
29133,2021,169.65
29133,2022,153.97
29133,2023,210.75
29133,2024,
29135,2021,272.39
29135,2022,323.14
29135,2023,343.17
29135,2024,343.04
29137,2021,200.5
29137,2022,234.24
29137,2023,279.17
29137,2024,273.69
29139,2021,182.21
29139,2022,207.71
29139,2023,210.17
29139,2024,242.6
29141,2021,239.85
29141,2022,302.51
29141,2023,342.53
29141,2024,356.55
29143,2021,230.01
29143,2022,250.54
29143,2023,296
29143,2024,296.15
29145,2021,250.9
29145,2022,292.35
29145,2023,313.13
29145,2024,340.07
29147,2021,234.97
29147,2022,266.89
29147,2023,295.2
29147,2024,295.27
29149,2021,164.03
29149,2022,
29149,2023,181.75
29149,2024,199.33
29151,2021,191.25
29151,2022,215.65
29151,2023,247.45
29151,2024,267.5
29153,2021,110.8
29153,2022,127.76
29153,2023,140.45
29153,2024,140.83
29155,2021,168.68
29155,2022,176.03
29155,2023,
29155,2024,193.8
29157,2021,251.41
29157,2022,267.81
29157,2023,295.12
29157,2024,321.65
29159,2021,317.44
29159,2022,378.06
29159,2023,412.08
29159,2024,420.34
29161,2021,226.44
29161,2022,259.45
29161,2023,279.19
29161,2024,291.64
29163,2021,180.19
29163,2022,202.93
29163,2023,209.82
29163,2024,221.81
29165,2021,544.28
29165,2022,638.81
29165,2023,673.97
29165,2024,710.37
29167,2021,224.4
29167,2022,270.49
29167,2023,295.94
29167,2024,312.52
29169,2021,193.37
29169,2022,215.13
29169,2023,238.05
29169,2024,239.88
29171,2021,129.76
29171,2022,
29171,2023,
29171,2024,
29173,2021,208.23
29173,2022,252.28
29173,2023,247.61
29173,2024,271.51
29175,2021,276.31
29175,2022,316.62
29175,2023,336.28
29175,2024,361.05
29177,2021,304.26
29177,2022,341.64
29177,2023,381.69
29177,2024,394.18
29181,2021,163.87
29181,2022,188.69
29181,2023,
29181,2024,
29183,2021,602.57
29183,2022,687.79
29183,2023,751.45
29183,2024,791.79
29185,2021,179.75
29185,2022,215.15
29185,2023,
29185,2024,264.26
29186,2021,202.67
29186,2022,251.34
29186,2023,262.97
29186,2024,268.75
29187,2021,225.89
29187,2022,258.53
29187,2023,266.81
29187,2024,282.16
29189,2021,534.91
29189,2022,602.34
29189,2023,646.97
29189,2024,681.46
29195,2021,263.02
29195,2022,319.79
29195,2023,327.76
29195,2024,358.86
29201,2021,182.35
29201,2022,209.92
29201,2023,214.76
29201,2024,231.9
29203,2021,121.17
29203,2022,141.11
29203,2023,
29203,2024,152.98
29205,2021,175.33
29205,2022,256.79
29205,2023,
29205,2024,
29207,2021,206.93
29207,2022,253.4
29207,2023,245.13
29207,2024,271.31
29209,2021,238.42
29209,2022,295.29
29209,2023,328.65
29209,2024,339.97
29213,2021,238.77
29213,2022,296.04
29213,2023,320.76
29213,2024,326.72
29215,2021,185.12
29215,2022,215.66
29215,2023,216.53
29215,2024,223.53
29217,2021,217.23
29217,2022,260.47
29217,2023,275.6
29217,2024,293.26
29219,2021,273.29
29219,2022,312.15
29219,2023,356.66
29219,2024,376.61
29221,2021,130.91
29221,2022,146.77
29221,2023,166.81
29221,2024,182.61
29225,2021,244.26
29225,2022,296.45
29225,2023,323.75
29225,2024,333
29229,2021,212.18
29229,2022,263.83
29229,2023,274.56
29229,2024,319.41
29510,2021,621.36
29510,2022,692.51
29510,2023,739.56
29510,2024,772.43
30001,2021,332.52
30001,2022,401.65
30001,2023,456.44
30001,2024,456.88
30003,2021,204.1
30003,2022,204.3
30003,2023,
30003,2024,
30007,2021,297.19
30007,2022,367.99
30007,2023,407.33
30007,2024,447.6
30009,2021,357.55
30009,2022,447.45
30009,2023,491.39
30009,2024,504.44
30013,2021,431.54
30013,2022,524.22
30013,2023,574.27
30013,2024,609.21
30015,2021,287.6
30015,2022,321.43
30015,2023,
30015,2024,
30017,2021,296.62
30017,2022,320.53
30017,2023,362.59
30017,2024,398.63
30021,2021,275.49
30021,2022,312.6
30021,2023,308.31
30021,2024,345.19
30023,2021,319.74
30023,2022,415.37
30023,2023,464.88
30023,2024,517.54
30025,2021,302.52
30025,2022,291.75
30025,2023,316.07
30025,2024,
30027,2021,314.08
30027,2022,380.53
30027,2023,420.37
30027,2024,480.25
30029,2021,1226.39
30029,2022,1576.82
30029,2023,1669.81
30029,2024,1758.55
30031,2021,747.17
30031,2022,933.51
30031,2023,956.76
30031,2024,1019.83
30035,2021,207.81
30035,2022,264.32
30035,2023,273.77
30035,2024,346.15
30039,2021,279.4
30039,2022,382.65
30039,2023,336.95
30039,2024,416.79
30041,2021,351.32
30041,2022,393.64
30041,2023,423.92
30041,2024,436.55
30043,2021,327.36
30043,2022,410.97
30043,2023,441.66
30043,2024,427.51
30047,2021,368.93
30047,2022,462.66
30047,2023,496.18
30047,2024,529.93
30049,2021,766.94
30049,2022,939.01
30049,2023,1014.41
30049,2024,1050.85
30053,2021,332.9
30053,2022,390.04
30053,2023,423.21
30053,2024,423.11
30057,2021,281.96
30057,2022,345.47
30057,2023,358.69
30057,2024,427.61
30059,2021,193.3
30059,2022,216.64
30059,2023,221.01
30059,2024,
30061,2021,276.67
30061,2022,327.11
30061,2023,364.46
30061,2024,347.92
30063,2021,1100.88
30063,2022,1361.44
30063,2023,1442.07
30063,2024,1536.11
30065,2021,232.15
30065,2022,286.91
30065,2023,376.87
30065,2024,312.44
30067,2021,462.03
30067,2022,563.51
30067,2023,603.2
30067,2024,656.65
30071,2021,164.73
30071,2022,179.63
30071,2023,183.85
30071,2024,201.85
30073,2021,236.96
30073,2022,283.47
30073,2023,288.87
30073,2024,342.28
30077,2021,224.68
30077,2022,279.33
30077,2023,329.52
30077,2024,356.17
30081,2021,462.18
30081,2022,587.56
30081,2023,627.68
30081,2024,661.03
30083,2021,332.75
30083,2022,365.8
30083,2023,425
30083,2024,382.27
30085,2021,253.09
30085,2022,306.83
30085,2023,297.01
30085,2024,
30087,2021,205.06
30087,2022,245.23
30087,2023,263
30087,2024,293.07
30089,2021,304.39
30089,2022,384.89
30089,2023,458.95
30089,2024,427.56
30091,2021,119.78
30091,2022,145.86
30091,2023,131.89
30091,2024,
30093,2021,347.56
30093,2022,424.5
30093,2023,466.03
30093,2024,489.66
30095,2021,267.86
30095,2022,322.11
30095,2023,347.69
30095,2024,375.32
30097,2021,275.11
30097,2022,314.63
30097,2023,
30097,2024,347.46
30099,2021,222.41
30099,2022,261.55
30099,2023,291.93
30099,2024,327.24
30101,2021,202.46
30101,2022,209.54
30101,2023,250.51
30101,2024,268.87
30105,2021,312.31
30105,2022,335.7
30105,2023,380.65
30105,2024,402.16
30111,2021,733.54
30111,2022,873.65
30111,2023,919.51
30111,2024,943.37
31001,2021,544.9
31001,2022,637.29
31001,2023,674.31
31001,2024,721.96
31003,2021,176.2
31003,2022,226.56
31003,2023,
31003,2024,225.46
31011,2021,234.6
31011,2022,262.3
31011,2023,290.98
31011,2024,333.96
31013,2021,262.54
31013,2022,298.32
31013,2023,308.97
31013,2024,322.02
31017,2021,168.95
31017,2022,171.77
31017,2023,
31017,2024,
31019,2021,386.75
31019,2022,443.44
31019,2023,462.51
31019,2024,494.92
31021,2021,195.13
31021,2022,220.38
31021,2023,238.83
31021,2024,259.77
31023,2021,227.93
31023,2022,256.7
31023,2023,263.05
31023,2024,339.12
31025,2021,313.82
31025,2022,360.32
31025,2023,385.76
31025,2024,400.82
31027,2021,219.1
31027,2022,243.46
31027,2023,273.35
31027,2024,271.29
31029,2021,227.55
31029,2022,238.66
31029,2023,
31029,2024,
31031,2021,192.6
31031,2022,216
31031,2023,255
31031,2024,246.22
31033,2021,472.96
31033,2022,538.39
31033,2023,595.42
31033,2024,636.37
31035,2021,215.58
31035,2022,252.81
31035,2023,255.46
31035,2024,319.47
31037,2021,197.49
31037,2022,230.95
31037,2023,246.95
31037,2024,259.74
31039,2021,291.07
31039,2022,343.46
31039,2023,354.5
31039,2024,392.81
31041,2021,194.24
31041,2022,228.68
31041,2023,232.71
31041,2024,238.73
31043,2021,341.83
31043,2022,395.36
31043,2023,405.61
31043,2024,465.86
31045,2021,235.05
31045,2022,271.69
31045,2023,301.54
31045,2024,318.85
31047,2021,379.08
31047,2022,424.97
31047,2023,487.1
31047,2024,503.4
31051,2021,210.4
31051,2022,240.72
31051,2023,264.2
31051,2024,
31053,2021,487.82
31053,2022,555.03
31053,2023,587.29
31053,2024,611.88
31055,2021,635.75
31055,2022,730.27
31055,2023,793.07
31055,2024,821.65
31059,2021,204.98
31059,2022,232.64
31059,2023,283.71
31059,2024,252.01
31063,2021,162.74
31063,2022,
31063,2023,
31063,2024,
31065,2021,176.4
31065,2022,198.86
31065,2023,217.18
31065,2024,239.77
31067,2021,305.2
31067,2022,339.99
31067,2023,382.44
31067,2024,412.35
31073,2021,190.07
31073,2022,226.38
31073,2023,
31073,2024,
31079,2021,522.61
31079,2022,602.53
31079,2023,645.91
31079,2024,697.5
31081,2021,321.87
31081,2022,372.08
31081,2023,382.97
31081,2024,423.13
31083,2021,210.42
31083,2022,236.39
31083,2023,236.8
31083,2024,
31089,2021,263.16
31089,2022,287.1
31089,2023,312.74
31089,2024,324.66
31093,2021,203.13
31093,2022,249.01
31093,2023,256.78
31093,2024,304.37
31095,2021,188.52
31095,2022,208.14
31095,2023,230.56
31095,2024,265.58
31099,2021,226.71
31099,2022,276.36
31099,2023,257.41
31099,2024,298.08
31101,2021,227.74
31101,2022,255.09
31101,2023,255.1
31101,2024,301.33
31105,2021,275.71
31105,2022,334.29
31105,2023,388.97
31105,2024,378.92
31107,2021,228.67
31107,2022,237.8
31107,2023,292.47
31107,2024,293.07
31109,2021,605.26
31109,2022,691.76
31109,2023,751.46
31109,2024,785.58
31111,2021,331.39
31111,2022,382.29
31111,2023,405.02
31111,2024,437.27
31119,2021,446.26
31119,2022,492.83
31119,2023,548.22
31119,2024,577.41
31121,2021,220.76
31121,2022,260.3
31121,2023,266.25
31121,2024,286.75
31123,2021,194.17
31123,2022,213.57
31123,2023,
31123,2024,
31125,2021,217.69
31125,2022,259.01
31125,2023,
31125,2024,
31127,2021,151.88
31127,2022,170.52
31127,2023,193.15
31127,2024,197.15
31129,2021,168.18
31129,2022,178.93
31129,2023,
31129,2024,
31131,2021,278.24
31131,2022,321.71
31131,2023,351.43
31131,2024,371.2
31135,2021,159.02
31135,2022,193.58
31135,2023,
31135,2024,
31137,2021,317.61
31137,2022,364.91
31137,2023,407.31
31137,2024,424.95
31139,2021,222.01
31139,2022,237.98
31139,2023,259.18
31139,2024,292.99
31141,2021,412.88
31141,2022,477.64
31141,2023,509.64
31141,2024,536.37
31143,2021,208.83
31143,2022,249.22
31143,2023,297.41
31143,2024,297.09
31145,2021,321.8
31145,2022,381.28
31145,2023,416.96
31145,2024,410.68
31147,2021,150.28
31147,2022,169.38
31147,2023,
31147,2024,227.2
31151,2021,272.39
31151,2022,325.77
31151,2023,347.6
31151,2024,382.83
31153,2021,561.25
31153,2022,642.84
31153,2023,703.59
31153,2024,727.13
31155,2021,405.92
31155,2022,452.43
31155,2023,502.75
31155,2024,543.25
31157,2021,464.25
31157,2022,520.2
31157,2023,548.03
31157,2024,571.89
31159,2021,343.89
31159,2022,393.93
31159,2023,422.08
31159,2024,455.99
31167,2021,261.77
31167,2022,283.07
31167,2023,296
31167,2024,335.49
31169,2021,109.67
31169,2022,126.14
31169,2023,167.01
31169,2024,
31173,2021,191.41
31173,2022,207.19
31173,2023,230.88
31173,2024,
31175,2021,214.47
31175,2022,303.14
31175,2023,
31175,2024,
31177,2021,359.9
31177,2022,414.39
31177,2023,452.84
31177,2024,478.7
31179,2021,289.87
31179,2022,364.06
31179,2023,388.56
31179,2024,437.33
31185,2021,325.35
31185,2022,381.29
31185,2023,395.56
31185,2024,422.74
32001,2021,518.54
32001,2022,625.11
32001,2023,611.95
32001,2024,639
32003,2021,809.06
32003,2022,974.27
32003,2023,988.97
32003,2024,1058.37
32005,2021,881.38
32005,2022,1028.21
32005,2023,1030.54
32005,2024,1037.24
32007,2021,404.12
32007,2022,466.67
32007,2023,474.97
32007,2024,495.31
32013,2021,353.08
32013,2022,410.94
32013,2023,409.62
32013,2024,431.44
32015,2021,243.53
32015,2022,278.58
32015,2023,265.76
32015,2024,
32017,2021,110.36
32017,2022,133.91
32017,2023,
32017,2024,142.16
32019,2021,432.97
32019,2022,496.42
32019,2023,480.84
32019,2024,503.47
32021,2021,258.31
32021,2022,268.91
32021,2023,
32021,2024,297.05
32023,2021,272.9
32023,2022,320.47
32023,2023,300.38
32023,2024,323.26
32027,2021,214.93
32027,2022,230
32027,2023,
32027,2024,
32029,2021,333.11
32029,2022,417.47
32029,2023,426.98
32029,2024,456.95
32031,2021,1047.51
32031,2022,1214.78
32031,2023,1211.73
32031,2024,1272.55
32033,2021,276.79
32033,2022,347.46
32033,2023,349.11
32033,2024,374.35
32510,2021,671.13
32510,2022,774.55
32510,2023,781.06
32510,2024,800.78
33001,2021,375.4
33001,2022,452.7
33001,2023,499.3
33001,2024,543.53
33003,2021,342.58
33003,2022,407.12
33003,2023,451.49
33003,2024,485.18
33005,2021,540.41
33005,2022,635.62
33005,2023,704
33005,2024,758.77
33007,2021,304.09
33007,2022,345.19
33007,2023,419.99
33007,2024,445.64
33009,2021,433.13
33009,2022,514.24
33009,2023,577.44
33009,2024,636.68
33011,2021,876.45
33011,2022,1015.82
33011,2023,1102.95
33011,2024,1197.94
33013,2021,504.6
33013,2022,588.8
33013,2023,654.91
33013,2024,714.26
33015,2021,939.33
33015,2022,1084.78
33015,2023,1192.79
33015,2024,1285.5
33017,2021,470.85
33017,2022,544.33
33017,2023,619.22
33017,2024,660.93
33019,2021,281.57
33019,2022,338.31
33019,2023,383.33
33019,2024,422.5
34001,2021,796.02
34001,2022,939.63
34001,2023,1055.37
34001,2024,1154.44
34003,2021,1082.99
34003,2022,1194.83
34003,2023,1297.74
34003,2024,1431.24
34005,2021,752.45
34005,2022,877.76
34005,2023,984.26
34005,2024,1076.61
34007,2021,632.52
34007,2022,743.74
34007,2023,838.93
34007,2024,917.23
34009,2021,1168.92
34009,2022,1399.33
34009,2023,1564.95
34009,2024,1749.65
34011,2021,625.27
34011,2022,723.82
34011,2023,795.72
34011,2024,885.33
34013,2021,1174.7
34013,2022,1318.07
34013,2023,1459.45
34013,2024,1600.57
34015,2021,698.2
34015,2022,822.05
34015,2023,929
34015,2024,1004.98
34017,2021,1261.23
34017,2022,1410.69
34017,2023,1506.18
34017,2024,1589.28
34019,2021,835.14
34019,2022,935.85
34019,2023,1032.37
34019,2024,1112.23
34021,2021,855.1
34021,2022,997.82
34021,2023,1118.42
34021,2024,1231.14
34023,2021,810.94
34023,2022,918.26
34023,2023,1015.76
34023,2024,1127.49
34025,2021,1091.07
34025,2022,1254.56
34025,2023,1393.28
34025,2024,1510.82
34027,2021,1044.31
34027,2022,1172.61
34027,2023,1284.15
34027,2024,1398.33
34029,2021,989.1
34029,2022,1182.44
34029,2023,1307.8
34029,2024,1413.64
34031,2021,950.68
34031,2022,1075.29
34031,2023,1167.07
34031,2024,1282
34033,2021,506.47
34033,2022,595.35
34033,2023,671.35
34033,2024,719.75
34035,2021,862.6
34035,2022,979.2
34035,2023,1068.01
34035,2024,1170.35
34037,2021,798.09
34037,2022,904.41
34037,2023,1004.92
34037,2024,1102.53
34039,2021,1058.16
34039,2022,1201.21
34039,2023,1316.08
34039,2024,1442.74
34041,2021,692.19
34041,2022,785.28
34041,2023,869.68
34041,2024,957.27
35001,2021,683.25
35001,2022,794.23
35001,2023,860.09
35001,2024,903.9
35005,2021,343.72
35005,2022,382.92
35005,2023,390.19
35005,2024,415.05
35006,2021,288.64
35006,2022,300.18
35006,2023,326.22
35006,2024,358.81
35007,2021,272.01
35007,2022,330.72
35007,2023,324.67
35007,2024,353.52
35009,2021,346.49
35009,2022,381.97
35009,2023,415.55
35009,2024,420.81
35013,2021,529.91
35013,2022,618.24
35013,2023,681.53
35013,2024,691.98
35015,2021,542.09
35015,2022,568.4
35015,2023,590.37
35015,2024,621.03
35017,2021,327.85
35017,2022,372.54
35017,2023,424.28
35017,2024,452.39
35025,2021,500.24
35025,2022,527.91
35025,2023,558.01
35025,2024,593.69
35027,2021,304.63
35027,2022,354.42
35027,2023,415.02
35027,2024,414.73
35028,2021,739.84
35028,2022,866.09
35028,2023,978.01
35028,2024,1076.93
35029,2021,162.97
35029,2022,185.11
35029,2023,220.49
35029,2024,231.74
35031,2021,280.45
35031,2022,306.29
35031,2023,327.25
35031,2024,345.87
35035,2021,374.02
35035,2022,428.74
35035,2023,446.54
35035,2024,494.52
35037,2021,140.6
35037,2022,134.34
35037,2023,
35037,2024,195.15
35039,2021,228.17
35039,2022,253.55
35039,2023,259.72
35039,2024,292.93
35041,2021,321.69
35041,2022,353.99
35041,2023,351.07
35041,2024,393.32
35043,2021,575.09
35043,2022,673.54
35043,2023,736.15
35043,2024,776.77
35045,2021,457.83
35045,2022,515.49
35045,2023,559.01
35045,2024,604.07
35047,2021,246.22
35047,2022,283.57
35047,2023,313.08
35047,2024,319.95
35049,2021,1000.23
35049,2022,1167.18
35049,2023,1239.71
35049,2024,1317.39
35051,2021,171.94
35051,2022,188.84
35051,2023,254.29
35051,2024,230.77
35053,2021,231.87
35053,2022,277.9
35053,2023,279.35
35053,2024,326.3
35055,2021,275.26
35055,2022,321.99
35055,2023,351.23
35055,2024,395.67
35057,2021,163.79
35057,2022,208.55
35057,2023,195.37
35057,2024,
35059,2021,129.65
35059,2022,
35059,2023,
35059,2024,150.2
35061,2021,425.98
35061,2022,501.82
35061,2023,546.5
35061,2024,591.53
36001,2021,594.5
36001,2022,666.12
36001,2023,724
36001,2024,779.47
36003,2021,231.21
36003,2022,242.96
36003,2023,288.9
36003,2024,290.74
36005,2021,1226.78
36005,2022,1337.58
36005,2023,1374.91
36005,2024,1429.05
36007,2021,455.9
36007,2022,509.43
36007,2023,555.83
36007,2024,597.5
36009,2021,294.61
36009,2022,338.41
36009,2023,392.12
36009,2024,414.04
36011,2021,418.36
36011,2022,460.51
36011,2023,500.63
36011,2024,557.07
36013,2021,480.01
36013,2022,551.51
36013,2023,610.76
36013,2024,626.18
36015,2021,404.72
36015,2022,457.55
36015,2023,479.61
36015,2024,506.77
36017,2021,176.04
36017,2022,196.18
36017,2023,214.45
36017,2024,218.03
36019,2021,298.92
36019,2022,335.27
36019,2023,354.49
36019,2024,381.12
36021,2021,378.38
36021,2022,414.86
36021,2023,467.26
36021,2024,495.07
36023,2021,287.1
36023,2022,333.43
36023,2023,365.64
36023,2024,364.44
36025,2021,214.08
36025,2022,234.32
36025,2023,276
36025,2024,286.08
36027,2021,777.2
36027,2022,876.18
36027,2023,936.26
36027,2024,1005.19
36029,2021,654.51
36029,2022,749.85
36029,2023,811.9
36029,2024,864.83
36031,2021,250.06
36031,2022,293.05
36031,2023,324.75
36031,2024,340.85
36033,2021,221.26
36033,2022,247.13
36033,2023,272.18
36033,2024,290.18
36035,2021,327.05
36035,2022,375.99
36035,2023,397.18
36035,2024,421.24
36037,2021,578.54
36037,2022,638.83
36037,2023,695.29
36037,2024,764.03
36039,2021,265.29
36039,2022,309.86
36039,2023,320.72
36039,2024,373.35
36041,2021,121.47
36041,2022,151.57
36041,2023,172.34
36041,2024,
36043,2021,319.32
36043,2022,365.6
36043,2023,405.72
36043,2024,423.92
36045,2021,348.22
36045,2022,381.49
36045,2023,404.29
36045,2024,416.51
36047,2021,2231.91
36047,2022,2383.86
36047,2023,2443.99
36047,2024,2481.5
36049,2021,190.52
36049,2022,204.87
36049,2023,
36049,2024,267.16
36051,2021,258.37
36051,2022,279.1
36051,2023,325.54
36051,2024,338.49
36053,2021,366.21
36053,2022,418.29
36053,2023,466.37
36053,2024,503.08
36055,2021,512.57
36055,2022,592.62
36055,2023,662.73
36055,2024,725.11
36057,2021,187.95
36057,2022,202.45
36057,2023,228.16
36057,2024,246.46
36059,2021,1324.92
36059,2022,1475.4
36059,2023,1559.85
36059,2024,1673.48
36061,2021,404.7
36061,2022,
36061,2023,
36061,2024,
36063,2021,624.99
36063,2022,709.63
36063,2023,780.02
36063,2024,821.3
36065,2021,591.09
36065,2022,677.44
36065,2023,742.02
36065,2024,787.99
36067,2021,518.48
36067,2022,586.79
36067,2023,657.92
36067,2024,724.86
36069,2021,330.36
36069,2022,378.59
36069,2023,414.33
36069,2024,446.64
36071,2021,743.55
36071,2022,870.74
36071,2023,937.57
36071,2024,992.92
36073,2021,301.98
36073,2022,331.47
36073,2023,359.79
36073,2024,390.19
36075,2021,247.58
36075,2022,283.8
36075,2023,317.48
36075,2024,347.21
36077,2021,377.78
36077,2022,417.68
36077,2023,438.44
36077,2024,485.4
36079,2021,783.64
36079,2022,889.98
36079,2023,922.31
36079,2024,1022.03
36081,2021,1397.82
36081,2022,1503.86
36081,2023,1566.62
36081,2024,1616.61
36083,2021,448.81
36083,2022,498.02
36083,2023,538.96
36083,2024,584.82
36085,2021,1150.25
36085,2022,1244.78
36085,2023,1261.85
36085,2024,1322.54
36087,2021,967.99
36087,2022,1121.45
36087,2023,1216.77
36087,2024,1327.35
36089,2021,259.37
36089,2022,276.33
36089,2023,285.25
36089,2024,315.4
36091,2021,636.04
36091,2022,709.71
36091,2023,795.06
36091,2024,824.67
36093,2021,583.01
36093,2022,656.26
36093,2023,731.49
36093,2024,785.24
36095,2021,162.69
36095,2022,183.81
36095,2023,211.32
36095,2024,222.68
36097,2021,265.09
36097,2022,320.24
36097,2023,329.29
36097,2024,360.1
36099,2021,297.56
36099,2022,352.22
36099,2023,388.77
36099,2024,403.29
36101,2021,362.66
36101,2022,406.86
36101,2023,438
36101,2024,464.79
36103,2021,1194.54
36103,2022,1353.04
36103,2023,1446.89
36103,2024,1585.09
36105,2021,230.85
36105,2022,269.04
36105,2023,312.61
36105,2024,341.64
36107,2021,235.15
36107,2022,253.8
36107,2023,287.88
36107,2024,296.14
36109,2021,657.57
36109,2022,743.07
36109,2023,841.75
36109,2024,874.41
36111,2021,823.5
36111,2022,946.14
36111,2023,1024.14
36111,2024,1125.56
36113,2021,371.03
36113,2022,421.97
36113,2023,456.54
36113,2024,464.59
36115,2021,324.73
36115,2022,368.82
36115,2023,388.24
36115,2024,416.24
36117,2021,397.14
36117,2022,457.72
36117,2023,518.84
36117,2024,569.44
36119,2021,1278.34
36119,2022,1395.09
36119,2023,1478.44
36119,2024,1603.6
36121,2021,317.33
36121,2022,354.69
36121,2023,423.08
36121,2024,430.66
36123,2021,345.63
36123,2022,396.17
36123,2023,432.33
36123,2024,490.67
37001,2021,542.8
37001,2022,658.6
37001,2023,720.99
37001,2024,774.07
37003,2021,227.23
37003,2022,272.02
37003,2023,293.12
37003,2024,316.02
37005,2021,218.82
37005,2022,265.12
37005,2023,313.36
37005,2024,330.53
37007,2021,174
37007,2022,215.16
37007,2023,239.85
37007,2024,272.69
37009,2021,255.85
37009,2022,319.13
37009,2023,364.94
37009,2024,397.18
37011,2021,262.08
37011,2022,350.38
37011,2023,384.95
37011,2024,421.73
37013,2021,303.07
37013,2022,367.03
37013,2023,414.95
37013,2024,442.67
37015,2021,165.84
37015,2022,192.04
37015,2023,222.04
37015,2024,205.49
37017,2021,201.47
37017,2022,224.92
37017,2023,241.1
37017,2024,268.85
37019,2021,586.94
37019,2022,734.98
37019,2023,812.99
37019,2024,849.94
37021,2021,938.85
37021,2022,1131.07
37021,2023,1241.78
37021,2024,1265.15
37023,2021,341.13
37023,2022,408.01
37023,2023,458.72
37023,2024,470.14
37025,2021,634.81
37025,2022,790.78
37025,2023,852.48
37025,2024,880
37027,2021,269.87
37027,2022,324.74
37027,2023,355.53
37027,2024,377.79
37029,2021,261.21
37029,2022,306.73
37029,2023,348.64
37029,2024,371.45
37031,2021,407.19
37031,2022,492.54
37031,2023,556.27
37031,2024,563.25
37033,2021,215.54
37033,2022,238.99
37033,2023,234.58
37033,2024,288.48
37035,2021,409.93
37035,2022,493.35
37035,2023,536.11
37035,2024,581.04
37037,2021,322.14
37037,2022,399.29
37037,2023,429.8
37037,2024,466.94
37039,2021,202.06
37039,2022,250.54
37039,2023,265.22
37039,2024,272.36
37041,2021,230.22
37041,2022,283.27
37041,2023,299.08
37041,2024,308.77
37043,2021,203.54
37043,2022,265.4
37043,2023,272.17
37043,2024,313.73
37045,2021,356.83
37045,2022,435.85
37045,2023,477.16
37045,2024,508.01
37047,2021,209.09
37047,2022,244.58
37047,2023,271.69
37047,2024,288.98
37049,2021,435.47
37049,2022,517.12
37049,2023,580.83
37049,2024,635.21
37051,2021,281.6
37051,2022,337.48
37051,2023,383.87
37051,2024,400.45
37053,2021,252.23
37053,2022,295.81
37053,2023,324.73
37053,2024,351.51
37055,2021,484.79
37055,2022,603.16
37055,2023,666.84
37055,2024,694.37
37057,2021,349.78
37057,2022,419.19
37057,2023,468.99
37057,2024,491.03
37059,2021,253.92
37059,2022,301.79
37059,2023,332.42
37059,2024,340.07
37061,2021,235.11
37061,2022,261.24
37061,2023,306.12
37061,2024,338.58
37063,2021,736.28
37063,2022,905.39
37063,2023,969.66
37063,2024,1005.58
37065,2021,272.74
37065,2022,315.5
37065,2023,369.71
37065,2024,383.92
37067,2021,480.13
37067,2022,570.16
37067,2023,629.72
37067,2024,668.82
37069,2021,296.92
37069,2022,362.95
37069,2023,395.94
37069,2024,402.34
37071,2021,642.27
37071,2022,789.06
37071,2023,851.6
37071,2024,898.16
37073,2021,173.11
37073,2022,189.2
37073,2023,200.36
37073,2024,220.21
37075,2021,169.06
37075,2022,215.96
37075,2023,248.12
37075,2024,246.8
37077,2021,293.71
37077,2022,355.68
37077,2023,392.33
37077,2024,417.62
37079,2021,185.71
37079,2022,217.61
37079,2023,225.49
37079,2024,278.8
37081,2021,518.21
37081,2022,619.53
37081,2023,676.84
37081,2024,718.44
37083,2021,220.23
37083,2022,245.44
37083,2023,262.01
37083,2024,298.68
37085,2021,278.23
37085,2022,346.15
37085,2023,377.24
37085,2024,381.85
37087,2021,370.92
37087,2022,446.86
37087,2023,493.55
37087,2024,515.27
37089,2021,731.86
37089,2022,881.54
37089,2023,951.4
37089,2024,1019.55
37091,2021,221
37091,2022,266.24
37091,2023,283.18
37091,2024,310.49
37093,2021,194.87
37093,2022,223.83
37093,2023,243.98
37093,2024,265.88
37095,2021,151.48
37095,2022,202.9
37095,2023,
37095,2024,
37097,2021,601.05
37097,2022,734.84
37097,2023,803.49
37097,2024,831.31
37099,2021,238.82
37099,2022,293.02
37099,2023,311.51
37099,2024,347.84
37101,2021,504.16
37101,2022,629.87
37101,2023,660.85
37101,2024,676.81
37103,2021,203.45
37103,2022,224.4
37103,2023,361.31
37103,2024,290.45
37105,2021,279.4
37105,2022,344.96
37105,2023,389.69
37105,2024,398.44
37107,2021,287.9
37107,2022,335.11
37107,2023,396.78
37107,2024,405.21
37109,2021,354.66
37109,2022,430.62
37109,2023,459.69
37109,2024,493.72
37111,2021,273.99
37111,2022,346.78
37111,2023,380.12
37111,2024,410.47
37113,2021,239.58
37113,2022,300.95
37113,2023,330.57
37113,2024,351.5
37115,2021,220.11
37115,2022,258.84
37115,2023,290.39
37115,2024,301.39
37117,2021,200.78
37117,2022,220.47
37117,2023,271.71
37117,2024,269.19
37119,2021,872.39
37119,2022,1052.6
37119,2023,1143.12
37119,2024,1202.98
37121,2021,189.98
37121,2022,247.62
37121,2023,255.87
37121,2024,244.31
37123,2021,212.37
37123,2022,255.65
37123,2023,310.15
37123,2024,293.49
37125,2021,313.02
37125,2022,382.72
37125,2023,429.63
37125,2024,460.25
37127,2021,364.33
37127,2022,436.61
37127,2023,479.95
37127,2024,494.64
37129,2021,771.84
37129,2022,935.26
37129,2023,1069.83
37129,2024,1112.25
37131,2021,225.34
37131,2022,258.75
37131,2023,304.52
37131,2024,286.77
37133,2021,256.7
37133,2022,301.37
37133,2023,335.78
37133,2024,367.62
37135,2021,809.41
37135,2022,978.66
37135,2023,1078.35
37135,2024,1144.43
37137,2021,227.13
37137,2022,259.59
37137,2023,275.78
37137,2024,280.24
37139,2021,282.22
37139,2022,336.25
37139,2023,364.71
37139,2024,396.65
37141,2021,392.35
37141,2022,466.22
37141,2023,520.64
37141,2024,557.64
37143,2021,181.44
37143,2022,205.01
37143,2023,241.88
37143,2024,241.94
37145,2021,213.3
37145,2022,252.17
37145,2023,288.07
37145,2024,298.41
37147,2021,426.5
37147,2022,501.18
37147,2023,540.13
37147,2024,574.16
37149,2021,285.61
37149,2022,335.34
37149,2023,385.67
37149,2024,418.75
37151,2021,435
37151,2022,517.91
37151,2023,576.59
37151,2024,623.75
37153,2021,279.53
37153,2022,328.32
37153,2023,391.02
37153,2024,374.6
37155,2021,214.7
37155,2022,253.68
37155,2023,282.25
37155,2024,291.2
37157,2021,261.44
37157,2022,318.69
37157,2023,347.08
37157,2024,367.77
37159,2021,582.35
37159,2022,719.25
37159,2023,780.95
37159,2024,816.22
37161,2021,262.47
37161,2022,314.95
37161,2023,348.45
37161,2024,376.87
37163,2021,225.29
37163,2022,255.78
37163,2023,314.13
37163,2024,318.13
37165,2021,196.72
37165,2022,225.06
37165,2023,257.32
37165,2024,241.4
37167,2021,323.76
37167,2022,404
37167,2023,432.05
37167,2024,453.84
37169,2021,415.15
37169,2022,499.95
37169,2023,554.84
37169,2024,616.46
37171,2021,294.05
37171,2022,352.37
37171,2023,397.38
37171,2024,440.73
37173,2021,211.75
37173,2022,276.01
37173,2023,299.05
37173,2024,300.34
37175,2021,380
37175,2022,456.37
37175,2023,499.41
37175,2024,524.37
37179,2021,608.49
37179,2022,750.37
37179,2023,808.64
37179,2024,857.66
37181,2021,228.57
37181,2022,259.02
37181,2023,307.64
37181,2024,327.85
37183,2021,764.75
37183,2022,946.02
37183,2023,1000.33
37183,2024,1045.58
37185,2021,243.26
37185,2022,290.9
37185,2023,317.5
37185,2024,352.97
37187,2021,180.06
37187,2022,196.03
37187,2023,226.27
37187,2024,
37189,2021,289.22
37189,2022,356.53
37189,2023,404.71
37189,2024,438.36
37191,2021,456.48
37191,2022,546.05
37191,2023,593.06
37191,2024,632.88
37193,2021,252.77
37193,2022,299.73
37193,2023,317.83
37193,2024,357.03
37195,2021,530.51
37195,2022,638.65
37195,2023,725.55
37195,2024,763.91
37197,2021,205.08
37197,2022,245.44
37197,2023,249.76
37197,2024,283.05
37199,2021,233.09
37199,2022,271.63
37199,2023,286.69
37199,2024,344.74
38003,2021,330.18
38003,2022,397.98
38003,2023,371.3
38003,2024,392.15
38009,2021,230.62
38009,2022,233.73
38009,2023,
38009,2024,245.89
38011,2021,249.15
38011,2022,253.99
38011,2023,
38011,2024,299.69
38015,2021,602.67
38015,2022,656.02
38015,2023,704.41
38015,2024,731.84
38017,2021,566.91
38017,2022,639.2
38017,2023,674.44
38017,2024,695.35
38019,2021,248.09
38019,2022,273.06
38019,2023,
38019,2024,275.08
38021,2021,244.51
38021,2022,278.58
38021,2023,246.48
38021,2024,
38025,2021,101.43
38025,2022,105.17
38025,2023,
38025,2024,123.75
38031,2021,249.54
38031,2022,246.85
38031,2023,290.97
38031,2024,287.76
38035,2021,477.97
38035,2022,524.63
38035,2023,544.01
38035,2024,565.87
38049,2021,244.67
38049,2022,246.82
38049,2023,
38049,2024,330.02
38053,2021,121.84
38053,2022,127.79
38053,2023,133.56
38053,2024,148.73
38055,2021,289.02
38055,2022,326.13
38055,2023,325.64
38055,2024,332.57
38057,2021,286.74
38057,2022,296.33
38057,2023,336.33
38057,2024,340.99
38059,2021,370.89
38059,2022,412.29
38059,2023,440.21
38059,2024,449.77
38061,2021,104.66
38061,2022,112.76
38061,2023,138.99
38061,2024,
38067,2021,190.64
38067,2022,212.34
38067,2023,206.3
38067,2024,216.89
38069,2021,237.37
38069,2022,244.7
38069,2023,
38069,2024,327.23
38071,2021,257.97
38071,2022,291.35
38071,2023,301.47
38071,2024,315.5
38073,2021,231.28
38073,2022,266
38073,2023,253.99
38073,2024,317.05
38077,2021,269.62
38077,2022,307.23
38077,2023,326.2
38077,2024,342.02
38081,2021,219.85
38081,2022,
38081,2023,260.78
38081,2024,318.43
38089,2021,396.23
38089,2022,420.44
38089,2023,438.52
38089,2024,463.44
38093,2021,362.21
38093,2022,398.59
38093,2023,410.48
38093,2024,432.46
38097,2021,246.23
38097,2022,274.72
38097,2023,320.31
38097,2024,307.22
38099,2021,198.28
38099,2022,227.73
38099,2023,225.74
38099,2024,257.34
38101,2021,526.8
38101,2022,578.11
38101,2023,583.55
38101,2024,623.3
38103,2021,101.14
38103,2022,
38103,2023,
38103,2024,
38105,2021,470.62
38105,2022,511.99
38105,2023,529.69
38105,2024,556.86
39001,2021,242.33
39001,2022,266.2
39001,2023,304.3
39001,2024,308.15
39003,2021,377.03
39003,2022,424.87
39003,2023,456.72
39003,2024,473.52
39005,2021,471.84
39005,2022,539.88
39005,2023,577
39005,2024,643.23
39007,2021,416.52
39007,2022,471.84
39007,2023,489.85
39007,2024,551.69
39009,2021,357.48
39009,2022,397.16
39009,2023,429.11
39009,2024,462.18
39011,2021,579.48
39011,2022,645.8
39011,2023,716.99
39011,2024,782.53
39013,2021,270.51
39013,2022,299.83
39013,2023,304.3
39013,2024,340.78
39015,2021,306.94
39015,2022,345.62
39015,2023,375.15
39015,2024,417.37
39017,2021,441.03
39017,2022,511.04
39017,2023,560.17
39017,2024,596.49
39019,2021,368.16
39019,2022,400.42
39019,2023,432.15
39019,2024,476.91
39021,2021,439.06
39021,2022,510.41
39021,2023,529.54
39021,2024,579.3
39023,2021,519.73
39023,2022,599.98
39023,2023,651.66
39023,2024,711.45
39025,2021,542.29
39025,2022,625
39025,2023,678.58
39025,2024,733.43
39027,2021,407.85
39027,2022,477.49
39027,2023,533.95
39027,2024,544.38
39029,2021,393.62
39029,2022,441.05
39029,2023,476.16
39029,2024,524.3
39031,2021,434.1
39031,2022,506
39031,2023,564.63
39031,2024,612.56
39033,2021,251.96
39033,2022,286.84
39033,2023,319.06
39033,2024,342.04
39035,2021,460.39
39035,2022,520.32
39035,2023,562.23
39035,2024,599.66
39037,2021,361.6
39037,2022,415.32
39037,2023,439.89
39037,2024,487.48
39039,2021,285.06
39039,2022,320.22
39039,2023,352.48
39039,2024,380.42
39041,2021,581.24
39041,2022,683.74
39041,2023,746.02
39041,2024,780.44
39043,2021,359.04
39043,2022,407.64
39043,2023,455.82
39043,2024,473.82
39045,2021,591.82
39045,2022,694.99
39045,2023,750.86
39045,2024,801.08
39047,2021,487.02
39047,2022,557.29
39047,2023,607.92
39047,2024,668.18
39049,2021,646.81
39049,2022,745.88
39049,2023,803.15
39049,2024,849.14
39051,2021,269.37
39051,2022,298.07
39051,2023,326.24
39051,2024,347.18
39053,2021,197.88
39053,2022,208.97
39053,2023,248.57
39053,2024,250.79
39055,2021,521.81
39055,2022,588.84
39055,2023,625.23
39055,2024,676.73
39057,2021,491.44
39057,2022,561.26
39057,2023,616.18
39057,2024,664.85
39059,2021,438.73
39059,2022,474.15
39059,2023,521.67
39059,2024,517.98
39061,2021,569.14
39061,2022,653.84
39061,2023,719.17
39061,2024,762.3
39063,2021,550.97
39063,2022,608.23
39063,2023,646.78
39063,2024,682.79
39065,2021,298.57
39065,2022,332.82
39065,2023,381.45
39065,2024,400.53
39067,2021,253.98
39067,2022,252.45
39067,2023,343.37
39067,2024,393.29
39069,2021,246.34
39069,2022,264.82
39069,2023,289.6
39069,2024,313.42
39071,2021,393.79
39071,2022,454.12
39071,2023,485.76
39071,2024,517.32
39073,2021,360.86
39073,2022,425.38
39073,2023,481.85
39073,2024,496.85
39075,2021,256.02
39075,2022,286.64
39075,2023,343.22
39075,2024,357.35
39077,2021,319.43
39077,2022,356.96
39077,2023,383.62
39077,2024,406.09
39079,2021,301.34
39079,2022,337.65
39079,2023,419.32
39079,2024,410.06
39081,2021,298.32
39081,2022,339.82
39081,2023,361.77
39081,2024,384.05
39083,2021,576.78
39083,2022,659.24
39083,2023,753.31
39083,2024,790.02
39085,2021,435.41
39085,2022,482.63
39085,2023,513.37
39085,2024,558.55
39087,2021,280.08
39087,2022,317.86
39087,2023,329.65
39087,2024,365.62
39089,2021,540.72
39089,2022,630.41
39089,2023,695.69
39089,2024,743.96
39091,2021,521.52
39091,2022,599.76
39091,2023,669.15
39091,2024,694.97
39093,2021,437.55
39093,2022,494.64
39093,2023,540.38
39093,2024,581.64
39095,2021,328.72
39095,2022,367.33
39095,2023,396.79
39095,2024,427
39097,2021,649.64
39097,2022,760.26
39097,2023,809.68
39097,2024,846.43
39099,2021,332.05
39099,2022,379.54
39099,2023,414.23
39099,2024,448.47
39101,2021,300.95
39101,2022,345.38
39101,2023,384.65
39101,2024,404.81
39103,2021,463.16
39103,2022,532.43
39103,2023,560.38
39103,2024,607.2
39105,2021,235.3
39105,2022,276.7
39105,2023,285.52
39105,2024,345.13
39107,2021,480.1
39107,2022,558.62
39107,2023,557.56
39107,2024,615.59
39109,2021,502.11
39109,2022,567.19
39109,2023,615.45
39109,2024,678.01
39111,2021,146.12
39111,2022,197.95
39111,2023,
39111,2024,230.38
39113,2021,465.35
39113,2022,528.68
39113,2023,572.49
39113,2024,611.27
39115,2021,209
39115,2022,217.15
39115,2023,
39115,2024,245.58
39117,2021,417.83
39117,2022,479.74
39117,2023,506.4
39117,2024,550.5
39119,2021,359.8
39119,2022,418.47
39119,2023,444.68
39119,2024,472.31
39121,2021,193.44
39121,2022,222.27
39121,2023,
39121,2024,243.89
39123,2021,563.31
39123,2022,634.26
39123,2023,697.1
39123,2024,742.35
39125,2021,216.21
39125,2022,258.53
39125,2023,279.57
39125,2024,293.22
39127,2021,361.28
39127,2022,427.01
39127,2023,466.13
39127,2024,506.5
39129,2021,517.35
39129,2022,597.12
39129,2023,638.03
39129,2024,664.09
39131,2021,292.54
39131,2022,319.64
39131,2023,354.41
39131,2024,382.11
39133,2021,434.27
39133,2022,484.03
39133,2023,519.07
39133,2024,571.24
39135,2021,316.63
39135,2022,363.21
39135,2023,387.64
39135,2024,415.95
39137,2021,284.23
39137,2022,328.28
39137,2023,342.16
39137,2024,368.69
39139,2021,362.84
39139,2022,414.34
39139,2023,465.59
39139,2024,496.78
39141,2021,504.32
39141,2022,575.03
39141,2023,601.9
39141,2024,664.28
39143,2021,285.8
39143,2022,321.49
39143,2023,334.96
39143,2024,379.62
39145,2021,266.72
39145,2022,295.6
39145,2023,321.39
39145,2024,329.28
39147,2021,414.86
39147,2022,476.52
39147,2023,507.27
39147,2024,552.7
39149,2021,291.91
39149,2022,332.2
39149,2023,348.87
39149,2024,375.5
39151,2021,457.79
39151,2022,515.35
39151,2023,555.82
39151,2024,592.81
39153,2021,461.26
39153,2022,524.69
39153,2023,562.56
39153,2024,607.1
39155,2021,266.55
39155,2022,303.44
39155,2023,336.73
39155,2024,359.46
39157,2021,408.77
39157,2022,463.39
39157,2023,492.05
39157,2024,516.66
39159,2021,583.85
39159,2022,674.22
39159,2023,726.7
39159,2024,788.52
39161,2021,255.54
39161,2022,278.37
39161,2023,297.43
39161,2024,330.52
39163,2021,190.09
39163,2022,227.01
39163,2023,232.43
39163,2024,248.09
39165,2021,491.72
39165,2022,574.16
39165,2023,622.42
39165,2024,675.95
39167,2021,309.8
39167,2022,329.71
39167,2023,350.91
39167,2024,376.81
39169,2021,449.74
39169,2022,512.71
39169,2023,558.69
39169,2024,595.36
39171,2021,247.37
39171,2022,277.21
39171,2023,294.15
39171,2024,315.3
39173,2021,386.44
39173,2022,429.03
39173,2023,461.93
39173,2024,498.08
39175,2021,268.75
39175,2022,312.6
39175,2023,334.64
39175,2024,363.63
40001,2021,207.28
40001,2022,177.77
40001,2023,261.04
40001,2024,
40005,2021,154.81
40005,2022,179.42
40005,2023,185.82
40005,2024,
40007,2021,171.44
40007,2022,189.08
40007,2023,
40007,2024,
40009,2021,249.07
40009,2022,272.97
40009,2023,279.73
40009,2024,311.43
40011,2021,162.61
40011,2022,195.17
40011,2023,187.82
40011,2024,173.43
40013,2021,278.97
40013,2022,331.62
40013,2023,354.71
40013,2024,370.69
40015,2021,180.6
40015,2022,213.98
40015,2023,216.82
40015,2024,243.19
40017,2021,541.69
40017,2022,628.42
40017,2023,680.64
40017,2024,707.16
40019,2021,315.43
40019,2022,360.98
40019,2023,402.81
40019,2024,407.12
40021,2021,440.69
40021,2022,515.32
40021,2023,554.43
40021,2024,568.24
40023,2021,180.5
40023,2022,
40023,2023,236.47
40023,2024,260.89
40027,2021,532.1
40027,2022,618.77
40027,2023,669.58
40027,2024,706.56
40031,2021,349.09
40031,2022,390.85
40031,2023,412.24
40031,2024,427.73
40033,2021,146.9
40033,2022,154.39
40033,2023,
40033,2024,165.26
40035,2021,177.26
40035,2022,202.03
40035,2023,188.47
40035,2024,
40037,2021,408.93
40037,2022,490.61
40037,2023,519.55
40037,2024,522.2
40039,2021,247.59
40039,2022,273.65
40039,2023,284.7
40039,2024,290.83
40041,2021,227.53
40041,2022,265.66
40041,2023,292.2
40041,2024,315.78
40047,2021,334.75
40047,2022,353.51
40047,2023,376.69
40047,2024,391.54
40049,2021,221.53
40049,2022,272.69
40049,2023,278.56
40049,2024,349.5
40051,2021,325.55
40051,2022,369.15
40051,2023,393.78
40051,2024,406.14
40061,2021,124.94
40061,2022,155.58
40061,2023,
40061,2024,205.06
40063,2021,185.75
40063,2022,234.11
40063,2023,
40063,2024,
40065,2021,206.36
40065,2022,235.49
40065,2023,251.21
40065,2024,268.69
40069,2021,187.6
40069,2022,207.89
40069,2023,249.14
40069,2024,227.76
40071,2021,291.53
40071,2022,316.01
40071,2023,335.64
40071,2024,357.04
40073,2021,271.2
40073,2022,297.21
40073,2023,311.71
40073,2024,312.73
40079,2021,238.57
40079,2022,278.48
40079,2023,291.24
40079,2024,333.43
40081,2021,240.32
40081,2022,281.41
40081,2023,295.77
40081,2024,318.7
40083,2021,274.46
40083,2022,317.4
40083,2023,344.84
40083,2024,343.92
40085,2021,179.46
40085,2022,233.43
40085,2023,246.72
40085,2024,225.04
40087,2021,258.51
40087,2022,303.51
40087,2023,330.28
40087,2024,340.21
40089,2021,249.87
40089,2022,300.84
40089,2023,299.13
40089,2024,281.61
40091,2021,207.41
40091,2022,245.53
40091,2023,273.85
40091,2024,269.23
40095,2021,208.3
40095,2022,256.43
40095,2023,281.38
40095,2024,273.16
40097,2021,428.72
40097,2022,483.94
40097,2023,536.42
40097,2024,555.59
40099,2021,204.22
40099,2022,238.8
40099,2023,247.87
40099,2024,275.94
40101,2021,328.25
40101,2022,378.75
40101,2023,425.93
40101,2024,426.47
40103,2021,233.97
40103,2022,267.26
40103,2023,255.42
40103,2024,293.84
40105,2021,211.62
40105,2022,251.88
40105,2023,
40105,2024,239.09
40109,2021,573.41
40109,2022,658.58
40109,2023,702.13
40109,2024,730.77
40111,2021,176.82
40111,2022,215.73
40111,2023,223.57
40111,2024,239.31
40113,2021,264.72
40113,2022,289.82
40113,2023,330.01
40113,2024,330.1
40115,2021,235.75
40115,2022,261.46
40115,2023,286.53
40115,2024,328.07
40117,2021,162.47
40117,2022,190.22
40117,2023,215.43
40117,2024,212.5
40119,2021,461.97
40119,2022,527.11
40119,2023,564.65
40119,2024,591.42
40121,2021,278.01
40121,2022,309.08
40121,2023,350.64
40121,2024,360.64
40123,2021,250.37
40123,2022,291.23
40123,2023,302.1
40123,2024,314.28
40125,2021,340.32
40125,2022,393.05
40125,2023,408.69
40125,2024,431.31
40131,2021,487.29
40131,2022,562.81
40131,2023,629.07
40131,2024,646.57
40133,2021,159.21
40133,2022,185.74
40133,2023,226.82
40133,2024,245.07
40135,2021,229.19
40135,2022,276.53
40135,2023,292.4
40135,2024,298.92
40137,2021,332.63
40137,2022,379.95
40137,2023,393.68
40137,2024,419.19
40139,2021,317.69
40139,2022,337.47
40139,2023,364.38
40139,2024,370.26
40141,2021,169.12
40141,2022,204.46
40141,2023,
40141,2024,
40143,2021,505.53
40143,2022,589.97
40143,2023,635.18
40143,2024,666.96
40145,2021,465.7
40145,2022,543.31
40145,2023,590.22
40145,2024,607.34
40147,2021,377.65
40147,2022,437.39
40147,2023,465.44
40147,2024,492.88
40149,2021,171.54
40149,2022,204.54
40149,2023,222.45
40149,2024,225.47
40151,2021,232.09
40151,2022,240.45
40151,2023,252.91
40151,2024,246.27
40153,2021,340.97
40153,2022,344.37
40153,2023,367.7
40153,2024,361.71
41001,2021,360.78
41001,2022,449.2
41001,2023,449.31
41001,2024,503.78
41003,2021,1080.74
41003,2022,1268.68
41003,2023,1312.73
41003,2024,1362.75
41005,2021,1236.42
41005,2022,1416.67
41005,2023,1433.36
41005,2024,1470.91
41007,2021,841.86
41007,2022,1012.63
41007,2023,1043.21
41007,2024,1059.99
41009,2021,536.45
41009,2022,613.73
41009,2023,616.41
41009,2024,640.84
41011,2021,908.52
41011,2022,1039.39
41011,2023,1085.02
41011,2024,1137.72
41013,2021,430.02
41013,2022,497.89
41013,2023,505.76
41013,2024,527.64
41015,2021,397.88
41015,2022,480.64
41015,2023,504.55
41015,2024,506.75
41017,2021,1358.78
41017,2022,1632.03
41017,2023,1646.33
41017,2024,1694.54
41019,2021,592.58
41019,2022,685.05
41019,2023,723.77
41019,2024,728.89
41021,2021,217.95
41021,2022,251.11
41021,2023,232.93
41021,2024,
41023,2021,245.96
41023,2022,295.84
41023,2023,325.32
41023,2024,358.34
41025,2021,312.09
41025,2022,360.72
41025,2023,375.88
41025,2024,432.19
41027,2021,838.79
41027,2022,984.65
41027,2023,1051.94
41027,2024,1069.1
41029,2021,1070.53
41029,2022,1196.65
41029,2023,1174.1
41029,2024,1219.12
41031,2021,416.61
41031,2022,488.43
41031,2023,500.64
41031,2024,513.12
41033,2021,983.65
41033,2022,1108.54
41033,2023,1107.77
41033,2024,1110.78
41035,2021,420.76
41035,2022,493.33
41035,2023,495.97
41035,2024,540.57
41037,2021,303.53
41037,2022,342.18
41037,2023,335.85
41037,2024,393.9
41039,2021,1124.2
41039,2022,1294.24
41039,2023,1329.01
41039,2024,1362.11
41041,2021,851.58
41041,2022,1012.77
41041,2023,1041.28
41041,2024,1103.47
41043,2021,1098.9
41043,2022,1266.9
41043,2023,1317.22
41043,2024,1350.03
41045,2021,425.04
41045,2022,506.59
41045,2023,529.6
41045,2024,541.78
41047,2021,1130.85
41047,2022,1294.82
41047,2023,1329.85
41047,2024,1359.74
41049,2021,277.02
41049,2022,323.63
41049,2023,344.12
41049,2024,380.12
41051,2021,1545.59
41051,2022,1708.03
41051,2023,1676.65
41051,2024,1693.37
41053,2021,891.34
41053,2022,1024.24
41053,2023,1046.38
41053,2024,1073.29
41057,2021,561.49
41057,2022,681.1
41057,2023,709.25
41057,2024,713.25
41059,2021,661.07
41059,2022,775.67
41059,2023,797.53
41059,2024,809.91
41061,2021,376.08
41061,2022,433.98
41061,2023,465.78
41061,2024,499.43
41063,2021,399.17
41063,2022,497.61
41063,2023,526.43
41063,2024,549.37
41065,2021,847.11
41065,2022,1005.49
41065,2023,1035.16
41065,2024,1038.84
41067,2021,1128.15
41067,2022,1311.83
41067,2023,1321.06
41067,2024,1341.03
41071,2021,728.93
41071,2022,831.45
41071,2023,847.44
41071,2024,872.77
42001,2021,396.75
42001,2022,449.22
42001,2023,477.8
42001,2024,512.52
42003,2021,630.25
42003,2022,702.08
42003,2023,739.21
42003,2024,777.96
42005,2021,296.9
42005,2022,337.77
42005,2023,355.76
42005,2024,372.29
42007,2021,335.34
42007,2022,368.76
42007,2023,385.35
42007,2024,409.1
42009,2021,236.25
42009,2022,265.98
42009,2023,269.5
42009,2024,304.43
42011,2021,437.37
42011,2022,502.86
42011,2023,554.33
42011,2024,590.05
42013,2021,309.48
42013,2022,342.62
42013,2023,365.75
42013,2024,363.82
42015,2021,314.74
42015,2022,352.44
42015,2023,366.99
42015,2024,406.63
42017,2021,768.81
42017,2022,866.38
42017,2023,941.75
42017,2024,1001.74
42019,2021,445.83
42019,2022,490.27
42019,2023,529.81
42019,2024,558.81
42021,2021,246.04
42021,2022,276.69
42021,2023,291.81
42021,2024,310.15
42025,2021,335.2
42025,2022,391.51
42025,2023,436.91
42025,2024,463.85
42027,2021,423.1
42027,2022,469.47
42027,2023,502.67
42027,2024,528.28
42029,2021,732.44
42029,2022,832.11
42029,2023,919.11
42029,2024,975.71
42031,2021,153.95
42031,2022,175.19
42031,2023,190.86
42031,2024,192.9
42033,2021,178.89
42033,2022,193.74
42033,2023,209.38
42033,2024,237.24
42035,2021,252.42
42035,2022,265.74
42035,2023,287.48
42035,2024,298.71
42037,2021,387.79
42037,2022,424.69
42037,2023,467
42037,2024,487.47
42039,2021,252.9
42039,2022,288.44
42039,2023,313.67
42039,2024,338.07
42041,2021,582.97
42041,2022,668.84
42041,2023,725.72
42041,2024,769.68
42043,2021,520.33
42043,2022,592.17
42043,2023,646.32
42043,2024,690.53
42045,2021,674.18
42045,2022,763.53
42045,2023,839.17
42045,2024,889.96
42047,2021,142.86
42047,2022,164.6
42047,2023,171.45
42047,2024,181.98
42049,2021,471.8
42049,2022,538.51
42049,2023,585.77
42049,2024,621.75
42051,2021,293.13
42051,2022,330.23
42051,2023,338.34
42051,2024,363.8
42055,2021,344.59
42055,2022,392.78
42055,2023,418.29
42055,2024,448.21
42057,2021,171.33
42057,2022,189.16
42057,2023,204.68
42057,2024,196.1
42059,2021,175.93
42059,2022,187.39
42059,2023,258.08
42059,2024,199.48
42061,2021,228.4
42061,2022,240.75
42061,2023,265.36
42061,2024,290.47
42063,2021,235.33
42063,2022,260.24
42063,2023,283.29
42063,2024,297.7
42065,2021,167.06
42065,2022,180.42
42065,2023,186.87
42065,2024,210.24
42067,2021,124.8
42067,2022,137.81
42067,2023,141.75
42067,2024,160.56
42069,2021,383.51
42069,2022,440.86
42069,2023,474.03
42069,2024,510.35
42071,2021,715.52
42071,2022,829.92
42071,2023,913.75
42071,2024,972.48
42073,2021,326.51
42073,2022,366.87
42073,2023,381.7
42073,2024,422.6
42075,2021,275.58
42075,2022,313.67
42075,2023,348.88
42075,2024,367.22
42077,2021,485.53
42077,2022,562.97
42077,2023,621.52
42077,2024,659.76
42079,2021,432.26
42079,2022,508.18
42079,2023,535.64
42079,2024,594.46
42081,2021,409.74
42081,2022,448.87
42081,2023,470.99
42081,2024,505.85
42083,2021,155.96
42083,2022,160.72
42083,2023,195.58
42083,2024,191.28
42085,2021,330.89
42085,2022,366.61
42085,2023,388.11
42085,2024,429.01
42087,2021,187.09
42087,2022,206.33
42087,2023,229.28
42087,2024,246.23
42089,2021,291.06
42089,2022,335.92
42089,2023,373.33
42089,2024,384.47
42091,2021,741.66
42091,2022,841.95
42091,2023,920.14
42091,2024,974.88
42093,2021,208.68
42093,2022,212.98
42093,2023,249.35
42093,2024,229.19
42095,2021,617.65
42095,2022,707.01
42095,2023,775.41
42095,2024,822.42
42097,2021,229.26
42097,2022,254.31
42097,2023,280.27
42097,2024,301.87
42099,2021,299.25
42099,2022,328.03
42099,2023,361.09
42099,2024,389.65
42101,2021,890.27
42101,2022,968.85
42101,2023,982.44
42101,2024,1018.95
42103,2021,287.47
42103,2022,330.1
42103,2023,334.3
42103,2024,383.38
42105,2021,148.82
42105,2022,159.55
42105,2023,178.66
42105,2024,178.93
42107,2021,278.62
42107,2022,327.88
42107,2023,341.38
42107,2024,389.78
42109,2021,214.33
42109,2022,238.21
42109,2023,278.68
42109,2024,290.16
42111,2021,202.75
42111,2022,228.18
42111,2023,231.84
42111,2024,240.4
42113,2021,106.15
42113,2022,115.64
42113,2023,112.65
42113,2024,
42115,2021,169.74
42115,2022,188.38
42115,2023,197.53
42115,2024,199.48
42117,2021,237.78
42117,2022,271.19
42117,2023,292.09
42117,2024,315.09
42119,2021,319.35
42119,2022,354.76
42119,2023,391.87
42119,2024,392.94
42121,2021,239.51
42121,2022,262.55
42121,2023,293.43
42121,2024,312.88
42123,2021,184.84
42123,2022,202.86
42123,2023,217.61
42123,2024,237.04
42125,2021,410.33
42125,2022,453.35
42125,2023,483.38
42125,2024,503.69
42127,2021,290.44
42127,2022,337.34
42127,2023,372.88
42127,2024,387.07
42129,2021,516.46
42129,2022,578.93
42129,2023,619.32
42129,2024,647.11
42131,2021,194.4
42131,2022,218.38
42131,2023,233.49
42131,2024,250.64
42133,2021,527.4
42133,2022,603.25
42133,2023,651.58
42133,2024,696.71
44001,2021,1083.33
44001,2022,1269.28
44001,2023,1405.86
44001,2024,1529.48
44003,2021,877.82
44003,2022,1015.54
44003,2023,1110.72
44003,2024,1213.91
44005,2021,1224.98
44005,2022,1425.02
44005,2023,1596.59
44005,2024,1711.9
44007,2021,933.6
44007,2022,1075.16
44007,2023,1178.41
44007,2024,1285.79
44009,2021,1157.34
44009,2022,1356.3
44009,2023,1476.52
44009,2024,1615.31
45001,2021,219.1
45001,2022,271.7
45001,2023,286.28
45001,2024,317.14
45003,2021,491.74
45003,2022,585.8
45003,2023,650.93
45003,2024,660.59
45007,2021,453.23
45007,2022,547.03
45007,2023,592.93
45007,2024,639.76
45009,2021,159.03
45009,2022,202.75
45009,2023,
45009,2024,186.88
45011,2021,198.39
45011,2022,210.18
45011,2023,266.73
45011,2024,252.96
45013,2021,648.58
45013,2022,789.81
45013,2023,909.36
45013,2024,951.56
45015,2021,556.92
45015,2022,660.97
45015,2023,724.23
45015,2024,753.7
45017,2021,155.23
45017,2022,175.61
45017,2023,197.72
45017,2024,195.29
45019,2021,1243.24
45019,2022,1505.68
45019,2023,1691.91
45019,2024,1840.19
45021,2021,288.3
45021,2022,346.48
45021,2023,387.3
45021,2024,387.64
45023,2021,237.35
45023,2022,275.87
45023,2023,322.36
45023,2024,325.45
45025,2021,212.76
45025,2022,256.27
45025,2023,269.16
45025,2024,279.8
45027,2021,181.69
45027,2022,220.33
45027,2023,239.9
45027,2024,252.08
45029,2021,354.64
45029,2022,418.3
45029,2023,472.59
45029,2024,521.71
45031,2021,259.25
45031,2022,289.85
45031,2023,318.3
45031,2024,326.35
45033,2021,150.05
45033,2022,179.33
45033,2023,171.67
45033,2024,204.83
45035,2021,573.87
45035,2022,689.15
45035,2023,745.89
45035,2024,802.35
45037,2021,254.99
45037,2022,307.59
45037,2023,313.34
45037,2024,359.51
45039,2021,190.1
45039,2022,222.34
45039,2023,249.65
45039,2024,249.56
45041,2021,380.47
45041,2022,435.98
45041,2023,467.15
45041,2024,490.08
45043,2021,306.77
45043,2022,366.71
45043,2023,414.83
45043,2024,444.93
45045,2021,644.01
45045,2022,775.59
45045,2023,852.12
45045,2024,901.4
45047,2021,353.43
45047,2022,420.55
45047,2023,446.22
45047,2024,486.33
45049,2021,187.4
45049,2022,232.57
45049,2023,288.51
45049,2024,282.75
45051,2021,533.37
45051,2022,657.79
45051,2023,719.69
45051,2024,750.53
45053,2021,144.7
45053,2022,178.19
45053,2023,210.1
45053,2024,190.88
45055,2021,297.2
45055,2022,352.19
45055,2023,377.95
45055,2024,403.78
45057,2021,329.97
45057,2022,416.08
45057,2023,440.17
45057,2024,456.69
45059,2021,242.24
45059,2022,291.09
45059,2023,309.63
45059,2024,342.39
45061,2021,166.02
45061,2022,184.27
45061,2023,197.15
45061,2024,200.19
45063,2021,447.54
45063,2022,532.88
45063,2023,595.07
45063,2024,616.82
45065,2021,145.18
45065,2022,140.14
45065,2023,
45065,2024,
45067,2021,228.17
45067,2022,263.78
45067,2023,297.59
45067,2024,311
45069,2021,230.9
45069,2022,242.64
45069,2023,241.91
45069,2024,277.58
45071,2021,287.17
45071,2022,340.91
45071,2023,371.57
45071,2024,402.4
45073,2021,333.97
45073,2022,406.59
45073,2023,439.5
45073,2024,465.52
45075,2021,248.24
45075,2022,288
45075,2023,283.59
45075,2024,334.07
45077,2021,460.51
45077,2022,555.44
45077,2023,615.71
45077,2024,640.79
45079,2021,511.79
45079,2022,596.54
45079,2023,649.37
45079,2024,695.59
45081,2021,271.97
45081,2022,357.63
45081,2023,351.8
45081,2024,449.41
45083,2021,366.02
45083,2022,441.03
45083,2023,488.4
45083,2024,509.1
45085,2021,234.65
45085,2022,268.72
45085,2023,307.23
45085,2024,312.21
45087,2021,210.94
45087,2022,267.34
45087,2023,302.73
45087,2024,311.91
45089,2021,143.81
45089,2022,168.29
45089,2023,194.76
45089,2024,195.03
45091,2021,574.61
45091,2022,701.04
45091,2023,763.58
45091,2024,797.6
46005,2021,283.14
46005,2022,297.83
46005,2023,330.61
46005,2024,369.37
46009,2021,214.67
46009,2022,244.61
46009,2023,
46009,2024,298.35
46011,2021,331.23
46011,2022,371.24
46011,2023,393.33
46011,2024,433.34
46013,2021,515.83
46013,2022,583.38
46013,2023,645.23
46013,2024,639.28
46015,2021,207.41
46015,2022,239.57
46015,2023,216.1
46015,2024,283.27
46019,2021,264.45
46019,2022,319.64
46019,2023,322.64
46019,2024,375.05
46023,2021,200
46023,2022,227.91
46023,2023,
46023,2024,
46025,2021,102.37
46025,2022,
46025,2023,
46025,2024,
46027,2021,277.39
46027,2022,317.28
46027,2023,331.31
46027,2024,349.9
46029,2021,367.09
46029,2022,413.04
46029,2023,460.57
46029,2024,478.32
46033,2021,301.62
46033,2022,354.51
46033,2023,396.77
46033,2024,445.15
46035,2021,330.51
46035,2022,387.84
46035,2023,415.54
46035,2024,424.99
46037,2021,180.24
46037,2022,213.49
46037,2023,250.83
46037,2024,
46039,2021,258.69
46039,2022,321.71
46039,2023,
46039,2024,330.63
46043,2021,111.7
46043,2022,123.44
46043,2023,
46043,2024,
46045,2021,283.16
46045,2022,
46045,2023,333.07
46045,2024,326.59
46047,2021,291.26
46047,2022,340.8
46047,2023,365.33
46047,2024,398.65
46051,2021,289.13
46051,2022,330.04
46051,2023,380.2
46051,2024,384.47
46057,2021,375.5
46057,2022,437.35
46057,2023,542.7
46057,2024,566.7
46059,2021,230.31
46059,2022,231.52
46059,2023,
46059,2024,
46061,2021,278.34
46061,2022,310.61
46061,2023,
46061,2024,390.17
46065,2021,344.81
46065,2022,399.4
46065,2023,407.78
46065,2024,434.92
46067,2021,219.48
46067,2022,276.85
46067,2023,310.13
46067,2024,315.19
46077,2021,225.86
46077,2022,270.51
46077,2023,305.22
46077,2024,335.37
46079,2021,307.08
46079,2022,352.77
46079,2023,398.53
46079,2024,427.39
46081,2021,393.35
46081,2022,489.88
46081,2023,522.76
46081,2024,550.37
46083,2021,333.9
46083,2022,394.31
46083,2023,421.96
46083,2024,424.66
46087,2021,220.15
46087,2022,251.29
46087,2023,271.01
46087,2024,259.68
46091,2021,195.22
46091,2022,205.77
46091,2023,241.97
46091,2024,
46093,2021,387.28
46093,2022,483.72
46093,2023,513.72
46093,2024,508.45
46097,2021,180.37
46097,2022,
46097,2023,
46097,2024,
46099,2021,655.54
46099,2022,764.3
46099,2023,810.85
46099,2024,836.38
46101,2021,199.18
46101,2022,264.77
46101,2023,292.17
46101,2024,264.78
46103,2021,493.45
46103,2022,592.93
46103,2023,639.21
46103,2024,660.46
46109,2021,189.75
46109,2022,241.2
46109,2023,282.39
46109,2024,298.44
46115,2021,212.98
46115,2022,236.24
46115,2023,
46115,2024,258.23
46117,2021,206.65
46117,2022,224.23
46117,2023,
46117,2024,278.28
46123,2021,239.11
46123,2022,303.19
46123,2023,334.52
46123,2024,
46125,2021,327.49
46125,2022,384.72
46125,2023,455.83
46125,2024,451.6
46127,2021,287.64
46127,2022,323.31
46127,2023,347.47
46127,2024,364.21
46129,2021,199.89
46129,2022,236.02
46129,2023,212.07
46129,2024,227.95
46135,2021,322.31
46135,2022,369.23
46135,2023,398.7
46135,2024,423.8
47001,2021,469.9
47001,2022,566.43
47001,2023,645.75
47001,2024,694.15
47003,2021,375.7
47003,2022,459.83
47003,2023,505.28
47003,2024,521.43
47005,2021,198.17
47005,2022,222.64
47005,2023,310.34
47005,2024,273.79
47007,2021,141.42
47007,2022,174.04
47007,2023,186.88
47007,2024,200.25
47009,2021,512.96
47009,2022,637.66
47009,2023,705.69
47009,2024,780.6
47011,2021,522.22
47011,2022,631.32
47011,2023,692.77
47011,2024,740.09
47013,2021,239.15
47013,2022,301.53
47013,2023,327.43
47013,2024,363.77
47015,2021,270.56
47015,2022,334.86
47015,2023,360.53
47015,2024,375.66
47017,2021,232.1
47017,2022,279.43
47017,2023,288.84
47017,2024,319.53
47019,2021,288.04
47019,2022,345.52
47019,2023,414.58
47019,2024,419.54
47021,2021,360.2
47021,2022,429.76
47021,2023,462.61
47021,2024,486.97
47023,2021,225.78
47023,2022,280.13
47023,2023,293.5
47023,2024,324.29
47025,2021,186.29
47025,2022,230.11
47025,2023,258.36
47025,2024,275.21
47027,2021,148.93
47027,2022,167.58
47027,2023,203.55
47027,2024,
47029,2021,255.53
47029,2022,309.79
47029,2023,343.59
47029,2024,354.39
47031,2021,335.4
47031,2022,396.7
47031,2023,452.03
47031,2024,472.41
47033,2021,164.96
47033,2022,213.99
47033,2023,224.73
47033,2024,252.46
47035,2021,240.73
47035,2022,294.15
47035,2023,327.35
47035,2024,347.13
47037,2021,1088.96
47037,2022,1318.97
47037,2023,1378.18
47037,2024,1423.21
47039,2021,155.66
47039,2022,195.28
47039,2023,222.42
47039,2024,190.63
47041,2021,261.12
47041,2022,326.19
47041,2023,341.47
47041,2024,374.19
47043,2021,352.14
47043,2022,430.62
47043,2023,460
47043,2024,479.86
47045,2021,230.02
47045,2022,261.98
47045,2023,289.37
47045,2024,295.39
47047,2021,236.24
47047,2022,282.69
47047,2023,303.71
47047,2024,304.96
47049,2021,210.33
47049,2022,259.8
47049,2023,295.95
47049,2024,301.11
47051,2021,324.17
47051,2022,394.68
47051,2023,426.23
47051,2024,452.5
47053,2021,222.89
47053,2022,274.76
47053,2023,311.95
47053,2024,334.5
47055,2021,290.4
47055,2022,371.18
47055,2023,387.14
47055,2024,404.66
47057,2021,177.95
47057,2022,216.94
47057,2023,244.8
47057,2024,256.7
47059,2021,254.5
47059,2022,317.36
47059,2023,355.07
47059,2024,379.53
47061,2021,137.67
47061,2022,157.06
47061,2023,182.5
47061,2024,195.38
47063,2021,289.43
47063,2022,351.55
47063,2023,388.35
47063,2024,423.49
47065,2021,670.76
47065,2022,807.72
47065,2023,886.44
47065,2024,943.55
47069,2021,210.04
47069,2022,288.59
47069,2023,317.77
47069,2024,293.78
47071,2021,187.65
47071,2022,228.15
47071,2023,246.91
47071,2024,265.91
47073,2021,248.86
47073,2022,310.44
47073,2023,339.35
47073,2024,368.51
47075,2021,207.21
47075,2022,247.69
47075,2023,262.43
47075,2024,326.96
47077,2021,239.67
47077,2022,293.97
47077,2023,332.16
47077,2024,353.64
47079,2021,229.99
47079,2022,272.24
47079,2023,292.96
47079,2024,316.74
47081,2021,299.62
47081,2022,393.99
47081,2023,397.43
47081,2024,442.63
47083,2021,165.74
47083,2022,207.98
47083,2023,231.44
47083,2024,243.17
47085,2021,315.45
47085,2022,407.14
47085,2023,455.8
47085,2024,455.7
47087,2021,223.75
47087,2022,296.48
47087,2023,297.62
47087,2024,308.26
47089,2021,303.78
47089,2022,372.46
47089,2023,421.33
47089,2024,452.07
47091,2021,190.19
47091,2022,250.5
47091,2023,251.93
47091,2024,285.66
47093,2021,672.25
47093,2022,827.14
47093,2023,934.86
47093,2024,995.18
47097,2021,177.52
47097,2022,208.89
47097,2023,225.01
47097,2024,232.11
47099,2021,317.2
47099,2022,382.01
47099,2023,399.1
47099,2024,442.08
47101,2021,280.18
47101,2022,345.27
47101,2023,409.23
47101,2024,430.4
47103,2021,274.13
47103,2022,326.06
47103,2023,363.82
47103,2024,385.98
47105,2021,309.31
47105,2022,395.2
47105,2023,444.76
47105,2024,471.74
47107,2021,368.18
47107,2022,443.11
47107,2023,500.05
47107,2024,545.6
47109,2021,180.99
47109,2022,226.89
47109,2023,246.99
47109,2024,261.68
47111,2021,261.43
47111,2022,321.43
47111,2023,344.82
47111,2024,362.55
47113,2021,371.6
47113,2022,462.19
47113,2023,491.78
47113,2024,525.02
47115,2021,285.18
47115,2022,345.23
47115,2023,403.97
47115,2024,417.26
47117,2021,346.41
47117,2022,425.71
47117,2023,452
47117,2024,467.86
47119,2021,381.24
47119,2022,483
47119,2023,515.61
47119,2024,528.71
47121,2021,180.78
47121,2022,218.99
47121,2023,276.54
47121,2024,260.69
47123,2021,239.27
47123,2022,304.92
47123,2023,333.72
47123,2024,361.89
47125,2021,320.64
47125,2022,393
47125,2023,411.55
47125,2024,426.98
47127,2021,197.99
47127,2022,271.16
47127,2023,288.55
47127,2024,304.23
47129,2021,248.57
47129,2022,296.35
47129,2023,350.31
47129,2024,339.97
47131,2021,229.08
47131,2022,253.33
47131,2023,284.44
47131,2024,296.18
47133,2021,250.41
47133,2022,301.26
47133,2023,364.55
47133,2024,359.74
47135,2021,148.6
47135,2022,197.61
47135,2023,209.75
47135,2024,
47137,2021,177.62
47137,2022,210.7
47137,2023,225.07
47137,2024,246.21
47139,2021,167.53
47139,2022,214.31
47139,2023,213.95
47139,2024,263.04
47141,2021,335.41
47141,2022,409.01
47141,2023,433.94
47141,2024,460.38
47143,2021,287.81
47143,2022,353.31
47143,2023,395.72
47143,2024,415.67
47145,2021,324.7
47145,2022,402.18
47145,2023,442.99
47145,2024,467.35
47147,2021,383.01
47147,2022,470.3
47147,2023,495.25
47147,2024,516.64
47149,2021,528.26
47149,2022,654.5
47149,2023,690.66
47149,2024,726.25
47151,2021,149.84
47151,2022,192.57
47151,2023,215.64
47151,2024,233.04
47153,2021,194.28
47153,2022,243.25
47153,2023,266.05
47153,2024,283
47155,2021,401.93
47155,2022,515.64
47155,2023,546.07
47155,2024,555.53
47157,2021,486.83
47157,2022,570.02
47157,2023,592.93
47157,2024,597.66
47159,2021,293.92
47159,2022,350.04
47159,2023,381.23
47159,2024,388.18
47161,2021,197.34
47161,2022,253.07
47161,2023,255.32
47161,2024,300.98
47163,2021,550.01
47163,2022,668.85
47163,2023,742.26
47163,2024,808.28
47165,2021,574.23
47165,2022,708.41
47165,2023,738.47
47165,2024,783.46
47167,2021,231.19
47167,2022,274.1
47167,2023,298.14
47167,2024,307.46
47169,2021,253.71
47169,2022,309.12
47169,2023,329.87
47169,2024,347.36
47171,2021,201.56
47171,2022,246.08
47171,2023,288.84
47171,2024,300.68
47173,2021,300.59
47173,2022,377.59
47173,2023,443.63
47173,2024,464.47
47175,2021,144.66
47175,2022,194.86
47175,2023,217.8
47175,2024,227.86
47177,2021,287.28
47177,2022,357.43
47177,2023,378.93
47177,2024,389.51
47179,2021,341.33
47179,2022,413.61
47179,2023,470.22
47179,2024,494.42
47181,2021,206.1
47181,2022,245.61
47181,2023,259.05
47181,2024,292.05
47183,2021,232.1
47183,2022,275.56
47183,2023,314.04
47183,2024,334
47185,2021,246.79
47185,2022,296.73
47185,2023,316.06
47185,2024,351.5
47187,2021,688.4
47187,2022,861.59
47187,2023,929.91
47187,2024,980.37
47189,2021,546.58
47189,2022,677.98
47189,2023,711.18
47189,2024,744.68
48001,2021,260.21
48001,2022,300.3
48001,2023,338.71
48001,2024,335.81
48003,2021,248.84
48003,2022,265
48003,2023,268.81
48003,2024,291.63
48005,2021,314.25
48005,2022,370.11
48005,2023,389.99
48005,2024,396.39
48007,2021,435.89
48007,2022,525.58
48007,2023,587.6
48007,2024,625.33
48009,2021,273.51
48009,2022,310.43
48009,2023,329.7
48009,2024,374.55
48013,2021,300.24
48013,2022,363.84
48013,2023,385.65
48013,2024,403.84
48015,2021,314.51
48015,2022,366.57
48015,2023,411.01
48015,2024,421.45
48019,2021,262.35
48019,2022,321.3
48019,2023,341.87
48019,2024,349.06
48021,2021,410.24
48021,2022,511.04
48021,2023,514.86
48021,2024,514.96
48025,2021,237.84
48025,2022,259.3
48025,2023,295.3
48025,2024,282.99
48027,2021,501.81
48027,2022,616.52
48027,2023,641.67
48027,2024,652.53
48029,2021,672.32
48029,2022,790.71
48029,2023,817.01
48029,2024,816.49
48031,2021,333.5
48031,2022,392.76
48031,2023,416.04
48031,2024,442.34
48035,2021,240.52
48035,2022,291.23
48035,2023,315.09
48035,2024,311.57
48037,2021,439.4
48037,2022,519.44
48037,2023,558.48
48037,2024,581.32
48039,2021,418.93
48039,2022,480.91
48039,2023,505.6
48039,2024,517.47
48041,2021,465.86
48041,2022,546
48041,2023,592.58
48041,2024,619.02
48043,2021,337.09
48043,2022,385.95
48043,2023,414.02
48043,2024,399.47
48049,2021,308.58
48049,2022,356.89
48049,2023,390.18
48049,2024,398.38
48051,2021,208.68
48051,2022,254.46
48051,2023,272.15
48051,2024,274.82
48053,2021,352.05
48053,2022,458.6
48053,2023,481.18
48053,2024,496.36
48055,2021,333.82
48055,2022,413.08
48055,2023,431.45
48055,2024,434.84
48057,2021,270.5
48057,2022,296.89
48057,2023,299.37
48057,2024,325.65
48059,2021,242.15
48059,2022,301.99
48059,2023,304.54
48059,2024,339.28
48061,2021,379.39
48061,2022,449.94
48061,2023,505.88
48061,2024,528.4
48063,2021,210.96
48063,2022,252.01
48063,2023,263.21
48063,2024,285.61
48065,2021,229.39
48065,2022,259.37
48065,2023,292.97
48065,2024,301.82
48067,2021,249.55
48067,2022,303.1
48067,2023,303.64
48067,2024,311.53
48069,2021,177.52
48069,2022,203.05
48069,2023,
48069,2024,
48071,2021,380.44
48071,2022,437.65
48071,2023,464.23
48071,2024,479.4
48073,2021,232.81
48073,2022,274.38
48073,2023,302.49
48073,2024,305.06
48077,2021,197.2
48077,2022,239.76
48077,2023,257.18
48077,2024,265.5
48085,2021,646.37
48085,2022,803.54
48085,2023,842.9
48085,2024,861.44
48089,2021,259.14
48089,2022,286.23
48089,2023,318.46
48089,2024,297.57
48091,2021,627.69
48091,2022,785.64
48091,2023,805.95
48091,2024,813.48
48093,2021,216.61
48093,2022,229.62
48093,2023,259.02
48093,2024,273.48
48097,2021,468.29
48097,2022,576.39
48097,2023,626.38
48097,2024,645.92
48099,2021,237.69
48099,2022,289.86
48099,2023,310.33
48099,2024,295
48111,2021,160.02
48111,2022,176.24
48111,2023,187.32
48111,2024,196.24
48113,2021,761.4
48113,2022,911.6
48113,2023,957.91
48113,2024,986.68
48115,2021,237.89
48115,2022,264.34
48115,2023,238.76
48115,2024,305.04
48117,2021,232.42
48117,2022,258.45
48117,2023,279.47
48117,2024,300.83
48119,2021,251.36
48119,2022,329.34
48119,2023,374.24
48119,2024,
48121,2021,651.97
48121,2022,790.56
48121,2023,827.36
48121,2024,842.89
48123,2021,231.07
48123,2022,261.77
48123,2023,257.99
48123,2024,339.21
48133,2021,232.03
48133,2022,268.17
48133,2023,290.83
48133,2024,326.31
48135,2021,623.41
48135,2022,642.87
48135,2023,666.88
48135,2024,728.23
48139,2021,636.89
48139,2022,779.09
48139,2023,816.08
48139,2024,827.54
48141,2021,499.1
48141,2022,582.71
48141,2023,647.22
48141,2024,682.69
48143,2021,340.6
48143,2022,421.57
48143,2023,455.72
48143,2024,487.06
48145,2021,197.36
48145,2022,247.59
48145,2023,274.51
48145,2024,235.5
48147,2021,299.55
48147,2022,371.44
48147,2023,390.73
48147,2024,412.45
48149,2021,300
48149,2022,381.11
48149,2023,403.56
48149,2024,404.52
48157,2021,493.44
48157,2022,596.11
48157,2023,637.29
48157,2024,656.16
48159,2021,241.07
48159,2022,272.93
48159,2023,330.49
48159,2024,347.21
48161,2021,265.28
48161,2022,351.24
48161,2023,347.21
48161,2024,372.36
48165,2021,264.94
48165,2022,294.69
48165,2023,326.76
48165,2024,354.37
48167,2021,538.89
48167,2022,636.67
48167,2023,663.61
48167,2024,680.47
48171,2021,516.04
48171,2022,651.47
48171,2023,632.84
48171,2024,632.64
48175,2021,198.53
48175,2022,258.74
48175,2023,277.56
48175,2024,361.66
48177,2021,218.45
48177,2022,239.73
48177,2023,371.86
48177,2024,304.53
48179,2021,230.01
48179,2022,256.65
48179,2023,281.73
48179,2024,295.98
48181,2021,629.95
48181,2022,774.6
48181,2023,822.63
48181,2024,851.5
48183,2021,474.45
48183,2022,564.04
48183,2023,600.35
48183,2024,631.73
48185,2021,221.78
48185,2022,269.05
48185,2023,291.23
48185,2024,317.25
48187,2021,418.76
48187,2022,499.84
48187,2023,537.31
48187,2024,548.13
48189,2021,302.53
48189,2022,335.14
48189,2023,365.46
48189,2024,360.24
48193,2021,199.11
48193,2022,236.61
48193,2023,281.79
48193,2024,294.12
48195,2021,240.17
48195,2022,277.41
48195,2023,299.88
48195,2024,358.3
48199,2021,412.1
48199,2022,457.08
48199,2023,467.81
48199,2024,489.69
48201,2021,627.23
48201,2022,704.77
48201,2023,745.52
48201,2024,768.74
48203,2021,416.82
48203,2022,473.59
48203,2023,522.14
48203,2024,528.77
48205,2021,202.18
48205,2022,216.7
48205,2023,236.69
48205,2024,247.38
48209,2021,675.93
48209,2022,851.46
48209,2023,842.37
48209,2024,815.43
48211,2021,263.34
48211,2022,238.63
48211,2023,
48211,2024,
48213,2021,635.98
48213,2022,739.41
48213,2023,818.94
48213,2024,847.79
48215,2021,400.26
48215,2022,471.76
48215,2023,526.91
48215,2024,548.21
48217,2021,326.93
48217,2022,386.96
48217,2023,452.21
48217,2024,459.45
48219,2021,385.37
48219,2022,456.21
48219,2023,470.68
48219,2024,477.75
48221,2021,318.03
48221,2022,388.78
48221,2023,418.98
48221,2024,411.41
48223,2021,285.2
48223,2022,358.42
48223,2023,375.31
48223,2024,374.09
48225,2021,204.04
48225,2022,264.34
48225,2023,261.46
48225,2024,272.56
48227,2021,459.54
48227,2022,497.04
48227,2023,519.38
48227,2024,530.88
48231,2021,411.61
48231,2022,510.78
48231,2023,528.02
48231,2024,558.32
48233,2021,212.74
48233,2022,230.79
48233,2023,251.38
48233,2024,273.83
48237,2021,193.53
48237,2022,228.5
48237,2023,296.38
48237,2024,260.87
48239,2021,252.54
48239,2022,263.85
48239,2023,282.38
48239,2024,306.86
48241,2021,218.64
48241,2022,237.36
48241,2023,255.42
48241,2024,256.51
48245,2021,479.77
48245,2022,530.95
48245,2023,552.14
48245,2024,574.98
48249,2021,241.47
48249,2022,272.05
48249,2023,290.32
48249,2024,280.48
48251,2021,630.67
48251,2022,771.48
48251,2023,803.5
48251,2024,828.66
48253,2021,218.95
48253,2022,233.75
48253,2023,257.67
48253,2024,282.5
48257,2021,311.37
48257,2022,383.05
48257,2023,397.55
48257,2024,400.23
48259,2021,341.44
48259,2022,418.44
48259,2023,448.49
48259,2024,465.98
48265,2021,580.02
48265,2022,702.14
48265,2023,739.88
48265,2024,770.99
48273,2021,249.62
48273,2022,272.12
48273,2023,291.78
48273,2024,279.73
48277,2021,362.12
48277,2022,431.02
48277,2023,492.58
48277,2024,493.69
48279,2021,166.78
48279,2022,216.79
48279,2023,190.15
48279,2024,206.72
48281,2021,262.66
48281,2022,314.69
48281,2023,349.7
48281,2024,338.21
48285,2021,232.63
48285,2022,259.39
48285,2023,299.16
48285,2024,299.01
48287,2021,253.74
48287,2022,298.02
48287,2023,318.56
48287,2024,334.02
48289,2021,193.02
48289,2022,245.65
48289,2023,257.39
48289,2024,250.66
48291,2021,300.39
48291,2022,339.83
48291,2023,366.5
48291,2024,377.35
48293,2021,195.53
48293,2022,235.98
48293,2023,240.54
48293,2024,263.19
48297,2021,211.29
48297,2022,231.7
48297,2023,243.67
48297,2024,273.74
48299,2021,476.26
48299,2022,642.56
48299,2023,612.58
48299,2024,657.05
48303,2021,486.34
48303,2022,559.5
48303,2023,581
48303,2024,586.18
48305,2021,156.94
48305,2022,173.81
48305,2023,177.14
48305,2024,
48307,2021,127.39
48307,2022,145.13
48307,2023,173.07
48307,2024,161.19
48309,2021,452.14
48309,2022,546.29
48309,2023,578.82
48309,2024,586.75
48313,2021,213.07
48313,2022,275.67
48313,2023,262.73
48313,2024,290.73
48315,2021,143.44
48315,2022,152.04
48315,2023,
48315,2024,209.99
48321,2021,199.01
48321,2022,226.16
48321,2023,241.38
48321,2024,256.87
48323,2021,213.78
48323,2022,247.62
48323,2023,272.75
48323,2024,287.39
48325,2021,316.63
48325,2022,367.47
48325,2023,388.88
48325,2024,414.14
48329,2021,735.47
48329,2022,777.5
48329,2023,818.58
48329,2024,858.75
48331,2021,247.6
48331,2022,317.32
48331,2023,324.73
48331,2024,332.35
48337,2021,231.96
48337,2022,280.84
48337,2023,319.31
48337,2024,338.27
48339,2021,468.11
48339,2022,566.42
48339,2023,600.88
48339,2024,633.14
48341,2021,523.69
48341,2022,579.24
48341,2023,612
48341,2024,631.53
48343,2021,192.36
48343,2022,231.18
48343,2023,280.93
48343,2024,286.89
48347,2021,402.26
48347,2022,466.2
48347,2023,515.71
48347,2024,519.23
48349,2021,614.37
48349,2022,730.5
48349,2023,797.36
48349,2024,871.41
48353,2021,303.18
48353,2022,310.47
48353,2023,351.01
48353,2024,347.34
48355,2021,576.07
48355,2022,658.16
48355,2023,682.25
48355,2024,705.03
48357,2021,257.48
48357,2022,298.31
48357,2023,274.75
48357,2024,286.31
48361,2021,499.32
48361,2022,563.14
48361,2023,588.42
48361,2024,615.87
48363,2021,397.99
48363,2022,498.32
48363,2023,519.73
48363,2024,524.26
48365,2021,196.61
48365,2022,229.42
48365,2023,249.11
48365,2024,277.14
48367,2021,647.51
48367,2022,791.79
48367,2023,821.72
48367,2024,858.24
48369,2021,202.62
48369,2022,213.86
48369,2023,
48369,2024,237.72
48371,2021,300.5
48371,2022,374.05
48371,2023,350.02
48371,2024,306.78
48373,2021,227.33
48373,2022,266.8
48373,2023,265.62
48373,2024,266.57
48375,2021,529.14
48375,2022,613.01
48375,2023,648.25
48375,2024,655.96
48379,2021,218.84
48379,2022,266.64
48379,2023,281.12
48379,2024,302.28
48381,2021,499.99
48381,2022,573.03
48381,2023,606.27
48381,2024,620.06
48395,2021,215.93
48395,2022,257.15
48395,2023,306.14
48395,2024,265.06
48397,2021,456.45
48397,2022,564.49
48397,2023,581.62
48397,2024,586.12
48399,2021,161.29
48399,2022,187.87
48399,2023,196.31
48399,2024,223.8
48401,2021,280.37
48401,2022,319.7
48401,2023,372.83
48401,2024,386.94
48403,2021,211.18
48403,2022,259.32
48403,2023,274.22
48403,2024,283.03
48407,2021,348.63
48407,2022,406.95
48407,2023,474.43
48407,2024,477.6
48409,2021,526.07
48409,2022,583.57
48409,2023,616.72
48409,2024,642.9
48415,2021,272.04
48415,2022,279.34
48415,2023,311.39
48415,2024,331.3
48419,2021,215.89
48419,2022,265.01
48419,2023,276.36
48419,2024,268.4
48423,2021,524.8
48423,2022,630.09
48423,2023,679.85
48423,2024,681.44
48425,2021,239.61
48425,2022,296.83
48425,2023,320.04
48425,2024,341.7
48427,2021,142.09
48427,2022,162.92
48427,2023,171.47
48427,2024,171.29
48429,2021,120.48
48429,2022,135.03
48429,2023,145.35
48429,2024,175.97
48437,2021,178.04
48437,2022,184.28
48437,2023,193.81
48437,2024,235.99
48439,2021,690.01
48439,2022,835.72
48439,2023,864.28
48439,2024,878.2
48441,2021,422.26
48441,2022,486.63
48441,2023,523.61
48441,2024,528.42
48445,2021,198.06
48445,2022,222.13
48445,2023,276.93
48445,2024,
48449,2021,271.35
48449,2022,306.73
48449,2023,339.05
48449,2024,367.16
48451,2021,678.97
48451,2022,771.36
48451,2023,797.01
48451,2024,847.43
48453,2021,1351.41
48453,2022,1645.29
48453,2023,1548.28
48453,2024,1512.77
48455,2021,193.95
48455,2022,236.82
48455,2023,249.09
48455,2024,243.6
48457,2021,184.22
48457,2022,204.74
48457,2023,234.67
48457,2024,247.18
48459,2021,269.16
48459,2022,314.42
48459,2023,357.77
48459,2024,370.95
48463,2021,290.69
48463,2022,346.7
48463,2023,347.7
48463,2024,367.77
48465,2021,262.46
48465,2022,308.99
48465,2023,326.95
48465,2024,335.23
48467,2021,359.22
48467,2022,438.2
48467,2023,453.88
48467,2024,479.39
48469,2021,340.11
48469,2022,395.96
48469,2023,427.41
48469,2024,440.78
48471,2021,276.01
48471,2022,310.87
48471,2023,312.72
48471,2024,330.1
48473,2021,309.72
48473,2022,356.52
48473,2023,422.19
48473,2024,413.51
48475,2021,416.19
48475,2022,420.09
48475,2023,450.41
48475,2024,463.17
48477,2021,311.58
48477,2022,372.45
48477,2023,388.93
48477,2024,420.14
48479,2021,370.21
48479,2022,424.77
48479,2023,465.94
48479,2024,478.98
48481,2021,270.89
48481,2022,305.06
48481,2023,328.5
48481,2024,336.25
48485,2021,395.3
48485,2022,458.93
48485,2023,476.15
48485,2024,499.76
48487,2021,236.78
48487,2022,263.24
48487,2023,311.85
48487,2024,324.73
48491,2021,1019.96
48491,2022,1273.91
48491,2023,1204.78
48491,2024,1187.28
48493,2021,329.12
48493,2022,389.37
48493,2023,402.25
48493,2024,388.73
48497,2021,337.52
48497,2022,405.74
48497,2023,430.36
48497,2024,437.23
48499,2021,273.91
48499,2022,330.9
48499,2023,346.26
48499,2024,362.41
48501,2021,268.3
48501,2022,
48501,2023,309.76
48501,2024,
48503,2021,216.29
48503,2022,268.82
48503,2023,295.9
48503,2024,314.49
49001,2021,328.59
49001,2022,370.52
49001,2023,377.08
49001,2024,431.67
49003,2021,593.38
49003,2022,724.13
49003,2023,717.65
49003,2024,761.15
49005,2021,923.53
49005,2022,1146.54
49005,2023,1155.99
49005,2024,1184.69
49007,2021,319.78
49007,2022,392.78
49007,2023,426.26
49007,2024,443.61
49011,2021,932.84
49011,2022,1118.25
49011,2023,1115.45
49011,2024,1157.49
49013,2021,320.17
49013,2022,388.01
49013,2023,422.7
49013,2024,453.12
49015,2021,220.61
49015,2022,275.65
49015,2023,288.25
49015,2024,287.1
49017,2021,237.45
49017,2022,267.75
49017,2023,290.73
49017,2024,
49019,2021,595.7
49019,2022,733.28
49019,2023,797.5
49019,2024,759.63
49021,2021,421.16
49021,2022,515.33
49021,2023,524.84
49021,2024,524.72
49023,2021,497.9
49023,2022,614.37
49023,2023,626.45
49023,2024,632.34
49025,2021,431.48
49025,2022,531.54
49025,2023,532.92
49025,2024,546.09
49027,2021,361.03
49027,2022,448.3
49027,2023,525.73
49027,2024,505.69
49029,2021,483.25
49029,2022,613.48
49029,2023,648.72
49029,2024,675.59
49033,2021,278.45
49033,2022,393.48
49033,2023,
49033,2024,
49035,2021,1177.56
49035,2022,1406.16
49035,2023,1414.5
49035,2024,1473.19
49037,2021,265.29
49037,2022,320.19
49037,2023,361.05
49037,2024,333.82
49039,2021,410.65
49039,2022,515.01
49039,2023,536.26
49039,2024,542.61
49041,2021,364.65
49041,2022,462.48
49041,2023,463.7
49041,2024,470.56
49043,2021,631.51
49043,2022,775.49
49043,2023,812.31
49043,2024,851.84
49045,2021,470.58
49045,2022,562.02
49045,2023,559.49
49045,2024,586.21
49047,2021,528.61
49047,2022,647.62
49047,2023,736.22
49047,2024,812.53
49049,2021,995.22
49049,2022,1201.23
49049,2023,1201.73
49049,2024,1251.43
49051,2021,627.27
49051,2022,753.04
49051,2023,802.36
49051,2024,821.41
49053,2021,772.2
49053,2022,937.96
49053,2023,948.38
49053,2024,975.96
49055,2021,240.5
49055,2022,318.6
49055,2023,
49055,2024,318.23
49057,2021,954.72
49057,2022,1146.82
49057,2023,1142.58
49057,2024,1180.35
50001,2021,436.22
50001,2022,506.33
50001,2023,591.28
50001,2024,623.93
50003,2021,290.24
50003,2022,337.27
50003,2023,370.44
50003,2024,395.33
50005,2021,191.8
50005,2022,233.11
50005,2023,259.95
50005,2024,282.18
50007,2021,846.67
50007,2022,973.74
50007,2023,1103.27
50007,2024,1167.83
50009,2021,181.39
50009,2022,234.78
50009,2023,259.76
50009,2024,
50011,2021,414.07
50011,2022,480.14
50011,2023,528.08
50011,2024,577.3
50013,2021,289.17
50013,2022,340.5
50013,2023,374.62
50013,2024,394.76
50015,2021,276.42
50015,2022,342.46
50015,2023,375.01
50015,2024,394.88
50017,2021,231.57
50017,2022,273.06
50017,2023,297.67
50017,2024,303.2
50019,2021,195.29
50019,2022,236.98
50019,2023,264.54
50019,2024,285.74
50021,2021,315.15
50021,2022,368.87
50021,2023,410.92
50021,2024,465.31
50023,2021,483.54
50023,2022,566.11
50023,2023,639.21
50023,2024,680.95
50025,2021,274.14
50025,2022,316.17
50025,2023,382.45
50025,2024,399.31
50027,2021,330.77
50027,2022,380.07
50027,2023,425.07
50027,2024,484.17
51001,2021,283.99
51001,2022,326.31
51001,2023,367
51001,2024,413.62
51003,2021,650.71
51003,2022,757.64
51003,2023,798.81
51003,2024,847.98
51005,2021,187.22
51005,2022,206.79
51005,2023,215.53
51005,2024,243.62
51007,2021,241.61
51007,2022,265.51
51007,2023,306.82
51007,2024,337.53
51009,2021,219.34
51009,2022,254.23
51009,2023,275.09
51009,2024,294.82
51011,2021,133.83
51011,2022,167.19
51011,2023,172.02
51011,2024,184.62
51013,2021,1512.66
51013,2022,1632.54
51013,2023,1666.04
51013,2024,1782.05
51015,2021,300.75
51015,2022,342.44
51015,2023,372.88
51015,2024,393.75
51017,2021,93.66
51017,2022,101.14
51017,2023,
51017,2024,123.98
51019,2021,400.84
51019,2022,461.21
51019,2023,507.95
51019,2024,538.65
51021,2021,106.17
51021,2022,118.33
51021,2023,
51021,2024,
51023,2021,242.4
51023,2022,281.35
51023,2023,309.45
51023,2024,327.22
51025,2021,211.88
51025,2022,227.56
51025,2023,263.27
51025,2024,277.89
51027,2021,104.3
51027,2022,
51027,2023,
51027,2024,
51029,2021,101.01
51029,2022,124.73
51029,2023,136.44
51029,2024,147.62
51031,2021,313.73
51031,2022,363.08
51031,2023,401.72
51031,2024,423.46
51033,2021,242.99
51033,2022,284.51
51033,2023,297.36
51033,2024,328.65
51035,2021,182.21
51035,2022,208.51
51035,2023,230.69
51035,2024,243.48
51036,2021,208.5
51036,2022,246.55
51036,2023,272.08
51036,2024,267.91
51037,2021,159.94
51037,2022,187.59
51037,2023,249.65
51037,2024,200.8
51041,2021,526.97
51041,2022,612.67
51041,2023,674.24
51041,2024,720.79
51043,2021,255.88
51043,2022,291.15
51043,2023,315.58
51043,2024,333.37
51045,2021,108.3
51045,2022,110.47
51045,2023,142.71
51045,2024,
51047,2021,350.63
51047,2022,400.77
51047,2023,430.55
51047,2024,447.73
51049,2021,188.06
51049,2022,210.81
51049,2023,240.15
51049,2024,250.8
51053,2021,262.02
51053,2022,297.45
51053,2023,317.04
51053,2024,349.76
51057,2021,192.46
51057,2022,220.52
51057,2023,241.41
51057,2024,251.42
51059,2021,989.79
51059,2022,1088.93
51059,2023,1145.28
51059,2024,1227.13
51061,2021,347.53
51061,2022,384.76
51061,2023,406.74
51061,2024,433.58
51063,2021,211.55
51063,2022,237.05
51063,2023,282.28
51063,2024,275.74
51065,2021,297.76
51065,2022,348.82
51065,2023,378.22
51065,2024,394.94
51067,2021,272.26
51067,2022,313.19
51067,2023,341.41
51067,2024,379.92
51069,2021,337.21
51069,2022,391.76
51069,2023,411.13
51069,2024,433.77
51071,2021,232.91
51071,2022,280.42
51071,2023,288.8
51071,2024,309.99
51073,2021,243.01
51073,2022,273.42
51073,2023,302.55
51073,2024,322.01
51075,2021,333.37
51075,2022,385.24
51075,2023,414.38
51075,2024,453.98
51077,2021,170.92
51077,2022,203.64
51077,2023,214.85
51077,2024,228.64
51079,2021,235.58
51079,2022,275.96
51079,2023,311.86
51079,2024,310.05
51081,2021,195.02
51081,2022,223.28
51081,2023,
51081,2024,274.91
51083,2021,251.74
51083,2022,291.38
51083,2023,310.29
51083,2024,327.85
51085,2021,351.21
51085,2022,400.26
51085,2023,434.83
51085,2024,465.81
51087,2021,621.5
51087,2022,718.25
51087,2023,787.38
51087,2024,833.48
51089,2021,183.3
51089,2022,207.03
51089,2023,233.02
51089,2024,257.45
51093,2021,306.93
51093,2022,348.71
51093,2023,374.66
51093,2024,396.58
51095,2021,641.94
51095,2022,727.01
51095,2023,810.81
51095,2024,888.14
51097,2021,131.84
51097,2022,152.15
51097,2023,152.15
51097,2024,173.54
51099,2021,223.45
51099,2022,254.9
51099,2023,275.04
51099,2024,284.97
51101,2021,260.59
51101,2022,309.72
51101,2023,327.8
51101,2024,349.21
51103,2021,206.81
51103,2022,238.9
51103,2023,254.09
51103,2024,281.72
51107,2021,792.93
51107,2022,902.35
51107,2023,962.84
51107,2024,1025.69
51109,2021,238.67
51109,2022,280.17
51109,2023,295.49
51109,2024,315.45
51111,2021,147.13
51111,2022,168.61
51111,2023,186.84
51111,2024,209.43
51113,2021,218.61
51113,2022,267.56
51113,2023,246.7
51113,2024,295.5
51115,2021,156.59
51115,2022,180.96
51115,2023,196.88
51115,2024,204.95
51117,2021,278.16
51117,2022,342.6
51117,2023,340.52
51117,2024,394.78
51119,2021,186.85
51119,2022,218.97
51119,2023,228.09
51119,2024,253.12
51121,2021,473.74
51121,2022,533.71
51121,2023,581.46
51121,2024,608.61
51125,2021,211.13
51125,2022,243.5
51125,2023,288.02
51125,2024,286.97
51127,2021,237.47
51127,2022,273.08
51127,2023,293.65
51127,2024,314.98
51131,2021,356.47
51131,2022,416.14
51131,2023,458.79
51131,2024,534.38
51133,2021,213.04
51133,2022,244.79
51133,2023,263.85
51133,2024,296.16
51135,2021,184.15
51135,2022,209.33
51135,2023,222.51
51135,2024,227.64
51137,2021,373.12
51137,2022,424.35
51137,2023,450.18
51137,2024,477.06
51139,2021,248.02
51139,2022,289.49
51139,2023,304.86
51139,2024,329.46
51141,2021,162.3
51141,2022,206.72
51141,2023,211.1
51141,2024,268.05
51143,2021,271.03
51143,2022,317.43
51143,2023,350.86
51143,2024,391.82
51145,2021,374.07
51145,2022,429.08
51145,2023,459.57
51145,2024,508.63
51147,2021,208.98
51147,2022,236.96
51147,2023,247.38
51147,2024,270.93
51149,2021,318.94
51149,2022,361.09
51149,2023,386.38
51149,2024,418.46
51153,2021,779.37
51153,2022,868.35
51153,2023,921.2
51153,2024,1001.11
51155,2021,247.01
51155,2022,280.67
51155,2023,302.74
51155,2024,323.35
51157,2021,270.07
51157,2022,321.55
51157,2023,328.8
51157,2024,357.39
51159,2021,185.74
51159,2022,206.4
51159,2023,217.88
51159,2024,214.77
51161,2021,516.52
51161,2022,588.56
51161,2023,648.05
51161,2024,692.61
51163,2021,189.59
51163,2022,217.27
51163,2023,230.46
51163,2024,248.08
51165,2021,341.42
51165,2022,393.72
51165,2023,418.59
51165,2024,447.46
51167,2021,133.37
51167,2022,140.44
51167,2023,156.8
51167,2024,162.48
51169,2021,144.28
51169,2022,158.06
51169,2023,203.33
51169,2024,
51171,2021,346.7
51171,2022,392.23
51171,2023,443.22
51171,2024,468.4
51173,2021,202.64
51173,2022,251.17
51173,2023,254.75
51173,2024,280.26
51175,2021,219.11
51175,2022,246.12
51175,2023,267.21
51175,2024,291.19
51177,2021,554.9
51177,2022,639.01
51177,2023,678.15
51177,2024,739.15
51179,2021,629.51
51179,2022,708.69
51179,2023,763.6
51179,2024,805.07
51181,2021,188.81
51181,2022,226.56
51181,2023,223.04
51181,2024,237.09
51183,2021,188.01
51183,2022,215.68
51183,2023,258.62
51183,2024,248.01
51185,2021,180.51
51185,2022,210.39
51185,2023,208.29
51185,2024,219.13
51187,2021,412.78
51187,2022,467.44
51187,2023,505.59
51187,2024,540.05
51191,2021,258.36
51191,2022,309.37
51191,2023,339.61
51191,2024,374.74
51193,2021,261.23
51193,2022,305.22
51193,2023,335.39
51193,2024,366.43
51195,2021,184.02
51195,2022,206.18
51195,2023,231.45
51195,2024,247.41
51197,2021,227.48
51197,2022,263.25
51197,2023,286.9
51197,2024,307.91
51199,2021,561.13
51199,2022,641.99
51199,2023,697.95
51199,2024,698.48
51510,2021,1495.16
51510,2022,1599.95
51510,2023,1655.11
51510,2024,1746.28
51520,2021,551.71
51520,2022,717.34
51520,2023,819.33
51520,2024,839.66
51530,2021,218.66
51530,2022,267.67
51530,2023,267.24
51530,2024,313.13
51540,2021,970.25
51540,2022,1080.19
51540,2023,1246.59
51540,2024,1330.2
51550,2021,692.67
51550,2022,779.51
51550,2023,829.92
51550,2024,893.74
51570,2021,499.23
51570,2022,561.47
51570,2023,607.99
51570,2024,670.31
51580,2021,146.28
51580,2022,156.05
51580,2023,
51580,2024,
51590,2021,312.46
51590,2022,389.05
51590,2023,436.47
51590,2024,437.41
51595,2021,183.72
51595,2022,
51595,2023,
51595,2024,
51600,2021,853.88
51600,2022,936.17
51600,2023,972.71
51600,2024,1068.69
51610,2021,1540.38
51610,2022,1735.78
51610,2023,1607.41
51610,2024,1854.52
51620,2021,238.17
51620,2022,270.85
51620,2023,280.57
51620,2024,305.96
51630,2021,485.46
51630,2022,551.77
51630,2023,574.89
51630,2024,601.27
51640,2021,221.41
51640,2022,266.42
51640,2023,312.92
51640,2024,305.6
51650,2021,458.52
51650,2022,531.23
51650,2023,578.83
51650,2024,609.96
51660,2021,485.83
51660,2022,548.23
51660,2023,596.28
51660,2024,614.92
51670,2021,343.82
51670,2022,396.96
51670,2023,439.28
51670,2024,478.42
51678,2021,219.6
51678,2022,250.25
51678,2023,249
51678,2024,298.34
51680,2021,597.13
51680,2022,708.85
51680,2023,762.47
51680,2024,818.67
51683,2021,693.49
51683,2022,782.8
51683,2023,801.19
51683,2024,865.9
51685,2021,323.94
51685,2022,376.78
51685,2023,382.36
51685,2024,389.68
51690,2021,238.08
51690,2022,317.48
51690,2023,328.37
51690,2024,358.36
51700,2021,581.32
51700,2022,669.34
51700,2023,712.42
51700,2024,757.53
51710,2021,855.72
51710,2022,960.84
51710,2023,1037.51
51710,2024,1074.37
51730,2021,406.21
51730,2022,478.37
51730,2023,534.82
51730,2024,570.91
51735,2021,626.63
51735,2022,708.11
51735,2023,777.35
51735,2024,786.41
51740,2021,689.08
51740,2022,773.96
51740,2023,836.61
51740,2024,905.32
51750,2021,305.98
51750,2022,351.48
51750,2023,389.82
51750,2024,411.84
51760,2021,997.08
51760,2022,1150.15
51760,2023,1248.97
51760,2024,1344.92
51770,2021,603.98
51770,2022,704.81
51770,2023,757.44
51770,2024,835.15
51775,2021,440.27
51775,2022,504.55
51775,2023,551.34
51775,2024,598.67
51790,2021,553.97
51790,2022,658.8
51790,2023,745.22
51790,2024,761.72
51800,2021,650.17
51800,2022,752.86
51800,2023,803.98
51800,2024,872.54
51810,2021,768.93
51810,2022,872.29
51810,2023,934.22
51810,2024,993.48
51820,2021,432.32
51820,2022,492.91
51820,2023,568.1
51820,2024,585.19
51830,2021,326.76
51830,2022,360.42
51830,2023,412.8
51830,2024,482.27
51840,2021,563.43
51840,2022,647.3
51840,2023,725.59
51840,2024,747.17
53001,2021,695.52
53001,2022,844.11
53001,2023,921.74
53001,2024,924.07
53003,2021,648.48
53003,2022,771.38
53003,2023,791.35
53003,2024,823.88
53005,2021,810.4
53005,2022,957.8
53005,2023,981.52
53005,2024,1006.26
53007,2021,1153.29
53007,2022,1369
53007,2023,1411.15
53007,2024,1452.85
53009,2021,812.66
53009,2022,964.52
53009,2023,989.52
53009,2024,1051.01
53011,2021,1203.34
53011,2022,1403.36
53011,2023,1431.83
53011,2024,1469.8
53013,2021,394.34
53013,2022,485.32
53013,2023,475.83
53013,2024,498.31
53015,2021,1010.57
53015,2022,1163.39
53015,2023,1168.15
53015,2024,1198.36
53017,2021,1156.82
53017,2022,1300.56
53017,2023,1381.54
53017,2024,1427.57
53019,2021,232
53019,2022,252.86
53019,2023,245.43
53019,2024,306.17
53021,2021,757.25
53021,2022,897.66
53021,2023,910.91
53021,2024,935.03
53023,2021,200.29
53023,2022,298.07
53023,2023,259.55
53023,2024,272.29
53025,2021,779.75
53025,2022,925.16
53025,2023,995.18
53025,2024,1016.48
53027,2021,799.3
53027,2022,961.69
53027,2023,973.73
53027,2024,1005.31
53029,2021,1195.71
53029,2022,1408.43
53029,2023,1483.49
53029,2024,1526.12
53031,2021,922.92
53031,2022,1096.33
53031,2023,1131.14
53031,2024,1199.56
53033,2021,1996.18
53033,2022,2314.94
53033,2023,2318.63
53033,2024,2431.17
53035,2021,1064.54
53035,2022,1234.14
53035,2023,1230.17
53035,2024,1273.63
53037,2021,590.41
53037,2022,704.31
53037,2023,709.71
53037,2024,727.28
53039,2021,439.99
53039,2022,530.93
53039,2023,558.15
53039,2024,547.87
53041,2021,957.89
53041,2022,1136.11
53041,2023,1143.02
53041,2024,1200.09
53043,2021,360.51
53043,2022,463.02
53043,2023,476.52
53043,2024,458.02
53045,2021,508.37
53045,2022,588.72
53045,2023,604.9
53045,2024,633.75
53047,2021,504.17
53047,2022,595.04
53047,2023,625.18
53047,2024,684.58
53049,2021,328.98
53049,2022,402.27
53049,2023,431.22
53049,2024,436.42
53051,2021,451.19
53051,2022,534.47
53051,2023,548.97
53051,2024,571.49
53053,2021,1403.51
53053,2022,1623.4
53053,2023,1636.82
53053,2024,1705.07
53055,2021,312.38
53055,2022,357.49
53055,2023,420.44
53055,2024,402.3
53057,2021,1307.89
53057,2022,1567.4
53057,2023,1601.1
53057,2024,1680.13
53059,2021,284.38
53059,2022,347.33
53059,2023,377.19
53059,2024,368.54
53061,2021,1659.99
53061,2022,1962.45
53061,2023,1998.88
53061,2024,2130.43
53063,2021,1015.69
53063,2022,1205.84
53063,2023,1216.02
53063,2024,1241.69
53065,2021,654.99
53065,2022,791.09
53065,2023,808.55
53065,2024,861.17
53067,2021,1118.3
53067,2022,1317.91
53067,2023,1336.81
53067,2024,1406.65
53069,2021,320.62
53069,2022,379.23
53069,2023,418.63
53069,2024,465.34
53071,2021,1013.02
53071,2022,1208.35
53071,2023,1224.92
53071,2024,1231.75
53073,2021,1454.32
53073,2022,1715.01
53073,2023,1735.11
53073,2024,1870.05
53075,2021,696.22
53075,2022,819.71
53075,2023,868.99
53075,2024,870.66
53077,2021,779.39
53077,2022,886.75
53077,2023,922.12
53077,2024,966.68
54001,2021,162.38
54001,2022,185.84
54001,2023,190.23
54001,2024,
54003,2021,300.04
54003,2022,354.37
54003,2023,366.85
54003,2024,392.6
54005,2021,129.29
54005,2022,137.9
54005,2023,148.15
54005,2024,192.81
54009,2021,206.94
54009,2022,230.43
54009,2023,247.39
54009,2024,255.8
54011,2021,276.34
54011,2022,295.38
54011,2023,317.25
54011,2024,323.16
54019,2021,172.17
54019,2022,176.95
54019,2023,213.95
54019,2024,237.01
54023,2021,105.27
54023,2022,120.62
54023,2023,
54023,2024,133.32
54025,2021,212.76
54025,2022,249.56
54025,2023,241.4
54025,2024,283.88
54027,2021,172.24
54027,2022,191.51
54027,2023,204.92
54027,2024,216.94
54029,2021,207.25
54029,2022,224.21
54029,2023,271.47
54029,2024,265.38
54031,2021,183.01
54031,2022,190.8
54031,2023,239.29
54031,2024,247.68
54033,2021,289.52
54033,2022,316.65
54033,2023,341.95
54033,2024,353.28
54035,2021,198.87
54035,2022,218.88
54035,2023,225.56
54035,2024,241.29
54037,2021,249.35
54037,2022,283.76
54037,2023,319.44
54037,2024,337.03
54039,2021,346.86
54039,2022,375.28
54039,2023,390.45
54039,2024,423.42
54041,2021,154.87
54041,2022,156.24
54041,2023,198.24
54041,2024,214.17
54043,2021,134.92
54043,2022,150.71
54043,2023,152.88
54043,2024,164.51
54045,2021,131.88
54045,2022,138.58
54045,2023,
54045,2024,145.67
54049,2021,240.05
54049,2022,265.35
54049,2023,267.61
54049,2024,302.83
54051,2021,229.85
54051,2022,247.35
54051,2023,269.13
54051,2024,252.85
54053,2021,147.27
54053,2022,170.5
54053,2023,181.94
54053,2024,168.63
54055,2021,193.02
54055,2022,213.29
54055,2023,231.79
54055,2024,253.94
54057,2021,192.32
54057,2022,205.74
54057,2023,234.47
54057,2024,260.52
54059,2021,129.12
54059,2022,
54059,2023,
54059,2024,
54061,2021,347.22
54061,2022,384.81
54061,2023,389.98
54061,2024,417.21
54063,2021,161.91
54063,2022,152.22
54063,2023,
54063,2024,207.81
54065,2021,163.43
54065,2022,186.4
54065,2023,194.05
54065,2024,187.88
54067,2021,178.13
54067,2022,186.21
54067,2023,223.81
54067,2024,241.69
54069,2021,287.8
54069,2022,323.14
54069,2023,327.13
54069,2024,349.17
54073,2021,145.54
54073,2022,144.66
54073,2023,
54073,2024,181.77
54077,2021,164.96
54077,2022,191.42
54077,2023,199.3
54077,2024,199.17
54079,2021,239.65
54079,2022,262.36
54079,2023,287.23
54079,2024,302.03
54081,2021,233.13
54081,2022,258.86
54081,2023,277.18
54081,2024,285.44
54083,2021,212.28
54083,2022,230.77
54083,2023,232.3
54083,2024,268.77
54087,2021,152.66
54087,2022,169.7
54087,2023,220.66
54087,2024,
54089,2021,149.89
54089,2022,166.98
54089,2023,181.92
54089,2024,177.91
54091,2021,166.11
54091,2022,180.25
54091,2023,187.59
54091,2024,184.7
54097,2021,210.12
54097,2022,239.25
54097,2023,249.21
54097,2024,300.43
54099,2021,188.03
54099,2022,201.57
54099,2023,195.16
54099,2024,229.87
54103,2021,167.32
54103,2022,176.19
54103,2023,195.7
54103,2024,211.03
54107,2021,324.25
54107,2022,364.71
54107,2023,393.73
54107,2024,399.11
55001,2021,359.89
55001,2022,436.01
55001,2023,472.9
55001,2024,531.05
55003,2021,304
55003,2022,366.97
55003,2023,403.44
55003,2024,423.54
55005,2021,344.02
55005,2022,401.57
55005,2023,419.93
55005,2024,470.12
55007,2021,384.75
55007,2022,456.89
55007,2023,490.76
55007,2024,583.52
55009,2021,420.18
55009,2022,488.65
55009,2023,551.53
55009,2024,589.31
55011,2021,329.89
55011,2022,380.64
55011,2023,426.41
55011,2024,480.57
55013,2021,396.52
55013,2022,472.49
55013,2023,526.24
55013,2024,559.11
55015,2021,310.86
55015,2022,356.78
55015,2023,404.92
55015,2024,438.64
55017,2021,650.82
55017,2022,740.99
55017,2023,827.82
55017,2024,865.12
55019,2021,307.3
55019,2022,344.02
55019,2023,404.48
55019,2024,428.95
55021,2021,367.95
55021,2022,415.77
55021,2023,464.98
55021,2024,494.84
55023,2021,281.05
55023,2022,327.79
55023,2023,339.52
55023,2024,375.09
55025,2021,776.48
55025,2022,891.92
55025,2023,978.65
55025,2024,1045.89
55027,2021,302.76
55027,2022,346.27
55027,2023,382.37
55027,2024,417.7
55029,2021,322.49
55029,2022,397.54
55029,2023,452.49
55029,2024,495.56
55031,2021,395.05
55031,2022,462.84
55031,2023,506.93
55031,2024,539.2
55033,2021,353.9
55033,2022,419.31
55033,2023,453.06
55033,2024,493.19
55035,2021,530.26
55035,2022,606.32
55035,2023,670.68
55035,2024,702.73
55037,2021,134.43
55037,2022,168.85
55037,2023,176.21
55037,2024,187.44
55039,2021,410.89
55039,2022,474.01
55039,2023,537.22
55039,2024,575.58
55041,2021,203.35
55041,2022,241.22
55041,2023,266.63
55041,2024,263.5
55043,2021,425.75
55043,2022,475.93
55043,2023,511.25
55043,2024,558.82
55045,2021,401
55045,2022,472.3
55045,2023,519.08
55045,2024,559.99
55047,2021,328.11
55047,2022,378.72
55047,2023,423.88
55047,2024,473.73
55049,2021,386.65
55049,2022,437.85
55049,2023,492.71
55049,2024,528.92
55051,2021,167.27
55051,2022,188.05
55051,2023,181.81
55051,2024,226.31
55053,2021,194.39
55053,2022,215.86
55053,2023,248.38
55053,2024,287.4
55055,2021,425.66
55055,2022,484.46
55055,2023,536.61
55055,2024,573.58
55057,2021,327.26
55057,2022,383.64
55057,2023,410.35
55057,2024,467.04
55059,2021,563.55
55059,2022,633.23
55059,2023,677.01
55059,2024,747.22
55061,2021,292.78
55061,2022,341.36
55061,2023,394.55
55061,2024,419.64
55063,2021,422.27
55063,2022,483.02
55063,2023,528.45
55063,2024,558.33
55065,2021,285.55
55065,2022,334.22
55065,2023,346.37
55065,2024,367.84
55067,2021,248.76
55067,2022,283.39
55067,2023,312.81
55067,2024,344.46
55069,2021,300.3
55069,2022,344.55
55069,2023,394.35
55069,2024,430.46
55071,2021,324.93
55071,2022,377.14
55071,2023,452.5
55071,2024,481.94
55073,2021,388.17
55073,2022,442.36
55073,2023,486.58
55073,2024,516.26
55075,2021,274.78
55075,2022,317.96
55075,2023,364.16
55075,2024,382.63
55077,2021,276.57
55077,2022,335.86
55077,2023,348.81
55077,2024,401.08
55078,2021,157.66
55078,2022,
55078,2023,
55078,2024,
55079,2021,573.98
55079,2022,651.46
55079,2023,721.29
55079,2024,768.19
55081,2021,440.14
55081,2022,502.17
55081,2023,545.91
55081,2024,594.42
55083,2021,337.11
55083,2022,394.49
55083,2023,454.54
55083,2024,504.74
55085,2021,413.76
55085,2022,505.08
55085,2023,535.44
55085,2024,580.81
55087,2021,613.53
55087,2022,704.91
55087,2023,796.88
55087,2024,858.5
55089,2021,581.28
55089,2022,649.91
55089,2023,708.76
55089,2024,760.99
55091,2021,226.88
55091,2022,251.75
55091,2023,286.11
55091,2024,301.35
55093,2021,371.34
55093,2022,421.18
55093,2023,457.04
55093,2024,469.95
55095,2021,405.96
55095,2022,476.39
55095,2023,520.44
55095,2024,544.08
55097,2021,432.78
55097,2022,487.84
55097,2023,557.65
55097,2024,595.77
55099,2021,247.08
55099,2022,307.43
55099,2023,351.6
55099,2024,368.15
55101,2021,473.64
55101,2022,538.19
55101,2023,592.85
55101,2024,630.2
55103,2021,274.7
55103,2022,309.5
55103,2023,318.91
55103,2024,363.75
55105,2021,564.53
55105,2022,649.13
55105,2023,712.24
55105,2024,771.96
55107,2021,274.32
55107,2022,316.5
55107,2023,369.59
55107,2024,426.53
55109,2021,369.69
55109,2022,420.34
55109,2023,439.58
55109,2024,468.88
55111,2021,374.26
55111,2022,436.74
55111,2023,477.31
55111,2024,510.1
55113,2021,233.66
55113,2022,274.98
55113,2023,317.38
55113,2024,340.56
55115,2021,292.8
55115,2022,334.38
55115,2023,395.8
55115,2024,435.52
55117,2021,298.69
55117,2022,340.77
55117,2023,390.77
55117,2024,418.42
55119,2021,259.63
55119,2022,314.39
55119,2023,315.12
55119,2024,327.72
55121,2021,241.97
55121,2022,278.28
55121,2023,296.1
55121,2024,317.4
55123,2021,331.39
55123,2022,389.48
55123,2023,420.25
55123,2024,452.59
55125,2021,395.6
55125,2022,477.84
55125,2023,560.55
55125,2024,621.39
55127,2021,631.4
55127,2022,723.55
55127,2023,799.87
55127,2024,861.21
55129,2021,301.46
55129,2022,358.16
55129,2023,410.83
55129,2024,411.28
55131,2021,483.08
55131,2022,551.85
55131,2023,603
55131,2024,645.03
55133,2021,633.5
55133,2022,720.34
55133,2023,792.5
55133,2024,842.41
55135,2021,328.01
55135,2022,374.19
55135,2023,400.39
55135,2024,456.86
55137,2021,244.88
55137,2022,292.63
55137,2023,337.37
55137,2024,361.21
55139,2021,498.88
55139,2022,577.42
55139,2023,640.97
55139,2024,693.92
55141,2021,455.37
55141,2022,521.12
55141,2023,576.58
55141,2024,615
56001,2021,733.19
56001,2022,847.24
56001,2023,900.23
56001,2024,955.19
56003,2021,345.99
56003,2022,416.7
56003,2023,445.28
56003,2024,476.94
56005,2021,361.37
56005,2022,406.82
56005,2023,433.6
56005,2024,456.14
56007,2021,453.34
56007,2022,510.86
56007,2023,518.12
56007,2024,526.7
56009,2021,380.29
56009,2022,419.97
56009,2023,431.57
56009,2024,457.42
56011,2021,248.03
56011,2022,309.16
56011,2023,356.91
56011,2024,343.79
56013,2021,471.9
56013,2022,569.1
56013,2023,616.26
56013,2024,619.4
56015,2021,272.37
56015,2022,308.78
56015,2023,332.73
56015,2024,372.03
56017,2021,221.96
56017,2022,259.94
56017,2023,277.86
56017,2024,331.92
56019,2021,391.26
56019,2022,468.79
56019,2023,443.75
56019,2024,480.45
56021,2021,815.26
56021,2022,929.95
56021,2023,945.9
56021,2024,990.04
56023,2021,269.9
56023,2022,332.19
56023,2023,329.16
56023,2024,365.08
56025,2021,529.97
56025,2022,595.47
56025,2023,633.23
56025,2024,669.14
56029,2021,406.13
56029,2022,484.45
56029,2023,530.99
56029,2024,556.66
56031,2021,367.96
56031,2022,419.11
56031,2023,436.35
56031,2024,460.1
56033,2021,427.09
56033,2022,508.92
56033,2023,519.97
56033,2024,536.58
56035,2021,335.92
56035,2022,406.69
56035,2023,442.11
56035,2024,481.19
56037,2021,579.04
56037,2022,632.68
56037,2023,674.61
56037,2024,689.74
56039,2021,1110.54
56039,2022,1174.9
56039,2023,
56039,2024,
56041,2021,296.94
56041,2022,355.08
56041,2023,357.66
56041,2024,388.2
56043,2021,292.03
56043,2022,335.71
56043,2023,394
56043,2024,401.4
56045,2021,246.69
56045,2022,261.87
56045,2023,265.32
56045,2024,291.58
