yr,ZIP Code,county_fips5,state,prem_per_unit,prem_w,pred_prem_w
2018,90001,6037.0,CALIFORNIA,685.3907726514731,685.3907726514731,985.5947915935825
2019,90001,6037.0,CALIFORNIA,725.6806226516371,725.6806226516371,1133.4569424764545
2020,90001,6037.0,CALIFORNIA,784.3249475890985,784.3249475890985,1254.9616852551637
2018,90002,6037.0,CALIFORNIA,684.0214541120381,684.0214541120381,985.5947915935825
2019,90002,6037.0,CALIFORNIA,723.093984962406,723.093984962406,1133.4569424764545
2020,90002,6037.0,CALIFORNIA,777.3632653061225,777.3632653061225,1254.9616852551637
2018,90003,6037.0,CALIFORNIA,738.6669452569996,738.6669452569996,985.5947915935825
2019,90003,6037.0,CALIFORNIA,784.7120780805205,784.7120780805205,1133.4569424764545
2020,90003,6037.0,CALIFORNIA,844.0776892430279,844.0776892430279,1254.9616852551637
2018,90004,6037.0,CALIFORNIA,2226.042990654206,2226.042990654206,985.5947915935825
2019,90004,6037.0,CALIFORNIA,2359.7447821310875,2359.7447821310875,1133.4569424764545
2020,90004,6037.0,CALIFORNIA,2758.2035688273854,2758.2035688273854,1254.9616852551637
2018,90005,6037.0,CALIFORNIA,3045.3303886925796,3045.3303886925796,985.5947915935825
2019,90005,6037.0,CALIFORNIA,3369.2401372212694,3369.2401372212694,1133.4569424764545
2020,90005,6037.0,CALIFORNIA,3856.9589743589745,3856.9589743589745,1254.9616852551637
2018,90006,6037.0,CALIFORNIA,1076.7601410934744,1076.7601410934744,985.5947915935825
2019,90006,6037.0,CALIFORNIA,1151.1224137931035,1151.1224137931035,1133.4569424764545
2020,90006,6037.0,CALIFORNIA,1251.957627118644,1251.957627118644,1254.9616852551637
2018,90007,6037.0,CALIFORNIA,1082.2003454231433,1082.2003454231433,985.5947915935825
2019,90007,6037.0,CALIFORNIA,1156.1966101694916,1156.1966101694916,1133.4569424764545
2020,90007,6037.0,CALIFORNIA,1296.7059829059829,1296.7059829059829,1254.9616852551637
2018,90008,6037.0,CALIFORNIA,1216.2543175487465,1216.2543175487465,985.5947915935825
2019,90008,6037.0,CALIFORNIA,1328.8007705008256,1328.8007705008256,1133.4569424764545
2020,90008,6037.0,CALIFORNIA,1477.369155045119,1477.369155045119,1254.9616852551637
2018,90010,6037.0,CALIFORNIA,643.0,643.0,985.5947915935825
2019,90010,6037.0,CALIFORNIA,880.5,880.5,1133.4569424764545
2020,90010,6037.0,CALIFORNIA,1188.8,1188.8,1254.9616852551637
2018,90011,6037.0,CALIFORNIA,767.2234636871508,767.2234636871508,985.5947915935825
2019,90011,6037.0,CALIFORNIA,816.4913793103449,816.4913793103449,1133.4569424764545
2020,90011,6037.0,CALIFORNIA,868.9109947643979,868.9109947643979,1254.9616852551637
2018,90012,6037.0,CALIFORNIA,862.7374301675977,862.7374301675977,985.5947915935825
2019,90012,6037.0,CALIFORNIA,940.6228571428572,940.6228571428572,1133.4569424764545
2020,90012,6037.0,CALIFORNIA,1068.7206703910615,1068.7206703910615,1254.9616852551637
2018,90013,6037.0,CALIFORNIA,769.6666666666666,769.6666666666666,985.5947915935825
2019,90013,6037.0,CALIFORNIA,650.6666666666666,650.6666666666666,1133.4569424764545
2020,90013,6037.0,CALIFORNIA,492.0,571.7662565339767,1254.9616852551637
2018,90014,6037.0,CALIFORNIA,788.0,788.0,985.5947915935825
2018,90015,6037.0,CALIFORNIA,995.3717948717948,995.3717948717948,985.5947915935825
2019,90015,6037.0,CALIFORNIA,1053.76,1053.76,1133.4569424764545
2020,90015,6037.0,CALIFORNIA,1096.6760563380285,1096.6760563380285,1254.9616852551637
2018,90016,6037.0,CALIFORNIA,913.742650988776,913.742650988776,985.5947915935825
2019,90016,6037.0,CALIFORNIA,977.583071278826,977.583071278826,1133.4569424764545
2020,90016,6037.0,CALIFORNIA,1072.5940414507772,1072.5940414507772,1254.9616852551637
2018,90017,6037.0,CALIFORNIA,672.1428571428571,672.1428571428571,985.5947915935825
2019,90017,6037.0,CALIFORNIA,1081.0,1081.0,1133.4569424764545
2020,90017,6037.0,CALIFORNIA,1114.6666666666667,1114.6666666666667,1254.9616852551637
2018,90018,6037.0,CALIFORNIA,971.1666666666666,971.1666666666666,985.5947915935825
2019,90018,6037.0,CALIFORNIA,1036.0387417218542,1036.0387417218542,1133.4569424764545
2020,90018,6037.0,CALIFORNIA,1140.498375568551,1140.498375568551,1254.9616852551637
2018,90019,6037.0,CALIFORNIA,1218.9821632746398,1218.9821632746398,985.5947915935825
2019,90019,6037.0,CALIFORNIA,1310.351418280054,1310.351418280054,1133.4569424764545
2020,90019,6037.0,CALIFORNIA,1480.288048343778,1480.288048343778,1254.9616852551637
2018,90020,6037.0,CALIFORNIA,5433.914448669201,5190.254651625734,985.5947915935825
2019,90020,6037.0,CALIFORNIA,5768.44014732965,5190.254651625734,1133.4569424764545
2020,90020,6037.0,CALIFORNIA,7004.659300184162,5190.254651625734,1254.9616852551637
2018,90021,6037.0,CALIFORNIA,648.875,648.875,985.5947915935825
2019,90021,6037.0,CALIFORNIA,906.0,906.0,1133.4569424764545
2020,90021,6037.0,CALIFORNIA,781.1666666666666,781.1666666666666,1254.9616852551637
2018,90022,6037.0,CALIFORNIA,564.0481388189197,571.7662565339767,985.5947915935825
2019,90022,6037.0,CALIFORNIA,599.0274951883421,599.0274951883421,1133.4569424764545
2020,90022,6037.0,CALIFORNIA,647.5795763172189,647.5795763172189,1254.9616852551637
2018,90023,6037.0,CALIFORNIA,638.3088642659279,638.3088642659279,985.5947915935825
2019,90023,6037.0,CALIFORNIA,679.168,679.168,1133.4569424764545
2020,90023,6037.0,CALIFORNIA,743.7438231469441,743.7438231469441,1254.9616852551637
2018,90024,6037.0,CALIFORNIA,3513.4751302700142,3513.4751302700142,985.5947915935825
2019,90024,6037.0,CALIFORNIA,3550.844454887218,3550.844454887218,1133.4569424764545
2020,90024,6037.0,CALIFORNIA,4064.945692883895,4064.945692883895,1254.9616852551637
2018,90025,6037.0,CALIFORNIA,1403.584176085663,1403.584176085663,985.5947915935825
2019,90025,6037.0,CALIFORNIA,1492.505931198102,1492.505931198102,1133.4569424764545
2020,90025,6037.0,CALIFORNIA,1683.267613972765,1683.267613972765,1254.9616852551637
2018,90026,6037.0,CALIFORNIA,1090.2179134350763,1090.2179134350763,985.5947915935825
2019,90026,6037.0,CALIFORNIA,1171.6796547472256,1171.6796547472256,1133.4569424764545
2020,90026,6037.0,CALIFORNIA,1326.6129737609328,1326.6129737609328,1254.9616852551637
2018,90027,6037.0,CALIFORNIA,2163.924079976818,2163.924079976818,985.5947915935825
2019,90027,6037.0,CALIFORNIA,2358.9939620471537,2358.9939620471537,1133.4569424764545
2020,90027,6037.0,CALIFORNIA,2691.096875,2691.096875,1254.9616852551637
2018,90028,6037.0,CALIFORNIA,1129.493333333333,1129.493333333333,985.5947915935825
2019,90028,6037.0,CALIFORNIA,1292.1552511415523,1292.1552511415523,1133.4569424764545
2020,90028,6037.0,CALIFORNIA,1363.7927927927929,1363.7927927927929,1254.9616852551637
2018,90029,6037.0,CALIFORNIA,1036.0989717223651,1036.0989717223651,985.5947915935825
2019,90029,6037.0,CALIFORNIA,1093.3525,1093.3525,1133.4569424764545
2020,90029,6037.0,CALIFORNIA,1226.16149068323,1226.16149068323,1254.9616852551637
2018,90031,6037.0,CALIFORNIA,784.7635197066911,784.7635197066911,985.5947915935825
2019,90031,6037.0,CALIFORNIA,845.3381359747862,845.3381359747862,1133.4569424764545
2020,90031,6037.0,CALIFORNIA,928.093515659462,928.093515659462,1254.9616852551637
2018,90032,6037.0,CALIFORNIA,717.4028486394558,717.4028486394558,985.5947915935825
2019,90032,6037.0,CALIFORNIA,767.8168984845339,767.8168984845339,1133.4569424764545
2020,90032,6037.0,CALIFORNIA,841.9034383364217,841.9034383364217,1254.9616852551637
2018,90033,6037.0,CALIFORNIA,676.4695278969957,676.4695278969957,985.5947915935825
2019,90033,6037.0,CALIFORNIA,723.4595744680851,723.4595744680851,1133.4569424764545
2020,90033,6037.0,CALIFORNIA,793.484388185654,793.484388185654,1254.9616852551637
2018,90034,6037.0,CALIFORNIA,1182.3000547045951,1182.3000547045951,985.5947915935825
2019,90034,6037.0,CALIFORNIA,1281.428571428571,1281.428571428571,1133.4569424764545
2020,90034,6037.0,CALIFORNIA,1448.994834148994,1448.994834148994,1254.9616852551637
2018,90035,6037.0,CALIFORNIA,1569.1694101508915,1569.1694101508915,985.5947915935825
2019,90035,6037.0,CALIFORNIA,1706.2398345968295,1706.2398345968295,1133.4569424764545
2020,90035,6037.0,CALIFORNIA,1933.7609589041097,1933.7609589041097,1254.9616852551637
2018,90036,6037.0,CALIFORNIA,2060.119428818693,2060.119428818693,985.5947915935825
2019,90036,6037.0,CALIFORNIA,2239.8498705780844,2239.8498705780844,1133.4569424764545
2020,90036,6037.0,CALIFORNIA,2539.981107771576,2539.981107771576,1254.9616852551637
2018,90037,6037.0,CALIFORNIA,878.047406581149,878.047406581149,985.5947915935825
2019,90037,6037.0,CALIFORNIA,921.2784334763948,921.2784334763948,1133.4569424764545
2020,90037,6037.0,CALIFORNIA,994.730605738576,994.730605738576,1254.9616852551637
2018,90038,6037.0,CALIFORNIA,1118.3147826086956,1118.3147826086956,985.5947915935825
2019,90038,6037.0,CALIFORNIA,1224.484429065744,1224.484429065744,1133.4569424764545
2020,90038,6037.0,CALIFORNIA,1421.4702886247878,1421.4702886247878,1254.9616852551637
2018,90039,6037.0,CALIFORNIA,1089.474003264164,1089.474003264164,985.5947915935825
2019,90039,6037.0,CALIFORNIA,1180.9347826086955,1180.9347826086955,1133.4569424764545
2020,90039,6037.0,CALIFORNIA,1346.8970152654365,1346.8970152654365,1254.9616852551637
2018,90040,6037.0,CALIFORNIA,595.4143272023233,595.4143272023233,985.5947915935825
2019,90040,6037.0,CALIFORNIA,634.8307692307692,634.8307692307692,1133.4569424764545
2020,90040,6037.0,CALIFORNIA,703.8998109640831,703.8998109640831,1254.9616852551637
2018,90041,6037.0,CALIFORNIA,956.7933458294284,956.7933458294284,985.5947915935825
2019,90041,6037.0,CALIFORNIA,1032.597327804653,1032.597327804653,1133.4569424764545
2020,90041,6037.0,CALIFORNIA,1143.482126696833,1143.482126696833,1254.9616852551637
2018,90042,6037.0,CALIFORNIA,783.5643581081081,783.5643581081081,985.5947915935825
2019,90042,6037.0,CALIFORNIA,848.2455327597618,848.2455327597618,1133.4569424764545
2020,90042,6037.0,CALIFORNIA,938.182839465972,938.182839465972,1254.9616852551637
2018,90043,6037.0,CALIFORNIA,1004.3889644746788,1004.3889644746788,985.5947915935825
2019,90043,6037.0,CALIFORNIA,1072.241374225892,1072.241374225892,1133.4569424764545
2020,90043,6037.0,CALIFORNIA,1170.953737169293,1170.953737169293,1254.9616852551637
2018,90044,6037.0,CALIFORNIA,810.0638206123328,810.0638206123328,985.5947915935825
2019,90044,6037.0,CALIFORNIA,850.8586866167914,850.8586866167914,1133.4569424764545
2020,90044,6037.0,CALIFORNIA,917.5637065637064,917.5637065637064,1254.9616852551637
2018,90045,6037.0,CALIFORNIA,940.6487972508592,940.6487972508592,985.5947915935825
2019,90045,6037.0,CALIFORNIA,1025.4878584167925,1025.4878584167925,1133.4569424764545
2020,90045,6037.0,CALIFORNIA,1129.4900245968845,1129.4900245968845,1254.9616852551637
2018,90046,6037.0,CALIFORNIA,2748.2548663379184,2748.2548663379184,985.5947915935825
2019,90046,6037.0,CALIFORNIA,2959.7389630390144,2959.7389630390144,1133.4569424764545
2020,90046,6037.0,CALIFORNIA,3292.3871365204536,3292.3871365204536,1254.9616852551637
2018,90047,6037.0,CALIFORNIA,813.106443372126,813.106443372126,985.5947915935825
2019,90047,6037.0,CALIFORNIA,863.9182068965517,863.9182068965517,1133.4569424764545
2020,90047,6037.0,CALIFORNIA,943.0876295598332,943.0876295598332,1254.9616852551637
2018,90048,6037.0,CALIFORNIA,1851.1721854304635,1851.1721854304635,985.5947915935825
2019,90048,6037.0,CALIFORNIA,2032.296392872664,2032.296392872664,1133.4569424764545
2020,90048,6037.0,CALIFORNIA,2311.5796915167093,2311.5796915167093,1254.9616852551637
2018,90049,6037.0,CALIFORNIA,4427.087859947644,4427.087859947644,985.5947915935825
2019,90049,6037.0,CALIFORNIA,4685.139919678715,4685.139919678715,1133.4569424764545
2020,90049,6037.0,CALIFORNIA,5533.998534917792,5190.254651625734,1254.9616852551637
2018,90056,6037.0,CALIFORNIA,1551.0693430656934,1551.0693430656934,985.5947915935825
2019,90056,6037.0,CALIFORNIA,1664.4181724315952,1664.4181724315952,1133.4569424764545
2020,90056,6037.0,CALIFORNIA,1821.451381780962,1821.451381780962,1254.9616852551637
2018,90057,6037.0,CALIFORNIA,1012.3543307086616,1012.3543307086616,985.5947915935825
2019,90057,6037.0,CALIFORNIA,1057.6124031007753,1057.6124031007753,1133.4569424764545
2020,90057,6037.0,CALIFORNIA,1189.157894736842,1189.157894736842,1254.9616852551637
2018,90058,6037.0,CALIFORNIA,627.6538461538462,627.6538461538462,985.5947915935825
2019,90058,6037.0,CALIFORNIA,642.9655172413793,642.9655172413793,1133.4569424764545
2020,90058,6037.0,CALIFORNIA,789.9655172413793,789.9655172413793,1254.9616852551637
2018,90059,6037.0,CALIFORNIA,699.9844720496894,699.9844720496894,985.5947915935825
2019,90059,6037.0,CALIFORNIA,735.2687545520757,735.2687545520757,1133.4569424764545
2020,90059,6037.0,CALIFORNIA,801.0049174569723,801.0049174569723,1254.9616852551637
2018,90061,6037.0,CALIFORNIA,703.4637436762226,703.4637436762226,985.5947915935825
2019,90061,6037.0,CALIFORNIA,754.3888888888889,754.3888888888889,1133.4569424764545
2020,90061,6037.0,CALIFORNIA,837.6445040214477,837.6445040214477,1254.9616852551637
2018,90062,6037.0,CALIFORNIA,889.9227467811158,889.9227467811158,985.5947915935825
2019,90062,6037.0,CALIFORNIA,944.8296634815124,944.8296634815124,1133.4569424764545
2020,90062,6037.0,CALIFORNIA,1024.2412404349575,1024.2412404349575,1254.9616852551637
2018,90063,6037.0,CALIFORNIA,609.2270408163265,609.2270408163265,985.5947915935825
2019,90063,6037.0,CALIFORNIA,651.2413793103449,651.2413793103449,1133.4569424764545
2020,90063,6037.0,CALIFORNIA,718.3546934534119,718.3546934534119,1254.9616852551637
2018,90064,6037.0,CALIFORNIA,1487.4916732751783,1487.4916732751783,985.5947915935825
2019,90064,6037.0,CALIFORNIA,1603.2573831410132,1603.2573831410132,1133.4569424764545
2020,90064,6037.0,CALIFORNIA,1801.138752214131,1801.138752214131,1254.9616852551637
2018,90065,6037.0,CALIFORNIA,923.218052256532,923.218052256532,985.5947915935825
2019,90065,6037.0,CALIFORNIA,995.6248037676608,995.6248037676608,1133.4569424764545
2020,90065,6037.0,CALIFORNIA,1090.7056814653831,1090.7056814653831,1254.9616852551637
2018,90066,6037.0,CALIFORNIA,1026.1098229073768,1026.1098229073768,985.5947915935825
2019,90066,6037.0,CALIFORNIA,1113.0209490156487,1113.0209490156487,1133.4569424764545
2020,90066,6037.0,CALIFORNIA,1236.940082904158,1236.940082904158,1254.9616852551637
2018,90067,6037.0,CALIFORNIA,5722.9375,5190.254651625734,985.5947915935825
2019,90067,6037.0,CALIFORNIA,6300.666666666667,5190.254651625734,1133.4569424764545
2020,90067,6037.0,CALIFORNIA,8024.3125,5190.254651625734,1254.9616852551637
2018,90068,6037.0,CALIFORNIA,2677.874754901961,2677.874754901961,985.5947915935825
2019,90068,6037.0,CALIFORNIA,2846.6225549384208,2846.6225549384208,1133.4569424764545
2020,90068,6037.0,CALIFORNIA,3113.7361891385767,3113.7361891385767,1254.9616852551637
2018,90069,6037.0,CALIFORNIA,4775.421146953405,4775.421146953405,985.5947915935825
2019,90069,6037.0,CALIFORNIA,5002.932857991682,5002.932857991682,1133.4569424764545
2020,90069,6037.0,CALIFORNIA,5888.537769784172,5190.254651625734,1254.9616852551637
2018,90071,6037.0,CALIFORNIA,3620.0,3620.0,985.5947915935825
2018,90077,6037.0,CALIFORNIA,7001.638306789606,5190.254651625734,985.5947915935825
2019,90077,6037.0,CALIFORNIA,7067.065608023401,5190.254651625734,1133.4569424764545
2020,90077,6037.0,CALIFORNIA,8265.701938610662,5190.254651625734,1254.9616852551637
2018,90094,6037.0,CALIFORNIA,1306.177536231884,1306.177536231884,985.5947915935825
2019,90094,6037.0,CALIFORNIA,1460.046511627907,1460.046511627907,1133.4569424764545
2020,90094,6037.0,CALIFORNIA,1695.3665594855306,1695.3665594855306,1254.9616852551637
2018,90201,6037.0,CALIFORNIA,573.665404475043,573.665404475043,985.5947915935825
2019,90201,6037.0,CALIFORNIA,615.3625377643505,615.3625377643505,1133.4569424764545
2020,90201,6037.0,CALIFORNIA,669.905203844879,669.905203844879,1254.9616852551637
2018,90210,6037.0,CALIFORNIA,8651.744129554656,5190.254651625734,985.5947915935825
2019,90210,6037.0,CALIFORNIA,9046.54142658454,5190.254651625734,1133.4569424764545
2020,90210,6037.0,CALIFORNIA,10933.651195219123,5190.254651625734,1254.9616852551637
2018,90211,6037.0,CALIFORNIA,2033.2991347342395,2033.2991347342395,985.5947915935825
2019,90211,6037.0,CALIFORNIA,2221.2698412698414,2221.2698412698414,1133.4569424764545
2020,90211,6037.0,CALIFORNIA,2502.40799031477,2502.40799031477,1254.9616852551637
2018,90212,6037.0,CALIFORNIA,2920.0741525423728,2920.0741525423728,985.5947915935825
2019,90212,6037.0,CALIFORNIA,3133.4979079497907,3133.4979079497907,1133.4569424764545
2020,90212,6037.0,CALIFORNIA,3565.805411030177,3565.805411030177,1254.9616852551637
2018,90220,6037.0,CALIFORNIA,716.7300063979527,716.7300063979527,985.5947915935825
2019,90220,6037.0,CALIFORNIA,769.5066445182724,769.5066445182724,1133.4569424764545
2020,90220,6037.0,CALIFORNIA,849.4913544668588,849.4913544668588,1254.9616852551637
2018,90221,6037.0,CALIFORNIA,716.0459617428268,716.0459617428268,985.5947915935825
2019,90221,6037.0,CALIFORNIA,759.6142274349821,759.6142274349821,1133.4569424764545
2020,90221,6037.0,CALIFORNIA,827.1508824260502,827.1508824260502,1254.9616852551637
2018,90222,6037.0,CALIFORNIA,708.5980198019802,708.5980198019802,985.5947915935825
2019,90222,6037.0,CALIFORNIA,751.8218809980806,751.8218809980806,1133.4569424764545
2020,90222,6037.0,CALIFORNIA,812.5032015065914,812.5032015065914,1254.9616852551637
2018,90230,6037.0,CALIFORNIA,890.0025660764691,890.0025660764691,985.5947915935825
2019,90230,6037.0,CALIFORNIA,946.052564102564,946.052564102564,1133.4569424764545
2020,90230,6037.0,CALIFORNIA,1041.224380270892,1041.224380270892,1254.9616852551637
2018,90232,6037.0,CALIFORNIA,1015.9574468085108,1015.9574468085108,985.5947915935825
2019,90232,6037.0,CALIFORNIA,1095.5356636750118,1095.5356636750118,1133.4569424764545
2020,90232,6037.0,CALIFORNIA,1197.3962264150944,1197.3962264150944,1254.9616852551637
2018,90240,6037.0,CALIFORNIA,834.6482727680574,834.6482727680574,985.5947915935825
2019,90240,6037.0,CALIFORNIA,885.7648482182138,885.7648482182138,1133.4569424764545
2020,90240,6037.0,CALIFORNIA,974.5071791473382,974.5071791473382,1254.9616852551637
2018,90241,6037.0,CALIFORNIA,795.3914512922465,795.3914512922465,985.5947915935825
2019,90241,6037.0,CALIFORNIA,844.526191877575,844.526191877575,1133.4569424764545
2020,90241,6037.0,CALIFORNIA,925.1770956316412,925.1770956316412,1254.9616852551637
2018,90242,6037.0,CALIFORNIA,659.8869166334264,659.8869166334264,985.5947915935825
2019,90242,6037.0,CALIFORNIA,699.6711489025114,699.6711489025114,1133.4569424764545
2020,90242,6037.0,CALIFORNIA,760.6590461174616,760.6590461174616,1254.9616852551637
2018,90245,6037.0,CALIFORNIA,984.2421842434348,984.2421842434348,985.5947915935825
2019,90245,6037.0,CALIFORNIA,1069.1376900945336,1069.1376900945336,1133.4569424764545
2020,90245,6037.0,CALIFORNIA,1163.79185520362,1163.79185520362,1254.9616852551637
2018,90247,6037.0,CALIFORNIA,701.8435686653771,701.8435686653771,985.5947915935825
2019,90247,6037.0,CALIFORNIA,737.7715857450371,737.7715857450371,1133.4569424764545
2020,90247,6037.0,CALIFORNIA,812.8676753121998,812.8676753121998,1254.9616852551637
2018,90248,6037.0,CALIFORNIA,728.555619266055,728.555619266055,985.5947915935825
2019,90248,6037.0,CALIFORNIA,773.0279840091376,773.0279840091376,1133.4569424764545
2020,90248,6037.0,CALIFORNIA,842.0427005193307,842.0427005193307,1254.9616852551637
2018,90249,6037.0,CALIFORNIA,679.4213209733488,679.4213209733488,985.5947915935825
2019,90249,6037.0,CALIFORNIA,721.151473296501,721.151473296501,1133.4569424764545
2020,90249,6037.0,CALIFORNIA,786.7321551526279,786.7321551526279,1254.9616852551637
2018,90250,6037.0,CALIFORNIA,672.6037712442625,672.6037712442625,985.5947915935825
2019,90250,6037.0,CALIFORNIA,723.5454433648997,723.5454433648997,1133.4569424764545
2020,90250,6037.0,CALIFORNIA,792.303431372549,792.303431372549,1254.9616852551637
2018,90254,6037.0,CALIFORNIA,1362.430745341615,1362.430745341615,985.5947915935825
2019,90254,6037.0,CALIFORNIA,1498.7716992665037,1498.7716992665037,1133.4569424764545
2020,90254,6037.0,CALIFORNIA,1698.2342041312272,1698.2342041312272,1254.9616852551637
2018,90255,6037.0,CALIFORNIA,630.7305450805623,630.7305450805623,985.5947915935825
2019,90255,6037.0,CALIFORNIA,671.9929953302202,671.9929953302202,1133.4569424764545
2020,90255,6037.0,CALIFORNIA,731.7951926243003,731.7951926243003,1254.9616852551637
2018,90260,6037.0,CALIFORNIA,640.9484259879438,640.9484259879438,985.5947915935825
2019,90260,6037.0,CALIFORNIA,685.0537135278514,685.0537135278514,1133.4569424764545
2020,90260,6037.0,CALIFORNIA,744.7862367021277,744.7862367021277,1254.9616852551637
2018,90262,6037.0,CALIFORNIA,645.508152173913,645.508152173913,985.5947915935825
2019,90262,6037.0,CALIFORNIA,677.4404306220096,677.4404306220096,1133.4569424764545
2020,90262,6037.0,CALIFORNIA,734.6290513366454,734.6290513366454,1254.9616852551637
2018,90263,6037.0,CALIFORNIA,36267.0,5190.254651625734,985.5947915935825
2019,90263,6037.0,CALIFORNIA,14326.0,5190.254651625734,1133.4569424764545
2020,90263,6037.0,CALIFORNIA,56594.5,5190.254651625734,1254.9616852551637
2018,90264,6037.0,CALIFORNIA,25920.0,5190.254651625734,985.5947915935825
2019,90264,6037.0,CALIFORNIA,27898.0,5190.254651625734,1133.4569424764545
2020,90264,6037.0,CALIFORNIA,31990.0,5190.254651625734,1254.9616852551637
2018,90265,6037.0,CALIFORNIA,6169.560759493671,5190.254651625734,985.5947915935825
2019,90265,6037.0,CALIFORNIA,6299.806776813218,5190.254651625734,1133.4569424764545
2020,90265,6037.0,CALIFORNIA,7088.218668971478,5190.254651625734,1254.9616852551637
2018,90266,6037.0,CALIFORNIA,1614.1029274004684,1614.1029274004684,985.5947915935825
2019,90266,6037.0,CALIFORNIA,1760.8727902946273,1760.8727902946273,1133.4569424764545
2020,90266,6037.0,CALIFORNIA,2060.1847185296497,2060.1847185296497,1254.9616852551637
2018,90270,6037.0,CALIFORNIA,565.2135054617677,571.7662565339767,985.5947915935825
2019,90270,6037.0,CALIFORNIA,599.3018322082931,599.3018322082931,1133.4569424764545
2020,90270,6037.0,CALIFORNIA,644.4385128693995,644.4385128693995,1254.9616852551637
2018,90272,6037.0,CALIFORNIA,3756.855335157318,3756.855335157318,985.5947915935825
2019,90272,6037.0,CALIFORNIA,4022.560381536365,4022.560381536365,1133.4569424764545
2020,90272,6037.0,CALIFORNIA,4785.582867783985,4785.582867783985,1254.9616852551637
2018,90274,6037.0,CALIFORNIA,1909.0951754962537,1909.0951754962537,985.5947915935825
2019,90274,6037.0,CALIFORNIA,2094.768770331815,2094.768770331815,1133.4569424764545
2020,90274,6037.0,CALIFORNIA,2402.8135243257193,2402.8135243257193,1254.9616852551637
2018,90275,6037.0,CALIFORNIA,1314.022941230235,1314.022941230235,985.5947915935825
2019,90275,6037.0,CALIFORNIA,1414.9611333091173,1414.9611333091173,1133.4569424764545
2020,90275,6037.0,CALIFORNIA,1557.5067353765482,1557.5067353765482,1254.9616852551637
2018,90277,6037.0,CALIFORNIA,1075.0855048859935,1075.0855048859935,985.5947915935825
2019,90277,6037.0,CALIFORNIA,1165.2819632397495,1165.2819632397495,1133.4569424764545
2020,90277,6037.0,CALIFORNIA,1307.6185897435898,1307.6185897435898,1254.9616852551637
2018,90278,6037.0,CALIFORNIA,880.5366014147064,880.5366014147064,985.5947915935825
2019,90278,6037.0,CALIFORNIA,952.19902200489,952.19902200489,1133.4569424764545
2020,90278,6037.0,CALIFORNIA,1042.7064595257564,1042.7064595257564,1254.9616852551637
2018,90280,6037.0,CALIFORNIA,602.1712392108508,602.1712392108508,985.5947915935825
2019,90280,6037.0,CALIFORNIA,638.430990558969,638.430990558969,1133.4569424764545
2020,90280,6037.0,CALIFORNIA,687.4688981042653,687.4688981042653,1254.9616852551637
2018,90290,6037.0,CALIFORNIA,2041.49377593361,2041.49377593361,985.5947915935825
2019,90290,6037.0,CALIFORNIA,2203.0101419878297,2203.0101419878297,1133.4569424764545
2020,90290,6037.0,CALIFORNIA,2249.5625,2249.5625,1254.9616852551637
2018,90291,6037.0,CALIFORNIA,1447.4274748544203,1447.4274748544203,985.5947915935825
2019,90291,6037.0,CALIFORNIA,1597.7519094021595,1597.7519094021595,1133.4569424764545
2020,90291,6037.0,CALIFORNIA,1814.051457075348,1814.051457075348,1254.9616852551637
2018,90292,6037.0,CALIFORNIA,2447.684840425532,2447.684840425532,985.5947915935825
2019,90292,6037.0,CALIFORNIA,2692.8192457737323,2692.8192457737323,1133.4569424764545
2020,90292,6037.0,CALIFORNIA,3063.85621761658,3063.85621761658,1254.9616852551637
2018,90293,6037.0,CALIFORNIA,1590.6721595836948,1590.6721595836948,985.5947915935825
2019,90293,6037.0,CALIFORNIA,1735.0674157303372,1735.0674157303372,1133.4569424764545
2020,90293,6037.0,CALIFORNIA,1949.476595744681,1949.476595744681,1254.9616852551637
2018,90301,6037.0,CALIFORNIA,723.9375402446877,723.9375402446877,985.5947915935825
2019,90301,6037.0,CALIFORNIA,770.9312302839116,770.9312302839116,1133.4569424764545
2020,90301,6037.0,CALIFORNIA,840.0362630608482,840.0362630608482,1254.9616852551637
2018,90302,6037.0,CALIFORNIA,820.2467986030268,820.2467986030268,985.5947915935825
2019,90302,6037.0,CALIFORNIA,881.083477259643,881.083477259643,1133.4569424764545
2020,90302,6037.0,CALIFORNIA,983.3270547945206,983.3270547945206,1254.9616852551637
2018,90303,6037.0,CALIFORNIA,812.9503480278422,812.9503480278422,985.5947915935825
2019,90303,6037.0,CALIFORNIA,865.1581332125056,865.1581332125056,1133.4569424764545
2020,90303,6037.0,CALIFORNIA,951.925678682688,951.925678682688,1254.9616852551637
2018,90304,6037.0,CALIFORNIA,703.2155782848151,703.2155782848151,985.5947915935825
2019,90304,6037.0,CALIFORNIA,744.0843558282209,744.0843558282209,1133.4569424764545
2020,90304,6037.0,CALIFORNIA,803.7188665175242,803.7188665175242,1254.9616852551637
2018,90305,6037.0,CALIFORNIA,928.9660014781966,928.9660014781966,985.5947915935825
2019,90305,6037.0,CALIFORNIA,1005.3446513326032,1005.3446513326032,1133.4569424764545
2020,90305,6037.0,CALIFORNIA,1120.1661860129775,1120.1661860129775,1254.9616852551637
2018,90401,6037.0,CALIFORNIA,2984.2586206896553,2984.2586206896553,985.5947915935825
2019,90401,6037.0,CALIFORNIA,2619.603448275862,2619.603448275862,1133.4569424764545
2020,90401,6037.0,CALIFORNIA,3898.689655172414,3898.689655172414,1254.9616852551637
2018,90402,6037.0,CALIFORNIA,3654.2282303370785,3654.2282303370785,985.5947915935825
2019,90402,6037.0,CALIFORNIA,3851.05791106515,3851.05791106515,1133.4569424764545
2020,90402,6037.0,CALIFORNIA,4731.109369557646,4731.109369557646,1254.9616852551637
2018,90403,6037.0,CALIFORNIA,1852.1675675675676,1852.1675675675676,985.5947915935825
2019,90403,6037.0,CALIFORNIA,2034.83853606028,2034.83853606028,1133.4569424764545
2020,90403,6037.0,CALIFORNIA,2343.9711846318037,2343.9711846318037,1254.9616852551637
2018,90404,6037.0,CALIFORNIA,968.3629343629344,968.3629343629344,985.5947915935825
2019,90404,6037.0,CALIFORNIA,1049.8673076923078,1049.8673076923078,1133.4569424764545
2020,90404,6037.0,CALIFORNIA,1171.7037037037037,1171.7037037037037,1254.9616852551637
2018,90405,6037.0,CALIFORNIA,1287.3707186030892,1287.3707186030892,985.5947915935825
2019,90405,6037.0,CALIFORNIA,1403.5658422459894,1403.5658422459894,1133.4569424764545
2020,90405,6037.0,CALIFORNIA,1598.7730897009967,1598.7730897009967,1254.9616852551637
2018,90501,6037.0,CALIFORNIA,783.5806974858069,783.5806974858069,985.5947915935825
2019,90501,6037.0,CALIFORNIA,833.5603378921963,833.5603378921963,1133.4569424764545
2020,90501,6037.0,CALIFORNIA,916.1879774829112,916.1879774829112,1254.9616852551637
2018,90502,6037.0,CALIFORNIA,669.9246161005119,669.9246161005119,985.5947915935825
2019,90502,6037.0,CALIFORNIA,712.1824044219254,712.1824044219254,1133.4569424764545
2020,90502,6037.0,CALIFORNIA,773.955626715462,773.955626715462,1254.9616852551637
2018,90503,6037.0,CALIFORNIA,826.9950958537672,826.9950958537672,985.5947915935825
2019,90503,6037.0,CALIFORNIA,878.2518156217578,878.2518156217578,1133.4569424764545
2020,90503,6037.0,CALIFORNIA,956.7234486873508,956.7234486873508,1254.9616852551637
2018,90504,6037.0,CALIFORNIA,731.5345522156802,731.5345522156802,985.5947915935825
2019,90504,6037.0,CALIFORNIA,768.5108024691358,768.5108024691358,1133.4569424764545
2020,90504,6037.0,CALIFORNIA,835.1110937986912,835.1110937986912,1254.9616852551637
2018,90505,6037.0,CALIFORNIA,900.6983410942956,900.6983410942956,985.5947915935825
2019,90505,6037.0,CALIFORNIA,962.2447735191638,962.2447735191638,1133.4569424764545
2020,90505,6037.0,CALIFORNIA,1051.1681751824815,1051.1681751824815,1254.9616852551637
2018,90506,6037.0,CALIFORNIA,1725.5,1725.5,985.5947915935825
2019,90506,6037.0,CALIFORNIA,1777.5,1777.5,1133.4569424764545
2020,90506,6037.0,CALIFORNIA,3628.0,3628.0,1254.9616852551637
2018,90601,6037.0,CALIFORNIA,935.1655642023346,935.1655642023346,985.5947915935825
2019,90601,6037.0,CALIFORNIA,1001.6425417546554,1001.6425417546554,1133.4569424764545
2020,90601,6037.0,CALIFORNIA,1104.6600115185256,1104.6600115185256,1254.9616852551637
2018,90602,6037.0,CALIFORNIA,847.6735950731331,847.6735950731331,985.5947915935825
2019,90602,6037.0,CALIFORNIA,924.9636850152904,924.9636850152904,1133.4569424764545
2020,90602,6037.0,CALIFORNIA,1010.8967350037964,1010.8967350037964,1254.9616852551637
2018,90603,6037.0,CALIFORNIA,857.8782608695652,857.8782608695652,985.5947915935825
2019,90603,6037.0,CALIFORNIA,911.2656187021362,911.2656187021362,1133.4569424764545
2020,90603,6037.0,CALIFORNIA,986.129734085415,986.129734085415,1254.9616852551637
2018,90604,6037.0,CALIFORNIA,698.123089983022,698.123089983022,985.5947915935825
2019,90604,6037.0,CALIFORNIA,742.9759036144578,742.9759036144578,1133.4569424764545
2020,90604,6037.0,CALIFORNIA,809.4138364779874,809.4138364779874,1254.9616852551637
2018,90605,6037.0,CALIFORNIA,780.0523138832998,780.0523138832998,985.5947915935825
2019,90605,6037.0,CALIFORNIA,834.444649163212,834.444649163212,1133.4569424764545
2020,90605,6037.0,CALIFORNIA,913.986372684122,913.986372684122,1254.9616852551637
2018,90606,6037.0,CALIFORNIA,642.4745421614007,642.4745421614007,985.5947915935825
2019,90606,6037.0,CALIFORNIA,684.1043322734499,684.1043322734499,1133.4569424764545
2020,90606,6037.0,CALIFORNIA,747.6626362735382,747.6626362735382,1254.9616852551637
2018,90620,6059.0,CALIFORNIA,721.8136081560284,721.8136081560284,1151.0646098089026
2019,90620,6059.0,CALIFORNIA,767.5052875082617,767.5052875082617,1411.1628622994049
2020,90620,6059.0,CALIFORNIA,837.3432277924362,837.3432277924362,1507.6719144529827
2018,90621,6059.0,CALIFORNIA,888.6622320768662,888.6622320768662,1151.0646098089026
2019,90621,6059.0,CALIFORNIA,945.2238425082028,945.2238425082028,1411.1628622994049
2020,90621,6059.0,CALIFORNIA,1040.7145467836258,1040.7145467836258,1507.6719144529827
2018,90623,6059.0,CALIFORNIA,889.0654261704682,889.0654261704682,1151.0646098089026
2019,90623,6059.0,CALIFORNIA,945.4087787399224,945.4087787399224,1411.1628622994049
2020,90623,6059.0,CALIFORNIA,1033.9488177192457,1033.9488177192457,1507.6719144529827
2018,90630,6059.0,CALIFORNIA,868.2900650165393,868.2900650165393,1151.0646098089026
2019,90630,6059.0,CALIFORNIA,922.3916487495756,922.3916487495756,1411.1628622994049
2020,90630,6059.0,CALIFORNIA,1015.660381644707,1015.660381644707,1507.6719144529827
2018,90631,6059.0,CALIFORNIA,960.8203169213356,960.8203169213356,1151.0646098089026
2019,90631,6059.0,CALIFORNIA,1019.1328175971664,1019.1328175971664,1411.1628622994049
2020,90631,6059.0,CALIFORNIA,1108.9074281448302,1108.9074281448302,1507.6719144529827
2018,90638,6037.0,CALIFORNIA,774.6841333463682,774.6841333463682,985.5947915935825
2019,90638,6037.0,CALIFORNIA,822.8960698689956,822.8960698689956,1133.4569424764545
2020,90638,6037.0,CALIFORNIA,896.8168700368003,896.8168700368003,1254.9616852551637
2018,90640,6037.0,CALIFORNIA,727.0485584218513,727.0485584218513,985.5947915935825
2019,90640,6037.0,CALIFORNIA,778.7534370750868,778.7534370750868,1133.4569424764545
2020,90640,6037.0,CALIFORNIA,860.8804576934658,860.8804576934658,1254.9616852551637
2018,90650,6037.0,CALIFORNIA,592.5169088595727,592.5169088595727,985.5947915935825
2019,90650,6037.0,CALIFORNIA,630.6386660478685,630.6386660478685,1133.4569424764545
2020,90650,6037.0,CALIFORNIA,683.3341096619644,683.3341096619644,1254.9616852551637
2018,90660,6037.0,CALIFORNIA,635.3506698187549,635.3506698187549,985.5947915935825
2019,90660,6037.0,CALIFORNIA,675.1032832498609,675.1032832498609,1133.4569424764545
2020,90660,6037.0,CALIFORNIA,734.8631368631369,734.8631368631369,1254.9616852551637
2018,90670,6037.0,CALIFORNIA,651.7211346384339,651.7211346384339,985.5947915935825
2019,90670,6037.0,CALIFORNIA,694.5197005516154,694.5197005516154,1133.4569424764545
2020,90670,6037.0,CALIFORNIA,757.0794025157232,757.0794025157232,1254.9616852551637
2018,90680,6059.0,CALIFORNIA,640.0465867158672,640.0465867158672,1151.0646098089026
2019,90680,6059.0,CALIFORNIA,675.5853769300636,675.5853769300636,1411.1628622994049
2020,90680,6059.0,CALIFORNIA,746.6675862068965,746.6675862068965,1507.6719144529827
2018,90701,6037.0,CALIFORNIA,733.2910344827586,733.2910344827586,985.5947915935825
2019,90701,6037.0,CALIFORNIA,777.3412844036698,777.3412844036698,1133.4569424764545
2020,90701,6037.0,CALIFORNIA,853.0902360018509,853.0902360018509,1254.9616852551637
2018,90703,6037.0,CALIFORNIA,831.0793144315799,831.0793144315799,985.5947915935825
2019,90703,6037.0,CALIFORNIA,886.3335153335154,886.3335153335154,1133.4569424764545
2020,90703,6037.0,CALIFORNIA,957.2371086976362,957.2371086976362,1254.9616852551637
2018,90704,6037.0,CALIFORNIA,1948.1336206896551,1948.1336206896551,985.5947915935825
2019,90704,6037.0,CALIFORNIA,2189.451327433628,2189.451327433628,1133.4569424764545
2020,90704,6037.0,CALIFORNIA,2266.0258302583024,2266.0258302583024,1254.9616852551637
2018,90706,6037.0,CALIFORNIA,663.0584443489471,663.0584443489471,985.5947915935825
2019,90706,6037.0,CALIFORNIA,707.4348995188225,707.4348995188225,1133.4569424764545
2020,90706,6037.0,CALIFORNIA,775.7351941059791,775.7351941059791,1254.9616852551637
2018,90710,6037.0,CALIFORNIA,802.6535162950257,802.6535162950257,985.5947915935825
2019,90710,6037.0,CALIFORNIA,854.5504930295817,854.5504930295817,1133.4569424764545
2020,90710,6037.0,CALIFORNIA,939.0742474916387,939.0742474916387,1254.9616852551637
2018,90712,6037.0,CALIFORNIA,639.3334600760456,639.3334600760456,985.5947915935825
2019,90712,6037.0,CALIFORNIA,681.7355309511827,681.7355309511827,1133.4569424764545
2020,90712,6037.0,CALIFORNIA,742.1981120201384,742.1981120201384,1254.9616852551637
2018,90713,6037.0,CALIFORNIA,623.0533163265306,623.0533163265306,985.5947915935825
2019,90713,6037.0,CALIFORNIA,659.1203188259109,659.1203188259109,1133.4569424764545
2020,90713,6037.0,CALIFORNIA,713.9566809800455,713.9566809800455,1254.9616852551637
2018,90715,6037.0,CALIFORNIA,623.1838599162543,623.1838599162543,985.5947915935825
2019,90715,6037.0,CALIFORNIA,665.0328673970532,665.0328673970532,1133.4569424764545
2020,90715,6037.0,CALIFORNIA,727.9281119939462,727.9281119939462,1254.9616852551637
2018,90716,6037.0,CALIFORNIA,570.1145958986731,571.7662565339767,985.5947915935825
2019,90716,6037.0,CALIFORNIA,607.9545997610513,607.9545997610513,1133.4569424764545
2020,90716,6037.0,CALIFORNIA,656.9655990510083,656.9655990510083,1254.9616852551637
2018,90717,6037.0,CALIFORNIA,794.4798521256931,794.4798521256931,985.5947915935825
2019,90717,6037.0,CALIFORNIA,849.5297377170299,849.5297377170299,1133.4569424764545
2020,90717,6037.0,CALIFORNIA,932.9096252755328,932.9096252755328,1254.9616852551637
2018,90720,6059.0,CALIFORNIA,1046.8745644599303,1046.8745644599303,1151.0646098089026
2019,90720,6059.0,CALIFORNIA,1098.6584293193716,1098.6584293193716,1411.1628622994049
2020,90720,6059.0,CALIFORNIA,1238.0827330726486,1238.0827330726486,1507.6719144529827
2018,90723,6037.0,CALIFORNIA,583.1257506181561,583.1257506181561,985.5947915935825
2019,90723,6037.0,CALIFORNIA,620.0337814546708,620.0337814546708,1133.4569424764545
2020,90723,6037.0,CALIFORNIA,673.324516785351,673.324516785351,1254.9616852551637
2018,90731,6037.0,CALIFORNIA,812.1787679744364,812.1787679744364,985.5947915935825
2019,90731,6037.0,CALIFORNIA,871.7166198172874,871.7166198172874,1133.4569424764545
2020,90731,6037.0,CALIFORNIA,976.0677228412256,976.0677228412256,1254.9616852551637
2018,90732,6037.0,CALIFORNIA,912.1841675734494,912.1841675734494,985.5947915935825
2019,90732,6037.0,CALIFORNIA,978.1891310196396,978.1891310196396,1133.4569424764545
2020,90732,6037.0,CALIFORNIA,1084.656527590848,1084.656527590848,1254.9616852551637
2018,90740,6059.0,CALIFORNIA,1030.1816965480332,1030.1816965480332,1151.0646098089026
2019,90740,6059.0,CALIFORNIA,1107.8915534239277,1107.8915534239277,1411.1628622994049
2020,90740,6059.0,CALIFORNIA,1253.8061685721882,1253.8061685721882,1507.6719144529827
2018,90742,6059.0,CALIFORNIA,1610.5597826086955,1610.5597826086955,1151.0646098089026
2019,90742,6059.0,CALIFORNIA,1734.3858695652175,1734.3858695652175,1411.1628622994049
2020,90742,6059.0,CALIFORNIA,2040.9019607843136,2040.9019607843136,1507.6719144529827
2018,90743,6059.0,CALIFORNIA,1316.029197080292,1316.029197080292,1151.0646098089026
2019,90743,6059.0,CALIFORNIA,1532.1407407407407,1532.1407407407407,1411.1628622994049
2020,90743,6059.0,CALIFORNIA,1823.9642857142856,1823.9642857142856,1507.6719144529827
2018,90744,6037.0,CALIFORNIA,704.0519379844961,704.0519379844961,985.5947915935825
2019,90744,6037.0,CALIFORNIA,754.4635761589404,754.4635761589404,1133.4569424764545
2020,90744,6037.0,CALIFORNIA,819.2610563558251,819.2610563558251,1254.9616852551637
2018,90745,6037.0,CALIFORNIA,693.1267772511849,693.1267772511849,985.5947915935825
2019,90745,6037.0,CALIFORNIA,741.4188890334331,741.4188890334331,1133.4569424764545
2020,90745,6037.0,CALIFORNIA,805.6957309184994,805.6957309184994,1254.9616852551637
2018,90746,6037.0,CALIFORNIA,939.7129090909092,939.7129090909092,985.5947915935825
2019,90746,6037.0,CALIFORNIA,1006.0519340974212,1006.0519340974212,1133.4569424764545
2020,90746,6037.0,CALIFORNIA,1117.2521382751247,1117.2521382751247,1254.9616852551637
2018,90755,6037.0,CALIFORNIA,904.799795709908,904.799795709908,985.5947915935825
2019,90755,6037.0,CALIFORNIA,974.082,974.082,1133.4569424764545
2020,90755,6037.0,CALIFORNIA,1083.51324828263,1083.51324828263,1254.9616852551637
2018,90802,6037.0,CALIFORNIA,719.0514705882352,719.0514705882352,985.5947915935825
2019,90802,6037.0,CALIFORNIA,756.963768115942,756.963768115942,1133.4569424764545
2020,90802,6037.0,CALIFORNIA,862.2899262899263,862.2899262899263,1254.9616852551637
2018,90803,6037.0,CALIFORNIA,1175.84,1175.84,985.5947915935825
2019,90803,6037.0,CALIFORNIA,1266.1476328502415,1266.1476328502415,1133.4569424764545
2020,90803,6037.0,CALIFORNIA,1451.4195424583172,1451.4195424583172,1254.9616852551637
2018,90804,6037.0,CALIFORNIA,674.060975609756,674.060975609756,985.5947915935825
2019,90804,6037.0,CALIFORNIA,724.1678512848551,724.1678512848551,1133.4569424764545
2020,90804,6037.0,CALIFORNIA,793.9950657894736,793.9950657894736,1254.9616852551637
2018,90805,6037.0,CALIFORNIA,612.9997667094366,612.9997667094366,985.5947915935825
2019,90805,6037.0,CALIFORNIA,650.0482366325369,650.0482366325369,1133.4569424764545
2020,90805,6037.0,CALIFORNIA,707.997957794418,707.997957794418,1254.9616852551637
2018,90806,6037.0,CALIFORNIA,652.5437082405346,652.5437082405346,985.5947915935825
2019,90806,6037.0,CALIFORNIA,700.8008800880089,700.8008800880089,1133.4569424764545
2020,90806,6037.0,CALIFORNIA,772.6058034492198,772.6058034492198,1254.9616852551637
2018,90807,6037.0,CALIFORNIA,831.5949939162176,831.5949939162176,985.5947915935825
2019,90807,6037.0,CALIFORNIA,896.5065472088215,896.5065472088215,1133.4569424764545
2020,90807,6037.0,CALIFORNIA,996.0881291874248,996.0881291874248,1254.9616852551637
2018,90808,6037.0,CALIFORNIA,714.3257890549023,714.3257890549023,985.5947915935825
2019,90808,6037.0,CALIFORNIA,763.8862002454848,763.8862002454848,1133.4569424764545
2020,90808,6037.0,CALIFORNIA,833.7524934383202,833.7524934383202,1254.9616852551637
2018,90810,6037.0,CALIFORNIA,642.9544248854594,642.9544248854594,985.5947915935825
2019,90810,6037.0,CALIFORNIA,688.3729498454956,688.3729498454956,1133.4569424764545
2020,90810,6037.0,CALIFORNIA,746.0809602259355,746.0809602259355,1254.9616852551637
2018,90813,6037.0,CALIFORNIA,667.6605101143359,667.6605101143359,985.5947915935825
2019,90813,6037.0,CALIFORNIA,706.4794759825328,706.4794759825328,1133.4569424764545
2020,90813,6037.0,CALIFORNIA,777.9116360454943,777.9116360454943,1254.9616852551637
2018,90814,6037.0,CALIFORNIA,954.753511554146,954.753511554146,985.5947915935825
2019,90814,6037.0,CALIFORNIA,1029.8552867383512,1029.8552867383512,1133.4569424764545
2020,90814,6037.0,CALIFORNIA,1140.3783185840707,1140.3783185840707,1254.9616852551637
2018,90815,6037.0,CALIFORNIA,783.7672251192722,783.7672251192722,985.5947915935825
2019,90815,6037.0,CALIFORNIA,842.1844681553184,842.1844681553184,1133.4569424764545
2020,90815,6037.0,CALIFORNIA,931.8728514764214,931.8728514764214,1254.9616852551637
2018,91001,6037.0,CALIFORNIA,1106.411464823836,1106.411464823836,985.5947915935825
2019,91001,6037.0,CALIFORNIA,1194.792063669992,1194.792063669992,1133.4569424764545
2020,91001,6037.0,CALIFORNIA,1313.1047855676786,1313.1047855676786,1254.9616852551637
2018,91006,6037.0,CALIFORNIA,1156.533363121835,1156.533363121835,985.5947915935825
2019,91006,6037.0,CALIFORNIA,1243.3073855243722,1243.3073855243722,1133.4569424764545
2020,91006,6037.0,CALIFORNIA,1404.743283141423,1404.743283141423,1254.9616852551637
2018,91007,6037.0,CALIFORNIA,1163.5110083663585,1163.5110083663585,985.5947915935825
2019,91007,6037.0,CALIFORNIA,1260.8972349227083,1260.8972349227083,1133.4569424764545
2020,91007,6037.0,CALIFORNIA,1428.7157459765117,1428.7157459765117,1254.9616852551637
2018,91008,6037.0,CALIFORNIA,3350.703422053232,3350.703422053232,985.5947915935825
2019,91008,6037.0,CALIFORNIA,3088.9854545454546,3088.9854545454546,1133.4569424764545
2020,91008,6037.0,CALIFORNIA,3530.8805460750855,3530.8805460750855,1254.9616852551637
2018,91010,6037.0,CALIFORNIA,802.7787720606512,802.7787720606512,985.5947915935825
2019,91010,6037.0,CALIFORNIA,848.6922320550639,848.6922320550639,1133.4569424764545
2020,91010,6037.0,CALIFORNIA,925.7899018904044,925.7899018904044,1254.9616852551637
2018,91011,6037.0,CALIFORNIA,1931.9713261648749,1931.9713261648749,985.5947915935825
2019,91011,6037.0,CALIFORNIA,2079.804140127389,2079.804140127389,1133.4569424764545
2020,91011,6037.0,CALIFORNIA,2356.435843426365,2356.435843426365,1254.9616852551637
2018,91016,6037.0,CALIFORNIA,911.5603234857238,911.5603234857238,985.5947915935825
2019,91016,6037.0,CALIFORNIA,977.7072892938496,977.7072892938496,1133.4569424764545
2020,91016,6037.0,CALIFORNIA,1075.7626440460947,1075.7626440460947,1254.9616852551637
2018,91020,6037.0,CALIFORNIA,812.431279620853,812.431279620853,985.5947915935825
2019,91020,6037.0,CALIFORNIA,868.1149068322982,868.1149068322982,1133.4569424764545
2020,91020,6037.0,CALIFORNIA,973.2351097178685,973.2351097178685,1254.9616852551637
2018,91024,6037.0,CALIFORNIA,1216.7739478957917,1216.7739478957917,985.5947915935825
2019,91024,6037.0,CALIFORNIA,1324.1503398640543,1324.1503398640543,1133.4569424764545
2020,91024,6037.0,CALIFORNIA,1468.1326332166473,1468.1326332166473,1254.9616852551637
2018,91030,6037.0,CALIFORNIA,1215.986818299302,1215.986818299302,985.5947915935825
2019,91030,6037.0,CALIFORNIA,1308.2321656865251,1308.2321656865251,1133.4569424764545
2020,91030,6037.0,CALIFORNIA,1504.1312356101305,1504.1312356101305,1254.9616852551637
2018,91040,6037.0,CALIFORNIA,1048.476668899308,1048.476668899308,985.5947915935825
2019,91040,6037.0,CALIFORNIA,1128.9412928759891,1128.9412928759891,1133.4569424764545
2020,91040,6037.0,CALIFORNIA,1227.2458088395383,1227.2458088395383,1254.9616852551637
2018,91042,6037.0,CALIFORNIA,914.8976531942634,914.8976531942634,985.5947915935825
2019,91042,6037.0,CALIFORNIA,983.8859479233914,983.8859479233914,1133.4569424764545
2020,91042,6037.0,CALIFORNIA,1059.8231681490893,1059.8231681490893,1254.9616852551637
2018,91101,6037.0,CALIFORNIA,941.3837209302326,941.3837209302326,985.5947915935825
2019,91101,6037.0,CALIFORNIA,1046.929411764706,1046.929411764706,1133.4569424764545
2020,91101,6037.0,CALIFORNIA,1141.3068181818182,1141.3068181818182,1254.9616852551637
2018,91103,6037.0,CALIFORNIA,1245.7210430563978,1245.7210430563978,985.5947915935825
2019,91103,6037.0,CALIFORNIA,1316.2541866028707,1316.2541866028707,1133.4569424764545
2020,91103,6037.0,CALIFORNIA,1450.0348634514817,1450.0348634514817,1254.9616852551637
2018,91104,6037.0,CALIFORNIA,891.7537493952589,891.7537493952589,985.5947915935825
2019,91104,6037.0,CALIFORNIA,963.5870503597122,963.5870503597122,1133.4569424764545
2020,91104,6037.0,CALIFORNIA,1064.2090456947467,1064.2090456947467,1254.9616852551637
2018,91105,6037.0,CALIFORNIA,1937.7799464217376,1937.7799464217376,985.5947915935825
2019,91105,6037.0,CALIFORNIA,2099.405517762661,2099.405517762661,1133.4569424764545
2020,91105,6037.0,CALIFORNIA,2447.8297389330305,2447.8297389330305,1254.9616852551637
2018,91106,6037.0,CALIFORNIA,1755.8287213740457,1755.8287213740457,985.5947915935825
2019,91106,6037.0,CALIFORNIA,1921.4711673699017,1921.4711673699017,1133.4569424764545
2020,91106,6037.0,CALIFORNIA,2227.296261682243,2227.296261682243,1254.9616852551637
2018,91107,6037.0,CALIFORNIA,1096.6583740559752,1096.6583740559752,985.5947915935825
2019,91107,6037.0,CALIFORNIA,1181.1228714034055,1181.1228714034055,1133.4569424764545
2020,91107,6037.0,CALIFORNIA,1314.9916594765602,1314.9916594765602,1254.9616852551637
2018,91108,6037.0,CALIFORNIA,1690.1397000789266,1690.1397000789266,985.5947915935825
2019,91108,6037.0,CALIFORNIA,1801.968692449355,1801.968692449355,1133.4569424764545
2020,91108,6037.0,CALIFORNIA,2085.2127659574467,2085.2127659574467,1254.9616852551637
2019,91109,6037.0,CALIFORNIA,1372.0,1372.0,1133.4569424764545
2018,91201,6037.0,CALIFORNIA,1010.3355592654424,1010.3355592654424,985.5947915935825
2019,91201,6037.0,CALIFORNIA,1082.6717400246812,1082.6717400246812,1133.4569424764545
2020,91201,6037.0,CALIFORNIA,1204.109958506224,1204.109958506224,1254.9616852551637
2018,91202,6037.0,CALIFORNIA,1218.6153558052436,1218.6153558052436,985.5947915935825
2019,91202,6037.0,CALIFORNIA,1311.8934823091247,1311.8934823091247,1133.4569424764545
2020,91202,6037.0,CALIFORNIA,1458.9243384271338,1458.9243384271338,1254.9616852551637
2018,91203,6037.0,CALIFORNIA,745.8357843137255,745.8357843137255,985.5947915935825
2019,91203,6037.0,CALIFORNIA,812.115763546798,812.115763546798,1133.4569424764545
2020,91203,6037.0,CALIFORNIA,902.1699507389162,902.1699507389162,1254.9616852551637
2018,91204,6037.0,CALIFORNIA,755.9204545454545,755.9204545454545,985.5947915935825
2019,91204,6037.0,CALIFORNIA,806.7385057471264,806.7385057471264,1133.4569424764545
2020,91204,6037.0,CALIFORNIA,915.7272727272727,915.7272727272727,1254.9616852551637
2018,91205,6037.0,CALIFORNIA,837.6968876860623,837.6968876860623,985.5947915935825
2019,91205,6037.0,CALIFORNIA,894.9611780455153,894.9611780455153,1133.4569424764545
2020,91205,6037.0,CALIFORNIA,1003.7511737089202,1003.7511737089202,1254.9616852551637
2018,91206,6037.0,CALIFORNIA,1331.3605643044618,1331.3605643044618,985.5947915935825
2019,91206,6037.0,CALIFORNIA,1445.1452295669162,1445.1452295669162,1133.4569424764545
2020,91206,6037.0,CALIFORNIA,1580.4256821829856,1580.4256821829856,1254.9616852551637
2018,91207,6037.0,CALIFORNIA,1546.3458543289053,1546.3458543289053,985.5947915935825
2019,91207,6037.0,CALIFORNIA,1677.5778388278388,1677.5778388278388,1133.4569424764545
2020,91207,6037.0,CALIFORNIA,1833.44,1833.44,1254.9616852551637
2018,91208,6037.0,CALIFORNIA,1359.7456824512535,1359.7456824512535,985.5947915935825
2019,91208,6037.0,CALIFORNIA,1475.0512181616832,1475.0512181616832,1133.4569424764545
2020,91208,6037.0,CALIFORNIA,1570.599455040872,1570.599455040872,1254.9616852551637
2018,91210,6037.0,CALIFORNIA,647.0,647.0,985.5947915935825
2019,91210,6037.0,CALIFORNIA,725.0,725.0,1133.4569424764545
2020,91210,6037.0,CALIFORNIA,795.0,795.0,1254.9616852551637
2018,91214,6037.0,CALIFORNIA,963.160263761468,963.160263761468,985.5947915935825
2019,91214,6037.0,CALIFORNIA,1033.206793632746,1033.206793632746,1133.4569424764545
2020,91214,6037.0,CALIFORNIA,1135.3340353833194,1135.3340353833194,1254.9616852551637
2018,91301,6037.0,CALIFORNIA,1693.772234935164,1693.772234935164,985.5947915935825
2019,91301,6037.0,CALIFORNIA,1778.753517457009,1778.753517457009,1133.4569424764545
2020,91301,6037.0,CALIFORNIA,1964.3684668989547,1964.3684668989547,1254.9616852551637
2018,91302,6037.0,CALIFORNIA,2933.684236864053,2933.684236864053,985.5947915935825
2019,91302,6037.0,CALIFORNIA,3272.2008516678497,3272.2008516678497,1133.4569424764545
2020,91302,6037.0,CALIFORNIA,3730.84335861704,3730.84335861704,1254.9616852551637
2018,91303,6037.0,CALIFORNIA,912.4948875255624,912.4948875255624,985.5947915935825
2019,91303,6037.0,CALIFORNIA,962.5265635507734,962.5265635507734,1133.4569424764545
2020,91303,6037.0,CALIFORNIA,1080.264945652174,1080.264945652174,1254.9616852551637
2018,91304,6037.0,CALIFORNIA,1246.6175950486297,1246.6175950486297,985.5947915935825
2019,91304,6037.0,CALIFORNIA,1326.5607122008173,1326.5607122008173,1133.4569424764545
2020,91304,6037.0,CALIFORNIA,1474.145011600928,1474.145011600928,1254.9616852551637
2018,91306,6037.0,CALIFORNIA,970.2833643699564,970.2833643699564,985.5947915935825
2019,91306,6037.0,CALIFORNIA,1026.2374408306612,1026.2374408306612,1133.4569424764545
2020,91306,6037.0,CALIFORNIA,1139.1930093515257,1139.1930093515257,1254.9616852551637
2018,91307,6037.0,CALIFORNIA,1376.4299009306517,1376.4299009306517,985.5947915935825
2019,91307,6037.0,CALIFORNIA,1416.4081222977147,1416.4081222977147,1133.4569424764545
2020,91307,6037.0,CALIFORNIA,1568.855939987753,1568.855939987753,1254.9616852551637
2018,91310,6037.0,CALIFORNIA,981.0,981.0,985.5947915935825
2018,91311,6037.0,CALIFORNIA,1529.77381886674,1529.77381886674,985.5947915935825
2019,91311,6037.0,CALIFORNIA,1647.0203170694167,1647.0203170694167,1133.4569424764545
2020,91311,6037.0,CALIFORNIA,1796.3916008058268,1796.3916008058268,1254.9616852551637
2018,91316,6037.0,CALIFORNIA,2024.0927337398373,2024.0927337398373,985.5947915935825
2019,91316,6037.0,CALIFORNIA,2178.1097469305937,2178.1097469305937,1133.4569424764545
2020,91316,6037.0,CALIFORNIA,2521.5651307596513,2521.5651307596513,1254.9616852551637
2018,91320,6111.0,CALIFORNIA,1156.2290249433106,1156.2290249433106,1024.7239528763548
2019,91320,6111.0,CALIFORNIA,1257.8441392839627,1257.8441392839627,1217.2680706217009
2020,91320,6111.0,CALIFORNIA,1373.3800175798417,1373.3800175798417,1415.0948537437055
2018,91321,6037.0,CALIFORNIA,1300.4623544631306,1300.4623544631306,985.5947915935825
2019,91321,6037.0,CALIFORNIA,1393.697662471102,1393.697662471102,1133.4569424764545
2020,91321,6037.0,CALIFORNIA,1517.549795709908,1517.549795709908,1254.9616852551637
2018,91324,6037.0,CALIFORNIA,1250.5934837092732,1250.5934837092732,985.5947915935825
2019,91324,6037.0,CALIFORNIA,1313.6464224243914,1313.6464224243914,1133.4569424764545
2020,91324,6037.0,CALIFORNIA,1442.0740372670807,1442.0740372670807,1254.9616852551637
2018,91325,6037.0,CALIFORNIA,1338.0558835934205,1338.0558835934205,985.5947915935825
2019,91325,6037.0,CALIFORNIA,1432.975020815987,1432.975020815987,1133.4569424764545
2020,91325,6037.0,CALIFORNIA,1590.2507869884575,1590.2507869884575,1254.9616852551637
2018,91326,6037.0,CALIFORNIA,1588.525399475316,1588.525399475316,985.5947915935825
2019,91326,6037.0,CALIFORNIA,1705.9184334203655,1705.9184334203655,1133.4569424764545
2020,91326,6037.0,CALIFORNIA,1855.7674074074075,1855.7674074074075,1254.9616852551637
2018,91331,6037.0,CALIFORNIA,756.9538081805359,756.9538081805359,985.5947915935825
2019,91331,6037.0,CALIFORNIA,800.5769585253456,800.5769585253456,1133.4569424764545
2020,91331,6037.0,CALIFORNIA,879.1775646274418,879.1775646274418,1254.9616852551637
2018,91335,6037.0,CALIFORNIA,906.2873426739492,906.2873426739492,985.5947915935825
2019,91335,6037.0,CALIFORNIA,957.7625073227886,957.7625073227886,1133.4569424764545
2020,91335,6037.0,CALIFORNIA,1062.7274444969296,1062.7274444969296,1254.9616852551637
2018,91340,6037.0,CALIFORNIA,782.2930379746836,782.2930379746836,985.5947915935825
2019,91340,6037.0,CALIFORNIA,826.6818746120422,826.6818746120422,1133.4569424764545
2020,91340,6037.0,CALIFORNIA,902.4924764890284,902.4924764890284,1254.9616852551637
2018,91342,6037.0,CALIFORNIA,1004.4035185702318,1004.4035185702318,985.5947915935825
2019,91342,6037.0,CALIFORNIA,1079.0359447830765,1079.0359447830765,1133.4569424764545
2020,91342,6037.0,CALIFORNIA,1182.3904656930283,1182.3904656930283,1254.9616852551637
2018,91343,6037.0,CALIFORNIA,1024.67612735917,1024.67612735917,985.5947915935825
2019,91343,6037.0,CALIFORNIA,1080.5362908886705,1080.5362908886705,1133.4569424764545
2020,91343,6037.0,CALIFORNIA,1197.562245041497,1197.562245041497,1254.9616852551637
2018,91344,6037.0,CALIFORNIA,1218.4352877600647,1218.4352877600647,985.5947915935825
2019,91344,6037.0,CALIFORNIA,1311.2805901806155,1311.2805901806155,1133.4569424764545
2020,91344,6037.0,CALIFORNIA,1442.7909236804564,1442.7909236804564,1254.9616852551637
2018,91345,6037.0,CALIFORNIA,882.1415961750644,882.1415961750644,985.5947915935825
2019,91345,6037.0,CALIFORNIA,929.8380884450784,929.8380884450784,1133.4569424764545
2020,91345,6037.0,CALIFORNIA,1030.7103374012922,1030.7103374012922,1254.9616852551637
2018,91346,6037.0,CALIFORNIA,628.0,628.0,985.5947915935825
2019,91346,6037.0,CALIFORNIA,659.0,659.0,1133.4569424764545
2020,91346,6037.0,CALIFORNIA,1682.0,1682.0,1254.9616852551637
2018,91350,6037.0,CALIFORNIA,1047.8702919787256,1047.8702919787256,985.5947915935825
2019,91350,6037.0,CALIFORNIA,1113.5411132194813,1113.5411132194813,1133.4569424764545
2020,91350,6037.0,CALIFORNIA,1219.3925252731542,1219.3925252731542,1254.9616852551637
2018,91351,6037.0,CALIFORNIA,999.7256956993132,999.7256956993132,985.5947915935825
2019,91351,6037.0,CALIFORNIA,1063.6018286124058,1063.6018286124058,1133.4569424764545
2020,91351,6037.0,CALIFORNIA,1166.616788321168,1166.616788321168,1254.9616852551637
2018,91352,6037.0,CALIFORNIA,907.564139052653,907.564139052653,985.5947915935825
2019,91352,6037.0,CALIFORNIA,976.8407258064516,976.8407258064516,1133.4569424764545
2020,91352,6037.0,CALIFORNIA,1066.916784487982,1066.916784487982,1254.9616852551637
2018,91354,6037.0,CALIFORNIA,1088.91416781293,1088.91416781293,985.5947915935825
2019,91354,6037.0,CALIFORNIA,1173.709090909091,1173.709090909091,1133.4569424764545
2020,91354,6037.0,CALIFORNIA,1288.518921095008,1288.518921095008,1254.9616852551637
2018,91355,6037.0,CALIFORNIA,1135.2095997342635,1135.2095997342635,985.5947915935825
2019,91355,6037.0,CALIFORNIA,1213.0223206958806,1213.0223206958806,1133.4569424764545
2020,91355,6037.0,CALIFORNIA,1316.2978723404256,1316.2978723404256,1254.9616852551637
2018,91356,6037.0,CALIFORNIA,2301.58331508649,2301.58331508649,985.5947915935825
2019,91356,6037.0,CALIFORNIA,2483.823822955088,2483.823822955088,1133.4569424764545
2020,91356,6037.0,CALIFORNIA,2787.8924455825863,2787.8924455825863,1254.9616852551637
2018,91360,6111.0,CALIFORNIA,1018.8505945945946,1018.8505945945946,1024.7239528763548
2019,91360,6111.0,CALIFORNIA,1102.3202403949344,1102.3202403949344,1217.2680706217009
2020,91360,6111.0,CALIFORNIA,1199.442085982114,1199.442085982114,1415.0948537437055
2018,91361,6111.0,CALIFORNIA,1918.966147455867,1918.966147455867,1024.7239528763548
2019,91361,6111.0,CALIFORNIA,2093.787134997884,2093.787134997884,1217.2680706217009
2020,91361,6111.0,CALIFORNIA,2291.050441361917,2291.050441361917,1415.0948537437055
2018,91362,6111.0,CALIFORNIA,1645.6750534658447,1645.6750534658447,1024.7239528763548
2019,91362,6111.0,CALIFORNIA,1741.9787995229892,1741.9787995229892,1217.2680706217009
2020,91362,6111.0,CALIFORNIA,1943.0218023255811,1943.0218023255811,1415.0948537437055
2018,91364,6037.0,CALIFORNIA,1643.2752629172385,1643.2752629172385,985.5947915935825
2019,91364,6037.0,CALIFORNIA,1759.527815468114,1759.527815468114,1133.4569424764545
2020,91364,6037.0,CALIFORNIA,1965.3751116403691,1965.3751116403691,1254.9616852551637
2020,91365,6037.0,CALIFORNIA,807.0,807.0,1254.9616852551637
2018,91367,6037.0,CALIFORNIA,1425.097346430142,1425.097346430142,985.5947915935825
2019,91367,6037.0,CALIFORNIA,1515.6256934306568,1515.6256934306568,1133.4569424764545
2020,91367,6037.0,CALIFORNIA,1715.1078819903123,1715.1078819903123,1254.9616852551637
2018,91377,6111.0,CALIFORNIA,1395.4801682692307,1395.4801682692307,1024.7239528763548
2019,91377,6111.0,CALIFORNIA,1506.314392650561,1506.314392650561,1217.2680706217009
2020,91377,6111.0,CALIFORNIA,1650.534954407295,1650.534954407295,1415.0948537437055
2018,91380,6037.0,CALIFORNIA,628.0,628.0,985.5947915935825
2018,91381,6037.0,CALIFORNIA,1646.7348710990502,1646.7348710990502,985.5947915935825
2019,91381,6037.0,CALIFORNIA,1778.3153370937416,1778.3153370937416,1133.4569424764545
2020,91381,6037.0,CALIFORNIA,1958.1438484120629,1958.1438484120629,1254.9616852551637
2020,91383,6037.0,CALIFORNIA,2815.0,2815.0,1254.9616852551637
2018,91384,6037.0,CALIFORNIA,1183.921120094656,1183.921120094656,985.5947915935825
2019,91384,6037.0,CALIFORNIA,1261.2067683881064,1261.2067683881064,1133.4569424764545
2020,91384,6037.0,CALIFORNIA,1352.4996096799375,1352.4996096799375,1254.9616852551637
2018,91387,6037.0,CALIFORNIA,1368.3974726200506,1368.3974726200506,985.5947915935825
2019,91387,6037.0,CALIFORNIA,1455.8195915860586,1455.8195915860586,1133.4569424764545
2020,91387,6037.0,CALIFORNIA,1610.2413194444443,1610.2413194444443,1254.9616852551637
2018,91390,6037.0,CALIFORNIA,1448.771921749137,1448.771921749137,985.5947915935825
2019,91390,6037.0,CALIFORNIA,1540.780199818347,1540.780199818347,1133.4569424764545
2020,91390,6037.0,CALIFORNIA,1682.0960718294052,1682.0960718294052,1254.9616852551637
2018,91401,6037.0,CALIFORNIA,1195.6018934911242,1195.6018934911242,985.5947915935825
2019,91401,6037.0,CALIFORNIA,1280.464736104624,1280.464736104624,1133.4569424764545
2020,91401,6037.0,CALIFORNIA,1442.5605080831408,1442.5605080831408,1254.9616852551637
2018,91402,6037.0,CALIFORNIA,806.7735949098621,806.7735949098621,985.5947915935825
2019,91402,6037.0,CALIFORNIA,858.7835078534032,858.7835078534032,1133.4569424764545
2020,91402,6037.0,CALIFORNIA,946.9884846898716,946.9884846898716,1254.9616852551637
2018,91403,6037.0,CALIFORNIA,1911.226670425712,1911.226670425712,985.5947915935825
2019,91403,6037.0,CALIFORNIA,2054.0119810532183,2054.0119810532183,1133.4569424764545
2020,91403,6037.0,CALIFORNIA,2282.8119353955653,2282.8119353955653,1254.9616852551637
2018,91405,6037.0,CALIFORNIA,929.9599627560522,929.9599627560522,985.5947915935825
2019,91405,6037.0,CALIFORNIA,977.463936430318,977.463936430318,1133.4569424764545
2020,91405,6037.0,CALIFORNIA,1081.4611665155635,1081.4611665155635,1254.9616852551637
2018,91406,6037.0,CALIFORNIA,924.877059986816,924.877059986816,985.5947915935825
2019,91406,6037.0,CALIFORNIA,981.1912943871708,981.1912943871708,1133.4569424764545
2020,91406,6037.0,CALIFORNIA,1093.05928466438,1093.05928466438,1254.9616852551637
2018,91411,6037.0,CALIFORNIA,946.9701573521432,946.9701573521432,985.5947915935825
2019,91411,6037.0,CALIFORNIA,1011.5623655913978,1011.5623655913978,1133.4569424764545
2020,91411,6037.0,CALIFORNIA,1154.0379403794038,1154.0379403794038,1254.9616852551637
2018,91423,6037.0,CALIFORNIA,1876.3600184034967,1876.3600184034967,985.5947915935825
2019,91423,6037.0,CALIFORNIA,2013.6968243088877,2013.6968243088877,1133.4569424764545
2020,91423,6037.0,CALIFORNIA,2271.3291081937527,2271.3291081937527,1254.9616852551637
2018,91436,6037.0,CALIFORNIA,2560.536784088186,2560.536784088186,985.5947915935825
2019,91436,6037.0,CALIFORNIA,2856.4994074425217,2856.4994074425217,1133.4569424764545
2020,91436,6037.0,CALIFORNIA,3256.071881606765,3256.071881606765,1254.9616852551637
2018,91501,6037.0,CALIFORNIA,1241.6201349247535,1241.6201349247535,985.5947915935825
2019,91501,6037.0,CALIFORNIA,1363.008682328907,1363.008682328907,1133.4569424764545
2020,91501,6037.0,CALIFORNIA,1502.0208227526664,1502.0208227526664,1254.9616852551637
2018,91502,6037.0,CALIFORNIA,775.6222222222223,775.6222222222223,985.5947915935825
2019,91502,6037.0,CALIFORNIA,829.3315508021391,829.3315508021391,1133.4569424764545
2020,91502,6037.0,CALIFORNIA,903.10989010989,903.10989010989,1254.9616852551637
2018,91504,6037.0,CALIFORNIA,1000.5932379713914,1000.5932379713914,985.5947915935825
2019,91504,6037.0,CALIFORNIA,1080.296190722985,1080.296190722985,1133.4569424764545
2020,91504,6037.0,CALIFORNIA,1186.4023346303502,1186.4023346303502,1254.9616852551637
2018,91505,6037.0,CALIFORNIA,808.8539521898447,808.8539521898447,985.5947915935825
2019,91505,6037.0,CALIFORNIA,869.0416160915554,869.0416160915554,1133.4569424764545
2020,91505,6037.0,CALIFORNIA,981.8983521248916,981.8983521248916,1254.9616852551637
2018,91506,6037.0,CALIFORNIA,825.1569183200206,825.1569183200206,985.5947915935825
2019,91506,6037.0,CALIFORNIA,884.889400921659,884.889400921659,1133.4569424764545
2020,91506,6037.0,CALIFORNIA,987.776042999744,987.776042999744,1254.9616852551637
2018,91601,6037.0,CALIFORNIA,949.8434115523464,949.8434115523464,985.5947915935825
2019,91601,6037.0,CALIFORNIA,998.3832442067736,998.3832442067736,1133.4569424764545
2020,91601,6037.0,CALIFORNIA,1124.6130608618391,1124.6130608618391,1254.9616852551637
2018,91602,6037.0,CALIFORNIA,1866.719822812846,1866.719822812846,985.5947915935825
2019,91602,6037.0,CALIFORNIA,1974.3550295857988,1974.3550295857988,1133.4569424764545
2020,91602,6037.0,CALIFORNIA,2314.622580645161,2314.622580645161,1254.9616852551637
2018,91604,6037.0,CALIFORNIA,2141.635210974849,2141.635210974849,985.5947915935825
2019,91604,6037.0,CALIFORNIA,2339.317283950618,2339.317283950618,1133.4569424764545
2020,91604,6037.0,CALIFORNIA,2685.9826672104405,2685.9826672104405,1254.9616852551637
2018,91605,6037.0,CALIFORNIA,833.408679165789,833.408679165789,985.5947915935825
2019,91605,6037.0,CALIFORNIA,888.3222985633979,888.3222985633979,1133.4569424764545
2020,91605,6037.0,CALIFORNIA,987.3163948138854,987.3163948138854,1254.9616852551637
2018,91606,6037.0,CALIFORNIA,841.343414902392,841.343414902392,985.5947915935825
2019,91606,6037.0,CALIFORNIA,898.628328300851,898.628328300851,1133.4569424764545
2020,91606,6037.0,CALIFORNIA,1002.1489537444934,1002.1489537444934,1254.9616852551637
2018,91607,6037.0,CALIFORNIA,1317.3566499372648,1317.3566499372648,985.5947915935825
2019,91607,6037.0,CALIFORNIA,1417.231771641328,1417.231771641328,1133.4569424764545
2020,91607,6037.0,CALIFORNIA,1612.4730483271376,1612.4730483271376,1254.9616852551637
2018,91701,6071.0,CALIFORNIA,1001.853898646381,1001.853898646381,901.9188909344487
2019,91701,6071.0,CALIFORNIA,1063.7338879645035,1063.7338879645035,1024.2465702159852
2020,91701,6071.0,CALIFORNIA,1169.2518830305717,1169.2518830305717,1126.680025319759
2018,91702,6037.0,CALIFORNIA,763.6317922545782,763.6317922545782,985.5947915935825
2019,91702,6037.0,CALIFORNIA,812.2451023714833,812.2451023714833,1133.4569424764545
2020,91702,6037.0,CALIFORNIA,886.9497974537037,886.9497974537037,1254.9616852551637
2018,91706,6037.0,CALIFORNIA,648.2947424322889,648.2947424322889,985.5947915935825
2019,91706,6037.0,CALIFORNIA,690.3364461738003,690.3364461738003,1133.4569424764545
2020,91706,6037.0,CALIFORNIA,754.9343187660669,754.9343187660669,1254.9616852551637
2018,91708,6071.0,CALIFORNIA,809.6806167400881,809.6806167400881,901.9188909344487
2019,91708,6071.0,CALIFORNIA,841.0950255102041,841.0950255102041,1024.2465702159852
2020,91708,6071.0,CALIFORNIA,891.5255271920089,891.5255271920089,1126.680025319759
2018,91709,6071.0,CALIFORNIA,1120.7952707291474,1120.7952707291474,901.9188909344487
2019,91709,6071.0,CALIFORNIA,1192.0012818165171,1192.0012818165171,1024.2465702159852
2020,91709,6071.0,CALIFORNIA,1293.2043188352602,1293.2043188352602,1126.680025319759
2018,91710,6071.0,CALIFORNIA,869.1994661130061,869.1994661130061,901.9188909344487
2019,91710,6071.0,CALIFORNIA,920.5290858725762,920.5290858725762,1024.2465702159852
2020,91710,6071.0,CALIFORNIA,1011.0281045751634,1011.0281045751634,1126.680025319759
2018,91711,6037.0,CALIFORNIA,1221.7399226946438,1221.7399226946438,985.5947915935825
2019,91711,6037.0,CALIFORNIA,1300.3306116800445,1300.3306116800445,1133.4569424764545
2020,91711,6037.0,CALIFORNIA,1422.7935233877663,1422.7935233877663,1254.9616852551637
2019,91715,6037.0,CALIFORNIA,793.0,793.0,1133.4569424764545
2020,91715,6037.0,CALIFORNIA,881.0,881.0,1254.9616852551637
2018,91722,6037.0,CALIFORNIA,702.2712864609678,702.2712864609678,985.5947915935825
2019,91722,6037.0,CALIFORNIA,744.3432486631016,744.3432486631016,1133.4569424764545
2020,91722,6037.0,CALIFORNIA,813.1964226565087,813.1964226565087,1254.9616852551637
2018,91723,6037.0,CALIFORNIA,787.9788079470198,787.9788079470198,985.5947915935825
2019,91723,6037.0,CALIFORNIA,838.9169595782074,838.9169595782074,1133.4569424764545
2020,91723,6037.0,CALIFORNIA,914.6084099868594,914.6084099868594,1254.9616852551637
2018,91724,6037.0,CALIFORNIA,1008.091767604188,1008.091767604188,985.5947915935825
2019,91724,6037.0,CALIFORNIA,1065.315168767792,1065.315168767792,1133.4569424764545
2020,91724,6037.0,CALIFORNIA,1169.8590862944163,1169.8590862944163,1254.9616852551637
2018,91730,6071.0,CALIFORNIA,803.2237288135593,803.2237288135593,901.9188909344487
2019,91730,6071.0,CALIFORNIA,854.2712393803098,854.2712393803098,1024.2465702159852
2020,91730,6071.0,CALIFORNIA,936.451343952215,936.451343952215,1126.680025319759
2018,91731,6037.0,CALIFORNIA,592.4564315352698,592.4564315352698,985.5947915935825
2019,91731,6037.0,CALIFORNIA,627.9627272727273,627.9627272727273,1133.4569424764545
2020,91731,6037.0,CALIFORNIA,690.8129236330773,690.8129236330773,1254.9616852551637
2018,91732,6037.0,CALIFORNIA,664.9348175350011,664.9348175350011,985.5947915935825
2019,91732,6037.0,CALIFORNIA,706.9275329395729,706.9275329395729,1133.4569424764545
2020,91732,6037.0,CALIFORNIA,777.342605156038,777.342605156038,1254.9616852551637
2018,91733,6037.0,CALIFORNIA,642.2338683262365,642.2338683262365,985.5947915935825
2019,91733,6037.0,CALIFORNIA,686.8663862827564,686.8663862827564,1133.4569424764545
2020,91733,6037.0,CALIFORNIA,754.6904684975767,754.6904684975767,1254.9616852551637
2018,91737,6071.0,CALIFORNIA,1345.846252755327,1345.846252755327,901.9188909344487
2019,91737,6071.0,CALIFORNIA,1440.19056294407,1440.19056294407,1024.2465702159852
2020,91737,6071.0,CALIFORNIA,1597.4434750999635,1597.4434750999635,1126.680025319759
2018,91739,6071.0,CALIFORNIA,1165.637412170224,1165.637412170224,901.9188909344487
2019,91739,6071.0,CALIFORNIA,1257.469493950826,1257.469493950826,1024.2465702159852
2020,91739,6071.0,CALIFORNIA,1391.739832149774,1391.739832149774,1126.680025319759
2018,91740,6037.0,CALIFORNIA,801.5201298701298,801.5201298701298,985.5947915935825
2019,91740,6037.0,CALIFORNIA,847.4805668885549,847.4805668885549,1133.4569424764545
2020,91740,6037.0,CALIFORNIA,921.0824742268042,921.0824742268042,1254.9616852551637
2018,91741,6037.0,CALIFORNIA,1130.9174031817452,1130.9174031817452,985.5947915935825
2019,91741,6037.0,CALIFORNIA,1196.4496259748528,1196.4496259748528,1133.4569424764545
2020,91741,6037.0,CALIFORNIA,1310.678369905956,1310.678369905956,1254.9616852551637
2018,91744,6037.0,CALIFORNIA,748.9595388064482,748.9595388064482,985.5947915935825
2019,91744,6037.0,CALIFORNIA,792.3173539878585,792.3173539878585,1133.4569424764545
2020,91744,6037.0,CALIFORNIA,871.6899330263709,871.6899330263709,1254.9616852551637
2018,91745,6037.0,CALIFORNIA,955.376405602683,955.376405602683,985.5947915935825
2019,91745,6037.0,CALIFORNIA,1014.5449031500684,1014.5449031500684,1133.4569424764545
2020,91745,6037.0,CALIFORNIA,1111.529012588513,1111.529012588513,1254.9616852551637
2018,91746,6037.0,CALIFORNIA,717.8888599687663,717.8888599687663,985.5947915935825
2019,91746,6037.0,CALIFORNIA,763.4008200922603,763.4008200922603,1133.4569424764545
2020,91746,6037.0,CALIFORNIA,833.1785532348446,833.1785532348446,1254.9616852551637
2018,91748,6037.0,CALIFORNIA,982.2907604931432,982.2907604931432,985.5947915935825
2019,91748,6037.0,CALIFORNIA,1044.0817869415807,1044.0817869415807,1133.4569424764545
2020,91748,6037.0,CALIFORNIA,1129.628764852169,1129.628764852169,1254.9616852551637
2018,91750,6037.0,CALIFORNIA,1068.6340057636887,1068.6340057636887,985.5947915935825
2019,91750,6037.0,CALIFORNIA,1144.1292030333382,1144.1292030333382,1133.4569424764545
2020,91750,6037.0,CALIFORNIA,1237.6608212147137,1237.6608212147137,1254.9616852551637
2018,91752,6065.0,CALIFORNIA,917.7607385079126,917.7607385079126,989.8681889772396
2019,91752,6065.0,CALIFORNIA,976.031110316467,976.031110316467,1012.1686744577959
2020,91752,6065.0,CALIFORNIA,1093.501923076923,1093.501923076923,1144.6349196913516
2018,91754,6037.0,CALIFORNIA,695.3669270337207,695.3669270337207,985.5947915935825
2019,91754,6037.0,CALIFORNIA,739.2469112336058,739.2469112336058,1133.4569424764545
2020,91754,6037.0,CALIFORNIA,832.594672288233,832.594672288233,1254.9616852551637
2018,91755,6037.0,CALIFORNIA,662.1285362853629,662.1285362853629,985.5947915935825
2019,91755,6037.0,CALIFORNIA,703.6686153846154,703.6686153846154,1133.4569424764545
2020,91755,6037.0,CALIFORNIA,787.7236196319019,787.7236196319019,1254.9616852551637
2018,91756,6037.0,CALIFORNIA,2903.0,2903.0,985.5947915935825
2019,91756,6037.0,CALIFORNIA,3516.0,3516.0,1133.4569424764545
2018,91759,6071.0,CALIFORNIA,1119.18954248366,1119.18954248366,901.9188909344487
2019,91759,6071.0,CALIFORNIA,1198.8466666666666,1198.8466666666666,1024.2465702159852
2020,91759,6071.0,CALIFORNIA,1246.1875,1246.1875,1126.680025319759
2018,91761,6071.0,CALIFORNIA,801.1505174035748,801.1505174035748,901.9188909344487
2019,91761,6071.0,CALIFORNIA,839.5150793650794,839.5150793650794,1024.2465702159852
2020,91761,6071.0,CALIFORNIA,916.131967393699,916.131967393699,1126.680025319759
2018,91762,6071.0,CALIFORNIA,758.5741156653565,758.5741156653565,901.9188909344487
2019,91762,6071.0,CALIFORNIA,789.3472002113048,789.3472002113048,1024.2465702159852
2020,91762,6071.0,CALIFORNIA,858.8631235898722,858.8631235898722,1126.680025319759
2018,91763,6071.0,CALIFORNIA,735.8879564527103,735.8879564527103,901.9188909344487
2019,91763,6071.0,CALIFORNIA,777.9493190444296,777.9493190444296,1024.2465702159852
2020,91763,6071.0,CALIFORNIA,857.992337164751,857.992337164751,1126.680025319759
2018,91764,6071.0,CALIFORNIA,745.1897106109325,745.1897106109325,901.9188909344487
2019,91764,6071.0,CALIFORNIA,781.3778915769027,781.3778915769027,1024.2465702159852
2020,91764,6071.0,CALIFORNIA,855.5633375022334,855.5633375022334,1126.680025319759
2018,91765,6037.0,CALIFORNIA,1276.6330444203684,1276.6330444203684,985.5947915935825
2019,91765,6037.0,CALIFORNIA,1353.490007561845,1353.490007561845,1133.4569424764545
2020,91765,6037.0,CALIFORNIA,1476.5921739130436,1476.5921739130436,1254.9616852551637
2018,91766,6037.0,CALIFORNIA,815.3440786777762,815.3440786777762,985.5947915935825
2019,91766,6037.0,CALIFORNIA,864.7325191249497,864.7325191249497,1133.4569424764545
2020,91766,6037.0,CALIFORNIA,939.208265802269,939.208265802269,1254.9616852551637
2018,91767,6037.0,CALIFORNIA,743.7899033655448,743.7899033655448,985.5947915935825
2019,91767,6037.0,CALIFORNIA,783.7111074758711,783.7111074758711,1133.4569424764545
2020,91767,6037.0,CALIFORNIA,857.8751222693186,857.8751222693186,1254.9616852551637
2018,91768,6037.0,CALIFORNIA,764.0200959808038,764.0200959808038,985.5947915935825
2019,91768,6037.0,CALIFORNIA,807.0518562168533,807.0518562168533,1133.4569424764545
2020,91768,6037.0,CALIFORNIA,882.9663617586309,882.9663617586309,1254.9616852551637
2018,91770,6037.0,CALIFORNIA,648.198494281164,648.198494281164,985.5947915935825
2019,91770,6037.0,CALIFORNIA,692.5031491554538,692.5031491554538,1133.4569424764545
2020,91770,6037.0,CALIFORNIA,765.9061921708185,765.9061921708185,1254.9616852551637
2018,91773,6037.0,CALIFORNIA,1070.1714195683,1070.1714195683,985.5947915935825
2019,91773,6037.0,CALIFORNIA,1141.7707165109034,1141.7707165109034,1133.4569424764545
2020,91773,6037.0,CALIFORNIA,1242.7563193588162,1242.7563193588162,1254.9616852551637
2018,91775,6037.0,CALIFORNIA,793.7715594503087,793.7715594503087,985.5947915935825
2019,91775,6037.0,CALIFORNIA,849.9886814932486,849.9886814932486,1133.4569424764545
2020,91775,6037.0,CALIFORNIA,948.6418945699564,948.6418945699564,1254.9616852551637
2018,91776,6037.0,CALIFORNIA,634.89453125,634.89453125,985.5947915935825
2019,91776,6037.0,CALIFORNIA,678.7008356545961,678.7008356545961,1133.4569424764545
2020,91776,6037.0,CALIFORNIA,755.0640668523677,755.0640668523677,1254.9616852551637
2018,91780,6037.0,CALIFORNIA,707.6987316751771,707.6987316751771,985.5947915935825
2019,91780,6037.0,CALIFORNIA,753.1780731987527,753.1780731987527,1133.4569424764545
2020,91780,6037.0,CALIFORNIA,841.539497454426,841.539497454426,1254.9616852551637
2018,91784,6071.0,CALIFORNIA,1202.036593479707,1202.036593479707,901.9188909344487
2019,91784,6071.0,CALIFORNIA,1272.7434486373163,1272.7434486373163,1024.2465702159852
2020,91784,6071.0,CALIFORNIA,1393.5583979328164,1393.5583979328164,1126.680025319759
2018,91785,6071.0,CALIFORNIA,1072.0,1072.0,901.9188909344487
2018,91786,6071.0,CALIFORNIA,926.3865136298422,926.3865136298422,901.9188909344487
2019,91786,6071.0,CALIFORNIA,939.8125631768952,939.8125631768952,1024.2465702159852
2020,91786,6071.0,CALIFORNIA,970.1379727685326,970.1379727685326,1126.680025319759
2018,91789,6037.0,CALIFORNIA,1136.5669904985589,1136.5669904985589,985.5947915935825
2019,91789,6037.0,CALIFORNIA,1210.4795853606938,1210.4795853606938,1133.4569424764545
2020,91789,6037.0,CALIFORNIA,1333.077615417196,1333.077615417196,1254.9616852551637
2018,91790,6037.0,CALIFORNIA,741.4827540284991,741.4827540284991,985.5947915935825
2019,91790,6037.0,CALIFORNIA,788.7718651211802,788.7718651211802,1133.4569424764545
2020,91790,6037.0,CALIFORNIA,859.7894044958591,859.7894044958591,1254.9616852551637
2018,91791,6037.0,CALIFORNIA,1026.2847361389445,1026.2847361389445,985.5947915935825
2019,91791,6037.0,CALIFORNIA,1096.1360476663356,1096.1360476663356,1133.4569424764545
2020,91791,6037.0,CALIFORNIA,1213.9395595297235,1213.9395595297235,1254.9616852551637
2018,91792,6037.0,CALIFORNIA,823.6154047681425,823.6154047681425,985.5947915935825
2019,91792,6037.0,CALIFORNIA,874.5128138075314,874.5128138075314,1133.4569424764545
2020,91792,6037.0,CALIFORNIA,960.1034573074908,960.1034573074908,1254.9616852551637
2018,91793,6037.0,CALIFORNIA,1586.0,1586.0,985.5947915935825
2019,91793,6037.0,CALIFORNIA,1672.0,1672.0,1133.4569424764545
2020,91793,6037.0,CALIFORNIA,1956.0,1956.0,1254.9616852551637
2018,91801,6037.0,CALIFORNIA,681.0605355064027,681.0605355064027,985.5947915935825
2019,91801,6037.0,CALIFORNIA,732.6332791075994,732.6332791075994,1133.4569424764545
2020,91801,6037.0,CALIFORNIA,821.3330997430506,821.3330997430506,1254.9616852551637
2018,91803,6037.0,CALIFORNIA,690.3235662409217,690.3235662409217,985.5947915935825
2019,91803,6037.0,CALIFORNIA,732.4478831393909,732.4478831393909,1133.4569424764545
2020,91803,6037.0,CALIFORNIA,809.1821126058794,809.1821126058794,1254.9616852551637
2018,91901,6073.0,CALIFORNIA,1514.3734407484408,1514.3734407484408,1020.1426729569702
2019,91901,6073.0,CALIFORNIA,1631.99816417519,1631.99816417519,1110.406499078517
2020,91901,6073.0,CALIFORNIA,1648.0890988001022,1648.0890988001022,1254.0969064312224
2018,91902,6073.0,CALIFORNIA,1252.070668872607,1252.070668872607,1020.1426729569702
2019,91902,6073.0,CALIFORNIA,1354.4906010675331,1354.4906010675331,1110.406499078517
2020,91902,6073.0,CALIFORNIA,1522.7187066974595,1522.7187066974595,1254.0969064312224
2019,91903,6073.0,CALIFORNIA,2034.0,2034.0,1110.406499078517
2018,91905,6073.0,CALIFORNIA,1269.4427860696517,1269.4427860696517,1020.1426729569702
2019,91905,6073.0,CALIFORNIA,1416.5431472081218,1416.5431472081218,1110.406499078517
2020,91905,6073.0,CALIFORNIA,1444.0935960591132,1444.0935960591132,1254.0969064312224
2018,91906,6073.0,CALIFORNIA,1006.077049180328,1006.077049180328,1020.1426729569702
2019,91906,6073.0,CALIFORNIA,1058.4858490566037,1058.4858490566037,1110.406499078517
2020,91906,6073.0,CALIFORNIA,1165.0450310559006,1165.0450310559006,1254.0969064312224
2018,91910,6073.0,CALIFORNIA,932.5195335858084,932.5195335858084,1020.1426729569702
2019,91910,6073.0,CALIFORNIA,1002.74171990172,1002.74171990172,1110.406499078517
2020,91910,6073.0,CALIFORNIA,1114.0481880509303,1114.0481880509303,1254.0969064312224
2018,91911,6073.0,CALIFORNIA,800.7850676431696,800.7850676431696,1020.1426729569702
2019,91911,6073.0,CALIFORNIA,860.5875780148983,860.5875780148983,1110.406499078517
2020,91911,6073.0,CALIFORNIA,950.8868892016892,950.8868892016892,1254.0969064312224
2018,91913,6073.0,CALIFORNIA,946.7141804788214,946.7141804788214,1020.1426729569702
2019,91913,6073.0,CALIFORNIA,1024.469769061158,1024.469769061158,1110.406499078517
2020,91913,6073.0,CALIFORNIA,1136.6917800641663,1136.6917800641663,1254.0969064312224
2018,91914,6073.0,CALIFORNIA,1292.127864214993,1292.127864214993,1020.1426729569702
2019,91914,6073.0,CALIFORNIA,1430.0671991187,1430.0671991187,1110.406499078517
2020,91914,6073.0,CALIFORNIA,1600.6868385345997,1600.6868385345997,1254.0969064312224
2018,91915,6073.0,CALIFORNIA,1004.3831033040568,1004.3831033040568,1020.1426729569702
2019,91915,6073.0,CALIFORNIA,1087.5794581479984,1087.5794581479984,1110.406499078517
2020,91915,6073.0,CALIFORNIA,1220.0453178263483,1220.0453178263483,1254.0969064312224
2018,91916,6073.0,CALIFORNIA,1443.575,1443.575,1020.1426729569702
2019,91916,6073.0,CALIFORNIA,1491.725,1491.725,1110.406499078517
2020,91916,6073.0,CALIFORNIA,1548.75296912114,1548.75296912114,1254.0969064312224
2018,91917,6073.0,CALIFORNIA,1335.2328767123288,1335.2328767123288,1020.1426729569702
2019,91917,6073.0,CALIFORNIA,1418.0666666666666,1418.0666666666666,1110.406499078517
2020,91917,6073.0,CALIFORNIA,1554.9736842105262,1554.9736842105262,1254.0969064312224
2018,91931,6073.0,CALIFORNIA,1095.3823529411766,1095.3823529411766,1020.1426729569702
2019,91931,6073.0,CALIFORNIA,1274.5,1274.5,1110.406499078517
2020,91931,6073.0,CALIFORNIA,1273.85,1273.85,1254.0969064312224
2018,91932,6073.0,CALIFORNIA,744.8843314191961,744.8843314191961,1020.1426729569702
2019,91932,6073.0,CALIFORNIA,805.840733197556,805.840733197556,1110.406499078517
2020,91932,6073.0,CALIFORNIA,897.8097959183674,897.8097959183674,1254.0969064312224
2018,91934,6073.0,CALIFORNIA,800.8478260869565,800.8478260869565,1020.1426729569702
2019,91934,6073.0,CALIFORNIA,848.4315789473684,848.4315789473684,1110.406499078517
2020,91934,6073.0,CALIFORNIA,911.059405940594,911.059405940594,1254.0969064312224
2018,91935,6073.0,CALIFORNIA,1723.005196032121,1723.005196032121,1020.1426729569702
2019,91935,6073.0,CALIFORNIA,1848.6475791433893,1848.6475791433893,1110.406499078517
2020,91935,6073.0,CALIFORNIA,1840.8760255241568,1840.8760255241568,1254.0969064312224
2018,91941,6073.0,CALIFORNIA,1127.4377850988342,1127.4377850988342,1020.1426729569702
2019,91941,6073.0,CALIFORNIA,1220.0331268175496,1220.0331268175496,1110.406499078517
2020,91941,6073.0,CALIFORNIA,1356.1257272957248,1356.1257272957248,1254.0969064312224
2018,91942,6073.0,CALIFORNIA,784.8076054216867,784.8076054216867,1020.1426729569702
2019,91942,6073.0,CALIFORNIA,838.8309703553673,838.8309703553673,1110.406499078517
2020,91942,6073.0,CALIFORNIA,929.0843351548268,929.0843351548268,1254.0969064312224
2018,91944,6073.0,CALIFORNIA,2892.0,2892.0,1020.1426729569702
2019,91944,6073.0,CALIFORNIA,3230.0,3230.0,1110.406499078517
2020,91944,6073.0,CALIFORNIA,6251.0,5190.254651625734,1254.0969064312224
2018,91945,6073.0,CALIFORNIA,767.8748355984218,767.8748355984218,1020.1426729569702
2019,91945,6073.0,CALIFORNIA,821.0930787589499,821.0930787589499,1110.406499078517
2020,91945,6073.0,CALIFORNIA,907.6575548859232,907.6575548859232,1254.0969064312224
2018,91948,6073.0,CALIFORNIA,939.7906976744188,939.7906976744188,1020.1426729569702
2019,91948,6073.0,CALIFORNIA,1131.448275862069,1131.448275862069,1110.406499078517
2020,91948,6073.0,CALIFORNIA,1018.4090909090908,1018.4090909090908,1254.0969064312224
2018,91950,6073.0,CALIFORNIA,728.3411030176899,728.3411030176899,1020.1426729569702
2019,91950,6073.0,CALIFORNIA,780.5981155264236,780.5981155264236,1110.406499078517
2020,91950,6073.0,CALIFORNIA,863.2819773429454,863.2819773429454,1254.0969064312224
2018,91962,6073.0,CALIFORNIA,1379.6959064327486,1379.6959064327486,1020.1426729569702
2019,91962,6073.0,CALIFORNIA,1455.775,1455.775,1110.406499078517
2020,91962,6073.0,CALIFORNIA,1494.583774250441,1494.583774250441,1254.0969064312224
2018,91963,6073.0,CALIFORNIA,1164.3846153846157,1164.3846153846157,1020.1426729569702
2019,91963,6073.0,CALIFORNIA,1288.485294117647,1288.485294117647,1110.406499078517
2020,91963,6073.0,CALIFORNIA,1338.2465753424658,1338.2465753424658,1254.0969064312224
2018,91977,6073.0,CALIFORNIA,877.5776572441848,877.5776572441848,1020.1426729569702
2019,91977,6073.0,CALIFORNIA,937.5190407575134,937.5190407575134,1110.406499078517
2020,91977,6073.0,CALIFORNIA,1039.9150092269838,1039.9150092269838,1254.0969064312224
2018,91978,6073.0,CALIFORNIA,1086.1704005431093,1086.1704005431093,1020.1426729569702
2019,91978,6073.0,CALIFORNIA,1181.1230455472469,1181.1230455472469,1110.406499078517
2020,91978,6073.0,CALIFORNIA,1300.4624584717608,1300.4624584717608,1254.0969064312224
2020,91979,6073.0,CALIFORNIA,2014.0,2014.0,1254.0969064312224
2018,91980,6073.0,CALIFORNIA,1177.4545454545455,1177.4545454545455,1020.1426729569702
2019,91980,6073.0,CALIFORNIA,1259.1818181818182,1259.1818181818182,1110.406499078517
2020,91980,6073.0,CALIFORNIA,1241.3636363636365,1241.3636363636365,1254.0969064312224
2018,92003,6073.0,CALIFORNIA,1727.6215139442231,1727.6215139442231,1020.1426729569702
2019,92003,6073.0,CALIFORNIA,1838.386385426654,1838.386385426654,1110.406499078517
2020,92003,6073.0,CALIFORNIA,2021.820348304308,2021.820348304308,1254.0969064312224
2018,92004,6073.0,CALIFORNIA,1277.160246533128,1277.160246533128,1020.1426729569702
2019,92004,6073.0,CALIFORNIA,1348.949733434882,1348.949733434882,1110.406499078517
2020,92004,6073.0,CALIFORNIA,1206.5747422680413,1206.5747422680413,1254.0969064312224
2018,92007,6073.0,CALIFORNIA,1194.1054834658853,1194.1054834658853,1020.1426729569702
2019,92007,6073.0,CALIFORNIA,1321.3854725546844,1321.3854725546844,1110.406499078517
2020,92007,6073.0,CALIFORNIA,1470.4203847728204,1470.4203847728204,1254.0969064312224
2018,92008,6073.0,CALIFORNIA,1157.5767480347538,1157.5767480347538,1020.1426729569702
2019,92008,6073.0,CALIFORNIA,1252.4293611793612,1252.4293611793612,1110.406499078517
2020,92008,6073.0,CALIFORNIA,1417.922181372549,1417.922181372549,1254.0969064312224
2018,92009,6073.0,CALIFORNIA,1463.1060915185078,1463.1060915185078,1020.1426729569702
2019,92009,6073.0,CALIFORNIA,1594.9122368547537,1594.9122368547537,1110.406499078517
2020,92009,6073.0,CALIFORNIA,1785.752261790183,1785.752261790183,1254.0969064312224
2018,92010,6073.0,CALIFORNIA,1003.6162127929068,1003.6162127929068,1020.1426729569702
2019,92010,6073.0,CALIFORNIA,1092.7702127659577,1092.7702127659577,1110.406499078517
2020,92010,6073.0,CALIFORNIA,1220.425657700266,1220.425657700266,1254.0969064312224
2018,92011,6073.0,CALIFORNIA,1261.5355695632595,1261.5355695632595,1020.1426729569702
2019,92011,6073.0,CALIFORNIA,1384.614827813117,1384.614827813117,1110.406499078517
2020,92011,6073.0,CALIFORNIA,1553.7397289284202,1553.7397289284202,1254.0969064312224
2018,92014,6073.0,CALIFORNIA,1937.1352470328457,1937.1352470328457,1020.1426729569702
2019,92014,6073.0,CALIFORNIA,2090.268108108108,2090.268108108108,1110.406499078517
2020,92014,6073.0,CALIFORNIA,2419.0784524449223,2419.0784524449223,1254.0969064312224
2018,92019,6073.0,CALIFORNIA,1188.3830132202545,1188.3830132202545,1020.1426729569702
2019,92019,6073.0,CALIFORNIA,1289.7121981424148,1289.7121981424148,1110.406499078517
2020,92019,6073.0,CALIFORNIA,1420.1351984224796,1420.1351984224796,1254.0969064312224
2018,92020,6073.0,CALIFORNIA,1036.1180574188356,1036.1180574188356,1020.1426729569702
2019,92020,6073.0,CALIFORNIA,1113.501196172249,1113.501196172249,1110.406499078517
2020,92020,6073.0,CALIFORNIA,1228.4898876404495,1228.4898876404495,1254.0969064312224
2018,92021,6073.0,CALIFORNIA,1015.6876783398184,1015.6876783398184,1020.1426729569702
2019,92021,6073.0,CALIFORNIA,1100.062739097169,1100.062739097169,1110.406499078517
2020,92021,6073.0,CALIFORNIA,1209.0933886375062,1209.0933886375062,1254.0969064312224
2019,92023,6073.0,CALIFORNIA,2360.0,2360.0,1110.406499078517
2020,92023,6073.0,CALIFORNIA,2760.0,2760.0,1254.0969064312224
2018,92024,6073.0,CALIFORNIA,1375.3294657312467,1375.3294657312467,1020.1426729569702
2019,92024,6073.0,CALIFORNIA,1513.4810767590618,1513.4810767590618,1110.406499078517
2020,92024,6073.0,CALIFORNIA,1701.051549121723,1701.051549121723,1254.0969064312224
2018,92025,6073.0,CALIFORNIA,1180.64661256175,1180.64661256175,1020.1426729569702
2019,92025,6073.0,CALIFORNIA,1274.817864619679,1274.817864619679,1110.406499078517
2020,92025,6073.0,CALIFORNIA,1446.9158960041875,1446.9158960041875,1254.0969064312224
2018,92026,6073.0,CALIFORNIA,1082.114993859551,1082.114993859551,1020.1426729569702
2019,92026,6073.0,CALIFORNIA,1172.1991189427313,1172.1991189427313,1110.406499078517
2020,92026,6073.0,CALIFORNIA,1285.4697609001407,1285.4697609001407,1254.0969064312224
2018,92027,6073.0,CALIFORNIA,978.3621873182084,978.3621873182084,1020.1426729569702
2019,92027,6073.0,CALIFORNIA,1055.9735145094426,1055.9735145094426,1110.406499078517
2020,92027,6073.0,CALIFORNIA,1181.2863032524049,1181.2863032524049,1254.0969064312224
2018,92028,6073.0,CALIFORNIA,1254.0461772826811,1254.0461772826811,1020.1426729569702
2019,92028,6073.0,CALIFORNIA,1361.8542130660728,1361.8542130660728,1110.406499078517
2020,92028,6073.0,CALIFORNIA,1489.6044130626656,1489.6044130626656,1254.0969064312224
2018,92029,6073.0,CALIFORNIA,1366.9656471631206,1366.9656471631206,1020.1426729569702
2019,92029,6073.0,CALIFORNIA,1470.950106609808,1470.950106609808,1110.406499078517
2020,92029,6073.0,CALIFORNIA,1593.3327964566136,1593.3327964566136,1254.0969064312224
2018,92036,6073.0,CALIFORNIA,1505.2760463045413,1505.2760463045413,1020.1426729569702
2019,92036,6073.0,CALIFORNIA,1652.9964412811387,1652.9964412811387,1110.406499078517
2020,92036,6073.0,CALIFORNIA,1656.6324561403508,1656.6324561403508,1254.0969064312224
2018,92037,6073.0,CALIFORNIA,2248.6704331450096,2248.6704331450096,1020.1426729569702
2019,92037,6073.0,CALIFORNIA,2438.746017116524,2438.746017116524,1110.406499078517
2020,92037,6073.0,CALIFORNIA,2826.317782728345,2826.317782728345,1254.0969064312224
2018,92038,6073.0,CALIFORNIA,2265.0,2265.0,1020.1426729569702
2019,92038,6073.0,CALIFORNIA,2538.0,2538.0,1110.406499078517
2020,92038,6073.0,CALIFORNIA,2591.0,2591.0,1254.0969064312224
2018,92040,6073.0,CALIFORNIA,1037.7921280853902,1037.7921280853902,1020.1426729569702
2019,92040,6073.0,CALIFORNIA,1121.3605252686032,1121.3605252686032,1110.406499078517
2020,92040,6073.0,CALIFORNIA,1232.6883665654298,1232.6883665654298,1254.0969064312224
2019,92052,6073.0,CALIFORNIA,506.0,571.7662565339767,1110.406499078517
2018,92054,6073.0,CALIFORNIA,974.9277929155312,974.9277929155312,1020.1426729569702
2019,92054,6073.0,CALIFORNIA,1046.373203883495,1046.373203883495,1110.406499078517
2020,92054,6073.0,CALIFORNIA,1192.0837038468974,1192.0837038468974,1254.0969064312224
2018,92055,6073.0,CALIFORNIA,934.0,934.0,1020.1426729569702
2019,92055,6073.0,CALIFORNIA,947.0,947.0,1110.406499078517
2020,92055,6073.0,CALIFORNIA,956.0,956.0,1254.0969064312224
2018,92056,6073.0,CALIFORNIA,924.0779738673002,924.0779738673002,1020.1426729569702
2019,92056,6073.0,CALIFORNIA,989.1344833361246,989.1344833361246,1110.406499078517
2020,92056,6073.0,CALIFORNIA,1115.8928541649295,1115.8928541649295,1254.0969064312224
2018,92057,6073.0,CALIFORNIA,940.1237840930764,940.1237840930764,1020.1426729569702
2019,92057,6073.0,CALIFORNIA,1023.1608797379504,1023.1608797379504,1110.406499078517
2020,92057,6073.0,CALIFORNIA,1165.275041658952,1165.275041658952,1254.0969064312224
2018,92058,6073.0,CALIFORNIA,826.0487364620939,826.0487364620939,1020.1426729569702
2019,92058,6073.0,CALIFORNIA,894.1382468382033,894.1382468382033,1110.406499078517
2020,92058,6073.0,CALIFORNIA,1022.4089361702128,1022.4089361702128,1254.0969064312224
2018,92059,6073.0,CALIFORNIA,1998.578947368421,1998.578947368421,1020.1426729569702
2019,92059,6073.0,CALIFORNIA,2210.0,2210.0,1110.406499078517
2020,92059,6073.0,CALIFORNIA,2151.6290322580644,2151.6290322580644,1254.0969064312224
2018,92060,6073.0,CALIFORNIA,1281.0,1281.0,1020.1426729569702
2019,92060,6073.0,CALIFORNIA,1336.9,1336.9,1110.406499078517
2020,92060,6073.0,CALIFORNIA,1330.891891891892,1330.891891891892,1254.0969064312224
2018,92061,6073.0,CALIFORNIA,1531.0844748858449,1531.0844748858449,1020.1426729569702
2019,92061,6073.0,CALIFORNIA,1698.8752886836028,1698.8752886836028,1110.406499078517
2020,92061,6073.0,CALIFORNIA,1847.669623059867,1847.669623059867,1254.0969064312224
2018,92064,6073.0,CALIFORNIA,1413.6604966553653,1413.6604966553653,1020.1426729569702
2019,92064,6073.0,CALIFORNIA,1539.8141066113467,1539.8141066113467,1110.406499078517
2020,92064,6073.0,CALIFORNIA,1701.4245443935722,1701.4245443935722,1254.0969064312224
2018,92065,6073.0,CALIFORNIA,1286.890363388317,1286.890363388317,1020.1426729569702
2019,92065,6073.0,CALIFORNIA,1362.8380462724936,1362.8380462724936,1110.406499078517
2020,92065,6073.0,CALIFORNIA,1428.9002675747993,1428.9002675747993,1254.0969064312224
2018,92066,6073.0,CALIFORNIA,1146.2549019607843,1146.2549019607843,1020.1426729569702
2019,92066,6073.0,CALIFORNIA,1242.1454545454546,1242.1454545454546,1110.406499078517
2020,92066,6073.0,CALIFORNIA,1350.9310344827586,1350.9310344827586,1254.0969064312224
2018,92067,6073.0,CALIFORNIA,4595.5124191902005,4595.5124191902005,1020.1426729569702
2019,92067,6073.0,CALIFORNIA,4812.351958895311,4812.351958895311,1110.406499078517
2020,92067,6073.0,CALIFORNIA,6137.941878730757,5190.254651625734,1254.0969064312224
2018,92069,6073.0,CALIFORNIA,1013.4123810836896,1013.4123810836896,1020.1426729569702
2019,92069,6073.0,CALIFORNIA,1090.6095199127114,1090.6095199127114,1110.406499078517
2020,92069,6073.0,CALIFORNIA,1216.7023498694516,1216.7023498694516,1254.0969064312224
2018,92070,6073.0,CALIFORNIA,1941.888888888889,1941.888888888889,1020.1426729569702
2019,92070,6073.0,CALIFORNIA,2083.0482758620687,2083.0482758620687,1110.406499078517
2020,92070,6073.0,CALIFORNIA,2162.108974358974,2162.108974358974,1254.0969064312224
2018,92071,6073.0,CALIFORNIA,850.3072776280324,850.3072776280324,1020.1426729569702
2019,92071,6073.0,CALIFORNIA,911.682150365402,911.682150365402,1110.406499078517
2020,92071,6073.0,CALIFORNIA,994.5048496130108,994.5048496130108,1254.0969064312224
2018,92075,6073.0,CALIFORNIA,1481.6051483420592,1481.6051483420592,1020.1426729569702
2019,92075,6073.0,CALIFORNIA,1613.0972879896683,1613.0972879896683,1110.406499078517
2020,92075,6073.0,CALIFORNIA,1860.16,1860.16,1254.0969064312224
2018,92078,6073.0,CALIFORNIA,1180.737010391687,1180.737010391687,1020.1426729569702
2019,92078,6073.0,CALIFORNIA,1292.712587859425,1292.712587859425,1110.406499078517
2020,92078,6073.0,CALIFORNIA,1465.8546222664015,1465.8546222664015,1254.0969064312224
2018,92081,6073.0,CALIFORNIA,984.1005741016372,984.1005741016372,1020.1426729569702
2019,92081,6073.0,CALIFORNIA,1058.368915813662,1058.368915813662,1110.406499078517
2020,92081,6073.0,CALIFORNIA,1191.7209302325582,1191.7209302325582,1254.0969064312224
2018,92082,6073.0,CALIFORNIA,1462.0154905335628,1462.0154905335628,1020.1426729569702
2019,92082,6073.0,CALIFORNIA,1587.7771792360431,1587.7771792360431,1110.406499078517
2020,92082,6073.0,CALIFORNIA,1709.8210098109596,1709.8210098109596,1254.0969064312224
2018,92083,6073.0,CALIFORNIA,828.1599045346062,828.1599045346062,1020.1426729569702
2019,92083,6073.0,CALIFORNIA,889.1407599309154,889.1407599309154,1110.406499078517
2020,92083,6073.0,CALIFORNIA,1000.1832901554404,1000.1832901554404,1254.0969064312224
2018,92084,6073.0,CALIFORNIA,1104.3164082687338,1104.3164082687338,1020.1426729569702
2019,92084,6073.0,CALIFORNIA,1190.0711082639334,1190.0711082639334,1110.406499078517
2020,92084,6073.0,CALIFORNIA,1331.7939424661006,1331.7939424661006,1254.0969064312224
2018,92086,6073.0,CALIFORNIA,1427.2349397590365,1427.2349397590365,1020.1426729569702
2019,92086,6073.0,CALIFORNIA,1485.142857142857,1485.142857142857,1110.406499078517
2020,92086,6073.0,CALIFORNIA,1574.5804597701149,1574.5804597701149,1254.0969064312224
2018,92088,6073.0,CALIFORNIA,2028.0,2028.0,1020.1426729569702
2019,92088,6073.0,CALIFORNIA,1502.0,1502.0,1110.406499078517
2020,92088,6073.0,CALIFORNIA,1320.0,1320.0,1254.0969064312224
2018,92091,6073.0,CALIFORNIA,2980.206015037594,2980.206015037594,1020.1426729569702
2019,92091,6073.0,CALIFORNIA,3238.4545454545455,3238.4545454545455,1110.406499078517
2020,92091,6073.0,CALIFORNIA,3967.907949790795,3967.907949790795,1254.0969064312224
2018,92101,6073.0,CALIFORNIA,1079.8942307692307,1079.8942307692307,1020.1426729569702
2019,92101,6073.0,CALIFORNIA,1087.172093023256,1087.172093023256,1110.406499078517
2020,92101,6073.0,CALIFORNIA,1294.758928571429,1294.758928571429,1254.0969064312224
2018,92102,6073.0,CALIFORNIA,738.6582976117575,738.6582976117575,1020.1426729569702
2019,92102,6073.0,CALIFORNIA,786.6501680415521,786.6501680415521,1110.406499078517
2020,92102,6073.0,CALIFORNIA,869.6871184371184,869.6871184371184,1254.0969064312224
2018,92103,6073.0,CALIFORNIA,1286.9015214384508,1286.9015214384508,1020.1426729569702
2019,92103,6073.0,CALIFORNIA,1405.6975020587429,1405.6975020587429,1110.406499078517
2020,92103,6073.0,CALIFORNIA,1564.6051183269126,1564.6051183269126,1254.0969064312224
2018,92104,6073.0,CALIFORNIA,770.1415669451343,770.1415669451343,1020.1426729569702
2019,92104,6073.0,CALIFORNIA,836.2579625028236,836.2579625028236,1110.406499078517
2020,92104,6073.0,CALIFORNIA,929.4199045671438,929.4199045671438,1254.0969064312224
2018,92105,6073.0,CALIFORNIA,633.2616378491355,633.2616378491355,1020.1426729569702
2019,92105,6073.0,CALIFORNIA,677.3337706146926,677.3337706146926,1110.406499078517
2020,92105,6073.0,CALIFORNIA,746.6213991769547,746.6213991769547,1254.0969064312224
2018,92106,6073.0,CALIFORNIA,1309.6627260083449,1309.6627260083449,1020.1426729569702
2019,92106,6073.0,CALIFORNIA,1454.144712853236,1454.144712853236,1110.406499078517
2020,92106,6073.0,CALIFORNIA,1619.1543517679056,1619.1543517679056,1254.0969064312224
2018,92107,6073.0,CALIFORNIA,958.7189476347078,958.7189476347078,1020.1426729569702
2019,92107,6073.0,CALIFORNIA,1055.1377081779767,1055.1377081779767,1110.406499078517
2020,92107,6073.0,CALIFORNIA,1177.927794263106,1177.927794263106,1254.0969064312224
2018,92108,6073.0,CALIFORNIA,685.5572755417957,685.5572755417957,1020.1426729569702
2019,92108,6073.0,CALIFORNIA,767.5762195121952,767.5762195121952,1110.406499078517
2020,92108,6073.0,CALIFORNIA,865.2558139534884,865.2558139534884,1254.0969064312224
2018,92109,6073.0,CALIFORNIA,1102.000233535731,1102.000233535731,1020.1426729569702
2019,92109,6073.0,CALIFORNIA,1199.338394294916,1199.338394294916,1110.406499078517
2020,92109,6073.0,CALIFORNIA,1346.7235883424407,1346.7235883424407,1254.0969064312224
2018,92110,6073.0,CALIFORNIA,942.6962337205208,942.6962337205208,1020.1426729569702
2019,92110,6073.0,CALIFORNIA,1010.5258950295448,1010.5258950295448,1110.406499078517
2020,92110,6073.0,CALIFORNIA,1125.485186476124,1125.485186476124,1254.0969064312224
2018,92111,6073.0,CALIFORNIA,775.2959685349066,775.2959685349066,1020.1426729569702
2019,92111,6073.0,CALIFORNIA,833.5260933181596,833.5260933181596,1110.406499078517
2020,92111,6073.0,CALIFORNIA,922.8509880142532,922.8509880142532,1254.0969064312224
2018,92113,6073.0,CALIFORNIA,637.3383411580595,637.3383411580595,1020.1426729569702
2019,92113,6073.0,CALIFORNIA,684.491341991342,684.491341991342,1110.406499078517
2020,92113,6073.0,CALIFORNIA,754.1686821705426,754.1686821705426,1254.0969064312224
2018,92114,6073.0,CALIFORNIA,745.8194031119803,745.8194031119803,1020.1426729569702
2019,92114,6073.0,CALIFORNIA,796.0056142114965,796.0056142114965,1110.406499078517
2020,92114,6073.0,CALIFORNIA,885.1045839269253,885.1045839269253,1254.0969064312224
2018,92115,6073.0,CALIFORNIA,788.2697388632872,788.2697388632872,1020.1426729569702
2019,92115,6073.0,CALIFORNIA,853.2472081994799,853.2472081994799,1110.406499078517
2020,92115,6073.0,CALIFORNIA,939.8282612020188,939.8282612020188,1254.0969064312224
2018,92116,6073.0,CALIFORNIA,912.8401524777636,912.8401524777636,1020.1426729569702
2019,92116,6073.0,CALIFORNIA,984.2477409638554,984.2477409638554,1110.406499078517
2020,92116,6073.0,CALIFORNIA,1087.8391206595054,1087.8391206595054,1254.0969064312224
2018,92117,6073.0,CALIFORNIA,836.4668384387824,836.4668384387824,1020.1426729569702
2019,92117,6073.0,CALIFORNIA,900.6607547169812,900.6607547169812,1110.406499078517
2020,92117,6073.0,CALIFORNIA,1001.1689489092454,1001.1689489092454,1254.0969064312224
2018,92118,6073.0,CALIFORNIA,1582.0300563556668,1582.0300563556668,1020.1426729569702
2019,92118,6073.0,CALIFORNIA,1776.5113496932515,1776.5113496932515,1110.406499078517
2020,92118,6073.0,CALIFORNIA,1997.4702818627452,1997.4702818627452,1254.0969064312224
2018,92119,6073.0,CALIFORNIA,926.1952544828836,926.1952544828836,1020.1426729569702
2019,92119,6073.0,CALIFORNIA,998.6446873320192,998.6446873320192,1110.406499078517
2020,92119,6073.0,CALIFORNIA,1098.4190715181933,1098.4190715181933,1254.0969064312224
2018,92120,6073.0,CALIFORNIA,988.4888888888888,988.4888888888888,1020.1426729569702
2019,92120,6073.0,CALIFORNIA,1068.0261870503598,1068.0261870503598,1110.406499078517
2020,92120,6073.0,CALIFORNIA,1173.609672342252,1173.609672342252,1254.0969064312224
2018,92121,6073.0,CALIFORNIA,1258.5095320623916,1258.5095320623916,1020.1426729569702
2019,92121,6073.0,CALIFORNIA,1362.8472222222222,1362.8472222222222,1110.406499078517
2020,92121,6073.0,CALIFORNIA,1527.6768707482993,1527.6768707482993,1254.0969064312224
2018,92122,6073.0,CALIFORNIA,1082.3005561172902,1082.3005561172902,1020.1426729569702
2019,92122,6073.0,CALIFORNIA,1166.7967459324154,1166.7967459324154,1110.406499078517
2020,92122,6073.0,CALIFORNIA,1276.473854581673,1276.473854581673,1254.0969064312224
2018,92123,6073.0,CALIFORNIA,798.8244368266405,798.8244368266405,1020.1426729569702
2019,92123,6073.0,CALIFORNIA,852.2140096618358,852.2140096618358,1110.406499078517
2020,92123,6073.0,CALIFORNIA,952.7831384015594,952.7831384015594,1254.0969064312224
2018,92124,6073.0,CALIFORNIA,1069.55710160147,1069.55710160147,1020.1426729569702
2019,92124,6073.0,CALIFORNIA,1153.3473765830963,1153.3473765830963,1110.406499078517
2020,92124,6073.0,CALIFORNIA,1272.0662868979805,1272.0662868979805,1254.0969064312224
2018,92126,6073.0,CALIFORNIA,839.2863519802451,839.2863519802451,1020.1426729569702
2019,92126,6073.0,CALIFORNIA,906.7722651101489,906.7722651101489,1110.406499078517
2020,92126,6073.0,CALIFORNIA,1007.6048478015784,1007.6048478015784,1254.0969064312224
2018,92127,6073.0,CALIFORNIA,1416.5547354194823,1416.5547354194823,1020.1426729569702
2019,92127,6073.0,CALIFORNIA,1563.086644424224,1563.086644424224,1110.406499078517
2020,92127,6073.0,CALIFORNIA,1759.8252791777843,1759.8252791777843,1254.0969064312224
2018,92128,6073.0,CALIFORNIA,1116.9147986942328,1116.9147986942328,1020.1426729569702
2019,92128,6073.0,CALIFORNIA,1213.7441759670603,1213.7441759670603,1110.406499078517
2020,92128,6073.0,CALIFORNIA,1335.3553816466551,1335.3553816466551,1254.0969064312224
2018,92129,6073.0,CALIFORNIA,1157.8254055039183,1157.8254055039183,1020.1426729569702
2019,92129,6073.0,CALIFORNIA,1252.5618566010476,1252.5618566010476,1110.406499078517
2020,92129,6073.0,CALIFORNIA,1376.5349315681187,1376.5349315681187,1254.0969064312224
2018,92130,6073.0,CALIFORNIA,1597.3482379689276,1597.3482379689276,1020.1426729569702
2019,92130,6073.0,CALIFORNIA,1747.481800500139,1747.481800500139,1110.406499078517
2020,92130,6073.0,CALIFORNIA,1959.25274923382,1959.25274923382,1254.0969064312224
2018,92131,6073.0,CALIFORNIA,1417.7227846519186,1417.7227846519186,1020.1426729569702
2019,92131,6073.0,CALIFORNIA,1565.5336472921056,1565.5336472921056,1110.406499078517
2020,92131,6073.0,CALIFORNIA,1732.466534702462,1732.466534702462,1254.0969064312224
2019,92132,6073.0,CALIFORNIA,387.0,571.7662565339767,1110.406499078517
2019,92134,6073.0,CALIFORNIA,615.0,615.0,1110.406499078517
2020,92134,6073.0,CALIFORNIA,1069.0,1069.0,1254.0969064312224
2018,92135,6073.0,CALIFORNIA,1143.0,1143.0,1020.1426729569702
2019,92135,6073.0,CALIFORNIA,537.0,571.7662565339767,1110.406499078517
2020,92135,6073.0,CALIFORNIA,544.0,571.7662565339767,1254.0969064312224
2018,92139,6073.0,CALIFORNIA,767.3607014746912,767.3607014746912,1020.1426729569702
2019,92139,6073.0,CALIFORNIA,821.8679282475853,821.8679282475853,1110.406499078517
2020,92139,6073.0,CALIFORNIA,907.9277416814332,907.9277416814332,1254.0969064312224
2018,92150,6073.0,CALIFORNIA,390.0,571.7662565339767,1020.1426729569702
2018,92154,6073.0,CALIFORNIA,826.2249800637959,826.2249800637959,1020.1426729569702
2019,92154,6073.0,CALIFORNIA,895.9074019463285,895.9074019463285,1110.406499078517
2020,92154,6073.0,CALIFORNIA,991.0848419610528,991.0848419610528,1254.0969064312224
2018,92173,6073.0,CALIFORNIA,721.2296462661426,721.2296462661426,1020.1426729569702
2019,92173,6073.0,CALIFORNIA,782.4238706079196,782.4238706079196,1110.406499078517
2020,92173,6073.0,CALIFORNIA,875.7214206437292,875.7214206437292,1254.0969064312224
2019,92182,6073.0,CALIFORNIA,762.0,762.0,1110.406499078517
2018,92201,6065.0,CALIFORNIA,865.5986494421609,865.5986494421609,989.8681889772396
2019,92201,6065.0,CALIFORNIA,908.473913868336,908.473913868336,1012.1686744577959
2020,92201,6065.0,CALIFORNIA,1009.9818401937046,1009.9818401937046,1144.6349196913516
2018,92202,6065.0,CALIFORNIA,872.6666666666666,872.6666666666666,989.8681889772396
2019,92202,6065.0,CALIFORNIA,2855.0,2855.0,1012.1686744577959
2020,92202,6065.0,CALIFORNIA,3306.0,3306.0,1144.6349196913516
2018,92203,6065.0,CALIFORNIA,948.7513094966978,948.7513094966978,989.8681889772396
2019,92203,6065.0,CALIFORNIA,1007.6328073635766,1007.6328073635766,1012.1686744577959
2020,92203,6065.0,CALIFORNIA,1135.5590845898837,1135.5590845898837,1144.6349196913516
2018,92210,6065.0,CALIFORNIA,2921.9812944257387,2921.9812944257387,989.8681889772396
2019,92210,6065.0,CALIFORNIA,3042.3766596785463,3042.3766596785463,1012.1686744577959
2020,92210,6065.0,CALIFORNIA,3726.967044284243,3726.967044284243,1144.6349196913516
2018,92211,6065.0,CALIFORNIA,1056.3223877228615,1056.3223877228615,989.8681889772396
2019,92211,6065.0,CALIFORNIA,1125.5072128620195,1125.5072128620195,1012.1686744577959
2020,92211,6065.0,CALIFORNIA,1256.622181662014,1256.622181662014,1144.6349196913516
2018,92220,6065.0,CALIFORNIA,842.1827508816929,842.1827508816929,989.8681889772396
2019,92220,6065.0,CALIFORNIA,890.7264822134388,890.7264822134388,1012.1686744577959
2020,92220,6065.0,CALIFORNIA,971.957071495473,971.957071495473,1144.6349196913516
2019,92222,6025.0,CALIFORNIA,1709.0,1709.0,845.0029066089173
2020,92222,6025.0,CALIFORNIA,1910.0,1910.0,936.4018344746106
2018,92223,6065.0,CALIFORNIA,843.653849082464,843.653849082464,989.8681889772396
2019,92223,6065.0,CALIFORNIA,895.8701764452733,895.8701764452733,1012.1686744577959
2020,92223,6065.0,CALIFORNIA,981.113098082042,981.113098082042,1144.6349196913516
2018,92225,6065.0,CALIFORNIA,754.8835860838537,754.8835860838537,989.8681889772396
2019,92225,6065.0,CALIFORNIA,805.3955654101995,805.3955654101995,1012.1686744577959
2020,92225,6065.0,CALIFORNIA,872.3065083553211,872.3065083553211,1144.6349196913516
2018,92227,6025.0,CALIFORNIA,790.2346540178571,790.2346540178571,772.009940091798
2019,92227,6025.0,CALIFORNIA,837.5642876236301,837.5642876236301,845.0029066089173
2020,92227,6025.0,CALIFORNIA,939.4173419773095,939.4173419773095,936.4018344746106
2018,92230,6065.0,CALIFORNIA,765.6208333333333,765.6208333333333,989.8681889772396
2019,92230,6065.0,CALIFORNIA,792.7432950191571,792.7432950191571,1012.1686744577959
2020,92230,6065.0,CALIFORNIA,871.28125,871.28125,1144.6349196913516
2018,92231,6025.0,CALIFORNIA,879.146255506608,879.146255506608,772.009940091798
2019,92231,6025.0,CALIFORNIA,940.6372232967976,940.6372232967976,845.0029066089173
2020,92231,6025.0,CALIFORNIA,1028.4064600043357,1028.4064600043357,936.4018344746106
2018,92233,6025.0,CALIFORNIA,747.3974082073435,747.3974082073435,772.009940091798
2019,92233,6025.0,CALIFORNIA,788.8808510638298,788.8808510638298,845.0029066089173
2020,92233,6025.0,CALIFORNIA,874.4129032258064,874.4129032258064,936.4018344746106
2018,92234,6065.0,CALIFORNIA,952.1736051764132,952.1736051764132,989.8681889772396
2019,92234,6065.0,CALIFORNIA,1002.7556987707364,1002.7556987707364,1012.1686744577959
2020,92234,6065.0,CALIFORNIA,1109.0899110135213,1109.0899110135213,1144.6349196913516
2018,92235,6065.0,CALIFORNIA,4140.0,4140.0,989.8681889772396
2019,92235,6065.0,CALIFORNIA,4774.0,4774.0,1012.1686744577959
2020,92235,6065.0,CALIFORNIA,5979.0,5190.254651625734,1144.6349196913516
2018,92236,6065.0,CALIFORNIA,734.8469667318982,734.8469667318982,989.8681889772396
2019,92236,6065.0,CALIFORNIA,781.779462571977,781.779462571977,1012.1686744577959
2020,92236,6065.0,CALIFORNIA,892.9499058380414,892.9499058380414,1144.6349196913516
2018,92239,6065.0,CALIFORNIA,753.0217391304348,753.0217391304348,989.8681889772396
2019,92239,6065.0,CALIFORNIA,761.4,761.4,1012.1686744577959
2020,92239,6065.0,CALIFORNIA,839.9555555555555,839.9555555555555,1144.6349196913516
2018,92240,6065.0,CALIFORNIA,812.2191427095886,812.2191427095886,989.8681889772396
2019,92240,6065.0,CALIFORNIA,853.7664342629482,853.7664342629482,1012.1686744577959
2020,92240,6065.0,CALIFORNIA,950.595869247032,950.595869247032,1144.6349196913516
2018,92241,6065.0,CALIFORNIA,952.904761904762,952.904761904762,989.8681889772396
2019,92241,6065.0,CALIFORNIA,981.8814814814816,981.8814814814816,1012.1686744577959
2020,92241,6065.0,CALIFORNIA,1085.46408045977,1085.46408045977,1144.6349196913516
2018,92242,6071.0,CALIFORNIA,873.2941176470588,873.2941176470588,901.9188909344487
2019,92242,6071.0,CALIFORNIA,939.5,939.5,1024.2465702159852
2020,92242,6071.0,CALIFORNIA,1112.234126984127,1112.234126984127,1126.680025319759
2018,92243,6025.0,CALIFORNIA,926.5129394966982,926.5129394966982,772.009940091798
2019,92243,6025.0,CALIFORNIA,986.6605281445449,986.6605281445449,845.0029066089173
2020,92243,6025.0,CALIFORNIA,1099.758368200837,1099.758368200837,936.4018344746106
2018,92249,6025.0,CALIFORNIA,811.111976630964,811.111976630964,772.009940091798
2019,92249,6025.0,CALIFORNIA,875.4830188679246,875.4830188679246,845.0029066089173
2020,92249,6025.0,CALIFORNIA,982.2039848197344,982.2039848197344,936.4018344746106
2018,92250,6025.0,CALIFORNIA,874.1572139303482,874.1572139303482,772.009940091798
2019,92250,6025.0,CALIFORNIA,922.6679764243617,922.6679764243617,845.0029066089173
2020,92250,6025.0,CALIFORNIA,1023.936274509804,1023.936274509804,936.4018344746106
2018,92251,6025.0,CALIFORNIA,843.068949006464,843.068949006464,772.009940091798
2019,92251,6025.0,CALIFORNIA,901.452098540146,901.452098540146,845.0029066089173
2020,92251,6025.0,CALIFORNIA,991.5891111111112,991.5891111111112,936.4018344746106
2018,92252,6071.0,CALIFORNIA,754.0983961855223,754.0983961855223,901.9188909344487
2019,92252,6071.0,CALIFORNIA,797.3862098138748,797.3862098138748,1024.2465702159852
2020,92252,6071.0,CALIFORNIA,908.9862270450752,908.9862270450752,1126.680025319759
2018,92253,6065.0,CALIFORNIA,1443.5212837084912,1443.5212837084912,989.8681889772396
2019,92253,6065.0,CALIFORNIA,1531.2916966469995,1531.2916966469995,1012.1686744577959
2020,92253,6065.0,CALIFORNIA,1772.9239675255913,1772.9239675255913,1144.6349196913516
2018,92254,6065.0,CALIFORNIA,705.303355704698,705.303355704698,989.8681889772396
2019,92254,6065.0,CALIFORNIA,746.9685863874346,746.9685863874346,1012.1686744577959
2020,92254,6065.0,CALIFORNIA,843.3598435462842,843.3598435462842,1144.6349196913516
2018,92255,6065.0,CALIFORNIA,2081.0,2081.0,989.8681889772396
2018,92256,6071.0,CALIFORNIA,856.2192393736018,856.2192393736018,901.9188909344487
2019,92256,6071.0,CALIFORNIA,909.0953912111468,909.0953912111468,1024.2465702159852
2020,92256,6071.0,CALIFORNIA,1009.3502066115702,1009.3502066115702,1126.680025319759
2018,92257,6025.0,CALIFORNIA,614.5277777777778,614.5277777777778,772.009940091798
2019,92257,6025.0,CALIFORNIA,656.974025974026,656.974025974026,845.0029066089173
2020,92257,6025.0,CALIFORNIA,759.0963855421687,759.0963855421687,936.4018344746106
2018,92258,6065.0,CALIFORNIA,999.818181818182,999.818181818182,989.8681889772396
2019,92258,6065.0,CALIFORNIA,920.5675675675676,920.5675675675676,1012.1686744577959
2020,92258,6065.0,CALIFORNIA,889.0882352941177,889.0882352941177,1144.6349196913516
2018,92259,6025.0,CALIFORNIA,703.3571428571429,703.3571428571429,772.009940091798
2019,92259,6025.0,CALIFORNIA,740.0,740.0,845.0029066089173
2020,92259,6025.0,CALIFORNIA,788.2702702702703,788.2702702702703,936.4018344746106
2018,92260,6065.0,CALIFORNIA,1586.9060546526166,1586.9060546526166,989.8681889772396
2019,92260,6065.0,CALIFORNIA,1648.7849200833912,1648.7849200833912,1012.1686744577959
2020,92260,6065.0,CALIFORNIA,1946.5599379951775,1946.5599379951775,1144.6349196913516
2018,92262,6065.0,CALIFORNIA,1266.5949100340413,1266.5949100340413,989.8681889772396
2019,92262,6065.0,CALIFORNIA,1366.378216258879,1366.378216258879,1012.1686744577959
2020,92262,6065.0,CALIFORNIA,1521.364544895449,1521.364544895449,1144.6349196913516
2018,92264,6065.0,CALIFORNIA,1541.052176263855,1541.052176263855,989.8681889772396
2019,92264,6065.0,CALIFORNIA,1694.9158559032344,1694.9158559032344,1012.1686744577959
2020,92264,6065.0,CALIFORNIA,1941.181063553826,1941.181063553826,1144.6349196913516
2018,92266,6025.0,CALIFORNIA,808.3488372093024,808.3488372093024,772.009940091798
2019,92266,6025.0,CALIFORNIA,879.4166666666666,879.4166666666666,845.0029066089173
2020,92266,6025.0,CALIFORNIA,1083.235294117647,1083.235294117647,936.4018344746106
2018,92267,6071.0,CALIFORNIA,462.0,571.7662565339767,901.9188909344487
2019,92267,6071.0,CALIFORNIA,472.0,571.7662565339767,1024.2465702159852
2020,92267,6071.0,CALIFORNIA,302.0,571.7662565339767,1126.680025319759
2018,92268,6071.0,CALIFORNIA,1173.372972972973,1173.372972972973,901.9188909344487
2019,92268,6071.0,CALIFORNIA,1302.5916230366493,1302.5916230366493,1024.2465702159852
2020,92268,6071.0,CALIFORNIA,1518.335,1518.335,1126.680025319759
2018,92270,6065.0,CALIFORNIA,2004.7817612252,2004.7817612252,989.8681889772396
2019,92270,6065.0,CALIFORNIA,2102.134220469854,2102.134220469854,1012.1686744577959
2020,92270,6065.0,CALIFORNIA,2350.4066791510613,2350.4066791510613,1144.6349196913516
2018,92273,6025.0,CALIFORNIA,724.5275590551181,724.5275590551181,772.009940091798
2019,92273,6025.0,CALIFORNIA,763.8809523809524,763.8809523809524,845.0029066089173
2020,92273,6025.0,CALIFORNIA,860.4958677685951,860.4958677685951,936.4018344746106
2018,92274,6065.0,CALIFORNIA,866.9103773584906,866.9103773584906,989.8681889772396
2019,92274,6065.0,CALIFORNIA,906.0651197604792,906.0651197604792,1012.1686744577959
2020,92274,6065.0,CALIFORNIA,1049.53711790393,1049.53711790393,1144.6349196913516
2018,92275,6025.0,CALIFORNIA,869.3028571428572,869.3028571428572,772.009940091798
2019,92275,6025.0,CALIFORNIA,910.7777777777778,910.7777777777778,845.0029066089173
2020,92275,6025.0,CALIFORNIA,1064.3577235772357,1064.3577235772357,936.4018344746106
2018,92276,6065.0,CALIFORNIA,842.3560267857143,842.3560267857143,989.8681889772396
2019,92276,6065.0,CALIFORNIA,875.3997797356828,875.3997797356828,1012.1686744577959
2020,92276,6065.0,CALIFORNIA,999.9288840262582,999.9288840262582,1144.6349196913516
2018,92277,6071.0,CALIFORNIA,696.3709320695102,696.3709320695102,901.9188909344487
2019,92277,6071.0,CALIFORNIA,740.084131736527,740.084131736527,1024.2465702159852
2020,92277,6071.0,CALIFORNIA,823.6227737226277,823.6227737226277,1126.680025319759
2018,92278,6071.0,CALIFORNIA,1031.4114832535886,1031.4114832535886,901.9188909344487
2019,92278,6071.0,CALIFORNIA,1011.5401069518716,1011.5401069518716,1024.2465702159852
2018,92280,6071.0,CALIFORNIA,1477.5,1477.5,901.9188909344487
2019,92280,6071.0,CALIFORNIA,1216.75,1216.75,1024.2465702159852
2020,92280,6071.0,CALIFORNIA,1026.5,1026.5,1126.680025319759
2018,92281,6025.0,CALIFORNIA,718.3716475095786,718.3716475095786,772.009940091798
2019,92281,6025.0,CALIFORNIA,770.473880597015,770.473880597015,845.0029066089173
2020,92281,6025.0,CALIFORNIA,866.7303370786517,866.7303370786517,936.4018344746106
2018,92282,6065.0,CALIFORNIA,1010.7109004739336,1010.7109004739336,989.8681889772396
2019,92282,6065.0,CALIFORNIA,1003.3090909090909,1003.3090909090909,1012.1686744577959
2020,92282,6065.0,CALIFORNIA,1122.2971698113208,1122.2971698113208,1144.6349196913516
2018,92283,6025.0,CALIFORNIA,932.843137254902,932.843137254902,772.009940091798
2019,92283,6025.0,CALIFORNIA,949.4423076923076,949.4423076923076,845.0029066089173
2020,92283,6025.0,CALIFORNIA,1107.7037037037037,1107.7037037037037,936.4018344746106
2018,92284,6071.0,CALIFORNIA,783.7887323943662,783.7887323943662,901.9188909344487
2019,92284,6071.0,CALIFORNIA,834.4959539371304,834.4959539371304,1024.2465702159852
2020,92284,6071.0,CALIFORNIA,947.822819612036,947.822819612036,1126.680025319759
2018,92285,6071.0,CALIFORNIA,822.8241965973535,822.8241965973535,901.9188909344487
2019,92285,6071.0,CALIFORNIA,858.4298401420959,858.4298401420959,1024.2465702159852
2020,92285,6071.0,CALIFORNIA,971.657894736842,971.657894736842,1126.680025319759
2018,92286,6071.0,CALIFORNIA,328.0,571.7662565339767,901.9188909344487
2019,92286,6071.0,CALIFORNIA,365.0,571.7662565339767,1024.2465702159852
2020,92286,6071.0,CALIFORNIA,706.0,706.0,1126.680025319759
2018,92301,6071.0,CALIFORNIA,759.5758246623866,759.5758246623866,901.9188909344487
2019,92301,6071.0,CALIFORNIA,812.9654074702886,812.9654074702886,1024.2465702159852
2020,92301,6071.0,CALIFORNIA,902.025572282945,902.025572282945,1126.680025319759
2018,92305,6071.0,CALIFORNIA,1029.446428571429,1029.446428571429,901.9188909344487
2019,92305,6071.0,CALIFORNIA,1045.235807860262,1045.235807860262,1024.2465702159852
2020,92305,6071.0,CALIFORNIA,1040.4719101123596,1040.4719101123596,1126.680025319759
2018,92307,6071.0,CALIFORNIA,951.5426133087302,951.5426133087302,901.9188909344487
2019,92307,6071.0,CALIFORNIA,1005.0868043797268,1005.0868043797268,1024.2465702159852
2020,92307,6071.0,CALIFORNIA,1110.4101305366507,1110.4101305366507,1126.680025319759
2018,92308,6071.0,CALIFORNIA,851.1086110819051,851.1086110819051,901.9188909344487
2019,92308,6071.0,CALIFORNIA,901.8702352820302,901.8702352820302,1024.2465702159852
2020,92308,6071.0,CALIFORNIA,997.8054683544304,997.8054683544304,1126.680025319759
2018,92309,6071.0,CALIFORNIA,1093.4,1093.4,901.9188909344487
2019,92309,6071.0,CALIFORNIA,1406.25,1406.25,1024.2465702159852
2020,92309,6071.0,CALIFORNIA,1474.5333333333333,1474.5333333333333,1126.680025319759
2018,92310,6071.0,CALIFORNIA,524.0,571.7662565339767,901.9188909344487
2018,92311,6071.0,CALIFORNIA,763.3827056595834,763.3827056595834,901.9188909344487
2019,92311,6071.0,CALIFORNIA,813.3770186335404,813.3770186335404,1024.2465702159852
2020,92311,6071.0,CALIFORNIA,889.0331967213115,889.0331967213115,1126.680025319759
2018,92313,6071.0,CALIFORNIA,920.8396464646464,920.8396464646464,901.9188909344487
2019,92313,6071.0,CALIFORNIA,976.4314049586776,976.4314049586776,1024.2465702159852
2020,92313,6071.0,CALIFORNIA,1059.4950698438784,1059.4950698438784,1126.680025319759
2018,92314,6071.0,CALIFORNIA,996.7667330677292,996.7667330677292,901.9188909344487
2019,92314,6071.0,CALIFORNIA,1028.3002261978202,1028.3002261978202,1024.2465702159852
2020,92314,6071.0,CALIFORNIA,1047.294257897874,1047.294257897874,1126.680025319759
2018,92315,6071.0,CALIFORNIA,1182.7785613540198,1182.7785613540198,901.9188909344487
2019,92315,6071.0,CALIFORNIA,1213.2841072283388,1213.2841072283388,1024.2465702159852
2020,92315,6071.0,CALIFORNIA,1218.245178452671,1218.245178452671,1126.680025319759
2018,92316,6071.0,CALIFORNIA,816.4650976196845,816.4650976196845,901.9188909344487
2019,92316,6071.0,CALIFORNIA,867.3619197482298,867.3619197482298,1024.2465702159852
2020,92316,6071.0,CALIFORNIA,962.8119703389832,962.8119703389832,1126.680025319759
2018,92317,6071.0,CALIFORNIA,1463.3310344827587,1463.3310344827587,901.9188909344487
2019,92317,6071.0,CALIFORNIA,1492.0073529411766,1492.0073529411766,1024.2465702159852
2020,92317,6071.0,CALIFORNIA,1603.912408759124,1603.912408759124,1126.680025319759
2018,92318,6071.0,CALIFORNIA,672.1333333333333,672.1333333333333,901.9188909344487
2019,92318,6071.0,CALIFORNIA,677.3333333333334,677.3333333333334,1024.2465702159852
2020,92318,6071.0,CALIFORNIA,717.8571428571429,717.8571428571429,1126.680025319759
2018,92320,6065.0,CALIFORNIA,883.0609256004686,883.0609256004686,989.8681889772396
2019,92320,6065.0,CALIFORNIA,937.3230769230768,937.3230769230768,1012.1686744577959
2020,92320,6065.0,CALIFORNIA,936.3027566539924,936.3027566539924,1144.6349196913516
2018,92321,6071.0,CALIFORNIA,1418.3192488262912,1418.3192488262912,901.9188909344487
2019,92321,6071.0,CALIFORNIA,1483.8391959798994,1483.8391959798994,1024.2465702159852
2020,92321,6071.0,CALIFORNIA,1445.299539170507,1445.299539170507,1126.680025319759
2018,92322,6071.0,CALIFORNIA,1334.0445859872611,1334.0445859872611,901.9188909344487
2019,92322,6071.0,CALIFORNIA,1349.8435582822085,1349.8435582822085,1024.2465702159852
2020,92322,6071.0,CALIFORNIA,1181.2434782608696,1181.2434782608696,1126.680025319759
2019,92323,6071.0,CALIFORNIA,648.0,648.0,1024.2465702159852
2020,92323,6071.0,CALIFORNIA,1278.0,1278.0,1126.680025319759
2018,92324,6071.0,CALIFORNIA,853.8383321141185,853.8383321141185,901.9188909344487
2019,92324,6071.0,CALIFORNIA,908.419081779053,908.419081779053,1024.2465702159852
2020,92324,6071.0,CALIFORNIA,997.7331444759208,997.7331444759208,1126.680025319759
2018,92325,6071.0,CALIFORNIA,1306.9280031821795,1306.9280031821795,901.9188909344487
2019,92325,6071.0,CALIFORNIA,1277.9004312034497,1277.9004312034497,1024.2465702159852
2020,92325,6071.0,CALIFORNIA,1088.8763402430309,1088.8763402430309,1126.680025319759
2018,92327,6071.0,CALIFORNIA,753.5365853658536,753.5365853658536,901.9188909344487
2019,92327,6071.0,CALIFORNIA,800.0,800.0,1024.2465702159852
2020,92327,6071.0,CALIFORNIA,865.8157894736842,865.8157894736842,1126.680025319759
2018,92329,6071.0,CALIFORNIA,1313.357142857143,1313.357142857143,901.9188909344487
2019,92329,6071.0,CALIFORNIA,1531.625,1531.625,1024.2465702159852
2020,92329,6071.0,CALIFORNIA,1024.5,1024.5,1126.680025319759
2018,92332,6071.0,CALIFORNIA,991.3333333333334,991.3333333333334,901.9188909344487
2019,92332,6071.0,CALIFORNIA,1147.6666666666667,1147.6666666666667,1024.2465702159852
2020,92332,6071.0,CALIFORNIA,931.6666666666666,931.6666666666666,1126.680025319759
2018,92333,6071.0,CALIFORNIA,1426.1934731934732,1426.1934731934732,901.9188909344487
2019,92333,6071.0,CALIFORNIA,1413.07399103139,1413.07399103139,1024.2465702159852
2020,92333,6071.0,CALIFORNIA,1438.6228571428571,1438.6228571428571,1126.680025319759
2018,92334,6071.0,CALIFORNIA,2111.5,2111.5,901.9188909344487
2019,92334,6071.0,CALIFORNIA,2114.5,2114.5,1024.2465702159852
2020,92334,6071.0,CALIFORNIA,1537.0,1537.0,1126.680025319759
2018,92335,6071.0,CALIFORNIA,711.701779595446,711.701779595446,901.9188909344487
2019,92335,6071.0,CALIFORNIA,751.6667758488918,751.6667758488918,1024.2465702159852
2020,92335,6071.0,CALIFORNIA,830.929311865902,830.929311865902,1126.680025319759
2018,92336,6071.0,CALIFORNIA,911.449223024732,911.449223024732,901.9188909344487
2019,92336,6071.0,CALIFORNIA,976.3570859661232,976.3570859661232,1024.2465702159852
2020,92336,6071.0,CALIFORNIA,1081.403943168949,1081.403943168949,1126.680025319759
2018,92337,6071.0,CALIFORNIA,859.8796808857049,859.8796808857049,901.9188909344487
2019,92337,6071.0,CALIFORNIA,925.0962737885816,925.0962737885816,1024.2465702159852
2020,92337,6071.0,CALIFORNIA,1031.7889511609287,1031.7889511609287,1126.680025319759
2018,92338,6071.0,CALIFORNIA,1402.0,1402.0,901.9188909344487
2019,92338,6071.0,CALIFORNIA,1011.6666666666666,1011.6666666666666,1024.2465702159852
2020,92338,6071.0,CALIFORNIA,1289.0,1289.0,1126.680025319759
2018,92339,6071.0,CALIFORNIA,1193.02752293578,1193.02752293578,901.9188909344487
2019,92339,6071.0,CALIFORNIA,1182.7469135802469,1182.7469135802469,1024.2465702159852
2020,92339,6071.0,CALIFORNIA,1074.752688172043,1074.752688172043,1126.680025319759
2018,92340,6071.0,CALIFORNIA,948.0,948.0,901.9188909344487
2019,92340,6071.0,CALIFORNIA,1043.0,1043.0,1024.2465702159852
2020,92340,6071.0,CALIFORNIA,1043.0,1043.0,1126.680025319759
2018,92341,6071.0,CALIFORNIA,1167.4288840262582,1167.4288840262582,901.9188909344487
2019,92341,6071.0,CALIFORNIA,1163.6247288503257,1163.6247288503257,1024.2465702159852
2020,92341,6071.0,CALIFORNIA,1130.533962264151,1130.533962264151,1126.680025319759
2018,92342,6071.0,CALIFORNIA,963.2987679671456,963.2987679671456,901.9188909344487
2019,92342,6071.0,CALIFORNIA,1037.734,1037.734,1024.2465702159852
2020,92342,6071.0,CALIFORNIA,1127.0483325277912,1127.0483325277912,1126.680025319759
2018,92344,6071.0,CALIFORNIA,1030.5345073774392,1030.5345073774392,901.9188909344487
2019,92344,6071.0,CALIFORNIA,1104.5395220588234,1104.5395220588234,1024.2465702159852
2020,92344,6071.0,CALIFORNIA,1196.3657935974927,1196.3657935974927,1126.680025319759
2018,92345,6071.0,CALIFORNIA,809.3175823447544,809.3175823447544,901.9188909344487
2019,92345,6071.0,CALIFORNIA,853.8192270217603,853.8192270217603,1024.2465702159852
2020,92345,6071.0,CALIFORNIA,936.0072940872708,936.0072940872708,1126.680025319759
2018,92346,6071.0,CALIFORNIA,990.2705975779234,990.2705975779234,901.9188909344487
2019,92346,6071.0,CALIFORNIA,1056.9088696329472,1056.9088696329472,1024.2465702159852
2020,92346,6071.0,CALIFORNIA,1168.9694374148337,1168.9694374148337,1126.680025319759
2018,92347,6071.0,CALIFORNIA,843.1896551724138,843.1896551724138,901.9188909344487
2019,92347,6071.0,CALIFORNIA,929.3653846153846,929.3653846153846,1024.2465702159852
2020,92347,6071.0,CALIFORNIA,962.6538461538462,962.6538461538462,1126.680025319759
2018,92352,6071.0,CALIFORNIA,1823.881641366224,1823.881641366224,901.9188909344487
2019,92352,6071.0,CALIFORNIA,1865.345411203814,1865.345411203814,1024.2465702159852
2020,92352,6071.0,CALIFORNIA,1734.0987582460225,1734.0987582460225,1126.680025319759
2018,92354,6071.0,CALIFORNIA,984.3478260869564,984.3478260869564,901.9188909344487
2019,92354,6071.0,CALIFORNIA,1052.2986918604652,1052.2986918604652,1024.2465702159852
2020,92354,6071.0,CALIFORNIA,1159.6268817204302,1159.6268817204302,1126.680025319759
2018,92356,6071.0,CALIFORNIA,814.0415754923414,814.0415754923414,901.9188909344487
2019,92356,6071.0,CALIFORNIA,864.7390841320554,864.7390841320554,1024.2465702159852
2020,92356,6071.0,CALIFORNIA,941.735632183908,941.735632183908,1126.680025319759
2020,92357,6071.0,CALIFORNIA,360.0,571.7662565339767,1126.680025319759
2018,92358,6071.0,CALIFORNIA,1239.3103448275865,1239.3103448275865,901.9188909344487
2019,92358,6071.0,CALIFORNIA,1238.2585034013605,1238.2585034013605,1024.2465702159852
2020,92358,6071.0,CALIFORNIA,1244.9797297297298,1244.9797297297298,1126.680025319759
2018,92359,6071.0,CALIFORNIA,913.6377306903622,913.6377306903622,901.9188909344487
2019,92359,6071.0,CALIFORNIA,977.102564102564,977.102564102564,1024.2465702159852
2020,92359,6071.0,CALIFORNIA,1060.2531561461794,1060.2531561461794,1126.680025319759
2018,92363,6071.0,CALIFORNIA,878.8363171355498,878.8363171355498,901.9188909344487
2019,92363,6071.0,CALIFORNIA,932.009975062344,932.009975062344,1024.2465702159852
2020,92363,6071.0,CALIFORNIA,1047.4204819277109,1047.4204819277109,1126.680025319759
2018,92364,6071.0,CALIFORNIA,905.0,905.0,901.9188909344487
2019,92364,6071.0,CALIFORNIA,938.0,938.0,1024.2465702159852
2020,92364,6071.0,CALIFORNIA,1025.0,1025.0,1126.680025319759
2018,92365,6071.0,CALIFORNIA,974.3917525773196,974.3917525773196,901.9188909344487
2019,92365,6071.0,CALIFORNIA,1029.87,1029.87,1024.2465702159852
2020,92365,6071.0,CALIFORNIA,1173.049504950495,1173.049504950495,1126.680025319759
2018,92366,6071.0,CALIFORNIA,740.0,740.0,901.9188909344487
2019,92366,6071.0,CALIFORNIA,851.0,851.0,1024.2465702159852
2020,92366,6071.0,CALIFORNIA,447.0,571.7662565339767,1126.680025319759
2018,92368,6071.0,CALIFORNIA,898.4411764705883,898.4411764705883,901.9188909344487
2019,92368,6071.0,CALIFORNIA,907.3,907.3,1024.2465702159852
2020,92368,6071.0,CALIFORNIA,1044.59375,1044.59375,1126.680025319759
2018,92371,6071.0,CALIFORNIA,1126.9217462932454,1126.9217462932454,901.9188909344487
2019,92371,6071.0,CALIFORNIA,1195.631728045326,1195.631728045326,1024.2465702159852
2020,92371,6071.0,CALIFORNIA,1308.6364734299516,1308.6364734299516,1126.680025319759
2018,92372,6071.0,CALIFORNIA,1088.4404655326769,1088.4404655326769,901.9188909344487
2019,92372,6071.0,CALIFORNIA,1149.2493321460374,1149.2493321460374,1024.2465702159852
2020,92372,6071.0,CALIFORNIA,1239.965980304387,1239.965980304387,1126.680025319759
2018,92373,6071.0,CALIFORNIA,1252.6237082964276,1252.6237082964276,901.9188909344487
2019,92373,6071.0,CALIFORNIA,1342.0195935078227,1342.0195935078227,1024.2465702159852
2020,92373,6071.0,CALIFORNIA,1446.369640787949,1446.369640787949,1126.680025319759
2018,92374,6071.0,CALIFORNIA,881.8333333333334,881.8333333333334,901.9188909344487
2019,92374,6071.0,CALIFORNIA,933.2582790264664,933.2582790264664,1024.2465702159852
2020,92374,6071.0,CALIFORNIA,1020.541270048246,1020.541270048246,1126.680025319759
2018,92375,6071.0,CALIFORNIA,3585.0,3585.0,901.9188909344487
2018,92376,6071.0,CALIFORNIA,796.4607505070994,796.4607505070994,901.9188909344487
2019,92376,6071.0,CALIFORNIA,838.0881652104845,838.0881652104845,1024.2465702159852
2020,92376,6071.0,CALIFORNIA,920.0207718054736,920.0207718054736,1126.680025319759
2018,92377,6071.0,CALIFORNIA,991.650954798163,991.650954798163,901.9188909344487
2019,92377,6071.0,CALIFORNIA,1064.8393659806009,1064.8393659806009,1024.2465702159852
2020,92377,6071.0,CALIFORNIA,1179.550234741784,1179.550234741784,1126.680025319759
2018,92378,6071.0,CALIFORNIA,1203.2454545454543,1203.2454545454543,901.9188909344487
2019,92378,6071.0,CALIFORNIA,1255.3425925925926,1255.3425925925926,1024.2465702159852
2020,92378,6071.0,CALIFORNIA,1154.3223140495868,1154.3223140495868,1126.680025319759
2018,92382,6071.0,CALIFORNIA,1198.1571753986332,1198.1571753986332,901.9188909344487
2019,92382,6071.0,CALIFORNIA,1196.0260676650028,1196.0260676650028,1024.2465702159852
2020,92382,6071.0,CALIFORNIA,1074.5494129158512,1074.5494129158512,1126.680025319759
2018,92384,6027.0,CALIFORNIA,1013.25,1013.25,921.1385040778971
2019,92384,6027.0,CALIFORNIA,1142.75,1142.75,1048.931215947831
2020,92384,6027.0,CALIFORNIA,1267.25,1267.25,1181.0903113426402
2018,92385,6071.0,CALIFORNIA,1970.36,1970.36,901.9188909344487
2019,92385,6071.0,CALIFORNIA,2065.6478873239435,2065.6478873239435,1024.2465702159852
2020,92385,6071.0,CALIFORNIA,1801.5172413793105,1801.5172413793105,1126.680025319759
2018,92386,6071.0,CALIFORNIA,802.2670454545455,802.2670454545455,901.9188909344487
2019,92386,6071.0,CALIFORNIA,825.5346774193548,825.5346774193548,1024.2465702159852
2020,92386,6071.0,CALIFORNIA,839.4798206278027,839.4798206278027,1126.680025319759
2018,92389,6027.0,CALIFORNIA,862.6666666666666,862.6666666666666,921.1385040778971
2019,92389,6027.0,CALIFORNIA,915.4285714285714,915.4285714285714,1048.931215947831
2020,92389,6027.0,CALIFORNIA,1037.7142857142858,1037.7142857142858,1181.0903113426402
2018,92391,6071.0,CALIFORNIA,1314.9926335174955,1314.9926335174955,901.9188909344487
2019,92391,6071.0,CALIFORNIA,1326.7563636363636,1326.7563636363636,1024.2465702159852
2020,92391,6071.0,CALIFORNIA,1218.9967479674797,1218.9967479674797,1126.680025319759
2018,92392,6071.0,CALIFORNIA,871.7092801222074,871.7092801222074,901.9188909344487
2019,92392,6071.0,CALIFORNIA,920.6614549199512,920.6614549199512,1024.2465702159852
2020,92392,6071.0,CALIFORNIA,1000.0937384558551,1000.0937384558551,1126.680025319759
2018,92393,6071.0,CALIFORNIA,958.4,958.4,901.9188909344487
2019,92393,6071.0,CALIFORNIA,898.0,898.0,1024.2465702159852
2020,92393,6071.0,CALIFORNIA,1290.5,1290.5,1126.680025319759
2018,92394,6071.0,CALIFORNIA,755.969460098164,755.969460098164,901.9188909344487
2019,92394,6071.0,CALIFORNIA,806.9358682319958,806.9358682319958,1024.2465702159852
2020,92394,6071.0,CALIFORNIA,891.6678565357811,891.6678565357811,1126.680025319759
2018,92395,6071.0,CALIFORNIA,807.6416507329509,807.6416507329509,901.9188909344487
2019,92395,6071.0,CALIFORNIA,853.8860238022581,853.8860238022581,1024.2465702159852
2020,92395,6071.0,CALIFORNIA,935.6398292611128,935.6398292611128,1126.680025319759
2018,92397,6071.0,CALIFORNIA,1114.698677400805,1114.698677400805,901.9188909344487
2019,92397,6071.0,CALIFORNIA,1167.993854748603,1167.993854748603,1024.2465702159852
2020,92397,6071.0,CALIFORNIA,1198.324396782842,1198.324396782842,1126.680025319759
2018,92398,6071.0,CALIFORNIA,958.8153846153846,958.8153846153846,901.9188909344487
2019,92398,6071.0,CALIFORNIA,1028.428571428571,1028.428571428571,1024.2465702159852
2020,92398,6071.0,CALIFORNIA,1144.0547263681592,1144.0547263681592,1126.680025319759
2018,92399,6071.0,CALIFORNIA,1020.716139645403,1020.716139645403,901.9188909344487
2019,92399,6071.0,CALIFORNIA,1081.1244805781391,1081.1244805781391,1024.2465702159852
2020,92399,6071.0,CALIFORNIA,1167.883467381591,1167.883467381591,1126.680025319759
2018,92401,6071.0,CALIFORNIA,697.0568181818181,697.0568181818181,901.9188909344487
2019,92401,6071.0,CALIFORNIA,928.1333333333332,928.1333333333332,1024.2465702159852
2020,92401,6071.0,CALIFORNIA,943.5090909090908,943.5090909090908,1126.680025319759
2018,92404,6071.0,CALIFORNIA,838.7188243526942,838.7188243526942,901.9188909344487
2019,92404,6071.0,CALIFORNIA,877.0404941660947,877.0404941660947,1024.2465702159852
2020,92404,6071.0,CALIFORNIA,960.5631883259912,960.5631883259912,1126.680025319759
2018,92405,6071.0,CALIFORNIA,807.7841545352744,807.7841545352744,901.9188909344487
2019,92405,6071.0,CALIFORNIA,840.227408412483,840.227408412483,1024.2465702159852
2020,92405,6071.0,CALIFORNIA,913.2732152442296,913.2732152442296,1126.680025319759
2018,92407,6071.0,CALIFORNIA,858.0101765316718,858.0101765316718,901.9188909344487
2019,92407,6071.0,CALIFORNIA,915.732736318408,915.732736318408,1024.2465702159852
2020,92407,6071.0,CALIFORNIA,1017.7276355494988,1017.7276355494988,1126.680025319759
2018,92408,6071.0,CALIFORNIA,768.6767283349562,768.6767283349562,901.9188909344487
2019,92408,6071.0,CALIFORNIA,817.5342205323194,817.5342205323194,1024.2465702159852
2020,92408,6071.0,CALIFORNIA,885.9747191011236,885.9747191011236,1126.680025319759
2018,92410,6071.0,CALIFORNIA,763.5649591685226,763.5649591685226,901.9188909344487
2019,92410,6071.0,CALIFORNIA,802.7470313062253,802.7470313062253,1024.2465702159852
2020,92410,6071.0,CALIFORNIA,863.0772200772201,863.0772200772201,1126.680025319759
2018,92411,6071.0,CALIFORNIA,723.8545618789522,723.8545618789522,901.9188909344487
2019,92411,6071.0,CALIFORNIA,757.0475352112676,757.0475352112676,1024.2465702159852
2020,92411,6071.0,CALIFORNIA,816.515811965812,816.515811965812,1126.680025319759
2018,92501,6065.0,CALIFORNIA,855.7984204588191,855.7984204588191,989.8681889772396
2019,92501,6065.0,CALIFORNIA,904.7801598837208,904.7801598837208,1012.1686744577959
2020,92501,6065.0,CALIFORNIA,993.3008217220436,993.3008217220436,1144.6349196913516
2018,92503,6065.0,CALIFORNIA,918.4079533017148,918.4079533017148,989.8681889772396
2019,92503,6065.0,CALIFORNIA,972.3350915959796,972.3350915959796,1012.1686744577959
2020,92503,6065.0,CALIFORNIA,1071.8704470489158,1071.8704470489158,1144.6349196913516
2018,92504,6065.0,CALIFORNIA,943.6094919039642,943.6094919039642,989.8681889772396
2019,92504,6065.0,CALIFORNIA,999.8076119238808,999.8076119238808,1012.1686744577959
2020,92504,6065.0,CALIFORNIA,1101.112821640642,1101.112821640642,1144.6349196913516
2018,92505,6065.0,CALIFORNIA,833.7089793281654,833.7089793281654,989.8681889772396
2019,92505,6065.0,CALIFORNIA,885.0526065599746,885.0526065599746,1012.1686744577959
2020,92505,6065.0,CALIFORNIA,982.8418803418804,982.8418803418804,1144.6349196913516
2018,92506,6065.0,CALIFORNIA,1137.0439050508655,1137.0439050508655,989.8681889772396
2019,92506,6065.0,CALIFORNIA,1210.160366552119,1210.160366552119,1012.1686744577959
2020,92506,6065.0,CALIFORNIA,1346.744343097702,1346.744343097702,1144.6349196913516
2018,92507,6065.0,CALIFORNIA,821.6016646848989,821.6016646848989,989.8681889772396
2019,92507,6065.0,CALIFORNIA,859.4909090909091,859.4909090909091,1012.1686744577959
2020,92507,6065.0,CALIFORNIA,953.4673339399454,953.4673339399454,1144.6349196913516
2018,92508,6065.0,CALIFORNIA,1155.3702269692924,1155.3702269692924,989.8681889772396
2019,92508,6065.0,CALIFORNIA,1227.487025687834,1227.487025687834,1012.1686744577959
2020,92508,6065.0,CALIFORNIA,1360.7345719111345,1360.7345719111345,1144.6349196913516
2018,92509,6065.0,CALIFORNIA,871.7795944464742,871.7795944464742,989.8681889772396
2019,92509,6065.0,CALIFORNIA,914.894351090454,914.894351090454,1012.1686744577959
2020,92509,6065.0,CALIFORNIA,1015.875122211359,1015.875122211359,1144.6349196913516
2020,92521,6065.0,CALIFORNIA,1698.0,1698.0,1144.6349196913516
2018,92530,6065.0,CALIFORNIA,911.5594180364284,911.5594180364284,989.8681889772396
2019,92530,6065.0,CALIFORNIA,971.8884531590414,971.8884531590414,1012.1686744577959
2020,92530,6065.0,CALIFORNIA,1059.0527094116403,1059.0527094116403,1144.6349196913516
2018,92532,6065.0,CALIFORNIA,1003.8641623980268,1003.8641623980268,989.8681889772396
2019,92532,6065.0,CALIFORNIA,1085.0862354892206,1085.0862354892206,1012.1686744577959
2020,92532,6065.0,CALIFORNIA,1214.5195936139332,1214.5195936139332,1144.6349196913516
2018,92536,6065.0,CALIFORNIA,1504.372972972973,1504.372972972973,989.8681889772396
2019,92536,6065.0,CALIFORNIA,1524.159151193634,1524.159151193634,1012.1686744577959
2020,92536,6065.0,CALIFORNIA,1578.3984168865436,1578.3984168865436,1144.6349196913516
2018,92539,6065.0,CALIFORNIA,1487.4886363636365,1487.4886363636365,989.8681889772396
2019,92539,6065.0,CALIFORNIA,1524.0337078651685,1524.0337078651685,1012.1686744577959
2020,92539,6065.0,CALIFORNIA,1598.3320610687024,1598.3320610687024,1144.6349196913516
2018,92543,6065.0,CALIFORNIA,718.5062049062049,718.5062049062049,989.8681889772396
2019,92543,6065.0,CALIFORNIA,756.9577814569536,756.9577814569536,1012.1686744577959
2020,92543,6065.0,CALIFORNIA,866.1371597952035,866.1371597952035,1144.6349196913516
2018,92544,6065.0,CALIFORNIA,892.0254876462939,892.0254876462939,989.8681889772396
2019,92544,6065.0,CALIFORNIA,941.952905042232,941.952905042232,1012.1686744577959
2020,92544,6065.0,CALIFORNIA,1075.9115784139854,1075.9115784139854,1144.6349196913516
2018,92545,6065.0,CALIFORNIA,795.494701986755,795.494701986755,989.8681889772396
2019,92545,6065.0,CALIFORNIA,848.0546603068196,848.0546603068196,1012.1686744577959
2020,92545,6065.0,CALIFORNIA,952.4385542168676,952.4385542168676,1144.6349196913516
2018,92546,6065.0,CALIFORNIA,589.0,589.0,989.8681889772396
2019,92546,6065.0,CALIFORNIA,689.0,689.0,1012.1686744577959
2020,92546,6065.0,CALIFORNIA,722.0,722.0,1144.6349196913516
2018,92548,6065.0,CALIFORNIA,1066.2839879154078,1066.2839879154078,989.8681889772396
2019,92548,6065.0,CALIFORNIA,1095.4837758112094,1095.4837758112094,1012.1686744577959
2020,92548,6065.0,CALIFORNIA,1207.535928143713,1207.535928143713,1144.6349196913516
2018,92549,6065.0,CALIFORNIA,1255.9093701996928,1255.9093701996928,989.8681889772396
2019,92549,6065.0,CALIFORNIA,1299.8707124010557,1299.8707124010557,1012.1686744577959
2020,92549,6065.0,CALIFORNIA,1168.0883924235063,1168.0883924235063,1144.6349196913516
2018,92551,6065.0,CALIFORNIA,838.3489858906526,838.3489858906526,989.8681889772396
2019,92551,6065.0,CALIFORNIA,881.0506518486856,881.0506518486856,1012.1686744577959
2020,92551,6065.0,CALIFORNIA,976.7298777918248,976.7298777918248,1144.6349196913516
2018,92552,6065.0,CALIFORNIA,1747.0,1747.0,989.8681889772396
2019,92552,6065.0,CALIFORNIA,711.0,711.0,1012.1686744577959
2020,92552,6065.0,CALIFORNIA,1088.5,1088.5,1144.6349196913516
2018,92553,6065.0,CALIFORNIA,768.0876337693222,768.0876337693222,989.8681889772396
2019,92553,6065.0,CALIFORNIA,800.1657735321528,800.1657735321528,1012.1686744577959
2020,92553,6065.0,CALIFORNIA,892.140277292322,892.140277292322,1144.6349196913516
2018,92555,6065.0,CALIFORNIA,978.0160916580844,978.0160916580844,989.8681889772396
2019,92555,6065.0,CALIFORNIA,1039.90027356379,1039.90027356379,1012.1686744577959
2020,92555,6065.0,CALIFORNIA,1148.0422109337203,1148.0422109337203,1144.6349196913516
2020,92556,6065.0,CALIFORNIA,2210.0,2210.0,1144.6349196913516
2018,92557,6065.0,CALIFORNIA,895.2876562157421,895.2876562157421,989.8681889772396
2019,92557,6065.0,CALIFORNIA,937.7559282204658,937.7559282204658,1012.1686744577959
2020,92557,6065.0,CALIFORNIA,1030.156338769069,1030.156338769069,1144.6349196913516
2018,92561,6065.0,CALIFORNIA,1605.1644444444444,1605.1644444444444,989.8681889772396
2019,92561,6065.0,CALIFORNIA,1669.553811659193,1669.553811659193,1012.1686744577959
2020,92561,6065.0,CALIFORNIA,1719.5841995841995,1719.5841995841995,1144.6349196913516
2018,92562,6065.0,CALIFORNIA,1281.4376168049637,1281.4376168049637,989.8681889772396
2019,92562,6065.0,CALIFORNIA,1366.2385468339655,1366.2385468339655,1012.1686744577959
2020,92562,6065.0,CALIFORNIA,1500.735119260798,1500.735119260798,1144.6349196913516
2018,92563,6065.0,CALIFORNIA,1011.1884581367924,1011.1884581367924,989.8681889772396
2019,92563,6065.0,CALIFORNIA,1086.541967445152,1086.541967445152,1012.1686744577959
2020,92563,6065.0,CALIFORNIA,1216.4081841083953,1216.4081841083953,1144.6349196913516
2018,92564,6065.0,CALIFORNIA,2340.0,2340.0,989.8681889772396
2019,92564,6065.0,CALIFORNIA,1755.0,1755.0,1012.1686744577959
2020,92564,6065.0,CALIFORNIA,3128.0,3128.0,1144.6349196913516
2018,92567,6065.0,CALIFORNIA,1055.97113997114,1055.97113997114,989.8681889772396
2019,92567,6065.0,CALIFORNIA,1101.494269340974,1101.494269340974,1012.1686744577959
2020,92567,6065.0,CALIFORNIA,1195.3293201133145,1195.3293201133145,1144.6349196913516
2018,92570,6065.0,CALIFORNIA,1027.964882629108,1027.964882629108,989.8681889772396
2019,92570,6065.0,CALIFORNIA,1084.9046915404506,1084.9046915404506,1012.1686744577959
2020,92570,6065.0,CALIFORNIA,1176.38556626068,1176.38556626068,1144.6349196913516
2018,92571,6065.0,CALIFORNIA,829.539745105768,829.539745105768,989.8681889772396
2019,92571,6065.0,CALIFORNIA,888.3123641478072,888.3123641478072,1012.1686744577959
2020,92571,6065.0,CALIFORNIA,996.4983021003648,996.4983021003648,1144.6349196913516
2018,92572,6065.0,CALIFORNIA,1062.0,1062.0,989.8681889772396
2019,92572,6065.0,CALIFORNIA,1136.0,1136.0,1012.1686744577959
2020,92572,6065.0,CALIFORNIA,1474.0,1474.0,1144.6349196913516
2018,92581,6065.0,CALIFORNIA,225.0,571.7662565339767,989.8681889772396
2018,92582,6065.0,CALIFORNIA,839.4055619930475,839.4055619930475,989.8681889772396
2019,92582,6065.0,CALIFORNIA,885.3136887222073,885.3136887222073,1012.1686744577959
2020,92582,6065.0,CALIFORNIA,973.2312419974392,973.2312419974392,1144.6349196913516
2018,92583,6065.0,CALIFORNIA,746.2054449782659,746.2054449782659,989.8681889772396
2019,92583,6065.0,CALIFORNIA,793.1523428825228,793.1523428825228,1012.1686744577959
2020,92583,6065.0,CALIFORNIA,893.8039045553145,893.8039045553145,1144.6349196913516
2018,92584,6065.0,CALIFORNIA,908.359073036058,908.359073036058,989.8681889772396
2019,92584,6065.0,CALIFORNIA,966.5485512920908,966.5485512920908,1012.1686744577959
2020,92584,6065.0,CALIFORNIA,1064.0414783496135,1064.0414783496135,1144.6349196913516
2018,92585,6065.0,CALIFORNIA,836.3851984839417,836.3851984839417,989.8681889772396
2019,92585,6065.0,CALIFORNIA,893.829961832061,893.829961832061,1012.1686744577959
2020,92585,6065.0,CALIFORNIA,990.2795430203498,990.2795430203498,1144.6349196913516
2018,92586,6065.0,CALIFORNIA,713.5524606971975,713.5524606971975,989.8681889772396
2019,92586,6065.0,CALIFORNIA,752.495241275672,752.495241275672,1012.1686744577959
2020,92586,6065.0,CALIFORNIA,844.3303645060201,844.3303645060201,1144.6349196913516
2018,92587,6065.0,CALIFORNIA,1081.5469359651136,1081.5469359651136,989.8681889772396
2019,92587,6065.0,CALIFORNIA,1153.9782218230805,1153.9782218230805,1012.1686744577959
2020,92587,6065.0,CALIFORNIA,1285.6787746170678,1285.6787746170678,1144.6349196913516
2018,92589,6065.0,CALIFORNIA,3538.0,3538.0,989.8681889772396
2019,92589,6065.0,CALIFORNIA,3759.0,3759.0,1012.1686744577959
2020,92589,6065.0,CALIFORNIA,4377.0,4377.0,1144.6349196913516
2018,92590,6065.0,CALIFORNIA,2488.721088435374,2488.721088435374,989.8681889772396
2019,92590,6065.0,CALIFORNIA,2576.0200333889816,2576.0200333889816,1012.1686744577959
2020,92590,6065.0,CALIFORNIA,2683.783960720131,2683.783960720131,1144.6349196913516
2018,92591,6065.0,CALIFORNIA,1018.7102522273811,1018.7102522273811,989.8681889772396
2019,92591,6065.0,CALIFORNIA,1095.6524892440077,1095.6524892440077,1012.1686744577959
2020,92591,6065.0,CALIFORNIA,1210.6725620835855,1210.6725620835855,1144.6349196913516
2018,92592,6065.0,CALIFORNIA,1156.9763688760806,1156.9763688760806,989.8681889772396
2019,92592,6065.0,CALIFORNIA,1241.255783698173,1241.255783698173,1012.1686744577959
2020,92592,6065.0,CALIFORNIA,1380.030296267366,1380.030296267366,1144.6349196913516
2020,92593,6065.0,CALIFORNIA,1081.0,1081.0,1144.6349196913516
2018,92595,6065.0,CALIFORNIA,1064.8870803662255,1064.8870803662255,989.8681889772396
2019,92595,6065.0,CALIFORNIA,1143.8530932132733,1143.8530932132733,1012.1686744577959
2020,92595,6065.0,CALIFORNIA,1267.970792079208,1267.970792079208,1144.6349196913516
2018,92596,6065.0,CALIFORNIA,1007.9113515259164,1007.9113515259164,989.8681889772396
2019,92596,6065.0,CALIFORNIA,1072.7364234358267,1072.7364234358267,1012.1686744577959
2020,92596,6065.0,CALIFORNIA,1169.8684548437725,1169.8684548437725,1144.6349196913516
2018,92602,6059.0,CALIFORNIA,1090.2208067940553,1090.2208067940553,1151.0646098089026
2019,92602,6059.0,CALIFORNIA,1179.469696969697,1179.469696969697,1411.1628622994049
2020,92602,6059.0,CALIFORNIA,1295.663352601156,1295.663352601156,1507.6719144529827
2018,92603,6059.0,CALIFORNIA,1946.8412132024976,1946.8412132024976,1151.0646098089026
2019,92603,6059.0,CALIFORNIA,2103.827515997673,2103.827515997673,1411.1628622994049
2020,92603,6059.0,CALIFORNIA,2440.4437627811863,2440.4437627811863,1507.6719144529827
2018,92604,6059.0,CALIFORNIA,940.0191029900332,940.0191029900332,1151.0646098089026
2019,92604,6059.0,CALIFORNIA,1006.1899889380531,1006.1899889380531,1411.1628622994049
2020,92604,6059.0,CALIFORNIA,1091.8123796423658,1091.8123796423658,1507.6719144529827
2018,92606,6059.0,CALIFORNIA,992.5213327915482,992.5213327915482,1151.0646098089026
2019,92606,6059.0,CALIFORNIA,1059.7816929931146,1059.7816929931146,1411.1628622994049
2020,92606,6059.0,CALIFORNIA,1146.2555102040817,1146.2555102040817,1507.6719144529827
2018,92607,6059.0,CALIFORNIA,947.0,947.0,1151.0646098089026
2019,92607,6059.0,CALIFORNIA,1670.0,1670.0,1411.1628622994049
2020,92607,6059.0,CALIFORNIA,2682.0,2682.0,1507.6719144529827
2018,92610,6059.0,CALIFORNIA,1254.091849935317,1254.091849935317,1151.0646098089026
2019,92610,6059.0,CALIFORNIA,1339.2520627062706,1339.2520627062706,1411.1628622994049
2020,92610,6059.0,CALIFORNIA,1462.8387351778656,1462.8387351778656,1507.6719144529827
2018,92612,6059.0,CALIFORNIA,1176.0633299284984,1176.0633299284984,1151.0646098089026
2019,92612,6059.0,CALIFORNIA,1231.4888888888888,1231.4888888888888,1411.1628622994049
2020,92612,6059.0,CALIFORNIA,1353.8497461928937,1353.8497461928937,1507.6719144529827
2018,92614,6059.0,CALIFORNIA,1012.6950774840474,1012.6950774840474,1151.0646098089026
2019,92614,6059.0,CALIFORNIA,1068.0172335600907,1068.0172335600907,1411.1628622994049
2020,92614,6059.0,CALIFORNIA,1178.6355738454504,1178.6355738454504,1507.6719144529827
2020,92616,6059.0,CALIFORNIA,2370.0,2370.0,1507.6719144529827
2018,92617,6059.0,CALIFORNIA,1043.8220720720722,1043.8220720720722,1151.0646098089026
2019,92617,6059.0,CALIFORNIA,1115.4349680170576,1115.4349680170576,1411.1628622994049
2020,92617,6059.0,CALIFORNIA,1207.2563580874871,1207.2563580874871,1507.6719144529827
2018,92618,6059.0,CALIFORNIA,919.5076671437334,919.5076671437334,1151.0646098089026
2019,92618,6059.0,CALIFORNIA,1004.1730701445188,1004.1730701445188,1411.1628622994049
2020,92618,6059.0,CALIFORNIA,1127.703738611373,1127.703738611373,1507.6719144529827
2018,92620,6059.0,CALIFORNIA,968.8759767805312,968.8759767805312,1151.0646098089026
2019,92620,6059.0,CALIFORNIA,1035.620953630796,1035.620953630796,1411.1628622994049
2020,92620,6059.0,CALIFORNIA,1150.8901074554117,1150.8901074554117,1507.6719144529827
2018,92624,6059.0,CALIFORNIA,1414.9454778704298,1414.9454778704298,1151.0646098089026
2019,92624,6059.0,CALIFORNIA,1524.8347989949748,1524.8347989949748,1411.1628622994049
2020,92624,6059.0,CALIFORNIA,1770.738184079602,1770.738184079602,1507.6719144529827
2018,92625,6059.0,CALIFORNIA,2213.8139963167587,2213.8139963167587,1151.0646098089026
2019,92625,6059.0,CALIFORNIA,2390.7466185752933,2390.7466185752933,1411.1628622994049
2020,92625,6059.0,CALIFORNIA,2889.5169009871374,2889.5169009871374,1507.6719144529827
2018,92626,6059.0,CALIFORNIA,970.9578772343078,970.9578772343078,1151.0646098089026
2019,92626,6059.0,CALIFORNIA,1034.4922024623802,1034.4922024623802,1411.1628622994049
2020,92626,6059.0,CALIFORNIA,1135.593083652269,1135.593083652269,1507.6719144529827
2018,92627,6059.0,CALIFORNIA,887.4516188037314,887.4516188037314,1151.0646098089026
2019,92627,6059.0,CALIFORNIA,953.6328772056175,953.6328772056175,1411.1628622994049
2020,92627,6059.0,CALIFORNIA,1069.3272012859438,1069.3272012859438,1507.6719144529827
2018,92629,6059.0,CALIFORNIA,1636.3628122109158,1636.3628122109158,1151.0646098089026
2019,92629,6059.0,CALIFORNIA,1774.887277999275,1774.887277999275,1411.1628622994049
2020,92629,6059.0,CALIFORNIA,2042.3704841040465,2042.3704841040465,1507.6719144529827
2018,92630,6059.0,CALIFORNIA,1124.8028116562705,1124.8028116562705,1151.0646098089026
2019,92630,6059.0,CALIFORNIA,1204.095411839825,1204.095411839825,1411.1628622994049
2020,92630,6059.0,CALIFORNIA,1335.7515278664598,1335.7515278664598,1507.6719144529827
2018,92637,6059.0,CALIFORNIA,713.9487179487179,713.9487179487179,1151.0646098089026
2019,92637,6059.0,CALIFORNIA,764.65,764.65,1411.1628622994049
2020,92637,6059.0,CALIFORNIA,877.4761904761905,877.4761904761905,1507.6719144529827
2018,92646,6059.0,CALIFORNIA,1005.5994193280796,1005.5994193280796,1151.0646098089026
2019,92646,6059.0,CALIFORNIA,1070.340950338228,1070.340950338228,1411.1628622994049
2020,92646,6059.0,CALIFORNIA,1178.052531278482,1178.052531278482,1507.6719144529827
2018,92647,6059.0,CALIFORNIA,824.315613082168,824.315613082168,1151.0646098089026
2019,92647,6059.0,CALIFORNIA,875.7042302357836,875.7042302357836,1411.1628622994049
2020,92647,6059.0,CALIFORNIA,961.48715585762,961.48715585762,1507.6719144529827
2018,92648,6059.0,CALIFORNIA,1330.245359817649,1330.245359817649,1151.0646098089026
2019,92648,6059.0,CALIFORNIA,1429.6900304048647,1429.6900304048647,1411.1628622994049
2020,92648,6059.0,CALIFORNIA,1610.0869843300288,1610.0869843300288,1507.6719144529827
2018,92649,6059.0,CALIFORNIA,1192.8359746434232,1192.8359746434232,1151.0646098089026
2019,92649,6059.0,CALIFORNIA,1271.4814231738037,1271.4814231738037,1411.1628622994049
2020,92649,6059.0,CALIFORNIA,1415.6337145542848,1415.6337145542848,1507.6719144529827
2018,92651,6059.0,CALIFORNIA,2379.1643059490084,2379.1643059490084,1151.0646098089026
2019,92651,6059.0,CALIFORNIA,2550.5857996792533,2550.5857996792533,1411.1628622994049
2020,92651,6059.0,CALIFORNIA,2969.266367323291,2969.266367323291,1507.6719144529827
2020,92652,6059.0,CALIFORNIA,2023.0,2023.0,1507.6719144529827
2018,92653,6059.0,CALIFORNIA,1691.5612359550562,1691.5612359550562,1151.0646098089026
2019,92653,6059.0,CALIFORNIA,1785.7312442396312,1785.7312442396312,1411.1628622994049
2020,92653,6059.0,CALIFORNIA,1972.3558633425669,1972.3558633425669,1507.6719144529827
2018,92654,6059.0,CALIFORNIA,1268.0,1268.0,1151.0646098089026
2019,92654,6059.0,CALIFORNIA,1494.0,1494.0,1411.1628622994049
2020,92654,6059.0,CALIFORNIA,1576.0,1576.0,1507.6719144529827
2018,92655,6059.0,CALIFORNIA,681.945038167939,681.945038167939,1151.0646098089026
2019,92655,6059.0,CALIFORNIA,718.3093415007656,718.3093415007656,1411.1628622994049
2020,92655,6059.0,CALIFORNIA,790.8297213622291,790.8297213622291,1507.6719144529827
2018,92656,6059.0,CALIFORNIA,1220.3294788000671,1220.3294788000671,1151.0646098089026
2019,92656,6059.0,CALIFORNIA,1310.9347284504236,1310.9347284504236,1411.1628622994049
2020,92656,6059.0,CALIFORNIA,1464.5605834576495,1464.5605834576495,1507.6719144529827
2018,92657,6059.0,CALIFORNIA,3456.064111747851,3456.064111747851,1151.0646098089026
2019,92657,6059.0,CALIFORNIA,3721.643383643383,3721.643383643383,1411.1628622994049
2020,92657,6059.0,CALIFORNIA,4583.701557406736,4583.701557406736,1507.6719144529827
2018,92658,6059.0,CALIFORNIA,5177.0,5177.0,1151.0646098089026
2019,92658,6059.0,CALIFORNIA,1529.0,1529.0,1411.1628622994049
2020,92658,6059.0,CALIFORNIA,7883.0,5190.254651625734,1507.6719144529827
2018,92660,6059.0,CALIFORNIA,2120.194254217471,2120.194254217471,1151.0646098089026
2019,92660,6059.0,CALIFORNIA,2277.438972858768,2277.438972858768,1411.1628622994049
2020,92660,6059.0,CALIFORNIA,2650.120182887002,2650.120182887002,1507.6719144529827
2018,92661,6059.0,CALIFORNIA,2171.8425925925926,2171.8425925925926,1151.0646098089026
2019,92661,6059.0,CALIFORNIA,2296.9107303877367,2296.9107303877367,1411.1628622994049
2020,92661,6059.0,CALIFORNIA,2861.726296958855,2861.726296958855,1507.6719144529827
2018,92662,6059.0,CALIFORNIA,1755.690826727067,1755.690826727067,1151.0646098089026
2019,92662,6059.0,CALIFORNIA,1863.424778761062,1863.424778761062,1411.1628622994049
2020,92662,6059.0,CALIFORNIA,2279.6451612903224,2279.6451612903224,1507.6719144529827
2018,92663,6059.0,CALIFORNIA,1825.792211566405,1825.792211566405,1151.0646098089026
2019,92663,6059.0,CALIFORNIA,1964.4988584474888,1964.4988584474888,1411.1628622994049
2020,92663,6059.0,CALIFORNIA,2346.9248587570623,2346.9248587570623,1507.6719144529827
2018,92672,6059.0,CALIFORNIA,1346.1086553062255,1346.1086553062255,1151.0646098089026
2019,92672,6059.0,CALIFORNIA,1454.4022630370614,1454.4022630370614,1411.1628622994049
2020,92672,6059.0,CALIFORNIA,1623.155888030888,1623.155888030888,1507.6719144529827
2018,92673,6059.0,CALIFORNIA,1528.5803221593385,1528.5803221593385,1151.0646098089026
2019,92673,6059.0,CALIFORNIA,1646.9297497155858,1646.9297497155858,1411.1628622994049
2020,92673,6059.0,CALIFORNIA,1841.581002413744,1841.581002413744,1507.6719144529827
2018,92675,6059.0,CALIFORNIA,1755.8796019900497,1755.8796019900497,1151.0646098089026
2019,92675,6059.0,CALIFORNIA,1901.1800685043224,1901.1800685043224,1411.1628622994049
2020,92675,6059.0,CALIFORNIA,2125.184210526316,2125.184210526316,1507.6719144529827
2018,92676,6059.0,CALIFORNIA,1605.6876574307305,1605.6876574307305,1151.0646098089026
2019,92676,6059.0,CALIFORNIA,1729.464467005076,1729.464467005076,1411.1628622994049
2020,92676,6059.0,CALIFORNIA,1740.794642857143,1740.794642857143,1507.6719144529827
2018,92677,6059.0,CALIFORNIA,1573.1009486166008,1573.1009486166008,1151.0646098089026
2019,92677,6059.0,CALIFORNIA,1681.6619222648003,1681.6619222648003,1411.1628622994049
2020,92677,6059.0,CALIFORNIA,1875.579189399844,1875.579189399844,1507.6719144529827
2018,92678,6059.0,CALIFORNIA,1829.5263157894735,1829.5263157894735,1151.0646098089026
2019,92678,6059.0,CALIFORNIA,1854.3513513513512,1854.3513513513512,1411.1628622994049
2020,92678,6059.0,CALIFORNIA,2122.4444444444443,2122.4444444444443,1507.6719144529827
2018,92679,6059.0,CALIFORNIA,1897.6782511210763,1897.6782511210763,1151.0646098089026
2019,92679,6059.0,CALIFORNIA,2076.493137133671,2076.493137133671,1411.1628622994049
2020,92679,6059.0,CALIFORNIA,2304.28938750758,2304.28938750758,1507.6719144529827
2018,92683,6059.0,CALIFORNIA,739.9088362617774,739.9088362617774,1151.0646098089026
2019,92683,6059.0,CALIFORNIA,777.85784107188,777.85784107188,1411.1628622994049
2020,92683,6059.0,CALIFORNIA,848.1053524471965,848.1053524471965,1507.6719144529827
2018,92688,6059.0,CALIFORNIA,1236.661669606114,1236.661669606114,1151.0646098089026
2019,92688,6059.0,CALIFORNIA,1332.8562664329536,1332.8562664329536,1411.1628622994049
2020,92688,6059.0,CALIFORNIA,1474.825644011061,1474.825644011061,1507.6719144529827
2018,92691,6059.0,CALIFORNIA,1166.9694369456229,1166.9694369456229,1151.0646098089026
2019,92691,6059.0,CALIFORNIA,1243.5186314685982,1243.5186314685982,1411.1628622994049
2020,92691,6059.0,CALIFORNIA,1366.7400171542934,1366.7400171542934,1507.6719144529827
2018,92692,6059.0,CALIFORNIA,1315.401714745021,1315.401714745021,1151.0646098089026
2019,92692,6059.0,CALIFORNIA,1396.1373034104963,1396.1373034104963,1411.1628622994049
2020,92692,6059.0,CALIFORNIA,1543.8350132625994,1543.8350132625994,1507.6719144529827
2018,92694,6059.0,CALIFORNIA,1402.3589347079037,1402.3589347079037,1151.0646098089026
2019,92694,6059.0,CALIFORNIA,1473.9649012848636,1473.9649012848636,1411.1628622994049
2020,92694,6059.0,CALIFORNIA,1637.8755503375403,1637.8755503375403,1507.6719144529827
2018,92697,6059.0,CALIFORNIA,51.0,571.7662565339767,1151.0646098089026
2018,92701,6059.0,CALIFORNIA,660.2379862700229,660.2379862700229,1151.0646098089026
2019,92701,6059.0,CALIFORNIA,701.6657681940701,701.6657681940701,1411.1628622994049
2020,92701,6059.0,CALIFORNIA,767.9473684210526,767.9473684210526,1507.6719144529827
2018,92703,6059.0,CALIFORNIA,587.1458233890215,587.1458233890215,1151.0646098089026
2019,92703,6059.0,CALIFORNIA,620.1544983513895,620.1544983513895,1411.1628622994049
2020,92703,6059.0,CALIFORNIA,672.8422048734327,672.8422048734327,1507.6719144529827
2018,92704,6059.0,CALIFORNIA,693.103546503347,693.103546503347,1151.0646098089026
2019,92704,6059.0,CALIFORNIA,733.7806524184477,733.7806524184477,1411.1628622994049
2020,92704,6059.0,CALIFORNIA,801.4503311258278,801.4503311258278,1507.6719144529827
2018,92705,6059.0,CALIFORNIA,1388.4430804863923,1388.4430804863923,1151.0646098089026
2019,92705,6059.0,CALIFORNIA,1477.5339138405134,1477.5339138405134,1411.1628622994049
2020,92705,6059.0,CALIFORNIA,1639.0887512899897,1639.0887512899897,1507.6719144529827
2018,92706,6059.0,CALIFORNIA,808.729711602951,808.729711602951,1151.0646098089026
2019,92706,6059.0,CALIFORNIA,856.2842526690391,856.2842526690391,1411.1628622994049
2020,92706,6059.0,CALIFORNIA,937.1529726118904,937.1529726118904,1507.6719144529827
2018,92707,6059.0,CALIFORNIA,662.518885921404,662.518885921404,1151.0646098089026
2019,92707,6059.0,CALIFORNIA,698.0301994301994,698.0301994301994,1411.1628622994049
2020,92707,6059.0,CALIFORNIA,766.4974271012007,766.4974271012007,1507.6719144529827
2018,92708,6059.0,CALIFORNIA,972.4042150770064,972.4042150770064,1151.0646098089026
2019,92708,6059.0,CALIFORNIA,1030.3276987747072,1030.3276987747072,1411.1628622994049
2020,92708,6059.0,CALIFORNIA,1129.0601463018152,1129.0601463018152,1507.6719144529827
2018,92780,6059.0,CALIFORNIA,876.6663641314213,876.6663641314213,1151.0646098089026
2019,92780,6059.0,CALIFORNIA,928.3215700396112,928.3215700396112,1411.1628622994049
2020,92780,6059.0,CALIFORNIA,1018.4420485175202,1018.4420485175202,1507.6719144529827
2018,92782,6059.0,CALIFORNIA,1256.1748085555848,1256.1748085555848,1151.0646098089026
2019,92782,6059.0,CALIFORNIA,1353.773703509691,1353.773703509691,1411.1628622994049
2020,92782,6059.0,CALIFORNIA,1484.7123109024517,1484.7123109024517,1507.6719144529827
2018,92799,6059.0,CALIFORNIA,698.3333333333334,698.3333333333334,1151.0646098089026
2019,92799,6059.0,CALIFORNIA,877.0,877.0,1411.1628622994049
2018,92801,6059.0,CALIFORNIA,688.8835378559852,688.8835378559852,1151.0646098089026
2019,92801,6059.0,CALIFORNIA,723.5165638565227,723.5165638565227,1411.1628622994049
2020,92801,6059.0,CALIFORNIA,789.7461009174312,789.7461009174312,1507.6719144529827
2018,92802,6059.0,CALIFORNIA,724.8182423435419,724.8182423435419,1151.0646098089026
2019,92802,6059.0,CALIFORNIA,761.4642739545604,761.4642739545604,1411.1628622994049
2020,92802,6059.0,CALIFORNIA,833.0889761203795,833.0889761203795,1507.6719144529827
2018,92804,6059.0,CALIFORNIA,703.6425487221379,703.6425487221379,1151.0646098089026
2019,92804,6059.0,CALIFORNIA,745.0506694367498,745.0506694367498,1411.1628622994049
2020,92804,6059.0,CALIFORNIA,810.8987356455168,810.8987356455168,1507.6719144529827
2018,92805,6059.0,CALIFORNIA,681.0339972527472,681.0339972527472,1151.0646098089026
2019,92805,6059.0,CALIFORNIA,720.811840762164,720.811840762164,1411.1628622994049
2020,92805,6059.0,CALIFORNIA,789.3363992505535,789.3363992505535,1507.6719144529827
2018,92806,6059.0,CALIFORNIA,812.5245622568093,812.5245622568093,1151.0646098089026
2019,92806,6059.0,CALIFORNIA,857.6089666746584,857.6089666746584,1411.1628622994049
2020,92806,6059.0,CALIFORNIA,941.9117008443908,941.9117008443908,1507.6719144529827
2018,92807,6059.0,CALIFORNIA,1282.7001384170128,1282.7001384170128,1151.0646098089026
2019,92807,6059.0,CALIFORNIA,1358.5617529880478,1358.5617529880478,1411.1628622994049
2020,92807,6059.0,CALIFORNIA,1497.3401588483496,1497.3401588483496,1507.6719144529827
2018,92808,6059.0,CALIFORNIA,1435.867746615087,1435.867746615087,1151.0646098089026
2019,92808,6059.0,CALIFORNIA,1527.4466042716583,1527.4466042716583,1411.1628622994049
2020,92808,6059.0,CALIFORNIA,1666.593037214886,1666.593037214886,1507.6719144529827
2018,92809,6059.0,CALIFORNIA,1241.0,1241.0,1151.0646098089026
2019,92809,6059.0,CALIFORNIA,1281.0,1281.0,1411.1628622994049
2020,92809,6059.0,CALIFORNIA,1823.0,1823.0,1507.6719144529827
2018,92815,6059.0,CALIFORNIA,591.0,591.0,1151.0646098089026
2019,92815,6059.0,CALIFORNIA,653.0,653.0,1411.1628622994049
2020,92815,6059.0,CALIFORNIA,1264.0,1264.0,1507.6719144529827
2018,92821,6059.0,CALIFORNIA,995.2603583426652,995.2603583426652,1151.0646098089026
2019,92821,6059.0,CALIFORNIA,1066.5703755215577,1066.5703755215577,1411.1628622994049
2020,92821,6059.0,CALIFORNIA,1174.3933537263626,1174.3933537263626,1507.6719144529827
2018,92823,6059.0,CALIFORNIA,1103.5682967959528,1103.5682967959528,1151.0646098089026
2019,92823,6059.0,CALIFORNIA,1174.2432653061223,1174.2432653061223,1411.1628622994049
2020,92823,6059.0,CALIFORNIA,1280.192,1280.192,1507.6719144529827
2018,92831,6059.0,CALIFORNIA,957.0981535471332,957.0981535471332,1151.0646098089026
2019,92831,6059.0,CALIFORNIA,1017.0088942307692,1017.0088942307692,1411.1628622994049
2020,92831,6059.0,CALIFORNIA,1120.905333974051,1120.905333974051,1507.6719144529827
2018,92832,6059.0,CALIFORNIA,712.0520165849981,712.0520165849981,1151.0646098089026
2019,92832,6059.0,CALIFORNIA,755.8585256887566,755.8585256887566,1411.1628622994049
2020,92832,6059.0,CALIFORNIA,826.0082120194103,826.0082120194103,1507.6719144529827
2018,92833,6059.0,CALIFORNIA,823.2222774121445,823.2222774121445,1151.0646098089026
2019,92833,6059.0,CALIFORNIA,875.7252235697661,875.7252235697661,1411.1628622994049
2020,92833,6059.0,CALIFORNIA,965.4109976626892,965.4109976626892,1507.6719144529827
2018,92835,6059.0,CALIFORNIA,1171.2922450490469,1171.2922450490469,1151.0646098089026
2019,92835,6059.0,CALIFORNIA,1249.8439443834611,1249.8439443834611,1411.1628622994049
2020,92835,6059.0,CALIFORNIA,1387.7309037364255,1387.7309037364255,1507.6719144529827
2018,92840,6059.0,CALIFORNIA,666.835261453031,666.835261453031,1151.0646098089026
2019,92840,6059.0,CALIFORNIA,702.6336816226183,702.6336816226183,1411.1628622994049
2020,92840,6059.0,CALIFORNIA,768.6568311049639,768.6568311049639,1507.6719144529827
2018,92841,6059.0,CALIFORNIA,716.5848107331097,716.5848107331097,1151.0646098089026
2019,92841,6059.0,CALIFORNIA,753.2593735168487,753.2593735168487,1411.1628622994049
2020,92841,6059.0,CALIFORNIA,824.0968049594659,824.0968049594659,1507.6719144529827
2018,92842,6059.0,CALIFORNIA,1605.0,1605.0,1151.0646098089026
2018,92843,6059.0,CALIFORNIA,608.6636452719255,608.6636452719255,1151.0646098089026
2019,92843,6059.0,CALIFORNIA,641.8380722891566,641.8380722891566,1411.1628622994049
2020,92843,6059.0,CALIFORNIA,702.7805292546734,702.7805292546734,1507.6719144529827
2018,92844,6059.0,CALIFORNIA,667.4167585446527,667.4167585446527,1151.0646098089026
2019,92844,6059.0,CALIFORNIA,702.8992374727669,702.8992374727669,1411.1628622994049
2020,92844,6059.0,CALIFORNIA,783.7223749312809,783.7223749312809,1507.6719144529827
2018,92845,6059.0,CALIFORNIA,742.1598972922502,742.1598972922502,1151.0646098089026
2019,92845,6059.0,CALIFORNIA,779.6793503480278,779.6793503480278,1411.1628622994049
2020,92845,6059.0,CALIFORNIA,851.1751333797263,851.1751333797263,1507.6719144529827
2018,92846,6059.0,CALIFORNIA,674.5,674.5,1151.0646098089026
2019,92846,6059.0,CALIFORNIA,599.5,599.5,1411.1628622994049
2020,92846,6059.0,CALIFORNIA,1116.0,1116.0,1507.6719144529827
2018,92860,6065.0,CALIFORNIA,1162.0906289650172,1162.0906289650172,989.8681889772396
2019,92860,6065.0,CALIFORNIA,1227.8302702702704,1227.8302702702704,1012.1686744577959
2020,92860,6065.0,CALIFORNIA,1344.3809609178918,1344.3809609178918,1144.6349196913516
2018,92861,6059.0,CALIFORNIA,1810.0835565077664,1810.0835565077664,1151.0646098089026
2019,92861,6059.0,CALIFORNIA,1950.3729442970823,1950.3729442970823,1411.1628622994049
2020,92861,6059.0,CALIFORNIA,2223.703191489362,2223.703191489362,1507.6719144529827
2018,92862,6059.0,CALIFORNIA,1282.0,1282.0,1151.0646098089026
2019,92862,6059.0,CALIFORNIA,1272.5,1272.5,1411.1628622994049
2020,92862,6059.0,CALIFORNIA,1438.0,1438.0,1507.6719144529827
2018,92865,6059.0,CALIFORNIA,848.0634218289085,848.0634218289085,1151.0646098089026
2019,92865,6059.0,CALIFORNIA,897.3765395894428,897.3765395894428,1411.1628622994049
2020,92865,6059.0,CALIFORNIA,987.7961764705882,987.7961764705882,1507.6719144529827
2018,92866,6059.0,CALIFORNIA,821.4053895723491,821.4053895723491,1151.0646098089026
2019,92866,6059.0,CALIFORNIA,867.3296511627907,867.3296511627907,1411.1628622994049
2020,92866,6059.0,CALIFORNIA,957.100938967136,957.100938967136,1507.6719144529827
2018,92867,6059.0,CALIFORNIA,1125.4509877003354,1125.4509877003354,1151.0646098089026
2019,92867,6059.0,CALIFORNIA,1204.9375386518243,1204.9375386518243,1411.1628622994049
2020,92867,6059.0,CALIFORNIA,1320.2264313919052,1320.2264313919052,1507.6719144529827
2018,92868,6059.0,CALIFORNIA,718.9554606467358,718.9554606467358,1151.0646098089026
2019,92868,6059.0,CALIFORNIA,762.4493632504548,762.4493632504548,1411.1628622994049
2020,92868,6059.0,CALIFORNIA,839.8743932038835,839.8743932038835,1507.6719144529827
2018,92869,6059.0,CALIFORNIA,1276.895614665708,1276.895614665708,1151.0646098089026
2019,92869,6059.0,CALIFORNIA,1359.8057420368518,1359.8057420368518,1411.1628622994049
2020,92869,6059.0,CALIFORNIA,1504.6661403760586,1504.6661403760586,1507.6719144529827
2018,92870,6059.0,CALIFORNIA,974.06995321237,974.06995321237,1151.0646098089026
2019,92870,6059.0,CALIFORNIA,1034.0602776837115,1034.0602776837115,1411.1628622994049
2020,92870,6059.0,CALIFORNIA,1132.4586669674072,1132.4586669674072,1507.6719144529827
2020,92878,6065.0,CALIFORNIA,1072.179104477612,1072.179104477612,1144.6349196913516
2018,92879,6065.0,CALIFORNIA,988.5339805825242,988.5339805825242,989.8681889772396
2019,92879,6065.0,CALIFORNIA,1054.754833720031,1054.754833720031,1012.1686744577959
2020,92879,6065.0,CALIFORNIA,1161.1854938271606,1161.1854938271606,1144.6349196913516
2018,92880,6065.0,CALIFORNIA,1042.552752293578,1042.552752293578,989.8681889772396
2019,92880,6065.0,CALIFORNIA,1122.3014164305948,1122.3014164305948,1012.1686744577959
2020,92880,6065.0,CALIFORNIA,1252.6766564874654,1252.6766564874654,1144.6349196913516
2018,92881,6065.0,CALIFORNIA,1284.5673268846922,1284.5673268846922,989.8681889772396
2019,92881,6065.0,CALIFORNIA,1372.1084264572637,1372.1084264572637,1012.1686744577959
2020,92881,6065.0,CALIFORNIA,1509.5809109979025,1509.5809109979025,1144.6349196913516
2018,92882,6065.0,CALIFORNIA,1093.8955264103486,1093.8955264103486,989.8681889772396
2019,92882,6065.0,CALIFORNIA,1168.7409284951975,1168.7409284951975,1012.1686744577959
2020,92882,6065.0,CALIFORNIA,1286.5837366892547,1286.5837366892547,1144.6349196913516
2018,92883,6065.0,CALIFORNIA,1149.6406670942913,1149.6406670942913,989.8681889772396
2019,92883,6065.0,CALIFORNIA,1226.497346474602,1226.497346474602,1012.1686744577959
2020,92883,6065.0,CALIFORNIA,1316.9285287438747,1316.9285287438747,1144.6349196913516
2018,92885,6059.0,CALIFORNIA,1072.0,1072.0,1151.0646098089026
2019,92885,6059.0,CALIFORNIA,1136.0,1136.0,1411.1628622994049
2020,92885,6059.0,CALIFORNIA,1156.0,1156.0,1507.6719144529827
2018,92886,6059.0,CALIFORNIA,1291.1835789473685,1291.1835789473685,1151.0646098089026
2019,92886,6059.0,CALIFORNIA,1368.9999171568222,1368.9999171568222,1411.1628622994049
2020,92886,6059.0,CALIFORNIA,1498.9294729027467,1498.9294729027467,1507.6719144529827
2018,92887,6059.0,CALIFORNIA,1534.6875756353368,1534.6875756353368,1151.0646098089026
2019,92887,6059.0,CALIFORNIA,1630.525924437299,1630.525924437299,1411.1628622994049
2020,92887,6059.0,CALIFORNIA,1788.38470681458,1788.38470681458,1507.6719144529827
2018,93001,6111.0,CALIFORNIA,965.0425070483626,965.0425070483626,1024.7239528763548
2019,93001,6111.0,CALIFORNIA,1045.309136948723,1045.309136948723,1217.2680706217009
2020,93001,6111.0,CALIFORNIA,1177.774423480084,1177.774423480084,1415.0948537437055
2018,93003,6111.0,CALIFORNIA,845.1824953445065,845.1824953445065,1024.7239528763548
2019,93003,6111.0,CALIFORNIA,917.6222687122269,917.6222687122269,1217.2680706217009
2020,93003,6111.0,CALIFORNIA,1017.1844004656576,1017.1844004656576,1415.0948537437055
2018,93004,6111.0,CALIFORNIA,802.2650040225261,802.2650040225261,1024.7239528763548
2019,93004,6111.0,CALIFORNIA,866.2148956356737,866.2148956356737,1217.2680706217009
2020,93004,6111.0,CALIFORNIA,956.1679582476672,956.1679582476672,1415.0948537437055
2018,93010,6111.0,CALIFORNIA,1017.4878686467266,1017.4878686467266,1024.7239528763548
2019,93010,6111.0,CALIFORNIA,1095.307373653687,1095.307373653687,1217.2680706217009
2020,93010,6111.0,CALIFORNIA,1210.748889577523,1210.748889577523,1415.0948537437055
2018,93011,6111.0,CALIFORNIA,957.0,957.0,1024.7239528763548
2019,93011,6111.0,CALIFORNIA,1177.0,1177.0,1217.2680706217009
2020,93011,6111.0,CALIFORNIA,1481.5,1481.5,1415.0948537437055
2018,93012,6111.0,CALIFORNIA,1206.9694910352805,1206.9694910352805,1024.7239528763548
2019,93012,6111.0,CALIFORNIA,1310.643395421584,1310.643395421584,1217.2680706217009
2020,93012,6111.0,CALIFORNIA,1459.4190031152648,1459.4190031152648,1415.0948537437055
2018,93013,6083.0,CALIFORNIA,1367.7138157894738,1367.7138157894738,1055.2335872950687
2019,93013,6083.0,CALIFORNIA,1468.8078862906923,1468.8078862906923,1204.1804423972467
2020,93013,6083.0,CALIFORNIA,1713.867881548975,1713.867881548975,1378.8867672851977
2018,93015,6111.0,CALIFORNIA,786.0337490829054,786.0337490829054,1024.7239528763548
2019,93015,6111.0,CALIFORNIA,845.3424264178033,845.3424264178033,1217.2680706217009
2020,93015,6111.0,CALIFORNIA,944.0608540925268,944.0608540925268,1415.0948537437055
2018,93016,6111.0,CALIFORNIA,499.0,571.7662565339767,1024.7239528763548
2018,93021,6111.0,CALIFORNIA,1121.7348637739658,1121.7348637739658,1024.7239528763548
2019,93021,6111.0,CALIFORNIA,1222.713413113937,1222.713413113937,1217.2680706217009
2020,93021,6111.0,CALIFORNIA,1348.831104507182,1348.831104507182,1415.0948537437055
2018,93022,6111.0,CALIFORNIA,939.0870445344128,939.0870445344128,1024.7239528763548
2019,93022,6111.0,CALIFORNIA,1025.6584389593063,1025.6584389593063,1217.2680706217009
2020,93022,6111.0,CALIFORNIA,1138.442154255319,1138.442154255319,1415.0948537437055
2018,93023,6111.0,CALIFORNIA,1245.2619314362537,1245.2619314362537,1024.7239528763548
2019,93023,6111.0,CALIFORNIA,1352.1877343922347,1352.1877343922347,1217.2680706217009
2020,93023,6111.0,CALIFORNIA,1478.8850448872345,1478.8850448872345,1415.0948537437055
2018,93030,6111.0,CALIFORNIA,814.1839389226636,814.1839389226636,1024.7239528763548
2019,93030,6111.0,CALIFORNIA,875.0556416396676,875.0556416396676,1217.2680706217009
2020,93030,6111.0,CALIFORNIA,982.2473377821952,982.2473377821952,1415.0948537437055
2018,93033,6111.0,CALIFORNIA,709.5655136942265,709.5655136942265,1024.7239528763548
2019,93033,6111.0,CALIFORNIA,751.6943209249142,751.6943209249142,1217.2680706217009
2020,93033,6111.0,CALIFORNIA,825.8311439867364,825.8311439867364,1415.0948537437055
2018,93035,6111.0,CALIFORNIA,974.0445026178012,974.0445026178012,1024.7239528763548
2019,93035,6111.0,CALIFORNIA,1058.3584742837418,1058.3584742837418,1217.2680706217009
2020,93035,6111.0,CALIFORNIA,1209.267814524378,1209.267814524378,1415.0948537437055
2018,93036,6111.0,CALIFORNIA,811.0496136640911,811.0496136640911,1024.7239528763548
2019,93036,6111.0,CALIFORNIA,873.9445868664958,873.9445868664958,1217.2680706217009
2020,93036,6111.0,CALIFORNIA,969.7234166182452,969.7234166182452,1415.0948537437055
2018,93040,6111.0,CALIFORNIA,904.3717948717948,904.3717948717948,1024.7239528763548
2019,93040,6111.0,CALIFORNIA,970.8326359832636,970.8326359832636,1217.2680706217009
2020,93040,6111.0,CALIFORNIA,1025.8620689655172,1025.8620689655172,1415.0948537437055
2018,93041,6111.0,CALIFORNIA,685.4150943396227,685.4150943396227,1024.7239528763548
2019,93041,6111.0,CALIFORNIA,733.4714151827554,733.4714151827554,1217.2680706217009
2020,93041,6111.0,CALIFORNIA,790.7152810032512,790.7152810032512,1415.0948537437055
2018,93044,6111.0,CALIFORNIA,371.0,571.7662565339767,1024.7239528763548
2018,93060,6111.0,CALIFORNIA,786.3586367157243,786.3586367157243,1024.7239528763548
2019,93060,6111.0,CALIFORNIA,847.3813752854605,847.3813752854605,1217.2680706217009
2020,93060,6111.0,CALIFORNIA,932.534581772784,932.534581772784,1415.0948537437055
2018,93063,6111.0,CALIFORNIA,1045.5015878465367,1045.5015878465367,1024.7239528763548
2019,93063,6111.0,CALIFORNIA,1109.3006270123708,1109.3006270123708,1217.2680706217009
2020,93063,6111.0,CALIFORNIA,1217.8478777589137,1217.8478777589137,1415.0948537437055
2018,93065,6111.0,CALIFORNIA,1081.6816323882438,1081.6816323882438,1024.7239528763548
2019,93065,6111.0,CALIFORNIA,1157.0727541257304,1157.0727541257304,1217.2680706217009
2020,93065,6111.0,CALIFORNIA,1279.844574969341,1279.844574969341,1415.0948537437055
2018,93066,6111.0,CALIFORNIA,1775.1751700680272,1775.1751700680272,1024.7239528763548
2019,93066,6111.0,CALIFORNIA,1914.046589018303,1914.046589018303,1217.2680706217009
2020,93066,6111.0,CALIFORNIA,2156.3996655518395,2156.3996655518395,1415.0948537437055
2018,93067,6083.0,CALIFORNIA,1687.3738317757009,1687.3738317757009,1055.2335872950687
2019,93067,6083.0,CALIFORNIA,1992.1116279069768,1992.1116279069768,1204.1804423972467
2020,93067,6083.0,CALIFORNIA,2191.728448275862,2191.728448275862,1378.8867672851977
2018,93101,6083.0,CALIFORNIA,1008.3145622525296,1008.3145622525296,1055.2335872950687
2019,93101,6083.0,CALIFORNIA,1079.3096380287832,1079.3096380287832,1204.1804423972467
2020,93101,6083.0,CALIFORNIA,1210.2741514360314,1210.2741514360314,1378.8867672851977
2020,93102,6083.0,CALIFORNIA,1605.0,1605.0,1378.8867672851977
2018,93103,6083.0,CALIFORNIA,1586.431549960661,1586.431549960661,1055.2335872950687
2019,93103,6083.0,CALIFORNIA,1637.9240506329113,1637.9240506329113,1204.1804423972467
2020,93103,6083.0,CALIFORNIA,1840.1122448979593,1840.1122448979593,1378.8867672851977
2018,93105,6083.0,CALIFORNIA,1354.3211416490485,1354.3211416490485,1055.2335872950687
2019,93105,6083.0,CALIFORNIA,1454.7410267111852,1454.7410267111852,1204.1804423972467
2020,93105,6083.0,CALIFORNIA,1594.5638757457314,1594.5638757457314,1378.8867672851977
2018,93106,6083.0,CALIFORNIA,1542.5,1542.5,1055.2335872950687
2019,93106,6083.0,CALIFORNIA,2339.0,2339.0,1204.1804423972467
2020,93106,6083.0,CALIFORNIA,2574.0,2574.0,1378.8867672851977
2018,93108,6083.0,CALIFORNIA,4145.657074340527,4145.657074340527,1055.2335872950687
2019,93108,6083.0,CALIFORNIA,4340.747972551466,4340.747972551466,1204.1804423972467
2020,93108,6083.0,CALIFORNIA,4879.628938906752,4879.628938906752,1378.8867672851977
2018,93109,6083.0,CALIFORNIA,1200.8552898256992,1200.8552898256992,1055.2335872950687
2019,93109,6083.0,CALIFORNIA,1318.56026962728,1318.56026962728,1204.1804423972467
2020,93109,6083.0,CALIFORNIA,1488.3147268408552,1488.3147268408552,1378.8867672851977
2018,93110,6083.0,CALIFORNIA,1820.3237608182533,1820.3237608182533,1055.2335872950687
2019,93110,6083.0,CALIFORNIA,1916.0681470137824,1916.0681470137824,1204.1804423972467
2020,93110,6083.0,CALIFORNIA,2263.631090487239,2263.631090487239,1378.8867672851977
2018,93111,6083.0,CALIFORNIA,1130.604742053153,1130.604742053153,1055.2335872950687
2019,93111,6083.0,CALIFORNIA,1233.4644683026586,1233.4644683026586,1204.1804423972467
2020,93111,6083.0,CALIFORNIA,1336.742205323194,1336.742205323194,1378.8867672851977
2018,93117,6083.0,CALIFORNIA,1018.814128796037,1018.814128796037,1055.2335872950687
2019,93117,6083.0,CALIFORNIA,1091.6386790416575,1091.6386790416575,1204.1804423972467
2020,93117,6083.0,CALIFORNIA,1226.53999144568,1226.53999144568,1378.8867672851977
2018,93201,6107.0,CALIFORNIA,743.0652173913044,743.0652173913044,1053.176453199721
2019,93201,6107.0,CALIFORNIA,780.0625,780.0625,918.8770759979943
2020,93201,6107.0,CALIFORNIA,825.0816326530612,825.0816326530612,1346.1254271211942
2018,93202,6031.0,CALIFORNIA,592.7884892086331,592.7884892086331,934.5337088004117
2019,93202,6031.0,CALIFORNIA,618.8716502115656,618.8716502115656,998.688259078538
2020,93202,6031.0,CALIFORNIA,673.6736111111111,673.6736111111111,1078.2377422636437
2018,93203,6029.0,CALIFORNIA,649.5070688030161,649.5070688030161,971.2357040193859
2019,93203,6029.0,CALIFORNIA,664.9884802835622,664.9884802835622,1008.0630615315316
2020,93203,6029.0,CALIFORNIA,720.5076301615799,720.5076301615799,1032.8963475681232
2018,93204,6031.0,CALIFORNIA,630.4109289617486,630.4109289617486,934.5337088004117
2019,93204,6031.0,CALIFORNIA,657.4873417721519,657.4873417721519,998.688259078538
2020,93204,6031.0,CALIFORNIA,738.7559462254395,738.7559462254395,1078.2377422636437
2018,93205,6029.0,CALIFORNIA,896.9765258215963,896.9765258215963,971.2357040193859
2019,93205,6029.0,CALIFORNIA,980.660465116279,980.660465116279,1008.0630615315316
2020,93205,6029.0,CALIFORNIA,1045.4354066985643,1045.4354066985643,1032.8963475681232
2018,93206,6029.0,CALIFORNIA,804.6666666666666,804.6666666666666,971.2357040193859
2019,93206,6029.0,CALIFORNIA,825.4183006535948,825.4183006535948,1008.0630615315316
2020,93206,6029.0,CALIFORNIA,901.2903225806452,901.2903225806452,1032.8963475681232
2018,93207,6107.0,CALIFORNIA,860.0769230769231,860.0769230769231,1053.176453199721
2019,93207,6107.0,CALIFORNIA,943.0805369127517,943.0805369127517,918.8770759979943
2020,93207,6107.0,CALIFORNIA,927.7125748502992,927.7125748502992,1346.1254271211942
2018,93208,6107.0,CALIFORNIA,855.6870748299319,855.6870748299319,1053.176453199721
2019,93208,6107.0,CALIFORNIA,897.2700729927008,897.2700729927008,918.8770759979943
2020,93208,6107.0,CALIFORNIA,976.972027972028,976.972027972028,1346.1254271211942
2018,93210,6019.0,CALIFORNIA,729.0452695829094,729.0452695829094,1154.0883909729705
2019,93210,6019.0,CALIFORNIA,765.8452207666181,765.8452207666181,857.4487346887807
2020,93210,6019.0,CALIFORNIA,842.2216981132076,842.2216981132076,1236.8433703719695
2018,93212,6031.0,CALIFORNIA,674.9409237379163,674.9409237379163,934.5337088004117
2019,93212,6031.0,CALIFORNIA,702.8033472803347,702.8033472803347,998.688259078538
2020,93212,6031.0,CALIFORNIA,762.8925831202046,762.8925831202046,1078.2377422636437
2018,93215,6029.0,CALIFORNIA,704.2993766696349,704.2993766696349,971.2357040193859
2019,93215,6029.0,CALIFORNIA,722.4933379477418,722.4933379477418,1008.0630615315316
2020,93215,6029.0,CALIFORNIA,800.4650205761317,800.4650205761317,1032.8963475681232
2018,93218,6107.0,CALIFORNIA,753.1954022988506,753.1954022988506,1053.176453199721
2019,93218,6107.0,CALIFORNIA,790.1428571428571,790.1428571428571,918.8770759979943
2020,93218,6107.0,CALIFORNIA,852.7241379310345,852.7241379310345,1346.1254271211942
2018,93219,6107.0,CALIFORNIA,643.2257709251102,643.2257709251102,1053.176453199721
2019,93219,6107.0,CALIFORNIA,673.730853391685,673.730853391685,918.8770759979943
2020,93219,6107.0,CALIFORNIA,760.1941638608305,760.1941638608305,1346.1254271211942
2018,93220,6029.0,CALIFORNIA,499.0,571.7662565339767,971.2357040193859
2019,93220,6029.0,CALIFORNIA,453.0,571.7662565339767,1008.0630615315316
2018,93221,6107.0,CALIFORNIA,828.4296846011132,828.4296846011132,1053.176453199721
2019,93221,6107.0,CALIFORNIA,870.672236046925,870.672236046925,918.8770759979943
2020,93221,6107.0,CALIFORNIA,970.1995798319329,970.1995798319329,1346.1254271211942
2018,93222,6029.0,CALIFORNIA,1047.021978021978,1047.021978021978,971.2357040193859
2019,93222,6029.0,CALIFORNIA,1088.4652301665035,1088.4652301665035,1008.0630615315316
2020,93222,6029.0,CALIFORNIA,1112.6820702402958,1112.6820702402958,1032.8963475681232
2018,93223,6107.0,CALIFORNIA,625.457528957529,625.457528957529,1053.176453199721
2019,93223,6107.0,CALIFORNIA,645.6856780735108,645.6856780735108,918.8770759979943
2020,93223,6107.0,CALIFORNIA,725.9007633587786,725.9007633587786,1346.1254271211942
2018,93224,6029.0,CALIFORNIA,664.2741935483871,664.2741935483871,971.2357040193859
2019,93224,6029.0,CALIFORNIA,715.6875,715.6875,1008.0630615315316
2020,93224,6029.0,CALIFORNIA,778.7384615384616,778.7384615384616,1032.8963475681232
2018,93225,6029.0,CALIFORNIA,1029.4691279439846,1029.4691279439846,971.2357040193859
2019,93225,6029.0,CALIFORNIA,1087.4932992980216,1087.4932992980216,1008.0630615315316
2020,93225,6029.0,CALIFORNIA,1163.3005249343832,1163.3005249343832,1032.8963475681232
2018,93226,6029.0,CALIFORNIA,907.265306122449,907.265306122449,971.2357040193859
2019,93226,6029.0,CALIFORNIA,977.4255319148936,977.4255319148936,1008.0630615315316
2020,93226,6029.0,CALIFORNIA,1154.9,1154.9,1032.8963475681232
2018,93227,6107.0,CALIFORNIA,499.44117647058823,571.7662565339767,1053.176453199721
2019,93227,6107.0,CALIFORNIA,552.7522522522522,571.7662565339767,918.8770759979943
2020,93227,6107.0,CALIFORNIA,664.0339805825242,664.0339805825242,1346.1254271211942
2018,93230,6031.0,CALIFORNIA,716.0984835576759,716.0984835576759,934.5337088004117
2019,93230,6031.0,CALIFORNIA,752.5144341801386,752.5144341801386,998.688259078538
2020,93230,6031.0,CALIFORNIA,821.4024965991838,821.4024965991838,1078.2377422636437
2018,93234,6019.0,CALIFORNIA,714.3638743455498,714.3638743455498,1154.0883909729705
2019,93234,6019.0,CALIFORNIA,760.7249357326479,760.7249357326479,857.4487346887807
2020,93234,6019.0,CALIFORNIA,788.0831234256927,788.0831234256927,1236.8433703719695
2018,93235,6107.0,CALIFORNIA,658.8351449275362,658.8351449275362,1053.176453199721
2019,93235,6107.0,CALIFORNIA,667.4010600706714,667.4010600706714,918.8770759979943
2020,93235,6107.0,CALIFORNIA,732.304114490161,732.304114490161,1346.1254271211942
2018,93237,6107.0,CALIFORNIA,967.0,967.0,1053.176453199721
2019,93237,6107.0,CALIFORNIA,706.0,706.0,918.8770759979943
2018,93238,6029.0,CALIFORNIA,1053.178130511464,1053.178130511464,971.2357040193859
2019,93238,6029.0,CALIFORNIA,1152.9125874125873,1152.9125874125873,1008.0630615315316
2020,93238,6029.0,CALIFORNIA,1258.0226086956525,1258.0226086956525,1032.8963475681232
2018,93239,6031.0,CALIFORNIA,587.671052631579,587.671052631579,934.5337088004117
2019,93239,6031.0,CALIFORNIA,619.2592592592592,619.2592592592592,998.688259078538
2020,93239,6031.0,CALIFORNIA,685.746835443038,685.746835443038,1078.2377422636437
2018,93240,6029.0,CALIFORNIA,914.9024612579764,914.9024612579764,971.2357040193859
2019,93240,6029.0,CALIFORNIA,990.3890386343217,990.3890386343217,1008.0630615315316
2020,93240,6029.0,CALIFORNIA,1070.0071684587813,1070.0071684587813,1032.8963475681232
2018,93241,6029.0,CALIFORNIA,622.1794642857143,622.1794642857143,971.2357040193859
2019,93241,6029.0,CALIFORNIA,651.2999120492524,651.2999120492524,1008.0630615315316
2020,93241,6029.0,CALIFORNIA,697.5678571428572,697.5678571428572,1032.8963475681232
2018,93242,6019.0,CALIFORNIA,777.5594855305466,777.5594855305466,1154.0883909729705
2019,93242,6019.0,CALIFORNIA,800.6561514195583,800.6561514195583,857.4487346887807
2020,93242,6019.0,CALIFORNIA,923.55625,923.55625,1236.8433703719695
2018,93243,6029.0,CALIFORNIA,1241.8641975308642,1241.8641975308642,971.2357040193859
2019,93243,6029.0,CALIFORNIA,1339.748502994012,1339.748502994012,1008.0630615315316
2020,93243,6029.0,CALIFORNIA,1436.01775147929,1436.01775147929,1032.8963475681232
2018,93244,6107.0,CALIFORNIA,1107.0441176470588,1107.0441176470588,1053.176453199721
2019,93244,6107.0,CALIFORNIA,1061.027397260274,1061.027397260274,918.8770759979943
2020,93244,6107.0,CALIFORNIA,1239.9166666666667,1239.9166666666667,1346.1254271211942
2018,93245,6031.0,CALIFORNIA,718.667754945266,718.667754945266,934.5337088004117
2019,93245,6031.0,CALIFORNIA,749.8473070516379,749.8473070516379,998.688259078538
2020,93245,6031.0,CALIFORNIA,822.5665304672233,822.5665304672233,1078.2377422636437
2018,93247,6107.0,CALIFORNIA,668.242565055762,668.242565055762,1053.176453199721
2019,93247,6107.0,CALIFORNIA,708.5750670241287,708.5750670241287,918.8770759979943
2020,93247,6107.0,CALIFORNIA,789.7275075333621,789.7275075333621,1346.1254271211942
2018,93249,6029.0,CALIFORNIA,617.4444444444445,617.4444444444445,971.2357040193859
2019,93249,6029.0,CALIFORNIA,653.6122448979592,653.6122448979592,1008.0630615315316
2020,93249,6029.0,CALIFORNIA,709.5376344086021,709.5376344086021,1032.8963475681232
2018,93250,6029.0,CALIFORNIA,604.7056497175141,604.7056497175141,971.2357040193859
2019,93250,6029.0,CALIFORNIA,642.4062159214831,642.4062159214831,1008.0630615315316
2020,93250,6029.0,CALIFORNIA,709.1674008810572,709.1674008810572,1032.8963475681232
2018,93251,6029.0,CALIFORNIA,558.9166666666666,571.7662565339767,971.2357040193859
2019,93251,6029.0,CALIFORNIA,574.6,574.6,1008.0630615315316
2020,93251,6029.0,CALIFORNIA,741.5555555555555,741.5555555555555,1032.8963475681232
2018,93252,6029.0,CALIFORNIA,702.9463087248322,702.9463087248322,971.2357040193859
2019,93252,6029.0,CALIFORNIA,757.6308724832214,757.6308724832214,1008.0630615315316
2020,93252,6029.0,CALIFORNIA,831.4027777777778,831.4027777777778,1032.8963475681232
2018,93254,6083.0,CALIFORNIA,607.7251908396946,607.7251908396946,1055.2335872950687
2019,93254,6083.0,CALIFORNIA,659.1259842519685,659.1259842519685,1204.1804423972467
2020,93254,6083.0,CALIFORNIA,782.8,782.8,1378.8867672851977
2018,93255,6029.0,CALIFORNIA,1300.672131147541,1300.672131147541,971.2357040193859
2019,93255,6029.0,CALIFORNIA,1321.25,1321.25,1008.0630615315316
2020,93255,6029.0,CALIFORNIA,1425.280701754386,1425.280701754386,1032.8963475681232
2018,93256,6107.0,CALIFORNIA,692.5679611650486,692.5679611650486,1053.176453199721
2019,93256,6107.0,CALIFORNIA,715.3028169014085,715.3028169014085,918.8770759979943
2020,93256,6107.0,CALIFORNIA,792.1226851851852,792.1226851851852,1346.1254271211942
2018,93257,6107.0,CALIFORNIA,705.1834210013637,705.1834210013637,1053.176453199721
2019,93257,6107.0,CALIFORNIA,737.8727134146342,737.8727134146342,918.8770759979943
2020,93257,6107.0,CALIFORNIA,805.8775914059555,805.8775914059555,1346.1254271211942
2018,93258,6107.0,CALIFORNIA,549.7826086956521,571.7662565339767,1053.176453199721
2019,93258,6107.0,CALIFORNIA,601.25,601.25,918.8770759979943
2020,93258,6107.0,CALIFORNIA,603.8518518518518,603.8518518518518,1346.1254271211942
2018,93260,6107.0,CALIFORNIA,898.27950310559,898.27950310559,1053.176453199721
2019,93260,6107.0,CALIFORNIA,915.5987261146496,915.5987261146496,918.8770759979943
2020,93260,6107.0,CALIFORNIA,895.8666666666667,895.8666666666667,1346.1254271211942
2018,93261,6107.0,CALIFORNIA,668.3894736842105,668.3894736842105,1053.176453199721
2019,93261,6107.0,CALIFORNIA,691.869109947644,691.869109947644,918.8770759979943
2020,93261,6107.0,CALIFORNIA,715.5279187817259,715.5279187817259,1346.1254271211942
2018,93262,6107.0,CALIFORNIA,977.4166666666666,977.4166666666666,1053.176453199721
2019,93262,6107.0,CALIFORNIA,1128.3,1128.3,918.8770759979943
2020,93262,6107.0,CALIFORNIA,1017.2727272727273,1017.2727272727273,1346.1254271211942
2018,93263,6029.0,CALIFORNIA,654.1372022811137,654.1372022811137,971.2357040193859
2019,93263,6029.0,CALIFORNIA,674.275,674.275,1008.0630615315316
2020,93263,6029.0,CALIFORNIA,724.0763358778626,724.0763358778626,1032.8963475681232
2018,93265,6107.0,CALIFORNIA,1093.3172526574,1093.3172526574,1053.176453199721
2019,93265,6107.0,CALIFORNIA,1162.0548489666137,1162.0548489666137,918.8770759979943
2020,93265,6107.0,CALIFORNIA,1218.575163398693,1218.575163398693,1346.1254271211942
2018,93266,6031.0,CALIFORNIA,662.8423913043479,662.8423913043479,934.5337088004117
2019,93266,6031.0,CALIFORNIA,693.063829787234,693.063829787234,998.688259078538
2020,93266,6031.0,CALIFORNIA,715.9521276595744,715.9521276595744,1078.2377422636437
2018,93267,6107.0,CALIFORNIA,699.84,699.84,1053.176453199721
2019,93267,6107.0,CALIFORNIA,750.6587301587301,750.6587301587301,918.8770759979943
2020,93267,6107.0,CALIFORNIA,837.0170807453416,837.0170807453416,1346.1254271211942
2018,93268,6029.0,CALIFORNIA,653.0795211628902,653.0795211628902,971.2357040193859
2019,93268,6029.0,CALIFORNIA,689.7179272879231,689.7179272879231,1008.0630615315316
2020,93268,6029.0,CALIFORNIA,759.7824302134647,759.7824302134647,1032.8963475681232
2018,93270,6107.0,CALIFORNIA,744.4438305709024,744.4438305709024,1053.176453199721
2019,93270,6107.0,CALIFORNIA,775.6114081996435,775.6114081996435,918.8770759979943
2020,93270,6107.0,CALIFORNIA,868.3605072463768,868.3605072463768,1346.1254271211942
2018,93271,6107.0,CALIFORNIA,1147.9361997226074,1147.9361997226074,1053.176453199721
2019,93271,6107.0,CALIFORNIA,1216.0946502057614,1216.0946502057614,918.8770759979943
2020,93271,6107.0,CALIFORNIA,1321.1943319838056,1321.1943319838056,1346.1254271211942
2018,93272,6107.0,CALIFORNIA,677.9021739130435,677.9021739130435,1053.176453199721
2019,93272,6107.0,CALIFORNIA,703.3406593406594,703.3406593406594,918.8770759979943
2020,93272,6107.0,CALIFORNIA,785.7391304347826,785.7391304347826,1346.1254271211942
2018,93274,6107.0,CALIFORNIA,661.3564798899965,661.3564798899965,1053.176453199721
2019,93274,6107.0,CALIFORNIA,691.9853355426678,691.9853355426678,918.8770759979943
2020,93274,6107.0,CALIFORNIA,779.0677749360614,779.0677749360614,1346.1254271211942
2018,93275,6107.0,CALIFORNIA,752.0,752.0,1053.176453199721
2019,93275,6107.0,CALIFORNIA,795.0,795.0,918.8770759979943
2020,93275,6107.0,CALIFORNIA,806.0,806.0,1346.1254271211942
2018,93276,6029.0,CALIFORNIA,682.0,682.0,971.2357040193859
2019,93276,6029.0,CALIFORNIA,744.3333333333334,744.3333333333334,1008.0630615315316
2020,93276,6029.0,CALIFORNIA,786.4,786.4,1032.8963475681232
2018,93277,6107.0,CALIFORNIA,754.8752507019655,754.8752507019655,1053.176453199721
2019,93277,6107.0,CALIFORNIA,792.6525172754195,792.6525172754195,918.8770759979943
2020,93277,6107.0,CALIFORNIA,868.2897205393785,868.2897205393785,1346.1254271211942
2018,93280,6029.0,CALIFORNIA,612.3193110301424,612.3193110301424,971.2357040193859
2019,93280,6029.0,CALIFORNIA,637.3301343570057,637.3301343570057,1008.0630615315316
2020,93280,6029.0,CALIFORNIA,691.5418781725888,691.5418781725888,1032.8963475681232
2018,93283,6029.0,CALIFORNIA,1028.081300813008,1028.081300813008,971.2357040193859
2019,93283,6029.0,CALIFORNIA,1078.2307692307693,1078.2307692307693,1008.0630615315316
2020,93283,6029.0,CALIFORNIA,1168.512,1168.512,1032.8963475681232
2018,93285,6029.0,CALIFORNIA,1121.8722222222225,1121.8722222222225,971.2357040193859
2019,93285,6029.0,CALIFORNIA,1184.6492537313434,1184.6492537313434,1008.0630615315316
2020,93285,6029.0,CALIFORNIA,1271.225988700565,1271.225988700565,1032.8963475681232
2018,93286,6107.0,CALIFORNIA,692.9715384615384,692.9715384615384,1053.176453199721
2019,93286,6107.0,CALIFORNIA,736.2591486183719,736.2591486183719,918.8770759979943
2020,93286,6107.0,CALIFORNIA,817.2814070351759,817.2814070351759,1346.1254271211942
2018,93287,6029.0,CALIFORNIA,1061.1666666666667,1061.1666666666667,971.2357040193859
2019,93287,6029.0,CALIFORNIA,1151.4166666666667,1151.4166666666667,1008.0630615315316
2020,93287,6029.0,CALIFORNIA,1249.3333333333333,1249.3333333333333,1032.8963475681232
2018,93291,6107.0,CALIFORNIA,747.5208981979432,747.5208981979432,1053.176453199721
2019,93291,6107.0,CALIFORNIA,783.8236625328143,783.8236625328143,918.8770759979943
2020,93291,6107.0,CALIFORNIA,863.0691779616265,863.0691779616265,1346.1254271211942
2018,93292,6107.0,CALIFORNIA,728.5993585631816,728.5993585631816,1053.176453199721
2019,93292,6107.0,CALIFORNIA,759.4270794937953,759.4270794937953,918.8770759979943
2020,93292,6107.0,CALIFORNIA,831.579516091144,831.579516091144,1346.1254271211942
2018,93301,6029.0,CALIFORNIA,866.1833941605839,866.1833941605839,971.2357040193859
2019,93301,6029.0,CALIFORNIA,904.2697132616488,904.2697132616488,1008.0630615315316
2020,93301,6029.0,CALIFORNIA,1014.4285714285714,1014.4285714285714,1032.8963475681232
2018,93304,6029.0,CALIFORNIA,689.0943552391988,689.0943552391988,971.2357040193859
2019,93304,6029.0,CALIFORNIA,720.5576051779935,720.5576051779935,1008.0630615315316
2020,93304,6029.0,CALIFORNIA,792.154084461112,792.154084461112,1032.8963475681232
2018,93305,6029.0,CALIFORNIA,740.1996557659209,740.1996557659209,971.2357040193859
2019,93305,6029.0,CALIFORNIA,772.7336134453782,772.7336134453782,1008.0630615315316
2020,93305,6029.0,CALIFORNIA,840.751059621362,840.751059621362,1032.8963475681232
2018,93306,6029.0,CALIFORNIA,776.6801616225638,776.6801616225638,971.2357040193859
2019,93306,6029.0,CALIFORNIA,815.9485789514442,815.9485789514442,1008.0630615315316
2020,93306,6029.0,CALIFORNIA,905.6265486725664,905.6265486725664,1032.8963475681232
2018,93307,6029.0,CALIFORNIA,665.3726503242827,665.3726503242827,971.2357040193859
2019,93307,6029.0,CALIFORNIA,687.8505929690809,687.8505929690809,1008.0630615315316
2020,93307,6029.0,CALIFORNIA,745.7436572270765,745.7436572270765,1032.8963475681232
2018,93308,6029.0,CALIFORNIA,796.5284513805523,796.5284513805523,971.2357040193859
2019,93308,6029.0,CALIFORNIA,834.8623205460108,834.8623205460108,1008.0630615315316
2020,93308,6029.0,CALIFORNIA,928.7613931523024,928.7613931523024,1032.8963475681232
2018,93309,6029.0,CALIFORNIA,816.7978569036723,816.7978569036723,971.2357040193859
2019,93309,6029.0,CALIFORNIA,852.8552372621912,852.8552372621912,1008.0630615315316
2020,93309,6029.0,CALIFORNIA,958.1601973684212,958.1601973684212,1032.8963475681232
2018,93311,6029.0,CALIFORNIA,873.0403276622558,873.0403276622558,971.2357040193859
2019,93311,6029.0,CALIFORNIA,919.3073611708998,919.3073611708998,1008.0630615315316
2020,93311,6029.0,CALIFORNIA,1023.5659281387436,1023.5659281387436,1032.8963475681232
2018,93312,6029.0,CALIFORNIA,842.8055331179321,842.8055331179321,971.2357040193859
2019,93312,6029.0,CALIFORNIA,890.7492076069731,890.7492076069731,1008.0630615315316
2020,93312,6029.0,CALIFORNIA,995.3235041889308,995.3235041889308,1032.8963475681232
2018,93313,6029.0,CALIFORNIA,713.2248208223311,713.2248208223311,971.2357040193859
2019,93313,6029.0,CALIFORNIA,751.7260113523741,751.7260113523741,1008.0630615315316
2020,93313,6029.0,CALIFORNIA,831.3972758229285,831.3972758229285,1032.8963475681232
2018,93314,6029.0,CALIFORNIA,898.0641773628938,898.0641773628938,971.2357040193859
2019,93314,6029.0,CALIFORNIA,951.3210135970334,951.3210135970334,1008.0630615315316
2020,93314,6029.0,CALIFORNIA,1062.1469822485208,1062.1469822485208,1032.8963475681232
2018,93401,6079.0,CALIFORNIA,918.3205627705628,918.3205627705628,1011.428499197494
2019,93401,6079.0,CALIFORNIA,986.4427641251838,986.4427641251838,1081.5557479227937
2020,93401,6079.0,CALIFORNIA,1103.3596149907844,1103.3596149907844,1249.1923291434298
2018,93402,6079.0,CALIFORNIA,752.6033647718583,752.6033647718583,1011.428499197494
2019,93402,6079.0,CALIFORNIA,807.637205808713,807.637205808713,1081.5557479227937
2020,93402,6079.0,CALIFORNIA,900.6988579940418,900.6988579940418,1249.1923291434298
2018,93405,6079.0,CALIFORNIA,884.3724287260917,884.3724287260917,1011.428499197494
2019,93405,6079.0,CALIFORNIA,968.0302491103204,968.0302491103204,1081.5557479227937
2020,93405,6079.0,CALIFORNIA,1077.4865439093485,1077.4865439093485,1249.1923291434298
2018,93420,6079.0,CALIFORNIA,954.5563250883392,954.5563250883392,1011.428499197494
2019,93420,6079.0,CALIFORNIA,1024.8854601056437,1024.8854601056437,1081.5557479227937
2020,93420,6079.0,CALIFORNIA,1161.83788209607,1161.83788209607,1249.1923291434298
2018,93421,6079.0,CALIFORNIA,1354.5,1354.5,1011.428499197494
2019,93421,6079.0,CALIFORNIA,1336.0,1336.0,1081.5557479227937
2020,93421,6079.0,CALIFORNIA,1220.75,1220.75,1249.1923291434298
2018,93422,6079.0,CALIFORNIA,850.0749147205457,850.0749147205457,1011.428499197494
2019,93422,6079.0,CALIFORNIA,925.5204716247732,925.5204716247732,1081.5557479227937
2020,93422,6079.0,CALIFORNIA,1039.43673731535,1039.43673731535,1249.1923291434298
2018,93424,6079.0,CALIFORNIA,1144.192727272727,1144.192727272727,1011.428499197494
2019,93424,6079.0,CALIFORNIA,1234.056856187291,1234.056856187291,1081.5557479227937
2020,93424,6079.0,CALIFORNIA,1414.659509202454,1414.659509202454,1249.1923291434298
2018,93426,6079.0,CALIFORNIA,1207.760649087221,1207.760649087221,1011.428499197494
2019,93426,6079.0,CALIFORNIA,1249.0099403578529,1249.0099403578529,1081.5557479227937
2020,93426,6079.0,CALIFORNIA,1394.954372623574,1394.954372623574,1249.1923291434298
2018,93427,6083.0,CALIFORNIA,926.3875365141188,926.3875365141188,1055.2335872950687
2019,93427,6083.0,CALIFORNIA,1007.306358381503,1007.306358381503,1204.1804423972467
2020,93427,6083.0,CALIFORNIA,1098.3631984585743,1098.3631984585743,1378.8867672851977
2018,93428,6079.0,CALIFORNIA,983.7678381256655,983.7678381256655,1011.428499197494
2019,93428,6079.0,CALIFORNIA,1081.7112504353884,1081.7112504353884,1081.5557479227937
2020,93428,6079.0,CALIFORNIA,1213.6418427433323,1213.6418427433323,1249.1923291434298
2018,93429,6083.0,CALIFORNIA,676.5,676.5,1055.2335872950687
2019,93429,6083.0,CALIFORNIA,750.6875,750.6875,1204.1804423972467
2020,93429,6083.0,CALIFORNIA,836.5,836.5,1378.8867672851977
2018,93430,6079.0,CALIFORNIA,913.3338912133892,913.3338912133892,1011.428499197494
2019,93430,6079.0,CALIFORNIA,1008.1714285714286,1008.1714285714286,1081.5557479227937
2020,93430,6079.0,CALIFORNIA,1166.2221343873518,1166.2221343873518,1249.1923291434298
2018,93432,6079.0,CALIFORNIA,1229.579207920792,1229.579207920792,1011.428499197494
2019,93432,6079.0,CALIFORNIA,1375.4656862745098,1375.4656862745098,1081.5557479227937
2020,93432,6079.0,CALIFORNIA,1495.186046511628,1495.186046511628,1249.1923291434298
2018,93433,6079.0,CALIFORNIA,626.2981952420016,626.2981952420016,1011.428499197494
2019,93433,6079.0,CALIFORNIA,678.7354838709678,678.7354838709678,1081.5557479227937
2020,93433,6079.0,CALIFORNIA,764.237773359841,764.237773359841,1249.1923291434298
2018,93434,6083.0,CALIFORNIA,585.861167002012,585.861167002012,1055.2335872950687
2019,93434,6083.0,CALIFORNIA,615.6790697674419,615.6790697674419,1204.1804423972467
2020,93434,6083.0,CALIFORNIA,680.6908783783783,680.6908783783783,1378.8867672851977
2018,93435,6079.0,CALIFORNIA,2504.1666666666665,2504.1666666666665,1011.428499197494
2019,93435,6079.0,CALIFORNIA,2738.285714285714,2738.285714285714,1081.5557479227937
2020,93435,6079.0,CALIFORNIA,3524.777777777778,3524.777777777778,1249.1923291434298
2018,93436,6083.0,CALIFORNIA,742.4454388984509,742.4454388984509,1055.2335872950687
2019,93436,6083.0,CALIFORNIA,787.7885818264529,787.7885818264529,1204.1804423972467
2020,93436,6083.0,CALIFORNIA,864.3854944557593,864.3854944557593,1378.8867672851977
2018,93440,6083.0,CALIFORNIA,1006.9458598726114,1006.9458598726114,1055.2335872950687
2019,93440,6083.0,CALIFORNIA,1112.969135802469,1112.969135802469,1204.1804423972467
2020,93440,6083.0,CALIFORNIA,1340.9082840236686,1340.9082840236686,1378.8867672851977
2018,93441,6083.0,CALIFORNIA,1403.0597014925372,1403.0597014925372,1055.2335872950687
2019,93441,6083.0,CALIFORNIA,1602.089605734767,1602.089605734767,1204.1804423972467
2020,93441,6083.0,CALIFORNIA,1864.4140350877192,1864.4140350877192,1378.8867672851977
2018,93442,6079.0,CALIFORNIA,749.8954727030626,749.8954727030626,1011.428499197494
2019,93442,6079.0,CALIFORNIA,816.4149459193707,816.4149459193707,1081.5557479227937
2020,93442,6079.0,CALIFORNIA,919.4080310880828,919.4080310880828,1249.1923291434298
2018,93444,6079.0,CALIFORNIA,800.0540915395285,800.0540915395285,1011.428499197494
2019,93444,6079.0,CALIFORNIA,861.6919240360637,861.6919240360637,1081.5557479227937
2020,93444,6079.0,CALIFORNIA,971.4947407963936,971.4947407963936,1249.1923291434298
2018,93445,6079.0,CALIFORNIA,605.3861997940268,605.3861997940268,1011.428499197494
2019,93445,6079.0,CALIFORNIA,642.3346980552712,642.3346980552712,1081.5557479227937
2020,93445,6079.0,CALIFORNIA,732.6583416583417,732.6583416583417,1249.1923291434298
2018,93446,6079.0,CALIFORNIA,788.8686526743398,788.8686526743398,1011.428499197494
2019,93446,6079.0,CALIFORNIA,862.0538865045303,862.0538865045303,1081.5557479227937
2020,93446,6079.0,CALIFORNIA,973.2623602955103,973.2623602955103,1249.1923291434298
2018,93447,6079.0,CALIFORNIA,1499.0,1499.0,1011.428499197494
2019,93447,6079.0,CALIFORNIA,952.6666666666666,952.6666666666666,1081.5557479227937
2020,93447,6079.0,CALIFORNIA,2159.3333333333335,2159.3333333333335,1249.1923291434298
2018,93449,6079.0,CALIFORNIA,930.8535414165666,930.8535414165666,1011.428499197494
2019,93449,6079.0,CALIFORNIA,1002.2931034482758,1002.2931034482758,1081.5557479227937
2020,93449,6079.0,CALIFORNIA,1166.591836734694,1166.591836734694,1249.1923291434298
2018,93450,6053.0,CALIFORNIA,813.6923076923077,813.6923076923077,1083.494529932765
2019,93450,6053.0,CALIFORNIA,891.1071428571429,891.1071428571429,1134.592242032275
2020,93450,6053.0,CALIFORNIA,923.4642857142856,923.4642857142856,1273.9126004590923
2018,93451,6079.0,CALIFORNIA,720.5484693877551,720.5484693877551,1011.428499197494
2019,93451,6079.0,CALIFORNIA,774.5173237753883,774.5173237753883,1081.5557479227937
2020,93451,6079.0,CALIFORNIA,867.0414746543779,867.0414746543779,1249.1923291434298
2018,93452,6079.0,CALIFORNIA,3470.25,3470.25,1011.428499197494
2019,93452,6079.0,CALIFORNIA,1768.142857142857,1768.142857142857,1081.5557479227937
2020,93452,6079.0,CALIFORNIA,6218.555555555556,5190.254651625734,1249.1923291434298
2018,93453,6079.0,CALIFORNIA,871.1577777777778,871.1577777777778,1011.428499197494
2019,93453,6079.0,CALIFORNIA,938.728051391863,938.728051391863,1081.5557479227937
2020,93453,6079.0,CALIFORNIA,1079.9386503067485,1079.9386503067485,1249.1923291434298
2018,93454,6083.0,CALIFORNIA,691.3899642924263,691.3899642924263,1055.2335872950687
2019,93454,6083.0,CALIFORNIA,730.21422009921,730.21422009921,1204.1804423972467
2020,93454,6083.0,CALIFORNIA,825.2439293598234,825.2439293598234,1378.8867672851977
2018,93455,6083.0,CALIFORNIA,799.4220721168173,799.4220721168173,1055.2335872950687
2019,93455,6083.0,CALIFORNIA,852.7171717171717,852.7171717171717,1204.1804423972467
2020,93455,6083.0,CALIFORNIA,956.7871339414306,956.7871339414306,1378.8867672851977
2018,93456,6083.0,CALIFORNIA,447.0,571.7662565339767,1055.2335872950687
2019,93456,6083.0,CALIFORNIA,708.0,708.0,1204.1804423972467
2020,93456,6083.0,CALIFORNIA,772.0,772.0,1378.8867672851977
2018,93458,6083.0,CALIFORNIA,607.4545284780579,607.4545284780579,1055.2335872950687
2019,93458,6083.0,CALIFORNIA,644.3574275362319,644.3574275362319,1204.1804423972467
2020,93458,6083.0,CALIFORNIA,734.8009033423667,734.8009033423667,1378.8867672851977
2018,93460,6083.0,CALIFORNIA,1728.2676056338028,1728.2676056338028,1055.2335872950687
2019,93460,6083.0,CALIFORNIA,1802.916378714582,1802.916378714582,1204.1804423972467
2020,93460,6083.0,CALIFORNIA,2102.942679558011,2102.942679558011,1378.8867672851977
2018,93461,6079.0,CALIFORNIA,595.5555555555555,595.5555555555555,1011.428499197494
2019,93461,6079.0,CALIFORNIA,628.2066115702479,628.2066115702479,1081.5557479227937
2020,93461,6079.0,CALIFORNIA,711.876,711.876,1249.1923291434298
2018,93463,6083.0,CALIFORNIA,1190.3864370290637,1190.3864370290637,1055.2335872950687
2019,93463,6083.0,CALIFORNIA,1275.322429906542,1275.322429906542,1204.1804423972467
2020,93463,6083.0,CALIFORNIA,1561.353218210361,1561.353218210361,1378.8867672851977
2018,93464,6083.0,CALIFORNIA,3925.0,3925.0,1055.2335872950687
2019,93464,6083.0,CALIFORNIA,2209.0,2209.0,1204.1804423972467
2020,93464,6083.0,CALIFORNIA,2517.0,2517.0,1378.8867672851977
2018,93465,6079.0,CALIFORNIA,1019.9951024042742,1019.9951024042742,1011.428499197494
2019,93465,6079.0,CALIFORNIA,1088.8006042296072,1088.8006042296072,1081.5557479227937
2020,93465,6079.0,CALIFORNIA,1237.111911827045,1237.111911827045,1249.1923291434298
2018,93501,6029.0,CALIFORNIA,793.1104166666667,793.1104166666667,971.2357040193859
2019,93501,6029.0,CALIFORNIA,826.828793774319,826.828793774319,1008.0630615315316
2020,93501,6029.0,CALIFORNIA,893.7277992277992,893.7277992277992,1032.8963475681232
2018,93502,6029.0,CALIFORNIA,670.5,670.5,971.2357040193859
2019,93502,6029.0,CALIFORNIA,760.0,760.0,1008.0630615315316
2020,93502,6029.0,CALIFORNIA,718.0,718.0,1032.8963475681232
2018,93504,6029.0,CALIFORNIA,723.0,723.0,971.2357040193859
2019,93504,6029.0,CALIFORNIA,791.0,791.0,1008.0630615315316
2020,93504,6029.0,CALIFORNIA,749.5,749.5,1032.8963475681232
2018,93505,6029.0,CALIFORNIA,751.500860585198,751.500860585198,971.2357040193859
2019,93505,6029.0,CALIFORNIA,794.6,794.6,1008.0630615315316
2020,93505,6029.0,CALIFORNIA,870.8255537974684,870.8255537974684,1032.8963475681232
2018,93510,6037.0,CALIFORNIA,1572.7345035655512,1572.7345035655512,985.5947915935825
2019,93510,6037.0,CALIFORNIA,1689.539524599226,1689.539524599226,1133.4569424764545
2020,93510,6037.0,CALIFORNIA,1825.2475355969332,1825.2475355969332,1254.9616852551637
2018,93512,6051.0,CALIFORNIA,819.0434782608696,819.0434782608696,1148.1062384131437
2019,93512,6051.0,CALIFORNIA,899.1904761904761,899.1904761904761,1275.0754283421168
2020,93512,6051.0,CALIFORNIA,921.809523809524,921.809523809524,1347.5452926891558
2018,93513,6027.0,CALIFORNIA,852.5623003194888,852.5623003194888,921.1385040778971
2019,93513,6027.0,CALIFORNIA,895.615141955836,895.615141955836,1048.931215947831
2020,93513,6027.0,CALIFORNIA,997.0350318471336,997.0350318471336,1181.0903113426402
2018,93514,6027.0,CALIFORNIA,962.6054229057062,962.6054229057062,921.1385040778971
2019,93514,6027.0,CALIFORNIA,1047.4203187250996,1047.4203187250996,1048.931215947831
2020,93514,6027.0,CALIFORNIA,1152.9623613312203,1152.9623613312203,1181.0903113426402
2018,93516,6029.0,CALIFORNIA,695.7962962962963,695.7962962962963,971.2357040193859
2019,93516,6029.0,CALIFORNIA,725.009375,725.009375,1008.0630615315316
2020,93516,6029.0,CALIFORNIA,785.7648902821317,785.7648902821317,1032.8963475681232
2018,93517,6051.0,CALIFORNIA,1012.4942196531792,1012.4942196531792,1148.1062384131437
2019,93517,6051.0,CALIFORNIA,1147.8803418803418,1147.8803418803418,1275.0754283421168
2020,93517,6051.0,CALIFORNIA,1218.566197183099,1218.566197183099,1347.5452926891558
2018,93518,6029.0,CALIFORNIA,1255.964071856287,1255.964071856287,971.2357040193859
2019,93518,6029.0,CALIFORNIA,1397.6543209876545,1397.6543209876545,1008.0630615315316
2020,93518,6029.0,CALIFORNIA,1473.682634730539,1473.682634730539,1032.8963475681232
2018,93522,6027.0,CALIFORNIA,412.0,571.7662565339767,921.1385040778971
2018,93523,6029.0,CALIFORNIA,952.1612903225806,952.1612903225806,971.2357040193859
2019,93523,6029.0,CALIFORNIA,1105.2824074074074,1105.2824074074074,1008.0630615315316
2020,93523,6029.0,CALIFORNIA,1091.3725490196075,1091.3725490196075,1032.8963475681232
2018,93526,6027.0,CALIFORNIA,811.825806451613,811.825806451613,921.1385040778971
2019,93526,6027.0,CALIFORNIA,854.58125,854.58125,1048.931215947831
2020,93526,6027.0,CALIFORNIA,987.7654320987656,987.7654320987656,1181.0903113426402
2018,93527,6029.0,CALIFORNIA,822.9109195402299,822.9109195402299,971.2357040193859
2019,93527,6029.0,CALIFORNIA,881.8333333333334,881.8333333333334,1008.0630615315316
2020,93527,6029.0,CALIFORNIA,969.3825136612022,969.3825136612022,1032.8963475681232
2018,93528,6029.0,CALIFORNIA,565.0,571.7662565339767,971.2357040193859
2019,93528,6029.0,CALIFORNIA,573.5555555555555,573.5555555555555,1008.0630615315316
2020,93528,6029.0,CALIFORNIA,639.8888888888889,639.8888888888889,1032.8963475681232
2018,93529,6051.0,CALIFORNIA,1578.2941176470588,1578.2941176470588,1148.1062384131437
2019,93529,6051.0,CALIFORNIA,1703.5013774104684,1703.5013774104684,1275.0754283421168
2020,93529,6051.0,CALIFORNIA,1896.467741935484,1896.467741935484,1347.5452926891558
2018,93530,6027.0,CALIFORNIA,619.2,619.2,921.1385040778971
2019,93530,6027.0,CALIFORNIA,656.6,656.6,1048.931215947831
2020,93530,6027.0,CALIFORNIA,838.5,838.5,1181.0903113426402
2018,93531,6029.0,CALIFORNIA,1334.4782608695652,1334.4782608695652,971.2357040193859
2019,93531,6029.0,CALIFORNIA,1445.9703703703703,1445.9703703703703,1008.0630615315316
2020,93531,6029.0,CALIFORNIA,1607.572463768116,1607.572463768116,1032.8963475681232
2018,93532,6037.0,CALIFORNIA,1172.6578125,1172.6578125,985.5947915935825
2019,93532,6037.0,CALIFORNIA,1250.2744479495268,1250.2744479495268,1133.4569424764545
2020,93532,6037.0,CALIFORNIA,1348.7814371257484,1348.7814371257484,1254.9616852551637
2018,93534,6037.0,CALIFORNIA,861.3490445859873,861.3490445859873,985.5947915935825
2019,93534,6037.0,CALIFORNIA,900.8255670103092,900.8255670103092,1133.4569424764545
2020,93534,6037.0,CALIFORNIA,993.2326802666128,993.2326802666128,1254.9616852551637
2018,93535,6037.0,CALIFORNIA,844.2979510244877,844.2979510244877,985.5947915935825
2019,93535,6037.0,CALIFORNIA,885.4992298806314,885.4992298806314,1133.4569424764545
2020,93535,6037.0,CALIFORNIA,979.9685883570016,979.9685883570016,1254.9616852551637
2018,93536,6037.0,CALIFORNIA,1065.1333468642176,1065.1333468642176,985.5947915935825
2019,93536,6037.0,CALIFORNIA,1136.125090765067,1136.125090765067,1133.4569424764545
2020,93536,6037.0,CALIFORNIA,1252.3135096865549,1252.3135096865549,1254.9616852551637
2020,93539,6037.0,CALIFORNIA,2001.0,2001.0,1254.9616852551637
2018,93541,6051.0,CALIFORNIA,1281.765306122449,1281.765306122449,1148.1062384131437
2019,93541,6051.0,CALIFORNIA,1355.857142857143,1355.857142857143,1275.0754283421168
2020,93541,6051.0,CALIFORNIA,1507.675925925926,1507.675925925926,1347.5452926891558
2018,93543,6037.0,CALIFORNIA,893.0213169114164,893.0213169114164,985.5947915935825
2019,93543,6037.0,CALIFORNIA,935.175788497217,935.175788497217,1133.4569424764545
2020,93543,6037.0,CALIFORNIA,1038.4496227252553,1038.4496227252553,1254.9616852551637
2018,93544,6037.0,CALIFORNIA,1200.6912442396313,1200.6912442396313,985.5947915935825
2019,93544,6037.0,CALIFORNIA,1244.9234234234234,1244.9234234234234,1133.4569424764545
2020,93544,6037.0,CALIFORNIA,1398.5521739130436,1398.5521739130436,1254.9616852551637
2018,93545,6027.0,CALIFORNIA,876.1698113207547,876.1698113207547,921.1385040778971
2019,93545,6027.0,CALIFORNIA,938.578313253012,938.578313253012,1048.931215947831
2020,93545,6027.0,CALIFORNIA,1073.970238095238,1073.970238095238,1181.0903113426402
2018,93546,6051.0,CALIFORNIA,1886.9079844206424,1886.9079844206424,1148.1062384131437
2019,93546,6051.0,CALIFORNIA,2019.484892086331,2019.484892086331,1275.0754283421168
2020,93546,6051.0,CALIFORNIA,2317.095896726602,2317.095896726602,1347.5452926891558
2018,93549,6027.0,CALIFORNIA,952.4666666666668,952.4666666666668,921.1385040778971
2019,93549,6027.0,CALIFORNIA,933.8620689655172,933.8620689655172,1048.931215947831
2020,93549,6027.0,CALIFORNIA,1069.9642857142858,1069.9642857142858,1181.0903113426402
2018,93550,6037.0,CALIFORNIA,855.9328566640598,855.9328566640598,985.5947915935825
2019,93550,6037.0,CALIFORNIA,894.9569414316703,894.9569414316703,1133.4569424764545
2020,93550,6037.0,CALIFORNIA,985.3893671975892,985.3893671975892,1254.9616852551637
2018,93551,6037.0,CALIFORNIA,1205.2941855670103,1205.2941855670103,985.5947915935825
2019,93551,6037.0,CALIFORNIA,1289.5535351895446,1289.5535351895446,1133.4569424764545
2020,93551,6037.0,CALIFORNIA,1424.853184483174,1424.853184483174,1254.9616852551637
2018,93552,6037.0,CALIFORNIA,922.1261148490064,922.1261148490064,985.5947915935825
2019,93552,6037.0,CALIFORNIA,975.3744097486672,975.3744097486672,1133.4569424764545
2020,93552,6037.0,CALIFORNIA,1083.4854020062885,1083.4854020062885,1254.9616852551637
2018,93553,6037.0,CALIFORNIA,1104.549872122762,1104.549872122762,985.5947915935825
2019,93553,6037.0,CALIFORNIA,1154.5125,1154.5125,1133.4569424764545
2020,93553,6037.0,CALIFORNIA,1338.1,1338.1,1254.9616852551637
2018,93554,6029.0,CALIFORNIA,608.7619047619048,608.7619047619048,971.2357040193859
2019,93554,6029.0,CALIFORNIA,647.3333333333334,647.3333333333334,1008.0630615315316
2020,93554,6029.0,CALIFORNIA,685.6363636363636,685.6363636363636,1032.8963475681232
2018,93555,6029.0,CALIFORNIA,701.0583202623699,701.0583202623699,971.2357040193859
2019,93555,6029.0,CALIFORNIA,740.4100446730744,740.4100446730744,1008.0630615315316
2020,93555,6029.0,CALIFORNIA,803.2778681855167,803.2778681855167,1032.8963475681232
2018,93560,6029.0,CALIFORNIA,771.0770304214345,771.0770304214345,971.2357040193859
2019,93560,6029.0,CALIFORNIA,818.6263498920086,818.6263498920086,1008.0630615315316
2020,93560,6029.0,CALIFORNIA,889.7877109704641,889.7877109704641,1032.8963475681232
2018,93561,6029.0,CALIFORNIA,940.578592447278,940.578592447278,971.2357040193859
2019,93561,6029.0,CALIFORNIA,1016.3943678849612,1016.3943678849612,1008.0630615315316
2020,93561,6029.0,CALIFORNIA,1085.0175956542278,1085.0175956542278,1032.8963475681232
2018,93562,6071.0,CALIFORNIA,681.8118466898954,681.8118466898954,901.9188909344487
2019,93562,6071.0,CALIFORNIA,722.3601398601398,722.3601398601398,1024.2465702159852
2020,93562,6071.0,CALIFORNIA,783.8772563176896,783.8772563176896,1126.680025319759
2018,93563,6037.0,CALIFORNIA,1290.7272727272727,1290.7272727272727,985.5947915935825
2019,93563,6037.0,CALIFORNIA,1274.625,1274.625,1133.4569424764545
2020,93563,6037.0,CALIFORNIA,1208.6666666666667,1208.6666666666667,1254.9616852551637
2018,93581,6029.0,CALIFORNIA,568.0,571.7662565339767,971.2357040193859
2018,93591,6037.0,CALIFORNIA,799.6928104575163,799.6928104575163,985.5947915935825
2019,93591,6037.0,CALIFORNIA,830.0950226244344,830.0950226244344,1133.4569424764545
2020,93591,6037.0,CALIFORNIA,899.3839364518976,899.3839364518976,1254.9616852551637
2018,93592,6071.0,CALIFORNIA,858.0,858.0,901.9188909344487
2019,93592,6071.0,CALIFORNIA,644.5,644.5,1024.2465702159852
2020,93592,6071.0,CALIFORNIA,737.3333333333334,737.3333333333334,1126.680025319759
2018,93599,6037.0,CALIFORNIA,658.0,658.0,985.5947915935825
2019,93599,6037.0,CALIFORNIA,676.0,676.0,1133.4569424764545
2018,93601,6039.0,CALIFORNIA,1388.4235033259424,1388.4235033259424,1061.7263902018494
2019,93601,6039.0,CALIFORNIA,1476.008492569002,1476.008492569002,1195.7819569795802
2020,93601,6039.0,CALIFORNIA,1582.4069529652352,1582.4069529652352,1248.0920421339051
2018,93602,6019.0,CALIFORNIA,1337.3058321479375,1337.3058321479375,1154.0883909729705
2019,93602,6019.0,CALIFORNIA,1389.9620786516855,1389.9620786516855,857.4487346887807
2020,93602,6019.0,CALIFORNIA,1446.6291240045507,1446.6291240045507,1236.8433703719695
2018,93603,6107.0,CALIFORNIA,982.181818181818,982.181818181818,1053.176453199721
2019,93603,6107.0,CALIFORNIA,1021.4411764705884,1021.4411764705884,918.8770759979943
2020,93603,6107.0,CALIFORNIA,1025.5897435897436,1025.5897435897436,1346.1254271211942
2018,93604,6039.0,CALIFORNIA,1552.8752136752137,1552.8752136752137,1061.7263902018494
2019,93604,6039.0,CALIFORNIA,1704.5481099656358,1704.5481099656358,1195.7819569795802
2020,93604,6039.0,CALIFORNIA,1925.4801324503312,1925.4801324503312,1248.0920421339051
2018,93605,6019.0,CALIFORNIA,1154.6458333333333,1154.6458333333333,1154.0883909729705
2019,93605,6019.0,CALIFORNIA,1152.5094339622642,1152.5094339622642,857.4487346887807
2020,93605,6019.0,CALIFORNIA,1399.475,1399.475,1236.8433703719695
2018,93606,6019.0,CALIFORNIA,713.14,713.14,1154.0883909729705
2019,93606,6019.0,CALIFORNIA,765.248322147651,765.248322147651,857.4487346887807
2020,93606,6019.0,CALIFORNIA,819.5555555555555,819.5555555555555,1236.8433703719695
2018,93608,6019.0,CALIFORNIA,643.204081632653,643.204081632653,1154.0883909729705
2019,93608,6019.0,CALIFORNIA,696.4313725490196,696.4313725490196,857.4487346887807
2020,93608,6019.0,CALIFORNIA,732.1923076923077,732.1923076923077,1236.8433703719695
2018,93609,6019.0,CALIFORNIA,810.8084358523726,810.8084358523726,1154.0883909729705
2019,93609,6019.0,CALIFORNIA,836.2066549912435,836.2066549912435,857.4487346887807
2020,93609,6019.0,CALIFORNIA,935.6020761245676,935.6020761245676,1236.8433703719695
2018,93610,6039.0,CALIFORNIA,774.0469543147208,774.0469543147208,1061.7263902018494
2019,93610,6039.0,CALIFORNIA,812.9869410368025,812.9869410368025,1195.7819569795802
2020,93610,6039.0,CALIFORNIA,926.860725308642,926.860725308642,1248.0920421339051
2018,93611,6019.0,CALIFORNIA,850.122299086173,850.122299086173,1154.0883909729705
2019,93611,6019.0,CALIFORNIA,906.621513605442,906.621513605442,857.4487346887807
2020,93611,6019.0,CALIFORNIA,983.042627883651,983.042627883651,1236.8433703719695
2018,93612,6019.0,CALIFORNIA,711.2497055359246,711.2497055359246,1154.0883909729705
2019,93612,6019.0,CALIFORNIA,753.4001375831232,753.4001375831232,857.4487346887807
2020,93612,6019.0,CALIFORNIA,818.718018018018,818.718018018018,1236.8433703719695
2018,93613,6019.0,CALIFORNIA,2980.0,2980.0,1154.0883909729705
2019,93613,6019.0,CALIFORNIA,2698.0,2698.0,857.4487346887807
2018,93614,6039.0,CALIFORNIA,1195.4444091486655,1195.4444091486655,1061.7263902018494
2019,93614,6039.0,CALIFORNIA,1290.6237161531278,1290.6237161531278,1195.7819569795802
2020,93614,6039.0,CALIFORNIA,1439.829378191649,1439.829378191649,1248.0920421339051
2018,93615,6107.0,CALIFORNIA,675.6946721311475,675.6946721311475,1053.176453199721
2019,93615,6107.0,CALIFORNIA,706.127744510978,706.127744510978,918.8770759979943
2020,93615,6107.0,CALIFORNIA,778.7361963190184,778.7361963190184,1346.1254271211942
2018,93616,6019.0,CALIFORNIA,731.7791164658635,731.7791164658635,1154.0883909729705
2019,93616,6019.0,CALIFORNIA,845.5,845.5,857.4487346887807
2020,93616,6019.0,CALIFORNIA,898.7992277992278,898.7992277992278,1236.8433703719695
2018,93618,6107.0,CALIFORNIA,648.6976744186046,648.6976744186046,1053.176453199721
2019,93618,6107.0,CALIFORNIA,686.0821716801174,686.0821716801174,918.8770759979943
2020,93618,6107.0,CALIFORNIA,767.589281479725,767.589281479725,1346.1254271211942
2018,93619,6019.0,CALIFORNIA,906.1874329122286,906.1874329122286,1154.0883909729705
2019,93619,6019.0,CALIFORNIA,966.306688167089,966.306688167089,857.4487346887807
2020,93619,6019.0,CALIFORNIA,1067.389663182346,1067.389663182346,1236.8433703719695
2018,93620,6047.0,CALIFORNIA,669.0301941049605,669.0301941049605,1023.8970727080153
2019,93620,6047.0,CALIFORNIA,705.4033035099793,705.4033035099793,960.6896695034983
2020,93620,6047.0,CALIFORNIA,786.4298128342245,786.4298128342245,1172.3820137698801
2018,93621,6019.0,CALIFORNIA,1098.078947368421,1098.078947368421,1154.0883909729705
2019,93621,6019.0,CALIFORNIA,1138.55,1138.55,857.4487346887807
2020,93621,6019.0,CALIFORNIA,1254.2272727272727,1254.2272727272727,1236.8433703719695
2018,93622,6019.0,CALIFORNIA,727.6856875584658,727.6856875584658,1154.0883909729705
2019,93622,6019.0,CALIFORNIA,776.9185938945421,776.9185938945421,857.4487346887807
2020,93622,6019.0,CALIFORNIA,847.9353958143768,847.9353958143768,1236.8433703719695
2018,93623,6043.0,CALIFORNIA,1414.4823529411765,1414.4823529411765,1121.2366497655314
2019,93623,6043.0,CALIFORNIA,1510.1477272727273,1510.1477272727273,1105.9445277233365
2020,93623,6043.0,CALIFORNIA,1522.0721649484535,1522.0721649484535,1199.7146806311664
2018,93624,6019.0,CALIFORNIA,681.0,681.0,1154.0883909729705
2019,93624,6019.0,CALIFORNIA,627.3333333333334,627.3333333333334,857.4487346887807
2020,93624,6019.0,CALIFORNIA,801.0,801.0,1236.8433703719695
2018,93625,6019.0,CALIFORNIA,809.98361998362,809.98361998362,1154.0883909729705
2019,93625,6019.0,CALIFORNIA,839.4960505529226,839.4960505529226,857.4487346887807
2020,93625,6019.0,CALIFORNIA,931.4671698113208,931.4671698113208,1236.8433703719695
2018,93626,6019.0,CALIFORNIA,1273.1391650099404,1273.1391650099404,1154.0883909729705
2019,93626,6019.0,CALIFORNIA,1367.4575645756458,1367.4575645756458,857.4487346887807
2020,93626,6019.0,CALIFORNIA,1553.6420168067227,1553.6420168067227,1236.8433703719695
2018,93627,6019.0,CALIFORNIA,384.0,571.7662565339767,1154.0883909729705
2019,93627,6019.0,CALIFORNIA,407.0,571.7662565339767,857.4487346887807
2020,93627,6019.0,CALIFORNIA,356.0,571.7662565339767,1236.8433703719695
2018,93628,6019.0,CALIFORNIA,1163.9,1163.9,1154.0883909729705
2019,93628,6019.0,CALIFORNIA,1275.430769230769,1275.430769230769,857.4487346887807
2020,93628,6019.0,CALIFORNIA,1331.3356643356644,1331.3356643356644,1236.8433703719695
2018,93630,6019.0,CALIFORNIA,781.2249203821656,781.2249203821656,1154.0883909729705
2019,93630,6019.0,CALIFORNIA,824.9308510638298,824.9308510638298,857.4487346887807
2020,93630,6019.0,CALIFORNIA,892.056763730188,892.056763730188,1236.8433703719695
2018,93631,6019.0,CALIFORNIA,775.7089928057554,775.7089928057554,1154.0883909729705
2019,93631,6019.0,CALIFORNIA,825.260824742268,825.260824742268,857.4487346887807
2020,93631,6019.0,CALIFORNIA,916.0672853828306,916.0672853828306,1236.8433703719695
2018,93633,6107.0,CALIFORNIA,931.603448275862,931.603448275862,1053.176453199721
2019,93633,6107.0,CALIFORNIA,1173.704918032787,1173.704918032787,918.8770759979943
2020,93633,6107.0,CALIFORNIA,1006.6769230769232,1006.6769230769232,1346.1254271211942
2018,93634,6019.0,CALIFORNIA,1316.2696629213483,1316.2696629213483,1154.0883909729705
2019,93634,6019.0,CALIFORNIA,1365.2553191489362,1365.2553191489362,857.4487346887807
2020,93634,6019.0,CALIFORNIA,1438.8030888030887,1438.8030888030887,1236.8433703719695
2018,93635,6047.0,CALIFORNIA,693.2374052904427,693.2374052904427,1023.8970727080153
2019,93635,6047.0,CALIFORNIA,732.5661875945538,732.5661875945538,960.6896695034983
2020,93635,6047.0,CALIFORNIA,839.6586840832124,839.6586840832124,1172.3820137698801
2018,93636,6039.0,CALIFORNIA,950.4632885211996,950.4632885211996,1061.7263902018494
2019,93636,6039.0,CALIFORNIA,1002.1458461538462,1002.1458461538462,1195.7819569795802
2020,93636,6039.0,CALIFORNIA,1117.8105206655932,1117.8105206655932,1248.0920421339051
2018,93637,6039.0,CALIFORNIA,808.5171452009844,808.5171452009844,1061.7263902018494
2019,93637,6039.0,CALIFORNIA,846.2572503527199,846.2572503527199,1195.7819569795802
2020,93637,6039.0,CALIFORNIA,927.7843197071384,927.7843197071384,1248.0920421339051
2018,93638,6039.0,CALIFORNIA,762.7598337064279,762.7598337064279,1061.7263902018494
2019,93638,6039.0,CALIFORNIA,799.7049205854873,799.7049205854873,1195.7819569795802
2020,93638,6039.0,CALIFORNIA,890.8608522987628,890.8608522987628,1248.0920421339051
2018,93640,6019.0,CALIFORNIA,669.7599309153713,669.7599309153713,1154.0883909729705
2019,93640,6019.0,CALIFORNIA,700.7361111111111,700.7361111111111,857.4487346887807
2020,93640,6019.0,CALIFORNIA,751.3955108359133,751.3955108359133,1236.8433703719695
2018,93641,6019.0,CALIFORNIA,1239.3904761904762,1239.3904761904762,1154.0883909729705
2019,93641,6019.0,CALIFORNIA,1347.3173076923076,1347.3173076923076,857.4487346887807
2020,93641,6019.0,CALIFORNIA,1447.0594059405942,1447.0594059405942,1236.8433703719695
2018,93642,6019.0,CALIFORNIA,2381.0,2381.0,1154.0883909729705
2019,93642,6019.0,CALIFORNIA,3077.0,3077.0,857.4487346887807
2020,93642,6019.0,CALIFORNIA,3018.0,3018.0,1236.8433703719695
2018,93643,6039.0,CALIFORNIA,1457.2437888198758,1457.2437888198758,1061.7263902018494
2019,93643,6039.0,CALIFORNIA,1507.996908809892,1507.996908809892,1195.7819569795802
2020,93643,6039.0,CALIFORNIA,1487.0888252148998,1487.0888252148998,1248.0920421339051
2018,93644,6039.0,CALIFORNIA,1348.09003051882,1348.09003051882,1061.7263902018494
2019,93644,6039.0,CALIFORNIA,1446.0926470588236,1446.0926470588236,1195.7819569795802
2020,93644,6039.0,CALIFORNIA,1555.6802054154996,1555.6802054154996,1248.0920421339051
2018,93645,6039.0,CALIFORNIA,1544.9583333333333,1544.9583333333333,1061.7263902018494
2019,93645,6039.0,CALIFORNIA,1640.1020408163265,1640.1020408163265,1195.7819569795802
2020,93645,6039.0,CALIFORNIA,1772.9245283018868,1772.9245283018868,1248.0920421339051
2018,93646,6019.0,CALIFORNIA,663.7215053763441,663.7215053763441,1154.0883909729705
2019,93646,6019.0,CALIFORNIA,701.292194092827,701.292194092827,857.4487346887807
2020,93646,6019.0,CALIFORNIA,774.1219768664564,774.1219768664564,1236.8433703719695
2018,93647,6107.0,CALIFORNIA,685.6525735294117,685.6525735294117,1053.176453199721
2019,93647,6107.0,CALIFORNIA,722.4411764705883,722.4411764705883,918.8770759979943
2020,93647,6107.0,CALIFORNIA,794.2464412811388,794.2464412811388,1346.1254271211942
2018,93648,6019.0,CALIFORNIA,646.9592081583684,646.9592081583684,1154.0883909729705
2019,93648,6019.0,CALIFORNIA,680.0789170506912,680.0789170506912,857.4487346887807
2020,93648,6019.0,CALIFORNIA,753.8722222222223,753.8722222222223,1236.8433703719695
2018,93649,6019.0,CALIFORNIA,1633.0,1633.0,1154.0883909729705
2019,93649,6019.0,CALIFORNIA,1877.0,1877.0,857.4487346887807
2020,93649,6019.0,CALIFORNIA,1273.0,1273.0,1236.8433703719695
2018,93650,6019.0,CALIFORNIA,653.0330882352941,653.0330882352941,1154.0883909729705
2019,93650,6019.0,CALIFORNIA,686.3598615916954,686.3598615916954,857.4487346887807
2020,93650,6019.0,CALIFORNIA,753.969387755102,753.969387755102,1236.8433703719695
2018,93651,6019.0,CALIFORNIA,1392.1172069825436,1392.1172069825436,1154.0883909729705
2019,93651,6019.0,CALIFORNIA,1508.8833746898265,1508.8833746898265,857.4487346887807
2020,93651,6019.0,CALIFORNIA,1677.7830188679245,1677.7830188679245,1236.8433703719695
2018,93652,6019.0,CALIFORNIA,968.1481481481482,968.1481481481482,1154.0883909729705
2019,93652,6019.0,CALIFORNIA,948.5172413793103,948.5172413793103,857.4487346887807
2020,93652,6019.0,CALIFORNIA,1081.655172413793,1081.655172413793,1236.8433703719695
2018,93653,6039.0,CALIFORNIA,1298.8115183246073,1298.8115183246073,1061.7263902018494
2019,93653,6039.0,CALIFORNIA,1401.6176470588234,1401.6176470588234,1195.7819569795802
2020,93653,6039.0,CALIFORNIA,1548.6064814814815,1548.6064814814815,1248.0920421339051
2018,93654,6019.0,CALIFORNIA,757.643516270034,757.643516270034,1154.0883909729705
2019,93654,6019.0,CALIFORNIA,802.1744324970132,802.1744324970132,857.4487346887807
2020,93654,6019.0,CALIFORNIA,885.7797012093905,885.7797012093905,1236.8433703719695
2018,93656,6019.0,CALIFORNIA,754.1692307692308,754.1692307692308,1154.0883909729705
2019,93656,6019.0,CALIFORNIA,783.4319880418535,783.4319880418535,857.4487346887807
2020,93656,6019.0,CALIFORNIA,851.8423357664234,851.8423357664234,1236.8433703719695
2018,93657,6019.0,CALIFORNIA,805.4782899131596,805.4782899131596,1154.0883909729705
2019,93657,6019.0,CALIFORNIA,851.037186742118,851.037186742118,857.4487346887807
2020,93657,6019.0,CALIFORNIA,955.8238735177864,955.8238735177864,1236.8433703719695
2018,93660,6019.0,CALIFORNIA,730.5816326530612,730.5816326530612,1154.0883909729705
2019,93660,6019.0,CALIFORNIA,774.8928571428571,774.8928571428571,857.4487346887807
2020,93660,6019.0,CALIFORNIA,849.5974683544304,849.5974683544304,1236.8433703719695
2018,93661,6047.0,CALIFORNIA,776.0,776.0,1023.8970727080153
2019,93661,6047.0,CALIFORNIA,866.0,866.0,960.6896695034983
2020,93661,6047.0,CALIFORNIA,901.5,901.5,1172.3820137698801
2018,93662,6019.0,CALIFORNIA,671.1439940313355,671.1439940313355,1154.0883909729705
2019,93662,6019.0,CALIFORNIA,709.3499392466586,709.3499392466586,857.4487346887807
2020,93662,6019.0,CALIFORNIA,806.6133909287257,806.6133909287257,1236.8433703719695
2018,93664,6019.0,CALIFORNIA,1688.244917715392,1688.244917715392,1154.0883909729705
2019,93664,6019.0,CALIFORNIA,1772.2182163187856,1772.2182163187856,857.4487346887807
2020,93664,6019.0,CALIFORNIA,1714.3701741105224,1714.3701741105224,1236.8433703719695
2018,93665,6047.0,CALIFORNIA,648.625,648.625,1023.8970727080153
2019,93665,6047.0,CALIFORNIA,704.0535714285714,704.0535714285714,960.6896695034983
2020,93665,6047.0,CALIFORNIA,798.7931034482758,798.7931034482758,1172.3820137698801
2018,93666,6107.0,CALIFORNIA,509.2,571.7662565339767,1053.176453199721
2019,93666,6107.0,CALIFORNIA,469.2857142857143,571.7662565339767,918.8770759979943
2020,93666,6107.0,CALIFORNIA,683.1111111111111,683.1111111111111,1346.1254271211942
2018,93667,6019.0,CALIFORNIA,1258.678571428571,1258.678571428571,1154.0883909729705
2019,93667,6019.0,CALIFORNIA,1339.8625,1339.8625,857.4487346887807
2020,93667,6019.0,CALIFORNIA,1413.2676056338028,1413.2676056338028,1236.8433703719695
2018,93668,6019.0,CALIFORNIA,847.3984375,847.3984375,1154.0883909729705
2019,93668,6019.0,CALIFORNIA,913.4108527131784,913.4108527131784,857.4487346887807
2020,93668,6019.0,CALIFORNIA,984.563492063492,984.563492063492,1236.8433703719695
2018,93669,6039.0,CALIFORNIA,1390.9158878504672,1390.9158878504672,1061.7263902018494
2019,93669,6039.0,CALIFORNIA,1403.861111111111,1403.861111111111,1195.7819569795802
2020,93669,6039.0,CALIFORNIA,1415.7478991596638,1415.7478991596638,1248.0920421339051
2018,93673,6107.0,CALIFORNIA,606.3666666666667,606.3666666666667,1053.176453199721
2019,93673,6107.0,CALIFORNIA,647.4126984126984,647.4126984126984,918.8770759979943
2020,93673,6107.0,CALIFORNIA,735.8805970149253,735.8805970149253,1346.1254271211942
2018,93675,6019.0,CALIFORNIA,1203.415061295972,1203.415061295972,1154.0883909729705
2019,93675,6019.0,CALIFORNIA,1252.5391304347827,1252.5391304347827,857.4487346887807
2020,93675,6019.0,CALIFORNIA,1402.1178509532062,1402.1178509532062,1236.8433703719695
2018,93701,6019.0,CALIFORNIA,780.8253588516747,780.8253588516747,1154.0883909729705
2019,93701,6019.0,CALIFORNIA,811.5177777777777,811.5177777777777,857.4487346887807
2020,93701,6019.0,CALIFORNIA,878.0442105263157,878.0442105263157,1236.8433703719695
2018,93702,6019.0,CALIFORNIA,716.0132430841671,716.0132430841671,1154.0883909729705
2019,93702,6019.0,CALIFORNIA,742.7186257808064,742.7186257808064,857.4487346887807
2020,93702,6019.0,CALIFORNIA,781.6192052980133,781.6192052980133,1236.8433703719695
2018,93703,6019.0,CALIFORNIA,687.7809147374364,687.7809147374364,1154.0883909729705
2019,93703,6019.0,CALIFORNIA,712.6150285869861,712.6150285869861,857.4487346887807
2020,93703,6019.0,CALIFORNIA,769.279248279513,769.279248279513,1236.8433703719695
2018,93704,6019.0,CALIFORNIA,917.028105345912,917.028105345912,1154.0883909729705
2019,93704,6019.0,CALIFORNIA,970.1293169608596,970.1293169608596,857.4487346887807
2020,93704,6019.0,CALIFORNIA,1045.6189674523007,1045.6189674523007,1236.8433703719695
2018,93705,6019.0,CALIFORNIA,701.7167109838413,701.7167109838413,1154.0883909729705
2019,93705,6019.0,CALIFORNIA,733.8409408012757,733.8409408012757,857.4487346887807
2020,93705,6019.0,CALIFORNIA,780.6451174529218,780.6451174529218,1236.8433703719695
2018,93706,6019.0,CALIFORNIA,784.1638044914134,784.1638044914134,1154.0883909729705
2019,93706,6019.0,CALIFORNIA,821.0171265461465,821.0171265461465,857.4487346887807
2020,93706,6019.0,CALIFORNIA,888.1264261486278,888.1264261486278,1236.8433703719695
2018,93710,6019.0,CALIFORNIA,768.3787878787879,768.3787878787879,1154.0883909729705
2019,93710,6019.0,CALIFORNIA,806.0819013613033,806.0819013613033,857.4487346887807
2020,93710,6019.0,CALIFORNIA,867.2269036646917,867.2269036646917,1236.8433703719695
2018,93711,6019.0,CALIFORNIA,1155.7482704753404,1155.7482704753404,1154.0883909729705
2019,93711,6019.0,CALIFORNIA,1228.504394638541,1228.504394638541,857.4487346887807
2020,93711,6019.0,CALIFORNIA,1327.7017165065313,1327.7017165065313,1236.8433703719695
2018,93720,6019.0,CALIFORNIA,929.7278094863216,929.7278094863216,1154.0883909729705
2019,93720,6019.0,CALIFORNIA,988.285240787678,988.285240787678,857.4487346887807
2020,93720,6019.0,CALIFORNIA,1074.2212346633175,1074.2212346633175,1236.8433703719695
2018,93721,6019.0,CALIFORNIA,821.9090909090909,821.9090909090909,1154.0883909729705
2019,93721,6019.0,CALIFORNIA,857.3975903614457,857.3975903614457,857.4487346887807
2020,93721,6019.0,CALIFORNIA,906.6333333333332,906.6333333333332,1236.8433703719695
2018,93722,6019.0,CALIFORNIA,770.3383592625592,770.3383592625592,1154.0883909729705
2019,93722,6019.0,CALIFORNIA,819.4507876666217,819.4507876666217,857.4487346887807
2020,93722,6019.0,CALIFORNIA,888.0740182259227,888.0740182259227,1236.8433703719695
2018,93723,6019.0,CALIFORNIA,788.8830879071843,788.8830879071843,1154.0883909729705
2019,93723,6019.0,CALIFORNIA,862.303946263644,862.303946263644,857.4487346887807
2020,93723,6019.0,CALIFORNIA,952.70606902023,952.70606902023,1236.8433703719695
2018,93725,6019.0,CALIFORNIA,740.4611923509561,740.4611923509561,1154.0883909729705
2019,93725,6019.0,CALIFORNIA,785.5219920029081,785.5219920029081,857.4487346887807
2020,93725,6019.0,CALIFORNIA,855.888187872415,855.888187872415,1236.8433703719695
2018,93726,6019.0,CALIFORNIA,721.5392291136764,721.5392291136764,1154.0883909729705
2019,93726,6019.0,CALIFORNIA,759.1139579349905,759.1139579349905,857.4487346887807
2020,93726,6019.0,CALIFORNIA,813.4507462686568,813.4507462686568,1236.8433703719695
2018,93727,6019.0,CALIFORNIA,740.0150847064284,740.0150847064284,1154.0883909729705
2019,93727,6019.0,CALIFORNIA,776.2026529108327,776.2026529108327,857.4487346887807
2020,93727,6019.0,CALIFORNIA,840.7024589586416,840.7024589586416,1236.8433703719695
2018,93728,6019.0,CALIFORNIA,758.6722077922078,758.6722077922078,1154.0883909729705
2019,93728,6019.0,CALIFORNIA,786.8989494747374,786.8989494747374,857.4487346887807
2020,93728,6019.0,CALIFORNIA,845.7571428571429,845.7571428571429,1236.8433703719695
2018,93729,6019.0,CALIFORNIA,1429.0,1429.0,1154.0883909729705
2019,93729,6019.0,CALIFORNIA,1738.0,1738.0,857.4487346887807
2020,93729,6019.0,CALIFORNIA,2817.0,2817.0,1236.8433703719695
2018,93730,6019.0,CALIFORNIA,1041.972402140242,1041.972402140242,1154.0883909729705
2019,93730,6019.0,CALIFORNIA,1126.078672732138,1126.078672732138,857.4487346887807
2020,93730,6019.0,CALIFORNIA,1217.1409172431463,1217.1409172431463,1236.8433703719695
2018,93737,6019.0,CALIFORNIA,775.6846915460777,775.6846915460777,1154.0883909729705
2019,93737,6019.0,CALIFORNIA,843.6357938718663,843.6357938718663,857.4487346887807
2020,93737,6019.0,CALIFORNIA,928.2622846202936,928.2622846202936,1236.8433703719695
2018,93750,6019.0,CALIFORNIA,1061.0,1061.0,1154.0883909729705
2019,93750,6019.0,CALIFORNIA,1245.0,1245.0,857.4487346887807
2020,93750,6019.0,CALIFORNIA,950.0,950.0,1236.8433703719695
2018,93760,6019.0,CALIFORNIA,1222.0,1222.0,1154.0883909729705
2019,93760,6019.0,CALIFORNIA,1189.0,1189.0,857.4487346887807
2020,93760,6019.0,CALIFORNIA,1205.0,1205.0,1236.8433703719695
2019,93792,6019.0,CALIFORNIA,779.0,779.0,857.4487346887807
2020,93792,6019.0,CALIFORNIA,933.0,933.0,1236.8433703719695
2018,93901,6053.0,CALIFORNIA,890.4964980544747,890.4964980544747,1083.494529932765
2019,93901,6053.0,CALIFORNIA,937.4902564102564,937.4902564102564,1134.592242032275
2020,93901,6053.0,CALIFORNIA,1021.5441063666582,1021.5441063666582,1273.9126004590923
2018,93902,6053.0,CALIFORNIA,360.0,571.7662565339767,1083.494529932765
2018,93905,6053.0,CALIFORNIA,703.1612964366944,703.1612964366944,1083.494529932765
2019,93905,6053.0,CALIFORNIA,744.7390416047548,744.7390416047548,1134.592242032275
2020,93905,6053.0,CALIFORNIA,813.3095411507647,813.3095411507647,1273.9126004590923
2018,93906,6053.0,CALIFORNIA,771.2091543262759,771.2091543262759,1083.494529932765
2019,93906,6053.0,CALIFORNIA,815.4307562620423,815.4307562620423,1134.592242032275
2020,93906,6053.0,CALIFORNIA,886.3214200047973,886.3214200047973,1273.9126004590923
2018,93907,6053.0,CALIFORNIA,1003.4452375641312,1003.4452375641312,1083.494529932765
2019,93907,6053.0,CALIFORNIA,1076.673076923077,1076.673076923077,1134.592242032275
2020,93907,6053.0,CALIFORNIA,1204.068296981714,1204.068296981714,1273.9126004590923
2018,93908,6053.0,CALIFORNIA,1438.788085106383,1438.788085106383,1083.494529932765
2019,93908,6053.0,CALIFORNIA,1565.7118549511854,1565.7118549511854,1134.592242032275
2020,93908,6053.0,CALIFORNIA,1726.1279196089083,1726.1279196089083,1273.9126004590923
2018,93920,6053.0,CALIFORNIA,3931.623188405797,3931.623188405797,1083.494529932765
2019,93920,6053.0,CALIFORNIA,4242.45390070922,4242.45390070922,1134.592242032275
2020,93920,6053.0,CALIFORNIA,4666.791666666667,4666.791666666667,1273.9126004590923
2018,93921,6053.0,CALIFORNIA,1578.408108108108,1578.408108108108,1083.494529932765
2019,93921,6053.0,CALIFORNIA,1761.4202127659576,1761.4202127659576,1134.592242032275
2020,93921,6053.0,CALIFORNIA,2017.3963254593175,2017.3963254593175,1273.9126004590923
2018,93922,6053.0,CALIFORNIA,3667.5,3667.5,1083.494529932765
2019,93922,6053.0,CALIFORNIA,2494.6666666666665,2494.6666666666665,1134.592242032275
2020,93922,6053.0,CALIFORNIA,3410.5,3410.5,1273.9126004590923
2018,93923,6053.0,CALIFORNIA,2143.098168154063,2143.098168154063,1083.494529932765
2019,93923,6053.0,CALIFORNIA,2323.2462703695205,2323.2462703695205,1134.592242032275
2020,93923,6053.0,CALIFORNIA,2732.1183310533515,2732.1183310533515,1273.9126004590923
2018,93924,6053.0,CALIFORNIA,1786.7453482190324,1786.7453482190324,1083.494529932765
2019,93924,6053.0,CALIFORNIA,1971.399580492921,1971.399580492921,1134.592242032275
2020,93924,6053.0,CALIFORNIA,2223.528528528529,2223.528528528529,1273.9126004590923
2018,93925,6053.0,CALIFORNIA,927.9934210526316,927.9934210526316,1083.494529932765
2019,93925,6053.0,CALIFORNIA,1020.4407894736842,1020.4407894736842,1134.592242032275
2020,93925,6053.0,CALIFORNIA,1249.132075471698,1249.132075471698,1273.9126004590923
2018,93926,6053.0,CALIFORNIA,712.6297250859106,712.6297250859106,1083.494529932765
2019,93926,6053.0,CALIFORNIA,756.1150895140665,756.1150895140665,1134.592242032275
2020,93926,6053.0,CALIFORNIA,868.2835183603758,868.2835183603758,1273.9126004590923
2018,93927,6053.0,CALIFORNIA,673.8693994280267,673.8693994280267,1083.494529932765
2019,93927,6053.0,CALIFORNIA,709.9358736059479,709.9358736059479,1134.592242032275
2020,93927,6053.0,CALIFORNIA,801.3973048327138,801.3973048327138,1273.9126004590923
2018,93928,6053.0,CALIFORNIA,1195.3333333333333,1195.3333333333333,1083.494529932765
2019,93928,6053.0,CALIFORNIA,1581.25,1581.25,1134.592242032275
2020,93928,6053.0,CALIFORNIA,2033.4,2033.4,1273.9126004590923
2018,93930,6053.0,CALIFORNIA,713.0982495765104,713.0982495765104,1083.494529932765
2019,93930,6053.0,CALIFORNIA,760.626011872639,760.626011872639,1134.592242032275
2020,93930,6053.0,CALIFORNIA,867.1201671891328,867.1201671891328,1273.9126004590923
2018,93932,6053.0,CALIFORNIA,1188.1142857142856,1188.1142857142856,1083.494529932765
2019,93932,6053.0,CALIFORNIA,1231.3698630136987,1231.3698630136987,1134.592242032275
2020,93932,6053.0,CALIFORNIA,1376.7083333333333,1376.7083333333333,1273.9126004590923
2018,93933,6053.0,CALIFORNIA,742.1582297665959,742.1582297665959,1083.494529932765
2019,93933,6053.0,CALIFORNIA,783.8514237383705,783.8514237383705,1134.592242032275
2020,93933,6053.0,CALIFORNIA,867.8105917319643,867.8105917319643,1273.9126004590923
2018,93940,6053.0,CALIFORNIA,1259.3296024700887,1259.3296024700887,1083.494529932765
2019,93940,6053.0,CALIFORNIA,1369.2737599394168,1369.2737599394168,1134.592242032275
2020,93940,6053.0,CALIFORNIA,1529.9450927874498,1529.9450927874498,1273.9126004590923
2018,93950,6053.0,CALIFORNIA,950.6988057092922,950.6988057092922,1083.494529932765
2019,93950,6053.0,CALIFORNIA,1038.2510760401722,1038.2510760401722,1134.592242032275
2020,93950,6053.0,CALIFORNIA,1134.2007330138144,1134.2007330138144,1273.9126004590923
2018,93953,6053.0,CALIFORNIA,2805.132359868111,2805.132359868111,1083.494529932765
2019,93953,6053.0,CALIFORNIA,2867.0758057194735,2867.0758057194735,1134.592242032275
2020,93953,6053.0,CALIFORNIA,3687.846785225718,3687.846785225718,1273.9126004590923
2018,93954,6053.0,CALIFORNIA,792.8571428571429,792.8571428571429,1083.494529932765
2019,93954,6053.0,CALIFORNIA,920.2727272727273,920.2727272727273,1134.592242032275
2020,93954,6053.0,CALIFORNIA,999.0,999.0,1273.9126004590923
2018,93955,6053.0,CALIFORNIA,752.3232448523939,752.3232448523939,1083.494529932765
2019,93955,6053.0,CALIFORNIA,792.629711751663,792.629711751663,1134.592242032275
2020,93955,6053.0,CALIFORNIA,869.0348466257668,869.0348466257668,1273.9126004590923
2018,93960,6053.0,CALIFORNIA,685.2910479422995,685.2910479422995,1083.494529932765
2019,93960,6053.0,CALIFORNIA,727.4564,727.4564,1134.592242032275
2020,93960,6053.0,CALIFORNIA,805.174301242236,805.174301242236,1273.9126004590923
2018,93962,6053.0,CALIFORNIA,933.1805555555557,933.1805555555557,1083.494529932765
2019,93962,6053.0,CALIFORNIA,986.96875,986.96875,1134.592242032275
2020,93962,6053.0,CALIFORNIA,1065.529411764706,1065.529411764706,1273.9126004590923
2018,94002,6081.0,CALIFORNIA,1114.708641126954,1114.708641126954,1356.52786410473
2019,94002,6081.0,CALIFORNIA,1209.769375534645,1209.769375534645,1304.9996939069015
2020,94002,6081.0,CALIFORNIA,1337.1352549889136,1337.1352549889136,1331.6480846298432
2018,94005,6081.0,CALIFORNIA,1066.4870931537598,1066.4870931537598,1356.52786410473
2019,94005,6081.0,CALIFORNIA,1164.7713651498336,1164.7713651498336,1304.9996939069015
2020,94005,6081.0,CALIFORNIA,1269.112676056338,1269.112676056338,1331.6480846298432
2018,94010,6081.0,CALIFORNIA,2178.7460801393727,2178.7460801393727,1356.52786410473
2019,94010,6081.0,CALIFORNIA,2356.630369415808,2356.630369415808,1304.9996939069015
2020,94010,6081.0,CALIFORNIA,2666.6203962954987,2666.6203962954987,1331.6480846298432
2018,94014,6081.0,CALIFORNIA,888.5594035594036,888.5594035594036,1356.52786410473
2019,94014,6081.0,CALIFORNIA,946.624178290845,946.624178290845,1304.9996939069015
2020,94014,6081.0,CALIFORNIA,1039.286147462496,1039.286147462496,1331.6480846298432
2018,94015,6081.0,CALIFORNIA,875.7592024539878,875.7592024539878,1356.52786410473
2019,94015,6081.0,CALIFORNIA,940.2630072574876,940.2630072574876,1304.9996939069015
2020,94015,6081.0,CALIFORNIA,1015.1648306813546,1015.1648306813546,1331.6480846298432
2018,94017,6081.0,CALIFORNIA,861.0,861.0,1356.52786410473
2019,94017,6081.0,CALIFORNIA,1564.0,1564.0,1304.9996939069015
2020,94017,6081.0,CALIFORNIA,1773.0,1773.0,1331.6480846298432
2018,94018,6081.0,CALIFORNIA,1144.1853997682504,1144.1853997682504,1356.52786410473
2019,94018,6081.0,CALIFORNIA,1246.0911161731208,1246.0911161731208,1304.9996939069015
2020,94018,6081.0,CALIFORNIA,1389.589247311828,1389.589247311828,1331.6480846298432
2018,94019,6081.0,CALIFORNIA,1226.655444964871,1226.655444964871,1356.52786410473
2019,94019,6081.0,CALIFORNIA,1334.8846929950994,1334.8846929950994,1304.9996939069015
2020,94019,6081.0,CALIFORNIA,1441.1571223021583,1441.1571223021583,1331.6480846298432
2018,94020,6081.0,CALIFORNIA,1480.2780487804878,1480.2780487804878,1356.52786410473
2019,94020,6081.0,CALIFORNIA,1590.116504854369,1590.116504854369,1304.9996939069015
2020,94020,6081.0,CALIFORNIA,1838.2048192771083,1838.2048192771083,1331.6480846298432
2018,94021,6081.0,CALIFORNIA,1490.04,1490.04,1356.52786410473
2019,94021,6081.0,CALIFORNIA,1698.7058823529412,1698.7058823529412,1304.9996939069015
2020,94021,6081.0,CALIFORNIA,1832.6909090909091,1832.6909090909091,1331.6480846298432
2018,94022,6085.0,CALIFORNIA,2189.7547653958945,2189.7547653958945,1154.1746106965975
2019,94022,6085.0,CALIFORNIA,2342.2256950754136,2342.2256950754136,1220.7236294250579
2020,94022,6085.0,CALIFORNIA,2656.785727322504,2656.785727322504,1244.2814963886892
2018,94024,6085.0,CALIFORNIA,1571.2066259808196,1571.2066259808196,1154.1746106965975
2019,94024,6085.0,CALIFORNIA,1702.2825743427668,1702.2825743427668,1220.7236294250579
2020,94024,6085.0,CALIFORNIA,1879.7255579553637,1879.7255579553637,1244.2814963886892
2018,94025,6081.0,CALIFORNIA,1436.4237927259458,1436.4237927259458,1356.52786410473
2019,94025,6081.0,CALIFORNIA,1556.837267825045,1556.837267825045,1304.9996939069015
2020,94025,6081.0,CALIFORNIA,1766.968787805468,1766.968787805468,1331.6480846298432
2018,94026,6081.0,CALIFORNIA,1241.0,1241.0,1356.52786410473
2018,94027,6081.0,CALIFORNIA,4984.442758620689,4984.442758620689,1356.52786410473
2019,94027,6081.0,CALIFORNIA,5073.0577181208055,5073.0577181208055,1304.9996939069015
2020,94027,6081.0,CALIFORNIA,6204.227188940092,5190.254651625734,1331.6480846298432
2018,94028,6081.0,CALIFORNIA,2931.2106754841757,2931.2106754841757,1356.52786410473
2019,94028,6081.0,CALIFORNIA,3171.2551984877127,3171.2551984877127,1304.9996939069015
2020,94028,6081.0,CALIFORNIA,3671.841232227488,3671.841232227488,1331.6480846298432
2018,94030,6081.0,CALIFORNIA,1074.7147388454218,1074.7147388454218,1356.52786410473
2019,94030,6081.0,CALIFORNIA,1154.3855243722303,1154.3855243722303,1304.9996939069015
2020,94030,6081.0,CALIFORNIA,1272.8815397703106,1272.8815397703106,1331.6480846298432
2018,94035,6085.0,CALIFORNIA,602.0,602.0,1154.1746106965975
2019,94035,6085.0,CALIFORNIA,684.0,684.0,1220.7236294250579
2020,94035,6085.0,CALIFORNIA,747.0,747.0,1244.2814963886892
2018,94037,6081.0,CALIFORNIA,1230.1941176470589,1230.1941176470589,1356.52786410473
2019,94037,6081.0,CALIFORNIA,1344.0034602076123,1344.0034602076123,1304.9996939069015
2020,94037,6081.0,CALIFORNIA,1499.0954446854664,1499.0954446854664,1331.6480846298432
2018,94038,6081.0,CALIFORNIA,1212.0733427362482,1212.0733427362482,1356.52786410473
2019,94038,6081.0,CALIFORNIA,1295.060055865922,1295.060055865922,1304.9996939069015
2020,94038,6081.0,CALIFORNIA,1406.2240896358544,1406.2240896358544,1331.6480846298432
2018,94040,6085.0,CALIFORNIA,987.958602536492,987.958602536492,1154.1746106965975
2019,94040,6085.0,CALIFORNIA,1058.7415971394516,1058.7415971394516,1220.7236294250579
2020,94040,6085.0,CALIFORNIA,1163.5308788598577,1163.5308788598577,1244.2814963886892
2018,94041,6085.0,CALIFORNIA,924.737780713342,924.737780713342,1154.1746106965975
2019,94041,6085.0,CALIFORNIA,984.8861842105264,984.8861842105264,1220.7236294250579
2020,94041,6085.0,CALIFORNIA,1081.694646397885,1081.694646397885,1244.2814963886892
2018,94043,6085.0,CALIFORNIA,757.0832996360696,757.0832996360696,1154.1746106965975
2019,94043,6085.0,CALIFORNIA,800.4586760673717,800.4586760673717,1220.7236294250579
2020,94043,6085.0,CALIFORNIA,870.3085313595637,870.3085313595637,1244.2814963886892
2018,94044,6081.0,CALIFORNIA,952.1405268378708,952.1405268378708,1356.52786410473
2019,94044,6081.0,CALIFORNIA,1022.9610574813514,1022.9610574813514,1304.9996939069015
2020,94044,6081.0,CALIFORNIA,1117.1888426128892,1117.1888426128892,1331.6480846298432
2018,94060,6081.0,CALIFORNIA,1839.0264317180615,1839.0264317180615,1356.52786410473
2019,94060,6081.0,CALIFORNIA,2156.1589958158997,2156.1589958158997,1304.9996939069015
2020,94060,6081.0,CALIFORNIA,2135.6459143968873,2135.6459143968873,1331.6480846298432
2018,94061,6081.0,CALIFORNIA,1033.4292954062448,1033.4292954062448,1356.52786410473
2019,94061,6081.0,CALIFORNIA,1115.541999673789,1115.541999673789,1304.9996939069015
2020,94061,6081.0,CALIFORNIA,1234.1669918699188,1234.1669918699188,1331.6480846298432
2018,94062,6081.0,CALIFORNIA,2173.193286410395,2173.193286410395,1356.52786410473
2019,94062,6081.0,CALIFORNIA,2339.5627095908785,2339.5627095908785,1304.9996939069015
2020,94062,6081.0,CALIFORNIA,2685.1351023706898,2685.1351023706898,1331.6480846298432
2018,94063,6081.0,CALIFORNIA,816.2982311805841,816.2982311805841,1356.52786410473
2019,94063,6081.0,CALIFORNIA,872.0365053322396,872.0365053322396,1304.9996939069015
2020,94063,6081.0,CALIFORNIA,942.3707679603632,942.3707679603632,1331.6480846298432
2018,94065,6081.0,CALIFORNIA,1094.4893284747527,1094.4893284747527,1356.52786410473
2019,94065,6081.0,CALIFORNIA,1189.5279630579785,1189.5279630579785,1304.9996939069015
2020,94065,6081.0,CALIFORNIA,1286.3005690636317,1286.3005690636317,1331.6480846298432
2018,94066,6081.0,CALIFORNIA,939.853460682978,939.853460682978,1356.52786410473
2019,94066,6081.0,CALIFORNIA,1005.0522125048948,1005.0522125048948,1304.9996939069015
2020,94066,6081.0,CALIFORNIA,1103.2351636885353,1103.2351636885353,1331.6480846298432
2018,94070,6081.0,CALIFORNIA,1177.6731276371308,1177.6731276371308,1356.52786410473
2019,94070,6081.0,CALIFORNIA,1279.546062115057,1279.546062115057,1304.9996939069015
2020,94070,6081.0,CALIFORNIA,1420.0765801206398,1420.0765801206398,1331.6480846298432
2018,94074,6081.0,CALIFORNIA,2319.688888888889,2319.688888888889,1356.52786410473
2019,94074,6081.0,CALIFORNIA,2420.340425531915,2420.340425531915,1304.9996939069015
2020,94074,6081.0,CALIFORNIA,2756.8125,2756.8125,1331.6480846298432
2018,94080,6081.0,CALIFORNIA,902.455015026296,902.455015026296,1356.52786410473
2019,94080,6081.0,CALIFORNIA,968.5529807512614,968.5529807512614,1304.9996939069015
2020,94080,6081.0,CALIFORNIA,1066.0813834250023,1066.0813834250023,1331.6480846298432
2018,94083,6081.0,CALIFORNIA,690.0,690.0,1356.52786410473
2018,94085,6085.0,CALIFORNIA,658.1240793201133,658.1240793201133,1154.1746106965975
2019,94085,6085.0,CALIFORNIA,701.7596259625963,701.7596259625963,1220.7236294250579
2020,94085,6085.0,CALIFORNIA,765.0016260162602,765.0016260162602,1244.2814963886892
2018,94086,6085.0,CALIFORNIA,793.1921256454389,793.1921256454389,1154.1746106965975
2019,94086,6085.0,CALIFORNIA,839.0810055865921,839.0810055865921,1220.7236294250579
2020,94086,6085.0,CALIFORNIA,914.0519368102142,914.0519368102142,1244.2814963886892
2018,94087,6085.0,CALIFORNIA,869.2496827720839,869.2496827720839,1154.1746106965975
2019,94087,6085.0,CALIFORNIA,930.6764333690256,930.6764333690256,1220.7236294250579
2020,94087,6085.0,CALIFORNIA,1006.3010647650678,1006.3010647650678,1244.2814963886892
2019,94088,6085.0,CALIFORNIA,299.0,571.7662565339767,1220.7236294250579
2018,94089,6085.0,CALIFORNIA,654.7942617214835,654.7942617214835,1154.1746106965975
2019,94089,6085.0,CALIFORNIA,685.8643356643356,685.8643356643356,1220.7236294250579
2020,94089,6085.0,CALIFORNIA,750.1338971106413,750.1338971106413,1244.2814963886892
2018,94102,6075.0,CALIFORNIA,1906.6044776119404,1906.6044776119404,1442.3247806442766
2019,94102,6075.0,CALIFORNIA,2066.932835820895,2066.932835820895,1341.427790113874
2020,94102,6075.0,CALIFORNIA,2419.5597014925374,2419.5597014925374,1528.8579170370572
2018,94103,6075.0,CALIFORNIA,1905.6519607843136,1905.6519607843136,1442.3247806442766
2019,94103,6075.0,CALIFORNIA,2005.6782178217825,2005.6782178217825,1341.427790113874
2020,94103,6075.0,CALIFORNIA,2083.7562189054725,2083.7562189054725,1528.8579170370572
2018,94104,6075.0,CALIFORNIA,3934.3333333333335,3934.3333333333335,1442.3247806442766
2019,94104,6075.0,CALIFORNIA,4076.0,4076.0,1341.427790113874
2020,94104,6075.0,CALIFORNIA,2212.0,2212.0,1528.8579170370572
2018,94105,6075.0,CALIFORNIA,2321.0,2321.0,1442.3247806442766
2019,94105,6075.0,CALIFORNIA,3031.0,3031.0,1341.427790113874
2020,94105,6075.0,CALIFORNIA,2048.0,2048.0,1528.8579170370572
2018,94107,6075.0,CALIFORNIA,1533.710239651416,1533.710239651416,1442.3247806442766
2019,94107,6075.0,CALIFORNIA,1635.0320970042796,1635.0320970042796,1341.427790113874
2020,94107,6075.0,CALIFORNIA,1841.6002855103495,1841.6002855103495,1528.8579170370572
2018,94108,6075.0,CALIFORNIA,3235.1463414634145,3235.1463414634145,1442.3247806442766
2019,94108,6075.0,CALIFORNIA,3366.5348837209303,3366.5348837209303,1341.427790113874
2020,94108,6075.0,CALIFORNIA,3507.586956521739,3507.586956521739,1528.8579170370572
2018,94109,6075.0,CALIFORNIA,4177.755671902269,4177.755671902269,1442.3247806442766
2019,94109,6075.0,CALIFORNIA,4270.920338983051,4270.920338983051,1341.427790113874
2020,94109,6075.0,CALIFORNIA,5043.259197324414,5043.259197324414,1528.8579170370572
2018,94110,6075.0,CALIFORNIA,1459.711345381526,1459.711345381526,1442.3247806442766
2019,94110,6075.0,CALIFORNIA,1576.402056725825,1576.402056725825,1341.427790113874
2020,94110,6075.0,CALIFORNIA,1733.5633036597428,1733.5633036597428,1528.8579170370572
2018,94111,6075.0,CALIFORNIA,4624.2,4624.2,1442.3247806442766
2019,94111,6075.0,CALIFORNIA,4706.25,4706.25,1341.427790113874
2020,94111,6075.0,CALIFORNIA,6227.333333333333,5190.254651625734,1528.8579170370572
2018,94112,6075.0,CALIFORNIA,993.0876817138484,993.0876817138484,1442.3247806442766
2019,94112,6075.0,CALIFORNIA,1072.3198205050198,1072.3198205050198,1341.427790113874
2020,94112,6075.0,CALIFORNIA,1151.6916446124765,1151.6916446124765,1528.8579170370572
2018,94114,6075.0,CALIFORNIA,2027.256549678695,2027.256549678695,1442.3247806442766
2019,94114,6075.0,CALIFORNIA,2201.1067771818625,2201.1067771818625,1341.427790113874
2020,94114,6075.0,CALIFORNIA,2437.611151692233,2437.611151692233,1528.8579170370572
2018,94115,6075.0,CALIFORNIA,5340.996544574983,5190.254651625734,1442.3247806442766
2019,94115,6075.0,CALIFORNIA,5202.489714664897,5190.254651625734,1341.427790113874
2020,94115,6075.0,CALIFORNIA,6452.9414141414145,5190.254651625734,1528.8579170370572
2018,94116,6075.0,CALIFORNIA,1185.7092564491654,1185.7092564491654,1442.3247806442766
2019,94116,6075.0,CALIFORNIA,1283.4261306532662,1283.4261306532662,1341.427790113874
2020,94116,6075.0,CALIFORNIA,1376.16699980012,1376.16699980012,1528.8579170370572
2018,94117,6075.0,CALIFORNIA,2675.2568113017155,2675.2568113017155,1442.3247806442766
2019,94117,6075.0,CALIFORNIA,2919.3472429210133,2919.3472429210133,1341.427790113874
2020,94117,6075.0,CALIFORNIA,3257.682201289043,3257.682201289043,1528.8579170370572
2018,94118,6075.0,CALIFORNIA,2959.837940379404,2959.837940379404,1442.3247806442766
2019,94118,6075.0,CALIFORNIA,3100.029946524064,3100.029946524064,1341.427790113874
2020,94118,6075.0,CALIFORNIA,3616.0016034206305,3616.0016034206305,1528.8579170370572
2018,94119,6075.0,CALIFORNIA,3451.0,3451.0,1442.3247806442766
2019,94119,6075.0,CALIFORNIA,2051.0,2051.0,1341.427790113874
2020,94119,6075.0,CALIFORNIA,9238.0,5190.254651625734,1528.8579170370572
2018,94121,6075.0,CALIFORNIA,1802.705069961839,1802.705069961839,1442.3247806442766
2019,94121,6075.0,CALIFORNIA,1910.3929021797871,1910.3929021797871,1341.427790113874
2020,94121,6075.0,CALIFORNIA,2125.0928686904977,2125.0928686904977,1528.8579170370572
2018,94122,6075.0,CALIFORNIA,1260.7454809194376,1260.7454809194376,1442.3247806442766
2019,94122,6075.0,CALIFORNIA,1361.257250805645,1361.257250805645,1341.427790113874
2020,94122,6075.0,CALIFORNIA,1449.731629039398,1449.731629039398,1528.8579170370572
2018,94123,6075.0,CALIFORNIA,4141.801000555864,4141.801000555864,1442.3247806442766
2019,94123,6075.0,CALIFORNIA,4344.193249863909,4344.193249863909,1341.427790113874
2020,94123,6075.0,CALIFORNIA,5171.018232044199,5171.018232044199,1528.8579170370572
2018,94124,6075.0,CALIFORNIA,975.4909230375864,975.4909230375864,1442.3247806442766
2019,94124,6075.0,CALIFORNIA,1039.869191919192,1039.869191919192,1341.427790113874
2020,94124,6075.0,CALIFORNIA,1142.7555387714,1142.7555387714,1528.8579170370572
2018,94127,6075.0,CALIFORNIA,1567.8548145684351,1567.8548145684351,1442.3247806442766
2019,94127,6075.0,CALIFORNIA,1710.2615080019798,1710.2615080019798,1341.427790113874
2020,94127,6075.0,CALIFORNIA,1869.4163648337176,1869.4163648337176,1528.8579170370572
2020,94129,6075.0,CALIFORNIA,3899.0,3899.0,1528.8579170370572
2018,94130,6075.0,CALIFORNIA,333.0,571.7662565339767,1442.3247806442766
2019,94130,6075.0,CALIFORNIA,384.0,571.7662565339767,1341.427790113874
2018,94131,6075.0,CALIFORNIA,1413.6985046728971,1413.6985046728971,1442.3247806442766
2019,94131,6075.0,CALIFORNIA,1541.6854973143174,1541.6854973143174,1341.427790113874
2020,94131,6075.0,CALIFORNIA,1688.1416482707873,1688.1416482707873,1528.8579170370572
2018,94132,6075.0,CALIFORNIA,1123.82282202031,1123.82282202031,1442.3247806442766
2019,94132,6075.0,CALIFORNIA,1214.4254128929142,1214.4254128929142,1341.427790113874
2020,94132,6075.0,CALIFORNIA,1316.2948990435707,1316.2948990435707,1528.8579170370572
2018,94133,6075.0,CALIFORNIA,3201.5622895622896,3201.5622895622896,1442.3247806442766
2019,94133,6075.0,CALIFORNIA,3433.0065681444994,3433.0065681444994,1341.427790113874
2020,94133,6075.0,CALIFORNIA,3748.899671052632,3748.899671052632,1528.8579170370572
2018,94134,6075.0,CALIFORNIA,911.8634419216849,911.8634419216849,1442.3247806442766
2019,94134,6075.0,CALIFORNIA,979.3502686858818,979.3502686858818,1341.427790113874
2020,94134,6075.0,CALIFORNIA,1072.5085788280996,1072.5085788280996,1528.8579170370572
2018,94146,6075.0,CALIFORNIA,3633.0,3633.0,1442.3247806442766
2019,94146,6075.0,CALIFORNIA,4092.0,4092.0,1341.427790113874
2020,94146,6075.0,CALIFORNIA,5746.0,5190.254651625734,1528.8579170370572
2018,94158,6075.0,CALIFORNIA,715.0,715.0,1442.3247806442766
2019,94158,6075.0,CALIFORNIA,704.75,704.75,1341.427790113874
2020,94158,6075.0,CALIFORNIA,472.8,571.7662565339767,1528.8579170370572
2018,94188,6075.0,CALIFORNIA,6274.0,5190.254651625734,1442.3247806442766
2019,94188,6075.0,CALIFORNIA,6536.0,5190.254651625734,1341.427790113874
2020,94188,6075.0,CALIFORNIA,2637.0,2637.0,1528.8579170370572
2018,94301,6085.0,CALIFORNIA,1927.9649228908377,1927.9649228908377,1154.1746106965975
2019,94301,6085.0,CALIFORNIA,2124.502085816448,2124.502085816448,1220.7236294250579
2020,94301,6085.0,CALIFORNIA,2438.5028519963976,2438.5028519963976,1244.2814963886892
2020,94302,6085.0,CALIFORNIA,6666.0,5190.254651625734,1244.2814963886892
2018,94303,6081.0,CALIFORNIA,968.5386135603528,968.5386135603528,1356.52786410473
2019,94303,6081.0,CALIFORNIA,1043.1813747904282,1043.1813747904282,1304.9996939069015
2020,94303,6081.0,CALIFORNIA,1146.872858017136,1146.872858017136,1331.6480846298432
2018,94304,6085.0,CALIFORNIA,3341.634328358209,3341.634328358209,1154.1746106965975
2019,94304,6085.0,CALIFORNIA,2342.8447204968943,2342.8447204968943,1220.7236294250579
2020,94304,6085.0,CALIFORNIA,3033.343195266272,3033.343195266272,1244.2814963886892
2018,94305,6085.0,CALIFORNIA,1925.3791469194312,1925.3791469194312,1154.1746106965975
2019,94305,6085.0,CALIFORNIA,1988.4222919937208,1988.4222919937208,1220.7236294250579
2020,94305,6085.0,CALIFORNIA,2299.796267496112,2299.796267496112,1244.2814963886892
2018,94306,6085.0,CALIFORNIA,1091.1242722344912,1091.1242722344912,1154.1746106965975
2019,94306,6085.0,CALIFORNIA,1184.1686939182453,1184.1686939182453,1220.7236294250579
2020,94306,6085.0,CALIFORNIA,1317.9977907210284,1317.9977907210284,1244.2814963886892
2018,94401,6081.0,CALIFORNIA,871.7360695026962,871.7360695026962,1356.52786410473
2019,94401,6081.0,CALIFORNIA,943.8263868065968,943.8263868065968,1304.9996939069015
2020,94401,6081.0,CALIFORNIA,1037.867291414752,1037.867291414752,1331.6480846298432
2018,94402,6081.0,CALIFORNIA,1309.5610100653364,1309.5610100653364,1356.52786410473
2019,94402,6081.0,CALIFORNIA,1427.254468980021,1427.254468980021,1304.9996939069015
2020,94402,6081.0,CALIFORNIA,1587.5140056022408,1587.5140056022408,1331.6480846298432
2018,94403,6081.0,CALIFORNIA,969.4849132176234,969.4849132176234,1356.52786410473
2019,94403,6081.0,CALIFORNIA,1047.7911476278823,1047.7911476278823,1304.9996939069015
2020,94403,6081.0,CALIFORNIA,1157.692940552017,1157.692940552017,1331.6480846298432
2018,94404,6081.0,CALIFORNIA,1007.2752620545074,1007.2752620545074,1356.52786410473
2019,94404,6081.0,CALIFORNIA,1091.2153330540427,1091.2153330540427,1304.9996939069015
2020,94404,6081.0,CALIFORNIA,1178.4394637620444,1178.4394637620444,1331.6480846298432
2018,94501,6001.0,CALIFORNIA,1161.234977788169,1161.234977788169,1209.4521849173898
2019,94501,6001.0,CALIFORNIA,1251.6072005538888,1251.6072005538888,1192.6756910482884
2020,94501,6001.0,CALIFORNIA,1416.6345664739883,1416.6345664739883,1304.8949407924633
2018,94502,6001.0,CALIFORNIA,1054.7593695271453,1054.7593695271453,1209.4521849173898
2019,94502,6001.0,CALIFORNIA,1115.9267702936097,1115.9267702936097,1192.6756910482884
2020,94502,6001.0,CALIFORNIA,1266.4476484723652,1266.4476484723652,1304.8949407924633
2018,94503,6055.0,CALIFORNIA,915.321789686552,915.321789686552,1059.4087783698315
2019,94503,6055.0,CALIFORNIA,988.3946455131384,988.3946455131384,1099.6047098218633
2020,94503,6055.0,CALIFORNIA,1114.930748597903,1114.930748597903,1069.9953214255868
2018,94505,6013.0,CALIFORNIA,1068.7473224043715,1068.7473224043715,1166.5731123672606
2019,94505,6013.0,CALIFORNIA,1138.0417798203468,1138.0417798203468,1121.9164849853344
2020,94505,6013.0,CALIFORNIA,1291.5887585928022,1291.5887585928022,1236.8663176909788
2018,94506,6013.0,CALIFORNIA,1738.0841135608578,1738.0841135608578,1166.5731123672606
2019,94506,6013.0,CALIFORNIA,1861.938566552901,1861.938566552901,1121.9164849853344
2020,94506,6013.0,CALIFORNIA,2086.414139941691,2086.414139941691,1236.8663176909788
2018,94507,6013.0,CALIFORNIA,2040.0359110385637,2040.0359110385637,1166.5731123672606
2019,94507,6013.0,CALIFORNIA,2211.8248145921025,2211.8248145921025,1121.9164849853344
2020,94507,6013.0,CALIFORNIA,2558.534568639171,2558.534568639171,1236.8663176909788
2018,94508,6055.0,CALIFORNIA,1860.5174418604652,1860.5174418604652,1059.4087783698315
2019,94508,6055.0,CALIFORNIA,2081.8320463320465,2081.8320463320465,1099.6047098218633
2020,94508,6055.0,CALIFORNIA,2620.7158273381297,2620.7158273381297,1069.9953214255868
2018,94509,6013.0,CALIFORNIA,869.106665538826,869.106665538826,1166.5731123672606
2019,94509,6013.0,CALIFORNIA,921.4809332664324,921.4809332664324,1121.9164849853344
2020,94509,6013.0,CALIFORNIA,1036.9654802213229,1036.9654802213229,1236.8663176909788
2018,94510,6095.0,CALIFORNIA,972.3948189762796,972.3948189762796,1062.9884897141392
2019,94510,6095.0,CALIFORNIA,1048.7724042027194,1048.7724042027194,1107.5652756255395
2020,94510,6095.0,CALIFORNIA,1186.9619047619049,1186.9619047619049,1159.8392329057342
2018,94511,6013.0,CALIFORNIA,1028.2902494331065,1028.2902494331065,1166.5731123672606
2019,94511,6013.0,CALIFORNIA,1081.1076923076923,1081.1076923076923,1121.9164849853344
2020,94511,6013.0,CALIFORNIA,1258.4735729386891,1258.4735729386891,1236.8663176909788
2018,94512,6095.0,CALIFORNIA,1299.0,1299.0,1062.9884897141392
2019,94512,6095.0,CALIFORNIA,1391.0,1391.0,1107.5652756255395
2020,94512,6095.0,CALIFORNIA,1268.5555555555557,1268.5555555555557,1159.8392329057342
2018,94513,6013.0,CALIFORNIA,980.5206868149274,980.5206868149274,1166.5731123672606
2019,94513,6013.0,CALIFORNIA,1053.0231249235287,1053.0231249235287,1121.9164849853344
2020,94513,6013.0,CALIFORNIA,1188.1041058339788,1188.1041058339788,1236.8663176909788
2018,94514,6013.0,CALIFORNIA,1247.6330049261085,1247.6330049261085,1166.5731123672606
2019,94514,6013.0,CALIFORNIA,1327.6910569105692,1327.6910569105692,1121.9164849853344
2020,94514,6013.0,CALIFORNIA,1476.174041297935,1476.174041297935,1236.8663176909788
2018,94515,6055.0,CALIFORNIA,1741.2199675324675,1741.2199675324675,1059.4087783698315
2019,94515,6055.0,CALIFORNIA,1930.5835987261144,1930.5835987261144,1099.6047098218633
2020,94515,6055.0,CALIFORNIA,2398.8224852071007,2398.8224852071007,1069.9953214255868
2018,94516,6013.0,CALIFORNIA,1397.7916666666667,1397.7916666666667,1166.5731123672606
2019,94516,6013.0,CALIFORNIA,1464.7777777777778,1464.7777777777778,1121.9164849853344
2020,94516,6013.0,CALIFORNIA,1538.3793103448277,1538.3793103448277,1236.8663176909788
2018,94517,6013.0,CALIFORNIA,1222.0404243119267,1222.0404243119267,1166.5731123672606
2019,94517,6013.0,CALIFORNIA,1308.5298106809832,1308.5298106809832,1121.9164849853344
2020,94517,6013.0,CALIFORNIA,1487.6821834303132,1487.6821834303132,1236.8663176909788
2018,94518,6013.0,CALIFORNIA,937.6695791726106,937.6695791726106,1166.5731123672606
2019,94518,6013.0,CALIFORNIA,1002.9064544650752,1002.9064544650752,1121.9164849853344
2020,94518,6013.0,CALIFORNIA,1125.6614283219835,1125.6614283219835,1236.8663176909788
2018,94519,6013.0,CALIFORNIA,799.0284370801612,799.0284370801612,1166.5731123672606
2019,94519,6013.0,CALIFORNIA,842.76685891748,842.76685891748,1121.9164849853344
2020,94519,6013.0,CALIFORNIA,946.3629580864604,946.3629580864604,1236.8663176909788
2018,94520,6013.0,CALIFORNIA,749.6778900112233,749.6778900112233,1166.5731123672606
2019,94520,6013.0,CALIFORNIA,786.8976551724138,786.8976551724138,1121.9164849853344
2020,94520,6013.0,CALIFORNIA,880.6418732782369,880.6418732782369,1236.8663176909788
2018,94521,6013.0,CALIFORNIA,937.0090749716408,937.0090749716408,1166.5731123672606
2019,94521,6013.0,CALIFORNIA,995.0417177914112,995.0417177914112,1121.9164849853344
2020,94521,6013.0,CALIFORNIA,1129.1519012944984,1129.1519012944984,1236.8663176909788
2018,94522,6013.0,CALIFORNIA,844.6666666666666,844.6666666666666,1166.5731123672606
2019,94522,6013.0,CALIFORNIA,756.0,756.0,1121.9164849853344
2020,94522,6013.0,CALIFORNIA,1010.75,1010.75,1236.8663176909788
2018,94523,6013.0,CALIFORNIA,906.1727333781062,906.1727333781062,1166.5731123672606
2019,94523,6013.0,CALIFORNIA,971.7308965699908,971.7308965699908,1121.9164849853344
2020,94523,6013.0,CALIFORNIA,1110.964243614931,1110.964243614931,1236.8663176909788
2018,94525,6013.0,CALIFORNIA,1022.309067688378,1022.309067688378,1166.5731123672606
2019,94525,6013.0,CALIFORNIA,1086.0814536340852,1086.0814536340852,1121.9164849853344
2020,94525,6013.0,CALIFORNIA,1240.69875,1240.69875,1236.8663176909788
2018,94526,6013.0,CALIFORNIA,1372.5783540022549,1372.5783540022549,1166.5731123672606
2019,94526,6013.0,CALIFORNIA,1486.7137281141966,1486.7137281141966,1121.9164849853344
2020,94526,6013.0,CALIFORNIA,1693.6936086097078,1693.6936086097078,1236.8663176909788
2018,94528,6013.0,CALIFORNIA,3068.5061728395062,3068.5061728395062,1166.5731123672606
2019,94528,6013.0,CALIFORNIA,3365.373493975904,3365.373493975904,1121.9164849853344
2020,94528,6013.0,CALIFORNIA,3780.051724137931,3780.051724137931,1236.8663176909788
2018,94530,6013.0,CALIFORNIA,1109.869985262813,1109.869985262813,1166.5731123672606
2019,94530,6013.0,CALIFORNIA,1192.109265591923,1192.109265591923,1121.9164849853344
2020,94530,6013.0,CALIFORNIA,1306.3500562791446,1306.3500562791446,1236.8663176909788
2018,94531,6013.0,CALIFORNIA,1024.5356981473117,1024.5356981473117,1166.5731123672606
2019,94531,6013.0,CALIFORNIA,1089.2294774058116,1089.2294774058116,1121.9164849853344
2020,94531,6013.0,CALIFORNIA,1224.2819029251043,1224.2819029251043,1236.8663176909788
2018,94533,6095.0,CALIFORNIA,835.1945752801689,835.1945752801689,1062.9884897141392
2019,94533,6095.0,CALIFORNIA,885.2416330405887,885.2416330405887,1107.5652756255395
2020,94533,6095.0,CALIFORNIA,986.6397275822928,986.6397275822928,1159.8392329057342
2018,94534,6095.0,CALIFORNIA,1052.7763883418668,1052.7763883418668,1062.9884897141392
2019,94534,6095.0,CALIFORNIA,1130.9161265726268,1130.9161265726268,1107.5652756255395
2020,94534,6095.0,CALIFORNIA,1286.5580922451245,1286.5580922451245,1159.8392329057342
2018,94535,6095.0,CALIFORNIA,982.2,982.2,1062.9884897141392
2019,94535,6095.0,CALIFORNIA,1034.6,1034.6,1107.5652756255395
2020,94535,6095.0,CALIFORNIA,1037.0,1037.0,1159.8392329057342
2018,94536,6001.0,CALIFORNIA,879.0245170233042,879.0245170233042,1209.4521849173898
2019,94536,6001.0,CALIFORNIA,934.8917241379312,934.8917241379312,1192.6756910482884
2020,94536,6001.0,CALIFORNIA,1033.639941313541,1033.639941313541,1304.8949407924633
2018,94537,6001.0,CALIFORNIA,707.5,707.5,1209.4521849173898
2019,94537,6001.0,CALIFORNIA,946.0,946.0,1192.6756910482884
2020,94537,6001.0,CALIFORNIA,648.0,648.0,1304.8949407924633
2018,94538,6001.0,CALIFORNIA,754.9174196787149,754.9174196787149,1209.4521849173898
2019,94538,6001.0,CALIFORNIA,793.1798409147402,793.1798409147402,1192.6756910482884
2020,94538,6001.0,CALIFORNIA,875.6837116487902,875.6837116487902,1304.8949407924633
2018,94539,6001.0,CALIFORNIA,1089.0928062436376,1089.0928062436376,1209.4521849173898
2019,94539,6001.0,CALIFORNIA,1166.2902039451687,1166.2902039451687,1192.6756910482884
2020,94539,6001.0,CALIFORNIA,1275.7110408519843,1275.7110408519843,1304.8949407924633
2018,94541,6001.0,CALIFORNIA,898.0272787757817,898.0272787757817,1209.4521849173898
2019,94541,6001.0,CALIFORNIA,957.0791528788882,957.0791528788882,1192.6756910482884
2020,94541,6001.0,CALIFORNIA,1073.895718413449,1073.895718413449,1304.8949407924633
2018,94542,6001.0,CALIFORNIA,1254.1817606079796,1254.1817606079796,1209.4521849173898
2019,94542,6001.0,CALIFORNIA,1357.0829450139795,1357.0829450139795,1192.6756910482884
2020,94542,6001.0,CALIFORNIA,1540.3675937122127,1540.3675937122127,1304.8949407924633
2018,94544,6001.0,CALIFORNIA,820.2819290465632,820.2819290465632,1209.4521849173898
2019,94544,6001.0,CALIFORNIA,869.7575128401268,869.7575128401268,1192.6756910482884
2020,94544,6001.0,CALIFORNIA,983.1051553062986,983.1051553062986,1304.8949407924633
2018,94545,6001.0,CALIFORNIA,793.5714033539276,793.5714033539276,1209.4521849173898
2019,94545,6001.0,CALIFORNIA,846.2546659689517,846.2546659689517,1192.6756910482884
2020,94545,6001.0,CALIFORNIA,954.9559000861326,954.9559000861326,1304.8949407924633
2018,94546,6001.0,CALIFORNIA,941.4527048741296,941.4527048741296,1209.4521849173898
2019,94546,6001.0,CALIFORNIA,1007.1694267515924,1007.1694267515924,1192.6756910482884
2020,94546,6001.0,CALIFORNIA,1142.3857760894798,1142.3857760894798,1304.8949407924633
2018,94547,6013.0,CALIFORNIA,935.4449828386836,935.4449828386836,1166.5731123672606
2019,94547,6013.0,CALIFORNIA,1001.2164682539684,1001.2164682539684,1121.9164849853344
2020,94547,6013.0,CALIFORNIA,1129.724634858812,1129.724634858812,1236.8663176909788
2018,94548,6013.0,CALIFORNIA,1276.093023255814,1276.093023255814,1166.5731123672606
2019,94548,6013.0,CALIFORNIA,1372.5444444444445,1372.5444444444445,1121.9164849853344
2020,94548,6013.0,CALIFORNIA,1561.032967032967,1561.032967032967,1236.8663176909788
2018,94549,6013.0,CALIFORNIA,1745.296032553408,1745.296032553408,1166.5731123672606
2019,94549,6013.0,CALIFORNIA,1882.694426971946,1882.694426971946,1121.9164849853344
2020,94549,6013.0,CALIFORNIA,2172.708867056336,2172.708867056336,1236.8663176909788
2018,94550,6001.0,CALIFORNIA,982.8661459944324,982.8661459944324,1209.4521849173898
2019,94550,6001.0,CALIFORNIA,1057.1708368619602,1057.1708368619602,1192.6756910482884
2020,94550,6001.0,CALIFORNIA,1204.9139306535749,1204.9139306535749,1304.8949407924633
2018,94551,6001.0,CALIFORNIA,844.7710529740987,844.7710529740987,1209.4521849173898
2019,94551,6001.0,CALIFORNIA,907.1078033949836,907.1078033949836,1192.6756910482884
2020,94551,6001.0,CALIFORNIA,1028.699209436567,1028.699209436567,1304.8949407924633
2018,94552,6001.0,CALIFORNIA,1293.1192440777215,1293.1192440777215,1209.4521849173898
2019,94552,6001.0,CALIFORNIA,1390.853594771242,1390.853594771242,1192.6756910482884
2020,94552,6001.0,CALIFORNIA,1564.4400618716163,1564.4400618716163,1304.8949407924633
2018,94553,6013.0,CALIFORNIA,933.0468556244464,933.0468556244464,1166.5731123672606
2019,94553,6013.0,CALIFORNIA,998.3642518023564,998.3642518023564,1121.9164849853344
2020,94553,6013.0,CALIFORNIA,1136.5822817857454,1136.5822817857454,1236.8663176909788
2018,94555,6001.0,CALIFORNIA,801.6289823693164,801.6289823693164,1209.4521849173898
2019,94555,6001.0,CALIFORNIA,852.2971654983237,852.2971654983237,1192.6756910482884
2020,94555,6001.0,CALIFORNIA,953.478134999238,953.478134999238,1304.8949407924633
2018,94556,6013.0,CALIFORNIA,1499.3497837700331,1499.3497837700331,1166.5731123672606
2019,94556,6013.0,CALIFORNIA,1620.3546997719786,1620.3546997719786,1121.9164849853344
2020,94556,6013.0,CALIFORNIA,1832.9480616302187,1832.9480616302187,1236.8663176909788
2018,94558,6055.0,CALIFORNIA,1164.586617462749,1164.586617462749,1059.4087783698315
2019,94558,6055.0,CALIFORNIA,1272.5064333148866,1272.5064333148866,1099.6047098218633
2020,94558,6055.0,CALIFORNIA,1469.2993385529155,1469.2993385529155,1069.9953214255868
2018,94559,6055.0,CALIFORNIA,912.2061233290212,912.2061233290212,1059.4087783698315
2019,94559,6055.0,CALIFORNIA,1001.7974736842106,1001.7974736842106,1099.6047098218633
2020,94559,6055.0,CALIFORNIA,1156.697398543184,1156.697398543184,1069.9953214255868
2018,94560,6001.0,CALIFORNIA,805.1386030746883,805.1386030746883,1209.4521849173898
2019,94560,6001.0,CALIFORNIA,848.6160505381375,848.6160505381375,1192.6756910482884
2020,94560,6001.0,CALIFORNIA,935.6324348913907,935.6324348913907,1304.8949407924633
2018,94561,6013.0,CALIFORNIA,849.4003699517008,849.4003699517008,1166.5731123672606
2019,94561,6013.0,CALIFORNIA,915.400895522388,915.400895522388,1121.9164849853344
2020,94561,6013.0,CALIFORNIA,1040.5438562408935,1040.5438562408935,1236.8663176909788
2018,94562,6055.0,CALIFORNIA,6827.111111111111,5190.254651625734,1059.4087783698315
2019,94562,6055.0,CALIFORNIA,4832.95,4832.95,1099.6047098218633
2020,94562,6055.0,CALIFORNIA,9144.526315789471,5190.254651625734,1069.9953214255868
2018,94563,6013.0,CALIFORNIA,2000.019722547217,2000.019722547217,1166.5731123672606
2019,94563,6013.0,CALIFORNIA,2158.022269526773,2158.022269526773,1121.9164849853344
2020,94563,6013.0,CALIFORNIA,2440.8286267548815,2440.8286267548815,1236.8663176909788
2018,94564,6013.0,CALIFORNIA,869.9792595896521,869.9792595896521,1166.5731123672606
2019,94564,6013.0,CALIFORNIA,926.3410801239488,926.3410801239488,1121.9164849853344
2020,94564,6013.0,CALIFORNIA,1044.356278865186,1044.356278865186,1236.8663176909788
2018,94565,6013.0,CALIFORNIA,837.3129893595664,837.3129893595664,1166.5731123672606
2019,94565,6013.0,CALIFORNIA,889.5010502822633,889.5010502822633,1121.9164849853344
2020,94565,6013.0,CALIFORNIA,996.543230541428,996.543230541428,1236.8663176909788
2018,94566,6001.0,CALIFORNIA,1256.7397424378555,1256.7397424378555,1209.4521849173898
2019,94566,6001.0,CALIFORNIA,1354.4367623918174,1354.4367623918174,1192.6756910482884
2020,94566,6001.0,CALIFORNIA,1521.0236097560976,1521.0236097560976,1304.8949407924633
2018,94567,6055.0,CALIFORNIA,1702.1467889908256,1702.1467889908256,1059.4087783698315
2019,94567,6055.0,CALIFORNIA,1940.392857142857,1940.392857142857,1099.6047098218633
2020,94567,6055.0,CALIFORNIA,2119.7175572519086,2119.7175572519086,1069.9953214255868
2018,94568,6001.0,CALIFORNIA,919.775956284153,919.775956284153,1209.4521849173898
2019,94568,6001.0,CALIFORNIA,985.1453815261044,985.1453815261044,1192.6756910482884
2020,94568,6001.0,CALIFORNIA,1103.58341995842,1103.58341995842,1304.8949407924633
2018,94569,6013.0,CALIFORNIA,1115.6727272727271,1115.6727272727271,1166.5731123672606
2019,94569,6013.0,CALIFORNIA,1141.8333333333333,1141.8333333333333,1121.9164849853344
2020,94569,6013.0,CALIFORNIA,1261.140625,1261.140625,1236.8663176909788
2018,94571,6095.0,CALIFORNIA,717.707229580574,717.707229580574,1062.9884897141392
2019,94571,6095.0,CALIFORNIA,760.8382126348228,760.8382126348228,1107.5652756255395
2020,94571,6095.0,CALIFORNIA,860.6097738876732,860.6097738876732,1159.8392329057342
2018,94572,6013.0,CALIFORNIA,818.2541114058355,818.2541114058355,1166.5731123672606
2019,94572,6013.0,CALIFORNIA,870.5488958990536,870.5488958990536,1121.9164849853344
2020,94572,6013.0,CALIFORNIA,978.8852544132918,978.8852544132918,1236.8663176909788
2018,94573,6055.0,CALIFORNIA,4304.95,4304.95,1059.4087783698315
2019,94573,6055.0,CALIFORNIA,4156.692307692308,4156.692307692308,1099.6047098218633
2020,94573,6055.0,CALIFORNIA,7455.153846153846,5190.254651625734,1069.9953214255868
2018,94574,6055.0,CALIFORNIA,2374.7104851330205,2374.7104851330205,1059.4087783698315
2019,94574,6055.0,CALIFORNIA,2530.966360856269,2530.966360856269,1099.6047098218633
2020,94574,6055.0,CALIFORNIA,3349.0388482632543,3349.0388482632543,1069.9953214255868
2018,94576,6055.0,CALIFORNIA,2055.682926829268,2055.682926829268,1059.4087783698315
2019,94576,6055.0,CALIFORNIA,2230.102564102564,2230.102564102564,1099.6047098218633
2020,94576,6055.0,CALIFORNIA,2691.714285714286,2691.714285714286,1069.9953214255868
2018,94577,6001.0,CALIFORNIA,887.3768918420081,887.3768918420081,1209.4521849173898
2019,94577,6001.0,CALIFORNIA,946.7950590239748,946.7950590239748,1192.6756910482884
2020,94577,6001.0,CALIFORNIA,1065.0920573232936,1065.0920573232936,1304.8949407924633
2018,94578,6001.0,CALIFORNIA,809.9690981711162,809.9690981711162,1209.4521849173898
2019,94578,6001.0,CALIFORNIA,863.0031269543465,863.0031269543465,1192.6756910482884
2020,94578,6001.0,CALIFORNIA,963.6396023198012,963.6396023198012,1304.8949407924633
2018,94579,6001.0,CALIFORNIA,785.681848330754,785.681848330754,1209.4521849173898
2019,94579,6001.0,CALIFORNIA,831.1576408682306,831.1576408682306,1192.6756910482884
2020,94579,6001.0,CALIFORNIA,937.7625,937.7625,1304.8949407924633
2018,94580,6001.0,CALIFORNIA,780.4534453781513,780.4534453781513,1209.4521849173898
2019,94580,6001.0,CALIFORNIA,826.0956666666667,826.0956666666667,1192.6756910482884
2020,94580,6001.0,CALIFORNIA,920.9445178335536,920.9445178335536,1304.8949407924633
2018,94582,6013.0,CALIFORNIA,1079.4064858490567,1079.4064858490567,1166.5731123672606
2019,94582,6013.0,CALIFORNIA,1170.9468438538206,1170.9468438538206,1121.9164849853344
2020,94582,6013.0,CALIFORNIA,1306.1010733452597,1306.1010733452597,1236.8663176909788
2018,94583,6013.0,CALIFORNIA,1098.0008466376391,1098.0008466376391,1166.5731123672606
2019,94583,6013.0,CALIFORNIA,1167.1168257756565,1167.1168257756565,1121.9164849853344
2020,94583,6013.0,CALIFORNIA,1302.459776864357,1302.459776864357,1236.8663176909788
2018,94585,6095.0,CALIFORNIA,808.9955981763874,808.9955981763874,1062.9884897141392
2019,94585,6095.0,CALIFORNIA,866.7311643835617,866.7311643835617,1107.5652756255395
2020,94585,6095.0,CALIFORNIA,978.7697388632872,978.7697388632872,1159.8392329057342
2018,94586,6001.0,CALIFORNIA,1779.827205882353,1779.827205882353,1209.4521849173898
2019,94586,6001.0,CALIFORNIA,1895.1,1895.1,1192.6756910482884
2020,94586,6001.0,CALIFORNIA,2087.943060498221,2087.943060498221,1304.8949407924633
2018,94587,6001.0,CALIFORNIA,865.3042127071823,865.3042127071823,1209.4521849173898
2019,94587,6001.0,CALIFORNIA,921.8647119341564,921.8647119341564,1192.6756910482884
2020,94587,6001.0,CALIFORNIA,1024.3287155806397,1024.3287155806397,1304.8949407924633
2018,94588,6001.0,CALIFORNIA,1119.0489821882952,1119.0489821882952,1209.4521849173898
2019,94588,6001.0,CALIFORNIA,1182.7479611041406,1182.7479611041406,1192.6756910482884
2020,94588,6001.0,CALIFORNIA,1333.648847781784,1333.648847781784,1304.8949407924633
2018,94589,6095.0,CALIFORNIA,759.1472797215607,759.1472797215607,1062.9884897141392
2019,94589,6095.0,CALIFORNIA,799.6236927515326,799.6236927515326,1107.5652756255395
2020,94589,6095.0,CALIFORNIA,899.9156775907883,899.9156775907883,1159.8392329057342
2018,94590,6095.0,CALIFORNIA,833.2696368243244,833.2696368243244,1062.9884897141392
2019,94590,6095.0,CALIFORNIA,876.2015996718621,876.2015996718621,1107.5652756255395
2020,94590,6095.0,CALIFORNIA,989.9995995995996,989.9995995995996,1159.8392329057342
2018,94591,6095.0,CALIFORNIA,873.1339204120628,873.1339204120628,1062.9884897141392
2019,94591,6095.0,CALIFORNIA,930.1926022486556,930.1926022486556,1107.5652756255395
2020,94591,6095.0,CALIFORNIA,1053.5792463397072,1053.5792463397072,1159.8392329057342
2018,94592,6095.0,CALIFORNIA,972.069105691057,972.069105691057,1062.9884897141392
2019,94592,6095.0,CALIFORNIA,1079.82421875,1079.82421875,1107.5652756255395
2020,94592,6095.0,CALIFORNIA,1181.463829787234,1181.463829787234,1159.8392329057342
2018,94595,6013.0,CALIFORNIA,1227.6202643171807,1227.6202643171807,1166.5731123672606
2019,94595,6013.0,CALIFORNIA,1323.1418685121107,1323.1418685121107,1121.9164849853344
2020,94595,6013.0,CALIFORNIA,1541.5641906397595,1541.5641906397595,1236.8663176909788
2018,94596,6013.0,CALIFORNIA,1219.8986467031384,1219.8986467031384,1166.5731123672606
2019,94596,6013.0,CALIFORNIA,1330.6754716981131,1330.6754716981131,1121.9164849853344
2020,94596,6013.0,CALIFORNIA,1536.5358174465628,1536.5358174465628,1236.8663176909788
2018,94597,6013.0,CALIFORNIA,1024.8832264596692,1024.8832264596692,1166.5731123672606
2019,94597,6013.0,CALIFORNIA,1105.561652892562,1105.561652892562,1121.9164849853344
2020,94597,6013.0,CALIFORNIA,1268.7926988265972,1268.7926988265972,1236.8663176909788
2018,94598,6013.0,CALIFORNIA,1203.1705256570713,1203.1705256570713,1166.5731123672606
2019,94598,6013.0,CALIFORNIA,1292.9160719826248,1292.9160719826248,1121.9164849853344
2020,94598,6013.0,CALIFORNIA,1501.645259938838,1501.645259938838,1236.8663176909788
2018,94599,6055.0,CALIFORNIA,1240.4097995545658,1240.4097995545658,1059.4087783698315
2019,94599,6055.0,CALIFORNIA,1404.4039301310045,1404.4039301310045,1099.6047098218633
2020,94599,6055.0,CALIFORNIA,1693.4695652173914,1693.4695652173914,1069.9953214255868
2018,94601,6001.0,CALIFORNIA,1059.4799340296863,1059.4799340296863,1209.4521849173898
2019,94601,6001.0,CALIFORNIA,1116.534126984127,1116.534126984127,1192.6756910482884
2020,94601,6001.0,CALIFORNIA,1233.1096991701245,1233.1096991701245,1304.8949407924633
2018,94602,6001.0,CALIFORNIA,1338.663611513105,1338.663611513105,1209.4521849173898
2019,94602,6001.0,CALIFORNIA,1429.159137739737,1429.159137739737,1192.6756910482884
2020,94602,6001.0,CALIFORNIA,1575.1797543150365,1575.1797543150365,1304.8949407924633
2018,94603,6001.0,CALIFORNIA,877.8776205450733,877.8776205450733,1209.4521849173898
2019,94603,6001.0,CALIFORNIA,927.0315975733064,927.0315975733064,1192.6756910482884
2020,94603,6001.0,CALIFORNIA,1033.6036935363115,1033.6036935363115,1304.8949407924633
2018,94604,6001.0,CALIFORNIA,1476.0,1476.0,1209.4521849173898
2018,94605,6001.0,CALIFORNIA,1189.197308309668,1189.197308309668,1209.4521849173898
2019,94605,6001.0,CALIFORNIA,1269.336833212648,1269.336833212648,1192.6756910482884
2020,94605,6001.0,CALIFORNIA,1411.1424325288313,1411.1424325288313,1304.8949407924633
2018,94606,6001.0,CALIFORNIA,1177.0140186915887,1177.0140186915887,1209.4521849173898
2019,94606,6001.0,CALIFORNIA,1253.6982278481012,1253.6982278481012,1192.6756910482884
2020,94606,6001.0,CALIFORNIA,1378.3957509881425,1378.3957509881425,1304.8949407924633
2018,94607,6001.0,CALIFORNIA,1166.4297520661155,1166.4297520661155,1209.4521849173898
2019,94607,6001.0,CALIFORNIA,1223.530753968254,1223.530753968254,1192.6756910482884
2020,94607,6001.0,CALIFORNIA,1370.242,1370.242,1304.8949407924633
2018,94608,6001.0,CALIFORNIA,1170.6163090128755,1170.6163090128755,1209.4521849173898
2019,94608,6001.0,CALIFORNIA,1233.9041940789473,1233.9041940789473,1192.6756910482884
2020,94608,6001.0,CALIFORNIA,1373.2625811688313,1373.2625811688313,1304.8949407924633
2018,94609,6001.0,CALIFORNIA,1310.3551282051285,1310.3551282051285,1209.4521849173898
2019,94609,6001.0,CALIFORNIA,1401.2307370184255,1401.2307370184255,1192.6756910482884
2020,94609,6001.0,CALIFORNIA,1556.1511293634496,1556.1511293634496,1304.8949407924633
2018,94610,6001.0,CALIFORNIA,1782.3009201691125,1782.3009201691125,1209.4521849173898
2019,94610,6001.0,CALIFORNIA,1900.55757426958,1900.55757426958,1192.6756910482884
2020,94610,6001.0,CALIFORNIA,2102.619070667957,2102.619070667957,1304.8949407924633
2018,94611,6001.0,CALIFORNIA,2100.1930348258707,2100.1930348258707,1209.4521849173898
2019,94611,6001.0,CALIFORNIA,2261.9601711652404,2261.9601711652404,1192.6756910482884
2020,94611,6001.0,CALIFORNIA,2482.307775261512,2482.307775261512,1304.8949407924633
2018,94612,6001.0,CALIFORNIA,1172.4722222222222,1172.4722222222222,1209.4521849173898
2019,94612,6001.0,CALIFORNIA,1271.8698630136987,1271.8698630136987,1192.6756910482884
2020,94612,6001.0,CALIFORNIA,1376.8175675675675,1376.8175675675675,1304.8949407924633
2018,94614,6001.0,CALIFORNIA,1954.0,1954.0,1209.4521849173898
2019,94614,6001.0,CALIFORNIA,2519.0,2519.0,1192.6756910482884
2018,94615,6001.0,CALIFORNIA,693.0,693.0,1209.4521849173898
2019,94615,6001.0,CALIFORNIA,773.0,773.0,1192.6756910482884
2020,94615,6001.0,CALIFORNIA,704.0,704.0,1304.8949407924633
2018,94618,6001.0,CALIFORNIA,1790.7613746369798,1790.7613746369798,1209.4521849173898
2019,94618,6001.0,CALIFORNIA,1922.2485632183907,1922.2485632183907,1192.6756910482884
2020,94618,6001.0,CALIFORNIA,2118.6059124767226,2118.6059124767226,1304.8949407924633
2018,94619,6001.0,CALIFORNIA,1294.968403849646,1294.968403849646,1209.4521849173898
2019,94619,6001.0,CALIFORNIA,1382.9284048089,1382.9284048089,1192.6756910482884
2020,94619,6001.0,CALIFORNIA,1538.8379047956114,1538.8379047956114,1304.8949407924633
2018,94621,6001.0,CALIFORNIA,947.254752851711,947.254752851711,1209.4521849173898
2019,94621,6001.0,CALIFORNIA,987.5490909090908,987.5490909090908,1192.6756910482884
2020,94621,6001.0,CALIFORNIA,1091.9860664523044,1091.9860664523044,1304.8949407924633
2018,94702,6001.0,CALIFORNIA,1108.749375,1108.749375,1209.4521849173898
2019,94702,6001.0,CALIFORNIA,1177.584076237319,1177.584076237319,1192.6756910482884
2020,94702,6001.0,CALIFORNIA,1297.155630149527,1297.155630149527,1304.8949407924633
2018,94703,6001.0,CALIFORNIA,1314.3205312275663,1314.3205312275663,1209.4521849173898
2019,94703,6001.0,CALIFORNIA,1398.9224199288255,1398.9224199288255,1192.6756910482884
2020,94703,6001.0,CALIFORNIA,1544.3892641308212,1544.3892641308212,1304.8949407924633
2018,94704,6001.0,CALIFORNIA,1802.421370967742,1802.421370967742,1209.4521849173898
2019,94704,6001.0,CALIFORNIA,1956.5427435387671,1956.5427435387671,1192.6756910482884
2020,94704,6001.0,CALIFORNIA,2218.0604288499026,2218.0604288499026,1304.8949407924633
2018,94705,6001.0,CALIFORNIA,2311.522108843538,2311.522108843538,1209.4521849173898
2019,94705,6001.0,CALIFORNIA,2486.5985229942935,2486.5985229942935,1192.6756910482884
2020,94705,6001.0,CALIFORNIA,2776.694747274529,2776.694747274529,1304.8949407924633
2018,94706,6001.0,CALIFORNIA,1053.533933933934,1053.533933933934,1209.4521849173898
2019,94706,6001.0,CALIFORNIA,1121.3804315696127,1121.3804315696127,1192.6756910482884
2020,94706,6001.0,CALIFORNIA,1248.8196576151122,1248.8196576151122,1304.8949407924633
2018,94707,6001.0,CALIFORNIA,1601.3277584204411,1601.3277584204411,1209.4521849173898
2019,94707,6001.0,CALIFORNIA,1734.2686464088397,1734.2686464088397,1192.6756910482884
2020,94707,6001.0,CALIFORNIA,1950.5880474452551,1950.5880474452551,1304.8949407924633
2018,94708,6001.0,CALIFORNIA,1690.3160462130936,1690.3160462130936,1209.4521849173898
2019,94708,6001.0,CALIFORNIA,1859.5416028586017,1859.5416028586017,1192.6756910482884
2020,94708,6001.0,CALIFORNIA,2041.9159959758551,2041.9159959758551,1304.8949407924633
2018,94709,6001.0,CALIFORNIA,1682.9732484076433,1682.9732484076433,1209.4521849173898
2019,94709,6001.0,CALIFORNIA,1822.3811320754717,1822.3811320754717,1192.6756910482884
2020,94709,6001.0,CALIFORNIA,1988.7418546365911,1988.7418546365911,1304.8949407924633
2018,94710,6001.0,CALIFORNIA,1076.5170842824602,1076.5170842824602,1209.4521849173898
2019,94710,6001.0,CALIFORNIA,1157.050618672666,1157.050618672666,1192.6756910482884
2020,94710,6001.0,CALIFORNIA,1291.286659316428,1291.286659316428,1304.8949407924633
2018,94720,6001.0,CALIFORNIA,1544.0,1544.0,1209.4521849173898
2019,94720,6001.0,CALIFORNIA,1616.0,1616.0,1192.6756910482884
2020,94720,6001.0,CALIFORNIA,1671.0,1671.0,1304.8949407924633
2018,94801,6013.0,CALIFORNIA,856.2580138277813,856.2580138277813,1166.5731123672606
2019,94801,6013.0,CALIFORNIA,924.352977286679,924.352977286679,1121.9164849853344
2020,94801,6013.0,CALIFORNIA,1018.2449288525582,1018.2449288525582,1236.8663176909788
2018,94803,6013.0,CALIFORNIA,1027.3173632909302,1027.3173632909302,1166.5731123672606
2019,94803,6013.0,CALIFORNIA,1092.8390617364391,1092.8390617364391,1121.9164849853344
2020,94803,6013.0,CALIFORNIA,1216.5248181083266,1216.5248181083266,1236.8663176909788
2018,94804,6013.0,CALIFORNIA,838.0422881494837,838.0422881494837,1166.5731123672606
2019,94804,6013.0,CALIFORNIA,879.5766200353754,879.5766200353754,1121.9164849853344
2020,94804,6013.0,CALIFORNIA,964.4647217377516,964.4647217377516,1236.8663176909788
2018,94805,6013.0,CALIFORNIA,919.117810760668,919.117810760668,1166.5731123672606
2019,94805,6013.0,CALIFORNIA,972.5964859133596,972.5964859133596,1121.9164849853344
2020,94805,6013.0,CALIFORNIA,1078.1070143884892,1078.1070143884892,1236.8663176909788
2018,94806,6013.0,CALIFORNIA,812.3390077821011,812.3390077821011,1166.5731123672606
2019,94806,6013.0,CALIFORNIA,859.3469020172911,859.3469020172911,1121.9164849853344
2020,94806,6013.0,CALIFORNIA,945.7060019129603,945.7060019129603,1236.8663176909788
2018,94901,6041.0,CALIFORNIA,1520.094523740169,1520.094523740169,1247.6609079072364
2019,94901,6041.0,CALIFORNIA,1662.4221966316395,1662.4221966316395,1394.1008249066647
2020,94901,6041.0,CALIFORNIA,1822.3734643734645,1822.3734643734645,1385.7011762569218
2018,94903,6041.0,CALIFORNIA,1167.056109929658,1167.056109929658,1247.6609079072364
2019,94903,6041.0,CALIFORNIA,1255.103879240383,1255.103879240383,1394.1008249066647
2020,94903,6041.0,CALIFORNIA,1391.5591085271317,1391.5591085271317,1385.7011762569218
2018,94904,6041.0,CALIFORNIA,2394.8447041085565,2394.8447041085565,1247.6609079072364
2019,94904,6041.0,CALIFORNIA,2521.5710594315246,2521.5710594315246,1394.1008249066647
2020,94904,6041.0,CALIFORNIA,2941.912067696836,2941.912067696836,1385.7011762569218
2018,94914,6041.0,CALIFORNIA,12508.0,5190.254651625734,1247.6609079072364
2019,94914,6041.0,CALIFORNIA,14219.0,5190.254651625734,1394.1008249066647
2020,94914,6041.0,CALIFORNIA,16558.0,5190.254651625734,1385.7011762569218
2019,94915,6041.0,CALIFORNIA,1259.0,1259.0,1394.1008249066647
2018,94920,6041.0,CALIFORNIA,2845.483624119988,2845.483624119988,1247.6609079072364
2019,94920,6041.0,CALIFORNIA,3036.501653140968,3036.501653140968,1394.1008249066647
2020,94920,6041.0,CALIFORNIA,3542.603552077062,3542.603552077062,1385.7011762569218
2018,94922,6097.0,CALIFORNIA,1598.6851851851852,1598.6851851851852,1305.3905526790275
2019,94922,6097.0,CALIFORNIA,1685.3333333333333,1685.3333333333333,1179.5326150335416
2020,94922,6097.0,CALIFORNIA,2027.7884615384617,2027.7884615384617,1314.0564572382245
2018,94923,6097.0,CALIFORNIA,1118.5548245614036,1118.5548245614036,1305.3905526790275
2019,94923,6097.0,CALIFORNIA,1234.7296450939457,1234.7296450939457,1179.5326150335416
2020,94923,6097.0,CALIFORNIA,1458.9143730886851,1458.9143730886851,1314.0564572382245
2018,94924,6041.0,CALIFORNIA,1477.179600886918,1477.179600886918,1247.6609079072364
2019,94924,6041.0,CALIFORNIA,1610.6824034334763,1610.6824034334763,1394.1008249066647
2020,94924,6041.0,CALIFORNIA,1871.2777777777776,1871.2777777777776,1385.7011762569218
2018,94925,6041.0,CALIFORNIA,1329.24378330373,1329.24378330373,1247.6609079072364
2019,94925,6041.0,CALIFORNIA,1453.797440423654,1453.797440423654,1394.1008249066647
2020,94925,6041.0,CALIFORNIA,1628.361440491875,1628.361440491875,1385.7011762569218
2018,94928,6097.0,CALIFORNIA,782.460337486201,782.460337486201,1305.3905526790275
2019,94928,6097.0,CALIFORNIA,838.5655923740354,838.5655923740354,1179.5326150335416
2020,94928,6097.0,CALIFORNIA,956.8749448286007,956.8749448286007,1314.0564572382245
2018,94929,6041.0,CALIFORNIA,1132.0420168067226,1132.0420168067226,1247.6609079072364
2019,94929,6041.0,CALIFORNIA,1240.7883817427387,1240.7883817427387,1394.1008249066647
2020,94929,6041.0,CALIFORNIA,1431.2415094339622,1431.2415094339622,1385.7011762569218
2018,94930,6041.0,CALIFORNIA,1315.0513501549358,1315.0513501549358,1247.6609079072364
2019,94930,6041.0,CALIFORNIA,1423.2390265102129,1423.2390265102129,1394.1008249066647
2020,94930,6041.0,CALIFORNIA,1567.9413024850044,1567.9413024850044,1385.7011762569218
2018,94931,6097.0,CALIFORNIA,867.0138104205901,867.0138104205901,1305.3905526790275
2019,94931,6097.0,CALIFORNIA,960.2086419753086,960.2086419753086,1179.5326150335416
2020,94931,6097.0,CALIFORNIA,1106.2449848024316,1106.2449848024316,1314.0564572382245
2018,94933,6041.0,CALIFORNIA,1219.7598039215686,1219.7598039215686,1247.6609079072364
2019,94933,6041.0,CALIFORNIA,1289.2761904761903,1289.2761904761903,1394.1008249066647
2020,94933,6041.0,CALIFORNIA,1490.3004115226338,1490.3004115226338,1385.7011762569218
2018,94937,6041.0,CALIFORNIA,1806.852189781022,1806.852189781022,1247.6609079072364
2019,94937,6041.0,CALIFORNIA,2037.2018691588785,2037.2018691588785,1394.1008249066647
2020,94937,6041.0,CALIFORNIA,2278.2326007326005,2278.2326007326005,1385.7011762569218
2018,94938,6041.0,CALIFORNIA,1507.2875,1507.2875,1247.6609079072364
2019,94938,6041.0,CALIFORNIA,1594.378205128205,1594.378205128205,1394.1008249066647
2020,94938,6041.0,CALIFORNIA,1863.8121827411169,1863.8121827411169,1385.7011762569218
2018,94939,6041.0,CALIFORNIA,1673.4932388924665,1673.4932388924665,1247.6609079072364
2019,94939,6041.0,CALIFORNIA,1872.8144329896909,1872.8144329896909,1394.1008249066647
2020,94939,6041.0,CALIFORNIA,2072.692599620493,2072.692599620493,1385.7011762569218
2018,94940,6041.0,CALIFORNIA,1363.775,1363.775,1247.6609079072364
2019,94940,6041.0,CALIFORNIA,1480.108108108108,1480.108108108108,1394.1008249066647
2020,94940,6041.0,CALIFORNIA,1635.7560975609756,1635.7560975609756,1385.7011762569218
2018,94941,6041.0,CALIFORNIA,1853.8522065484665,1853.8522065484665,1247.6609079072364
2019,94941,6041.0,CALIFORNIA,2031.797474877609,2031.797474877609,1394.1008249066647
2020,94941,6041.0,CALIFORNIA,2266.897324286263,2266.897324286263,1385.7011762569218
2018,94942,6041.0,CALIFORNIA,6985.0,5190.254651625734,1247.6609079072364
2019,94942,6041.0,CALIFORNIA,5158.0,5158.0,1394.1008249066647
2020,94942,6041.0,CALIFORNIA,5958.0,5190.254651625734,1385.7011762569218
2018,94945,6041.0,CALIFORNIA,1192.502272183688,1192.502272183688,1247.6609079072364
2019,94945,6041.0,CALIFORNIA,1297.1894439208295,1297.1894439208295,1394.1008249066647
2020,94945,6041.0,CALIFORNIA,1439.8687222611538,1439.8687222611538,1385.7011762569218
2018,94946,6041.0,CALIFORNIA,2759.431137724551,2759.431137724551,1247.6609079072364
2019,94946,6041.0,CALIFORNIA,2950.6686390532545,2950.6686390532545,1394.1008249066647
2020,94946,6041.0,CALIFORNIA,3219.0335195530724,3219.0335195530724,1385.7011762569218
2018,94947,6041.0,CALIFORNIA,1136.72103933598,1136.72103933598,1247.6609079072364
2019,94947,6041.0,CALIFORNIA,1237.8958967926894,1237.8958967926894,1394.1008249066647
2020,94947,6041.0,CALIFORNIA,1382.8793656450464,1382.8793656450464,1385.7011762569218
2018,94949,6041.0,CALIFORNIA,1283.0454083361572,1283.0454083361572,1247.6609079072364
2019,94949,6041.0,CALIFORNIA,1399.6791624451198,1399.6791624451198,1394.1008249066647
2020,94949,6041.0,CALIFORNIA,1557.2184646601286,1557.2184646601286,1385.7011762569218
2018,94950,6041.0,CALIFORNIA,1699.428571428571,1699.428571428571,1247.6609079072364
2019,94950,6041.0,CALIFORNIA,1933.357142857143,1933.357142857143,1394.1008249066647
2020,94950,6041.0,CALIFORNIA,2224.9333333333334,2224.9333333333334,1385.7011762569218
2018,94951,6097.0,CALIFORNIA,1132.6248785228377,1132.6248785228377,1305.3905526790275
2019,94951,6097.0,CALIFORNIA,1251.3342776203965,1251.3342776203965,1179.5326150335416
2020,94951,6097.0,CALIFORNIA,1475.2176360225142,1475.2176360225142,1314.0564572382245
2018,94952,6097.0,CALIFORNIA,1036.8140235159162,1036.8140235159162,1305.3905526790275
2019,94952,6097.0,CALIFORNIA,1138.8870967741937,1138.8870967741937,1179.5326150335416
2020,94952,6097.0,CALIFORNIA,1309.074499369836,1309.074499369836,1314.0564572382245
2018,94953,6097.0,CALIFORNIA,908.0,908.0,1305.3905526790275
2019,94953,6097.0,CALIFORNIA,1071.0,1071.0,1179.5326150335416
2020,94953,6097.0,CALIFORNIA,1326.0,1326.0,1314.0564572382245
2018,94954,6097.0,CALIFORNIA,864.1025885721102,864.1025885721102,1305.3905526790275
2019,94954,6097.0,CALIFORNIA,950.0857984678844,950.0857984678844,1179.5326150335416
2020,94954,6097.0,CALIFORNIA,1073.9970869261244,1073.9970869261244,1314.0564572382245
2018,94956,6041.0,CALIFORNIA,1367.252427184466,1367.252427184466,1247.6609079072364
2019,94956,6041.0,CALIFORNIA,1518.4308176100628,1518.4308176100628,1394.1008249066647
2020,94956,6041.0,CALIFORNIA,1700.0543806646526,1700.0543806646526,1385.7011762569218
2018,94957,6041.0,CALIFORNIA,3896.431855500821,3896.431855500821,1247.6609079072364
2019,94957,6041.0,CALIFORNIA,4000.8901453958,4000.8901453958,1394.1008249066647
2020,94957,6041.0,CALIFORNIA,4738.929955290611,4738.929955290611,1385.7011762569218
2018,94960,6041.0,CALIFORNIA,1532.7825070159026,1532.7825070159026,1247.6609079072364
2019,94960,6041.0,CALIFORNIA,1666.119312906221,1666.119312906221,1394.1008249066647
2020,94960,6041.0,CALIFORNIA,1826.2755311857436,1826.2755311857436,1385.7011762569218
2018,94963,6041.0,CALIFORNIA,1842.1511627906975,1842.1511627906975,1247.6609079072364
2019,94963,6041.0,CALIFORNIA,2006.9127906976744,2006.9127906976744,1394.1008249066647
2020,94963,6041.0,CALIFORNIA,2150.884422110553,2150.884422110553,1385.7011762569218
2018,94964,6041.0,CALIFORNIA,1062.071428571429,1062.071428571429,1247.6609079072364
2019,94964,6041.0,CALIFORNIA,1171.7857142857142,1171.7857142857142,1394.1008249066647
2020,94964,6041.0,CALIFORNIA,1256.2,1256.2,1385.7011762569218
2018,94965,6041.0,CALIFORNIA,2074.8535071384235,2074.8535071384235,1247.6609079072364
2019,94965,6041.0,CALIFORNIA,2243.335582822086,2243.335582822086,1394.1008249066647
2020,94965,6041.0,CALIFORNIA,2534.198436560433,2534.198436560433,1385.7011762569218
2019,94966,6041.0,CALIFORNIA,5606.0,5190.254651625734,1394.1008249066647
2020,94966,6041.0,CALIFORNIA,3986.0,3986.0,1385.7011762569218
2018,94970,6041.0,CALIFORNIA,1901.2848232848232,1901.2848232848232,1247.6609079072364
2019,94970,6041.0,CALIFORNIA,2025.789898989899,2025.789898989899,1394.1008249066647
2020,94970,6041.0,CALIFORNIA,2747.1515748031497,2747.1515748031497,1385.7011762569218
2018,94971,6041.0,CALIFORNIA,1095.6760563380285,1095.6760563380285,1247.6609079072364
2019,94971,6041.0,CALIFORNIA,1106.7837837837835,1106.7837837837835,1394.1008249066647
2020,94971,6041.0,CALIFORNIA,1282.7530864197531,1282.7530864197531,1385.7011762569218
2018,94972,6097.0,CALIFORNIA,1264.925925925926,1264.925925925926,1305.3905526790275
2019,94972,6097.0,CALIFORNIA,1393.5,1393.5,1179.5326150335416
2020,94972,6097.0,CALIFORNIA,1460.6774193548388,1460.6774193548388,1314.0564572382245
2018,94973,6041.0,CALIFORNIA,1398.4727722772277,1398.4727722772277,1247.6609079072364
2019,94973,6041.0,CALIFORNIA,1498.574307304786,1498.574307304786,1394.1008249066647
2020,94973,6041.0,CALIFORNIA,1632.2394957983192,1632.2394957983192,1385.7011762569218
2018,94974,6041.0,CALIFORNIA,948.5,948.5,1247.6609079072364
2019,94974,6041.0,CALIFORNIA,1037.75,1037.75,1394.1008249066647
2018,95002,6085.0,CALIFORNIA,773.965811965812,773.965811965812,1154.1746106965975
2019,95002,6085.0,CALIFORNIA,828.1659388646289,828.1659388646289,1220.7236294250579
2020,95002,6085.0,CALIFORNIA,924.5916666666668,924.5916666666668,1244.2814963886892
2018,95003,6087.0,CALIFORNIA,1223.95757486788,1223.95757486788,1274.197242819898
2019,95003,6087.0,CALIFORNIA,1320.9769163763067,1320.9769163763067,1332.276816882627
2020,95003,6087.0,CALIFORNIA,1492.6596820809248,1492.6596820809248,1424.869270189343
2018,95004,6053.0,CALIFORNIA,1232.8871851040526,1232.8871851040526,1083.494529932765
2019,95004,6053.0,CALIFORNIA,1328.9956568946798,1328.9956568946798,1134.592242032275
2020,95004,6053.0,CALIFORNIA,1562.4204171240394,1562.4204171240394,1273.9126004590923
2018,95005,6087.0,CALIFORNIA,1203.288115942029,1203.288115942029,1274.197242819898
2019,95005,6087.0,CALIFORNIA,1274.4159038901605,1274.4159038901605,1332.276816882627
2020,95005,6087.0,CALIFORNIA,1448.2032,1448.2032,1424.869270189343
2018,95006,6087.0,CALIFORNIA,1208.7002662609357,1208.7002662609357,1274.197242819898
2019,95006,6087.0,CALIFORNIA,1287.3059701492537,1287.3059701492537,1332.276816882627
2020,95006,6087.0,CALIFORNIA,1419.5923076923077,1419.5923076923077,1424.869270189343
2018,95007,6087.0,CALIFORNIA,1390.3529411764705,1390.3529411764705,1274.197242819898
2019,95007,6087.0,CALIFORNIA,1441.5454545454545,1441.5454545454545,1332.276816882627
2020,95007,6087.0,CALIFORNIA,1602.4326923076924,1602.4326923076924,1424.869270189343
2018,95008,6085.0,CALIFORNIA,877.4088595405145,877.4088595405145,1154.1746106965975
2019,95008,6085.0,CALIFORNIA,936.586746496122,936.586746496122,1220.7236294250579
2020,95008,6085.0,CALIFORNIA,1024.37412921732,1024.37412921732,1244.2814963886892
2018,95010,6087.0,CALIFORNIA,893.759113652609,893.759113652609,1274.197242819898
2019,95010,6087.0,CALIFORNIA,972.4448348559382,972.4448348559382,1332.276816882627
2020,95010,6087.0,CALIFORNIA,1091.597773138483,1091.597773138483,1424.869270189343
2018,95012,6053.0,CALIFORNIA,792.34,792.34,1083.494529932765
2019,95012,6053.0,CALIFORNIA,833.4229035166817,833.4229035166817,1134.592242032275
2020,95012,6053.0,CALIFORNIA,939.221723518851,939.221723518851,1273.9126004590923
2018,95013,6085.0,CALIFORNIA,1618.75,1618.75,1154.1746106965975
2019,95013,6085.0,CALIFORNIA,1745.0,1745.0,1220.7236294250579
2020,95013,6085.0,CALIFORNIA,1940.5,1940.5,1244.2814963886892
2018,95014,6085.0,CALIFORNIA,1022.0734038604306,1022.0734038604306,1154.1746106965975
2019,95014,6085.0,CALIFORNIA,1092.1410742350004,1092.1410742350004,1220.7236294250579
2020,95014,6085.0,CALIFORNIA,1167.4062992125985,1167.4062992125985,1244.2814963886892
2018,95017,6087.0,CALIFORNIA,1367.25,1367.25,1274.197242819898
2019,95017,6087.0,CALIFORNIA,1439.4920634920634,1439.4920634920634,1332.276816882627
2020,95017,6087.0,CALIFORNIA,1745.4615384615386,1745.4615384615386,1424.869270189343
2018,95018,6087.0,CALIFORNIA,1091.580258302583,1091.580258302583,1274.197242819898
2019,95018,6087.0,CALIFORNIA,1165.1544827586206,1165.1544827586206,1332.276816882627
2020,95018,6087.0,CALIFORNIA,1281.5006622516555,1281.5006622516555,1424.869270189343
2018,95019,6087.0,CALIFORNIA,745.6217948717949,745.6217948717949,1274.197242819898
2019,95019,6087.0,CALIFORNIA,781.7044728434505,781.7044728434505,1332.276816882627
2020,95019,6087.0,CALIFORNIA,829.1821086261981,829.1821086261981,1424.869270189343
2018,95020,6085.0,CALIFORNIA,1054.8000173596042,1054.8000173596042,1154.1746106965975
2019,95020,6085.0,CALIFORNIA,1126.5902434871446,1126.5902434871446,1220.7236294250579
2020,95020,6085.0,CALIFORNIA,1258.5128183575691,1258.5128183575691,1244.2814963886892
2018,95023,6069.0,CALIFORNIA,925.7002612540192,925.7002612540192,1022.6230853395934
2019,95023,6069.0,CALIFORNIA,974.044200477327,974.044200477327,1128.0005918149363
2020,95023,6069.0,CALIFORNIA,1074.383920423435,1074.383920423435,1240.0290671778414
2018,95030,6085.0,CALIFORNIA,2182.6394520547947,2182.6394520547947,1154.1746106965975
2019,95030,6085.0,CALIFORNIA,2360.3486213486212,2360.3486213486212,1220.7236294250579
2020,95030,6085.0,CALIFORNIA,2686.7305685251304,2686.7305685251304,1244.2814963886892
2018,95031,6085.0,CALIFORNIA,444.0,571.7662565339767,1154.1746106965975
2019,95031,6085.0,CALIFORNIA,482.0,571.7662565339767,1220.7236294250579
2020,95031,6085.0,CALIFORNIA,1036.0,1036.0,1244.2814963886892
2018,95032,6085.0,CALIFORNIA,1359.4914749213706,1359.4914749213706,1154.1746106965975
2019,95032,6085.0,CALIFORNIA,1468.257011645071,1468.257011645071,1220.7236294250579
2020,95032,6085.0,CALIFORNIA,1650.8353638459005,1650.8353638459005,1244.2814963886892
2018,95033,6087.0,CALIFORNIA,1895.4820551567816,1895.4820551567816,1274.197242819898
2019,95033,6087.0,CALIFORNIA,1990.892075471698,1990.892075471698,1332.276816882627
2020,95033,6087.0,CALIFORNIA,2116.3983266642417,2116.3983266642417,1424.869270189343
2018,95035,6085.0,CALIFORNIA,838.3599688169948,838.3599688169948,1154.1746106965975
2019,95035,6085.0,CALIFORNIA,884.5195493066255,884.5195493066255,1220.7236294250579
2020,95035,6085.0,CALIFORNIA,965.1943775873688,965.1943775873688,1244.2814963886892
2018,95037,6085.0,CALIFORNIA,1179.3862480438186,1179.3862480438186,1154.1746106965975
2019,95037,6085.0,CALIFORNIA,1267.5785892275253,1267.5785892275253,1220.7236294250579
2020,95037,6085.0,CALIFORNIA,1400.3451260104612,1400.3451260104612,1244.2814963886892
2018,95039,6053.0,CALIFORNIA,860.1111111111111,860.1111111111111,1083.494529932765
2019,95039,6053.0,CALIFORNIA,935.0108695652174,935.0108695652174,1134.592242032275
2020,95039,6053.0,CALIFORNIA,1055.6304347826087,1055.6304347826087,1273.9126004590923
2018,95041,6087.0,CALIFORNIA,1190.0136054421769,1190.0136054421769,1274.197242819898
2019,95041,6087.0,CALIFORNIA,1211.8958333333333,1211.8958333333333,1332.276816882627
2020,95041,6087.0,CALIFORNIA,1332.8039215686274,1332.8039215686274,1424.869270189343
2018,95043,6069.0,CALIFORNIA,2546.392156862745,2546.392156862745,1022.6230853395934
2019,95043,6069.0,CALIFORNIA,2815.785714285714,2815.785714285714,1128.0005918149363
2020,95043,6069.0,CALIFORNIA,4441.233333333334,4441.233333333334,1240.0290671778414
2018,95045,6069.0,CALIFORNIA,1312.7328859060403,1312.7328859060403,1022.6230853395934
2019,95045,6069.0,CALIFORNIA,1391.2365728900256,1391.2365728900256,1128.0005918149363
2020,95045,6069.0,CALIFORNIA,1495.7803738317757,1495.7803738317757,1240.0290671778414
2018,95046,6085.0,CALIFORNIA,1407.295629820051,1407.295629820051,1154.1746106965975
2019,95046,6085.0,CALIFORNIA,1483.0575479566303,1483.0575479566303,1220.7236294250579
2020,95046,6085.0,CALIFORNIA,1736.005063291139,1736.005063291139,1244.2814963886892
2018,95050,6085.0,CALIFORNIA,769.5736704446382,769.5736704446382,1154.1746106965975
2019,95050,6085.0,CALIFORNIA,817.5476344782891,817.5476344782891,1220.7236294250579
2020,95050,6085.0,CALIFORNIA,891.4296569691707,891.4296569691707,1244.2814963886892
2018,95051,6085.0,CALIFORNIA,764.7653345724907,764.7653345724907,1154.1746106965975
2019,95051,6085.0,CALIFORNIA,808.1633646159194,808.1633646159194,1220.7236294250579
2020,95051,6085.0,CALIFORNIA,884.0955865272938,884.0955865272938,1244.2814963886892
2018,95053,6085.0,CALIFORNIA,746.0,746.0,1154.1746106965975
2019,95053,6085.0,CALIFORNIA,999.0,999.0,1220.7236294250579
2020,95053,6085.0,CALIFORNIA,1117.5,1117.5,1244.2814963886892
2018,95054,6085.0,CALIFORNIA,769.122846781505,769.122846781505,1154.1746106965975
2019,95054,6085.0,CALIFORNIA,828.995004541326,828.995004541326,1220.7236294250579
2020,95054,6085.0,CALIFORNIA,906.2866271109084,906.2866271109084,1244.2814963886892
2018,95060,6087.0,CALIFORNIA,1104.2624051734858,1104.2624051734858,1274.197242819898
2019,95060,6087.0,CALIFORNIA,1188.3475003070876,1188.3475003070876,1332.276816882627
2020,95060,6087.0,CALIFORNIA,1351.68853974122,1351.68853974122,1424.869270189343
2018,95061,6087.0,CALIFORNIA,2490.0,2490.0,1274.197242819898
2019,95061,6087.0,CALIFORNIA,2245.0,2245.0,1332.276816882627
2020,95061,6087.0,CALIFORNIA,2589.0,2589.0,1424.869270189343
2018,95062,6087.0,CALIFORNIA,892.3955897093217,892.3955897093217,1274.197242819898
2019,95062,6087.0,CALIFORNIA,974.767012687428,974.767012687428,1332.276816882627
2020,95062,6087.0,CALIFORNIA,1061.8926637124569,1061.8926637124569,1424.869270189343
2018,95064,6087.0,CALIFORNIA,796.8205128205128,796.8205128205128,1274.197242819898
2019,95064,6087.0,CALIFORNIA,880.7321428571429,880.7321428571429,1332.276816882627
2020,95064,6087.0,CALIFORNIA,978.7477477477478,978.7477477477478,1424.869270189343
2018,95065,6087.0,CALIFORNIA,1213.307524536532,1213.307524536532,1274.197242819898
2019,95065,6087.0,CALIFORNIA,1316.2215601300109,1316.2215601300109,1332.276816882627
2020,95065,6087.0,CALIFORNIA,1459.0569892473118,1459.0569892473118,1424.869270189343
2018,95066,6087.0,CALIFORNIA,1366.8945226917058,1366.8945226917058,1274.197242819898
2019,95066,6087.0,CALIFORNIA,1473.275076923077,1473.275076923077,1332.276816882627
2020,95066,6087.0,CALIFORNIA,1659.7272727272727,1659.7272727272727,1424.869270189343
2018,95070,6085.0,CALIFORNIA,1586.0145069808027,1586.0145069808027,1154.1746106965975
2019,95070,6085.0,CALIFORNIA,1704.3847736625514,1704.3847736625514,1220.7236294250579
2020,95070,6085.0,CALIFORNIA,1865.330367798633,1865.330367798633,1244.2814963886892
2019,95071,6085.0,CALIFORNIA,3961.0,3961.0,1220.7236294250579
2020,95071,6085.0,CALIFORNIA,32088.0,5190.254651625734,1244.2814963886892
2018,95073,6087.0,CALIFORNIA,1314.2193140794225,1314.2193140794225,1274.197242819898
2019,95073,6087.0,CALIFORNIA,1419.7381378692928,1419.7381378692928,1332.276816882627
2020,95073,6087.0,CALIFORNIA,1575.2136828076411,1575.2136828076411,1424.869270189343
2018,95075,6069.0,CALIFORNIA,1319.58407079646,1319.58407079646,1022.6230853395934
2019,95075,6069.0,CALIFORNIA,1421.6525423728813,1421.6525423728813,1128.0005918149363
2020,95075,6069.0,CALIFORNIA,1545.1083333333331,1545.1083333333331,1240.0290671778414
2018,95076,6087.0,CALIFORNIA,1029.8525511143855,1029.8525511143855,1274.197242819898
2019,95076,6087.0,CALIFORNIA,1093.745466144172,1093.745466144172,1332.276816882627
2020,95076,6087.0,CALIFORNIA,1193.4828717201167,1193.4828717201167,1424.869270189343
2018,95101,6085.0,CALIFORNIA,3914.0,3914.0,1154.1746106965975
2019,95101,6085.0,CALIFORNIA,2283.0,2283.0,1220.7236294250579
2020,95101,6085.0,CALIFORNIA,8050.5,5190.254651625734,1244.2814963886892
2018,95110,6085.0,CALIFORNIA,768.723704866562,768.723704866562,1154.1746106965975
2019,95110,6085.0,CALIFORNIA,811.2595777951525,811.2595777951525,1220.7236294250579
2020,95110,6085.0,CALIFORNIA,896.6851996867658,896.6851996867658,1244.2814963886892
2018,95111,6085.0,CALIFORNIA,744.1892749749416,744.1892749749416,1154.1746106965975
2019,95111,6085.0,CALIFORNIA,787.0951118475559,787.0951118475559,1220.7236294250579
2020,95111,6085.0,CALIFORNIA,882.0342477140482,882.0342477140482,1244.2814963886892
2018,95112,6085.0,CALIFORNIA,883.0935232464391,883.0935232464391,1154.1746106965975
2019,95112,6085.0,CALIFORNIA,937.4918296276452,937.4918296276452,1220.7236294250579
2020,95112,6085.0,CALIFORNIA,1047.2339102217416,1047.2339102217416,1244.2814963886892
2018,95113,6085.0,CALIFORNIA,978.75,978.75,1154.1746106965975
2019,95113,6085.0,CALIFORNIA,788.6666666666666,788.6666666666666,1220.7236294250579
2020,95113,6085.0,CALIFORNIA,939.3333333333334,939.3333333333334,1244.2814963886892
2018,95116,6085.0,CALIFORNIA,689.1319290465632,689.1319290465632,1154.1746106965975
2019,95116,6085.0,CALIFORNIA,734.4118948824344,734.4118948824344,1220.7236294250579
2020,95116,6085.0,CALIFORNIA,821.3409662105557,821.3409662105557,1244.2814963886892
2018,95117,6085.0,CALIFORNIA,835.5913335823683,835.5913335823683,1154.1746106965975
2019,95117,6085.0,CALIFORNIA,887.0641169853768,887.0641169853768,1220.7236294250579
2020,95117,6085.0,CALIFORNIA,968.23007518797,968.23007518797,1244.2814963886892
2018,95118,6085.0,CALIFORNIA,795.5623872519543,795.5623872519543,1154.1746106965975
2019,95118,6085.0,CALIFORNIA,848.1088222122705,848.1088222122705,1220.7236294250579
2020,95118,6085.0,CALIFORNIA,930.9512889688248,930.9512889688248,1244.2814963886892
2018,95119,6085.0,CALIFORNIA,834.5537045155634,834.5537045155634,1154.1746106965975
2019,95119,6085.0,CALIFORNIA,885.4803836094159,885.4803836094159,1220.7236294250579
2020,95119,6085.0,CALIFORNIA,977.9378238341968,977.9378238341968,1244.2814963886892
2018,95120,6085.0,CALIFORNIA,1175.4647279549715,1175.4647279549715,1154.1746106965975
2019,95120,6085.0,CALIFORNIA,1260.935038267687,1260.935038267687,1220.7236294250579
2020,95120,6085.0,CALIFORNIA,1388.4531541620008,1388.4531541620008,1244.2814963886892
2018,95121,6085.0,CALIFORNIA,809.1618968386023,809.1618968386023,1154.1746106965975
2019,95121,6085.0,CALIFORNIA,854.6598177299088,854.6598177299088,1220.7236294250579
2020,95121,6085.0,CALIFORNIA,956.9286427145709,956.9286427145709,1244.2814963886892
2018,95122,6085.0,CALIFORNIA,675.4524968451415,675.4524968451415,1154.1746106965975
2019,95122,6085.0,CALIFORNIA,718.5074332795988,718.5074332795988,1220.7236294250579
2020,95122,6085.0,CALIFORNIA,799.7244735445054,799.7244735445054,1244.2814963886892
2018,95123,6085.0,CALIFORNIA,814.1862781261527,814.1862781261527,1154.1746106965975
2019,95123,6085.0,CALIFORNIA,866.2940961766584,866.2940961766584,1220.7236294250579
2020,95123,6085.0,CALIFORNIA,951.6843598425918,951.6843598425918,1244.2814963886892
2018,95124,6085.0,CALIFORNIA,853.2861247253676,853.2861247253676,1154.1746106965975
2019,95124,6085.0,CALIFORNIA,911.2465143625064,911.2465143625064,1220.7236294250579
2020,95124,6085.0,CALIFORNIA,1007.763673193788,1007.763673193788,1244.2814963886892
2018,95125,6085.0,CALIFORNIA,1024.7506119118848,1024.7506119118848,1154.1746106965975
2019,95125,6085.0,CALIFORNIA,1105.735167206041,1105.735167206041,1220.7236294250579
2020,95125,6085.0,CALIFORNIA,1226.4503013402896,1226.4503013402896,1244.2814963886892
2018,95126,6085.0,CALIFORNIA,990.8170807453416,990.8170807453416,1154.1746106965975
2019,95126,6085.0,CALIFORNIA,1067.2187403993855,1067.2187403993855,1220.7236294250579
2020,95126,6085.0,CALIFORNIA,1187.8930448222566,1187.8930448222566,1244.2814963886892
2018,95127,6085.0,CALIFORNIA,857.8918611857055,857.8918611857055,1154.1746106965975
2019,95127,6085.0,CALIFORNIA,905.0171634121274,905.0171634121274,1220.7236294250579
2020,95127,6085.0,CALIFORNIA,1010.760127821874,1010.760127821874,1244.2814963886892
2018,95128,6085.0,CALIFORNIA,790.6541272570937,790.6541272570937,1154.1746106965975
2019,95128,6085.0,CALIFORNIA,834.7278156996587,834.7278156996587,1220.7236294250579
2020,95128,6085.0,CALIFORNIA,918.217540106952,918.217540106952,1244.2814963886892
2018,95129,6085.0,CALIFORNIA,798.6033970276009,798.6033970276009,1154.1746106965975
2019,95129,6085.0,CALIFORNIA,853.4942642685172,853.4942642685172,1220.7236294250579
2020,95129,6085.0,CALIFORNIA,923.2011674259682,923.2011674259682,1244.2814963886892
2018,95130,6085.0,CALIFORNIA,763.9839400428266,763.9839400428266,1154.1746106965975
2019,95130,6085.0,CALIFORNIA,811.4592857142857,811.4592857142857,1220.7236294250579
2020,95130,6085.0,CALIFORNIA,889.6500894454383,889.6500894454383,1244.2814963886892
2018,95131,6085.0,CALIFORNIA,742.1142857142858,742.1142857142858,1154.1746106965975
2019,95131,6085.0,CALIFORNIA,789.3659225044906,789.3659225044906,1220.7236294250579
2020,95131,6085.0,CALIFORNIA,872.6554665288188,872.6554665288188,1244.2814963886892
2018,95132,6085.0,CALIFORNIA,820.2444527549239,820.2444527549239,1154.1746106965975
2019,95132,6085.0,CALIFORNIA,869.3691233320862,869.3691233320862,1220.7236294250579
2020,95132,6085.0,CALIFORNIA,967.71857107294,967.71857107294,1244.2814963886892
2018,95133,6085.0,CALIFORNIA,782.9774028321783,782.9774028321783,1154.1746106965975
2019,95133,6085.0,CALIFORNIA,827.3250893921335,827.3250893921335,1220.7236294250579
2020,95133,6085.0,CALIFORNIA,913.1046337817638,913.1046337817638,1244.2814963886892
2018,95134,6085.0,CALIFORNIA,737.9051724137931,737.9051724137931,1154.1746106965975
2019,95134,6085.0,CALIFORNIA,812.5478260869565,812.5478260869565,1220.7236294250579
2020,95134,6085.0,CALIFORNIA,896.5675675675676,896.5675675675676,1244.2814963886892
2018,95135,6085.0,CALIFORNIA,1097.5388902964276,1097.5388902964276,1154.1746106965975
2019,95135,6085.0,CALIFORNIA,1165.4333996023856,1165.4333996023856,1220.7236294250579
2020,95135,6085.0,CALIFORNIA,1304.065602394612,1304.065602394612,1244.2814963886892
2018,95136,6085.0,CALIFORNIA,849.9566305254378,849.9566305254378,1154.1746106965975
2019,95136,6085.0,CALIFORNIA,903.9183908045976,903.9183908045976,1220.7236294250579
2020,95136,6085.0,CALIFORNIA,998.553664921466,998.553664921466,1244.2814963886892
2018,95138,6085.0,CALIFORNIA,1305.2769189042583,1305.2769189042583,1154.1746106965975
2019,95138,6085.0,CALIFORNIA,1412.7461600646725,1412.7461600646725,1220.7236294250579
2020,95138,6085.0,CALIFORNIA,1560.2596387166352,1560.2596387166352,1244.2814963886892
2018,95139,6085.0,CALIFORNIA,832.4863606121091,832.4863606121091,1154.1746106965975
2019,95139,6085.0,CALIFORNIA,888.3041474654378,888.3041474654378,1220.7236294250579
2020,95139,6085.0,CALIFORNIA,982.4540039708802,982.4540039708802,1244.2814963886892
2018,95140,6085.0,CALIFORNIA,2120.4239130434785,2120.4239130434785,1154.1746106965975
2019,95140,6085.0,CALIFORNIA,2336.4591836734694,2336.4591836734694,1220.7236294250579
2020,95140,6085.0,CALIFORNIA,2459.831683168317,2459.831683168317,1244.2814963886892
2018,95141,6085.0,CALIFORNIA,2037.8333333333333,2037.8333333333333,1154.1746106965975
2019,95141,6085.0,CALIFORNIA,2078.6923076923076,2078.6923076923076,1220.7236294250579
2020,95141,6085.0,CALIFORNIA,2350.769230769231,2350.769230769231,1244.2814963886892
2018,95148,6085.0,CALIFORNIA,927.1784185627394,927.1784185627394,1154.1746106965975
2019,95148,6085.0,CALIFORNIA,983.7294826048172,983.7294826048172,1220.7236294250579
2020,95148,6085.0,CALIFORNIA,1094.938216631415,1094.938216631415,1244.2814963886892
2018,95150,6085.0,CALIFORNIA,951.25,951.25,1154.1746106965975
2019,95150,6085.0,CALIFORNIA,794.75,794.75,1220.7236294250579
2020,95150,6085.0,CALIFORNIA,2339.25,2339.25,1244.2814963886892
2018,95164,6085.0,CALIFORNIA,1440.0,1440.0,1154.1746106965975
2019,95164,6085.0,CALIFORNIA,1715.0,1715.0,1220.7236294250579
2018,95202,6077.0,CALIFORNIA,1085.1341463414635,1085.1341463414635,929.3921121800823
2019,95202,6077.0,CALIFORNIA,1170.8117647058823,1170.8117647058823,977.4395511278572
2020,95202,6077.0,CALIFORNIA,1232.0,1232.0,1137.7025956523057
2018,95203,6077.0,CALIFORNIA,810.4500737825873,810.4500737825873,929.3921121800823
2019,95203,6077.0,CALIFORNIA,842.0369843527739,842.0369843527739,977.4395511278572
2020,95203,6077.0,CALIFORNIA,896.630314232902,896.630314232902,1137.7025956523057
2018,95204,6077.0,CALIFORNIA,810.9330261642258,810.9330261642258,929.3921121800823
2019,95204,6077.0,CALIFORNIA,850.4117834903401,850.4117834903401,977.4395511278572
2020,95204,6077.0,CALIFORNIA,913.3143802173572,913.3143802173572,1137.7025956523057
2018,95205,6077.0,CALIFORNIA,685.6303738317757,685.6303738317757,929.3921121800823
2019,95205,6077.0,CALIFORNIA,722.2894855595667,722.2894855595667,977.4395511278572
2020,95205,6077.0,CALIFORNIA,786.8717553893533,786.8717553893533,1137.7025956523057
2018,95206,6077.0,CALIFORNIA,742.9334391534392,742.9334391534392,929.3921121800823
2019,95206,6077.0,CALIFORNIA,791.7249743062692,791.7249743062692,977.4395511278572
2020,95206,6077.0,CALIFORNIA,869.6987879394972,869.6987879394972,1137.7025956523057
2018,95207,6077.0,CALIFORNIA,847.4451381301701,847.4451381301701,929.3921121800823
2019,95207,6077.0,CALIFORNIA,890.1689385817124,890.1689385817124,977.4395511278572
2020,95207,6077.0,CALIFORNIA,960.4399939540508,960.4399939540508,1137.7025956523057
2018,95209,6077.0,CALIFORNIA,883.9223408989764,883.9223408989764,929.3921121800823
2019,95209,6077.0,CALIFORNIA,937.4886437378326,937.4886437378326,977.4395511278572
2020,95209,6077.0,CALIFORNIA,1016.318926344711,1016.318926344711,1137.7025956523057
2018,95210,6077.0,CALIFORNIA,734.0690441633838,734.0690441633838,929.3921121800823
2019,95210,6077.0,CALIFORNIA,767.8467241033861,767.8467241033861,977.4395511278572
2020,95210,6077.0,CALIFORNIA,833.5174315540673,833.5174315540673,1137.7025956523057
2018,95212,6077.0,CALIFORNIA,974.6586726157278,974.6586726157278,929.3921121800823
2019,95212,6077.0,CALIFORNIA,1034.5632911392406,1034.5632911392406,977.4395511278572
2020,95212,6077.0,CALIFORNIA,1118.304910476866,1118.304910476866,1137.7025956523057
2018,95215,6077.0,CALIFORNIA,823.2774919614147,823.2774919614147,929.3921121800823
2019,95215,6077.0,CALIFORNIA,869.7141061891298,869.7141061891298,977.4395511278572
2020,95215,6077.0,CALIFORNIA,938.7470733210104,938.7470733210104,1137.7025956523057
2018,95219,6077.0,CALIFORNIA,1049.261519735698,1049.261519735698,929.3921121800823
2019,95219,6077.0,CALIFORNIA,1118.7373530914665,1118.7373530914665,977.4395511278572
2020,95219,6077.0,CALIFORNIA,1205.430779458202,1205.430779458202,1137.7025956523057
2018,95220,6077.0,CALIFORNIA,1158.9250996015935,1158.9250996015935,929.3921121800823
2019,95220,6077.0,CALIFORNIA,1214.2552693208431,1214.2552693208431,977.4395511278572
2020,95220,6077.0,CALIFORNIA,1344.687159533074,1344.687159533074,1137.7025956523057
2018,95221,6009.0,CALIFORNIA,1174.8636363636365,1174.8636363636365,990.7815725767072
2019,95221,6009.0,CALIFORNIA,1438.2857142857142,1438.2857142857142,1218.402822849711
2020,95221,6009.0,CALIFORNIA,1639.7826086956522,1639.7826086956522,1181.4613965046149
2018,95222,6009.0,CALIFORNIA,1206.1420074349442,1206.1420074349442,990.7815725767072
2019,95222,6009.0,CALIFORNIA,1278.3891696750902,1278.3891696750902,1218.402822849711
2020,95222,6009.0,CALIFORNIA,1479.8231197771588,1479.8231197771588,1181.4613965046149
2018,95223,6009.0,CALIFORNIA,1228.7262605042015,1228.7262605042015,990.7815725767072
2019,95223,6009.0,CALIFORNIA,1269.9500108201687,1269.9500108201687,1218.402822849711
2020,95223,6009.0,CALIFORNIA,1257.6643794147326,1257.6643794147326,1181.4613965046149
2018,95224,6009.0,CALIFORNIA,1268.1555555555556,1268.1555555555556,990.7815725767072
2019,95224,6009.0,CALIFORNIA,1308.2296296296297,1308.2296296296297,1218.402822849711
2020,95224,6009.0,CALIFORNIA,1352.1418439716313,1352.1418439716313,1181.4613965046149
2018,95225,6009.0,CALIFORNIA,1195.7278106508877,1195.7278106508877,990.7815725767072
2019,95225,6009.0,CALIFORNIA,1311.7939393939394,1311.7939393939394,1218.402822849711
2020,95225,6009.0,CALIFORNIA,1540.1823529411763,1540.1823529411763,1181.4613965046149
2018,95226,6009.0,CALIFORNIA,1373.1538461538462,1373.1538461538462,990.7815725767072
2019,95226,6009.0,CALIFORNIA,1527.076923076923,1527.076923076923,1218.402822849711
2020,95226,6009.0,CALIFORNIA,1776.2666666666669,1776.2666666666669,1181.4613965046149
2018,95227,6077.0,CALIFORNIA,1255.8831168831168,1255.8831168831168,929.3921121800823
2019,95227,6077.0,CALIFORNIA,1361.7368421052631,1361.7368421052631,977.4395511278572
2020,95227,6077.0,CALIFORNIA,1465.391304347826,1465.391304347826,1137.7025956523057
2018,95228,6009.0,CALIFORNIA,1120.966850828729,1120.966850828729,990.7815725767072
2019,95228,6009.0,CALIFORNIA,1228.3654054054057,1228.3654054054057,1218.402822849711
2020,95228,6009.0,CALIFORNIA,1441.2947586922678,1441.2947586922678,1181.4613965046149
2018,95229,6009.0,CALIFORNIA,934.9,934.9,990.7815725767072
2019,95229,6009.0,CALIFORNIA,1032.321428571429,1032.321428571429,1218.402822849711
2020,95229,6009.0,CALIFORNIA,1239.448275862069,1239.448275862069,1181.4613965046149
2018,95230,6077.0,CALIFORNIA,960.2758620689656,960.2758620689656,929.3921121800823
2019,95230,6077.0,CALIFORNIA,988.609375,988.609375,977.4395511278572
2020,95230,6077.0,CALIFORNIA,1102.6875,1102.6875,1137.7025956523057
2018,95231,6077.0,CALIFORNIA,848.0208333333334,848.0208333333334,929.3921121800823
2019,95231,6077.0,CALIFORNIA,879.1514285714286,879.1514285714286,977.4395511278572
2020,95231,6077.0,CALIFORNIA,973.8487394957984,973.8487394957984,1137.7025956523057
2018,95232,6009.0,CALIFORNIA,1275.2564102564102,1275.2564102564102,990.7815725767072
2019,95232,6009.0,CALIFORNIA,1385.20987654321,1385.20987654321,1218.402822849711
2020,95232,6009.0,CALIFORNIA,1419.6666666666667,1419.6666666666667,1181.4613965046149
2018,95233,6009.0,CALIFORNIA,1217.6223776223776,1217.6223776223776,990.7815725767072
2019,95233,6009.0,CALIFORNIA,1248.1678832116788,1248.1678832116788,1218.402822849711
2020,95233,6009.0,CALIFORNIA,1144.1635220125786,1144.1635220125786,1181.4613965046149
2018,95236,6077.0,CALIFORNIA,1067.037634408602,1067.037634408602,929.3921121800823
2019,95236,6077.0,CALIFORNIA,1134.8247011952192,1134.8247011952192,977.4395511278572
2020,95236,6077.0,CALIFORNIA,1253.6068601583113,1253.6068601583113,1137.7025956523057
2018,95237,6077.0,CALIFORNIA,877.6760563380282,877.6760563380282,929.3921121800823
2019,95237,6077.0,CALIFORNIA,911.8018995929444,911.8018995929444,977.4395511278572
2020,95237,6077.0,CALIFORNIA,989.0389784946236,989.0389784946236,1137.7025956523057
2018,95240,6077.0,CALIFORNIA,841.4338538597525,841.4338538597525,929.3921121800823
2019,95240,6077.0,CALIFORNIA,880.1830280480824,880.1830280480824,977.4395511278572
2020,95240,6077.0,CALIFORNIA,935.199207135778,935.199207135778,1137.7025956523057
2018,95242,6077.0,CALIFORNIA,870.8020176544767,870.8020176544767,929.3921121800823
2019,95242,6077.0,CALIFORNIA,920.9892522647012,920.9892522647012,977.4395511278572
2020,95242,6077.0,CALIFORNIA,973.4212170807916,973.4212170807916,1137.7025956523057
2018,95245,6009.0,CALIFORNIA,1274.691111111111,1274.691111111111,990.7815725767072
2019,95245,6009.0,CALIFORNIA,1376.2103092783505,1376.2103092783505,1218.402822849711
2020,95245,6009.0,CALIFORNIA,1515.0945945945946,1515.0945945945946,1181.4613965046149
2018,95246,6009.0,CALIFORNIA,1317.725768321513,1317.725768321513,990.7815725767072
2019,95246,6009.0,CALIFORNIA,1383.353348729792,1383.353348729792,1218.402822849711
2020,95246,6009.0,CALIFORNIA,1470.5555555555557,1470.5555555555557,1181.4613965046149
2018,95247,6009.0,CALIFORNIA,1397.7488114104597,1397.7488114104597,990.7815725767072
2019,95247,6009.0,CALIFORNIA,1487.1497659906397,1487.1497659906397,1218.402822849711
2020,95247,6009.0,CALIFORNIA,1511.970457902511,1511.970457902511,1181.4613965046149
2018,95248,6009.0,CALIFORNIA,1796.576923076923,1796.576923076923,990.7815725767072
2019,95248,6009.0,CALIFORNIA,1827.548076923077,1827.548076923077,1218.402822849711
2020,95248,6009.0,CALIFORNIA,1698.4351851851852,1698.4351851851852,1181.4613965046149
2018,95249,6009.0,CALIFORNIA,1084.6111908177904,1084.6111908177904,990.7815725767072
2019,95249,6009.0,CALIFORNIA,1140.7062937062938,1140.7062937062938,1218.402822849711
2020,95249,6009.0,CALIFORNIA,1285.0712328767124,1285.0712328767124,1181.4613965046149
2018,95251,6009.0,CALIFORNIA,1269.4698795180725,1269.4698795180725,990.7815725767072
2019,95251,6009.0,CALIFORNIA,1332.9151515151516,1332.9151515151516,1218.402822849711
2020,95251,6009.0,CALIFORNIA,1384.620481927711,1384.620481927711,1181.4613965046149
2018,95252,6009.0,CALIFORNIA,1016.6488377905524,1016.6488377905524,990.7815725767072
2019,95252,6009.0,CALIFORNIA,1100.1396461023437,1100.1396461023437,1218.402822849711
2020,95252,6009.0,CALIFORNIA,1290.500468164794,1290.500468164794,1181.4613965046149
2018,95253,6077.0,CALIFORNIA,730.8888888888889,730.8888888888889,929.3921121800823
2019,95253,6077.0,CALIFORNIA,785.0,785.0,977.4395511278572
2020,95253,6077.0,CALIFORNIA,758.0416666666666,758.0416666666666,1137.7025956523057
2018,95254,6009.0,CALIFORNIA,1347.4712041884816,1347.4712041884816,990.7815725767072
2019,95254,6009.0,CALIFORNIA,1425.0824175824175,1425.0824175824175,1218.402822849711
2020,95254,6009.0,CALIFORNIA,1680.6178010471203,1680.6178010471203,1181.4613965046149
2018,95255,6009.0,CALIFORNIA,1208.7024070021882,1208.7024070021882,990.7815725767072
2019,95255,6009.0,CALIFORNIA,1228.7666666666669,1228.7666666666669,1218.402822849711
2020,95255,6009.0,CALIFORNIA,1203.1991614255764,1203.1991614255764,1181.4613965046149
2018,95257,6009.0,CALIFORNIA,1160.76,1160.76,990.7815725767072
2019,95257,6009.0,CALIFORNIA,1110.8984375,1110.8984375,1218.402822849711
2020,95257,6009.0,CALIFORNIA,1034.897810218978,1034.897810218978,1181.4613965046149
2018,95258,6077.0,CALIFORNIA,994.1199606686332,994.1199606686332,929.3921121800823
2019,95258,6077.0,CALIFORNIA,1051.7757281553395,1051.7757281553395,977.4395511278572
2020,95258,6077.0,CALIFORNIA,1104.3696275071634,1104.3696275071634,1137.7025956523057
2020,95269,6077.0,CALIFORNIA,741.0,741.0,1137.7025956523057
2018,95301,6047.0,CALIFORNIA,709.1391171993912,709.1391171993912,1023.8970727080153
2019,95301,6047.0,CALIFORNIA,756.8419030732861,756.8419030732861,960.6896695034983
2020,95301,6047.0,CALIFORNIA,863.1713049747657,863.1713049747657,1172.3820137698801
2018,95303,6047.0,CALIFORNIA,793.4,793.4,1023.8970727080153
2019,95303,6047.0,CALIFORNIA,851.5757575757576,851.5757575757576,960.6896695034983
2020,95303,6047.0,CALIFORNIA,967.75,967.75,1172.3820137698801
2018,95304,6077.0,CALIFORNIA,1106.9782433521357,1106.9782433521357,929.3921121800823
2019,95304,6077.0,CALIFORNIA,1187.6170212765958,1187.6170212765958,977.4395511278572
2020,95304,6077.0,CALIFORNIA,1324.3050913330742,1324.3050913330742,1137.7025956523057
2018,95305,6109.0,CALIFORNIA,1081.3636363636365,1081.3636363636365,1190.4764180163434
2019,95305,6109.0,CALIFORNIA,1087.0833333333333,1087.0833333333333,1305.9087055564555
2020,95305,6109.0,CALIFORNIA,1076.107142857143,1076.107142857143,1426.8980011137726
2018,95306,6043.0,CALIFORNIA,1535.2122905027934,1535.2122905027934,1121.2366497655314
2019,95306,6043.0,CALIFORNIA,1590.8743718592964,1590.8743718592964,1105.9445277233365
2020,95306,6043.0,CALIFORNIA,1672.075,1672.075,1199.7146806311664
2018,95307,6099.0,CALIFORNIA,713.8233447488584,713.8233447488584,959.4499646327847
2019,95307,6099.0,CALIFORNIA,755.4,755.4,1010.0026222995392
2020,95307,6099.0,CALIFORNIA,852.3850684931507,852.3850684931507,1209.6824420593593
2018,95309,6109.0,CALIFORNIA,1131.3076923076924,1131.3076923076924,1190.4764180163434
2019,95309,6109.0,CALIFORNIA,1217.6410256410256,1217.6410256410256,1305.9087055564555
2020,95309,6109.0,CALIFORNIA,1422.6666666666667,1422.6666666666667,1426.8980011137726
2018,95310,6109.0,CALIFORNIA,1326.8848484848486,1326.8848484848486,1190.4764180163434
2019,95310,6109.0,CALIFORNIA,1355.064417177914,1355.064417177914,1305.9087055564555
2020,95310,6109.0,CALIFORNIA,1342.8773841961852,1342.8773841961852,1426.8980011137726
2018,95311,6043.0,CALIFORNIA,1153.5380952380951,1153.5380952380951,1121.2366497655314
2019,95311,6043.0,CALIFORNIA,1248.4976525821596,1248.4976525821596,1105.9445277233365
2020,95311,6043.0,CALIFORNIA,1306.236111111111,1306.236111111111,1199.7146806311664
2018,95312,6047.0,CALIFORNIA,826.15,826.15,1023.8970727080153
2019,95312,6047.0,CALIFORNIA,782.3,782.3,960.6896695034983
2020,95312,6047.0,CALIFORNIA,954.608695652174,954.608695652174,1172.3820137698801
2018,95313,6099.0,CALIFORNIA,743.89,743.89,959.4499646327847
2019,95313,6099.0,CALIFORNIA,770.7843137254902,770.7843137254902,1010.0026222995392
2020,95313,6099.0,CALIFORNIA,923.4141414141416,923.4141414141416,1209.6824420593593
2018,95315,6047.0,CALIFORNIA,637.4779487179487,637.4779487179487,1023.8970727080153
2019,95315,6047.0,CALIFORNIA,684.196,684.196,960.6896695034983
2020,95315,6047.0,CALIFORNIA,768.6679822397632,768.6679822397632,1172.3820137698801
2018,95316,6099.0,CALIFORNIA,717.6200466200467,717.6200466200467,959.4499646327847
2019,95316,6099.0,CALIFORNIA,774.22949586155,774.22949586155,1010.0026222995392
2020,95316,6099.0,CALIFORNIA,886.7560262965668,886.7560262965668,1209.6824420593593
2018,95317,6047.0,CALIFORNIA,1022.0869565217392,1022.0869565217392,1023.8970727080153
2019,95317,6047.0,CALIFORNIA,1107.0,1107.0,960.6896695034983
2020,95317,6047.0,CALIFORNIA,1141.142857142857,1141.142857142857,1172.3820137698801
2018,95318,6043.0,CALIFORNIA,1277.842105263158,1277.842105263158,1121.2366497655314
2019,95318,6043.0,CALIFORNIA,1337.888888888889,1337.888888888889,1105.9445277233365
2020,95318,6043.0,CALIFORNIA,1400.438596491228,1400.438596491228,1199.7146806311664
2018,95319,6099.0,CALIFORNIA,664.03125,664.03125,959.4499646327847
2019,95319,6099.0,CALIFORNIA,690.7695652173913,690.7695652173913,1010.0026222995392
2020,95319,6099.0,CALIFORNIA,744.7727272727273,744.7727272727273,1209.6824420593593
2018,95320,6077.0,CALIFORNIA,822.4968071519795,822.4968071519795,929.3921121800823
2019,95320,6077.0,CALIFORNIA,866.6723070573669,866.6723070573669,977.4395511278572
2020,95320,6077.0,CALIFORNIA,977.2438925081432,977.2438925081432,1137.7025956523057
2018,95321,6109.0,CALIFORNIA,1296.5834202294056,1296.5834202294056,1190.4764180163434
2019,95321,6109.0,CALIFORNIA,1381.8437986507524,1381.8437986507524,1305.9087055564555
2020,95321,6109.0,CALIFORNIA,1362.9780487804878,1362.9780487804878,1426.8980011137726
2018,95322,6047.0,CALIFORNIA,695.041450777202,695.041450777202,1023.8970727080153
2019,95322,6047.0,CALIFORNIA,746.3466583385384,746.3466583385384,960.6896695034983
2020,95322,6047.0,CALIFORNIA,826.1938461538462,826.1938461538462,1172.3820137698801
2018,95323,6099.0,CALIFORNIA,828.9230769230769,828.9230769230769,959.4499646327847
2019,95323,6099.0,CALIFORNIA,859.7702702702703,859.7702702702703,1010.0026222995392
2020,95323,6099.0,CALIFORNIA,976.006711409396,976.006711409396,1209.6824420593593
2018,95324,6047.0,CALIFORNIA,678.2438803263826,678.2438803263826,1023.8970727080153
2019,95324,6047.0,CALIFORNIA,711.7473958333334,711.7473958333334,960.6896695034983
2020,95324,6047.0,CALIFORNIA,834.3322091062395,834.3322091062395,1172.3820137698801
2018,95325,6043.0,CALIFORNIA,1336.4545454545455,1336.4545454545455,1121.2366497655314
2019,95325,6043.0,CALIFORNIA,1435.2727272727273,1435.2727272727273,1105.9445277233365
2020,95325,6043.0,CALIFORNIA,1461.9166666666667,1461.9166666666667,1199.7146806311664
2018,95326,6099.0,CALIFORNIA,736.2419967444384,736.2419967444384,959.4499646327847
2019,95326,6099.0,CALIFORNIA,783.8537611783272,783.8537611783272,1010.0026222995392
2020,95326,6099.0,CALIFORNIA,891.4226804123712,891.4226804123712,1209.6824420593593
2018,95327,6109.0,CALIFORNIA,1103.0580357142858,1103.0580357142858,1190.4764180163434
2019,95327,6109.0,CALIFORNIA,1167.4113402061855,1167.4113402061855,1305.9087055564555
2020,95327,6109.0,CALIFORNIA,1276.3053359683795,1276.3053359683795,1426.8980011137726
2018,95328,6099.0,CALIFORNIA,621.6361149110808,621.6361149110808,959.4499646327847
2019,95328,6099.0,CALIFORNIA,657.0013106159895,657.0013106159895,1010.0026222995392
2020,95328,6099.0,CALIFORNIA,733.2815286624203,733.2815286624203,1209.6824420593593
2018,95329,6109.0,CALIFORNIA,1012.1564885496184,1012.1564885496184,1190.4764180163434
2019,95329,6109.0,CALIFORNIA,1096.5899014778324,1096.5899014778324,1305.9087055564555
2020,95329,6109.0,CALIFORNIA,1225.2857142857142,1225.2857142857142,1426.8980011137726
2018,95330,6077.0,CALIFORNIA,740.4451170298628,740.4451170298628,929.3921121800823
2019,95330,6077.0,CALIFORNIA,784.9088868101029,784.9088868101029,977.4395511278572
2020,95330,6077.0,CALIFORNIA,861.9141466805701,861.9141466805701,1137.7025956523057
2018,95333,6047.0,CALIFORNIA,675.3219373219373,675.3219373219373,1023.8970727080153
2019,95333,6047.0,CALIFORNIA,712.7095890410959,712.7095890410959,960.6896695034983
2020,95333,6047.0,CALIFORNIA,803.9061662198392,803.9061662198392,1172.3820137698801
2018,95334,6047.0,CALIFORNIA,662.0603085553997,662.0603085553997,1023.8970727080153
2019,95334,6047.0,CALIFORNIA,697.0753724802804,697.0753724802804,960.6896695034983
2020,95334,6047.0,CALIFORNIA,783.3219983207389,783.3219983207389,1172.3820137698801
2018,95335,6109.0,CALIFORNIA,1067.8336414048058,1067.8336414048058,1190.4764180163434
2019,95335,6109.0,CALIFORNIA,1071.6545454545455,1071.6545454545455,1305.9087055564555
2020,95335,6109.0,CALIFORNIA,983.9614243323442,983.9614243323442,1426.8980011137726
2018,95336,6077.0,CALIFORNIA,764.1222676200205,764.1222676200205,929.3921121800823
2019,95336,6077.0,CALIFORNIA,809.9286714685875,809.9286714685875,977.4395511278572
2020,95336,6077.0,CALIFORNIA,873.3278931750742,873.3278931750742,1137.7025956523057
2018,95337,6077.0,CALIFORNIA,779.4638539353565,779.4638539353565,929.3921121800823
2019,95337,6077.0,CALIFORNIA,824.4412442396314,824.4412442396314,977.4395511278572
2020,95337,6077.0,CALIFORNIA,899.6595256312165,899.6595256312165,1137.7025956523057
2018,95338,6043.0,CALIFORNIA,1271.55,1271.55,1121.2366497655314
2019,95338,6043.0,CALIFORNIA,1368.0875309661435,1368.0875309661435,1105.9445277233365
2020,95338,6043.0,CALIFORNIA,1445.2937174869949,1445.2937174869949,1199.7146806311664
2018,95340,6047.0,CALIFORNIA,752.7842729970326,752.7842729970326,1023.8970727080153
2019,95340,6047.0,CALIFORNIA,796.4798428176393,796.4798428176393,960.6896695034983
2020,95340,6047.0,CALIFORNIA,896.514999302358,896.514999302358,1172.3820137698801
2018,95341,6047.0,CALIFORNIA,590.4567654123299,590.4567654123299,1023.8970727080153
2019,95341,6047.0,CALIFORNIA,619.024805102764,619.024805102764,960.6896695034983
2020,95341,6047.0,CALIFORNIA,684.0099614395887,684.0099614395887,1172.3820137698801
2018,95345,6043.0,CALIFORNIA,1418.0,1418.0,1121.2366497655314
2019,95345,6043.0,CALIFORNIA,1456.7549019607843,1456.7549019607843,1105.9445277233365
2020,95345,6043.0,CALIFORNIA,1481.4,1481.4,1199.7146806311664
2018,95346,6109.0,CALIFORNIA,1072.0132352941175,1072.0132352941175,1190.4764180163434
2019,95346,6109.0,CALIFORNIA,1051.5263157894738,1051.5263157894738,1305.9087055564555
2020,95346,6109.0,CALIFORNIA,962.7313237221496,962.7313237221496,1426.8980011137726
2018,95347,6109.0,CALIFORNIA,1306.2857142857142,1306.2857142857142,1190.4764180163434
2019,95347,6109.0,CALIFORNIA,1422.125,1422.125,1305.9087055564555
2020,95347,6109.0,CALIFORNIA,1114.0,1114.0,1426.8980011137726
2018,95348,6047.0,CALIFORNIA,685.7002146434534,685.7002146434534,1023.8970727080153
2019,95348,6047.0,CALIFORNIA,713.5103586544888,713.5103586544888,960.6896695034983
2020,95348,6047.0,CALIFORNIA,789.6366479049406,789.6366479049406,1172.3820137698801
2018,95350,6099.0,CALIFORNIA,713.362435500516,713.362435500516,959.4499646327847
2019,95350,6099.0,CALIFORNIA,753.8081459824579,753.8081459824579,1010.0026222995392
2020,95350,6099.0,CALIFORNIA,829.8330524437395,829.8330524437395,1209.6824420593593
2018,95351,6099.0,CALIFORNIA,655.2890310786106,655.2890310786106,959.4499646327847
2019,95351,6099.0,CALIFORNIA,692.4165632204291,692.4165632204291,1010.0026222995392
2020,95351,6099.0,CALIFORNIA,770.7048776192992,770.7048776192992,1209.6824420593593
2018,95353,6099.0,CALIFORNIA,3007.0,3007.0,959.4499646327847
2019,95353,6099.0,CALIFORNIA,777.0,777.0,1010.0026222995392
2020,95353,6099.0,CALIFORNIA,1308.0,1308.0,1209.6824420593593
2018,95354,6099.0,CALIFORNIA,716.0475737392959,716.0475737392959,959.4499646327847
2019,95354,6099.0,CALIFORNIA,747.8899356617648,747.8899356617648,1010.0026222995392
2020,95354,6099.0,CALIFORNIA,833.9049232158989,833.9049232158989,1209.6824420593593
2018,95355,6099.0,CALIFORNIA,759.129861568886,759.129861568886,959.4499646327847
2019,95355,6099.0,CALIFORNIA,801.7526143529975,801.7526143529975,1010.0026222995392
2020,95355,6099.0,CALIFORNIA,888.2183628665516,888.2183628665516,1209.6824420593593
2018,95356,6099.0,CALIFORNIA,930.9808149674964,930.9808149674964,959.4499646327847
2019,95356,6099.0,CALIFORNIA,1000.009497119726,1000.009497119726,1010.0026222995392
2020,95356,6099.0,CALIFORNIA,1095.6562877871827,1095.6562877871827,1209.6824420593593
2018,95357,6099.0,CALIFORNIA,767.2750104646295,767.2750104646295,959.4499646327847
2019,95357,6099.0,CALIFORNIA,817.6477782307379,817.6477782307379,1010.0026222995392
2020,95357,6099.0,CALIFORNIA,922.3881204231084,922.3881204231084,1209.6824420593593
2018,95358,6099.0,CALIFORNIA,701.084331797235,701.084331797235,959.4499646327847
2019,95358,6099.0,CALIFORNIA,737.4466606902735,737.4466606902735,1010.0026222995392
2020,95358,6099.0,CALIFORNIA,835.3612845673506,835.3612845673506,1209.6824420593593
2018,95360,6099.0,CALIFORNIA,702.0623430962343,702.0623430962343,959.4499646327847
2019,95360,6099.0,CALIFORNIA,740.6748807631161,740.6748807631161,1010.0026222995392
2020,95360,6099.0,CALIFORNIA,813.7686305111198,813.7686305111198,1209.6824420593593
2018,95361,6099.0,CALIFORNIA,830.1280306252659,830.1280306252659,959.4499646327847
2019,95361,6099.0,CALIFORNIA,882.2946502057613,882.2946502057613,1010.0026222995392
2020,95361,6099.0,CALIFORNIA,976.106857838496,976.106857838496,1209.6824420593593
2018,95363,6099.0,CALIFORNIA,800.7618764845606,800.7618764845606,959.4499646327847
2019,95363,6099.0,CALIFORNIA,855.9698358151967,855.9698358151967,1010.0026222995392
2020,95363,6099.0,CALIFORNIA,973.0154019534184,973.0154019534184,1209.6824420593593
2018,95364,6109.0,CALIFORNIA,1117.8288288288288,1117.8288288288288,1190.4764180163434
2019,95364,6109.0,CALIFORNIA,1128.6413373860182,1128.6413373860182,1305.9087055564555
2020,95364,6109.0,CALIFORNIA,1155.9295774647887,1155.9295774647887,1426.8980011137726
2018,95365,6047.0,CALIFORNIA,606.7456445993031,606.7456445993031,1023.8970727080153
2019,95365,6047.0,CALIFORNIA,638.8297520661157,638.8297520661157,960.6896695034983
2020,95365,6047.0,CALIFORNIA,710.8649517684887,710.8649517684887,1172.3820137698801
2018,95366,6077.0,CALIFORNIA,872.8369077306733,872.8369077306733,929.3921121800823
2019,95366,6077.0,CALIFORNIA,932.8244680851064,932.8244680851064,977.4395511278572
2020,95366,6077.0,CALIFORNIA,1020.1092754307292,1020.1092754307292,1137.7025956523057
2018,95367,6099.0,CALIFORNIA,722.2115085536548,722.2115085536548,959.4499646327847
2019,95367,6099.0,CALIFORNIA,769.1450294620795,769.1450294620795,1010.0026222995392
2020,95367,6099.0,CALIFORNIA,852.4982152921285,852.4982152921285,1209.6824420593593
2018,95368,6099.0,CALIFORNIA,739.0262172284645,739.0262172284645,959.4499646327847
2019,95368,6099.0,CALIFORNIA,781.8384921851057,781.8384921851057,1010.0026222995392
2020,95368,6099.0,CALIFORNIA,867.9417327638804,867.9417327638804,1209.6824420593593
2018,95369,6047.0,CALIFORNIA,749.1794871794872,749.1794871794872,1023.8970727080153
2019,95369,6047.0,CALIFORNIA,792.2875,792.2875,960.6896695034983
2020,95369,6047.0,CALIFORNIA,919.8518518518518,919.8518518518518,1172.3820137698801
2018,95370,6109.0,CALIFORNIA,1196.2165222006015,1196.2165222006015,1190.4764180163434
2019,95370,6109.0,CALIFORNIA,1198.5960276047804,1198.5960276047804,1305.9087055564555
2020,95370,6109.0,CALIFORNIA,1228.7476387249114,1228.7476387249114,1426.8980011137726
2018,95372,6109.0,CALIFORNIA,1059.062906724512,1059.062906724512,1190.4764180163434
2019,95372,6109.0,CALIFORNIA,1111.2274678111587,1111.2274678111587,1305.9087055564555
2020,95372,6109.0,CALIFORNIA,1157.7350096711798,1157.7350096711798,1426.8980011137726
2018,95374,6047.0,CALIFORNIA,716.816513761468,716.816513761468,1023.8970727080153
2019,95374,6047.0,CALIFORNIA,775.3103448275862,775.3103448275862,960.6896695034983
2020,95374,6047.0,CALIFORNIA,906.6280991735536,906.6280991735536,1172.3820137698801
2018,95375,6109.0,CALIFORNIA,1197.7262773722628,1197.7262773722628,1190.4764180163434
2019,95375,6109.0,CALIFORNIA,1242.375,1242.375,1305.9087055564555
2020,95375,6109.0,CALIFORNIA,1368.195512820513,1368.195512820513,1426.8980011137726
2018,95376,6077.0,CALIFORNIA,816.9028595458368,816.9028595458368,929.3921121800823
2019,95376,6077.0,CALIFORNIA,865.1320696084524,865.1320696084524,977.4395511278572
2020,95376,6077.0,CALIFORNIA,963.2907990563136,963.2907990563136,1137.7025956523057
2018,95377,6077.0,CALIFORNIA,938.535725380553,938.535725380553,929.3921121800823
2019,95377,6077.0,CALIFORNIA,990.8560131304088,990.8560131304088,977.4395511278572
2020,95377,6077.0,CALIFORNIA,1084.883089476646,1084.883089476646,1137.7025956523057
2018,95379,6109.0,CALIFORNIA,1124.8352638352635,1124.8352638352635,1190.4764180163434
2019,95379,6109.0,CALIFORNIA,1122.3550446998722,1122.3550446998722,1305.9087055564555
2020,95379,6109.0,CALIFORNIA,1138.739179954442,1138.739179954442,1426.8980011137726
2018,95380,6099.0,CALIFORNIA,669.4996265870052,669.4996265870052,959.4499646327847
2019,95380,6099.0,CALIFORNIA,699.7859447830764,699.7859447830764,1010.0026222995392
2020,95380,6099.0,CALIFORNIA,791.1771886989885,791.1771886989885,1209.6824420593593
2020,95381,6099.0,CALIFORNIA,256.0,571.7662565339767,1209.6824420593593
2018,95382,6099.0,CALIFORNIA,762.3053812257979,762.3053812257979,959.4499646327847
2019,95382,6099.0,CALIFORNIA,808.8121655136405,808.8121655136405,1010.0026222995392
2020,95382,6099.0,CALIFORNIA,906.6735817646304,906.6735817646304,1209.6824420593593
2018,95383,6109.0,CALIFORNIA,1202.267027027027,1202.267027027027,1190.4764180163434
2019,95383,6109.0,CALIFORNIA,1191.5704109589042,1191.5704109589042,1305.9087055564555
2020,95383,6109.0,CALIFORNIA,1108.746046091279,1108.746046091279,1426.8980011137726
2018,95385,6099.0,CALIFORNIA,1363.0,1363.0,959.4499646327847
2019,95385,6099.0,CALIFORNIA,1367.75,1367.75,1010.0026222995392
2020,95385,6099.0,CALIFORNIA,1453.0,1453.0,1209.6824420593593
2018,95386,6099.0,CALIFORNIA,677.9315295416897,677.9315295416897,959.4499646327847
2019,95386,6099.0,CALIFORNIA,717.4430652995143,717.4430652995143,1010.0026222995392
2020,95386,6099.0,CALIFORNIA,815.4854266030736,815.4854266030736,1209.6824420593593
2018,95387,6099.0,CALIFORNIA,798.6875,798.6875,959.4499646327847
2019,95387,6099.0,CALIFORNIA,836.75,836.75,1010.0026222995392
2020,95387,6099.0,CALIFORNIA,920.3125,920.3125,1209.6824420593593
2018,95388,6047.0,CALIFORNIA,603.4074526572999,603.4074526572999,1023.8970727080153
2019,95388,6047.0,CALIFORNIA,631.0527509926262,631.0527509926262,960.6896695034983
2020,95388,6047.0,CALIFORNIA,714.0142543859649,714.0142543859649,1172.3820137698801
2018,95389,6043.0,CALIFORNIA,1337.2173913043478,1337.2173913043478,1121.2366497655314
2019,95389,6043.0,CALIFORNIA,1360.3909465020577,1360.3909465020577,1105.9445277233365
2020,95389,6043.0,CALIFORNIA,1337.942528735632,1337.942528735632,1199.7146806311664
2018,95391,6077.0,CALIFORNIA,832.9288,832.9288,929.3921121800823
2019,95391,6077.0,CALIFORNIA,864.1343882853095,864.1343882853095,977.4395511278572
2020,95391,6077.0,CALIFORNIA,956.4982978723403,956.4982978723403,1137.7025956523057
2018,95401,6097.0,CALIFORNIA,787.846286701209,787.846286701209,1305.3905526790275
2019,95401,6097.0,CALIFORNIA,870.0331473025537,870.0331473025537,1179.5326150335416
2020,95401,6097.0,CALIFORNIA,1001.5114170584284,1001.5114170584284,1314.0564572382245
2018,95402,6097.0,CALIFORNIA,15172.0,5190.254651625734,1305.3905526790275
2019,95402,6097.0,CALIFORNIA,13021.0,5190.254651625734,1179.5326150335416
2018,95403,6097.0,CALIFORNIA,826.8949522510231,826.8949522510231,1305.3905526790275
2019,95403,6097.0,CALIFORNIA,940.6288535966902,940.6288535966902,1179.5326150335416
2020,95403,6097.0,CALIFORNIA,1094.7095435684648,1094.7095435684648,1314.0564572382245
2018,95404,6097.0,CALIFORNIA,1092.2978410760709,1092.2978410760709,1305.3905526790275
2019,95404,6097.0,CALIFORNIA,1237.7829324169531,1237.7829324169531,1179.5326150335416
2020,95404,6097.0,CALIFORNIA,1505.5266916014962,1505.5266916014962,1314.0564572382245
2018,95405,6097.0,CALIFORNIA,895.0375550871814,895.0375550871814,1305.3905526790275
2019,95405,6097.0,CALIFORNIA,996.553547901374,996.553547901374,1179.5326150335416
2020,95405,6097.0,CALIFORNIA,1159.128833208676,1159.128833208676,1314.0564572382245
2018,95407,6097.0,CALIFORNIA,756.2152493867538,756.2152493867538,1305.3905526790275
2019,95407,6097.0,CALIFORNIA,821.6134858518965,821.6134858518965,1179.5326150335416
2020,95407,6097.0,CALIFORNIA,913.997628458498,913.997628458498,1314.0564572382245
2018,95409,6097.0,CALIFORNIA,996.370663420572,996.370663420572,1305.3905526790275
2019,95409,6097.0,CALIFORNIA,1129.4259148170363,1129.4259148170363,1179.5326150335416
2020,95409,6097.0,CALIFORNIA,1366.311613242249,1366.311613242249,1314.0564572382245
2018,95410,6045.0,CALIFORNIA,1317.4889705882354,1317.4889705882354,1062.4061513975391
2019,95410,6045.0,CALIFORNIA,1440.306049822064,1440.306049822064,1160.4380886669342
2020,95410,6045.0,CALIFORNIA,1637.4084507042253,1637.4084507042253,1340.7733493916016
2018,95412,6097.0,CALIFORNIA,1291.25,1291.25,1305.3905526790275
2019,95412,6097.0,CALIFORNIA,1443.5409836065571,1443.5409836065571,1179.5326150335416
2020,95412,6097.0,CALIFORNIA,1611.3968253968253,1611.3968253968253,1314.0564572382245
2018,95415,6045.0,CALIFORNIA,1242.5686274509803,1242.5686274509803,1062.4061513975391
2019,95415,6045.0,CALIFORNIA,1358.518691588785,1358.518691588785,1160.4380886669342
2020,95415,6045.0,CALIFORNIA,1563.1945701357463,1563.1945701357463,1340.7733493916016
2018,95416,6097.0,CALIFORNIA,783.3333333333334,783.3333333333334,1305.3905526790275
2019,95416,6097.0,CALIFORNIA,784.8333333333334,784.8333333333334,1179.5326150335416
2020,95416,6097.0,CALIFORNIA,969.8571428571428,969.8571428571428,1314.0564572382245
2018,95417,6045.0,CALIFORNIA,1494.3,1494.3,1062.4061513975391
2019,95417,6045.0,CALIFORNIA,1589.6774193548388,1589.6774193548388,1160.4380886669342
2020,95417,6045.0,CALIFORNIA,1770.5625,1770.5625,1340.7733493916016
2018,95418,6045.0,CALIFORNIA,1422.3333333333333,1422.3333333333333,1062.4061513975391
2019,95418,6045.0,CALIFORNIA,1497.0,1497.0,1160.4380886669342
2020,95418,6045.0,CALIFORNIA,1302.0,1302.0,1340.7733493916016
2018,95419,6097.0,CALIFORNIA,848.6225165562914,848.6225165562914,1305.3905526790275
2019,95419,6097.0,CALIFORNIA,941.96875,941.96875,1179.5326150335416
2020,95419,6097.0,CALIFORNIA,1108.6477272727273,1108.6477272727273,1314.0564572382245
2018,95420,6045.0,CALIFORNIA,1476.4444444444443,1476.4444444444443,1062.4061513975391
2019,95420,6045.0,CALIFORNIA,1662.8979591836735,1662.8979591836735,1160.4380886669342
2020,95420,6045.0,CALIFORNIA,1944.39,1944.39,1340.7733493916016
2018,95421,6097.0,CALIFORNIA,1016.7889733840304,1016.7889733840304,1305.3905526790275
2019,95421,6097.0,CALIFORNIA,1125.254752851711,1125.254752851711,1179.5326150335416
2020,95421,6097.0,CALIFORNIA,1297.0337078651685,1297.0337078651685,1314.0564572382245
2018,95422,6033.0,CALIFORNIA,784.648409893993,784.648409893993,1080.2066774619532
2019,95422,6033.0,CALIFORNIA,844.5757185757186,844.5757185757186,1278.0024283746252
2020,95422,6033.0,CALIFORNIA,976.7727465086754,976.7727465086754,1202.6990673532212
2018,95423,6033.0,CALIFORNIA,841.875,841.875,1080.2066774619532
2019,95423,6033.0,CALIFORNIA,915.575596816976,915.575596816976,1278.0024283746252
2020,95423,6033.0,CALIFORNIA,1025.1307759372276,1025.1307759372276,1202.6990673532212
2018,95424,6033.0,CALIFORNIA,1003.9906542056076,1003.9906542056076,1080.2066774619532
2019,95424,6033.0,CALIFORNIA,1098.343137254902,1098.343137254902,1278.0024283746252
2020,95424,6033.0,CALIFORNIA,1226.2659574468084,1226.2659574468084,1202.6990673532212
2018,95425,6097.0,CALIFORNIA,954.491103202847,954.491103202847,1305.3905526790275
2019,95425,6097.0,CALIFORNIA,1062.4986376021798,1062.4986376021798,1179.5326150335416
2020,95425,6097.0,CALIFORNIA,1248.179267342167,1248.179267342167,1314.0564572382245
2018,95426,6033.0,CALIFORNIA,1136.3824561403508,1136.3824561403508,1080.2066774619532
2019,95426,6033.0,CALIFORNIA,1243.554794520548,1243.554794520548,1278.0024283746252
2020,95426,6033.0,CALIFORNIA,1396.2562111801242,1396.2562111801242,1202.6990673532212
2018,95427,6045.0,CALIFORNIA,1464.9883720930231,1464.9883720930231,1062.4061513975391
2019,95427,6045.0,CALIFORNIA,1621.2043010752689,1621.2043010752689,1160.4380886669342
2020,95427,6045.0,CALIFORNIA,1993.171717171717,1993.171717171717,1340.7733493916016
2018,95428,6045.0,CALIFORNIA,1133.607476635514,1133.607476635514,1062.4061513975391
2019,95428,6045.0,CALIFORNIA,1233.8812785388127,1233.8812785388127,1160.4380886669342
2020,95428,6045.0,CALIFORNIA,1345.46875,1345.46875,1340.7733493916016
2018,95429,6045.0,CALIFORNIA,1178.642857142857,1178.642857142857,1062.4061513975391
2019,95429,6045.0,CALIFORNIA,1246.8333333333333,1246.8333333333333,1160.4380886669342
2020,95429,6045.0,CALIFORNIA,1433.5,1433.5,1340.7733493916016
2018,95430,6097.0,CALIFORNIA,1005.3,1005.3,1305.3905526790275
2019,95430,6097.0,CALIFORNIA,1122.549019607843,1122.549019607843,1179.5326150335416
2020,95430,6097.0,CALIFORNIA,1354.66,1354.66,1314.0564572382245
2018,95432,6045.0,CALIFORNIA,1726.2232142857142,1726.2232142857142,1062.4061513975391
2019,95432,6045.0,CALIFORNIA,1693.794642857143,1693.794642857143,1160.4380886669342
2020,95432,6045.0,CALIFORNIA,2135.954954954955,2135.954954954955,1340.7733493916016
2018,95433,6097.0,CALIFORNIA,839.4545454545455,839.4545454545455,1305.3905526790275
2019,95433,6097.0,CALIFORNIA,942.304347826087,942.304347826087,1179.5326150335416
2020,95433,6097.0,CALIFORNIA,988.8,988.8,1314.0564572382245
2018,95435,6033.0,CALIFORNIA,1009.9230769230768,1009.9230769230768,1080.2066774619532
2019,95435,6033.0,CALIFORNIA,1126.235294117647,1126.235294117647,1278.0024283746252
2020,95435,6033.0,CALIFORNIA,1243.8947368421052,1243.8947368421052,1202.6990673532212
2018,95436,6097.0,CALIFORNIA,909.0355239786855,909.0355239786855,1305.3905526790275
2019,95436,6097.0,CALIFORNIA,1010.7758521086078,1010.7758521086078,1179.5326150335416
2020,95436,6097.0,CALIFORNIA,1197.6843910806174,1197.6843910806174,1314.0564572382245
2018,95437,6045.0,CALIFORNIA,912.5657051282052,912.5657051282052,1062.4061513975391
2019,95437,6045.0,CALIFORNIA,1007.9597024178548,1007.9597024178548,1160.4380886669342
2020,95437,6045.0,CALIFORNIA,1122.9773561811503,1122.9773561811503,1340.7733493916016
2018,95439,6097.0,CALIFORNIA,959.3387096774194,959.3387096774194,1305.3905526790275
2019,95439,6097.0,CALIFORNIA,1083.696,1083.696,1179.5326150335416
2020,95439,6097.0,CALIFORNIA,1244.68,1244.68,1314.0564572382245
2018,95441,6097.0,CALIFORNIA,1576.2688821752265,1576.2688821752265,1305.3905526790275
2019,95441,6097.0,CALIFORNIA,1917.92602739726,1917.92602739726,1179.5326150335416
2020,95441,6097.0,CALIFORNIA,2192.864942528736,2192.864942528736,1314.0564572382245
2018,95442,6097.0,CALIFORNIA,1657.33125,1657.33125,1305.3905526790275
2019,95442,6097.0,CALIFORNIA,1900.8326403326405,1900.8326403326405,1179.5326150335416
2020,95442,6097.0,CALIFORNIA,2371.67701863354,2371.67701863354,1314.0564572382245
2018,95443,6033.0,CALIFORNIA,1244.5949367088608,1244.5949367088608,1080.2066774619532
2019,95443,6033.0,CALIFORNIA,1421.525641025641,1421.525641025641,1278.0024283746252
2020,95443,6033.0,CALIFORNIA,1460.3536585365853,1460.3536585365853,1202.6990673532212
2018,95444,6097.0,CALIFORNIA,779.1329787234042,779.1329787234042,1305.3905526790275
2019,95444,6097.0,CALIFORNIA,860.4484536082474,860.4484536082474,1179.5326150335416
2020,95444,6097.0,CALIFORNIA,987.859296482412,987.859296482412,1314.0564572382245
2018,95445,6045.0,CALIFORNIA,1310.33879093199,1310.33879093199,1062.4061513975391
2019,95445,6045.0,CALIFORNIA,1443.4573547589616,1443.4573547589616,1160.4380886669342
2020,95445,6045.0,CALIFORNIA,1661.822195704057,1661.822195704057,1340.7733493916016
2018,95446,6097.0,CALIFORNIA,878.3377142857142,878.3377142857142,1305.3905526790275
2019,95446,6097.0,CALIFORNIA,968.6564073866816,968.6564073866816,1179.5326150335416
2020,95446,6097.0,CALIFORNIA,1137.5986029016658,1137.5986029016658,1314.0564572382245
2018,95448,6097.0,CALIFORNIA,1327.1761262407738,1327.1761262407738,1305.3905526790275
2019,95448,6097.0,CALIFORNIA,1496.955980861244,1496.955980861244,1179.5326150335416
2020,95448,6097.0,CALIFORNIA,1797.7859209257474,1797.7859209257474,1314.0564572382245
2018,95449,6045.0,CALIFORNIA,1194.4383561643835,1194.4383561643835,1062.4061513975391
2019,95449,6045.0,CALIFORNIA,1353.0613496932515,1353.0613496932515,1160.4380886669342
2020,95449,6045.0,CALIFORNIA,1493.3915662650602,1493.3915662650602,1340.7733493916016
2018,95450,6097.0,CALIFORNIA,1384.2139303482586,1384.2139303482586,1305.3905526790275
2019,95450,6097.0,CALIFORNIA,1453.81220657277,1453.81220657277,1179.5326150335416
2020,95450,6097.0,CALIFORNIA,1703.627802690583,1703.627802690583,1314.0564572382245
2018,95451,6033.0,CALIFORNIA,1147.2388113139991,1147.2388113139991,1080.2066774619532
2019,95451,6033.0,CALIFORNIA,1245.21158601201,1245.21158601201,1278.0024283746252
2020,95451,6033.0,CALIFORNIA,1444.6647359454855,1444.6647359454855,1202.6990673532212
2018,95452,6097.0,CALIFORNIA,1611.287356321839,1611.287356321839,1305.3905526790275
2019,95452,6097.0,CALIFORNIA,1852.214971209213,1852.214971209213,1179.5326150335416
2020,95452,6097.0,CALIFORNIA,2289.5350553505536,2289.5350553505536,1314.0564572382245
2018,95453,6033.0,CALIFORNIA,1043.890445859873,1043.890445859873,1080.2066774619532
2019,95453,6033.0,CALIFORNIA,1120.973293768546,1120.973293768546,1278.0024283746252
2020,95453,6033.0,CALIFORNIA,1274.3818797629128,1274.3818797629128,1202.6990673532212
2018,95454,6045.0,CALIFORNIA,1210.0131147540983,1210.0131147540983,1062.4061513975391
2019,95454,6045.0,CALIFORNIA,1303.537704918033,1303.537704918033,1160.4380886669342
2020,95454,6045.0,CALIFORNIA,1575.2798742138364,1575.2798742138364,1340.7733493916016
2018,95456,6045.0,CALIFORNIA,1507.798206278027,1507.798206278027,1062.4061513975391
2019,95456,6045.0,CALIFORNIA,1742.669642857143,1742.669642857143,1160.4380886669342
2020,95456,6045.0,CALIFORNIA,2013.495652173913,2013.495652173913,1340.7733493916016
2018,95457,6033.0,CALIFORNIA,1160.9726277372265,1160.9726277372265,1080.2066774619532
2019,95457,6033.0,CALIFORNIA,1237.7801801801802,1237.7801801801802,1278.0024283746252
2020,95457,6033.0,CALIFORNIA,1414.0285714285717,1414.0285714285717,1202.6990673532212
2018,95458,6033.0,CALIFORNIA,895.4924924924925,895.4924924924925,1080.2066774619532
2019,95458,6033.0,CALIFORNIA,988.8153618906942,988.8153618906942,1278.0024283746252
2020,95458,6033.0,CALIFORNIA,1154.3112391930836,1154.3112391930836,1202.6990673532212
2018,95459,6045.0,CALIFORNIA,1104.6170212765958,1104.6170212765958,1062.4061513975391
2019,95459,6045.0,CALIFORNIA,1195.2121212121212,1195.2121212121212,1160.4380886669342
2020,95459,6045.0,CALIFORNIA,1334.0285714285717,1334.0285714285717,1340.7733493916016
2018,95460,6045.0,CALIFORNIA,1346.263698630137,1346.263698630137,1062.4061513975391
2019,95460,6045.0,CALIFORNIA,1498.6122672508216,1498.6122672508216,1160.4380886669342
2020,95460,6045.0,CALIFORNIA,1751.8356605800216,1751.8356605800216,1340.7733493916016
2018,95461,6033.0,CALIFORNIA,1103.9923430321592,1103.9923430321592,1080.2066774619532
2019,95461,6033.0,CALIFORNIA,1214.114114114114,1214.114114114114,1278.0024283746252
2020,95461,6033.0,CALIFORNIA,1397.8408104196817,1397.8408104196817,1202.6990673532212
2018,95462,6097.0,CALIFORNIA,914.68115942029,914.68115942029,1305.3905526790275
2019,95462,6097.0,CALIFORNIA,1029.908931698774,1029.908931698774,1179.5326150335416
2020,95462,6097.0,CALIFORNIA,1153.151103565365,1153.151103565365,1314.0564572382245
2018,95463,6045.0,CALIFORNIA,1075.3333333333333,1075.3333333333333,1062.4061513975391
2019,95463,6045.0,CALIFORNIA,1168.1777777777777,1168.1777777777777,1160.4380886669342
2020,95463,6045.0,CALIFORNIA,1399.26,1399.26,1340.7733493916016
2018,95464,6033.0,CALIFORNIA,865.73,865.73,1080.2066774619532
2019,95464,6033.0,CALIFORNIA,969.3518987341772,969.3518987341772,1278.0024283746252
2020,95464,6033.0,CALIFORNIA,1103.0,1103.0,1202.6990673532212
2018,95465,6097.0,CALIFORNIA,1515.1727272727271,1515.1727272727271,1305.3905526790275
2019,95465,6097.0,CALIFORNIA,1724.6148796498906,1724.6148796498906,1179.5326150335416
2020,95465,6097.0,CALIFORNIA,1904.850210970464,1904.850210970464,1314.0564572382245
2018,95466,6045.0,CALIFORNIA,1438.3475177304963,1438.3475177304963,1062.4061513975391
2019,95466,6045.0,CALIFORNIA,1500.7391304347825,1500.7391304347825,1160.4380886669342
2020,95466,6045.0,CALIFORNIA,1761.370588235294,1761.370588235294,1340.7733493916016
2018,95467,6033.0,CALIFORNIA,980.91214057508,980.91214057508,1080.2066774619532
2019,95467,6033.0,CALIFORNIA,1098.2887617065558,1098.2887617065558,1278.0024283746252
2020,95467,6033.0,CALIFORNIA,1321.6194331983806,1321.6194331983806,1202.6990673532212
2018,95468,6045.0,CALIFORNIA,1306.143459915612,1306.143459915612,1062.4061513975391
2019,95468,6045.0,CALIFORNIA,1413.451612903226,1413.451612903226,1160.4380886669342
2020,95468,6045.0,CALIFORNIA,1536.9837398373984,1536.9837398373984,1340.7733493916016
2018,95469,6045.0,CALIFORNIA,1101.164705882353,1101.164705882353,1062.4061513975391
2019,95469,6045.0,CALIFORNIA,1259.4273255813953,1259.4273255813953,1160.4380886669342
2020,95469,6045.0,CALIFORNIA,1460.4643874643875,1460.4643874643875,1340.7733493916016
2018,95470,6045.0,CALIFORNIA,1017.167641325536,1017.167641325536,1062.4061513975391
2019,95470,6045.0,CALIFORNIA,1112.1025869759144,1112.1025869759144,1160.4380886669342
2020,95470,6045.0,CALIFORNIA,1308.2672566371682,1308.2672566371682,1340.7733493916016
2018,95471,6097.0,CALIFORNIA,789.4038461538462,789.4038461538462,1305.3905526790275
2019,95471,6097.0,CALIFORNIA,911.451612903226,911.451612903226,1179.5326150335416
2020,95471,6097.0,CALIFORNIA,1027.868131868132,1027.868131868132,1314.0564572382245
2018,95472,6097.0,CALIFORNIA,1090.9644878324843,1090.9644878324843,1305.3905526790275
2019,95472,6097.0,CALIFORNIA,1215.0595567867035,1215.0595567867035,1179.5326150335416
2020,95472,6097.0,CALIFORNIA,1416.1302734643398,1416.1302734643398,1314.0564572382245
2018,95476,6097.0,CALIFORNIA,1217.598921765296,1217.598921765296,1305.3905526790275
2019,95476,6097.0,CALIFORNIA,1342.694787549407,1342.694787549407,1179.5326150335416
2020,95476,6097.0,CALIFORNIA,1633.8758434547908,1633.8758434547908,1314.0564572382245
2018,95480,6097.0,CALIFORNIA,2413.0,2413.0,1305.3905526790275
2019,95480,6097.0,CALIFORNIA,2296.75,2296.75,1179.5326150335416
2020,95480,6097.0,CALIFORNIA,4092.6666666666665,4092.6666666666665,1314.0564572382245
2018,95481,6045.0,CALIFORNIA,918.25,918.25,1062.4061513975391
2019,95481,6045.0,CALIFORNIA,1036.0,1036.0,1160.4380886669342
2020,95481,6045.0,CALIFORNIA,1568.6666666666667,1568.6666666666667,1340.7733493916016
2018,95482,6045.0,CALIFORNIA,905.767400489215,905.767400489215,1062.4061513975391
2019,95482,6045.0,CALIFORNIA,974.6199383350464,974.6199383350464,1160.4380886669342
2020,95482,6045.0,CALIFORNIA,1137.0468907224797,1137.0468907224797,1340.7733493916016
2018,95485,6033.0,CALIFORNIA,1108.2,1108.2,1080.2066774619532
2019,95485,6033.0,CALIFORNIA,1169.6165413533834,1169.6165413533834,1278.0024283746252
2020,95485,6033.0,CALIFORNIA,1360.359296482412,1360.359296482412,1202.6990673532212
2018,95486,6097.0,CALIFORNIA,1051.051282051282,1051.051282051282,1305.3905526790275
2019,95486,6097.0,CALIFORNIA,1125.0487804878048,1125.0487804878048,1179.5326150335416
2020,95486,6097.0,CALIFORNIA,1266.3333333333333,1266.3333333333333,1314.0564572382245
2018,95488,6045.0,CALIFORNIA,1263.9295774647887,1263.9295774647887,1062.4061513975391
2019,95488,6045.0,CALIFORNIA,1368.1830985915492,1368.1830985915492,1160.4380886669342
2020,95488,6045.0,CALIFORNIA,1666.4507042253522,1666.4507042253522,1340.7733493916016
2018,95490,6045.0,CALIFORNIA,1016.9183326244153,1016.9183326244153,1062.4061513975391
2019,95490,6045.0,CALIFORNIA,1096.1,1096.1,1160.4380886669342
2020,95490,6045.0,CALIFORNIA,1260.497613365155,1260.497613365155,1340.7733493916016
2018,95492,6097.0,CALIFORNIA,870.3167021600243,870.3167021600243,1305.3905526790275
2019,95492,6097.0,CALIFORNIA,983.2781021897812,983.2781021897812,1179.5326150335416
2020,95492,6097.0,CALIFORNIA,1151.2827279466271,1151.2827279466271,1314.0564572382245
2018,95493,6033.0,CALIFORNIA,1365.25,1365.25,1080.2066774619532
2019,95493,6033.0,CALIFORNIA,1485.470588235294,1485.470588235294,1278.0024283746252
2020,95493,6033.0,CALIFORNIA,1684.6666666666667,1684.6666666666667,1202.6990673532212
2018,95494,6045.0,CALIFORNIA,1760.2272727272727,1760.2272727272727,1062.4061513975391
2019,95494,6045.0,CALIFORNIA,1976.1044776119404,1976.1044776119404,1160.4380886669342
2020,95494,6045.0,CALIFORNIA,2231.7464788732395,2231.7464788732395,1340.7733493916016
2018,95497,6097.0,CALIFORNIA,1369.025951557093,1369.025951557093,1305.3905526790275
2019,95497,6097.0,CALIFORNIA,1513.8744698897372,1513.8744698897372,1179.5326150335416
2020,95497,6097.0,CALIFORNIA,1833.0079872204471,1833.0079872204471,1314.0564572382245
2018,95501,6023.0,CALIFORNIA,716.3881810788831,716.3881810788831,1222.438479909406
2019,95501,6023.0,CALIFORNIA,754.2281792281792,754.2281792281792,1205.9575494766764
2020,95501,6023.0,CALIFORNIA,846.0765696784074,846.0765696784074,1306.680091502345
2018,95503,6023.0,CALIFORNIA,752.8444566010212,752.8444566010212,1222.438479909406
2019,95503,6023.0,CALIFORNIA,792.3935749871156,792.3935749871156,1205.9575494766764
2020,95503,6023.0,CALIFORNIA,900.9819727891156,900.9819727891156,1306.680091502345
2018,95511,6023.0,CALIFORNIA,2048.904761904762,2048.904761904762,1222.438479909406
2019,95511,6023.0,CALIFORNIA,2285.45,2285.45,1205.9575494766764
2020,95511,6023.0,CALIFORNIA,2545.7894736842104,2545.7894736842104,1306.680091502345
2018,95514,6023.0,CALIFORNIA,1143.0,1143.0,1222.438479909406
2019,95514,6023.0,CALIFORNIA,1306.1666666666667,1306.1666666666667,1205.9575494766764
2020,95514,6023.0,CALIFORNIA,1727.8333333333333,1727.8333333333333,1306.680091502345
2018,95518,6023.0,CALIFORNIA,715.0,715.0,1222.438479909406
2019,95518,6023.0,CALIFORNIA,694.0,694.0,1205.9575494766764
2020,95518,6023.0,CALIFORNIA,869.5,869.5,1306.680091502345
2018,95519,6023.0,CALIFORNIA,747.1112305212251,747.1112305212251,1222.438479909406
2019,95519,6023.0,CALIFORNIA,787.7564528494761,787.7564528494761,1205.9575494766764
2020,95519,6023.0,CALIFORNIA,883.8754098360656,883.8754098360656,1306.680091502345
2018,95521,6023.0,CALIFORNIA,788.0526112185687,788.0526112185687,1222.438479909406
2019,95521,6023.0,CALIFORNIA,826.3812175204157,826.3812175204157,1205.9575494766764
2020,95521,6023.0,CALIFORNIA,966.8493708364176,966.8493708364176,1306.680091502345
2018,95524,6023.0,CALIFORNIA,1009.744939271255,1009.744939271255,1222.438479909406
2019,95524,6023.0,CALIFORNIA,1067.1117533718689,1067.1117533718689,1205.9575494766764
2020,95524,6023.0,CALIFORNIA,1260.7408829174665,1260.7408829174665,1306.680091502345
2018,95525,6023.0,CALIFORNIA,777.986798679868,777.986798679868,1222.438479909406
2019,95525,6023.0,CALIFORNIA,830.1875,830.1875,1205.9575494766764
2020,95525,6023.0,CALIFORNIA,961.1104294478528,961.1104294478528,1306.680091502345
2018,95526,6023.0,CALIFORNIA,901.763440860215,901.763440860215,1222.438479909406
2019,95526,6023.0,CALIFORNIA,987.0744680851064,987.0744680851064,1205.9575494766764
2020,95526,6023.0,CALIFORNIA,1146.0619469026549,1146.0619469026549,1306.680091502345
2018,95527,6105.0,CALIFORNIA,1226.3529411764705,1226.3529411764705,1011.3428111228739
2019,95527,6105.0,CALIFORNIA,1366.1584158415842,1366.1584158415842,1094.6984136630829
2020,95527,6105.0,CALIFORNIA,1427.1941747572816,1427.1941747572816,1148.0243738099791
2018,95528,6023.0,CALIFORNIA,817.0254237288135,817.0254237288135,1222.438479909406
2019,95528,6023.0,CALIFORNIA,865.383064516129,865.383064516129,1205.9575494766764
2020,95528,6023.0,CALIFORNIA,1008.1875,1008.1875,1306.680091502345
2018,95531,6015.0,CALIFORNIA,787.8750371029979,787.8750371029979,1158.515828681122
2019,95531,6015.0,CALIFORNIA,844.5953615279673,844.5953615279673,1297.4320080883208
2020,95531,6015.0,CALIFORNIA,954.4584123543756,954.4584123543756,1586.4636503603604
2018,95536,6023.0,CALIFORNIA,765.2594594594594,765.2594594594594,1222.438479909406
2019,95536,6023.0,CALIFORNIA,796.1832191780821,796.1832191780821,1205.9575494766764
2020,95536,6023.0,CALIFORNIA,1082.5101694915254,1082.5101694915254,1306.680091502345
2018,95537,6023.0,CALIFORNIA,735.0857142857143,735.0857142857143,1222.438479909406
2019,95537,6023.0,CALIFORNIA,723.0263157894736,723.0263157894736,1205.9575494766764
2020,95537,6023.0,CALIFORNIA,851.953488372093,851.953488372093,1306.680091502345
2018,95538,6015.0,CALIFORNIA,1275.0,1275.0,1158.515828681122
2019,95538,6015.0,CALIFORNIA,1316.5,1316.5,1297.4320080883208
2020,95538,6015.0,CALIFORNIA,1506.0,1506.0,1586.4636503603604
2018,95540,6023.0,CALIFORNIA,709.1411558669001,709.1411558669001,1222.438479909406
2019,95540,6023.0,CALIFORNIA,738.2020997375328,738.2020997375328,1205.9575494766764
2020,95540,6023.0,CALIFORNIA,861.8181521384264,861.8181521384264,1306.680091502345
2018,95542,6023.0,CALIFORNIA,1415.3302752293578,1415.3302752293578,1222.438479909406
2019,95542,6023.0,CALIFORNIA,1431.3463855421687,1431.3463855421687,1205.9575494766764
2020,95542,6023.0,CALIFORNIA,1727.620786516854,1727.620786516854,1306.680091502345
2018,95543,6015.0,CALIFORNIA,1025.18954248366,1025.18954248366,1158.515828681122
2019,95543,6015.0,CALIFORNIA,1102.5612903225806,1102.5612903225806,1297.4320080883208
2020,95543,6015.0,CALIFORNIA,1250.2173913043478,1250.2173913043478,1586.4636503603604
2018,95545,6023.0,CALIFORNIA,1755.7272727272727,1755.7272727272727,1222.438479909406
2019,95545,6023.0,CALIFORNIA,1727.6842105263158,1727.6842105263158,1205.9575494766764
2020,95545,6023.0,CALIFORNIA,1995.4444444444443,1995.4444444444443,1306.680091502345
2018,95546,6023.0,CALIFORNIA,924.5970149253732,924.5970149253732,1222.438479909406
2019,95546,6023.0,CALIFORNIA,1004.4477611940298,1004.4477611940298,1205.9575494766764
2020,95546,6023.0,CALIFORNIA,1185.2957746478874,1185.2957746478874,1306.680091502345
2018,95547,6023.0,CALIFORNIA,813.9868421052631,813.9868421052631,1222.438479909406
2019,95547,6023.0,CALIFORNIA,880.2332268370607,880.2332268370607,1205.9575494766764
2020,95547,6023.0,CALIFORNIA,1010.4796238244514,1010.4796238244514,1306.680091502345
2018,95548,6015.0,CALIFORNIA,913.3010752688172,913.3010752688172,1158.515828681122
2019,95548,6015.0,CALIFORNIA,978.71875,978.71875,1297.4320080883208
2020,95548,6015.0,CALIFORNIA,1060.9619047619049,1060.9619047619049,1586.4636503603604
2018,95549,6023.0,CALIFORNIA,1376.514563106796,1376.514563106796,1222.438479909406
2019,95549,6023.0,CALIFORNIA,1428.5,1428.5,1205.9575494766764
2020,95549,6023.0,CALIFORNIA,1559.6814159292037,1559.6814159292037,1306.680091502345
2018,95550,6023.0,CALIFORNIA,1559.4444444444443,1559.4444444444443,1222.438479909406
2019,95550,6023.0,CALIFORNIA,1737.6666666666667,1737.6666666666667,1205.9575494766764
2020,95550,6023.0,CALIFORNIA,1657.9,1657.9,1306.680091502345
2018,95551,6023.0,CALIFORNIA,707.3110367892976,707.3110367892976,1222.438479909406
2019,95551,6023.0,CALIFORNIA,742.8558282208589,742.8558282208589,1205.9575494766764
2020,95551,6023.0,CALIFORNIA,911.8823529411764,911.8823529411764,1306.680091502345
2018,95552,6105.0,CALIFORNIA,1008.8205128205128,1008.8205128205128,1011.3428111228739
2019,95552,6105.0,CALIFORNIA,1032.7625,1032.7625,1094.6984136630829
2020,95552,6105.0,CALIFORNIA,1181.368932038835,1181.368932038835,1148.0243738099791
2018,95553,6023.0,CALIFORNIA,1182.6935483870968,1182.6935483870968,1222.438479909406
2019,95553,6023.0,CALIFORNIA,1260.9098360655737,1260.9098360655737,1205.9575494766764
2020,95553,6023.0,CALIFORNIA,1430.9831932773109,1430.9831932773109,1306.680091502345
2018,95554,6023.0,CALIFORNIA,1429.8260869565215,1429.8260869565215,1222.438479909406
2019,95554,6023.0,CALIFORNIA,1533.5625,1533.5625,1205.9575494766764
2020,95554,6023.0,CALIFORNIA,1529.5094339622642,1529.5094339622642,1306.680091502345
2018,95555,6023.0,CALIFORNIA,1052.3142857142857,1052.3142857142857,1222.438479909406
2019,95555,6023.0,CALIFORNIA,1027.6136363636365,1027.6136363636365,1205.9575494766764
2020,95555,6023.0,CALIFORNIA,1088.9347826086955,1088.9347826086955,1306.680091502345
2018,95556,6023.0,CALIFORNIA,1172.795918367347,1172.795918367347,1222.438479909406
2019,95556,6023.0,CALIFORNIA,1146.826923076923,1146.826923076923,1205.9575494766764
2020,95556,6023.0,CALIFORNIA,1209.301886792453,1209.301886792453,1306.680091502345
2018,95558,6023.0,CALIFORNIA,1071.1960784313726,1071.1960784313726,1222.438479909406
2019,95558,6023.0,CALIFORNIA,1358.7333333333331,1358.7333333333331,1205.9575494766764
2020,95558,6023.0,CALIFORNIA,1504.4242424242425,1504.4242424242425,1306.680091502345
2018,95559,6023.0,CALIFORNIA,1408.9411764705883,1408.9411764705883,1222.438479909406
2019,95559,6023.0,CALIFORNIA,1435.3529411764705,1435.3529411764705,1205.9575494766764
2020,95559,6023.0,CALIFORNIA,1577.764705882353,1577.764705882353,1306.680091502345
2018,95560,6023.0,CALIFORNIA,1041.0324909747292,1041.0324909747292,1222.438479909406
2019,95560,6023.0,CALIFORNIA,1139.9379562043796,1139.9379562043796,1205.9575494766764
2020,95560,6023.0,CALIFORNIA,1338.505617977528,1338.505617977528,1306.680091502345
2018,95562,6023.0,CALIFORNIA,667.7695852534562,667.7695852534562,1222.438479909406
2019,95562,6023.0,CALIFORNIA,712.4078947368421,712.4078947368421,1205.9575494766764
2020,95562,6023.0,CALIFORNIA,844.5051546391752,844.5051546391752,1306.680091502345
2018,95563,6105.0,CALIFORNIA,1272.5562913907286,1272.5562913907286,1011.3428111228739
2019,95563,6105.0,CALIFORNIA,1423.9,1423.9,1094.6984136630829
2020,95563,6105.0,CALIFORNIA,1583.3828571428571,1583.3828571428571,1148.0243738099791
2018,95564,6023.0,CALIFORNIA,546.4,571.7662565339767,1222.438479909406
2019,95564,6023.0,CALIFORNIA,573.6875,573.6875,1205.9575494766764
2020,95564,6023.0,CALIFORNIA,691.3235294117648,691.3235294117648,1306.680091502345
2018,95565,6023.0,CALIFORNIA,748.0980392156863,748.0980392156863,1222.438479909406
2019,95565,6023.0,CALIFORNIA,757.9350649350649,757.9350649350649,1205.9575494766764
2020,95565,6023.0,CALIFORNIA,864.7373737373738,864.7373737373738,1306.680091502345
2018,95567,6015.0,CALIFORNIA,954.1592920353984,954.1592920353984,1158.515828681122
2019,95567,6015.0,CALIFORNIA,1009.0192837465564,1009.0192837465564,1297.4320080883208
2020,95567,6015.0,CALIFORNIA,1199.477922077922,1199.477922077922,1586.4636503603604
2018,95568,6093.0,CALIFORNIA,1093.8,1093.8,1058.911989614087
2019,95568,6093.0,CALIFORNIA,1226.4545454545455,1226.4545454545455,1203.1858966464342
2020,95568,6093.0,CALIFORNIA,1591.5,1591.5,1315.7545451441893
2018,95569,6023.0,CALIFORNIA,1031.2,1031.2,1222.438479909406
2019,95569,6023.0,CALIFORNIA,1091.84375,1091.84375,1205.9575494766764
2020,95569,6023.0,CALIFORNIA,1145.28125,1145.28125,1306.680091502345
2018,95570,6023.0,CALIFORNIA,1052.0835913312694,1052.0835913312694,1222.438479909406
2019,95570,6023.0,CALIFORNIA,1100.9338235294117,1100.9338235294117,1205.9575494766764
2020,95570,6023.0,CALIFORNIA,1288.3601147776185,1288.3601147776185,1306.680091502345
2018,95571,6023.0,CALIFORNIA,869.6944444444445,869.6944444444445,1222.438479909406
2019,95571,6023.0,CALIFORNIA,885.3684210526316,885.3684210526316,1205.9575494766764
2020,95571,6023.0,CALIFORNIA,1122.7441860465117,1122.7441860465117,1306.680091502345
2018,95573,6023.0,CALIFORNIA,1015.726392251816,1015.726392251816,1222.438479909406
2019,95573,6023.0,CALIFORNIA,1074.0574162679425,1074.0574162679425,1205.9575494766764
2020,95573,6023.0,CALIFORNIA,1242.153284671533,1242.153284671533,1306.680091502345
2018,95585,6045.0,CALIFORNIA,1358.4,1358.4,1062.4061513975391
2019,95585,6045.0,CALIFORNIA,1480.3103448275865,1480.3103448275865,1160.4380886669342
2020,95585,6045.0,CALIFORNIA,1701.2857142857142,1701.2857142857142,1340.7733493916016
2018,95587,6023.0,CALIFORNIA,1899.16,1899.16,1222.438479909406
2019,95587,6023.0,CALIFORNIA,2024.0833333333333,2024.0833333333333,1205.9575494766764
2020,95587,6023.0,CALIFORNIA,2104.7916666666665,2104.7916666666665,1306.680091502345
2018,95589,6023.0,CALIFORNIA,1056.4686825053996,1056.4686825053996,1222.438479909406
2019,95589,6023.0,CALIFORNIA,1135.3747368421052,1135.3747368421052,1205.9575494766764
2020,95589,6023.0,CALIFORNIA,1318.0511247443762,1318.0511247443762,1306.680091502345
2018,95595,6105.0,CALIFORNIA,2083.6666666666665,2083.6666666666665,1011.3428111228739
2019,95595,6105.0,CALIFORNIA,2049.3,2049.3,1094.6984136630829
2020,95595,6105.0,CALIFORNIA,2271.3846153846152,2271.3846153846152,1148.0243738099791
2018,95601,6005.0,CALIFORNIA,1282.921052631579,1282.921052631579,969.241330465161
2019,95601,6005.0,CALIFORNIA,1358.1573033707866,1358.1573033707866,1151.3908162794496
2020,95601,6005.0,CALIFORNIA,1490.8526315789477,1490.8526315789477,1261.2413659903718
2018,95602,6061.0,CALIFORNIA,1350.0885218127912,1350.0885218127912,1094.520103714527
2019,95602,6061.0,CALIFORNIA,1396.721833227244,1396.721833227244,1218.6580151200312
2020,95602,6061.0,CALIFORNIA,1438.167729083665,1438.167729083665,1381.2175031702977
2018,95603,6061.0,CALIFORNIA,1096.5127201565558,1096.5127201565558,1094.520103714527
2019,95603,6061.0,CALIFORNIA,1172.593828067597,1172.593828067597,1218.6580151200312
2020,95603,6061.0,CALIFORNIA,1301.806261668821,1301.806261668821,1381.2175031702977
2018,95604,6061.0,CALIFORNIA,9260.0,5190.254651625734,1094.520103714527
2020,95604,6061.0,CALIFORNIA,276.0,571.7662565339767,1381.2175031702977
2018,95605,6113.0,CALIFORNIA,704.0265486725664,704.0265486725664,959.0478315453618
2019,95605,6113.0,CALIFORNIA,743.7574626865671,743.7574626865671,979.4012024605121
2020,95605,6113.0,CALIFORNIA,810.6256572029442,810.6256572029442,1189.180422015105
2018,95606,6113.0,CALIFORNIA,970.625,970.625,959.0478315453618
2019,95606,6113.0,CALIFORNIA,1082.375,1082.375,979.4012024605121
2020,95606,6113.0,CALIFORNIA,1235.111111111111,1235.111111111111,1189.180422015105
2018,95607,6113.0,CALIFORNIA,1033.8297872340424,1033.8297872340424,959.0478315453618
2019,95607,6113.0,CALIFORNIA,1106.787234042553,1106.787234042553,979.4012024605121
2020,95607,6113.0,CALIFORNIA,1317.127659574468,1317.127659574468,1189.180422015105
2018,95608,6067.0,CALIFORNIA,959.7095523975986,959.7095523975986,1040.2151655415673
2019,95608,6067.0,CALIFORNIA,1031.6527057079318,1031.6527057079318,959.9418419688535
2020,95608,6067.0,CALIFORNIA,1123.5987586710478,1123.5987586710478,1068.2589857961511
2018,95610,6067.0,CALIFORNIA,792.8972138554217,792.8972138554217,1040.2151655415673
2019,95610,6067.0,CALIFORNIA,845.7674079475028,845.7674079475028,959.9418419688535
2020,95610,6067.0,CALIFORNIA,930.981833493744,930.981833493744,1068.2589857961511
2018,95612,6113.0,CALIFORNIA,1200.9371428571428,1200.9371428571428,959.0478315453618
2019,95612,6113.0,CALIFORNIA,1316.2065217391305,1316.2065217391305,979.4012024605121
2020,95612,6113.0,CALIFORNIA,1481.8306878306878,1481.8306878306878,1189.180422015105
2018,95613,6017.0,CALIFORNIA,1302.9803921568628,1302.9803921568628,1117.1558130044493
2019,95613,6017.0,CALIFORNIA,1403.888888888889,1403.888888888889,1248.9606595698824
2020,95613,6017.0,CALIFORNIA,1633.2043010752689,1633.2043010752689,1396.948506186954
2018,95614,6017.0,CALIFORNIA,1244.096,1244.096,1117.1558130044493
2019,95614,6017.0,CALIFORNIA,1317.4203675344563,1317.4203675344563,1248.9606595698824
2020,95614,6017.0,CALIFORNIA,1406.3352353780317,1406.3352353780317,1396.948506186954
2018,95615,6067.0,CALIFORNIA,1247.928571428571,1247.928571428571,1040.2151655415673
2019,95615,6067.0,CALIFORNIA,1271.3333333333333,1271.3333333333333,959.9418419688535
2020,95615,6067.0,CALIFORNIA,1305.3736263736264,1305.3736263736264,1068.2589857961511
2018,95616,6113.0,CALIFORNIA,857.354541263255,857.354541263255,959.0478315453618
2019,95616,6113.0,CALIFORNIA,923.7945896377807,923.7945896377807,979.4012024605121
2020,95616,6113.0,CALIFORNIA,1004.3964777947932,1004.3964777947932,1189.180422015105
2018,95618,6113.0,CALIFORNIA,942.0917661847894,942.0917661847894,959.0478315453618
2019,95618,6113.0,CALIFORNIA,1017.6339160136628,1017.6339160136628,979.4012024605121
2020,95618,6113.0,CALIFORNIA,1097.9656746031746,1097.9656746031746,1189.180422015105
2018,95619,6017.0,CALIFORNIA,1026.3516998827668,1026.3516998827668,1117.1558130044493
2019,95619,6017.0,CALIFORNIA,1108.0716685330349,1108.0716685330349,1248.9606595698824
2020,95619,6017.0,CALIFORNIA,1257.1350164654227,1257.1350164654227,1396.948506186954
2018,95620,6095.0,CALIFORNIA,850.3274129469502,850.3274129469502,1062.9884897141392
2019,95620,6095.0,CALIFORNIA,906.6920993227992,906.6920993227992,1107.5652756255395
2020,95620,6095.0,CALIFORNIA,998.9268826619964,998.9268826619964,1159.8392329057342
2018,95621,6067.0,CALIFORNIA,716.8748015145964,716.8748015145964,1040.2151655415673
2019,95621,6067.0,CALIFORNIA,761.3261506031151,761.3261506031151,959.9418419688535
2020,95621,6067.0,CALIFORNIA,844.0192837465564,844.0192837465564,1068.2589857961511
2018,95623,6017.0,CALIFORNIA,1177.9468520032706,1177.9468520032706,1117.1558130044493
2019,95623,6017.0,CALIFORNIA,1282.7194244604316,1282.7194244604316,1248.9606595698824
2020,95623,6017.0,CALIFORNIA,1450.73423782921,1450.73423782921,1396.948506186954
2018,95624,6067.0,CALIFORNIA,888.447583593698,888.447583593698,1040.2151655415673
2019,95624,6067.0,CALIFORNIA,951.7004578577416,951.7004578577416,959.9418419688535
2020,95624,6067.0,CALIFORNIA,1041.4710058428095,1041.4710058428095,1068.2589857961511
2018,95625,6095.0,CALIFORNIA,837.0833333333334,837.0833333333334,1062.9884897141392
2019,95625,6095.0,CALIFORNIA,883.9722222222222,883.9722222222222,1107.5652756255395
2020,95625,6095.0,CALIFORNIA,896.8536585365854,896.8536585365854,1159.8392329057342
2018,95626,6067.0,CALIFORNIA,808.3131793478261,808.3131793478261,1040.2151655415673
2019,95626,6067.0,CALIFORNIA,849.963133640553,849.963133640553,959.9418419688535
2020,95626,6067.0,CALIFORNIA,941.7838899803536,941.7838899803536,1068.2589857961511
2018,95627,6113.0,CALIFORNIA,759.4363103953148,759.4363103953148,959.0478315453618
2019,95627,6113.0,CALIFORNIA,798.5795454545455,798.5795454545455,979.4012024605121
2020,95627,6113.0,CALIFORNIA,916.4263456090652,916.4263456090652,1189.180422015105
2018,95628,6067.0,CALIFORNIA,975.160157649588,975.160157649588,1040.2151655415673
2019,95628,6067.0,CALIFORNIA,1046.335158626684,1046.335158626684,959.9418419688535
2020,95628,6067.0,CALIFORNIA,1143.9501740089977,1143.9501740089977,1068.2589857961511
2018,95629,6005.0,CALIFORNIA,1461.9596774193549,1461.9596774193549,969.241330465161
2019,95629,6005.0,CALIFORNIA,1645.1801470588234,1645.1801470588234,1151.3908162794496
2020,95629,6005.0,CALIFORNIA,1801.3274647887324,1801.3274647887324,1261.2413659903718
2018,95630,6067.0,CALIFORNIA,898.6185840707965,898.6185840707965,1040.2151655415673
2019,95630,6067.0,CALIFORNIA,970.9140797911584,970.9140797911584,959.9418419688535
2020,95630,6067.0,CALIFORNIA,1094.9384105960264,1094.9384105960264,1068.2589857961511
2018,95631,6061.0,CALIFORNIA,1271.7309160305344,1271.7309160305344,1094.520103714527
2019,95631,6061.0,CALIFORNIA,1245.19666880205,1245.19666880205,1218.6580151200312
2020,95631,6061.0,CALIFORNIA,1144.8891454965358,1144.8891454965358,1381.2175031702977
2018,95632,6067.0,CALIFORNIA,778.5951320866726,778.5951320866726,1040.2151655415673
2019,95632,6067.0,CALIFORNIA,828.1208043981482,828.1208043981482,959.9418419688535
2020,95632,6067.0,CALIFORNIA,912.0879261363636,912.0879261363636,1068.2589857961511
2018,95633,6017.0,CALIFORNIA,1364.2641509433963,1364.2641509433963,1117.1558130044493
2019,95633,6017.0,CALIFORNIA,1368.3926128590972,1368.3926128590972,1248.9606595698824
2020,95633,6017.0,CALIFORNIA,1352.3494423791822,1352.3494423791822,1396.948506186954
2018,95634,6017.0,CALIFORNIA,1360.245492371706,1360.245492371706,1117.1558130044493
2019,95634,6017.0,CALIFORNIA,1390.3211875843456,1390.3211875843456,1248.9606595698824
2020,95634,6017.0,CALIFORNIA,1369.3474470734743,1369.3474470734743,1396.948506186954
2018,95635,6017.0,CALIFORNIA,1376.4453125,1376.4453125,1117.1558130044493
2019,95635,6017.0,CALIFORNIA,1380.007662835249,1380.007662835249,1248.9606595698824
2020,95635,6017.0,CALIFORNIA,1340.9112627986349,1340.9112627986349,1396.948506186954
2018,95636,6017.0,CALIFORNIA,1077.65664160401,1077.65664160401,1117.1558130044493
2019,95636,6017.0,CALIFORNIA,1143.083129584352,1143.083129584352,1248.9606595698824
2020,95636,6017.0,CALIFORNIA,1218.4215456674474,1218.4215456674474,1396.948506186954
2018,95637,6113.0,CALIFORNIA,1133.111111111111,1133.111111111111,959.0478315453618
2019,95637,6113.0,CALIFORNIA,1312.426229508197,1312.426229508197,979.4012024605121
2020,95637,6113.0,CALIFORNIA,1409.725806451613,1409.725806451613,1189.180422015105
2018,95638,6067.0,CALIFORNIA,1063.9175946547884,1063.9175946547884,1040.2151655415673
2019,95638,6067.0,CALIFORNIA,1161.1434782608696,1161.1434782608696,959.9418419688535
2020,95638,6067.0,CALIFORNIA,1303.0307692307692,1303.0307692307692,1068.2589857961511
2018,95639,6067.0,CALIFORNIA,839.7708333333334,839.7708333333334,1040.2151655415673
2019,95639,6067.0,CALIFORNIA,955.5348837209302,955.5348837209302,959.9418419688535
2020,95639,6067.0,CALIFORNIA,980.0416666666666,980.0416666666666,1068.2589857961511
2018,95640,6005.0,CALIFORNIA,859.9118457300275,859.9118457300275,969.241330465161
2019,95640,6005.0,CALIFORNIA,932.3394318728936,932.3394318728936,1151.3908162794496
2020,95640,6005.0,CALIFORNIA,1062.1357798165138,1062.1357798165138,1261.2413659903718
2018,95641,6067.0,CALIFORNIA,803.7234848484849,803.7234848484849,1040.2151655415673
2019,95641,6067.0,CALIFORNIA,843.5036764705883,843.5036764705883,959.9418419688535
2020,95641,6067.0,CALIFORNIA,942.7879858657244,942.7879858657244,1068.2589857961511
2018,95642,6005.0,CALIFORNIA,1129.5100303951367,1129.5100303951367,969.241330465161
2019,95642,6005.0,CALIFORNIA,1232.641680863146,1232.641680863146,1151.3908162794496
2020,95642,6005.0,CALIFORNIA,1371.352685838307,1371.352685838307,1261.2413659903718
2018,95645,6101.0,CALIFORNIA,708.7174887892377,708.7174887892377,972.7181895236305
2019,95645,6101.0,CALIFORNIA,756.5478260869565,756.5478260869565,1063.1636349189444
2020,95645,6101.0,CALIFORNIA,831.0343347639486,831.0343347639486,1145.4882272813381
2018,95646,6005.0,CALIFORNIA,2474.1701030927834,2474.1701030927834,969.241330465161
2019,95646,6005.0,CALIFORNIA,2768.368686868687,2768.368686868687,1151.3908162794496
2020,95646,6005.0,CALIFORNIA,3182.1633663366338,3182.1633663366338,1261.2413659903718
2018,95648,6061.0,CALIFORNIA,843.830060892258,843.830060892258,1094.520103714527
2019,95648,6061.0,CALIFORNIA,914.5563058952364,914.5563058952364,1218.6580151200312
2020,95648,6061.0,CALIFORNIA,1022.553384878711,1022.553384878711,1381.2175031702977
2018,95650,6061.0,CALIFORNIA,1302.9487394957982,1302.9487394957982,1094.520103714527
2019,95650,6061.0,CALIFORNIA,1422.9601293103449,1422.9601293103449,1218.6580151200312
2020,95650,6061.0,CALIFORNIA,1558.704033525406,1558.704033525406,1381.2175031702977
2018,95651,6017.0,CALIFORNIA,1508.5460122699387,1508.5460122699387,1117.1558130044493
2019,95651,6017.0,CALIFORNIA,1724.2603550295858,1724.2603550295858,1248.9606595698824
2020,95651,6017.0,CALIFORNIA,1800.6850828729282,1800.6850828729282,1396.948506186954
2018,95653,6113.0,CALIFORNIA,595.6623376623377,595.6623376623377,959.0478315453618
2019,95653,6113.0,CALIFORNIA,635.9473684210526,635.9473684210526,979.4012024605121
2020,95653,6113.0,CALIFORNIA,714.4342105263158,714.4342105263158,1189.180422015105
2018,95655,6067.0,CALIFORNIA,835.7534498620055,835.7534498620055,1040.2151655415673
2019,95655,6067.0,CALIFORNIA,893.0533333333333,893.0533333333333,959.9418419688535
2020,95655,6067.0,CALIFORNIA,1014.9,1014.9,1068.2589857961511
2018,95656,6017.0,CALIFORNIA,1596.5625,1596.5625,1117.1558130044493
2019,95656,6017.0,CALIFORNIA,1718.867924528302,1718.867924528302,1248.9606595698824
2020,95656,6017.0,CALIFORNIA,1853.42,1853.42,1396.948506186954
2018,95658,6061.0,CALIFORNIA,1327.1069717935072,1327.1069717935072,1094.520103714527
2019,95658,6061.0,CALIFORNIA,1427.380658436214,1427.380658436214,1218.6580151200312
2020,95658,6061.0,CALIFORNIA,1542.095789473684,1542.095789473684,1381.2175031702977
2018,95659,6101.0,CALIFORNIA,1175.537634408602,1175.537634408602,972.7181895236305
2019,95659,6101.0,CALIFORNIA,1186.3030303030305,1186.3030303030305,1063.1636349189444
2020,95659,6101.0,CALIFORNIA,1288.2058823529412,1288.2058823529412,1145.4882272813381
2018,95660,6067.0,CALIFORNIA,649.1550049554014,649.1550049554014,1040.2151655415673
2019,95660,6067.0,CALIFORNIA,685.3520542781756,685.3520542781756,959.9418419688535
2020,95660,6067.0,CALIFORNIA,760.3354826823876,760.3354826823876,1068.2589857961511
2018,95661,6061.0,CALIFORNIA,883.909213362069,883.909213362069,1094.520103714527
2019,95661,6061.0,CALIFORNIA,952.1502027999476,952.1502027999476,1218.6580151200312
2020,95661,6061.0,CALIFORNIA,1042.3543225806452,1042.3543225806452,1381.2175031702977
2018,95662,6067.0,CALIFORNIA,819.7608103305296,819.7608103305296,1040.2151655415673
2019,95662,6067.0,CALIFORNIA,879.0661204708055,879.0661204708055,959.9418419688535
2020,95662,6067.0,CALIFORNIA,967.0273490694508,967.0273490694508,1068.2589857961511
2018,95663,6061.0,CALIFORNIA,1215.1749379652606,1215.1749379652606,1094.520103714527
2019,95663,6061.0,CALIFORNIA,1314.104945717732,1314.104945717732,1218.6580151200312
2020,95663,6061.0,CALIFORNIA,1459.811475409836,1459.811475409836,1381.2175031702977
2018,95664,6017.0,CALIFORNIA,1758.4554455445543,1758.4554455445543,1117.1558130044493
2019,95664,6017.0,CALIFORNIA,1871.0358306188923,1871.0358306188923,1248.9606595698824
2020,95664,6017.0,CALIFORNIA,1974.530303030303,1974.530303030303,1396.948506186954
2018,95665,6005.0,CALIFORNIA,1252.3631436314363,1252.3631436314363,969.241330465161
2019,95665,6005.0,CALIFORNIA,1280.3923941227313,1280.3923941227313,1151.3908162794496
2020,95665,6005.0,CALIFORNIA,1259.0121951219512,1259.0121951219512,1261.2413659903718
2018,95666,6005.0,CALIFORNIA,1244.4175720359,1244.4175720359,969.241330465161
2019,95666,6005.0,CALIFORNIA,1276.8843407901,1276.8843407901,1151.3908162794496
2020,95666,6005.0,CALIFORNIA,1201.841255996511,1201.841255996511,1261.2413659903718
2018,95667,6017.0,CALIFORNIA,1334.6807343824512,1334.6807343824512,1117.1558130044493
2019,95667,6017.0,CALIFORNIA,1415.7813116656994,1415.7813116656994,1248.9606595698824
2020,95667,6017.0,CALIFORNIA,1415.170945797674,1415.170945797674,1396.948506186954
2018,95668,6101.0,CALIFORNIA,1180.095238095238,1180.095238095238,972.7181895236305
2019,95668,6101.0,CALIFORNIA,1282.3846153846157,1282.3846153846157,1063.1636349189444
2020,95668,6101.0,CALIFORNIA,1359.5849056603774,1359.5849056603774,1145.4882272813381
2018,95669,6005.0,CALIFORNIA,1185.281893004115,1185.281893004115,969.241330465161
2019,95669,6005.0,CALIFORNIA,1292.4162162162163,1292.4162162162163,1151.3908162794496
2020,95669,6005.0,CALIFORNIA,1474.703448275862,1474.703448275862,1261.2413659903718
2018,95670,6067.0,CALIFORNIA,776.9749523809523,776.9749523809523,1040.2151655415673
2019,95670,6067.0,CALIFORNIA,826.5691685062546,826.5691685062546,959.9418419688535
2020,95670,6067.0,CALIFORNIA,912.7748672247728,912.7748672247728,1068.2589857961511
2018,95672,6017.0,CALIFORNIA,1379.2974203338392,1379.2974203338392,1117.1558130044493
2019,95672,6017.0,CALIFORNIA,1491.865126676602,1491.865126676602,1248.9606595698824
2020,95672,6017.0,CALIFORNIA,1669.9746926970354,1669.9746926970354,1396.948506186954
2018,95673,6067.0,CALIFORNIA,744.1952941176471,744.1952941176471,1040.2151655415673
2019,95673,6067.0,CALIFORNIA,782.3083874611691,782.3083874611691,959.9418419688535
2020,95673,6067.0,CALIFORNIA,865.6108333333333,865.6108333333333,1068.2589857961511
2018,95674,6101.0,CALIFORNIA,1116.7314814814815,1116.7314814814815,972.7181895236305
2019,95674,6101.0,CALIFORNIA,1179.9279279279278,1179.9279279279278,1063.1636349189444
2020,95674,6101.0,CALIFORNIA,1331.9333333333334,1331.9333333333334,1145.4882272813381
2018,95675,6005.0,CALIFORNIA,994.1333333333332,994.1333333333332,969.241330465161
2019,95675,6005.0,CALIFORNIA,1018.8333333333334,1018.8333333333334,1151.3908162794496
2020,95675,6005.0,CALIFORNIA,929.772151898734,929.772151898734,1261.2413659903718
2018,95676,6101.0,CALIFORNIA,807.8214285714286,807.8214285714286,972.7181895236305
2019,95676,6101.0,CALIFORNIA,870.3166666666667,870.3166666666667,1063.1636349189444
2020,95676,6101.0,CALIFORNIA,899.4426229508197,899.4426229508197,1145.4882272813381
2018,95677,6061.0,CALIFORNIA,873.3964779460172,873.3964779460172,1094.520103714527
2019,95677,6061.0,CALIFORNIA,932.988933915212,932.988933915212,1218.6580151200312
2020,95677,6061.0,CALIFORNIA,1016.6118400976504,1016.6118400976504,1381.2175031702977
2018,95678,6061.0,CALIFORNIA,782.3828599174557,782.3828599174557,1094.520103714527
2019,95678,6061.0,CALIFORNIA,836.8030464045341,836.8030464045341,1218.6580151200312
2020,95678,6061.0,CALIFORNIA,916.2662701189644,916.2662701189644,1381.2175031702977
2018,95679,6113.0,CALIFORNIA,1076.1818181818182,1076.1818181818182,959.0478315453618
2019,95679,6113.0,CALIFORNIA,988.5454545454544,988.5454545454544,979.4012024605121
2020,95679,6113.0,CALIFORNIA,1236.0,1236.0,1189.180422015105
2018,95680,6067.0,CALIFORNIA,1148.75,1148.75,1040.2151655415673
2019,95680,6067.0,CALIFORNIA,1068.75,1068.75,959.9418419688535
2020,95680,6067.0,CALIFORNIA,1283.888888888889,1283.888888888889,1068.2589857961511
2018,95681,6061.0,CALIFORNIA,828.4753521126761,828.4753521126761,1094.520103714527
2019,95681,6061.0,CALIFORNIA,857.6996587030717,857.6996587030717,1218.6580151200312
2020,95681,6061.0,CALIFORNIA,981.2268041237112,981.2268041237112,1381.2175031702977
2018,95682,6017.0,CALIFORNIA,1223.277452714655,1223.277452714655,1117.1558130044493
2019,95682,6017.0,CALIFORNIA,1316.729391624967,1316.729391624967,1248.9606595698824
2020,95682,6017.0,CALIFORNIA,1498.807185319204,1498.807185319204,1396.948506186954
2018,95683,6067.0,CALIFORNIA,1172.720566682951,1172.720566682951,1040.2151655415673
2019,95683,6067.0,CALIFORNIA,1276.655482041588,1276.655482041588,959.9418419688535
2020,95683,6067.0,CALIFORNIA,1420.967550274223,1420.967550274223,1068.2589857961511
2018,95684,6017.0,CALIFORNIA,1501.972602739726,1501.972602739726,1117.1558130044493
2019,95684,6017.0,CALIFORNIA,1612.8413333333333,1612.8413333333333,1248.9606595698824
2020,95684,6017.0,CALIFORNIA,1652.2630922693268,1652.2630922693268,1396.948506186954
2018,95685,6005.0,CALIFORNIA,1211.3474576271187,1211.3474576271187,969.241330465161
2019,95685,6005.0,CALIFORNIA,1287.7931583134448,1287.7931583134448,1151.3908162794496
2020,95685,6005.0,CALIFORNIA,1442.899470899471,1442.899470899471,1261.2413659903718
2018,95686,6077.0,CALIFORNIA,829.5547445255474,829.5547445255474,929.3921121800823
2019,95686,6077.0,CALIFORNIA,858.2537313432836,858.2537313432836,977.4395511278572
2020,95686,6077.0,CALIFORNIA,930.2,930.2,1137.7025956523057
2018,95687,6095.0,CALIFORNIA,813.0575928008999,813.0575928008999,1062.9884897141392
2019,95687,6095.0,CALIFORNIA,873.2828836733202,873.2828836733202,1107.5652756255395
2020,95687,6095.0,CALIFORNIA,975.1152429522596,975.1152429522596,1159.8392329057342
2018,95688,6095.0,CALIFORNIA,977.6400971516892,977.6400971516892,1062.9884897141392
2019,95688,6095.0,CALIFORNIA,1052.8614366319443,1052.8614366319443,1107.5652756255395
2020,95688,6095.0,CALIFORNIA,1213.4870576339738,1213.4870576339738,1159.8392329057342
2018,95689,6005.0,CALIFORNIA,1374.7003968253969,1374.7003968253969,969.241330465161
2019,95689,6005.0,CALIFORNIA,1401.1988304093568,1401.1988304093568,1151.3908162794496
2020,95689,6005.0,CALIFORNIA,1410.7706093189963,1410.7706093189963,1261.2413659903718
2018,95690,6067.0,CALIFORNIA,1285.4307228915663,1285.4307228915663,1040.2151655415673
2019,95690,6067.0,CALIFORNIA,1331.843023255814,1331.843023255814,959.9418419688535
2020,95690,6067.0,CALIFORNIA,1482.7676470588235,1482.7676470588235,1068.2589857961511
2018,95691,6113.0,CALIFORNIA,799.6619901273058,799.6619901273058,959.0478315453618
2019,95691,6113.0,CALIFORNIA,860.3933907318309,860.3933907318309,979.4012024605121
2020,95691,6113.0,CALIFORNIA,928.4210140500916,928.4210140500916,1189.180422015105
2018,95692,6115.0,CALIFORNIA,830.3151125401929,830.3151125401929,966.4671461069887
2019,95692,6115.0,CALIFORNIA,888.1871165644171,888.1871165644171,1061.8241702864434
2020,95692,6115.0,CALIFORNIA,1003.7724068479356,1003.7724068479356,1123.3282598471221
2018,95693,6067.0,CALIFORNIA,1267.390580126364,1267.390580126364,1040.2151655415673
2019,95693,6067.0,CALIFORNIA,1363.5958866036688,1363.5958866036688,959.9418419688535
2020,95693,6067.0,CALIFORNIA,1519.9766811279826,1519.9766811279826,1068.2589857961511
2018,95694,6113.0,CALIFORNIA,827.74311410905,827.74311410905,959.0478315453618
2019,95694,6113.0,CALIFORNIA,893.4403719912473,893.4403719912473,979.4012024605121
2020,95694,6113.0,CALIFORNIA,1047.0197813638729,1047.0197813638729,1189.180422015105
2018,95695,6113.0,CALIFORNIA,779.1941624365483,779.1941624365483,959.0478315453618
2019,95695,6113.0,CALIFORNIA,829.0684742011343,829.0684742011343,979.4012024605121
2020,95695,6113.0,CALIFORNIA,902.7490759753592,902.7490759753592,1189.180422015105
2018,95696,6095.0,CALIFORNIA,1591.0,1591.0,1062.9884897141392
2018,95697,6113.0,CALIFORNIA,759.8684210526316,759.8684210526316,959.0478315453618
2019,95697,6113.0,CALIFORNIA,779.9767441860465,779.9767441860465,979.4012024605121
2020,95697,6113.0,CALIFORNIA,912.0408163265306,912.0408163265306,1189.180422015105
2018,95698,6113.0,CALIFORNIA,1065.439024390244,1065.439024390244,959.0478315453618
2019,95698,6113.0,CALIFORNIA,1128.5227272727273,1128.5227272727273,979.4012024605121
2020,95698,6113.0,CALIFORNIA,1233.914893617021,1233.914893617021,1189.180422015105
2018,95699,6005.0,CALIFORNIA,1041.7368421052631,1041.7368421052631,969.241330465161
2019,95699,6005.0,CALIFORNIA,1046.0384615384614,1046.0384615384614,1151.3908162794496
2020,95699,6005.0,CALIFORNIA,1209.1612903225807,1209.1612903225807,1261.2413659903718
2018,95701,6061.0,CALIFORNIA,1572.2621722846443,1572.2621722846443,1094.520103714527
2019,95701,6061.0,CALIFORNIA,1579.5645756457563,1579.5645756457563,1218.6580151200312
2020,95701,6061.0,CALIFORNIA,1575.332191780822,1575.332191780822,1381.2175031702977
2018,95703,6061.0,CALIFORNIA,1365.7339449541284,1365.7339449541284,1094.520103714527
2019,95703,6061.0,CALIFORNIA,1392.904017857143,1392.904017857143,1218.6580151200312
2020,95703,6061.0,CALIFORNIA,1378.902489626556,1378.902489626556,1381.2175031702977
2018,95709,6017.0,CALIFORNIA,1382.1985815602836,1382.1985815602836,1117.1558130044493
2019,95709,6017.0,CALIFORNIA,1458.2486274509804,1458.2486274509804,1248.9606595698824
2020,95709,6017.0,CALIFORNIA,1513.8319823139277,1513.8319823139277,1396.948506186954
2018,95712,6057.0,CALIFORNIA,1500.6923076923076,1500.6923076923076,1179.0763766301325
2019,95712,6057.0,CALIFORNIA,1201.5,1201.5,1284.710113009747
2020,95712,6057.0,CALIFORNIA,1221.0,1221.0,1380.6571041318753
2018,95713,6061.0,CALIFORNIA,1399.085085085085,1399.085085085085,1094.520103714527
2019,95713,6061.0,CALIFORNIA,1408.405725567621,1408.405725567621,1218.6580151200312
2020,95713,6061.0,CALIFORNIA,1365.7068345323742,1365.7068345323742,1381.2175031702977
2018,95714,6061.0,CALIFORNIA,1492.532258064516,1492.532258064516,1094.520103714527
2019,95714,6061.0,CALIFORNIA,1508.109375,1508.109375,1218.6580151200312
2020,95714,6061.0,CALIFORNIA,1515.562091503268,1515.562091503268,1381.2175031702977
2018,95715,6061.0,CALIFORNIA,1288.6666666666667,1288.6666666666667,1094.520103714527
2019,95715,6061.0,CALIFORNIA,1279.338028169014,1279.338028169014,1218.6580151200312
2020,95715,6061.0,CALIFORNIA,1315.8028169014085,1315.8028169014085,1381.2175031702977
2018,95717,6061.0,CALIFORNIA,1665.625,1665.625,1094.520103714527
2019,95717,6061.0,CALIFORNIA,1605.4782608695652,1605.4782608695652,1218.6580151200312
2020,95717,6061.0,CALIFORNIA,1541.754716981132,1541.754716981132,1381.2175031702977
2018,95720,6017.0,CALIFORNIA,1217.0546623794212,1217.0546623794212,1117.1558130044493
2019,95720,6017.0,CALIFORNIA,1319.3025477707006,1319.3025477707006,1248.9606595698824
2020,95720,6017.0,CALIFORNIA,1342.110599078341,1342.110599078341,1396.948506186954
2018,95721,6017.0,CALIFORNIA,1118.494623655914,1118.494623655914,1117.1558130044493
2019,95721,6017.0,CALIFORNIA,1190.3861386138617,1190.3861386138617,1248.9606595698824
2020,95721,6017.0,CALIFORNIA,1313.2857142857142,1313.2857142857142,1396.948506186954
2018,95722,6061.0,CALIFORNIA,1634.2761770906536,1634.2761770906536,1094.520103714527
2019,95722,6061.0,CALIFORNIA,1719.7577030812324,1719.7577030812324,1218.6580151200312
2020,95722,6061.0,CALIFORNIA,1767.6564935064937,1767.6564935064937,1381.2175031702977
2018,95724,6057.0,CALIFORNIA,2153.4751773049647,2153.4751773049647,1179.0763766301325
2019,95724,6057.0,CALIFORNIA,2293.3521126760565,2293.3521126760565,1284.710113009747
2020,95724,6057.0,CALIFORNIA,3026.6178343949045,3026.6178343949045,1380.6571041318753
2018,95726,6017.0,CALIFORNIA,1361.6794164037856,1361.6794164037856,1117.1558130044493
2019,95726,6017.0,CALIFORNIA,1343.9825742574258,1343.9825742574258,1248.9606595698824
2020,95726,6017.0,CALIFORNIA,1153.983302411874,1153.983302411874,1396.948506186954
2018,95728,6057.0,CALIFORNIA,1376.8536585365853,1376.8536585365853,1179.0763766301325
2019,95728,6057.0,CALIFORNIA,1521.3271144278608,1521.3271144278608,1284.710113009747
2020,95728,6057.0,CALIFORNIA,1737.1144859813085,1737.1144859813085,1380.6571041318753
2018,95735,6017.0,CALIFORNIA,1195.3401639344263,1195.3401639344263,1117.1558130044493
2019,95735,6017.0,CALIFORNIA,1261.2834008097166,1261.2834008097166,1248.9606595698824
2020,95735,6017.0,CALIFORNIA,1287.622641509434,1287.622641509434,1396.948506186954
2018,95736,6061.0,CALIFORNIA,1285.7267441860463,1285.7267441860463,1094.520103714527
2019,95736,6061.0,CALIFORNIA,1443.6832298136646,1443.6832298136646,1218.6580151200312
2020,95736,6061.0,CALIFORNIA,1639.4256756756756,1639.4256756756756,1381.2175031702977
2018,95742,6067.0,CALIFORNIA,738.1852584015815,738.1852584015815,1040.2151655415673
2019,95742,6067.0,CALIFORNIA,804.621850967913,804.621850967913,959.9418419688535
2020,95742,6067.0,CALIFORNIA,873.0449517533538,873.0449517533538,1068.2589857961511
2018,95746,6061.0,CALIFORNIA,1511.128807012331,1511.128807012331,1094.520103714527
2019,95746,6061.0,CALIFORNIA,1630.463911525029,1630.463911525029,1218.6580151200312
2020,95746,6061.0,CALIFORNIA,1808.9646906846565,1808.9646906846565,1381.2175031702977
2018,95747,6061.0,CALIFORNIA,802.9459249274161,802.9459249274161,1094.520103714527
2019,95747,6061.0,CALIFORNIA,861.5802723087472,861.5802723087472,1218.6580151200312
2020,95747,6061.0,CALIFORNIA,945.3568643831802,945.3568643831802,1381.2175031702977
2018,95757,6067.0,CALIFORNIA,820.9961685823755,820.9961685823755,1040.2151655415673
2019,95757,6067.0,CALIFORNIA,882.8701310198301,882.8701310198301,959.9418419688535
2020,95757,6067.0,CALIFORNIA,972.14030825934,972.14030825934,1068.2589857961511
2018,95758,6067.0,CALIFORNIA,822.063143784394,822.063143784394,1040.2151655415673
2019,95758,6067.0,CALIFORNIA,879.3079887153375,879.3079887153375,959.9418419688535
2020,95758,6067.0,CALIFORNIA,965.5960045893232,965.5960045893232,1068.2589857961511
2018,95759,6067.0,CALIFORNIA,736.0,736.0,1040.2151655415673
2019,95759,6067.0,CALIFORNIA,780.0,780.0,959.9418419688535
2020,95759,6067.0,CALIFORNIA,863.0,863.0,1068.2589857961511
2018,95762,6017.0,CALIFORNIA,1245.0178438106616,1245.0178438106616,1117.1558130044493
2019,95762,6017.0,CALIFORNIA,1346.6769939737685,1346.6769939737685,1248.9606595698824
2020,95762,6017.0,CALIFORNIA,1522.4147072854903,1522.4147072854903,1396.948506186954
2018,95765,6061.0,CALIFORNIA,885.7352713606721,885.7352713606721,1094.520103714527
2019,95765,6061.0,CALIFORNIA,950.72612987013,950.72612987013,1218.6580151200312
2020,95765,6061.0,CALIFORNIA,1052.0291919896383,1052.0291919896383,1381.2175031702977
2018,95776,6113.0,CALIFORNIA,658.6821220616778,658.6821220616778,959.0478315453618
2019,95776,6113.0,CALIFORNIA,706.4706003713637,706.4706003713637,979.4012024605121
2020,95776,6113.0,CALIFORNIA,773.7663713405238,773.7663713405238,1189.180422015105
2020,95798,6113.0,CALIFORNIA,445.0,571.7662565339767,1189.180422015105
2018,95811,6067.0,CALIFORNIA,901.3128491620112,901.3128491620112,1040.2151655415673
2019,95811,6067.0,CALIFORNIA,960.7282051282052,960.7282051282052,959.9418419688535
2020,95811,6067.0,CALIFORNIA,1056.4492385786805,1056.4492385786805,1068.2589857961511
2018,95814,6067.0,CALIFORNIA,887.8358778625955,887.8358778625955,1040.2151655415673
2019,95814,6067.0,CALIFORNIA,902.8439716312056,902.8439716312056,959.9418419688535
2020,95814,6067.0,CALIFORNIA,954.9208860759494,954.9208860759494,1068.2589857961511
2018,95815,6067.0,CALIFORNIA,672.5428571428571,672.5428571428571,1040.2151655415673
2019,95815,6067.0,CALIFORNIA,704.9256712508186,704.9256712508186,959.9418419688535
2020,95815,6067.0,CALIFORNIA,781.4059122695486,781.4059122695486,1068.2589857961511
2018,95816,6067.0,CALIFORNIA,980.1576044129235,980.1576044129235,1040.2151655415673
2019,95816,6067.0,CALIFORNIA,1034.6534875046625,1034.6534875046625,959.9418419688535
2020,95816,6067.0,CALIFORNIA,1123.6537906137185,1123.6537906137185,1068.2589857961511
2018,95817,6067.0,CALIFORNIA,700.6835030549898,700.6835030549898,1040.2151655415673
2019,95817,6067.0,CALIFORNIA,738.1379579111458,738.1379579111458,959.9418419688535
2020,95817,6067.0,CALIFORNIA,814.8772744870306,814.8772744870306,1068.2589857961511
2018,95818,6067.0,CALIFORNIA,978.2439741328632,978.2439741328632,1040.2151655415673
2019,95818,6067.0,CALIFORNIA,1048.9975076687117,1048.9975076687117,959.9418419688535
2020,95818,6067.0,CALIFORNIA,1147.6350737797957,1147.6350737797957,1068.2589857961511
2018,95819,6067.0,CALIFORNIA,937.4750566893424,937.4750566893424,1040.2151655415673
2019,95819,6067.0,CALIFORNIA,1011.3969139245212,1011.3969139245212,959.9418419688535
2020,95819,6067.0,CALIFORNIA,1085.1051474629053,1085.1051474629053,1068.2589857961511
2018,95820,6067.0,CALIFORNIA,679.8988303205225,679.8988303205225,1040.2151655415673
2019,95820,6067.0,CALIFORNIA,713.0863267670916,713.0863267670916,959.9418419688535
2020,95820,6067.0,CALIFORNIA,776.816969353008,776.816969353008,1068.2589857961511
2018,95821,6067.0,CALIFORNIA,828.8822487113403,828.8822487113403,1040.2151655415673
2019,95821,6067.0,CALIFORNIA,878.8533041712233,878.8533041712233,959.9418419688535
2020,95821,6067.0,CALIFORNIA,956.4215067015868,956.4215067015868,1068.2589857961511
2018,95822,6067.0,CALIFORNIA,760.1470336260442,760.1470336260442,1040.2151655415673
2019,95822,6067.0,CALIFORNIA,800.3123057799876,800.3123057799876,959.9418419688535
2020,95822,6067.0,CALIFORNIA,870.9370022462732,870.9370022462732,1068.2589857961511
2018,95823,6067.0,CALIFORNIA,715.905014565127,715.905014565127,1040.2151655415673
2019,95823,6067.0,CALIFORNIA,755.1907537291316,755.1907537291316,959.9418419688535
2020,95823,6067.0,CALIFORNIA,838.6728329297821,838.6728329297821,1068.2589857961511
2018,95824,6067.0,CALIFORNIA,645.219022687609,645.219022687609,1040.2151655415673
2019,95824,6067.0,CALIFORNIA,672.9598238855256,672.9598238855256,959.9418419688535
2020,95824,6067.0,CALIFORNIA,740.8918406072106,740.8918406072106,1068.2589857961511
2018,95825,6067.0,CALIFORNIA,739.1048252911813,739.1048252911813,1040.2151655415673
2019,95825,6067.0,CALIFORNIA,781.7556634304207,781.7556634304207,959.9418419688535
2020,95825,6067.0,CALIFORNIA,858.8343982960596,858.8343982960596,1068.2589857961511
2018,95826,6067.0,CALIFORNIA,748.5419857958501,748.5419857958501,1040.2151655415673
2019,95826,6067.0,CALIFORNIA,794.9605370219691,794.9605370219691,959.9418419688535
2020,95826,6067.0,CALIFORNIA,861.6646682653877,861.6646682653877,1068.2589857961511
2018,95827,6067.0,CALIFORNIA,731.8892968088111,731.8892968088111,1040.2151655415673
2019,95827,6067.0,CALIFORNIA,776.4366197183099,776.4366197183099,959.9418419688535
2020,95827,6067.0,CALIFORNIA,856.1378392762108,856.1378392762108,1068.2589857961511
2018,95828,6067.0,CALIFORNIA,730.8650117195824,730.8650117195824,1040.2151655415673
2019,95828,6067.0,CALIFORNIA,765.7090580074395,765.7090580074395,959.9418419688535
2020,95828,6067.0,CALIFORNIA,846.0614645622978,846.0614645622978,1068.2589857961511
2018,95829,6067.0,CALIFORNIA,822.0858931431067,822.0858931431067,1040.2151655415673
2019,95829,6067.0,CALIFORNIA,874.8566856824823,874.8566856824823,959.9418419688535
2020,95829,6067.0,CALIFORNIA,963.8264036016948,963.8264036016948,1068.2589857961511
2018,95830,6067.0,CALIFORNIA,1171.7692307692307,1171.7692307692307,1040.2151655415673
2019,95830,6067.0,CALIFORNIA,1277.589622641509,1277.589622641509,959.9418419688535
2020,95830,6067.0,CALIFORNIA,1435.5550239234449,1435.5550239234449,1068.2589857961511
2018,95831,6067.0,CALIFORNIA,924.9975810353168,924.9975810353168,1040.2151655415673
2019,95831,6067.0,CALIFORNIA,986.927609588387,986.927609588387,959.9418419688535
2020,95831,6067.0,CALIFORNIA,1055.793259699802,1055.793259699802,1068.2589857961511
2018,95832,6067.0,CALIFORNIA,689.1958307012003,689.1958307012003,1040.2151655415673
2019,95832,6067.0,CALIFORNIA,720.7899461400359,720.7899461400359,959.9418419688535
2020,95832,6067.0,CALIFORNIA,802.4368819080861,802.4368819080861,1068.2589857961511
2018,95833,6067.0,CALIFORNIA,733.0346494762289,733.0346494762289,1040.2151655415673
2019,95833,6067.0,CALIFORNIA,779.5381998144138,779.5381998144138,959.9418419688535
2020,95833,6067.0,CALIFORNIA,851.6947049924357,851.6947049924357,1068.2589857961511
2018,95834,6067.0,CALIFORNIA,721.9003378378378,721.9003378378378,1040.2151655415673
2019,95834,6067.0,CALIFORNIA,739.420126926564,739.420126926564,959.9418419688535
2020,95834,6067.0,CALIFORNIA,791.3747796827431,791.3747796827431,1068.2589857961511
2018,95835,6067.0,CALIFORNIA,850.4339554917444,850.4339554917444,1040.2151655415673
2019,95835,6067.0,CALIFORNIA,906.5367730255714,906.5367730255714,959.9418419688535
2020,95835,6067.0,CALIFORNIA,990.1135152767208,990.1135152767208,1068.2589857961511
2019,95836,6101.0,CALIFORNIA,240.0,571.7662565339767,1063.1636349189444
2020,95836,6101.0,CALIFORNIA,474.5,571.7662565339767,1145.4882272813381
2018,95837,6067.0,CALIFORNIA,1628.5862068965516,1628.5862068965516,1040.2151655415673
2019,95837,6067.0,CALIFORNIA,1731.75,1731.75,959.9418419688535
2020,95837,6067.0,CALIFORNIA,1863.354838709677,1863.354838709677,1068.2589857961511
2018,95838,6067.0,CALIFORNIA,659.3561619082038,659.3561619082038,1040.2151655415673
2019,95838,6067.0,CALIFORNIA,691.8643300352172,691.8643300352172,959.9418419688535
2020,95838,6067.0,CALIFORNIA,764.8065757818765,764.8065757818765,1068.2589857961511
2018,95841,6067.0,CALIFORNIA,822.5077894736842,822.5077894736842,1040.2151655415673
2019,95841,6067.0,CALIFORNIA,868.2857142857143,868.2857142857143,959.9418419688535
2020,95841,6067.0,CALIFORNIA,953.1809065383072,953.1809065383072,1068.2589857961511
2018,95842,6067.0,CALIFORNIA,676.2223342068131,676.2223342068131,1040.2151655415673
2019,95842,6067.0,CALIFORNIA,714.7593707516022,714.7593707516022,959.9418419688535
2020,95842,6067.0,CALIFORNIA,785.415381722452,785.415381722452,1068.2589857961511
2018,95843,6067.0,CALIFORNIA,783.2689526730937,783.2689526730937,1040.2151655415673
2019,95843,6067.0,CALIFORNIA,833.8219394194363,833.8219394194363,959.9418419688535
2020,95843,6067.0,CALIFORNIA,913.96649694501,913.96649694501,1068.2589857961511
2018,95864,6067.0,CALIFORNIA,1183.9167488378646,1183.9167488378646,1040.2151655415673
2019,95864,6067.0,CALIFORNIA,1276.9554359823398,1276.9554359823398,959.9418419688535
2020,95864,6067.0,CALIFORNIA,1393.302341410291,1393.302341410291,1068.2589857961511
2018,95866,6067.0,CALIFORNIA,604.0,604.0,1040.2151655415673
2019,95866,6067.0,CALIFORNIA,786.0,786.0,959.9418419688535
2020,95866,6067.0,CALIFORNIA,772.0,772.0,1068.2589857961511
2018,95901,6115.0,CALIFORNIA,813.9049841329102,813.9049841329102,966.4671461069887
2019,95901,6115.0,CALIFORNIA,859.503727369542,859.503727369542,1061.8241702864434
2020,95901,6115.0,CALIFORNIA,973.2536057692308,973.2536057692308,1123.3282598471221
2018,95903,6115.0,CALIFORNIA,496.0,571.7662565339767,966.4671461069887
2019,95903,6115.0,CALIFORNIA,450.0,571.7662565339767,1061.8241702864434
2018,95910,6091.0,CALIFORNIA,1252.7142857142858,1252.7142857142858,1235.21358308154
2019,95910,6091.0,CALIFORNIA,1292.2857142857142,1292.2857142857142,1341.2345919604516
2020,95910,6091.0,CALIFORNIA,1218.625,1218.625,1355.3717059407832
2018,95912,6011.0,CALIFORNIA,821.024111675127,821.024111675127,1032.8097967272852
2019,95912,6011.0,CALIFORNIA,876.4370277078085,876.4370277078085,1136.322942637762
2020,95912,6011.0,CALIFORNIA,955.2115621156212,955.2115621156212,1151.0480960631157
2018,95913,6021.0,CALIFORNIA,836.3469387755102,836.3469387755102,999.7311189798374
2019,95913,6021.0,CALIFORNIA,881.16,881.16,1150.9088014233682
2020,95913,6021.0,CALIFORNIA,928.4444444444443,928.4444444444443,1055.3359221441194
2018,95914,6007.0,CALIFORNIA,1393.4876033057851,1393.4876033057851,884.2622803364711
2019,95914,6007.0,CALIFORNIA,1463.622950819672,1463.622950819672,1006.0082602144292
2020,95914,6007.0,CALIFORNIA,1632.8916666666669,1632.8916666666669,1175.9822500983746
2018,95915,6063.0,CALIFORNIA,1604.5,1604.5,1169.33106246291
2019,95915,6063.0,CALIFORNIA,1786.5,1786.5,1222.4678488761851
2020,95915,6063.0,CALIFORNIA,1956.0,1956.0,1315.0914525691223
2018,95916,6007.0,CALIFORNIA,1285.8896551724138,1285.8896551724138,884.2622803364711
2019,95916,6007.0,CALIFORNIA,1396.7379310344827,1396.7379310344827,1006.0082602144292
2020,95916,6007.0,CALIFORNIA,1495.2857142857142,1495.2857142857142,1175.9822500983746
2018,95917,6007.0,CALIFORNIA,804.1545893719807,804.1545893719807,884.2622803364711
2019,95917,6007.0,CALIFORNIA,853.6259780907668,853.6259780907668,1006.0082602144292
2020,95917,6007.0,CALIFORNIA,952.5528330781012,952.5528330781012,1175.9822500983746
2018,95918,6115.0,CALIFORNIA,1402.694756554307,1402.694756554307,966.4671461069887
2019,95918,6115.0,CALIFORNIA,1553.8324514991182,1553.8324514991182,1061.8241702864434
2020,95918,6115.0,CALIFORNIA,1711.76740237691,1711.76740237691,1123.3282598471221
2018,95919,6115.0,CALIFORNIA,1236.9513513513514,1236.9513513513514,966.4671461069887
2019,95919,6115.0,CALIFORNIA,1281.5882352941176,1281.5882352941176,1061.8241702864434
2020,95919,6115.0,CALIFORNIA,1242.53591160221,1242.53591160221,1123.3282598471221
2018,95920,6021.0,CALIFORNIA,1742.6190476190477,1742.6190476190477,999.7311189798374
2019,95920,6021.0,CALIFORNIA,1776.72,1776.72,1150.9088014233682
2020,95920,6021.0,CALIFORNIA,1931.0416666666667,1931.0416666666667,1055.3359221441194
2018,95922,6115.0,CALIFORNIA,1752.178571428571,1752.178571428571,966.4671461069887
2019,95922,6115.0,CALIFORNIA,1710.9367088607594,1710.9367088607594,1061.8241702864434
2020,95922,6115.0,CALIFORNIA,1621.051948051948,1621.051948051948,1123.3282598471221
2018,95923,6063.0,CALIFORNIA,1190.2065217391305,1190.2065217391305,1169.33106246291
2019,95923,6063.0,CALIFORNIA,1305.021505376344,1305.021505376344,1222.4678488761851
2020,95923,6063.0,CALIFORNIA,1416.4408602150538,1416.4408602150538,1315.0914525691223
2018,95924,6057.0,CALIFORNIA,971.5333333333332,971.5333333333332,1179.0763766301325
2019,95924,6057.0,CALIFORNIA,1053.8125,1053.8125,1284.710113009747
2020,95924,6057.0,CALIFORNIA,1249.8125,1249.8125,1380.6571041318753
2018,95925,6115.0,CALIFORNIA,1351.5925925925926,1351.5925925925926,966.4671461069887
2019,95925,6115.0,CALIFORNIA,1377.3076923076924,1377.3076923076924,1061.8241702864434
2020,95925,6115.0,CALIFORNIA,1340.1136363636365,1340.1136363636365,1123.3282598471221
2018,95926,6007.0,CALIFORNIA,860.0042255810174,860.0042255810174,884.2622803364711
2019,95926,6007.0,CALIFORNIA,922.3362041467304,922.3362041467304,1006.0082602144292
2020,95926,6007.0,CALIFORNIA,1008.7298019490726,1008.7298019490726,1175.9822500983746
2018,95927,6007.0,CALIFORNIA,793.0,793.0,884.2622803364711
2018,95928,6007.0,CALIFORNIA,985.3581818181818,985.3581818181818,884.2622803364711
2019,95928,6007.0,CALIFORNIA,1039.0605655010877,1039.0605655010877,1006.0082602144292
2020,95928,6007.0,CALIFORNIA,1141.3257425742574,1141.3257425742574,1175.9822500983746
2018,95930,6007.0,CALIFORNIA,1117.6444444444444,1117.6444444444444,884.2622803364711
2019,95930,6007.0,CALIFORNIA,1165.2222222222222,1165.2222222222222,1006.0082602144292
2020,95930,6007.0,CALIFORNIA,1135.0566037735848,1135.0566037735848,1175.9822500983746
2018,95932,6011.0,CALIFORNIA,925.6037313432836,925.6037313432836,1032.8097967272852
2019,95932,6011.0,CALIFORNIA,977.7847272727272,977.7847272727272,1136.322942637762
2020,95932,6011.0,CALIFORNIA,1045.9258992805755,1045.9258992805755,1151.0480960631157
2018,95934,6063.0,CALIFORNIA,1386.9655172413793,1386.9655172413793,1169.33106246291
2019,95934,6063.0,CALIFORNIA,1312.5172413793102,1312.5172413793102,1222.4678488761851
2020,95934,6063.0,CALIFORNIA,1513.1694915254238,1513.1694915254238,1315.0914525691223
2018,95935,6115.0,CALIFORNIA,1235.1809523809525,1235.1809523809525,966.4671461069887
2019,95935,6115.0,CALIFORNIA,1306.940170940171,1306.940170940171,1061.8241702864434
2020,95935,6115.0,CALIFORNIA,1350.776,1350.776,1123.3282598471221
2018,95936,6091.0,CALIFORNIA,1343.1304347826087,1343.1304347826087,1235.21358308154
2019,95936,6091.0,CALIFORNIA,1431.5727272727272,1431.5727272727272,1341.2345919604516
2020,95936,6091.0,CALIFORNIA,1479.81512605042,1479.81512605042,1355.3717059407832
2018,95937,6113.0,CALIFORNIA,781.3211678832117,781.3211678832117,959.0478315453618
2019,95937,6113.0,CALIFORNIA,815.3880597014926,815.3880597014926,979.4012024605121
2020,95937,6113.0,CALIFORNIA,899.0074074074074,899.0074074074074,1189.180422015105
2018,95938,6007.0,CALIFORNIA,1079.969504447268,1079.969504447268,884.2622803364711
2019,95938,6007.0,CALIFORNIA,1151.2167487684728,1151.2167487684728,1006.0082602144292
2020,95938,6007.0,CALIFORNIA,1327.868131868132,1327.868131868132,1175.9822500983746
2018,95939,6021.0,CALIFORNIA,1072.38,1072.38,999.7311189798374
2019,95939,6021.0,CALIFORNIA,1142.1176470588234,1142.1176470588234,1150.9088014233682
2020,95939,6021.0,CALIFORNIA,1213.053571428571,1213.053571428571,1055.3359221441194
2018,95940,6007.0,CALIFORNIA,1532.0,1532.0,884.2622803364711
2019,95940,6007.0,CALIFORNIA,1563.75,1563.75,1006.0082602144292
2020,95940,6007.0,CALIFORNIA,2899.5,2899.5,1175.9822500983746
2018,95941,6007.0,CALIFORNIA,1340.1929824561405,1340.1929824561405,884.2622803364711
2019,95941,6007.0,CALIFORNIA,1409.0188679245282,1409.0188679245282,1006.0082602144292
2020,95941,6007.0,CALIFORNIA,1421.148148148148,1421.148148148148,1175.9822500983746
2018,95942,6007.0,CALIFORNIA,1368.4375,1368.4375,884.2622803364711
2019,95942,6007.0,CALIFORNIA,1453.9299363057326,1453.9299363057326,1006.0082602144292
2020,95942,6007.0,CALIFORNIA,1499.326612903226,1499.326612903226,1175.9822500983746
2018,95943,6021.0,CALIFORNIA,1112.8125,1112.8125,999.7311189798374
2019,95943,6021.0,CALIFORNIA,1158.3,1158.3,1150.9088014233682
2020,95943,6021.0,CALIFORNIA,1356.4074074074074,1356.4074074074074,1055.3359221441194
2018,95944,6091.0,CALIFORNIA,1309.1,1309.1,1235.21358308154
2019,95944,6091.0,CALIFORNIA,1308.2222222222222,1308.2222222222222,1341.2345919604516
2020,95944,6091.0,CALIFORNIA,1271.25,1271.25,1355.3717059407832
2018,95945,6057.0,CALIFORNIA,1233.8229246001524,1233.8229246001524,1179.0763766301325
2019,95945,6057.0,CALIFORNIA,1288.784028695488,1288.784028695488,1284.710113009747
2020,95945,6057.0,CALIFORNIA,1340.2968636032094,1340.2968636032094,1380.6571041318753
2018,95946,6057.0,CALIFORNIA,1342.4528535980148,1342.4528535980148,1179.0763766301325
2019,95946,6057.0,CALIFORNIA,1452.6653626241348,1452.6653626241348,1284.710113009747
2020,95946,6057.0,CALIFORNIA,1562.6548545087871,1562.6548545087871,1380.6571041318753
2018,95947,6063.0,CALIFORNIA,1203.3019390581717,1203.3019390581717,1169.33106246291
2019,95947,6063.0,CALIFORNIA,1320.2116402116403,1320.2116402116403,1222.4678488761851
2020,95947,6063.0,CALIFORNIA,1514.8903394255874,1514.8903394255874,1315.0914525691223
2018,95948,6007.0,CALIFORNIA,803.1816283924843,803.1816283924843,884.2622803364711
2019,95948,6007.0,CALIFORNIA,854.8943911066195,854.8943911066195,1006.0082602144292
2020,95948,6007.0,CALIFORNIA,954.376370887338,954.376370887338,1175.9822500983746
2018,95949,6057.0,CALIFORNIA,1395.2019323671498,1395.2019323671498,1179.0763766301325
2019,95949,6057.0,CALIFORNIA,1414.9690457413249,1414.9690457413249,1284.710113009747
2020,95949,6057.0,CALIFORNIA,1342.3264716504152,1342.3264716504152,1380.6571041318753
2018,95950,6011.0,CALIFORNIA,881.6904761904761,881.6904761904761,1032.8097967272852
2019,95950,6011.0,CALIFORNIA,899.0930232558139,899.0930232558139,1136.322942637762
2020,95950,6011.0,CALIFORNIA,978.5454545454544,978.5454545454544,1151.0480960631157
2018,95951,6021.0,CALIFORNIA,690.4850136239781,690.4850136239781,999.7311189798374
2019,95951,6021.0,CALIFORNIA,741.3091397849462,741.3091397849462,1150.9088014233682
2020,95951,6021.0,CALIFORNIA,799.0132978723404,799.0132978723404,1055.3359221441194
2018,95953,6101.0,CALIFORNIA,752.5609080841639,752.5609080841639,972.7181895236305
2019,95953,6101.0,CALIFORNIA,788.631216931217,788.631216931217,1063.1636349189444
2020,95953,6101.0,CALIFORNIA,899.5301265822785,899.5301265822785,1145.4882272813381
2018,95954,6007.0,CALIFORNIA,1093.1091326823664,1093.1091326823664,884.2622803364711
2019,95954,6007.0,CALIFORNIA,1062.4365157480315,1062.4365157480315,1006.0082602144292
2020,95954,6007.0,CALIFORNIA,1190.3110585452396,1190.3110585452396,1175.9822500983746
2018,95955,6011.0,CALIFORNIA,936.5886524822696,936.5886524822696,1032.8097967272852
2019,95955,6011.0,CALIFORNIA,998.5333333333332,998.5333333333332,1136.322942637762
2020,95955,6011.0,CALIFORNIA,1048.6815286624203,1048.6815286624203,1151.0480960631157
2018,95956,6063.0,CALIFORNIA,1364.037037037037,1364.037037037037,1169.33106246291
2019,95956,6063.0,CALIFORNIA,1502.423076923077,1502.423076923077,1222.4678488761851
2020,95956,6063.0,CALIFORNIA,1674.2969696969697,1674.2969696969697,1315.0914525691223
2018,95957,6101.0,CALIFORNIA,962.5696202531644,962.5696202531644,972.7181895236305
2019,95957,6101.0,CALIFORNIA,1049.9518072289156,1049.9518072289156,1063.1636349189444
2020,95957,6101.0,CALIFORNIA,1167.8235294117646,1167.8235294117646,1145.4882272813381
2018,95958,6007.0,CALIFORNIA,786.0,786.0,884.2622803364711
2019,95958,6007.0,CALIFORNIA,887.0,887.0,1006.0082602144292
2020,95958,6007.0,CALIFORNIA,1051.3,1051.3,1175.9822500983746
2018,95959,6057.0,CALIFORNIA,1566.848746238716,1566.848746238716,1179.0763766301325
2019,95959,6057.0,CALIFORNIA,1643.504155686195,1643.504155686195,1284.710113009747
2020,95959,6057.0,CALIFORNIA,1680.4486590038314,1680.4486590038314,1380.6571041318753
2018,95960,6057.0,CALIFORNIA,1442.435064935065,1442.435064935065,1179.0763766301325
2019,95960,6057.0,CALIFORNIA,1532.9160305343512,1532.9160305343512,1284.710113009747
2020,95960,6057.0,CALIFORNIA,1600.1592920353985,1600.1592920353985,1380.6571041318753
2018,95961,6115.0,CALIFORNIA,749.2022885165509,749.2022885165509,966.4671461069887
2019,95961,6115.0,CALIFORNIA,789.6535654126895,789.6535654126895,1061.8241702864434
2020,95961,6115.0,CALIFORNIA,874.4763655462185,874.4763655462185,1123.3282598471221
2018,95962,6115.0,CALIFORNIA,1302.408888888889,1302.408888888889,966.4671461069887
2019,95962,6115.0,CALIFORNIA,1349.4454148471616,1349.4454148471616,1061.8241702864434
2020,95962,6115.0,CALIFORNIA,1527.50390625,1527.50390625,1123.3282598471221
2018,95963,6021.0,CALIFORNIA,759.238951896754,759.238951896754,999.7311189798374
2019,95963,6021.0,CALIFORNIA,804.211509715994,804.211509715994,1150.9088014233682
2020,95963,6021.0,CALIFORNIA,870.0507219548315,870.0507219548315,1055.3359221441194
2018,95965,6007.0,CALIFORNIA,958.8734723220704,958.8734723220704,884.2622803364711
2019,95965,6007.0,CALIFORNIA,973.2125622366908,973.2125622366908,1006.0082602144292
2020,95965,6007.0,CALIFORNIA,1107.3997805413314,1107.3997805413314,1175.9822500983746
2018,95966,6007.0,CALIFORNIA,1019.2442336309524,1019.2442336309524,884.2622803364711
2019,95966,6007.0,CALIFORNIA,1088.417940320233,1088.417940320233,1006.0082602144292
2020,95966,6007.0,CALIFORNIA,1190.251863684771,1190.251863684771,1175.9822500983746
2018,95968,6007.0,CALIFORNIA,831.044776119403,831.044776119403,884.2622803364711
2019,95968,6007.0,CALIFORNIA,878.877358490566,878.877358490566,1006.0082602144292
2020,95968,6007.0,CALIFORNIA,1026.9289099526063,1026.9289099526063,1175.9822500983746
2018,95969,6007.0,CALIFORNIA,1112.3076923076924,1112.3076923076924,884.2622803364711
2019,95969,6007.0,CALIFORNIA,899.3635006531069,899.3635006531069,1006.0082602144292
2020,95969,6007.0,CALIFORNIA,1013.16772589113,1013.16772589113,1175.9822500983746
2018,95970,6021.0,CALIFORNIA,873.8088235294117,873.8088235294117,999.7311189798374
2019,95970,6021.0,CALIFORNIA,941.945945945946,941.945945945946,1150.9088014233682
2020,95970,6021.0,CALIFORNIA,983.027027027027,983.027027027027,1055.3359221441194
2018,95971,6063.0,CALIFORNIA,1122.0445619335349,1122.0445619335349,1169.33106246291
2019,95971,6063.0,CALIFORNIA,1191.2971114167813,1191.2971114167813,1222.4678488761851
2020,95971,6063.0,CALIFORNIA,1373.343163538874,1373.343163538874,1315.0914525691223
2018,95972,6115.0,CALIFORNIA,1147.76,1147.76,966.4671461069887
2019,95972,6115.0,CALIFORNIA,1245.2083333333333,1245.2083333333333,1061.8241702864434
2020,95972,6115.0,CALIFORNIA,1246.3846153846157,1246.3846153846157,1123.3282598471221
2018,95973,6007.0,CALIFORNIA,888.2851800554016,888.2851800554016,884.2622803364711
2019,95973,6007.0,CALIFORNIA,958.1464825772518,958.1464825772518,1006.0082602144292
2020,95973,6007.0,CALIFORNIA,1056.7233065442022,1056.7233065442022,1175.9822500983746
2018,95974,6007.0,CALIFORNIA,919.3064516129032,919.3064516129032,884.2622803364711
2019,95974,6007.0,CALIFORNIA,970.4745762711864,970.4745762711864,1006.0082602144292
2020,95974,6007.0,CALIFORNIA,1078.904761904762,1078.904761904762,1175.9822500983746
2018,95975,6057.0,CALIFORNIA,1368.6933333333334,1368.6933333333334,1179.0763766301325
2019,95975,6057.0,CALIFORNIA,1433.889502762431,1433.889502762431,1284.710113009747
2020,95975,6057.0,CALIFORNIA,1378.030848329049,1378.030848329049,1380.6571041318753
2018,95977,6057.0,CALIFORNIA,1219.008379888268,1219.008379888268,1179.0763766301325
2019,95977,6057.0,CALIFORNIA,1290.5833333333333,1290.5833333333333,1284.710113009747
2020,95977,6057.0,CALIFORNIA,1358.8861111111112,1358.8861111111112,1380.6571041318753
2018,95978,6007.0,CALIFORNIA,933.0144927536232,933.0144927536232,884.2622803364711
2019,95978,6007.0,CALIFORNIA,1037.032258064516,1037.032258064516,1006.0082602144292
2020,95978,6007.0,CALIFORNIA,1223.878787878788,1223.878787878788,1175.9822500983746
2018,95979,6011.0,CALIFORNIA,935.1440677966102,935.1440677966102,1032.8097967272852
2019,95979,6011.0,CALIFORNIA,1016.008,1016.008,1136.322942637762
2020,95979,6011.0,CALIFORNIA,1135.2692307692307,1135.2692307692307,1151.0480960631157
2018,95981,6115.0,CALIFORNIA,1194.066265060241,1194.066265060241,966.4671461069887
2019,95981,6115.0,CALIFORNIA,1249.7515151515152,1249.7515151515152,1061.8241702864434
2020,95981,6115.0,CALIFORNIA,1288.6932515337423,1288.6932515337423,1123.3282598471221
2018,95982,6101.0,CALIFORNIA,775.4922279792746,775.4922279792746,972.7181895236305
2019,95982,6101.0,CALIFORNIA,821.7723880597015,821.7723880597015,1063.1636349189444
2020,95982,6101.0,CALIFORNIA,925.5279126213592,925.5279126213592,1145.4882272813381
2018,95983,6063.0,CALIFORNIA,1309.975806451613,1309.975806451613,1169.33106246291
2019,95983,6063.0,CALIFORNIA,1397.9153846153847,1397.9153846153847,1222.4678488761851
2020,95983,6063.0,CALIFORNIA,1554.406015037594,1554.406015037594,1315.0914525691223
2018,95984,6063.0,CALIFORNIA,1429.6190476190477,1429.6190476190477,1169.33106246291
2019,95984,6063.0,CALIFORNIA,1456.2380952380952,1456.2380952380952,1222.4678488761851
2020,95984,6063.0,CALIFORNIA,1828.875,1828.875,1315.0914525691223
2018,95986,6057.0,CALIFORNIA,1074.142857142857,1074.142857142857,1179.0763766301325
2019,95986,6057.0,CALIFORNIA,1131.3714285714286,1131.3714285714286,1284.710113009747
2020,95986,6057.0,CALIFORNIA,1262.1875,1262.1875,1380.6571041318753
2018,95987,6011.0,CALIFORNIA,786.919826652221,786.919826652221,1032.8097967272852
2019,95987,6011.0,CALIFORNIA,836.2129436325679,836.2129436325679,1136.322942637762
2020,95987,6011.0,CALIFORNIA,907.0152129817444,907.0152129817444,1151.0480960631157
2018,95988,6021.0,CALIFORNIA,797.3180212014134,797.3180212014134,999.7311189798374
2019,95988,6021.0,CALIFORNIA,841.7165458141068,841.7165458141068,1150.9088014233682
2020,95988,6021.0,CALIFORNIA,896.8388998035364,896.8388998035364,1055.3359221441194
2018,95991,6101.0,CALIFORNIA,753.4372897645363,753.4372897645363,972.7181895236305
2019,95991,6101.0,CALIFORNIA,799.9407108489834,799.9407108489834,1063.1636349189444
2020,95991,6101.0,CALIFORNIA,917.009917607568,917.009917607568,1145.4882272813381
2018,95993,6101.0,CALIFORNIA,826.15269849507,826.15269849507,972.7181895236305
2019,95993,6101.0,CALIFORNIA,875.9637781411143,875.9637781411143,1063.1636349189444
2020,95993,6101.0,CALIFORNIA,1004.4600445324096,1004.4600445324096,1145.4882272813381
2018,96001,6089.0,CALIFORNIA,1000.754221592766,1000.754221592766,906.3106734183467
2019,96001,6089.0,CALIFORNIA,1040.4540560381745,1040.4540560381745,1074.643305119779
2020,96001,6089.0,CALIFORNIA,1188.3144136512162,1188.3144136512162,1151.2884151074566
2018,96002,6089.0,CALIFORNIA,869.2480806864369,869.2480806864369,906.3106734183467
2019,96002,6089.0,CALIFORNIA,935.8489652135625,935.8489652135625,1074.643305119779
2020,96002,6089.0,CALIFORNIA,1069.392269974041,1069.392269974041,1151.2884151074566
2018,96003,6089.0,CALIFORNIA,958.5962533636928,958.5962533636928,906.3106734183467
2019,96003,6089.0,CALIFORNIA,1039.0004462293618,1039.0004462293618,1074.643305119779
2020,96003,6089.0,CALIFORNIA,1194.1655534873537,1194.1655534873537,1151.2884151074566
2018,96006,6049.0,CALIFORNIA,965.0224719101124,965.0224719101124,1055.9261252058973
2019,96006,6049.0,CALIFORNIA,1058.2857142857142,1058.2857142857142,1123.0773342068996
2020,96006,6049.0,CALIFORNIA,1207.221052631579,1207.221052631579,1376.668430821081
2018,96007,6089.0,CALIFORNIA,859.841715312079,859.841715312079,906.3106734183467
2019,96007,6089.0,CALIFORNIA,914.1201881950384,914.1201881950384,1074.643305119779
2020,96007,6089.0,CALIFORNIA,1035.549316508938,1035.549316508938,1151.2884151074566
2018,96008,6089.0,CALIFORNIA,1414.2649006622516,1414.2649006622516,906.3106734183467
2019,96008,6089.0,CALIFORNIA,1495.1540983606558,1495.1540983606558,1074.643305119779
2020,96008,6089.0,CALIFORNIA,1708.391304347826,1708.391304347826,1151.2884151074566
2018,96009,6035.0,CALIFORNIA,881.9324324324324,881.9324324324324,1096.850914051321
2019,96009,6035.0,CALIFORNIA,939.986301369863,939.986301369863,1245.8248040211538
2020,96009,6035.0,CALIFORNIA,1062.2133333333334,1062.2133333333334,1324.7587036489563
2018,96010,6105.0,CALIFORNIA,1117.3157894736842,1117.3157894736842,1011.3428111228739
2019,96010,6105.0,CALIFORNIA,1233.75,1233.75,1094.6984136630829
2020,96010,6105.0,CALIFORNIA,1675.2962962962963,1675.2962962962963,1148.0243738099791
2018,96011,6089.0,CALIFORNIA,1509.0,1509.0,906.3106734183467
2019,96011,6089.0,CALIFORNIA,1818.75,1818.75,1074.643305119779
2020,96011,6089.0,CALIFORNIA,1724.1176470588234,1724.1176470588234,1151.2884151074566
2018,96013,6089.0,CALIFORNIA,959.7697516930024,959.7697516930024,906.3106734183467
2019,96013,6089.0,CALIFORNIA,1031.793893129771,1031.793893129771,1074.643305119779
2020,96013,6089.0,CALIFORNIA,1133.6677524429967,1133.6677524429967,1151.2884151074566
2018,96014,6093.0,CALIFORNIA,1140.5882352941176,1140.5882352941176,1058.911989614087
2019,96014,6093.0,CALIFORNIA,1207.428571428571,1207.428571428571,1203.1858966464342
2020,96014,6093.0,CALIFORNIA,1409.2380952380952,1409.2380952380952,1315.7545451441893
2018,96015,6049.0,CALIFORNIA,929.103448275862,929.103448275862,1055.9261252058973
2019,96015,6049.0,CALIFORNIA,943.2424242424242,943.2424242424242,1123.0773342068996
2020,96015,6049.0,CALIFORNIA,1101.8064516129032,1101.8064516129032,1376.668430821081
2018,96016,6089.0,CALIFORNIA,1108.3416666666667,1108.3416666666667,906.3106734183467
2019,96016,6089.0,CALIFORNIA,1202.5,1202.5,1074.643305119779
2020,96016,6089.0,CALIFORNIA,1438.3435114503816,1438.3435114503816,1151.2884151074566
2018,96017,6089.0,CALIFORNIA,1118.3,1118.3,906.3106734183467
2019,96017,6089.0,CALIFORNIA,1260.2592592592594,1260.2592592592594,1074.643305119779
2020,96017,6089.0,CALIFORNIA,1350.7261904761904,1350.7261904761904,1151.2884151074566
2018,96019,6089.0,CALIFORNIA,793.8372582001682,793.8372582001682,906.3106734183467
2019,96019,6089.0,CALIFORNIA,844.843962585034,844.843962585034,1074.643305119779
2020,96019,6089.0,CALIFORNIA,981.0258833196384,981.0258833196384,1151.2884151074566
2018,96020,6063.0,CALIFORNIA,1149.0009276437847,1149.0009276437847,1169.33106246291
2019,96020,6063.0,CALIFORNIA,1262.2399635036495,1262.2399635036495,1222.4678488761851
2020,96020,6063.0,CALIFORNIA,1477.7058823529412,1477.7058823529412,1315.0914525691223
2018,96021,6103.0,CALIFORNIA,823.4662231320368,823.4662231320368,978.3751587626173
2019,96021,6103.0,CALIFORNIA,878.0758754863813,878.0758754863813,1052.9418620705947
2020,96021,6103.0,CALIFORNIA,973.8616714697406,973.8616714697406,1117.794755670452
2018,96022,6103.0,CALIFORNIA,958.8786019210246,958.8786019210246,978.3751587626173
2019,96022,6103.0,CALIFORNIA,1050.0597443255936,1050.0597443255936,1052.9418620705947
2020,96022,6103.0,CALIFORNIA,1185.3587997982854,1185.3587997982854,1117.794755670452
2018,96023,6093.0,CALIFORNIA,793.1257142857143,793.1257142857143,1058.911989614087
2019,96023,6093.0,CALIFORNIA,822.796875,822.796875,1203.1858966464342
2020,96023,6093.0,CALIFORNIA,939.4623115577888,939.4623115577888,1315.7545451441893
2018,96024,6105.0,CALIFORNIA,1303.173708920188,1303.173708920188,1011.3428111228739
2019,96024,6105.0,CALIFORNIA,1405.8990825688074,1405.8990825688074,1094.6984136630829
2020,96024,6105.0,CALIFORNIA,1530.1727272727271,1530.1727272727271,1148.0243738099791
2018,96025,6093.0,CALIFORNIA,955.3053311793216,955.3053311793216,1058.911989614087
2019,96025,6093.0,CALIFORNIA,1034.564308681672,1034.564308681672,1203.1858966464342
2020,96025,6093.0,CALIFORNIA,1187.3772357723578,1187.3772357723578,1315.7545451441893
2018,96027,6093.0,CALIFORNIA,962.8464730290456,962.8464730290456,1058.911989614087
2019,96027,6093.0,CALIFORNIA,1053.0338645418326,1053.0338645418326,1203.1858966464342
2020,96027,6093.0,CALIFORNIA,1230.6771037181995,1230.6771037181995,1315.7545451441893
2018,96028,6089.0,CALIFORNIA,1305.9347826086955,1305.9347826086955,906.3106734183467
2019,96028,6089.0,CALIFORNIA,1397.9023746701846,1397.9023746701846,1074.643305119779
2020,96028,6089.0,CALIFORNIA,1601.5089514066497,1601.5089514066497,1151.2884151074566
2018,96029,6103.0,CALIFORNIA,997.6111111111112,997.6111111111112,978.3751587626173
2019,96029,6103.0,CALIFORNIA,1040.529411764706,1040.529411764706,1052.9418620705947
2020,96029,6103.0,CALIFORNIA,1240.076923076923,1240.076923076923,1117.794755670452
2018,96031,6093.0,CALIFORNIA,716.8333333333334,716.8333333333334,1058.911989614087
2019,96031,6093.0,CALIFORNIA,764.1666666666666,764.1666666666666,1203.1858966464342
2020,96031,6093.0,CALIFORNIA,1034.8333333333333,1034.8333333333333,1315.7545451441893
2018,96032,6093.0,CALIFORNIA,1009.054298642534,1009.054298642534,1058.911989614087
2019,96032,6093.0,CALIFORNIA,1086.1072210065645,1086.1072210065645,1203.1858966464342
2020,96032,6093.0,CALIFORNIA,1302.9554140127389,1302.9554140127389,1315.7545451441893
2018,96033,6089.0,CALIFORNIA,1303.7578947368422,1303.7578947368422,906.3106734183467
2019,96033,6089.0,CALIFORNIA,1322.593220338983,1322.593220338983,1074.643305119779
2020,96033,6089.0,CALIFORNIA,1489.421052631579,1489.421052631579,1151.2884151074566
2018,96034,6093.0,CALIFORNIA,1150.8809523809523,1150.8809523809523,1058.911989614087
2019,96034,6093.0,CALIFORNIA,1298.6444444444444,1298.6444444444444,1203.1858966464342
2020,96034,6093.0,CALIFORNIA,1519.8695652173913,1519.8695652173913,1315.7545451441893
2018,96035,6103.0,CALIFORNIA,793.127478753541,793.127478753541,978.3751587626173
2019,96035,6103.0,CALIFORNIA,847.0,847.0,1052.9418620705947
2020,96035,6103.0,CALIFORNIA,913.7229551451188,913.7229551451188,1117.794755670452
2018,96037,6093.0,CALIFORNIA,990.3676470588236,990.3676470588236,1058.911989614087
2019,96037,6093.0,CALIFORNIA,1094.56338028169,1094.56338028169,1203.1858966464342
2020,96037,6093.0,CALIFORNIA,1331.9066666666668,1331.9066666666668,1315.7545451441893
2018,96038,6093.0,CALIFORNIA,825.5188679245283,825.5188679245283,1058.911989614087
2019,96038,6093.0,CALIFORNIA,895.743119266055,895.743119266055,1203.1858966464342
2020,96038,6093.0,CALIFORNIA,956.0833333333334,956.0833333333334,1315.7545451441893
2018,96039,6093.0,CALIFORNIA,1011.9159663865546,1011.9159663865546,1058.911989614087
2019,96039,6093.0,CALIFORNIA,1077.8053097345132,1077.8053097345132,1203.1858966464342
2020,96039,6093.0,CALIFORNIA,1242.12213740458,1242.12213740458,1315.7545451441893
2018,96040,6089.0,CALIFORNIA,1139.704918032787,1139.704918032787,906.3106734183467
2019,96040,6089.0,CALIFORNIA,1258.3898305084747,1258.3898305084747,1074.643305119779
2020,96040,6089.0,CALIFORNIA,1462.0307692307692,1462.0307692307692,1151.2884151074566
2018,96041,6105.0,CALIFORNIA,1049.3094059405942,1049.3094059405942,1011.3428111228739
2019,96041,6105.0,CALIFORNIA,1116.498789346247,1116.498789346247,1094.6984136630829
2020,96041,6105.0,CALIFORNIA,1258.050847457627,1258.050847457627,1148.0243738099791
2018,96044,6093.0,CALIFORNIA,1012.3313953488372,1012.3313953488372,1058.911989614087
2019,96044,6093.0,CALIFORNIA,1089.0523255813953,1089.0523255813953,1203.1858966464342
2020,96044,6093.0,CALIFORNIA,1310.5689655172414,1310.5689655172414,1315.7545451441893
2018,96046,6105.0,CALIFORNIA,1454.8478260869565,1454.8478260869565,1011.3428111228739
2019,96046,6105.0,CALIFORNIA,1595.7608695652175,1595.7608695652175,1094.6984136630829
2020,96046,6105.0,CALIFORNIA,1681.6190476190477,1681.6190476190477,1148.0243738099791
2018,96047,6089.0,CALIFORNIA,1295.6631578947367,1295.6631578947367,906.3106734183467
2019,96047,6089.0,CALIFORNIA,1407.1358024691358,1407.1358024691358,1074.643305119779
2020,96047,6089.0,CALIFORNIA,1678.6588785046729,1678.6588785046729,1151.2884151074566
2018,96048,6105.0,CALIFORNIA,1368.6666666666667,1368.6666666666667,1011.3428111228739
2019,96048,6105.0,CALIFORNIA,1494.9490445859872,1494.9490445859872,1094.6984136630829
2020,96048,6105.0,CALIFORNIA,1767.448051948052,1767.448051948052,1148.0243738099791
2018,96050,6093.0,CALIFORNIA,1379.0972222222222,1379.0972222222222,1058.911989614087
2019,96050,6093.0,CALIFORNIA,1516.4929577464789,1516.4929577464789,1203.1858966464342
2020,96050,6093.0,CALIFORNIA,1713.619718309859,1713.619718309859,1315.7545451441893
2018,96051,6089.0,CALIFORNIA,1376.4655581947743,1376.4655581947743,906.3106734183467
2019,96051,6089.0,CALIFORNIA,1478.9730392156862,1478.9730392156862,1074.643305119779
2020,96051,6089.0,CALIFORNIA,1611.1051401869158,1611.1051401869158,1151.2884151074566
2018,96052,6105.0,CALIFORNIA,1100.9365558912386,1100.9365558912386,1011.3428111228739
2019,96052,6105.0,CALIFORNIA,1175.3931888544892,1175.3931888544892,1094.6984136630829
2020,96052,6105.0,CALIFORNIA,1327.8978328173375,1327.8978328173375,1148.0243738099791
2018,96054,6049.0,CALIFORNIA,905.1764705882352,905.1764705882352,1055.9261252058973
2019,96054,6049.0,CALIFORNIA,993.972972972973,993.972972972973,1123.0773342068996
2020,96054,6049.0,CALIFORNIA,1185.439024390244,1185.439024390244,1376.668430821081
2018,96055,6103.0,CALIFORNIA,820.3542757417104,820.3542757417104,978.3751587626173
2019,96055,6103.0,CALIFORNIA,883.0169204737732,883.0169204737732,1052.9418620705947
2020,96055,6103.0,CALIFORNIA,981.3856427378964,981.3856427378964,1117.794755670452
2018,96056,6089.0,CALIFORNIA,1050.1052631578948,1050.1052631578948,906.3106734183467
2019,96056,6089.0,CALIFORNIA,1141.2610169491525,1141.2610169491525,1074.643305119779
2020,96056,6089.0,CALIFORNIA,1292.3478260869565,1292.3478260869565,1151.2884151074566
2018,96057,6093.0,CALIFORNIA,1248.962818003914,1248.962818003914,1058.911989614087
2019,96057,6093.0,CALIFORNIA,1351.1960784313726,1351.1960784313726,1203.1858966464342
2020,96057,6093.0,CALIFORNIA,1597.0196078431372,1597.0196078431372,1315.7545451441893
2018,96058,6093.0,CALIFORNIA,906.603448275862,906.603448275862,1058.911989614087
2019,96058,6093.0,CALIFORNIA,997.3088235294116,997.3088235294116,1203.1858966464342
2020,96058,6093.0,CALIFORNIA,1169.8358208955224,1169.8358208955224,1315.7545451441893
2018,96059,6103.0,CALIFORNIA,1193.2137404580153,1193.2137404580153,978.3751587626173
2019,96059,6103.0,CALIFORNIA,1355.8650793650793,1355.8650793650793,1052.9418620705947
2020,96059,6103.0,CALIFORNIA,1597.4341085271317,1597.4341085271317,1117.794755670452
2018,96061,6103.0,CALIFORNIA,1007.2201834862384,1007.2201834862384,978.3751587626173
2019,96061,6103.0,CALIFORNIA,1090.1544715447155,1090.1544715447155,1052.9418620705947
2020,96061,6103.0,CALIFORNIA,1259.466165413534,1259.466165413534,1117.794755670452
2018,96062,6089.0,CALIFORNIA,1400.2654545454543,1400.2654545454543,906.3106734183467
2019,96062,6089.0,CALIFORNIA,1517.7349823321554,1517.7349823321554,1074.643305119779
2020,96062,6089.0,CALIFORNIA,1841.7593220338983,1841.7593220338983,1151.2884151074566
2018,96063,6103.0,CALIFORNIA,951.5934959349594,951.5934959349594,978.3751587626173
2019,96063,6103.0,CALIFORNIA,996.2666666666668,996.2666666666668,1052.9418620705947
2020,96063,6103.0,CALIFORNIA,1100.5545454545454,1100.5545454545454,1117.794755670452
2018,96064,6093.0,CALIFORNIA,965.2503176620075,965.2503176620075,1058.911989614087
2019,96064,6093.0,CALIFORNIA,1037.1445639187575,1037.1445639187575,1203.1858966464342
2020,96064,6093.0,CALIFORNIA,1194.1099415204678,1194.1099415204678,1315.7545451441893
2018,96065,6089.0,CALIFORNIA,1240.5727272727272,1240.5727272727272,906.3106734183467
2019,96065,6089.0,CALIFORNIA,1338.2252252252251,1338.2252252252251,1074.643305119779
2020,96065,6089.0,CALIFORNIA,1571.4358974358977,1571.4358974358977,1151.2884151074566
2018,96067,6093.0,CALIFORNIA,1139.6924850161363,1139.6924850161363,1058.911989614087
2019,96067,6093.0,CALIFORNIA,1236.9343525179856,1236.9343525179856,1203.1858966464342
2020,96067,6093.0,CALIFORNIA,1392.7389380530974,1392.7389380530974,1315.7545451441893
2018,96068,6035.0,CALIFORNIA,1214.25,1214.25,1096.850914051321
2019,96068,6035.0,CALIFORNIA,1530.0,1530.0,1245.8248040211538
2020,96068,6035.0,CALIFORNIA,1542.6666666666667,1542.6666666666667,1324.7587036489563
2018,96069,6089.0,CALIFORNIA,1477.6712328767123,1477.6712328767123,906.3106734183467
2019,96069,6089.0,CALIFORNIA,1647.6976744186047,1647.6976744186047,1074.643305119779
2020,96069,6089.0,CALIFORNIA,1790.1818181818182,1790.1818181818182,1151.2884151074566
2018,96071,6089.0,CALIFORNIA,1006.8727272727272,1006.8727272727272,906.3106734183467
2019,96071,6089.0,CALIFORNIA,1054.651376146789,1054.651376146789,1074.643305119779
2020,96071,6089.0,CALIFORNIA,1206.9130434782608,1206.9130434782608,1151.2884151074566
2018,96073,6089.0,CALIFORNIA,1223.5653789004457,1223.5653789004457,906.3106734183467
2019,96073,6089.0,CALIFORNIA,1352.2661870503598,1352.2661870503598,1074.643305119779
2020,96073,6089.0,CALIFORNIA,1526.4073033707866,1526.4073033707866,1151.2884151074566
2018,96074,6103.0,CALIFORNIA,968.6666666666666,968.6666666666666,978.3751587626173
2019,96074,6103.0,CALIFORNIA,997.4,997.4,1052.9418620705947
2020,96074,6103.0,CALIFORNIA,1044.5625,1044.5625,1117.794755670452
2018,96075,6103.0,CALIFORNIA,1176.3829787234042,1176.3829787234042,978.3751587626173
2019,96075,6103.0,CALIFORNIA,1273.5,1273.5,1052.9418620705947
2020,96075,6103.0,CALIFORNIA,1332.2631578947369,1332.2631578947369,1117.794755670452
2018,96076,6105.0,CALIFORNIA,1166.090909090909,1166.090909090909,1011.3428111228739
2019,96076,6105.0,CALIFORNIA,1241.9583333333333,1241.9583333333333,1094.6984136630829
2020,96076,6105.0,CALIFORNIA,1343.923076923077,1343.923076923077,1148.0243738099791
2018,96078,6103.0,CALIFORNIA,512.7692307692307,571.7662565339767,978.3751587626173
2019,96078,6103.0,CALIFORNIA,612.5,612.5,1052.9418620705947
2020,96078,6103.0,CALIFORNIA,772.75,772.75,1117.794755670452
2018,96080,6103.0,CALIFORNIA,900.6337252020573,900.6337252020573,978.3751587626173
2019,96080,6103.0,CALIFORNIA,968.3533687943262,968.3533687943262,1052.9418620705947
2020,96080,6103.0,CALIFORNIA,1080.0539130434784,1080.0539130434784,1117.794755670452
2018,96084,6089.0,CALIFORNIA,1293.463157894737,1293.463157894737,906.3106734183467
2019,96084,6089.0,CALIFORNIA,1419.354838709677,1419.354838709677,1074.643305119779
2020,96084,6089.0,CALIFORNIA,1626.3163265306123,1626.3163265306123,1151.2884151074566
2018,96085,6093.0,CALIFORNIA,1064.875,1064.875,1058.911989614087
2019,96085,6093.0,CALIFORNIA,1207.8125,1207.8125,1203.1858966464342
2020,96085,6093.0,CALIFORNIA,1272.125,1272.125,1315.7545451441893
2018,96086,6093.0,CALIFORNIA,1338.914893617021,1338.914893617021,1058.911989614087
2019,96086,6093.0,CALIFORNIA,1478.0816326530612,1478.0816326530612,1203.1858966464342
2020,96086,6093.0,CALIFORNIA,1629.591836734694,1629.591836734694,1315.7545451441893
2018,96087,6089.0,CALIFORNIA,1240.48635235732,1240.48635235732,906.3106734183467
2019,96087,6089.0,CALIFORNIA,1195.1269035532996,1195.1269035532996,1074.643305119779
2020,96087,6089.0,CALIFORNIA,1408.9344262295083,1408.9344262295083,1151.2884151074566
2018,96088,6089.0,CALIFORNIA,1202.4429671098671,1202.4429671098671,906.3106734183467
2019,96088,6089.0,CALIFORNIA,1313.248067463106,1313.248067463106,1074.643305119779
2020,96088,6089.0,CALIFORNIA,1489.934604904632,1489.934604904632,1151.2884151074566
2018,96089,6089.0,CALIFORNIA,887.5454545454545,887.5454545454545,906.3106734183467
2019,96089,6089.0,CALIFORNIA,863.9090909090909,863.9090909090909,1074.643305119779
2020,96089,6089.0,CALIFORNIA,955.181818181818,955.181818181818,1151.2884151074566
2018,96090,6103.0,CALIFORNIA,728.2380952380952,728.2380952380952,978.3751587626173
2019,96090,6103.0,CALIFORNIA,773.625,773.625,1052.9418620705947
2020,96090,6103.0,CALIFORNIA,845.9469026548672,845.9469026548672,1117.794755670452
2018,96091,6105.0,CALIFORNIA,1129.9525959367943,1129.9525959367943,1011.3428111228739
2019,96091,6105.0,CALIFORNIA,1224.7882352941176,1224.7882352941176,1094.6984136630829
2020,96091,6105.0,CALIFORNIA,1371.3524027459955,1371.3524027459955,1148.0243738099791
2018,96092,6103.0,CALIFORNIA,1043.375,1043.375,978.3751587626173
2019,96092,6103.0,CALIFORNIA,1172.40625,1172.40625,1052.9418620705947
2020,96092,6103.0,CALIFORNIA,1260.6857142857143,1260.6857142857143,1117.794755670452
2018,96093,6105.0,CALIFORNIA,1003.41059602649,1003.41059602649,1011.3428111228739
2019,96093,6105.0,CALIFORNIA,1089.381161007667,1089.381161007667,1094.6984136630829
2020,96093,6105.0,CALIFORNIA,1224.654135338346,1224.654135338346,1148.0243738099791
2018,96094,6093.0,CALIFORNIA,995.9664138678224,995.9664138678224,1058.911989614087
2019,96094,6093.0,CALIFORNIA,1083.293934681182,1083.293934681182,1203.1858966464342
2020,96094,6093.0,CALIFORNIA,1240.8929663608562,1240.8929663608562,1315.7545451441893
2018,96096,6089.0,CALIFORNIA,1382.6134020618556,1382.6134020618556,906.3106734183467
2019,96096,6089.0,CALIFORNIA,1532.9432989690722,1532.9432989690722,1074.643305119779
2020,96096,6089.0,CALIFORNIA,1726.21,1726.21,1151.2884151074566
2018,96097,6093.0,CALIFORNIA,856.56,856.56,1058.911989614087
2019,96097,6093.0,CALIFORNIA,927.7552721922513,927.7552721922513,1203.1858966464342
2020,96097,6093.0,CALIFORNIA,1084.053571428571,1084.053571428571,1315.7545451441893
2018,96101,6049.0,CALIFORNIA,874.4137515078407,874.4137515078407,1055.9261252058973
2019,96101,6049.0,CALIFORNIA,899.891373801917,899.891373801917,1123.0773342068996
2020,96101,6049.0,CALIFORNIA,994.513397642015,994.513397642015,1376.668430821081
2018,96103,6063.0,CALIFORNIA,1263.2810590631364,1263.2810590631364,1169.33106246291
2019,96103,6063.0,CALIFORNIA,1385.995918367347,1385.995918367347,1222.4678488761851
2020,96103,6063.0,CALIFORNIA,1560.7594339622642,1560.7594339622642,1315.0914525691223
2018,96104,6049.0,CALIFORNIA,940.2671755725192,940.2671755725192,1055.9261252058973
2019,96104,6049.0,CALIFORNIA,1010.6102941176472,1010.6102941176472,1123.0773342068996
2020,96104,6049.0,CALIFORNIA,1065.0211267605634,1065.0211267605634,1376.668430821081
2018,96105,6063.0,CALIFORNIA,1283.7628865979382,1283.7628865979382,1169.33106246291
2019,96105,6063.0,CALIFORNIA,1402.84,1402.84,1222.4678488761851
2020,96105,6063.0,CALIFORNIA,1503.904761904762,1503.904761904762,1315.0914525691223
2018,96106,6063.0,CALIFORNIA,2029.38683127572,2029.38683127572,1169.33106246291
2019,96106,6063.0,CALIFORNIA,2221.258333333333,2221.258333333333,1222.4678488761851
2020,96106,6063.0,CALIFORNIA,2328.6556776556777,2328.6556776556777,1315.0914525691223
2018,96107,6051.0,CALIFORNIA,1004.7295597484276,1004.7295597484276,1148.1062384131437
2019,96107,6051.0,CALIFORNIA,1071.3988095238096,1071.3988095238096,1275.0754283421168
2020,96107,6051.0,CALIFORNIA,1255.6602870813397,1255.6602870813397,1347.5452926891558
2018,96108,6049.0,CALIFORNIA,940.7619047619048,940.7619047619048,1055.9261252058973
2019,96108,6049.0,CALIFORNIA,993.3571428571428,993.3571428571428,1123.0773342068996
2020,96108,6049.0,CALIFORNIA,1196.6896551724135,1196.6896551724135,1376.668430821081
2018,96109,6035.0,CALIFORNIA,1179.923076923077,1179.923076923077,1096.850914051321
2019,96109,6035.0,CALIFORNIA,1279.4476190476191,1279.4476190476191,1245.8248040211538
2020,96109,6035.0,CALIFORNIA,1492.1284403669724,1492.1284403669724,1324.7587036489563
2018,96110,6049.0,CALIFORNIA,1044.074074074074,1044.074074074074,1055.9261252058973
2019,96110,6049.0,CALIFORNIA,1181.928571428571,1181.928571428571,1123.0773342068996
2020,96110,6049.0,CALIFORNIA,1363.111111111111,1363.111111111111,1376.668430821081
2018,96111,6057.0,CALIFORNIA,1843.815789473684,1843.815789473684,1179.0763766301325
2019,96111,6057.0,CALIFORNIA,1979.923076923077,1979.923076923077,1284.710113009747
2020,96111,6057.0,CALIFORNIA,2026.7450980392157,2026.7450980392157,1380.6571041318753
2018,96112,6049.0,CALIFORNIA,888.5714285714286,888.5714285714286,1055.9261252058973
2019,96112,6049.0,CALIFORNIA,946.3888888888888,946.3888888888888,1123.0773342068996
2020,96112,6049.0,CALIFORNIA,1064.1142857142856,1064.1142857142856,1376.668430821081
2018,96113,6035.0,CALIFORNIA,965.7272727272727,965.7272727272727,1096.850914051321
2019,96113,6035.0,CALIFORNIA,1001.3861386138614,1001.3861386138614,1245.8248040211538
2020,96113,6035.0,CALIFORNIA,1066.7592592592594,1066.7592592592594,1324.7587036489563
2018,96114,6035.0,CALIFORNIA,1282.1361639824304,1282.1361639824304,1096.850914051321
2019,96114,6035.0,CALIFORNIA,1407.0937042459736,1407.0937042459736,1245.8248040211538
2020,96114,6035.0,CALIFORNIA,1642.2989985693848,1642.2989985693848,1324.7587036489563
2018,96115,6049.0,CALIFORNIA,1118.516129032258,1118.516129032258,1055.9261252058973
2019,96115,6049.0,CALIFORNIA,1143.054054054054,1143.054054054054,1123.0773342068996
2020,96115,6049.0,CALIFORNIA,1163.0,1163.0,1376.668430821081
2018,96116,6049.0,CALIFORNIA,844.3076923076923,844.3076923076923,1055.9261252058973
2019,96116,6049.0,CALIFORNIA,898.4074074074074,898.4074074074074,1123.0773342068996
2020,96116,6049.0,CALIFORNIA,955.52,955.52,1376.668430821081
2018,96117,6035.0,CALIFORNIA,1091.5641025641023,1091.5641025641023,1096.850914051321
2019,96117,6035.0,CALIFORNIA,1158.439024390244,1158.439024390244,1245.8248040211538
2020,96117,6035.0,CALIFORNIA,1391.2926829268292,1391.2926829268292,1324.7587036489563
2018,96118,6091.0,CALIFORNIA,914.4310344827586,914.4310344827586,1235.21358308154
2019,96118,6091.0,CALIFORNIA,1002.9423076923076,1002.9423076923076,1341.2345919604516
2020,96118,6091.0,CALIFORNIA,1180.2365339578455,1180.2365339578455,1355.3717059407832
2018,96119,6035.0,CALIFORNIA,853.75,853.75,1096.850914051321
2019,96119,6035.0,CALIFORNIA,915.8571428571428,915.8571428571428,1245.8248040211538
2020,96119,6035.0,CALIFORNIA,976.3333333333334,976.3333333333334,1324.7587036489563
2018,96120,6003.0,CALIFORNIA,1513.9581993569132,1513.9581993569132,1229.6215669073442
2019,96120,6003.0,CALIFORNIA,1634.9566563467492,1634.9566563467492,1411.658761456083
2020,96120,6003.0,CALIFORNIA,1836.244837758112,1836.244837758112,1542.7980821184813
2018,96121,6035.0,CALIFORNIA,1363.3239436619715,1363.3239436619715,1096.850914051321
2019,96121,6035.0,CALIFORNIA,1555.4133333333334,1555.4133333333334,1245.8248040211538
2020,96121,6035.0,CALIFORNIA,1757.8108108108108,1757.8108108108108,1324.7587036489563
2018,96122,6063.0,CALIFORNIA,1151.0032537960954,1151.0032537960954,1169.33106246291
2019,96122,6063.0,CALIFORNIA,1258.6951871657757,1258.6951871657757,1222.4678488761851
2020,96122,6063.0,CALIFORNIA,1354.6846307385229,1354.6846307385229,1315.0914525691223
2018,96123,6035.0,CALIFORNIA,1376.8,1376.8,1096.850914051321
2019,96123,6035.0,CALIFORNIA,1939.25,1939.25,1245.8248040211538
2020,96123,6035.0,CALIFORNIA,1736.25,1736.25,1324.7587036489563
2018,96124,6091.0,CALIFORNIA,1150.763779527559,1150.763779527559,1235.21358308154
2019,96124,6091.0,CALIFORNIA,1227.0152671755725,1227.0152671755725,1341.2345919604516
2020,96124,6091.0,CALIFORNIA,1416.9571428571428,1416.9571428571428,1355.3717059407832
2018,96125,6091.0,CALIFORNIA,1242.4816326530613,1242.4816326530613,1235.21358308154
2019,96125,6091.0,CALIFORNIA,1349.6008230452676,1349.6008230452676,1341.2345919604516
2020,96125,6091.0,CALIFORNIA,1441.4728682170542,1441.4728682170542,1355.3717059407832
2018,96126,6091.0,CALIFORNIA,1519.056179775281,1519.056179775281,1235.21358308154
2019,96126,6091.0,CALIFORNIA,1604.494382022472,1604.494382022472,1341.2345919604516
2020,96126,6091.0,CALIFORNIA,2224.6082474226805,2224.6082474226805,1355.3717059407832
2018,96128,6035.0,CALIFORNIA,1098.79012345679,1098.79012345679,1096.850914051321
2019,96128,6035.0,CALIFORNIA,1168.7469879518071,1168.7469879518071,1245.8248040211538
2020,96128,6035.0,CALIFORNIA,1285.6279069767445,1285.6279069767445,1324.7587036489563
2018,96129,6063.0,CALIFORNIA,1186.82,1186.82,1169.33106246291
2019,96129,6063.0,CALIFORNIA,1283.862745098039,1283.862745098039,1222.4678488761851
2020,96129,6063.0,CALIFORNIA,1485.3636363636365,1485.3636363636365,1315.0914525691223
2018,96130,6035.0,CALIFORNIA,948.778769525024,948.778769525024,1096.850914051321
2019,96130,6035.0,CALIFORNIA,1036.3306501547988,1036.3306501547988,1245.8248040211538
2020,96130,6035.0,CALIFORNIA,1183.702637162777,1183.702637162777,1324.7587036489563
2018,96132,6035.0,CALIFORNIA,862.5,862.5,1096.850914051321
2019,96132,6035.0,CALIFORNIA,869.75,869.75,1245.8248040211538
2020,96132,6035.0,CALIFORNIA,957.25,957.25,1324.7587036489563
2018,96133,6051.0,CALIFORNIA,893.2758620689655,893.2758620689655,1148.1062384131437
2019,96133,6051.0,CALIFORNIA,942.1612903225806,942.1612903225806,1275.0754283421168
2020,96133,6051.0,CALIFORNIA,1087.84375,1087.84375,1347.5452926891558
2018,96134,6049.0,CALIFORNIA,855.103139013453,855.103139013453,1055.9261252058973
2019,96134,6049.0,CALIFORNIA,908.7309090909092,908.7309090909092,1123.0773342068996
2020,96134,6049.0,CALIFORNIA,988.1115107913668,988.1115107913668,1376.668430821081
2018,96135,6063.0,CALIFORNIA,1350.6666666666667,1350.6666666666667,1169.33106246291
2019,96135,6063.0,CALIFORNIA,1427.0,1427.0,1222.4678488761851
2020,96135,6063.0,CALIFORNIA,1724.5,1724.5,1315.0914525691223
2018,96136,6035.0,CALIFORNIA,995.75,995.75,1096.850914051321
2019,96136,6035.0,CALIFORNIA,1410.2,1410.2,1245.8248040211538
2020,96136,6035.0,CALIFORNIA,1685.0,1685.0,1324.7587036489563
2018,96137,6063.0,CALIFORNIA,1233.5935314685314,1233.5935314685314,1169.33106246291
2019,96137,6063.0,CALIFORNIA,1390.7239536954587,1390.7239536954587,1222.4678488761851
2020,96137,6063.0,CALIFORNIA,1617.1773142112124,1617.1773142112124,1315.0914525691223
2018,96140,6061.0,CALIFORNIA,1844.961165048544,1844.961165048544,1094.520103714527
2019,96140,6061.0,CALIFORNIA,2056.1694736842105,2056.1694736842105,1218.6580151200312
2020,96140,6061.0,CALIFORNIA,2305.76873857404,2305.76873857404,1381.2175031702977
2018,96141,6061.0,CALIFORNIA,1853.716083916084,1853.716083916084,1094.520103714527
2019,96141,6061.0,CALIFORNIA,2108.7420689655173,2108.7420689655173,1218.6580151200312
2020,96141,6061.0,CALIFORNIA,2347.282970550576,2347.282970550576,1381.2175031702977
2018,96142,6061.0,CALIFORNIA,1656.09934318555,1656.09934318555,1094.520103714527
2019,96142,6061.0,CALIFORNIA,1827.73031026253,1827.73031026253,1218.6580151200312
2020,96142,6061.0,CALIFORNIA,2118.0267727930536,2118.0267727930536,1381.2175031702977
2018,96143,6061.0,CALIFORNIA,1533.381688466112,1533.381688466112,1094.520103714527
2019,96143,6061.0,CALIFORNIA,1667.6835138387485,1667.6835138387485,1218.6580151200312
2020,96143,6061.0,CALIFORNIA,1868.0371991247264,1868.0371991247264,1381.2175031702977
2018,96145,6061.0,CALIFORNIA,2320.9833869239014,2320.9833869239014,1094.520103714527
2019,96145,6061.0,CALIFORNIA,2542.658510059815,2542.658510059815,1218.6580151200312
2020,96145,6061.0,CALIFORNIA,2945.738118811881,2945.738118811881,1381.2175031702977
2018,96146,6061.0,CALIFORNIA,2740.6694329183956,2740.6694329183956,1094.520103714527
2019,96146,6061.0,CALIFORNIA,3211.5988455988454,3211.5988455988454,1218.6580151200312
2020,96146,6061.0,CALIFORNIA,3529.406896551724,3529.406896551724,1381.2175031702977
2018,96148,6061.0,CALIFORNIA,1673.0088691796009,1673.0088691796009,1094.520103714527
2019,96148,6061.0,CALIFORNIA,1818.543668122271,1818.543668122271,1218.6580151200312
2020,96148,6061.0,CALIFORNIA,2055.656133828996,2055.656133828996,1381.2175031702977
2018,96150,6017.0,CALIFORNIA,1320.778042722305,1320.778042722305,1117.1558130044493
2019,96150,6017.0,CALIFORNIA,1436.3678715650549,1436.3678715650549,1248.9606595698824
2020,96150,6017.0,CALIFORNIA,1558.7996268656716,1558.7996268656716,1396.948506186954
2018,96151,6017.0,CALIFORNIA,1356.5857142857142,1356.5857142857142,1117.1558130044493
2019,96151,6017.0,CALIFORNIA,1668.970588235294,1668.970588235294,1248.9606595698824
2020,96151,6017.0,CALIFORNIA,1872.344827586207,1872.344827586207,1396.948506186954
2018,96155,6017.0,CALIFORNIA,1237.125,1237.125,1117.1558130044493
2019,96155,6017.0,CALIFORNIA,1277.7222222222222,1277.7222222222222,1248.9606595698824
2020,96155,6017.0,CALIFORNIA,1750.3030303030305,1750.3030303030305,1396.948506186954
2018,96158,6017.0,CALIFORNIA,1591.2105263157894,1591.2105263157894,1117.1558130044493
2019,96158,6017.0,CALIFORNIA,1791.9375,1791.9375,1248.9606595698824
2020,96158,6017.0,CALIFORNIA,2112.294117647059,2112.294117647059,1396.948506186954
2018,96160,6057.0,CALIFORNIA,2134.75,2134.75,1179.0763766301325
2019,96160,6057.0,CALIFORNIA,3344.65,3344.65,1284.710113009747
2020,96160,6057.0,CALIFORNIA,5481.529411764706,5190.254651625734,1380.6571041318753
2018,96161,6057.0,CALIFORNIA,1842.782428081836,1842.782428081836,1179.0763766301325
2019,96161,6057.0,CALIFORNIA,2064.9816142100344,2064.9816142100344,1284.710113009747
2020,96161,6057.0,CALIFORNIA,2343.3074414467833,2343.3074414467833,1380.6571041318753
2018,96162,6057.0,CALIFORNIA,3217.1,3217.1,1179.0763766301325
2019,96162,6057.0,CALIFORNIA,3758.444444444444,3758.444444444444,1284.710113009747
2020,96162,6057.0,CALIFORNIA,4839.076923076923,4839.076923076923,1380.6571041318753
2018,92609,6059.0,CALIFORNIA,1248.0,1248.0,1151.0646098089026
2018,95487,6097.0,CALIFORNIA,906.0,906.0,1305.3905526790275
2019,95487,6097.0,CALIFORNIA,1030.0,1030.0,1179.5326150335416
2020,95487,6097.0,CALIFORNIA,1283.0,1283.0,1314.0564572382245
2018,93002,6111.0,CALIFORNIA,1040.0,1040.0,1024.7239528763548
2019,93002,6111.0,CALIFORNIA,2952.0,2952.0,1217.2680706217009
2018,90050,6037.0,CALIFORNIA,582.0,582.0,985.5947915935825
2018,91943,6073.0,CALIFORNIA,4262.0,4262.0,1020.1426729569702
2019,91943,6073.0,CALIFORNIA,5467.0,5190.254651625734,1110.406499078517
2020,91943,6073.0,CALIFORNIA,10807.0,5190.254651625734,1254.0969064312224
2018,91946,6073.0,CALIFORNIA,316.0,571.7662565339767,1020.1426729569702
2020,91946,6073.0,CALIFORNIA,670.0,670.0,1254.0969064312224
2018,92172,6073.0,CALIFORNIA,685.0,685.0,1020.1426729569702
2019,92172,6073.0,CALIFORNIA,839.0,839.0,1110.406499078517
2020,92172,6073.0,CALIFORNIA,699.0,699.0,1254.0969064312224
2018,93443,6079.0,CALIFORNIA,562.0,571.7662565339767,1011.428499197494
2018,93755,6019.0,CALIFORNIA,1157.0,1157.0,1154.0883909729705
2019,93755,6019.0,CALIFORNIA,720.0,720.0,857.4487346887807
2018,94661,6001.0,CALIFORNIA,1856.0,1856.0,1209.4521849173898
2018,94955,6097.0,CALIFORNIA,856.0,856.0,1305.3905526790275
2018,95044,6085.0,CALIFORNIA,968.0,968.0,1154.1746106965975
2018,95378,6077.0,CALIFORNIA,344.0,571.7662565339767,929.3921121800823
2020,92198,6073.0,CALIFORNIA,7071.0,5190.254651625734,1254.0969064312224
2019,90051,6037.0,CALIFORNIA,1114.0,1114.0,1133.4569424764545
2019,90721,6059.0,CALIFORNIA,4062.0,4062.0,1411.1628622994049
2019,91393,6037.0,CALIFORNIA,780.0,780.0,1133.4569424764545
2020,91921,6073.0,CALIFORNIA,811.0,811.0,1254.0969064312224
2020,93005,6111.0,CALIFORNIA,343.0,571.7662565339767,1415.0948537437055
2020,93714,6019.0,CALIFORNIA,617.0,617.0,1236.8433703719695
2020,94011,6081.0,CALIFORNIA,2104.0,2104.0,1331.6480846298432
