,state,stateabbrv,county,statefips,stcofips,population,risk_value,risk_score,risk_ratng,nri_ver,cbsa_code,county_fips5,place_name,place_id,yr,index_nsa,index_prev,hpi_change
0,Alabama,AL,Autauga,1,01001,58764,6156054.321904968,49.220489977728285,Relatively Low,2023,33860,01001,"Montgomery, AL",33860,2023,205.8625,195.35000000000002,10.512499999999989
1,Alabama,AL,Baldwin,1,01003,231365,210632685.03204635,97.70919503658925,Relatively High,2023,19300,01003,"Daphne-Fairhope-Foley, AL",19300,2023,363.1425,333.1125,30.029999999999973
3,Alabama,AL,Bibb,1,01007,22239,3863746.994426648,32.48488705058861,Very Low,2023,13820,01007,"Birmingham, AL",13820,2023,324.80125,308.825,15.976249999999993
4,Alabama,AL,Blount,1,01009,58992,10238536.29147353,65.12885777919185,Relatively Low,2023,13820,01009,"Birmingham, AL",13820,2023,324.80125,308.825,15.976249999999993
5,Alabama,AL,Calhoun,1,01015,116250,26233823.90671147,84.37798281896278,Relatively Moderate,2023,11500,01015,"Anniston-Oxford, AL",11500,2023,261.2475,243.6425,17.60499999999999
7,Alabama,AL,Chilton,1,01021,44999,8034568.594594459,58.54279350938594,Relatively Low,2023,13820,01021,"Birmingham, AL",13820,2023,324.80125,308.825,15.976249999999993
9,Alabama,AL,Colbert,1,01033,57133,13039100.047965756,71.90582246261533,Relatively Low,2023,22520,01033,"Florence-Muscle Shoals, AL",22520,2023,271.3575,250.29500000000002,21.0625
15,Alabama,AL,Elmore,1,01051,87755,7727801.049058331,57.27012408526885,Relatively Low,2023,33860,01051,"Montgomery, AL",33860,2023,205.8625,195.35000000000002,10.512499999999989
16,Alabama,AL,Etowah,1,01055,103320,23052950.48116733,82.24626153356665,Relatively Low,2023,23460,01055,"Gadsden, AL",23460,2023,290.0325,269.5775,20.45500000000004
18,Alabama,AL,Geneva,1,01061,26621,10453197.564154228,65.5424753420299,Relatively Low,2023,20020,01061,"Dothan, AL",20020,2023,242.385,221.0125,21.372500000000002
19,Alabama,AL,Greene,1,01063,7714,2458754.5903954757,18.040089086859687,Very Low,2023,46220,01063,"Tuscaloosa, AL",46220,2023,275.4125,260.47749999999996,14.93500000000006
20,Alabama,AL,Hale,1,01065,14753,3932203.934171799,33.15303849825008,Very Low,2023,46220,01065,"Tuscaloosa, AL",46220,2023,275.4125,260.47749999999996,14.93500000000006
21,Alabama,AL,Henry,1,01067,17074,6272061.915247263,49.88864142538976,Relatively Low,2023,20020,01067,"Dothan, AL",20020,2023,242.385,221.0125,21.372500000000002
22,Alabama,AL,Houston,1,01069,107125,48007533.00270954,90.67769646834235,Relatively Moderate,2023,20020,01069,"Dothan, AL",20020,2023,242.385,221.0125,21.372500000000002
24,Alabama,AL,Jefferson,1,01073,673766,140565447.08965528,96.46834234807508,Relatively High,2023,13820,01073,"Birmingham, AL",13820,2023,324.80125,308.825,15.976249999999993
25,Alabama,AL,Lauderdale,1,01077,93509,16654447.67995009,76.36016544702512,Relatively Low,2023,22520,01077,"Florence-Muscle Shoals, AL",22520,2023,271.3575,250.29500000000002,21.0625
26,Alabama,AL,Lawrence,1,01079,33012,8674511.896472283,60.45179764556157,Relatively Low,2023,19460,01079,"Decatur, AL",19460,2023,285.8875,269.15999999999997,16.72750000000002
27,Alabama,AL,Lee,1,01081,173871,12394948.77643084,70.8240534521158,Relatively Low,2023,12220,01081,"Auburn-Opelika, AL",12220,2023,297.025,275.41999999999996,21.605000000000018
28,Alabama,AL,Limestone,1,01083,101053,14267757.508315766,73.59210944957046,Relatively Low,2023,26620,01083,"Huntsville, AL",26620,2023,301.005,286.6225,14.382499999999993
29,Alabama,AL,Lowndes,1,01085,10307,3257318.1210910496,26.50334075723831,Very Low,2023,33860,01085,"Montgomery, AL",33860,2023,205.8625,195.35000000000002,10.512499999999989
30,Alabama,AL,Macon,1,01087,19491,2738525.72962364,20.999045497931913,Very Low,2023,12220,01087,"Auburn-Opelika, AL",12220,2023,297.025,275.41999999999996,21.605000000000018
31,Alabama,AL,Madison,1,01089,387825,51965011.57193784,91.28221444479797,Relatively Moderate,2023,26620,01089,"Huntsville, AL",26620,2023,301.005,286.6225,14.382499999999993
33,Alabama,AL,Mobile,1,01097,414514,319033182.2206425,98.79096404708876,Relatively High,2023,33660,01097,"Mobile, AL",33660,2023,283.13,265.865,17.264999999999986
34,Alabama,AL,Montgomery,1,01101,228847,30283369.551931452,86.25517021953547,Relatively Moderate,2023,33860,01101,"Montgomery, AL",33860,2023,205.8625,195.35000000000002,10.512499999999989
35,Alabama,AL,Morgan,1,01103,123349,35965443.53449743,88.13235762010818,Relatively Moderate,2023,19460,01103,"Decatur, AL",19460,2023,285.8875,269.15999999999997,16.72750000000002
36,Alabama,AL,Pickens,1,01107,19095,5449632.034702426,44.82978046452433,Very Low,2023,46220,01107,"Tuscaloosa, AL",46220,2023,275.4125,260.47749999999996,14.93500000000006
38,Alabama,AL,Russell,1,01113,59131,4634164.782870691,39.26185173401209,Very Low,2023,17980,01113,"Columbus, GA-AL",17980,2023,241.88,225.55,16.329999999999984
39,Alabama,AL,St. Clair,1,01115,90899,12377736.16183512,70.79223671651289,Relatively Low,2023,13820,01115,"Birmingham, AL",13820,2023,324.80125,308.825,15.976249999999993
40,Alabama,AL,Shelby,1,01117,222782,33257013.015347473,87.40057270124085,Relatively Moderate,2023,13820,01117,"Birmingham, AL",13820,2023,324.80125,308.825,15.976249999999993
43,Alabama,AL,Tuscaloosa,1,01125,226701,32545201.281330176,87.11422208081451,Relatively Moderate,2023,46220,01125,"Tuscaloosa, AL",46220,2023,275.4125,260.47749999999996,14.93500000000006
44,Alabama,AL,Walker,1,01127,65276,14131252.277471231,73.33757556474706,Relatively Low,2023,13820,01127,"Birmingham, AL",13820,2023,324.80125,308.825,15.976249999999993
45,Alaska,AK,Anchorage,2,02020,290985,94565714.94145495,94.8456888323258,Relatively Moderate,2023,11260,02020,"Anchorage, AK",11260,2023,302.95500000000004,286.2575,16.697500000000048
46,Alaska,AK,Fairbanks North Star,2,02090,95579,23132132.806901067,82.37352847597836,Relatively Low,2023,21820,02090,"Fairbanks-College, AK",21820,2023,259.82,250.17,9.650000000000006
49,Alaska,AK,Matanuska-Susitna,2,02170,107000,39908469.05317573,88.95959274578428,Relatively Moderate,2023,11260,02170,"Anchorage, AK",11260,2023,302.95500000000004,286.2575,16.697500000000048
50,Arizona,AZ,Cochise,4,04003,125169,28461341.696957614,85.87336939230035,Relatively Moderate,2023,43420,04003,"Sierra Vista-Douglas, AZ",43420,2023,295.1525,280.1975,14.954999999999984
51,Arizona,AZ,Coconino,4,04005,144629,46310111.70278644,90.23226216990136,Relatively Moderate,2023,22380,04005,"Flagstaff, AZ",22380,2023,446.4475,427.2925,19.154999999999973
54,Arizona,AZ,Maricopa,4,04013,4418836,181115759.27773196,97.32739420935413,Relatively High,2023,38060,04013,"Phoenix-Mesa-Chandler, AZ",38060,2023,545.941875,546.84375,-0.9018750000000182
55,Arizona,AZ,Mohave,4,04015,212833,36895428.26584613,88.41870824053451,Relatively Moderate,2023,29420,04015,"Lake Havasu City-Kingman, AZ",29420,2023,393.7975,393.11,0.6875
57,Arizona,AZ,Pima,4,04019,1042716,95675580.54224591,94.97295577473751,Relatively Moderate,2023,46060,04019,"Tucson, AZ",46060,2023,413.71625,393.07875,20.63749999999999
58,Arizona,AZ,Pinal,4,04021,424095,68784556.59432977,93.12758510976772,Relatively Moderate,2023,38060,04021,"Phoenix-Mesa-Chandler, AZ",38060,2023,545.941875,546.84375,-0.9018750000000182
60,Arizona,AZ,Yavapai,4,04025,235830,39357835.86407164,88.83232580337257,Relatively Moderate,2023,39150,04025,"Prescott Valley-Prescott, AZ",39150,2023,410.82,401.8375,8.982500000000016
61,Arizona,AZ,Yuma,4,04027,203299,54640271.89700735,91.66401527203308,Relatively Moderate,2023,49740,04027,"Yuma, AZ",49740,2023,314.45,302.8575,11.592499999999973
63,Arkansas,AR,Benton,5,05007,284135,34409334.14577248,87.55965637925549,Relatively Moderate,2023,22220,05007,"Fayetteville-Springdale-Rogers, AR",22220,2023,349.9275,317.655,32.272500000000036
69,Arkansas,AR,Craighead,5,05031,111202,59032843.357338995,92.33216671969456,Relatively Moderate,2023,27860,05031,"Jonesboro, AR",27860,2023,242.72750000000002,238.0025,4.725000000000023
70,Arkansas,AR,Crawford,5,05033,60118,17559125.309433296,77.44193445752465,Relatively Low,2023,22900,05033,"Fort Smith, AR-OK",22900,2023,276.0825,253.515,22.567499999999995
71,Arkansas,AR,Crittenden,5,05035,48103,21091149.49448218,80.75087496022908,Relatively Low,2023,32820,05035,"Memphis, TN-MS-AR",32820,2023,290.70625,281.59125,9.115000000000009
72,Arkansas,AR,Faulkner,5,05045,123427,40522110.01938142,89.18230989500478,Relatively Moderate,2023,30780,05045,"Little Rock-North Little Rock-Conway, AR",30780,2023,284.57875,266.82125,17.757499999999993
73,Arkansas,AR,Garland,5,05051,100056,29537182.37625457,86.12790327712376,Relatively Moderate,2023,26300,05051,"Hot Springs, AR",26300,2023,313.55,287.6325,25.917500000000018
74,Arkansas,AR,Grant,5,05053,17894,3506376.87937297,29.080496341075406,Very Low,2023,30780,05053,"Little Rock-North Little Rock-Conway, AR",30780,2023,284.57875,266.82125,17.757499999999993
79,Arkansas,AR,Little River,5,05081,12005,3173736.26861025,25.612472160356347,Very Low,2023,45500,05081,"Texarkana, TX-AR",45500,2023,270.4175,257.8975,12.520000000000039
80,Arkansas,AR,Lonoke,5,05085,74002,18838892.043977126,78.7782373528476,Relatively Low,2023,30780,05085,"Little Rock-North Little Rock-Conway, AR",30780,2023,284.57875,266.82125,17.757499999999993
81,Arkansas,AR,Madison,5,05087,16496,9113611.43867096,61.78810054088451,Relatively Low,2023,22220,05087,"Fayetteville-Springdale-Rogers, AR",22220,2023,349.9275,317.655,32.272500000000036
82,Arkansas,AR,Miller,5,05091,42561,14631602.709228957,74.22844416162901,Relatively Low,2023,45500,05091,"Texarkana, TX-AR",45500,2023,270.4175,257.8975,12.520000000000039
86,Arkansas,AR,Perry,5,05105,10019,4824058.70143325,40.75723830734967,Very Low,2023,30780,05105,"Little Rock-North Little Rock-Conway, AR",30780,2023,284.57875,266.82125,17.757499999999993
87,Arkansas,AR,Poinsett,5,05111,22933,17549251.69980112,77.3783009863188,Relatively Low,2023,27860,05111,"Jonesboro, AR",27860,2023,242.72750000000002,238.0025,4.725000000000023
89,Arkansas,AR,Pulaski,5,05119,398830,98424475.08602303,95.06840598154629,Relatively Moderate,2023,30780,05119,"Little Rock-North Little Rock-Conway, AR",30780,2023,284.57875,266.82125,17.757499999999993
91,Arkansas,AR,Saline,5,05125,123011,16523051.303231476,76.2010817690105,Relatively Low,2023,30780,05125,"Little Rock-North Little Rock-Conway, AR",30780,2023,284.57875,266.82125,17.757499999999993
92,Arkansas,AR,Sebastian,5,05131,127706,25585842.610288806,83.9325485205218,Relatively Moderate,2023,22900,05131,"Fort Smith, AR-OK",22900,2023,276.0825,253.515,22.567499999999995
94,Arkansas,AR,Washington,5,05143,245782,49924050.4121579,91.02768055997454,Relatively Moderate,2023,22220,05143,"Fayetteville-Springdale-Rogers, AR",22220,2023,349.9275,317.655,32.272500000000036
99,California,CA,Butte,6,06007,211490,167225054.57114,97.16831053133949,Relatively High,2023,17020,06007,"Chico, CA",17020,2023,350.775,356.1275,-5.3525000000000205
102,California,CA,El Dorado,6,06017,190978,54116622.932473965,91.60038180082725,Relatively Moderate,2023,40900,06017,"Sacramento-Roseville-Folsom, CA",40900,2023,370.78749999999997,375.3666666666666,-4.5791666666666515
103,California,CA,Fresno,6,06019,1007944,231090303.33674857,98.09099586382438,Relatively High,2023,23420,06019,"Fresno, CA",23420,2023,357.27,347.7525,9.517499999999984
105,California,CA,Imperial,6,06025,179319,230450355.00354367,98.05917912822144,Relatively High,2023,20940,06025,"El Centro, CA",20940,2023,313.435,295.3625,18.07249999999999
107,California,CA,Kern,6,06029,908530,348935217.6236055,99.01368119630925,Relatively High,2023,12540,06029,"Bakersfield-Delano, CA",12540,2023,320.9225,312.125,8.797500000000014
108,California,CA,Kings,6,06031,152259,49931550.2146233,91.05949729557749,Relatively Moderate,2023,25260,06031,"Hanford-Corcoran, CA",25260,2023,317.335,301.75,15.58499999999998
112,California,CA,Madera,6,06039,156146,89629893.97867444,94.65478841870824,Relatively Moderate,2023,23420,06039,"Fresno, CA",23420,2023,357.27,347.7525,9.517499999999984
115,California,CA,Merced,6,06047,281054,103675045.55583702,95.32293986636972,Relatively Moderate,2023,32900,06047,"Merced, CA",32900,2023,351.48,351.345,0.1349999999999909
116,California,CA,Monterey,6,06053,438599,263588413.77456975,98.37734648425072,Relatively High,2023,41500,06053,"Salinas, CA",41500,2023,409.2625,401.8725,7.389999999999986
117,California,CA,Napa,6,06055,137956,210300736.5817422,97.67737830098633,Relatively High,2023,34900,06055,"Napa, CA",34900,2023,430.8025,431.2425,-0.4399999999999977
120,California,CA,Placer,6,06061,404590,41346901.168831505,89.34139357301943,Relatively Moderate,2023,40900,06061,"Sacramento-Roseville-Folsom, CA",40900,2023,370.78749999999997,375.3666666666666,-4.5791666666666515
121,California,CA,Riverside,6,06065,2416838,1590497610.375964,99.93636652879412,Very High,2023,40140,06065,"Riverside-San Bernardino-Ontario, CA",40140,2023,410.126875,403.501875,6.625
122,California,CA,Sacramento,6,06067,1584652,209037794.74139643,97.64556156538339,Relatively High,2023,40900,06067,"Sacramento-Roseville-Folsom, CA",40900,2023,370.78749999999997,375.3666666666666,-4.5791666666666515
123,California,CA,San Benito,6,06069,64102,76474837.95948996,93.85937002863504,Relatively Moderate,2023,41940,06069,"San Jose-Sunnyvale-Santa Clara, CA",41940,2023,527.5933333333334,515.1225000000001,12.470833333333303
124,California,CA,San Bernardino,6,06071,2179979,1523897374.0208879,99.90454979319122,Very High,2023,40140,06071,"Riverside-San Bernardino-Ontario, CA",40140,2023,410.126875,403.501875,6.625
125,California,CA,San Diego,6,06073,3295981,959720165.3153405,99.68183264397072,Very High,2023,41740,06073,"San Diego-Chula Vista-Carlsbad, CA",41740,2023,501.673125,482.26937499999997,19.40375000000006
127,California,CA,San Joaquin,6,06077,778512,216316017.749277,97.77282850779508,Relatively High,2023,44700,06077,"Stockton-Lodi, CA",44700,2023,355.21375,360.725,-5.511250000000018
128,California,CA,San Luis Obispo,6,06079,280370,70451761.503706,93.31848552338528,Relatively Moderate,2023,42020,06079,"San Luis Obispo-Paso Robles, CA",42020,2023,473.89750000000004,452.05,21.847500000000025
130,California,CA,Santa Barbara,6,06083,447998,460842142.17946655,99.39548202354437,Relatively High,2023,42200,06083,"Santa Maria-Santa Barbara, CA",42200,2023,447.36,423.24,24.120000000000005
131,California,CA,Santa Clara,6,06085,1934625,1351778298.5107563,99.84091632198536,Very High,2023,41940,06085,"San Jose-Sunnyvale-Santa Clara, CA",41940,2023,527.5933333333334,515.1225000000001,12.470833333333303
132,California,CA,Santa Cruz,6,06087,270408,198448719.87952527,97.61374482978049,Relatively High,2023,42100,06087,"Santa Cruz-Watsonville, CA",42100,2023,442.815,444.1225,-1.3075000000000045
133,California,CA,Shasta,6,06089,181918,103163968.98746505,95.2911231307668,Relatively Moderate,2023,39820,06089,"Redding, CA",39820,2023,316.5825,313.0775,3.5049999999999955
134,California,CA,Solano,6,06095,452833,243758135.36599696,98.21826280623608,Relatively High,2023,46700,06095,"Vallejo, CA",46700,2023,378.7475,383.46500000000003,-4.71750000000003
135,California,CA,Sonoma,6,06097,488330,379595361.49068016,99.17276487432389,Relatively High,2023,42220,06097,"Santa Rosa-Petaluma, CA",42220,2023,406.005,402.175,3.829999999999984
136,California,CA,Stanislaus,6,06099,552683,118405366.67368364,95.8001909004136,Relatively High,2023,33700,06099,"Modesto, CA",33700,2023,371.65999999999997,368.4975,3.162499999999966
137,California,CA,Sutter,6,06101,99621,126199635.21172781,96.05472478523703,Relatively High,2023,49700,06101,"Yuba City, CA",49700,2023,359.3725,362.19,-2.8174999999999955
139,California,CA,Tulare,6,06107,472585,117045494.29744346,95.7683741648107,Relatively High,2023,47300,06107,"Visalia, CA",47300,2023,321.22249999999997,308.0375,13.184999999999945
141,California,CA,Ventura,6,06111,843136,483101626.6729162,99.4272987591473,Relatively High,2023,37100,06111,"Oxnard-Thousand Oaks-Ventura, CA",37100,2023,417.5375,404.8725,12.66500000000002
142,California,CA,Yolo,6,06113,216393,185952052.68588957,97.35921094495704,Relatively High,2023,40900,06113,"Sacramento-Roseville-Folsom, CA",40900,2023,370.78749999999997,375.3666666666666,-4.5791666666666515
143,California,CA,Yuba,6,06115,81512,40090082.297935486,89.02322621699014,Relatively Moderate,2023,49700,06115,"Yuba City, CA",49700,2023,359.3725,362.19,-2.8174999999999955
144,Colorado,CO,Adams,8,08001,519291,80519228.84247276,94.17753738466432,Relatively Moderate,2023,19740,08001,"Denver-Aurora-Centennial, CO",19740,2023,626.2991666666667,624.6516666666666,1.6475000000000364
146,Colorado,CO,Arapahoe,8,08005,654201,101715241.76007327,95.16385618835508,Relatively Moderate,2023,19740,08005,"Denver-Aurora-Centennial, CO",19740,2023,626.2991666666667,624.6516666666666,1.6475000000000364
147,Colorado,CO,Boulder,8,08013,330652,42668693.036490984,89.50047725103404,Relatively Moderate,2023,14500,08013,"Boulder, CO",14500,2023,461.9525,459.68,2.2724999999999795
148,Colorado,CO,Broomfield,8,08014,74051,11010997.254122904,67.2923958001909,Relatively Low,2023,19740,08014,"Denver-Aurora-Centennial, CO",19740,2023,626.2991666666667,624.6516666666666,1.6475000000000364
149,Colorado,CO,Clear Creek,8,08019,9391,4430885.715315578,37.671014953865736,Very Low,2023,19740,08019,"Denver-Aurora-Centennial, CO",19740,2023,626.2991666666667,624.6516666666666,1.6475000000000364
152,Colorado,CO,Denver,8,08031,715210,72910820.43164663,93.60483614381165,Relatively Moderate,2023,19740,08031,"Denver-Aurora-Centennial, CO",19740,2023,626.2991666666667,624.6516666666666,1.6475000000000364
153,Colorado,CO,Douglas,8,08035,357700,22409203.803229127,81.89627744193446,Relatively Low,2023,19740,08035,"Denver-Aurora-Centennial, CO",19740,2023,626.2991666666667,624.6516666666666,1.6475000000000364
155,Colorado,CO,Elbert,8,08039,26043,2955307.9753252277,23.385300668151448,Very Low,2023,19740,08039,"Denver-Aurora-Centennial, CO",19740,2023,626.2991666666667,624.6516666666666,1.6475000000000364
156,Colorado,CO,El Paso,8,08041,729693,72178950.28311996,93.50938593700286,Relatively Moderate,2023,17820,08041,"Colorado Springs, CO",17820,2023,472.0625,473.925,-1.8625000000000114
159,Colorado,CO,Gilpin,8,08047,5803,2032368.243502982,14.190264078905503,Very Low,2023,19740,08047,"Denver-Aurora-Centennial, CO",19740,2023,626.2991666666667,624.6516666666666,1.6475000000000364
160,Colorado,CO,Jefferson,8,08059,582825,93244914.11387476,94.78205536111997,Relatively Moderate,2023,19740,08059,"Denver-Aurora-Centennial, CO",19740,2023,626.2991666666667,624.6516666666666,1.6475000000000364
163,Colorado,CO,Larimer,8,08069,358792,72217812.95933668,93.5412026726058,Relatively Moderate,2023,22660,08069,"Fort Collins-Loveland, CO",22660,2023,432.60249999999996,417.8725,14.729999999999961
165,Colorado,CO,Mesa,8,08077,155647,5823785.159198494,47.34330257715558,Very Low,2023,24300,08077,"Grand Junction, CO",24300,2023,412.4125,389.62,22.792500000000018
169,Colorado,CO,Park,8,08093,17300,3668856.5378041025,30.639516385618837,Very Low,2023,19740,08093,"Denver-Aurora-Centennial, CO",19740,2023,626.2991666666667,624.6516666666666,1.6475000000000364
171,Colorado,CO,Pueblo,8,08101,168034,19867372.694519073,79.79637289214126,Relatively Low,2023,39380,08101,"Pueblo, CO",39380,2023,353.87,355.205,-1.3349999999999795
174,Colorado,CO,Teller,8,08119,24661,9144736.28406984,61.97900095450207,Relatively Low,2023,17820,08119,"Colorado Springs, CO",17820,2023,472.0625,473.925,-1.8625000000000114
175,Colorado,CO,Weld,8,08123,328800,40804560.02879357,89.24594336621062,Relatively Moderate,2023,24540,08123,"Greeley, CO",24540,2023,406.7225,398.3075,8.41500000000002
176,Delaware,DE,Kent,10,10001,181705,26800954.203189652,84.75978364619789,Relatively Moderate,2023,20100,10001,"Dover, DE",20100,2023,283.3075,271.78000000000003,11.527499999999975
180,Florida,FL,Alachua,12,12001,277984,76077066.7331238,93.82755329303212,Relatively Moderate,2023,23540,12001,"Gainesville, FL",23540,2023,379.7975,351.7,28.097500000000025
181,Florida,FL,Baker,12,12003,27852,5718835.0560327945,46.770601336302896,Very Low,2023,27260,12003,"Jacksonville, FL",27260,2023,462.6125,441.44249999999994,21.170000000000073
182,Florida,FL,Bay,12,12005,174869,190796027.26630807,97.48647788736876,Relatively High,2023,37460,12005,"Panama City-Panama City Beach, FL",37460,2023,401.9075,372.63,29.277500000000032
183,Florida,FL,Brevard,12,12009,606067,449368630.24779594,99.36366528794144,Relatively High,2023,37340,12009,"Palm Bay-Melbourne-Titusville, FL",37340,2023,442.82,417.67,25.149999999999977
185,Florida,FL,Charlotte,12,12015,186734,144837302.57896587,96.5956092904868,Relatively High,2023,39460,12015,"Punta Gorda, FL",39460,2023,435.03499999999997,420.94,14.09499999999997
186,Florida,FL,Citrus,12,12017,153476,121228166.67545784,95.89564110722239,Relatively High,2023,26140,12017,"Homosassa Springs, FL",26140,2023,400.55,375.225,25.32499999999999
187,Florida,FL,Clay,12,12019,218078,38992769.05845001,88.76869233216672,Relatively Moderate,2023,27260,12019,"Jacksonville, FL",27260,2023,462.6125,441.44249999999994,21.170000000000073
188,Florida,FL,Collier,12,12021,375443,332563613.0556036,98.85459751829461,Relatively High,2023,34940,12021,"Naples-Marco Island, FL",34940,2023,557.0225,503.4175,53.60500000000002
191,Florida,FL,Duval,12,12031,994675,218096248.0836287,97.83646197900096,Relatively High,2023,27260,12031,"Jacksonville, FL",27260,2023,462.6125,441.44249999999994,21.170000000000073
192,Florida,FL,Escambia,12,12033,321367,218729166.62679195,97.86827871460389,Relatively High,2023,37860,12033,"Pensacola-Ferry Pass-Brent, FL",37860,2023,387.895,371.90999999999997,15.985000000000014
193,Florida,FL,Flagler,12,12035,115270,36696763.21248466,88.35507476932867,Relatively Moderate,2023,19660,12035,"Deltona-Daytona Beach-Ormond Beach, FL",19660,2023,436.1375,417.2325,18.904999999999973
194,Florida,FL,Gadsden,12,12039,43693,20141011.67004436,80.05090677696467,Relatively Low,2023,45220,12039,"Tallahassee, FL",45220,2023,317.9175,292.3375,25.58000000000004
195,Florida,FL,Gilchrist,12,12041,17826,6140616.374510258,49.06140629971365,Relatively Low,2023,23540,12041,"Gainesville, FL",23540,2023,379.7975,351.7,28.097500000000025
199,Florida,FL,Highlands,12,12055,101136,46631006.66830225,90.29589564110722,Relatively Moderate,2023,42700,12055,"Sebring, FL",42700,2023,403.1575,358.485,44.672500000000014
201,Florida,FL,Indian River,12,12061,159719,165333142.67342675,97.07286032453071,Relatively High,2023,42680,12061,"Sebastian-Vero Beach-West Vero Corridor, FL",42680,2023,427.3225,406.49,20.832499999999982
202,Florida,FL,Jefferson,12,12065,14359,6245393.848330089,49.69774101177219,Relatively Low,2023,45220,12065,"Tallahassee, FL",45220,2023,317.9175,292.3375,25.58000000000004
203,Florida,FL,Lake,12,12069,383042,102496710.34527916,95.22748965956093,Relatively Moderate,2023,36740,12069,"Orlando-Kissimmee-Sanford, FL",36740,2023,439.96,417.0733333333333,22.886666666666656
204,Florida,FL,Lee,12,12071,759922,494565830.2049376,99.49093223035317,Relatively High,2023,15980,12071,"Cape Coral-Fort Myers, FL",15980,2023,463.57124999999996,445.225,18.34624999999994
205,Florida,FL,Leon,12,12073,292157,89123153.41045801,94.55933821189946,Relatively Moderate,2023,45220,12073,"Tallahassee, FL",45220,2023,317.9175,292.3375,25.58000000000004
206,Florida,FL,Levy,12,12075,42750,24650515.569121376,83.26439707286033,Relatively Moderate,2023,23540,12075,"Gainesville, FL",23540,2023,379.7975,351.7,28.097500000000025
207,Florida,FL,Manatee,12,12081,399485,269991363.9011351,98.44097995545657,Relatively High,2023,35840,12081,"North Port-Bradenton-Sarasota, FL",35840,2023,539.43875,510.435,29.003750000000025
208,Florida,FL,Marion,12,12083,375566,133438067.60314484,96.24562519885461,Relatively High,2023,36100,12083,"Ocala, FL",36100,2023,379.6625,360.045,19.617500000000007
209,Florida,FL,Martin,12,12085,158246,143741856.4027113,96.53197581928094,Relatively High,2023,38940,12085,"Port St. Lucie, FL",38940,2023,455.18,426.8575,28.32249999999999
212,Florida,FL,Nassau,12,12089,90123,24270008.017279632,83.07349665924276,Relatively Moderate,2023,27260,12089,"Jacksonville, FL",27260,2023,462.6125,441.44249999999994,21.170000000000073
213,Florida,FL,Okaloosa,12,12091,211293,186294068.37587157,97.4228444161629,Relatively High,2023,18880,12091,"Crestview-Fort Walton Beach-Destin, FL",18880,2023,413.025,394.345,18.67999999999995
215,Florida,FL,Orange,12,12095,1428790,304674883.3902721,98.56824689786829,Relatively High,2023,36740,12095,"Orlando-Kissimmee-Sanford, FL",36740,2023,439.96,417.0733333333333,22.886666666666656
216,Florida,FL,Osceola,12,12097,387795,99847930.13472934,95.13203945275215,Relatively Moderate,2023,36740,12097,"Orlando-Kissimmee-Sanford, FL",36740,2023,439.96,417.0733333333333,22.886666666666656
220,Florida,FL,Polk,12,12105,721918,230155586.7537174,98.02736239261853,Relatively High,2023,29460,12105,"Lakeland-Winter Haven, FL",29460,2023,447.96,417.37625,30.583749999999952
222,Florida,FL,St. Johns,12,12109,273175,80458586.93018714,94.1457206490614,Relatively Moderate,2023,27260,12109,"Jacksonville, FL",27260,2023,462.6125,441.44249999999994,21.170000000000073
223,Florida,FL,St. Lucie,12,12111,328876,251282118.78852144,98.31371301304486,Relatively High,2023,38940,12111,"Port St. Lucie, FL",38940,2023,455.18,426.8575,28.32249999999999
224,Florida,FL,Santa Rosa,12,12113,187714,108946500.72679184,95.51384027998729,Relatively High,2023,37860,12113,"Pensacola-Ferry Pass-Brent, FL",37860,2023,387.895,371.90999999999997,15.985000000000014
225,Florida,FL,Sarasota,12,12115,433908,268538670.8573988,98.40916321985365,Relatively High,2023,35840,12115,"North Port-Bradenton-Sarasota, FL",35840,2023,539.43875,510.435,29.003750000000025
226,Florida,FL,Seminole,12,12117,470586,110899475.2903358,95.64110722239899,Relatively High,2023,36740,12117,"Orlando-Kissimmee-Sanford, FL",36740,2023,439.96,417.0733333333333,22.886666666666656
227,Florida,FL,Sumter,12,12119,129698,39850711.7086315,88.92777601018136,Relatively Moderate,2023,48680,12119,"Wildwood-The Villages, FL",48680,2023,395.7425,378.9625,16.78000000000003
228,Florida,FL,Volusia,12,12127,551829,191388687.00144407,97.51829462297168,Relatively High,2023,19660,12127,"Deltona-Daytona Beach-Ormond Beach, FL",19660,2023,436.1375,417.2325,18.904999999999973
229,Florida,FL,Wakulla,12,12129,33756,11432570.413117496,68.59688195991092,Relatively Low,2023,45220,12129,"Tallahassee, FL",45220,2023,317.9175,292.3375,25.58000000000004
230,Florida,FL,Walton,12,12131,75211,92368539.77492198,94.68660515431117,Relatively Moderate,2023,18880,12131,"Crestview-Fort Walton Beach-Destin, FL",18880,2023,413.025,394.345,18.67999999999995
231,Florida,FL,Washington,12,12133,25288,34545436.28624509,87.71874005727013,Relatively Moderate,2023,37460,12133,"Panama City-Panama City Beach, FL",37460,2023,401.9075,372.63,29.277500000000032
237,Georgia,GA,Bibb,13,13021,157280,16715345.013203979,76.42379891823099,Relatively Low,2023,31420,13021,"Macon-Bibb County, GA",31420,2023,230.9975,215.39,15.607500000000016
238,Georgia,GA,Brantley,13,13025,17976,7768232.331213397,57.46102449888642,Relatively Low,2023,15260,13025,"Brunswick-St. Simons, GA",15260,2023,354.4175,314.1925,40.22500000000002
239,Georgia,GA,Brooks,13,13027,16297,6666383.0647380585,52.37034680241808,Relatively Low,2023,46660,13027,"Valdosta, GA",46660,2023,246.0775,239.385,6.6924999999999955
240,Georgia,GA,Bryan,13,13029,44426,33828893.504530855,87.52783964365256,Relatively Moderate,2023,42340,13029,"Savannah, GA",42340,2023,415.65999999999997,367.2025,48.45749999999998
242,Georgia,GA,Burke,13,13033,24347,7988321.854918132,58.3837098313713,Relatively Low,2023,12260,13033,"Augusta-Richmond County, GA-SC",12260,2023,290.635,269.28,21.355000000000018
246,Georgia,GA,Catoosa,13,13047,67817,9208369.542195568,62.16990136811963,Relatively Low,2023,16860,13047,"Chattanooga, TN-GA",16860,2023,372.355,339.3925,32.962500000000034
247,Georgia,GA,Chatham,13,13051,293520,308433246.6749125,98.66369710467704,Relatively High,2023,42340,13051,"Savannah, GA",42340,2023,415.65999999999997,367.2025,48.45749999999998
248,Georgia,GA,Chattahoochee,13,13053,9529,727241.2829249157,3.308940502704422,Very Low,2023,17980,13053,"Columbus, GA-AL",17980,2023,241.88,225.55,16.329999999999984
251,Georgia,GA,Clarke,13,13059,128510,11135343.434171947,67.73783009863187,Relatively Low,2023,12020,13059,"Athens-Clarke County, GA",12020,2023,372.69,342.8,29.889999999999986
256,Georgia,GA,Columbia,13,13073,155619,16757366.94177248,76.45561565383392,Relatively Low,2023,12260,13073,"Augusta-Richmond County, GA-SC",12260,2023,290.635,269.28,21.355000000000018
258,Georgia,GA,Crawford,13,13079,12119,1283109.1653140003,7.190582246261533,Very Low,2023,31420,13079,"Macon-Bibb County, GA",31420,2023,230.9975,215.39,15.607500000000016
260,Georgia,GA,Dade,13,13083,16217,4004395.497534997,33.85300668151447,Very Low,2023,16860,13083,"Chattanooga, TN-GA",16860,2023,372.355,339.3925,32.962500000000034
264,Georgia,GA,Dougherty,13,13095,85747,19506709.33231874,79.51002227171492,Relatively Low,2023,10500,13095,"Albany, GA",10500,2023,224.18,213.3175,10.862500000000011
266,Georgia,GA,Echols,13,13101,3694,897372.5707446706,4.263442570792237,Very Low,2023,46660,13101,"Valdosta, GA",46660,2023,246.0775,239.385,6.6924999999999955
267,Georgia,GA,Effingham,13,13103,64648,19179033.808321193,79.16003818008272,Relatively Low,2023,42340,13103,"Savannah, GA",42340,2023,415.65999999999997,367.2025,48.45749999999998
270,Georgia,GA,Floyd,13,13115,98532,18732233.973520603,78.65097041043589,Relatively Low,2023,40660,13115,"Rome, GA",40660,2023,308.3,283.9225,24.377499999999998
273,Georgia,GA,Glynn,13,13127,84424,48563782.297543496,90.80496341075404,Relatively Moderate,2023,15260,13127,"Brunswick-St. Simons, GA",15260,2023,354.4175,314.1925,40.22500000000002
278,Georgia,GA,Hall,13,13139,202853,21967474.489565752,81.38720967228763,Relatively Low,2023,23580,13139,"Gainesville, GA",23580,2023,365.45,342.69,22.75999999999999
280,Georgia,GA,Harris,13,13145,34598,2415028.9762693797,17.467387846007,Very Low,2023,17980,13145,"Columbus, GA-AL",17980,2023,241.88,225.55,16.329999999999984
283,Georgia,GA,Houston,13,13153,163485,12578159.332784807,71.07858733693922,Relatively Low,2023,47580,13153,"Warner Robins, GA",47580,2023,252.2025,225.9125,26.289999999999992
287,Georgia,GA,Jones,13,13169,28314,1905108.0545017784,13.0130448615972,Very Low,2023,31420,13169,"Macon-Bibb County, GA",31420,2023,230.9975,215.39,15.607500000000016
288,Georgia,GA,Lanier,13,13173,9857,2161751.0475732093,15.399300031816734,Very Low,2023,46660,13173,"Valdosta, GA",46660,2023,246.0775,239.385,6.6924999999999955
290,Georgia,GA,Lee,13,13177,32818,5562035.208413391,45.81609926821508,Very Low,2023,10500,13177,"Albany, GA",10500,2023,224.18,213.3175,10.862500000000011
291,Georgia,GA,Liberty,13,13179,65134,80210412.90067099,94.11390391345849,Relatively Moderate,2023,25980,13179,"Hinesville, GA",25980,2023,290.4825,246.8525,43.630000000000024
292,Georgia,GA,Lincoln,13,13181,7683,1651821.7848912303,10.435889277760102,Very Low,2023,12260,13181,"Augusta-Richmond County, GA-SC",12260,2023,290.635,269.28,21.355000000000018
293,Georgia,GA,Long,13,13183,16069,7447541.786459259,56.474705695195674,Relatively Low,2023,25980,13183,"Hinesville, GA",25980,2023,290.4825,246.8525,43.630000000000024
294,Georgia,GA,Lowndes,13,13185,118124,21957558.15350566,81.3553929366847,Relatively Low,2023,46660,13185,"Valdosta, GA",46660,2023,246.0775,239.385,6.6924999999999955
296,Georgia,GA,McDuffie,13,13189,21626,4005397.216113348,33.8848234171174,Very Low,2023,12260,13189,"Augusta-Richmond County, GA-SC",12260,2023,290.635,269.28,21.355000000000018
297,Georgia,GA,McIntosh,13,13191,10934,19254622.358610667,79.28730512249443,Relatively Low,2023,15260,13191,"Brunswick-St. Simons, GA",15260,2023,354.4175,314.1925,40.22500000000002
298,Georgia,GA,Madison,13,13195,30080,4244196.136515235,36.04836143811645,Very Low,2023,12020,13195,"Athens-Clarke County, GA",12020,2023,372.69,342.8,29.889999999999986
299,Georgia,GA,Marion,13,13197,7466,881904.5493220272,4.136175628380529,Very Low,2023,17980,13197,"Columbus, GA-AL",17980,2023,241.88,225.55,16.329999999999984
301,Georgia,GA,Monroe,13,13207,27887,2845338.345323533,21.95354756601973,Very Low,2023,31420,13207,"Macon-Bibb County, GA",31420,2023,230.9975,215.39,15.607500000000016
304,Georgia,GA,Murray,13,13213,39914,8584941.685993437,60.22908049634109,Relatively Low,2023,19140,13213,"Dalton, GA",19140,2023,306.85,280.54,26.310000000000002
305,Georgia,GA,Muscogee,13,13215,206469,11662709.373357296,69.23321667196946,Relatively Low,2023,17980,13215,"Columbus, GA-AL",17980,2023,241.88,225.55,16.329999999999984
307,Georgia,GA,Oconee,13,13219,41747,2966234.443088591,23.544384346166083,Very Low,2023,12020,13219,"Athens-Clarke County, GA",12020,2023,372.69,342.8,29.889999999999986
308,Georgia,GA,Oglethorpe,13,13221,14820,1715826.8612117392,11.00859051861279,Very Low,2023,12020,13221,"Athens-Clarke County, GA",12020,2023,372.69,342.8,29.889999999999986
310,Georgia,GA,Peach,13,13225,27943,3898136.8246029704,32.93032134902959,Very Low,2023,47580,13225,"Warner Robins, GA",47580,2023,252.2025,225.9125,26.289999999999992
316,Georgia,GA,Richmond,13,13245,206329,38950613.224899575,88.73687559656379,Relatively Moderate,2023,12260,13245,"Augusta-Richmond County, GA-SC",12260,2023,290.635,269.28,21.355000000000018
321,Georgia,GA,Stewart,13,13259,5305,1800398.7444537252,11.804008908685969,Very Low,2023,17980,13259,"Columbus, GA-AL",17980,2023,241.88,225.55,16.329999999999984
323,Georgia,GA,Talbot,13,13263,5719,805820.208391414,3.627107858733694,Very Low,2023,17980,13263,"Columbus, GA-AL",17980,2023,241.88,225.55,16.329999999999984
324,Georgia,GA,Terrell,13,13273,9136,2953791.672016467,23.35348393254852,Very Low,2023,10500,13273,"Albany, GA",10500,2023,224.18,213.3175,10.862500000000011
330,Georgia,GA,Twiggs,13,13289,7996,971669.1444391381,4.995227489659561,Very Low,2023,31420,13289,"Macon-Bibb County, GA",31420,2023,230.9975,215.39,15.607500000000016
332,Georgia,GA,Walker,13,13295,67609,14348243.421589063,73.78300986318803,Relatively Low,2023,16860,13295,"Chattanooga, TN-GA",16860,2023,372.355,339.3925,32.962500000000034
336,Georgia,GA,Whitfield,13,13313,102749,20249063.5256943,80.17817371937639,Relatively Low,2023,19140,13313,"Dalton, GA",19140,2023,306.85,280.54,26.310000000000002
337,Georgia,GA,Worth,13,13321,20684,7076722.175711005,54.66115176582883,Relatively Low,2023,10500,13321,"Albany, GA",10500,2023,224.18,213.3175,10.862500000000011
339,Hawaii,HI,Honolulu,15,15003,1013620,78092510.39077407,94.05027044225263,Relatively Moderate,2023,46520,15003,"Urban Honolulu, HI",46520,2023,318.5325,314.3775,4.15500000000003
340,Hawaii,HI,Kalawao,15,15005,82,36234.92910877063,0.063633471205854,Very Low,2023,27980,15005,"Kahului-Wailuku, HI",27980,2023,425.2525,389.425,35.827499999999986
342,Hawaii,HI,Maui,15,15009,164632,34538126.67290427,87.6869233216672,Relatively Moderate,2023,27980,15009,"Kahului-Wailuku, HI",27980,2023,425.2525,389.425,35.827499999999986
343,Idaho,ID,Ada,16,16001,494805,35156991.24502628,87.94145720649061,Relatively Moderate,2023,14260,16001,"Boise City, ID",14260,2023,564.24375,585.70875,-21.465000000000032
344,Idaho,ID,Bannock,16,16005,86991,10481260.36901663,65.70155902004454,Relatively Low,2023,38540,16005,"Pocatello, ID",38540,2023,389.0125,385.2875,3.724999999999966
347,Idaho,ID,Boise,16,16015,7582,9078717.934271151,61.629016862869875,Relatively Low,2023,14260,16015,"Boise City, ID",14260,2023,564.24375,585.70875,-21.465000000000032
349,Idaho,ID,Bonneville,16,16019,123895,12692202.811044125,71.36493795736557,Relatively Low,2023,26820,16019,"Idaho Falls, ID",26820,2023,403.4475,411.3425,-7.894999999999982
350,Idaho,ID,Butte,16,16023,2574,782295.019779255,3.531657651924912,Very Low,2023,26820,16023,"Idaho Falls, ID",26820,2023,403.4475,411.3425,-7.894999999999982
352,Idaho,ID,Canyon,16,16027,230937,10350514.383547043,65.25612472160356,Relatively Low,2023,14260,16027,"Boise City, ID",14260,2023,564.24375,585.70875,-21.465000000000032
355,Idaho,ID,Franklin,16,16041,14177,1546195.690235695,9.704104358892778,Very Low,2023,30860,16041,"Logan, UT-ID",30860,2023,408.05,405.0425,3.007499999999993
357,Idaho,ID,Gem,16,16045,19098,6190024.92043475,49.37957365574292,Relatively Low,2023,14260,16045,"Boise City, ID",14260,2023,564.24375,585.70875,-21.465000000000032
358,Idaho,ID,Jefferson,16,16051,30825,4427538.311902083,37.639198218262806,Very Low,2023,26820,16051,"Idaho Falls, ID",26820,2023,403.4475,411.3425,-7.894999999999982
359,Idaho,ID,Jerome,16,16053,24208,2818822.2598145665,21.667196945593385,Very Low,2023,46300,16053,"Twin Falls, ID",46300,2023,404.025,407.33,-3.305000000000007
360,Idaho,ID,Kootenai,16,16055,171251,8959103.272314142,61.31084950684061,Relatively Low,2023,17660,16055,"Coeur d'Alene, ID",17660,2023,480.90999999999997,478.5175,2.392499999999984
365,Idaho,ID,Nez Perce,16,16069,42062,2350455.476944996,16.89468660515431,Very Low,2023,30300,16069,"Lewiston, ID-WA",30300,2023,373.9525,367.635,6.3174999999999955
367,Idaho,ID,Owyhee,16,16073,11869,4402714.277732289,37.543748011454035,Very Low,2023,14260,16073,"Boise City, ID",14260,2023,564.24375,585.70875,-21.465000000000032
370,Idaho,ID,Twin Falls,16,16083,89972,6500001.429485457,51.3522112631244,Relatively Low,2023,46300,16083,"Twin Falls, ID",46300,2023,404.025,407.33,-3.305000000000007
372,Illinois,IL,Alexander,17,17003,5231,7364343.425645402,55.93382118994591,Relatively Low,2023,16020,17003,"Cape Girardeau, MO-IL",16020,2023,246.11,235.3125,10.797500000000014
373,Illinois,IL,Bond,17,17005,16725,5316251.840756033,44.03436207445116,Very Low,2023,41180,17005,"St. Louis, MO-IL",41180,2023,300.86583333333334,283.19916666666666,17.666666666666686
374,Illinois,IL,Boone,17,17007,53397,7063902.903204629,54.533884823417125,Relatively Low,2023,40420,17007,"Rockford, IL",40420,2023,201.3275,183.4025,17.924999999999983
376,Illinois,IL,Calhoun,17,17013,4437,825897.0097044909,3.818008272351257,Very Low,2023,41180,17013,"St. Louis, MO-IL",41180,2023,300.86583333333334,283.19916666666666,17.666666666666686
377,Illinois,IL,Champaign,17,17019,205823,27604230.40720259,85.49156856506522,Relatively Moderate,2023,16580,17019,"Champaign-Urbana, IL",16580,2023,247.82,232.7675,15.05249999999998
379,Illinois,IL,Clinton,17,17027,36801,10486540.255388131,65.7651924912504,Relatively Low,2023,41180,17027,"St. Louis, MO-IL",41180,2023,300.86583333333334,283.19916666666666,17.666666666666686
386,Illinois,IL,Ford,17,17053,13516,2644453.223205199,19.853643016226535,Very Low,2023,16580,17053,"Champaign-Urbana, IL",16580,2023,247.82,232.7675,15.05249999999998
390,Illinois,IL,Henry,17,17073,49270,10861491.455160355,66.94241170855871,Relatively Low,2023,19340,17073,"Davenport-Moline-Rock Island, IA-IL",19340,2023,257.305,241.0225,16.2825
393,Illinois,IL,Jersey,17,17083,21501,3188423.6084513776,25.771555838370983,Very Low,2023,41180,17083,"St. Louis, MO-IL",41180,2023,300.86583333333334,283.19916666666666,17.666666666666686
395,Illinois,IL,Kankakee,17,17091,107359,12612714.122726208,71.17403754374801,Relatively Low,2023,28100,17091,"Kankakee, IL",28100,2023,212.6375,201.215,11.422499999999985
405,Illinois,IL,McLean,17,17113,170926,21608914.509307086,81.06904231625836,Relatively Low,2023,14010,17113,"Bloomington, IL",14010,2023,213.1975,196.08249999999998,17.11500000000001
406,Illinois,IL,Macon,17,17115,103930,17416105.32934764,77.2510340439071,Relatively Low,2023,19500,17115,"Decatur, IL",19500,2023,204.115,189.5575,14.557500000000005
407,Illinois,IL,Macoupin,17,17117,44940,13325686.887446582,72.22398981864461,Relatively Low,2023,41180,17117,"St. Louis, MO-IL",41180,2023,300.86583333333334,283.19916666666666,17.666666666666686
408,Illinois,IL,Madison,17,17119,265727,61603985.809583224,92.4912503977092,Relatively Moderate,2023,41180,17119,"St. Louis, MO-IL",41180,2023,300.86583333333334,283.19916666666666,17.666666666666686
410,Illinois,IL,Marshall,17,17123,11735,4251640.318001366,36.17562838052816,Very Low,2023,37900,17123,"Peoria, IL",37900,2023,216.645,200.9475,15.69750000000002
411,Illinois,IL,Massac,17,17127,14128,11381179.9362081,68.40598154629335,Relatively Low,2023,37140,17127,"Paducah, KY-IL",37140,2023,257.0125,236.01,21.002499999999998
412,Illinois,IL,Menard,17,17129,12284,3856971.2824171335,32.357620108176896,Very Low,2023,44100,17129,"Springfield, IL",44100,2023,199.635,187.14499999999998,12.490000000000009
413,Illinois,IL,Mercer,17,17131,15683,3084720.2526043924,24.435252943048045,Very Low,2023,19340,17131,"Davenport-Moline-Rock Island, IA-IL",19340,2023,257.305,241.0225,16.2825
414,Illinois,IL,Monroe,17,17133,34896,7126652.5068653375,54.82023544384346,Relatively Low,2023,41180,17133,"St. Louis, MO-IL",41180,2023,300.86583333333334,283.19916666666666,17.666666666666686
417,Illinois,IL,Peoria,17,17143,181691,27042937.126772445,85.0143175310213,Relatively Moderate,2023,37900,17143,"Peoria, IL",37900,2023,216.645,200.9475,15.69750000000002
418,Illinois,IL,Piatt,17,17147,16660,3266961.384983104,26.7260579064588,Very Low,2023,16580,17147,"Champaign-Urbana, IL",16580,2023,247.82,232.7675,15.05249999999998
420,Illinois,IL,Rock Island,17,17161,144591,13334457.796808768,72.25580655424754,Relatively Low,2023,19340,17161,"Davenport-Moline-Rock Island, IA-IL",19340,2023,257.305,241.0225,16.2825
421,Illinois,IL,St. Clair,17,17163,257200,70278278.43527228,93.25485205217944,Relatively Moderate,2023,41180,17163,"St. Louis, MO-IL",41180,2023,300.86583333333334,283.19916666666666,17.666666666666686
422,Illinois,IL,Sangamon,17,17167,196182,37852142.886458926,88.54597518294624,Relatively Moderate,2023,44100,17167,"Springfield, IL",44100,2023,199.635,187.14499999999998,12.490000000000009
424,Illinois,IL,Stark,17,17175,5400,2206824.3469936033,16.035634743875278,Very Low,2023,37900,17175,"Peoria, IL",37900,2023,216.645,200.9475,15.69750000000002
426,Illinois,IL,Tazewell,17,17179,131288,23147354.18196204,82.40534521158129,Relatively Low,2023,37900,17179,"Peoria, IL",37900,2023,216.645,200.9475,15.69750000000002
431,Illinois,IL,Winnebago,17,17201,285162,47129245.30710066,90.45497931912185,Relatively Moderate,2023,40420,17201,"Rockford, IL",40420,2023,201.3275,183.4025,17.924999999999983
432,Illinois,IL,Woodford,17,17203,38455,6224443.694185727,49.538657333757556,Relatively Low,2023,37900,17203,"Peoria, IL",37900,2023,216.645,200.9475,15.69750000000002
434,Indiana,IN,Allen,18,18003,385219,30333504.373179726,86.41425389755011,Relatively Moderate,2023,23060,18003,"Fort Wayne, IN",23060,2023,279.24,252.76999999999998,26.470000000000027
435,Indiana,IN,Bartholomew,18,18005,82160,18641225.761194285,78.52370346802418,Relatively Low,2023,18020,18005,"Columbus, IN",18020,2023,259.185,244.1325,15.052500000000009
436,Indiana,IN,Benton,18,18007,8719,1737557.3161377895,11.1358574610245,Very Low,2023,29200,18007,"Lafayette-West Lafayette, IN",29200,2023,255.29,235.34750000000003,19.942499999999967
437,Indiana,IN,Boone,18,18011,70777,4414031.263480612,37.57556474705695,Very Low,2023,26900,18011,"Indianapolis-Carmel-Greenwood, IN",26900,2023,302.90000000000003,286.73333333333335,16.166666666666686
438,Indiana,IN,Brown,18,18013,15475,1901773.955121179,12.885777919185491,Very Low,2023,26900,18013,"Indianapolis-Carmel-Greenwood, IN",26900,2023,302.90000000000003,286.73333333333335,16.166666666666686
439,Indiana,IN,Carroll,18,18015,20289,4196092.398159932,35.57111040407254,Very Low,2023,29200,18015,"Lafayette-West Lafayette, IN",29200,2023,255.29,235.34750000000003,19.942499999999967
441,Indiana,IN,Clark,18,18019,120950,22505073.7617341,81.92809417753737,Relatively Low,2023,31140,18019,"Louisville/Jefferson County, KY-IN",31140,2023,333.50625,316.06375,17.442499999999995
442,Indiana,IN,Clay,18,18021,26463,5267902.8780878605,43.87527839643652,Very Low,2023,45460,18021,"Terre Haute, IN",45460,2023,237.82,225.885,11.935000000000002
445,Indiana,IN,Dearborn,18,18029,50661,5808292.127898111,47.15240216353802,Very Low,2023,17140,18029,"Cincinnati, OH-KY-IN",17140,2023,302.68833333333333,280.21166666666664,22.476666666666688
448,Indiana,IN,Delaware,18,18035,111870,14499308.672002211,73.9739102768056,Relatively Low,2023,34620,18035,"Muncie, IN",34620,2023,242.3675,222.575,19.792500000000018
450,Indiana,IN,Elkhart,18,18039,206994,16060806.822952228,75.69201399936367,Relatively Low,2023,21140,18039,"Elkhart-Goshen, IN",21140,2023,274.79999999999995,260.1325,14.667499999999961
452,Indiana,IN,Floyd,18,18043,80437,11434252.793519791,68.62869869551385,Relatively Low,2023,31140,18043,"Louisville/Jefferson County, KY-IN",31140,2023,333.50625,316.06375,17.442499999999995
453,Indiana,IN,Franklin,18,18047,22784,3347956.6724827015,27.39420935412027,Very Low,2023,17140,18047,"Cincinnati, OH-KY-IN",17140,2023,302.68833333333333,280.21166666666664,22.476666666666688
455,Indiana,IN,Hamilton,18,18057,347343,29702707.47013359,86.1597200127267,Relatively Moderate,2023,26900,18057,"Indianapolis-Carmel-Greenwood, IN",26900,2023,302.90000000000003,286.73333333333335,16.166666666666686
456,Indiana,IN,Hancock,18,18059,79788,6029517.502488131,48.67960547247852,Relatively Low,2023,26900,18059,"Indianapolis-Carmel-Greenwood, IN",26900,2023,302.90000000000003,286.73333333333335,16.166666666666686
457,Indiana,IN,Harrison,18,18061,39636,8571963.500565412,60.19726376073815,Relatively Low,2023,31140,18061,"Louisville/Jefferson County, KY-IN",31140,2023,333.50625,316.06375,17.442499999999995
458,Indiana,IN,Hendricks,18,18063,172437,11974077.795992116,70.12408526885142,Relatively Low,2023,26900,18063,"Indianapolis-Carmel-Greenwood, IN",26900,2023,302.90000000000003,286.73333333333335,16.166666666666686
460,Indiana,IN,Howard,18,18067,83653,11362679.96147249,68.3423480750875,Relatively Low,2023,29020,18067,"Kokomo, IN",29020,2023,224.04,204.46,19.579999999999984
465,Indiana,IN,Johnson,18,18081,161668,22263782.464694623,81.73719376391982,Relatively Low,2023,26900,18081,"Indianapolis-Carmel-Greenwood, IN",26900,2023,302.90000000000003,286.73333333333335,16.166666666666686
469,Indiana,IN,LaPorte,18,18091,112304,14569348.797070196,74.06936048361437,Relatively Low,2023,33140,18091,"Michigan City-La Porte, IN",33140,2023,283.045,263.1275,19.917500000000018
471,Indiana,IN,Madison,18,18095,130062,13263440.244370691,72.12853961183583,Relatively Low,2023,26900,18095,"Indianapolis-Carmel-Greenwood, IN",26900,2023,302.90000000000003,286.73333333333335,16.166666666666686
472,Indiana,IN,Marion,18,18097,977041,70392697.91584519,93.28666878778238,Relatively Moderate,2023,26900,18097,"Indianapolis-Carmel-Greenwood, IN",26900,2023,302.90000000000003,286.73333333333335,16.166666666666686
475,Indiana,IN,Monroe,18,18105,139535,11286127.87284673,68.08781419026408,Relatively Low,2023,14020,18105,"Bloomington, IN",14020,2023,309.03249999999997,297.15,11.882499999999993
477,Indiana,IN,Morgan,18,18109,71729,9319915.114424221,62.58351893095768,Relatively Low,2023,26900,18109,"Indianapolis-Carmel-Greenwood, IN",26900,2023,302.90000000000003,286.73333333333335,16.166666666666686
480,Indiana,IN,Ohio,18,18115,5935,1223719.2987219992,6.745147947820554,Very Low,2023,17140,18115,"Cincinnati, OH-KY-IN",17140,2023,302.68833333333333,280.21166666666664,22.476666666666688
481,Indiana,IN,Owen,18,18119,21316,5509161.0040449025,45.43429844097995,Very Low,2023,14020,18119,"Bloomington, IN",14020,2023,309.03249999999997,297.15,11.882499999999993
483,Indiana,IN,Posey,18,18129,25205,7061602.0153828235,54.502068087814195,Relatively Low,2023,21780,18129,"Evansville, IN",21780,2023,271.85,255.64000000000001,16.210000000000008
485,Indiana,IN,St. Joseph,18,18141,272680,13864542.486956775,72.89214126630608,Relatively Low,2023,43780,18141,"South Bend-Mishawaka, IN-MI",43780,2023,286.35,262.16,24.189999999999998
486,Indiana,IN,Shelby,18,18145,45055,6781019.44169103,53.00668151447662,Relatively Low,2023,26900,18145,"Indianapolis-Carmel-Greenwood, IN",26900,2023,302.90000000000003,286.73333333333335,16.166666666666686
488,Indiana,IN,Sullivan,18,18153,20808,4006547.318102073,33.916640152720326,Very Low,2023,45460,18153,"Terre Haute, IN",45460,2023,237.82,225.885,11.935000000000002
489,Indiana,IN,Tippecanoe,18,18157,186025,18414341.28979961,78.33280305440663,Relatively Low,2023,29200,18157,"Lafayette-West Lafayette, IN",29200,2023,255.29,235.34750000000003,19.942499999999967
490,Indiana,IN,Tipton,18,18159,15348,2953333.3314261376,23.321667196945594,Very Low,2023,26900,18159,"Indianapolis-Carmel-Greenwood, IN",26900,2023,302.90000000000003,286.73333333333335,16.166666666666686
491,Indiana,IN,Vanderburgh,18,18163,180120,45655085.60229648,90.13681196309257,Relatively Moderate,2023,21780,18163,"Evansville, IN",21780,2023,271.85,255.64000000000001,16.210000000000008
492,Indiana,IN,Vermillion,18,18165,15439,3686547.463295134,30.734966592427615,Very Low,2023,45460,18165,"Terre Haute, IN",45460,2023,237.82,225.885,11.935000000000002
493,Indiana,IN,Vigo,18,18167,106114,19187731.593810063,79.19185491568565,Relatively Low,2023,45460,18167,"Terre Haute, IN",45460,2023,237.82,225.885,11.935000000000002
495,Indiana,IN,Warren,18,18171,8438,1485288.0517012891,8.78141902640789,Very Low,2023,29200,18171,"Lafayette-West Lafayette, IN",29200,2023,255.29,235.34750000000003,19.942499999999967
496,Indiana,IN,Warrick,18,18173,63877,11440734.867375314,68.6923321667197,Relatively Low,2023,21780,18173,"Evansville, IN",21780,2023,271.85,255.64000000000001,16.210000000000008
497,Indiana,IN,Washington,18,18175,28144,6497844.312784837,51.32039452752147,Relatively Low,2023,31140,18175,"Louisville/Jefferson County, KY-IN",31140,2023,333.50625,316.06375,17.442499999999995
499,Indiana,IN,Wells,18,18179,28178,3721263.5128928833,31.116767419662743,Very Low,2023,23060,18179,"Fort Wayne, IN",23060,2023,279.24,252.76999999999998,26.470000000000027
501,Indiana,IN,Whitley,18,18183,34144,4175836.585208747,35.34839325485205,Very Low,2023,23060,18183,"Fort Wayne, IN",23060,2023,279.24,252.76999999999998,26.470000000000027
502,Iowa,IA,Benton,19,19011,25558,5975508.104475337,48.29780464524339,Relatively Low,2023,16300,19011,"Cedar Rapids, IA",16300,2023,227.2125,214.425,12.787499999999994
503,Iowa,IA,Black Hawk,19,19013,131044,22250294.819659233,81.7053770283169,Relatively Low,2023,47940,19013,"Waterloo-Cedar Falls, IA",47940,2023,305.8075,280.9175,24.889999999999986
504,Iowa,IA,Boone,19,19015,26715,5600059.116519945,46.10244988864143,Very Low,2023,11180,19015,"Ames, IA",11180,2023,286.5375,266.77250000000004,19.764999999999986
505,Iowa,IA,Bremer,19,19017,24970,4534097.365266656,38.3391664015272,Very Low,2023,47940,19017,"Waterloo-Cedar Falls, IA",47940,2023,305.8075,280.9175,24.889999999999986
511,Iowa,IA,Dallas,19,19049,99673,13944365.482532788,72.98759147311486,Relatively Low,2023,19780,19049,"Des Moines-West Des Moines, IA",19780,2023,307.5025,291.1275,16.375
514,Iowa,IA,Dubuque,19,19061,99148,17820214.615181766,77.85555202036271,Relatively Low,2023,20220,19061,"Dubuque, IA",20220,2023,269.235,254.91000000000003,14.324999999999989
515,Iowa,IA,Grundy,19,19075,12329,4186605.6902129655,35.47566019726376,Very Low,2023,47940,19075,"Waterloo-Cedar Falls, IA",47940,2023,305.8075,280.9175,24.889999999999986
516,Iowa,IA,Guthrie,19,19077,10623,6787741.633783452,53.03849825007955,Relatively Low,2023,19780,19077,"Des Moines-West Des Moines, IA",19780,2023,307.5025,291.1275,16.375
517,Iowa,IA,Harrison,19,19085,14559,6194866.435798987,49.44320712694877,Relatively Low,2023,36540,19085,"Omaha, NE-IA",36540,2023,352.9225,328.565,24.357500000000016
518,Iowa,IA,Jasper,19,19099,37808,7620357.881786214,56.824689786827875,Relatively Low,2023,19780,19099,"Des Moines-West Des Moines, IA",19780,2023,307.5025,291.1275,16.375
519,Iowa,IA,Johnson,19,19103,152809,69044317.95612574,93.19121858097358,Relatively Moderate,2023,26980,19103,"Iowa City, IA",26980,2023,249.1575,234.26999999999998,14.887500000000017
520,Iowa,IA,Jones,19,19105,20631,7165615.168212533,55.106586064269806,Relatively Low,2023,16300,19105,"Cedar Rapids, IA",16300,2023,227.2125,214.425,12.787499999999994
522,Iowa,IA,Linn,19,19113,230253,54829404.58185556,91.72764874323894,Relatively Moderate,2023,16300,19113,"Cedar Rapids, IA",16300,2023,227.2125,214.425,12.787499999999994
523,Iowa,IA,Madison,19,19121,16548,3096018.3787400927,24.530703149856823,Very Low,2023,19780,19121,"Des Moines-West Des Moines, IA",19780,2023,307.5025,291.1275,16.375
527,Iowa,IA,Mills,19,19129,14475,4578825.589481393,38.75278396436526,Very Low,2023,36540,19129,"Omaha, NE-IA",36540,2023,352.9225,328.565,24.357500000000016
530,Iowa,IA,Polk,19,19153,492316,53202743.35836449,91.53674832962136,Relatively Moderate,2023,19780,19153,"Des Moines-West Des Moines, IA",19780,2023,307.5025,291.1275,16.375
531,Iowa,IA,Pottawattamie,19,19155,93646,25161432.14164041,83.5825644288896,Relatively Moderate,2023,36540,19155,"Omaha, NE-IA",36540,2023,352.9225,328.565,24.357500000000016
532,Iowa,IA,Scott,19,19163,174636,22745737.95222027,82.05536111994908,Relatively Low,2023,19340,19163,"Davenport-Moline-Rock Island, IA-IL",19340,2023,257.305,241.0225,16.2825
533,Iowa,IA,Story,19,19169,98533,16204330.576092012,76.01018135539293,Relatively Low,2023,11180,19169,"Ames, IA",11180,2023,286.5375,266.77250000000004,19.764999999999986
535,Iowa,IA,Warren,19,19181,52398,5912577.842609971,47.91600381800827,Very Low,2023,19780,19181,"Des Moines-West Des Moines, IA",19780,2023,307.5025,291.1275,16.375
536,Iowa,IA,Washington,19,19183,22565,8993087.002714781,61.43811644925231,Relatively Low,2023,26980,19183,"Iowa City, IA",26980,2023,249.1575,234.26999999999998,14.887500000000017
538,Iowa,IA,Woodbury,19,19193,105853,24858169.48646027,83.45529748647789,Relatively Moderate,2023,43580,19193,"Sioux City, IA-NE-SD",43580,2023,294.88,277.6925,17.1875
542,Kansas,KS,Butler,20,20015,67340,20356195.87900764,80.2099904549793,Relatively Low,2023,48620,20015,"Wichita, KS",48620,2023,273.28,253.60999999999999,19.669999999999987
544,Kansas,KS,Cherokee,20,20021,19341,10039502.35675878,64.46070633153039,Relatively Low,2023,27900,20021,"Joplin, MO-KS",27900,2023,277.0375,258.925,18.11250000000001
547,Kansas,KS,Doniphan,20,20043,7510,4821488.946865053,40.725421571746736,Very Low,2023,41140,20043,"St. Joseph, MO-KS",41140,2023,288.07,267.5425,20.527499999999975
548,Kansas,KS,Douglas,20,20045,118666,19683212.667112034,79.63728921412662,Relatively Low,2023,29940,20045,"Lawrence, KS",29940,2023,309.6925,286.9625,22.730000000000018
553,Kansas,KS,Geary,20,20061,36621,10389979.271871768,65.35157492841235,Relatively Low,2023,31740,20061,"Manhattan, KS",31740,2023,291.255,276.3775,14.877499999999998
554,Kansas,KS,Harvey,20,20079,34024,12097375.079034448,70.37861915367483,Relatively Low,2023,48620,20079,"Wichita, KS",48620,2023,273.28,253.60999999999999,19.669999999999987
555,Kansas,KS,Jackson,20,20085,13228,2864689.703940761,22.176264715240215,Very Low,2023,45820,20085,"Topeka, KS",45820,2023,271.26250000000005,253.53,17.732500000000044
556,Kansas,KS,Jefferson,20,20087,18344,4185783.6699755783,35.44384346166083,Very Low,2023,45820,20087,"Topeka, KS",45820,2023,271.26250000000005,253.53,17.732500000000044
557,Kansas,KS,Johnson,20,20091,609569,82145806.30716276,94.27298759147313,Relatively Moderate,2023,28140,20091,"Kansas City, MO-KS",28140,2023,376.66499999999996,351.9166666666667,24.748333333333278
558,Kansas,KS,Leavenworth,20,20103,81853,14617351.470370952,74.19662742602608,Relatively Low,2023,28140,20103,"Kansas City, MO-KS",28140,2023,376.66499999999996,351.9166666666667,24.748333333333278
559,Kansas,KS,Linn,20,20107,9589,3253598.557027175,26.3760738148266,Very Low,2023,28140,20107,"Kansas City, MO-KS",28140,2023,376.66499999999996,351.9166666666667,24.748333333333278
562,Kansas,KS,Miami,20,20121,34178,7045561.517498495,54.43843461660833,Relatively Low,2023,28140,20121,"Kansas City, MO-KS",28140,2023,376.66499999999996,351.9166666666667,24.748333333333278
563,Kansas,KS,Osage,20,20139,15742,4228274.597555288,35.95291123130767,Very Low,2023,45820,20139,"Topeka, KS",45820,2023,271.26250000000005,253.53,17.732500000000044
565,Kansas,KS,Pottawatomie,20,20149,25328,4498409.065609482,38.084632516703785,Very Low,2023,31740,20149,"Manhattan, KS",31740,2023,291.255,276.3775,14.877499999999998
567,Kansas,KS,Riley,20,20161,71953,16073850.08789564,75.7238307349666,Relatively Low,2023,31740,20161,"Manhattan, KS",31740,2023,291.255,276.3775,14.877499999999998
569,Kansas,KS,Sedgwick,20,20173,523609,94662498.02949117,94.87750556792872,Relatively Moderate,2023,48620,20173,"Wichita, KS",48620,2023,273.28,253.60999999999999,19.669999999999987
571,Kansas,KS,Shawnee,20,20177,178851,20415721.571490135,80.36907413299396,Relatively Low,2023,45820,20177,"Topeka, KS",45820,2023,271.26250000000005,253.53,17.732500000000044
572,Kansas,KS,Sumner,20,20191,22359,10099083.082265835,64.61979000954501,Relatively Low,2023,48620,20191,"Wichita, KS",48620,2023,273.28,253.60999999999999,19.669999999999987
573,Kansas,KS,Wabaunsee,20,20197,6861,2418685.019993147,17.59465478841871,Very Low,2023,45820,20197,"Topeka, KS",45820,2023,271.26250000000005,253.53,17.732500000000044
574,Kansas,KS,Wyandotte,20,20209,169235,32775197.50027403,87.17785555202036,Relatively Moderate,2023,28140,20209,"Kansas City, MO-KS",28140,2023,376.66499999999996,351.9166666666667,24.748333333333278
575,Kentucky,KY,Allen,21,21003,20559,5494914.767794843,45.3706649697741,Very Low,2023,14540,21003,"Bowling Green, KY",14540,2023,283.5375,264.27,19.26750000000004
577,Kentucky,KY,Ballard,21,21007,7718,5408482.295612076,44.607063315303854,Very Low,2023,37140,21007,"Paducah, KY-IL",37140,2023,257.0125,236.01,21.002499999999998
581,Kentucky,KY,Boone,21,21015,135968,15593384.90421816,75.1511294941139,Relatively Low,2023,17140,21015,"Cincinnati, OH-KY-IN",17140,2023,302.68833333333333,280.21166666666664,22.476666666666688
582,Kentucky,KY,Bourbon,21,21017,20246,3894944.930702539,32.834871142220805,Very Low,2023,30460,21017,"Lexington-Fayette, KY",30460,2023,316.35,290.48,25.870000000000005
583,Kentucky,KY,Boyd,21,21019,48202,5012297.496019624,42.09354120267261,Very Low,2023,26580,21019,"Huntington-Ashland, WV-KY-OH",26580,2023,236.1375,223.2825,12.85499999999999
585,Kentucky,KY,Bracken,21,21023,8392,1527644.485289667,9.290486796054724,Very Low,2023,17140,21023,"Cincinnati, OH-KY-IN",17140,2023,302.68833333333333,280.21166666666664,22.476666666666688
586,Kentucky,KY,Bullitt,21,21029,82200,15493429.210511968,75.05567928730513,Relatively Low,2023,31140,21029,"Louisville/Jefferson County, KY-IN",31140,2023,333.50625,316.06375,17.442499999999995
587,Kentucky,KY,Butler,21,21031,12364,3065682.255549136,24.307986000636333,Very Low,2023,14540,21031,"Bowling Green, KY",14540,2023,283.5375,264.27,19.26750000000004
589,Kentucky,KY,Campbell,21,21037,92960,8149900.084009829,58.797327394209354,Relatively Low,2023,17140,21037,"Cincinnati, OH-KY-IN",17140,2023,302.68833333333333,280.21166666666664,22.476666666666688
590,Kentucky,KY,Carlisle,21,21039,4826,3867318.9153102394,32.58033725739739,Very Low,2023,37140,21039,"Paducah, KY-IL",37140,2023,257.0125,236.01,21.002499999999998
591,Kentucky,KY,Carter,21,21043,26602,6281895.3918937715,49.95227489659561,Relatively Low,2023,26580,21043,"Huntington-Ashland, WV-KY-OH",26580,2023,236.1375,223.2825,12.85499999999999
592,Kentucky,KY,Christian,21,21047,72692,26221867.839809652,84.31434934775692,Relatively Moderate,2023,17300,21047,"Clarksville, TN-KY",17300,2023,338.285,321.565,16.720000000000027
593,Kentucky,KY,Clark,21,21049,36972,5983445.850444141,48.36143811644925,Relatively Low,2023,30460,21049,"Lexington-Fayette, KY",30460,2023,316.35,290.48,25.870000000000005
595,Kentucky,KY,Daviess,21,21059,103266,24647175.029740077,83.2325803372574,Relatively Moderate,2023,36980,21059,"Owensboro, KY",36980,2023,271.3375,256.3125,15.024999999999977
596,Kentucky,KY,Edmonson,21,21061,12126,2713867.6482316065,20.776328348711424,Very Low,2023,14540,21061,"Bowling Green, KY",14540,2023,283.5375,264.27,19.26750000000004
598,Kentucky,KY,Fayette,21,21067,322301,36679402.66236739,88.2914412981228,Relatively Moderate,2023,30460,21067,"Lexington-Fayette, KY",30460,2023,316.35,290.48,25.870000000000005
601,Kentucky,KY,Gallatin,21,21077,8687,2088449.5756966337,14.8902322621699,Very Low,2023,17140,21077,"Cincinnati, OH-KY-IN",17140,2023,302.68833333333333,280.21166666666664,22.476666666666688
602,Kentucky,KY,Grant,21,21081,24887,3645913.970194005,30.28953229398664,Very Low,2023,17140,21081,"Cincinnati, OH-KY-IN",17140,2023,302.68833333333333,280.21166666666664,22.476666666666688
605,Kentucky,KY,Greenup,21,21089,35905,3655451.571230307,30.4804327076042,Very Low,2023,26580,21089,"Huntington-Ashland, WV-KY-OH",26580,2023,236.1375,223.2825,12.85499999999999
606,Kentucky,KY,Hardin,21,21093,110665,13280268.679953055,72.16035634743875,Relatively Low,2023,21060,21093,"Elizabethtown, KY",21060,2023,310.27750000000003,280.0175,30.260000000000048
608,Kentucky,KY,Henry,21,21103,15661,3127119.8431780785,24.848870505886097,Very Low,2023,31140,21103,"Louisville/Jefferson County, KY-IN",31140,2023,333.50625,316.06375,17.442499999999995
610,Kentucky,KY,Jefferson,21,21111,782833,122416538.64875002,95.95927457842824,Relatively High,2023,31140,21111,"Louisville/Jefferson County, KY-IN",31140,2023,333.50625,316.06375,17.442499999999995
611,Kentucky,KY,Jessamine,21,21113,52980,6922758.796780612,53.706649697741014,Relatively Low,2023,30460,21113,"Lexington-Fayette, KY",30460,2023,316.35,290.48,25.870000000000005
612,Kentucky,KY,Kenton,21,21117,168969,14355530.160105553,73.81482659879096,Relatively Low,2023,17140,21117,"Cincinnati, OH-KY-IN",17140,2023,302.68833333333333,280.21166666666664,22.476666666666688
614,Kentucky,KY,Larue,21,21123,14854,2139074.186836344,15.176582882596248,Very Low,2023,21060,21123,"Elizabethtown, KY",21060,2023,310.27750000000003,280.0175,30.260000000000048
616,Kentucky,KY,Lawrence,21,21127,16265,2875615.9302361235,22.303531657651927,Very Low,2023,26580,21127,"Huntington-Ashland, WV-KY-OH",26580,2023,236.1375,223.2825,12.85499999999999
618,Kentucky,KY,Livingston,21,21139,8878,4070894.559665983,34.552974864778875,Very Low,2023,37140,21139,"Paducah, KY-IL",37140,2023,257.0125,236.01,21.002499999999998
619,Kentucky,KY,McCracken,21,21145,67799,43368740.52020811,89.72319440025454,Relatively Moderate,2023,37140,21145,"Paducah, KY-IL",37140,2023,257.0125,236.01,21.002499999999998
620,Kentucky,KY,McLean,21,21149,9152,5356864.043843703,44.35252943048043,Very Low,2023,36980,21149,"Owensboro, KY",36980,2023,271.3375,256.3125,15.024999999999977
622,Kentucky,KY,Meade,21,21163,29934,5343300.5906709265,44.288895959274576,Very Low,2023,31140,21163,"Louisville/Jefferson County, KY-IN",31140,2023,333.50625,316.06375,17.442499999999995
626,Kentucky,KY,Nelson,21,21179,46724,6996288.718026065,54.152083996181986,Relatively Low,2023,31140,21179,"Louisville/Jefferson County, KY-IN",31140,2023,333.50625,316.06375,17.442499999999995
627,Kentucky,KY,Oldham,21,21185,67573,8547200.260151705,60.10181355392936,Relatively Low,2023,31140,21185,"Louisville/Jefferson County, KY-IN",31140,2023,333.50625,316.06375,17.442499999999995
628,Kentucky,KY,Pendleton,21,21191,14625,6801625.588077182,53.070314985682465,Relatively Low,2023,17140,21191,"Cincinnati, OH-KY-IN",17140,2023,302.68833333333333,280.21166666666664,22.476666666666688
632,Kentucky,KY,Scott,21,21209,57141,7130623.818472565,54.88386891504932,Relatively Low,2023,30460,21209,"Lexington-Fayette, KY",30460,2023,316.35,290.48,25.870000000000005
633,Kentucky,KY,Shelby,21,21211,47942,9680491.12714098,63.474387527839646,Relatively Low,2023,31140,21211,"Louisville/Jefferson County, KY-IN",31140,2023,333.50625,316.06375,17.442499999999995
635,Kentucky,KY,Spencer,21,21215,19456,3528098.2533972366,29.27139675469297,Very Low,2023,31140,21215,"Louisville/Jefferson County, KY-IN",31140,2023,333.50625,316.06375,17.442499999999995
637,Kentucky,KY,Trigg,21,21221,14047,6456183.120298547,51.00222717149221,Relatively Low,2023,17300,21221,"Clarksville, TN-KY",17300,2023,338.285,321.565,16.720000000000027
638,Kentucky,KY,Warren,21,21227,134482,24203260.524290327,83.0098631880369,Relatively Moderate,2023,14540,21227,"Bowling Green, KY",14540,2023,283.5375,264.27,19.26750000000004
641,Kentucky,KY,Woodford,21,21239,26870,4369260.518977849,37.130130448615965,Very Low,2023,30460,21239,"Lexington-Fayette, KY",30460,2023,316.35,290.48,25.870000000000005
642,Louisiana,LA,Acadia,22,22001,57475,47478504.31807495,90.51861279032771,Relatively Moderate,2023,29180,22001,"Lafayette, LA",29180,2023,266.715,267.03999999999996,-0.32499999999998863
643,Louisiana,LA,Ascension,22,22005,126426,134290298.01142415,96.27744193445751,Relatively High,2023,12940,22005,"Baton Rouge, LA",12940,2023,311.7775,306.99125000000004,4.786249999999939
644,Louisiana,LA,Assumption,22,22007,21017,30297271.071997117,86.35062042634425,Relatively Moderate,2023,12940,22007,"Baton Rouge, LA",12940,2023,311.7775,306.99125000000004,4.786249999999939
646,Louisiana,LA,Bossier,22,22015,128536,44381897.95933353,89.9140948138721,Relatively Moderate,2023,43340,22015,"Shreveport-Bossier City, LA",43340,2023,240.825,232.5925,8.232499999999987
647,Louisiana,LA,Caddo,22,22017,237695,42798067.53426,89.59592745784283,Relatively Moderate,2023,43340,22017,"Shreveport-Bossier City, LA",43340,2023,240.825,232.5925,8.232499999999987
648,Louisiana,LA,Calcasieu,22,22019,216652,159546984.28390023,96.91377664651607,Relatively High,2023,29340,22019,"Lake Charles, LA",29340,2023,269.4675,271.59,-2.1225000000000023
649,Louisiana,LA,Cameron,22,22023,5615,7350902.2385363085,55.8065542475342,Relatively Low,2023,29340,22023,"Lake Charles, LA",29340,2023,269.4675,271.59,-2.1225000000000023
651,Louisiana,LA,De Soto,22,22031,26713,6512880.574628809,51.47947820553611,Relatively Low,2023,43340,22031,"Shreveport-Bossier City, LA",43340,2023,240.825,232.5925,8.232499999999987
652,Louisiana,LA,East Baton Rouge,22,22033,456512,334079483.387557,98.88641425389754,Relatively High,2023,12940,22033,"Baton Rouge, LA",12940,2023,311.7775,306.99125000000004,4.786249999999939
653,Louisiana,LA,East Feliciana,22,22037,19513,9182893.674331222,62.07445116131085,Relatively Low,2023,12940,22037,"Baton Rouge, LA",12940,2023,311.7775,306.99125000000004,4.786249999999939
654,Louisiana,LA,Grant,22,22043,22122,3984311.5753014586,33.69392300349984,Very Low,2023,10780,22043,"Alexandria, LA",10780,2023,266.395,252.82,13.574999999999989
656,Louisiana,LA,Iberville,22,22047,30214,23659031.038403552,82.72351256761057,Relatively Low,2023,12940,22047,"Baton Rouge, LA",12940,2023,311.7775,306.99125000000004,4.786249999999939
657,Louisiana,LA,Jefferson,22,22051,440590,239379160.0767358,98.15462933503024,Relatively High,2023,35380,22051,"New Orleans-Metairie, LA",35380,2023,375.40125,378.53,-3.128749999999968
658,Louisiana,LA,Jefferson Davis,22,22053,32235,37280256.61071133,88.45052497613744,Relatively Moderate,2023,29340,22053,"Lake Charles, LA",29340,2023,269.4675,271.59,-2.1225000000000023
659,Louisiana,LA,Lafayette,22,22055,241618,227290152.1519666,97.96372892141267,Relatively High,2023,29180,22055,"Lafayette, LA",29180,2023,266.715,267.03999999999996,-0.32499999999998863
660,Louisiana,LA,Lafourche,22,22057,97393,85400056.634133,94.40025453388482,Relatively Moderate,2023,26380,22057,"Houma-Bayou Cane-Thibodaux, LA",26380,2023,291.1925,284.6975,6.4950000000000045
662,Louisiana,LA,Livingston,22,22063,142163,155936529.11773604,96.85014317531021,Relatively High,2023,12940,22063,"Baton Rouge, LA",12940,2023,311.7775,306.99125000000004,4.786249999999939
663,Louisiana,LA,Morehouse,22,22067,25583,7301739.295663861,55.552020362710785,Relatively Low,2023,33740,22067,"Monroe, LA",33740,2023,260.6025,251.09250000000003,9.509999999999991
665,Louisiana,LA,Orleans,22,22071,383606,160337596.49980658,96.97741011772192,Relatively High,2023,35380,22071,"New Orleans-Metairie, LA",35380,2023,375.40125,378.53,-3.128749999999968
666,Louisiana,LA,Ouachita,22,22073,160298,27761896.699410927,85.61883550747693,Relatively Moderate,2023,33740,22073,"Monroe, LA",33740,2023,260.6025,251.09250000000003,9.509999999999991
667,Louisiana,LA,Plaquemines,22,22075,23448,23635640.58423444,82.69169583200764,Relatively Low,2023,35380,22075,"New Orleans-Metairie, LA",35380,2023,375.40125,378.53,-3.128749999999968
668,Louisiana,LA,Pointe Coupee,22,22077,20697,11682789.925027331,69.32866687877824,Relatively Low,2023,12940,22077,"Baton Rouge, LA",12940,2023,311.7775,306.99125000000004,4.786249999999939
669,Louisiana,LA,Rapides,22,22079,129664,24691019.825876597,83.39166401527204,Relatively Moderate,2023,10780,22079,"Alexandria, LA",10780,2023,266.395,252.82,13.574999999999989
670,Louisiana,LA,Richland,22,22083,19986,11118191.396187272,67.61056315622017,Relatively Low,2023,33740,22083,"Monroe, LA",33740,2023,260.6025,251.09250000000003,9.509999999999991
671,Louisiana,LA,St. Bernard,22,22087,43709,30716901.246297274,86.60515431116768,Relatively Moderate,2023,35380,22087,"New Orleans-Metairie, LA",35380,2023,375.40125,378.53,-3.128749999999968
672,Louisiana,LA,St. Charles,22,22089,52479,46777359.308129944,90.32771237671012,Relatively Moderate,2023,35380,22089,"New Orleans-Metairie, LA",35380,2023,375.40125,378.53,-3.128749999999968
673,Louisiana,LA,St. Helena,22,22091,10911,5974366.153079002,48.26598790964047,Relatively Low,2023,12940,22091,"Baton Rouge, LA",12940,2023,311.7775,306.99125000000004,4.786249999999939
674,Louisiana,LA,St. James,22,22093,20169,17088401.371273898,76.86923321667197,Relatively Low,2023,35380,22093,"New Orleans-Metairie, LA",35380,2023,375.40125,378.53,-3.128749999999968
675,Louisiana,LA,St. John the Baptist,22,22095,42466,30715979.24393317,86.57333757556475,Relatively Moderate,2023,35380,22095,"New Orleans-Metairie, LA",35380,2023,375.40125,378.53,-3.128749999999968
677,Louisiana,LA,St. Martin,22,22099,51686,52136379.791654184,91.3140311804009,Relatively Moderate,2023,29180,22099,"Lafayette, LA",29180,2023,266.715,267.03999999999996,-0.32499999999998863
679,Louisiana,LA,St. Tammany,22,22103,263870,217806369.55302095,97.80464524339803,Relatively High,2023,43640,22103,"Slidell-Mandeville-Covington, LA",43640,2023,272.74,268.3825,4.357500000000016
680,Louisiana,LA,Tangipahoa,22,22105,132858,127528433.98611604,96.1501749920458,Relatively High,2023,25220,22105,"Hammond, LA",25220,2023,283.23,277.7525,5.4775000000000205
681,Louisiana,LA,Terrebonne,22,22109,109484,138263891.38012218,96.3728921412663,Relatively High,2023,26380,22109,"Houma-Bayou Cane-Thibodaux, LA",26380,2023,291.1925,284.6975,6.4950000000000045
682,Louisiana,LA,Union,22,22111,21031,5511220.246196888,45.46611517658288,Very Low,2023,33740,22111,"Monroe, LA",33740,2023,260.6025,251.09250000000003,9.509999999999991
683,Louisiana,LA,Vermilion,22,22113,57317,44160081.73628321,89.85046134266625,Relatively Moderate,2023,29180,22113,"Lafayette, LA",29180,2023,266.715,267.03999999999996,-0.32499999999998863
686,Louisiana,LA,West Baton Rouge,22,22121,27101,9219438.85832931,62.233534839325486,Relatively Low,2023,12940,22121,"Baton Rouge, LA",12940,2023,311.7775,306.99125000000004,4.786249999999939
687,Louisiana,LA,West Feliciana,22,22125,15300,4585010.440684571,38.81641743557111,Very Low,2023,12940,22125,"Baton Rouge, LA",12940,2023,311.7775,306.99125000000004,4.786249999999939
688,Maine,ME,Androscoggin,23,23001,111105,10973288.574583428,67.26057906458797,Relatively Low,2023,30340,23001,"Lewiston-Auburn, ME",30340,2023,351.82,323.1175,28.702499999999986
689,Maine,ME,Cumberland,23,23005,302870,27118866.71720723,85.1097677378301,Relatively Moderate,2023,38860,23005,"Portland-South Portland, ME",38860,2023,445.8925,405.0725,40.81999999999999
691,Maine,ME,Penobscot,23,23019,152080,14147457.033583611,73.36939230034999,Relatively Low,2023,12620,23019,"Bangor, ME",12620,2023,324.615,292.1675,32.44749999999999
692,Maine,ME,Sagadahoc,23,23023,36681,3644324.961782175,30.25771555838371,Very Low,2023,38860,23023,"Portland-South Portland, ME",38860,2023,445.8925,405.0725,40.81999999999999
693,Maine,ME,York,23,23031,211925,25213767.131487638,83.61438116449253,Relatively Moderate,2023,38860,23031,"Portland-South Portland, ME",38860,2023,445.8925,405.0725,40.81999999999999
695,Maryland,MD,Anne Arundel,24,24003,587917,56625195.39143475,92.01399936366528,Relatively Moderate,2023,12580,24003,"Baltimore-Columbia-Towson, MD",12580,2023,320.7316666666667,303.1091666666667,17.622500000000002
696,Maryland,MD,Baltimore,24,24005,854450,102333782.50411797,95.195672923958,Relatively Moderate,2023,12580,24005,"Baltimore-Columbia-Towson, MD",12580,2023,320.7316666666667,303.1091666666667,17.622500000000002
697,Maryland,MD,Calvert,24,24009,92747,10861423.83061706,66.91059497295578,Relatively Low,2023,30500,24009,"Lexington Park, MD",30500,2023,282.1225,269.0875,13.035000000000025
698,Maryland,MD,Carroll,24,24013,172826,9459592.49886614,62.965319758192805,Relatively Low,2023,12580,24013,"Baltimore-Columbia-Towson, MD",12580,2023,320.7316666666667,303.1091666666667,17.622500000000002
703,Maryland,MD,Harford,24,24025,260746,23542285.60509504,82.62806236080178,Relatively Low,2023,12580,24025,"Baltimore-Columbia-Towson, MD",12580,2023,320.7316666666667,303.1091666666667,17.622500000000002
704,Maryland,MD,Howard,24,24027,332270,20432260.511443693,80.40089086859689,Relatively Low,2023,12580,24027,"Baltimore-Columbia-Towson, MD",12580,2023,320.7316666666667,303.1091666666667,17.622500000000002
707,Maryland,MD,Queen Anne's,24,24035,49839,14017721.037984414,73.17849188673242,Relatively Low,2023,12580,24035,"Baltimore-Columbia-Towson, MD",12580,2023,320.7316666666667,303.1091666666667,17.622500000000002
708,Maryland,MD,St. Mary's,24,24037,113699,22546666.11961699,81.9599109131403,Relatively Low,2023,30500,24037,"Lexington Park, MD",30500,2023,282.1225,269.0875,13.035000000000025
709,Maryland,MD,Somerset,24,24039,24620,17269232.13578731,77.09195036589246,Relatively Low,2023,41540,24039,"Salisbury, MD",41540,2023,282.9625,263.1175,19.84499999999997
711,Maryland,MD,Washington,24,24043,154643,11827705.893183712,69.61501749920458,Relatively Low,2023,25180,24043,"Hagerstown-Martinsburg, MD-WV",25180,2023,285.2175,269.7725,15.444999999999993
712,Maryland,MD,Wicomico,24,24045,103542,32376405.567013588,87.01877187400572,Relatively Moderate,2023,41540,24045,"Salisbury, MD",41540,2023,282.9625,263.1175,19.84499999999997
714,Maryland,MD,Baltimore,24,24510,585581,73503973.16175765,93.6684696150175,Relatively Moderate,2023,12580,24510,"Baltimore-Columbia-Towson, MD",12580,2023,320.7316666666667,303.1091666666667,17.622500000000002
715,Massachusetts,MA,Barnstable,25,25001,228870,30293386.138365533,86.31880369074133,Relatively Moderate,2023,12700,25001,"Barnstable Town, MA",12700,2023,501.3725,465.6925,35.68000000000001
716,Massachusetts,MA,Berkshire,25,25003,128939,8385421.420393206,59.49729557747375,Relatively Low,2023,38340,25003,"Pittsfield, MA",38340,2023,343.745,314.3525,29.392499999999984
717,Massachusetts,MA,Bristol,25,25005,578698,42686019.097889386,89.53229398663697,Relatively Moderate,2023,39300,25005,"Providence-Warwick, RI-MA",39300,2023,384.82750000000004,357.1366666666667,27.69083333333333
721,Massachusetts,MA,Hampden,25,25013,465327,25812039.8464479,84.0279987273306,Relatively Moderate,2023,44140,25013,"Springfield, MA",44140,2023,307.535,288.21500000000003,19.319999999999993
722,Massachusetts,MA,Hampshire,25,25015,162053,9602643.993001431,63.37893732103086,Relatively Low,2023,11200,25015,"Amherst Town-Northampton, MA",11200,2023,323.1275,301.1775,21.94999999999999
728,Massachusetts,MA,Worcester,25,25027,861566,63391621.44465055,92.68215081132676,Relatively Moderate,2023,49340,25027,"Worcester, MA",49340,2023,366.09375,343.01375,23.079999999999984
731,Michigan,MI,Barry,26,26015,62414,4690599.848719722,39.70728603245307,Very Low,2023,24340,26015,"Grand Rapids-Wyoming-Kentwood, MI",24340,2023,367.0825,342.52125,24.561249999999973
732,Michigan,MI,Bay,26,26017,103848,12465757.849169554,70.88768692332167,Relatively Low,2023,13020,26017,"Bay City, MI",13020,2023,242.315,226.965,15.349999999999994
733,Michigan,MI,Benzie,26,26019,17953,622165.0163188512,2.545338848234171,Very Low,2023,45900,26019,"Traverse City, MI",45900,2023,408.32,368.59749999999997,39.722500000000025
734,Michigan,MI,Berrien,26,26021,154234,10841239.2254998,66.84696150174993,Relatively Low,2023,35660,26021,"Niles, MI",35660,2023,299.5775,281.75,17.827499999999986
736,Michigan,MI,Calhoun,26,26025,134279,13591821.101465948,72.5739739102768,Relatively Low,2023,12980,26025,"Battle Creek, MI",12980,2023,269.505,252.1275,17.377499999999998
737,Michigan,MI,Cass,26,26027,51549,4210924.609635278,35.82564428889596,Very Low,2023,43780,26027,"South Bend-Mishawaka, IN-MI",43780,2023,286.35,262.16,24.189999999999998
739,Michigan,MI,Clinton,26,26037,79047,10066056.194736227,64.55615653833917,Relatively Low,2023,29620,26037,"Lansing-East Lansing, MI",29620,2023,247.88,232.7025,15.177500000000009
742,Michigan,MI,Eaton,26,26045,109033,9841412.403961524,63.95163856188355,Relatively Low,2023,29620,26045,"Lansing-East Lansing, MI",29620,2023,247.88,232.7025,15.177500000000009
744,Michigan,MI,Genesee,26,26049,406019,40926561.14159491,89.27776010181356,Relatively Moderate,2023,22420,26049,"Flint, MI",22420,2023,241.415,228.4075,13.007499999999993
745,Michigan,MI,Grand Traverse,26,26055,95178,4649915.046685984,39.3891186764238,Very Low,2023,45900,26055,"Traverse City, MI",45900,2023,408.32,368.59749999999997,39.722500000000025
749,Michigan,MI,Ingham,26,26065,284838,24062128.337746102,82.94622971683106,Relatively Moderate,2023,29620,26065,"Lansing-East Lansing, MI",29620,2023,247.88,232.7025,15.177500000000009
750,Michigan,MI,Ionia,26,26067,66764,7842009.573582104,57.71555838370983,Relatively Low,2023,24340,26067,"Grand Rapids-Wyoming-Kentwood, MI",24340,2023,367.0825,342.52125,24.561249999999973
752,Michigan,MI,Jackson,26,26075,160309,14487643.676866911,73.94209354120267,Relatively Low,2023,27100,26075,"Jackson, MI",27100,2023,264.805,255.235,9.569999999999993
753,Michigan,MI,Kalamazoo,26,26077,261632,20672249.469755244,80.55997454661151,Relatively Low,2023,28020,26077,"Kalamazoo-Portage, MI",28020,2023,277.4875,264.1775,13.310000000000002
754,Michigan,MI,Kalkaska,26,26079,17909,1482358.1287813438,8.749602290804964,Very Low,2023,45900,26079,"Traverse City, MI",45900,2023,408.32,368.59749999999997,39.722500000000025
755,Michigan,MI,Kent,26,26081,657870,38299968.53799583,88.67324212535796,Relatively Moderate,2023,24340,26081,"Grand Rapids-Wyoming-Kentwood, MI",24340,2023,367.0825,342.52125,24.561249999999973
758,Michigan,MI,Leelanau,26,26089,22255,839176.9754870734,3.881641743557111,Very Low,2023,45900,26089,"Traverse City, MI",45900,2023,408.32,368.59749999999997,39.722500000000025
766,Michigan,MI,Midland,26,26111,83456,10184711.672440723,64.90614062997136,Relatively Low,2023,33220,26111,"Midland, MI",33220,2023,237.37,220.145,17.224999999999994
768,Michigan,MI,Monroe,26,26115,154767,13718046.512091825,72.73305758829144,Relatively Low,2023,33780,26115,"Monroe, MI",33780,2023,239.63,228.4375,11.192499999999995
769,Michigan,MI,Montcalm,26,26117,66606,9593537.651022399,63.34712058542793,Relatively Low,2023,24340,26117,"Grand Rapids-Wyoming-Kentwood, MI",24340,2023,367.0825,342.52125,24.561249999999973
770,Michigan,MI,Muskegon,26,26121,175775,8689498.505141446,60.51543111676742,Relatively Low,2023,34740,26121,"Muskegon-Norton Shores, MI",34740,2023,326.6825,296.2975,30.38499999999999
772,Michigan,MI,Ottawa,26,26139,296165,18405660.26719269,78.26916958320076,Relatively Low,2023,24340,26139,"Grand Rapids-Wyoming-Kentwood, MI",24340,2023,367.0825,342.52125,24.561249999999973
773,Michigan,MI,Saginaw,26,26145,190067,19046358.66613499,79.03277123767101,Relatively Low,2023,40980,26145,"Saginaw, MI",40980,2023,229.5525,211.64499999999998,17.907500000000027
777,Michigan,MI,Washtenaw,26,26161,372064,26827085.660539784,84.82341711740375,Relatively Moderate,2023,11460,26161,"Ann Arbor, MI",11460,2023,293.875,278.125,15.75
780,Minnesota,MN,Anoka,27,27003,363857,44800241.91792915,89.97772828507796,Relatively Moderate,2023,33460,27003,"Minneapolis-St. Paul-Bloomington, MN-WI",33460,2023,378.17,367.955,10.215000000000032
783,Minnesota,MN,Benton,27,27009,41368,7207406.806510868,55.29748647788737,Relatively Low,2023,41060,27009,"St. Cloud, MN",41060,2023,322.2975,302.45,19.847500000000025
784,Minnesota,MN,Blue Earth,27,27013,69073,11253669.85008614,68.05599745466115,Relatively Low,2023,31860,27013,"Mankato, MN",31860,2023,306.56,291.2675,15.292500000000018
786,Minnesota,MN,Carlton,27,27017,36175,3463501.700320866,28.66687877823735,Very Low,2023,20260,27017,"Duluth, MN-WI",20260,2023,383.555,356.195,27.360000000000014
787,Minnesota,MN,Carver,27,27019,106922,15083828.788313068,74.64206172446707,Relatively Low,2023,33460,27019,"Minneapolis-St. Paul-Bloomington, MN-WI",33460,2023,378.17,367.955,10.215000000000032
789,Minnesota,MN,Chisago,27,27025,56591,9277946.336867036,62.392618517340125,Relatively Low,2023,33460,27025,"Minneapolis-St. Paul-Bloomington, MN-WI",33460,2023,378.17,367.955,10.215000000000032
790,Minnesota,MN,Clay,27,27027,65291,8100509.022911502,58.670060451797646,Relatively Low,2023,22020,27027,"Fargo, ND-MN",22020,2023,320.7275,307.21,13.517500000000041
792,Minnesota,MN,Dakota,27,27037,439810,63004804.034131065,92.6185173401209,Relatively Moderate,2023,33460,27037,"Minneapolis-St. Paul-Bloomington, MN-WI",33460,2023,378.17,367.955,10.215000000000032
793,Minnesota,MN,Dodge,27,27039,20867,3640177.0097173504,30.194082087177858,Very Low,2023,40340,27039,"Rochester, MN",40340,2023,316.7675,305.67,11.097499999999968
795,Minnesota,MN,Fillmore,27,27045,21197,5528368.171047592,45.65701559020045,Very Low,2023,40340,27045,"Rochester, MN",40340,2023,316.7675,305.67,11.097499999999968
798,Minnesota,MN,Hennepin,27,27053,1281172,110591065.21072885,95.57747375119312,Relatively High,2023,33460,27053,"Minneapolis-St. Paul-Bloomington, MN-WI",33460,2023,378.17,367.955,10.215000000000032
799,Minnesota,MN,Houston,27,27055,18807,4052116.270043464,34.36207445116131,Very Low,2023,29100,27055,"La Crosse-Onalaska, WI-MN",29100,2023,342.1325,317.5025,24.629999999999995
800,Minnesota,MN,Isanti,27,27059,41125,5323896.987374331,44.097995545657014,Very Low,2023,33460,27059,"Minneapolis-St. Paul-Bloomington, MN-WI",33460,2023,378.17,367.955,10.215000000000032
803,Minnesota,MN,Le Sueur,27,27079,28651,3866580.8059969824,32.516703786191535,Very Low,2023,33460,27079,"Minneapolis-St. Paul-Bloomington, MN-WI",33460,2023,378.17,367.955,10.215000000000032
807,Minnesota,MN,Mille Lacs,27,27095,26388,2609889.199983381,19.56729239580019,Very Low,2023,33460,27095,"Minneapolis-St. Paul-Bloomington, MN-WI",33460,2023,378.17,367.955,10.215000000000032
809,Minnesota,MN,Nicollet,27,27103,34438,6616294.229521078,52.11581291759465,Relatively Low,2023,31860,27103,"Mankato, MN",31860,2023,306.56,291.2675,15.292500000000018
811,Minnesota,MN,Olmsted,27,27109,162489,20583907.555965487,80.4327076041998,Relatively Low,2023,40340,27109,"Rochester, MN",40340,2023,316.7675,305.67,11.097499999999968
813,Minnesota,MN,Polk,27,27119,31153,8586434.265984934,60.260897231944,Relatively Low,2023,24220,27119,"Grand Forks, ND-MN",24220,2023,297.8275,294.185,3.642499999999984
814,Minnesota,MN,Ramsey,27,27123,552246,57190374.07655153,92.10944957047407,Relatively Moderate,2023,33460,27123,"Minneapolis-St. Paul-Bloomington, MN-WI",33460,2023,378.17,367.955,10.215000000000032
816,Minnesota,MN,Rock,27,27133,9704,3538330.5062994356,29.335030225898823,Very Low,2023,43620,27133,"Sioux Falls, SD-MN",43620,2023,339.71,320.0525,19.65749999999997
817,Minnesota,MN,St. Louis,27,27137,200067,10743162.561363852,66.52879414572065,Relatively Low,2023,20260,27137,"Duluth, MN-WI",20260,2023,383.555,356.195,27.360000000000014
818,Minnesota,MN,Scott,27,27139,150902,24222142.743317857,83.04167992363983,Relatively Moderate,2023,33460,27139,"Minneapolis-St. Paul-Bloomington, MN-WI",33460,2023,378.17,367.955,10.215000000000032
819,Minnesota,MN,Sherburne,27,27141,97144,10041155.601478836,64.4925230671333,Relatively Low,2023,33460,27141,"Minneapolis-St. Paul-Bloomington, MN-WI",33460,2023,378.17,367.955,10.215000000000032
820,Minnesota,MN,Stearns,27,27145,158160,21636981.364820138,81.10085905186128,Relatively Low,2023,41060,27145,"St. Cloud, MN",41060,2023,322.2975,302.45,19.847500000000025
822,Minnesota,MN,Wabasha,27,27157,21380,6130596.003053482,49.02958956411072,Relatively Low,2023,40340,27157,"Rochester, MN",40340,2023,316.7675,305.67,11.097499999999968
823,Minnesota,MN,Washington,27,27163,267506,31556453.31849701,86.76423798918232,Relatively Moderate,2023,33460,27163,"Minneapolis-St. Paul-Bloomington, MN-WI",33460,2023,378.17,367.955,10.215000000000032
826,Minnesota,MN,Wright,27,27171,141326,20068530.736538567,79.92363983455297,Relatively Low,2023,33460,27171,"Minneapolis-St. Paul-Bloomington, MN-WI",33460,2023,378.17,367.955,10.215000000000032
829,Mississippi,MS,Benton,28,28009,7620,2343011.9647838403,16.862869869551382,Very Low,2023,32820,28009,"Memphis, TN-MS-AR",32820,2023,290.70625,281.59125,9.115000000000009
834,Mississippi,MS,Copiah,28,28029,28350,9506050.41499568,63.092586700604514,Relatively Low,2023,27140,28029,"Jackson, MS",27140,2023,229.3775,221.22,8.157499999999999
835,Mississippi,MS,DeSoto,28,28033,185280,48589622.818165846,90.83678014635699,Relatively Moderate,2023,32820,28033,"Memphis, TN-MS-AR",32820,2023,290.70625,281.59125,9.115000000000009
836,Mississippi,MS,Forrest,28,28035,78050,30660958.149274353,86.54152083996182,Relatively Moderate,2023,25620,28035,"Hattiesburg, MS",25620,2023,276.3675,266.145,10.222500000000025
838,Mississippi,MS,Hancock,28,28045,46025,35575019.54997596,88.06872414890232,Relatively Moderate,2023,25060,28045,"Gulfport-Biloxi, MS",25060,2023,291.78999999999996,274.5925,17.19749999999999
839,Mississippi,MS,Harrison,28,28047,208275,168790837.3805708,97.2001272669424,Relatively High,2023,25060,28047,"Gulfport-Biloxi, MS",25060,2023,291.78999999999996,274.5925,17.19749999999999
840,Mississippi,MS,Hinds,28,28049,227510,62776991.07722658,92.55488386891504,Relatively Moderate,2023,27140,28049,"Jackson, MS",27140,2023,229.3775,221.22,8.157499999999999
841,Mississippi,MS,Holmes,28,28051,16992,8924135.388904475,61.215399300031805,Relatively Low,2023,27140,28051,"Jackson, MS",27140,2023,229.3775,221.22,8.157499999999999
843,Mississippi,MS,Jackson,28,28059,143149,123244996.11350672,95.99109131403118,Relatively High,2023,25060,28059,"Gulfport-Biloxi, MS",25060,2023,291.78999999999996,274.5925,17.19749999999999
848,Mississippi,MS,Lamar,28,28073,64179,17462156.898267925,77.31466751511294,Relatively Low,2023,25620,28073,"Hattiesburg, MS",25620,2023,276.3675,266.145,10.222500000000025
854,Mississippi,MS,Madison,28,28089,108943,24301086.4848252,83.1053133948457,Relatively Moderate,2023,27140,28089,"Jackson, MS",27140,2023,229.3775,221.22,8.157499999999999
855,Mississippi,MS,Marshall,28,28093,33484,13545260.709408319,72.54215717467389,Relatively Low,2023,32820,28093,"Memphis, TN-MS-AR",32820,2023,290.70625,281.59125,9.115000000000009
860,Mississippi,MS,Perry,28,28111,11482,6153354.692445412,49.18867324212536,Relatively Low,2023,25620,28111,"Hattiesburg, MS",25620,2023,276.3675,266.145,10.222500000000025
863,Mississippi,MS,Rankin,28,28121,153271,27497790.70064617,85.39611835825644,Relatively Moderate,2023,27140,28121,"Jackson, MS",27140,2023,229.3775,221.22,8.157499999999999
864,Mississippi,MS,Scott,28,28123,27923,12774319.076560184,71.65128857779192,Relatively Low,2023,27140,28123,"Jackson, MS",27140,2023,229.3775,221.22,8.157499999999999
865,Mississippi,MS,Simpson,28,28127,25913,7116652.473512344,54.75660197263761,Relatively Low,2023,27140,28127,"Jackson, MS",27140,2023,229.3775,221.22,8.157499999999999
866,Mississippi,MS,Stone,28,28131,18312,23331811.21409357,82.53261215399299,Relatively Low,2023,25060,28131,"Gulfport-Biloxi, MS",25060,2023,291.78999999999996,274.5925,17.19749999999999
867,Mississippi,MS,Tate,28,28137,28022,9271179.536958419,62.26535157492841,Relatively Low,2023,32820,28137,"Memphis, TN-MS-AR",32820,2023,290.70625,281.59125,9.115000000000009
868,Mississippi,MS,Tunica,28,28143,9775,10058604.266826827,64.52433980273624,Relatively Low,2023,32820,28143,"Memphis, TN-MS-AR",32820,2023,290.70625,281.59125,9.115000000000009
874,Mississippi,MS,Yazoo,28,28163,26703,12874746.473492792,71.71492204899778,Relatively Low,2023,27140,28163,"Jackson, MS",27140,2023,229.3775,221.22,8.157499999999999
876,Missouri,MO,Andrew,29,29003,18084,6257243.064809583,49.79319121858098,Relatively Low,2023,41140,29003,"St. Joseph, MO-KS",41140,2023,288.07,267.5425,20.527499999999975
878,Missouri,MO,Bates,29,29013,16006,5121591.228640925,43.11167674196628,Very Low,2023,28140,29013,"Kansas City, MO-KS",28140,2023,376.66499999999996,351.9166666666667,24.748333333333278
879,Missouri,MO,Bollinger,29,29017,10557,6737816.826440951,52.78396436525612,Relatively Low,2023,16020,29017,"Cape Girardeau, MO-IL",16020,2023,246.11,235.3125,10.797500000000014
880,Missouri,MO,Boone,29,29019,183385,31640141.648014087,86.82787146038817,Relatively Moderate,2023,17860,29019,"Columbia, MO",17860,2023,276.9725,257.0475,19.92500000000001
881,Missouri,MO,Buchanan,29,29021,84731,11713186.05049983,69.3923003499841,Relatively Low,2023,41140,29021,"St. Joseph, MO-KS",41140,2023,288.07,267.5425,20.527499999999975
883,Missouri,MO,Caldwell,29,29025,8773,1510165.4515493675,9.067769646834236,Very Low,2023,28140,29025,"Kansas City, MO-KS",28140,2023,376.66499999999996,351.9166666666667,24.748333333333278
884,Missouri,MO,Callaway,29,29027,44176,8709584.279817114,60.674514794782056,Relatively Low,2023,27620,29027,"Jefferson City, MO",27620,2023,283.23249999999996,258.025,25.207499999999982
885,Missouri,MO,Cape Girardeau,29,29031,81676,33162070.26745191,87.33693923003501,Relatively Moderate,2023,16020,29031,"Cape Girardeau, MO-IL",16020,2023,246.11,235.3125,10.797500000000014
886,Missouri,MO,Cass,29,29037,107719,16559301.791347476,76.2328985046134,Relatively Low,2023,28140,29037,"Kansas City, MO-KS",28140,2023,376.66499999999996,351.9166666666667,24.748333333333278
887,Missouri,MO,Christian,29,29043,88779,13175833.039954033,72.06490614062997,Relatively Low,2023,44180,29043,"Springfield, MO",44180,2023,282.395,265.095,17.299999999999955
888,Missouri,MO,Clay,29,29047,252904,31880349.11633291,86.89150493159403,Relatively Moderate,2023,28140,29047,"Kansas City, MO-KS",28140,2023,376.66499999999996,351.9166666666667,24.748333333333278
889,Missouri,MO,Clinton,29,29049,21165,7417468.989345453,56.22017181037226,Relatively Low,2023,28140,29049,"Kansas City, MO-KS",28140,2023,376.66499999999996,351.9166666666667,24.748333333333278
890,Missouri,MO,Cole,29,29051,76989,15058909.820741525,74.61024498886414,Relatively Low,2023,27620,29051,"Jefferson City, MO",27620,2023,283.23249999999996,258.025,25.207499999999982
891,Missouri,MO,Cooper,29,29053,17086,5468911.658631365,45.11613108495068,Very Low,2023,17860,29053,"Columbia, MO",17860,2023,276.9725,257.0475,19.92500000000001
892,Missouri,MO,Dallas,29,29059,17058,6549589.617855364,51.67037861915368,Relatively Low,2023,44180,29059,"Springfield, MO",44180,2023,282.395,265.095,17.299999999999955
893,Missouri,MO,DeKalb,29,29063,10966,3738910.570894344,31.307667833280306,Very Low,2023,41140,29063,"St. Joseph, MO-KS",41140,2023,288.07,267.5425,20.527499999999975
895,Missouri,MO,Franklin,29,29071,104457,22142375.582295135,81.64174355711104,Relatively Low,2023,41180,29071,"St. Louis, MO-IL",41180,2023,300.86583333333334,283.19916666666666,17.666666666666686
896,Missouri,MO,Greene,29,29077,298522,52517913.492548876,91.40948138720967,Relatively Moderate,2023,44180,29077,"Springfield, MO",44180,2023,282.395,265.095,17.299999999999955
897,Missouri,MO,Howard,29,29089,10117,3429025.193980561,28.412344893413938,Very Low,2023,17860,29089,"Columbia, MO",17860,2023,276.9725,257.0475,19.92500000000001
899,Missouri,MO,Jackson,29,29095,716764,110865145.3389694,95.60929048679604,Relatively High,2023,28140,29095,"Kansas City, MO-KS",28140,2023,376.66499999999996,351.9166666666667,24.748333333333278
900,Missouri,MO,Jasper,29,29097,122722,26715949.07149907,84.69615017499204,Relatively Moderate,2023,27900,29097,"Joplin, MO-KS",27900,2023,277.0375,258.925,18.11250000000001
901,Missouri,MO,Jefferson,29,29099,226703,32836097.577601176,87.20967228762329,Relatively Moderate,2023,41180,29099,"St. Louis, MO-IL",41180,2023,300.86583333333334,283.19916666666666,17.666666666666686
904,Missouri,MO,Lafayette,29,29107,32921,5723943.858488225,46.83423480750875,Very Low,2023,28140,29107,"Kansas City, MO-KS",28140,2023,376.66499999999996,351.9166666666667,24.748333333333278
906,Missouri,MO,Lincoln,29,29113,59458,13983385.045122229,73.11485841552656,Relatively Low,2023,41180,29113,"St. Louis, MO-IL",41180,2023,300.86583333333334,283.19916666666666,17.666666666666686
909,Missouri,MO,Moniteau,29,29135,15418,5015560.326534192,42.125357938275535,Very Low,2023,27620,29135,"Jefferson City, MO",27620,2023,283.23249999999996,258.025,25.207499999999982
910,Missouri,MO,Newton,29,29145,58493,22335279.178581625,81.80082723512567,Relatively Low,2023,27900,29145,"Joplin, MO-KS",27900,2023,277.0375,258.925,18.11250000000001
912,Missouri,MO,Osage,29,29151,13248,3550977.0138034937,29.494113903913465,Very Low,2023,27620,29151,"Jefferson City, MO",27620,2023,283.23249999999996,258.025,25.207499999999982
915,Missouri,MO,Platte,29,29165,106489,15009481.632629234,74.48297804645243,Relatively Low,2023,28140,29165,"Kansas City, MO-KS",28140,2023,376.66499999999996,351.9166666666667,24.748333333333278
916,Missouri,MO,Polk,29,29167,31462,9822779.847297689,63.82437161947184,Relatively Low,2023,44180,29167,"Springfield, MO",44180,2023,282.395,265.095,17.299999999999955
920,Missouri,MO,Ray,29,29177,23141,3628277.9976237686,30.066815144766142,Very Low,2023,28140,29177,"Kansas City, MO-KS",28140,2023,376.66499999999996,351.9166666666667,24.748333333333278
921,Missouri,MO,St. Charles,29,29183,405183,66310992.33607879,93.00031816735603,Relatively Moderate,2023,41180,29183,"St. Louis, MO-IL",41180,2023,300.86583333333334,283.19916666666666,17.666666666666686
923,Missouri,MO,St. Louis,29,29189,1003734,299182703.3140678,98.53643016226535,Relatively High,2023,41180,29189,"St. Louis, MO-IL",41180,2023,300.86583333333334,283.19916666666666,17.666666666666686
928,Missouri,MO,Warren,29,29219,35446,10180541.735026866,64.87432389436843,Relatively Low,2023,41180,29219,"St. Louis, MO-IL",41180,2023,300.86583333333334,283.19916666666666,17.666666666666686
929,Missouri,MO,Webster,29,29225,39068,10625346.688802091,66.27426026089724,Relatively Low,2023,44180,29225,"Springfield, MO",44180,2023,282.395,265.095,17.299999999999955
930,Missouri,MO,St. Louis,29,29510,301414,104015251.31058761,95.35475660197265,Relatively Moderate,2023,41180,29510,"St. Louis, MO-IL",41180,2023,300.86583333333334,283.19916666666666,17.666666666666686
931,Montana,MT,Broadwater,30,30007,6753,1026436.1588290166,5.472478523703468,Very Low,2023,25740,30007,"Helena, MT",25740,2023,440.76750000000004,414.5,26.26750000000004
932,Montana,MT,Carbon,30,30009,10455,3144128.4237971124,25.10340439070951,Very Low,2023,13740,30009,"Billings, MT",13740,2023,384.1275,368.865,15.262499999999989
933,Montana,MT,Cascade,30,30013,84327,7340254.994238266,55.77473751193127,Relatively Low,2023,24500,30013,"Great Falls, MT",24500,2023,369.5575,334.2425,35.315
935,Montana,MT,Gallatin,30,30031,118825,11864144.518898671,69.77410117721922,Relatively Low,2023,14580,30031,"Bozeman, MT",14580,2023,588.845,564.78,24.065000000000055
936,Montana,MT,Jefferson,30,30043,12032,1839814.930177912,12.153993000318168,Very Low,2023,25740,30043,"Helena, MT",25740,2023,440.76750000000004,414.5,26.26750000000004
937,Montana,MT,Lewis and Clark,30,30049,70922,6490168.063969759,51.16131084950683,Relatively Low,2023,25740,30049,"Helena, MT",25740,2023,440.76750000000004,414.5,26.26750000000004
938,Montana,MT,Mineral,30,30061,4516,1497917.682694668,8.908685968819599,Very Low,2023,33540,30061,"Missoula, MT",33540,2023,493.23,468.0625,25.167500000000018
939,Montana,MT,Missoula,30,30063,117719,18188737.71795996,78.01463569837735,Relatively Low,2023,33540,30063,"Missoula, MT",33540,2023,493.23,468.0625,25.167500000000018
941,Montana,MT,Stillwater,30,30095,8936,2148431.2835640335,15.272033089405026,Very Low,2023,13740,30095,"Billings, MT",13740,2023,384.1275,368.865,15.262499999999989
942,Montana,MT,Yellowstone,30,30111,164624,8247424.005800792,59.115494750238625,Relatively Low,2023,13740,30111,"Billings, MT",13740,2023,384.1275,368.865,15.262499999999989
946,Nebraska,NE,Cass,31,31025,26592,4998945.482611712,41.998090995863826,Very Low,2023,36540,31025,"Omaha, NE-IA",36540,2023,352.9225,328.565,24.357500000000016
949,Nebraska,NE,Dakota,31,31043,21545,7657184.9096961245,56.98377346484249,Relatively Low,2023,43580,31043,"Sioux City, IA-NE-SD",43580,2023,294.88,277.6925,17.1875
952,Nebraska,NE,Douglas,31,31055,584427,111989820.71762411,95.67292395800192,Relatively High,2023,36540,31055,"Omaha, NE-IA",36540,2023,352.9225,328.565,24.357500000000016
955,Nebraska,NE,Hall,31,31079,62826,26215219.8979942,84.282532612154,Relatively Moderate,2023,24260,31079,"Grand Island, NE",24260,2023,317.345,297.275,20.07000000000005
956,Nebraska,NE,Howard,31,31093,6475,6629493.713292631,52.14762965319758,Relatively Low,2023,24260,31093,"Grand Island, NE",24260,2023,317.345,297.275,20.07000000000005
958,Nebraska,NE,Lancaster,31,31109,322200,64553956.62114727,92.80941775373849,Relatively Moderate,2023,30700,31109,"Lincoln, NE",30700,2023,304.0275,283.1575,20.869999999999948
962,Nebraska,NE,Merrick,31,31121,7660,8290431.010500877,59.30639516385619,Relatively Low,2023,24260,31121,"Grand Island, NE",24260,2023,317.345,297.275,20.07000000000005
965,Nebraska,NE,Sarpy,31,31153,190379,36121518.80219347,88.1641743557111,Relatively Moderate,2023,36540,31153,"Omaha, NE-IA",36540,2023,352.9225,328.565,24.357500000000016
966,Nebraska,NE,Saunders,31,31155,22262,6300467.356984702,50.11135857461024,Relatively Low,2023,36540,31155,"Omaha, NE-IA",36540,2023,352.9225,328.565,24.357500000000016
968,Nebraska,NE,Seward,31,31159,17577,7908885.383880657,58.09735921094495,Relatively Low,2023,30700,31159,"Lincoln, NE",30700,2023,304.0275,283.1575,20.869999999999948
970,Nebraska,NE,Washington,31,31177,20857,7010644.235019717,54.24753420299078,Relatively Low,2023,36540,31177,"Omaha, NE-IA",36540,2023,352.9225,328.565,24.357500000000016
973,Nevada,NV,Clark,32,32003,2260510,439629071.2151524,99.3000318167356,Relatively High,2023,29820,32003,"Las Vegas-Henderson-North Las Vegas, NV",29820,2023,361.2916666666667,362.4591666666667,-1.1675000000000182
978,Nevada,NV,Lyon,32,32019,59117,34741159.904772334,87.84600699968183,Relatively Moderate,2023,39900,32019,"Reno, NV",39900,2023,370.88,373.96000000000004,-3.080000000000041
980,Nevada,NV,Storey,32,32029,4104,8068745.022170577,58.638243716194715,Relatively Low,2023,39900,32029,"Reno, NV",39900,2023,370.88,373.96000000000004,-3.080000000000041
981,Nevada,NV,Washoe,32,32031,486264,306403575.31919295,98.63188036907412,Relatively High,2023,39900,32031,"Reno, NV",39900,2023,370.88,373.96000000000004,-3.080000000000041
982,Nevada,NV,Carson City,32,32510,58597,47568288.7656656,90.55042952593065,Relatively Moderate,2023,16180,32510,"Carson City, NV",16180,2023,359.43,362.51,-3.079999999999984
986,New Hampshire,NH,Hillsborough,33,33011,422867,37905329.77227119,88.57779191854915,Relatively Moderate,2023,31700,33011,"Manchester-Nashua, NH",31700,2023,407.48749999999995,377.445,30.04249999999996
991,New Jersey,NJ,Atlantic,34,34001,274261,159605739.7133124,96.94559338211901,Relatively High,2023,12100,34001,"Atlantic City-Hammonton, NJ",12100,2023,392.14750000000004,354.695,37.45250000000004
995,New Jersey,NJ,Cape May,34,34009,95244,96048247.21447876,95.00477251034044,Relatively Moderate,2023,12100,34009,"Atlantic City-Hammonton, NJ",12100,2023,392.14750000000004,354.695,37.45250000000004
996,New Jersey,NJ,Cumberland,34,34011,154088,55475080.28400712,91.82309895004772,Relatively Moderate,2023,47220,34011,"Vineland, NJ",47220,2023,280.96,256.4025,24.557500000000005
1001,New Jersey,NJ,Mercer,34,34021,386483,66318951.3115666,93.03213490295897,Relatively Moderate,2023,45940,34021,"Trenton-Princeton, NJ",45940,2023,306.61,276.0225,30.587500000000034
1011,New Jersey,NJ,Warren,34,34041,109580,15820027.10218198,75.31021317212854,Relatively Low,2023,10900,34041,"Allentown-Bethlehem-Easton, PA-NJ",10900,2023,290.12125,268.49,21.631249999999966
1012,New Mexico,NM,Bernalillo,35,35001,675855,42575602.60841444,89.46866051543113,Relatively Moderate,2023,10740,35001,"Albuquerque, NM",10740,2023,328.82375,308.3725,20.451250000000016
1015,New Mexico,NM,Doña Ana,35,35013,218940,34440986.62703717,87.62328985046133,Relatively Moderate,2023,29740,35013,"Las Cruces, NM",29740,2023,276.3525,256.1,20.252499999999998
1027,New Mexico,NM,Sandoval,35,35043,148310,18915356.733064137,78.93732103086222,Relatively Low,2023,10740,35043,"Albuquerque, NM",10740,2023,328.82375,308.3725,20.451250000000016
1028,New Mexico,NM,San Juan,35,35045,121421,11879868.819190975,69.80591791282215,Relatively Low,2023,22140,35045,"Farmington, NM",22140,2023,284.65250000000003,265.77750000000003,18.875
1030,New Mexico,NM,Santa Fe,35,35049,154509,21864433.403513588,81.19630925867007,Relatively Low,2023,42140,35049,"Santa Fe, NM",42140,2023,311.835,295.55,16.284999999999968
1032,New Mexico,NM,Torrance,35,35057,15008,3660833.175928443,30.544066178810052,Very Low,2023,10740,35057,"Albuquerque, NM",10740,2023,328.82375,308.3725,20.451250000000016
1033,New Mexico,NM,Valencia,35,35061,75987,14287864.790881684,73.6239261851734,Relatively Low,2023,10740,35061,"Albuquerque, NM",10740,2023,328.82375,308.3725,20.451250000000016
1034,New York,NY,Albany,36,36001,314684,15922404.264625495,75.50111358574611,Relatively Low,2023,10580,36001,"Albany-Schenectady-Troy, NY",10580,2023,290.89875,268.01,22.888750000000016
1036,New York,NY,Broome,36,36007,198638,24663822.141191233,83.29621380846325,Relatively Moderate,2023,13780,36007,"Binghamton, NY",13780,2023,255.10750000000002,237.7425,17.36500000000001
1040,New York,NY,Chemung,36,36015,84135,6010169.655452978,48.58415526566974,Relatively Low,2023,21300,36015,"Elmira, NY",21300,2023,230.86,224.1825,6.677500000000009
1044,New York,NY,Dutchess,36,36027,295788,17168094.51320036,76.93286668787782,Relatively Low,2023,28880,36027,"Kiryas Joel-Poughkeepsie-Newburgh, NY",28880,2023,327.83000000000004,306.69,21.140000000000043
1045,New York,NY,Erie,36,36029,954005,27472768.05150816,85.36430162265351,Relatively Moderate,2023,15380,36029,"Buffalo-Cheektowaga, NY",15380,2023,313.90999999999997,293.58125,20.328749999999957
1048,New York,NY,Herkimer,36,36043,60103,4094753.097078426,34.74387527839644,Very Low,2023,46540,36043,"Utica-Rome, NY",46540,2023,288.93,271.65,17.28000000000003
1049,New York,NY,Jefferson,36,36045,116438,4827881.985080348,40.82087177855552,Very Low,2023,48060,36045,"Watertown-Fort Drum, NY",48060,2023,282.37,273.8925,8.47750000000002
1051,New York,NY,Livingston,36,36051,61807,4193296.033030242,35.53929366846961,Very Low,2023,40380,36051,"Rochester, NY",40380,2023,262.5425,237.5325,25.01000000000002
1052,New York,NY,Madison,36,36053,68007,4016545.13693084,34.04390709513204,Very Low,2023,45060,36053,"Syracuse, NY",45060,2023,273.02750000000003,246.2825,26.745000000000033
1053,New York,NY,Monroe,36,36055,758349,14611826.200367007,74.16481069042317,Relatively Low,2023,40380,36055,"Rochester, NY",40380,2023,262.5425,237.5325,25.01000000000002
1057,New York,NY,Niagara,36,36063,212642,5578857.5651983,45.975182946229715,Very Low,2023,15380,36063,"Buffalo-Cheektowaga, NY",15380,2023,313.90999999999997,293.58125,20.328749999999957
1058,New York,NY,Oneida,36,36065,232037,13174686.340349408,72.03308940502704,Relatively Low,2023,46540,36065,"Utica-Rome, NY",46540,2023,288.93,271.65,17.28000000000003
1059,New York,NY,Onondaga,36,36067,476419,16945600.079687152,76.61469933184856,Relatively Low,2023,45060,36067,"Syracuse, NY",45060,2023,273.02750000000003,246.2825,26.745000000000033
1060,New York,NY,Ontario,36,36069,112342,5609612.138602231,46.22971683105314,Very Low,2023,40380,36069,"Rochester, NY",40380,2023,262.5425,237.5325,25.01000000000002
1061,New York,NY,Orange,36,36071,401096,27252865.220151614,85.20521794463887,Relatively Moderate,2023,28880,36071,"Kiryas Joel-Poughkeepsie-Newburgh, NY",28880,2023,327.83000000000004,306.69,21.140000000000043
1062,New York,NY,Orleans,36,36073,40286,1402454.0288418126,7.922367165128858,Very Low,2023,40380,36073,"Rochester, NY",40380,2023,262.5425,237.5325,25.01000000000002
1063,New York,NY,Oswego,36,36075,117511,3465716.010002293,28.73051224944321,Very Low,2023,45060,36075,"Syracuse, NY",45060,2023,273.02750000000003,246.2825,26.745000000000033
1067,New York,NY,Rensselaer,36,36083,161042,11387616.274466416,68.43779828189628,Relatively Low,2023,10580,36083,"Albany-Schenectady-Troy, NY",10580,2023,290.89875,268.01,22.888750000000016
1071,New York,NY,Saratoga,36,36091,235391,11442650.52556947,68.72414890232263,Relatively Low,2023,10580,36091,"Albany-Schenectady-Troy, NY",10580,2023,290.89875,268.01,22.888750000000016
1072,New York,NY,Schenectady,36,36093,158055,6971701.608273542,53.96118358256443,Relatively Low,2023,10580,36093,"Albany-Schenectady-Troy, NY",10580,2023,290.89875,268.01,22.888750000000016
1073,New York,NY,Schoharie,36,36095,29687,4936905.806399491,41.55265669742285,Very Low,2023,10580,36095,"Albany-Schenectady-Troy, NY",10580,2023,290.89875,268.01,22.888750000000016
1078,New York,NY,Tioga,36,36107,48430,14578636.415374463,74.1011772192173,Relatively Low,2023,13780,36107,"Binghamton, NY",13780,2023,255.10750000000002,237.7425,17.36500000000001
1079,New York,NY,Tompkins,36,36109,105483,5825981.298891469,47.375119312758514,Very Low,2023,27060,36109,"Ithaca, NY",27060,2023,325.395,295.99,29.404999999999973
1080,New York,NY,Ulster,36,36111,181692,22885051.0181636,82.18262806236078,Relatively Low,2023,28740,36111,"Kingston, NY",28740,2023,419.5725,395.4575,24.11500000000001
1081,New York,NY,Warren,36,36113,65709,4838387.060684173,40.97995545657015,Very Low,2023,24020,36113,"Glens Falls, NY",24020,2023,304.98,282.03,22.950000000000045
1082,New York,NY,Washington,36,36115,61263,4468281.090953246,37.92554883868915,Very Low,2023,24020,36115,"Glens Falls, NY",24020,2023,304.98,282.03,22.950000000000045
1083,New York,NY,Wayne,36,36117,91116,3713245.634272596,30.989500477251035,Very Low,2023,40380,36117,"Rochester, NY",40380,2023,262.5425,237.5325,25.01000000000002
1085,North Carolina,NC,Alamance,37,37001,171316,14969158.706222994,74.45116131084951,Relatively Low,2023,15500,37001,"Burlington, NC",15500,2023,272.5775,253.1325,19.444999999999993
1086,North Carolina,NC,Alexander,37,37003,36437,4110024.87423546,34.90295895641108,Very Low,2023,25860,37003,"Hickory-Lenoir-Morganton, NC",25860,2023,310.53,286.66499999999996,23.86500000000001
1087,North Carolina,NC,Anson,37,37007,22036,9901459.159001563,64.17435571110404,Relatively Low,2023,16740,37007,"Charlotte-Concord-Gastonia, NC-SC",16740,2023,404.7891666666667,380.43,24.35916666666668
1089,North Carolina,NC,Brunswick,37,37019,136245,163797089.34593377,97.04104358892778,Relatively High,2023,48900,37019,"Wilmington, NC",48900,2023,405.365,367.3525,38.01249999999999
1090,North Carolina,NC,Buncombe,37,37021,269305,22033179.58096644,81.4826598790964,Relatively Low,2023,11700,37021,"Asheville, NC",11700,2023,483.3125,450.15,33.16250000000002
1091,North Carolina,NC,Burke,37,37023,87532,10083230.069394035,64.58797327394208,Relatively Low,2023,25860,37023,"Hickory-Lenoir-Morganton, NC",25860,2023,310.53,286.66499999999996,23.86500000000001
1092,North Carolina,NC,Cabarrus,37,37025,225772,20209185.067291748,80.11454024817054,Relatively Low,2023,16740,37025,"Charlotte-Concord-Gastonia, NC-SC",16740,2023,404.7891666666667,380.43,24.35916666666668
1093,North Carolina,NC,Caldwell,37,37027,80586,8754483.160445113,60.76996500159084,Relatively Low,2023,25860,37027,"Hickory-Lenoir-Morganton, NC",25860,2023,310.53,286.66499999999996,23.86500000000001
1094,North Carolina,NC,Camden,37,37029,10350,6119056.743721778,48.96595609290486,Relatively Low,2023,47260,37029,"Virginia Beach-Chesapeake-Norfolk, VA-NC",47260,2023,348.29,328.06166666666667,20.228333333333353
1096,North Carolina,NC,Catawba,37,37035,160509,17676664.1387021,77.72828507795101,Relatively Low,2023,25860,37035,"Hickory-Lenoir-Morganton, NC",25860,2023,310.53,286.66499999999996,23.86500000000001
1097,North Carolina,NC,Chatham,37,37037,76189,9395284.885118032,62.77441934457525,Relatively Low,2023,20500,37037,"Durham-Chapel Hill, NC",20500,2023,366.9425,343.7475,23.194999999999993
1100,North Carolina,NC,Cumberland,37,37051,334379,61709409.60871873,92.52306713331213,Relatively Moderate,2023,22180,37051,"Fayetteville, NC",22180,2023,249.46499999999997,223.20999999999998,26.254999999999995
1101,North Carolina,NC,Currituck,37,37053,28088,9612662.625164155,63.41075405663379,Relatively Low,2023,47260,37053,"Virginia Beach-Chesapeake-Norfolk, VA-NC",47260,2023,348.29,328.06166666666667,20.228333333333353
1103,North Carolina,NC,Davidson,37,37057,168808,16172084.70817775,75.91473114858417,Relatively Low,2023,49180,37057,"Winston-Salem, NC",49180,2023,280.9525,256.4925,24.45999999999998
1104,North Carolina,NC,Davie,37,37059,42692,4353071.586825833,36.97104677060133,Very Low,2023,49180,37059,"Winston-Salem, NC",49180,2023,280.9525,256.4925,24.45999999999998
1105,North Carolina,NC,Durham,37,37063,324580,31208530.637588385,86.73242125357939,Relatively Moderate,2023,20500,37063,"Durham-Chapel Hill, NC",20500,2023,366.9425,343.7475,23.194999999999993
1106,North Carolina,NC,Edgecombe,37,37065,48898,21780307.62685087,81.13267578746421,Relatively Low,2023,40580,37065,"Rocky Mount, NC",40580,2023,247.6175,229.1825,18.435000000000002
1107,North Carolina,NC,Forsyth,37,37067,382522,21935640.671610694,81.29175946547885,Relatively Low,2023,49180,37067,"Winston-Salem, NC",49180,2023,280.9525,256.4925,24.45999999999998
1108,North Carolina,NC,Franklin,37,37069,68431,8549691.376771908,60.133630289532285,Relatively Low,2023,39580,37069,"Raleigh-Cary, NC",39580,2023,390.435,375.6,14.83499999999998
1109,North Carolina,NC,Gaston,37,37071,227866,22086584.799884096,81.54629335030225,Relatively Low,2023,16740,37071,"Charlotte-Concord-Gastonia, NC-SC",16740,2023,404.7891666666667,380.43,24.35916666666668
1110,North Carolina,NC,Gates,37,37073,10454,3627348.983149929,30.034998409163222,Very Low,2023,47260,37073,"Virginia Beach-Chesapeake-Norfolk, VA-NC",47260,2023,348.29,328.06166666666667,20.228333333333353
1111,North Carolina,NC,Guilford,37,37081,540974,30207032.19124996,86.22335348393256,Relatively Moderate,2023,24660,37081,"Greensboro-High Point, NC",24660,2023,290.4775,269.2125,21.265000000000043
1115,North Carolina,NC,Henderson,37,37089,116029,12319424.48444662,70.6967865097041,Relatively Low,2023,11700,37089,"Asheville, NC",11700,2023,483.3125,450.15,33.16250000000002
1116,North Carolina,NC,Hoke,37,37093,52053,10447981.952193284,65.51065860642699,Relatively Low,2023,22180,37093,"Fayetteville, NC",22180,2023,249.46499999999997,223.20999999999998,26.254999999999995
1117,North Carolina,NC,Iredell,37,37097,186589,16470871.197880851,76.13744829780464,Relatively Low,2023,16740,37097,"Charlotte-Concord-Gastonia, NC-SC",16740,2023,404.7891666666667,380.43,24.35916666666668
1118,North Carolina,NC,Johnston,37,37101,215586,31707616.60141915,86.8596881959911,Relatively Moderate,2023,39580,37101,"Raleigh-Cary, NC",39580,2023,390.435,375.6,14.83499999999998
1122,North Carolina,NC,Lincoln,37,37109,86724,10201556.334712967,64.93795736557429,Relatively Low,2023,16740,37109,"Charlotte-Concord-Gastonia, NC-SC",16740,2023,404.7891666666667,380.43,24.35916666666668
1124,North Carolina,NC,Madison,37,37115,21147,4073989.614559771,34.584791600381806,Very Low,2023,11700,37115,"Asheville, NC",11700,2023,483.3125,450.15,33.16250000000002
1125,North Carolina,NC,Mecklenburg,37,37119,1114693,55688754.72975287,91.85491568565064,Relatively Moderate,2023,16740,37119,"Charlotte-Concord-Gastonia, NC-SC",16740,2023,404.7891666666667,380.43,24.35916666666668
1126,North Carolina,NC,Moore,37,37125,99632,21045294.99067458,80.71905822462617,Relatively Low,2023,38240,37125,"Pinehurst-Southern Pines, NC",38240,2023,332.2625,298.3825,33.879999999999995
1127,North Carolina,NC,Nash,37,37127,94907,30286420.67167402,86.2869869551384,Relatively Moderate,2023,40580,37127,"Rocky Mount, NC",40580,2023,247.6175,229.1825,18.435000000000002
1128,North Carolina,NC,New Hanover,37,37129,225344,283543106.0254098,98.50461342666244,Relatively High,2023,48900,37129,"Wilmington, NC",48900,2023,405.365,367.3525,38.01249999999999
1130,North Carolina,NC,Onslow,37,37133,202949,227096892.2908877,97.93191218580972,Relatively High,2023,27340,37133,"Jacksonville, NC",27340,2023,337.375,304.98,32.39499999999998
1131,North Carolina,NC,Orange,37,37135,148579,13897909.301262744,72.95577473751193,Relatively Low,2023,20500,37135,"Durham-Chapel Hill, NC",20500,2023,366.9425,343.7475,23.194999999999993
1134,North Carolina,NC,Pender,37,37141,60195,77211219.93560106,94.01845370664968,Relatively Moderate,2023,48900,37141,"Wilmington, NC",48900,2023,405.365,367.3525,38.01249999999999
1135,North Carolina,NC,Person,37,37145,39080,4041185.5955102127,34.202990773146674,Very Low,2023,20500,37145,"Durham-Chapel Hill, NC",20500,2023,366.9425,343.7475,23.194999999999993
1136,North Carolina,NC,Pitt,37,37147,169746,81129930.62573823,94.24117085587021,Relatively Moderate,2023,24780,37147,"Greenville, NC",24780,2023,249.365,233.9525,15.412500000000023
1137,North Carolina,NC,Randolph,37,37151,144115,16167673.615136193,75.8510976773783,Relatively Low,2023,24660,37151,"Greensboro-High Point, NC",24660,2023,290.4775,269.2125,21.265000000000043
1140,North Carolina,NC,Rockingham,37,37157,91080,7495091.068222104,56.601972637607375,Relatively Low,2023,24660,37157,"Greensboro-High Point, NC",24660,2023,290.4775,269.2125,21.265000000000043
1141,North Carolina,NC,Rowan,37,37159,146778,13879373.783711128,72.92395800190899,Relatively Low,2023,16740,37159,"Charlotte-Concord-Gastonia, NC-SC",16740,2023,404.7891666666667,380.43,24.35916666666668
1145,North Carolina,NC,Stokes,37,37169,44503,2294438.5921108676,16.544702513522115,Very Low,2023,49180,37169,"Winston-Salem, NC",49180,2023,280.9525,256.4925,24.45999999999998
1148,North Carolina,NC,Union,37,37179,237844,29226425.993325286,86.06426980591792,Relatively Moderate,2023,16740,37179,"Charlotte-Concord-Gastonia, NC-SC",16740,2023,404.7891666666667,380.43,24.35916666666668
1150,North Carolina,NC,Wake,37,37183,1128357,73426524.95761292,93.63665287941457,Relatively Moderate,2023,39580,37183,"Raleigh-Cary, NC",39580,2023,390.435,375.6,14.83499999999998
1152,North Carolina,NC,Wayne,37,37191,116680,85779593.79713066,94.43207126948776,Relatively Moderate,2023,24140,37191,"Goldsboro, NC",24140,2023,255.28249999999997,233.215,22.067499999999967
1155,North Carolina,NC,Yadkin,37,37197,37209,3082645.225636356,24.40343620744512,Very Low,2023,49180,37197,"Winston-Salem, NC",49180,2023,280.9525,256.4925,24.45999999999998
1157,North Dakota,ND,Burleigh,38,38015,98437,17653486.65909573,77.66465160674515,Relatively Low,2023,13900,38015,"Bismarck, ND",13900,2023,366.74,343.2525,23.48750000000001
1158,North Dakota,ND,Cass,38,38017,184441,48809591.32347203,90.8685968819599,Relatively Moderate,2023,22020,38017,"Fargo, ND-MN",22020,2023,320.7275,307.21,13.517500000000041
1160,North Dakota,ND,Grand Forks,38,38035,73042,24005090.682962134,82.91441298122812,Relatively Moderate,2023,24220,38035,"Grand Forks, ND-MN",24220,2023,297.8275,294.185,3.642499999999984
1161,North Dakota,ND,McHenry,38,38049,5344,6765175.369792771,52.94304804327076,Relatively Low,2023,33500,38049,"Minot, ND",33500,2023,335.5225,329.945,5.577499999999986
1162,North Dakota,ND,Morton,38,38059,33242,11962124.678960113,70.06045179764556,Relatively Low,2023,13900,38059,"Bismarck, ND",13900,2023,366.74,343.2525,23.48750000000001
1163,North Dakota,ND,Oliver,38,38065,1874,1321434.854829684,7.381482659879096,Very Low,2023,13900,38065,"Bismarck, ND",13900,2023,366.74,343.2525,23.48750000000001
1164,North Dakota,ND,Renville,38,38075,2282,1280121.146043944,7.126948775055679,Very Low,2023,33500,38075,"Minot, ND",33500,2023,335.5225,329.945,5.577499999999986
1168,North Dakota,ND,Ward,38,38101,69879,16007181.554467535,75.6283805281578,Relatively Low,2023,33500,38101,"Minot, ND",33500,2023,335.5225,329.945,5.577499999999986
1170,Ohio,OH,Allen,39,39003,102191,6401127.448012799,50.58860960865415,Relatively Low,2023,30620,39003,"Lima, OH",30620,2023,259.035,239.1,19.93500000000003
1172,Ohio,OH,Ashtabula,39,39007,97518,8956285.984323325,61.279032771237674,Relatively Low,2023,17410,39007,"Cleveland, OH",17410,2023,251.22166666666666,235.2725,15.949166666666656
1175,Ohio,OH,Belmont,39,39013,66461,9317869.293519197,62.55170219535475,Relatively Low,2023,48540,39013,"Wheeling, WV-OH",48540,2023,248.2425,239.9425,8.300000000000011
1176,Ohio,OH,Brown,39,39015,43652,6251269.563951179,49.76137448297805,Relatively Low,2023,17140,39015,"Cincinnati, OH-KY-IN",17140,2023,302.68833333333333,280.21166666666664,22.476666666666688
1177,Ohio,OH,Butler,39,39017,390244,35291334.207467824,87.97327394209354,Relatively Moderate,2023,17140,39017,"Cincinnati, OH-KY-IN",17140,2023,302.68833333333333,280.21166666666664,22.476666666666688
1178,Ohio,OH,Carroll,39,39019,26701,1535129.607241206,9.44957047406936,Very Low,2023,15940,39019,"Canton-Massillon, OH",15940,2023,243.785,226.4775,17.307500000000005
1180,Ohio,OH,Clark,39,39023,135980,8381959.410922768,59.46547884187082,Relatively Low,2023,44220,39023,"Springfield, OH",44220,2023,248.1975,227.8125,20.38499999999999
1181,Ohio,OH,Clermont,39,39025,208527,10872706.543433556,66.97422844416164,Relatively Low,2023,17140,39025,"Cincinnati, OH-KY-IN",17140,2023,302.68833333333333,280.21166666666664,22.476666666666688
1186,Ohio,OH,Cuyahoga,39,39035,1264334,51762043.4496303,91.25039770919504,Relatively Moderate,2023,17410,39035,"Cleveland, OH",17410,2023,251.22166666666666,235.2725,15.949166666666656
1189,Ohio,OH,Delaware,39,39041,213208,12586162.035068,71.11040407254215,Relatively Low,2023,18140,39041,"Columbus, OH",18140,2023,344.59833333333336,323.37916666666666,21.219166666666695
1190,Ohio,OH,Erie,39,39043,75596,8988991.654456357,61.40629971364938,Relatively Low,2023,41780,39043,"Sandusky, OH",41780,2023,256.875,233.6725,23.202499999999986
1191,Ohio,OH,Fairfield,39,39045,158878,6887857.9119502315,53.579382755329306,Relatively Low,2023,18140,39045,"Columbus, OH",18140,2023,344.59833333333336,323.37916666666666,21.219166666666695
1193,Ohio,OH,Franklin,39,39049,1323446,61220200.21477461,92.45943366210629,Relatively Moderate,2023,18140,39049,"Columbus, OH",18140,2023,344.59833333333336,323.37916666666666,21.219166666666695
1194,Ohio,OH,Fulton,39,39051,42713,4815821.5758767165,40.62997136493796,Very Low,2023,45780,39051,"Toledo, OH",45780,2023,224.515,208.62,15.894999999999982
1196,Ohio,OH,Geauga,39,39055,95397,3160044.279784696,25.45338848234171,Very Low,2023,17410,39055,"Cleveland, OH",17410,2023,251.22166666666666,235.2725,15.949166666666656
1197,Ohio,OH,Greene,39,39057,167939,9902760.703690842,64.20617244670697,Relatively Low,2023,19430,39057,"Dayton-Kettering-Beavercreek, OH",19430,2023,250.905,231.415,19.49000000000001
1199,Ohio,OH,Hamilton,39,39061,830623,71730258.0823405,93.44575246579699,Relatively Moderate,2023,17140,39061,"Cincinnati, OH-KY-IN",17140,2023,302.68833333333333,280.21166666666664,22.476666666666688
1201,Ohio,OH,Hocking,39,39073,28040,3279263.4529009224,26.980591791282215,Very Low,2023,18140,39073,"Columbus, OH",18140,2023,344.59833333333336,323.37916666666666,21.219166666666695
1203,Ohio,OH,Jefferson,39,39081,65187,6096596.469968343,48.87050588609609,Relatively Low,2023,48260,39081,"Weirton-Steubenville, WV-OH",48260,2023,275.265,258.8125,16.452499999999986
1205,Ohio,OH,Lake,39,39085,232492,7436475.080950291,56.44288895959274,Relatively Low,2023,17410,39085,"Cleveland, OH",17410,2023,251.22166666666666,235.2725,15.949166666666656
1206,Ohio,OH,Lawrence,39,39087,58183,5945910.331859219,48.10690423162583,Relatively Low,2023,26580,39087,"Huntington-Ashland, WV-KY-OH",26580,2023,236.1375,223.2825,12.85499999999999
1207,Ohio,OH,Licking,39,39089,178382,10154519.12098156,64.77887368755965,Relatively Low,2023,18140,39089,"Columbus, OH",18140,2023,344.59833333333336,323.37916666666666,21.219166666666695
1209,Ohio,OH,Lorain,39,39093,312902,14187062.529464211,73.43302577155583,Relatively Low,2023,17410,39093,"Cleveland, OH",17410,2023,251.22166666666666,235.2725,15.949166666666656
1210,Ohio,OH,Lucas,39,39095,431225,25837030.18666163,84.0598154629335,Relatively Moderate,2023,45780,39095,"Toledo, OH",45780,2023,224.515,208.62,15.894999999999982
1211,Ohio,OH,Madison,39,39097,43789,2914201.7365525095,22.81259942729876,Very Low,2023,18140,39097,"Columbus, OH",18140,2023,344.59833333333336,323.37916666666666,21.219166666666695
1212,Ohio,OH,Mahoning,39,39099,228579,14364458.67625406,73.87846006999682,Relatively Low,2023,49660,39099,"Youngstown-Warren, OH",49660,2023,232.78,216.065,16.715000000000003
1214,Ohio,OH,Medina,39,39103,182378,8897942.169421293,61.151765828825965,Relatively Low,2023,17410,39103,"Cleveland, OH",17410,2023,251.22166666666666,235.2725,15.949166666666656
1216,Ohio,OH,Miami,39,39109,108774,7073640.727154468,54.59751829462298,Relatively Low,2023,19430,39109,"Dayton-Kettering-Beavercreek, OH",19430,2023,250.905,231.415,19.49000000000001
1217,Ohio,OH,Montgomery,39,39113,537193,29530423.29993287,86.09608654152085,Relatively Moderate,2023,19430,39113,"Dayton-Kettering-Beavercreek, OH",19430,2023,250.905,231.415,19.49000000000001
1218,Ohio,OH,Morrow,39,39117,34943,2560170.861006729,19.09004136175628,Very Low,2023,18140,39117,"Columbus, OH",18140,2023,344.59833333333336,323.37916666666666,21.219166666666695
1220,Ohio,OH,Ottawa,39,39123,40343,5545537.435185889,45.688832325803375,Very Low,2023,41780,39123,"Sandusky, OH",41780,2023,256.875,233.6725,23.202499999999986
1221,Ohio,OH,Perry,39,39127,35327,2085473.0584492793,14.858415526566974,Very Low,2023,18140,39127,"Columbus, OH",18140,2023,344.59833333333336,323.37916666666666,21.219166666666695
1222,Ohio,OH,Pickaway,39,39129,58527,4170927.006694221,35.316576519249125,Very Low,2023,18140,39129,"Columbus, OH",18140,2023,344.59833333333336,323.37916666666666,21.219166666666695
1223,Ohio,OH,Portage,39,39133,161780,6732739.3703638315,52.7521476296532,Relatively Low,2023,10420,39133,"Akron, OH",10420,2023,231.375,216.76749999999998,14.607500000000016
1224,Ohio,OH,Richland,39,39139,124906,8655955.932214504,60.388164174355715,Relatively Low,2023,31900,39139,"Mansfield, OH",31900,2023,252.25,225.855,26.39500000000001
1230,Ohio,OH,Stark,39,39151,374812,22760171.08967594,82.11899459115494,Relatively Low,2023,15940,39151,"Canton-Massillon, OH",15940,2023,243.785,226.4775,17.307500000000005
1231,Ohio,OH,Summit,39,39153,540333,27633528.161998954,85.52338530066817,Relatively Moderate,2023,10420,39153,"Akron, OH",10420,2023,231.375,216.76749999999998,14.607500000000016
1232,Ohio,OH,Trumbull,39,39155,201961,21971324.293978725,81.41902640789056,Relatively Low,2023,49660,39155,"Youngstown-Warren, OH",49660,2023,232.78,216.065,16.715000000000003
1234,Ohio,OH,Union,39,39159,62265,3512952.083018495,29.112313076678326,Very Low,2023,18140,39159,"Columbus, OH",18140,2023,344.59833333333336,323.37916666666666,21.219166666666695
1236,Ohio,OH,Warren,39,39165,242269,10932606.213184176,67.19694559338211,Relatively Low,2023,17140,39165,"Cincinnati, OH-KY-IN",17140,2023,302.68833333333333,280.21166666666664,22.476666666666688
1239,Ohio,OH,Wood,39,39173,132182,9750553.307041306,63.66528794145721,Relatively Low,2023,45780,39173,"Toledo, OH",45780,2023,224.515,208.62,15.894999999999982
1242,Oklahoma,OK,Canadian,40,40017,153947,34687289.28462933,87.78237352847597,Relatively Moderate,2023,36420,40017,"Oklahoma City, OK",36420,2023,350.26625,331.0725,19.193750000000023
1245,Oklahoma,OK,Cleveland,40,40027,295221,47240561.32146132,90.48679605472476,Relatively Moderate,2023,36420,40027,"Oklahoma City, OK",36420,2023,350.26625,331.0725,19.193750000000023
1246,Oklahoma,OK,Comanche,40,40031,120665,37321700.65700281,88.48234171174037,Relatively Moderate,2023,30020,40031,"Lawton, OK",30020,2023,202.515,195.1225,7.392499999999984
1247,Oklahoma,OK,Cotton,40,40033,5520,2418626.7932630666,17.56283805281578,Very Low,2023,30020,40033,"Lawton, OK",30020,2023,202.515,195.1225,7.392499999999984
1248,Oklahoma,OK,Creek,40,40037,71508,25405007.722038772,83.74164810690424,Relatively Moderate,2023,46140,40037,"Tulsa, OK",46140,2023,330.62,310.7075,19.912500000000023
1250,Oklahoma,OK,Garfield,40,40047,62826,17348058.30019206,77.15558383709832,Relatively Low,2023,21420,40047,"Enid, OK",21420,2023,262.8525,244.095,18.75750000000002
1251,Oklahoma,OK,Grady,40,40051,54565,18191090.995712176,78.07826916958322,Relatively Low,2023,36420,40051,"Oklahoma City, OK",36420,2023,350.26625,331.0725,19.193750000000023
1254,Oklahoma,OK,Lincoln,40,40081,33440,10788325.641645348,66.62424435252943,Relatively Low,2023,36420,40081,"Oklahoma City, OK",36420,2023,350.26625,331.0725,19.193750000000023
1255,Oklahoma,OK,Logan,40,40083,49445,16085871.250739248,75.75564747056951,Relatively Low,2023,36420,40083,"Oklahoma City, OK",36420,2023,350.26625,331.0725,19.193750000000023
1256,Oklahoma,OK,McClain,40,40087,41569,16354062.774949396,76.07381482659878,Relatively Low,2023,36420,40087,"Oklahoma City, OK",36420,2023,350.26625,331.0725,19.193750000000023
1258,Oklahoma,OK,Oklahoma,40,40109,795336,175227007.0290164,97.26376073814825,Relatively High,2023,36420,40109,"Oklahoma City, OK",36420,2023,350.26625,331.0725,19.193750000000023
1259,Oklahoma,OK,Okmulgee,40,40111,36515,15052409.767815595,74.57842825326122,Relatively Low,2023,46140,40111,"Tulsa, OK",46140,2023,330.62,310.7075,19.912500000000023
1260,Oklahoma,OK,Osage,40,40113,45705,14338738.690849056,73.7511931275851,Relatively Low,2023,46140,40113,"Tulsa, OK",46140,2023,330.62,310.7075,19.912500000000023
1262,Oklahoma,OK,Pawnee,40,40117,15493,5110824.959930795,42.98440979955457,Very Low,2023,46140,40117,"Tulsa, OK",46140,2023,330.62,310.7075,19.912500000000023
1267,Oklahoma,OK,Rogers,40,40131,95011,20626007.49583596,80.5281578110086,Relatively Low,2023,46140,40131,"Tulsa, OK",46140,2023,330.62,310.7075,19.912500000000023
1268,Oklahoma,OK,Sequoyah,40,40135,39237,17213221.287666157,77.06013363028954,Relatively Low,2023,22900,40135,"Fort Smith, AR-OK",22900,2023,276.0825,253.515,22.567499999999995
1271,Oklahoma,OK,Tulsa,40,40143,668481,145166918.69584918,96.62742602608972,Relatively High,2023,46140,40143,"Tulsa, OK",46140,2023,330.62,310.7075,19.912500000000023
1272,Oklahoma,OK,Wagoner,40,40145,80907,17593681.22418894,77.56920139993636,Relatively Low,2023,46140,40145,"Tulsa, OK",46140,2023,330.62,310.7075,19.912500000000023
1277,Oregon,OR,Benton,41,41003,94807,52326715.44414414,91.3458479160038,Relatively Moderate,2023,18700,41003,"Corvallis, OR",18700,2023,366.0075,356.4175,9.589999999999975
1278,Oregon,OR,Clackamas,41,41005,421252,138152572.6619058,96.34107540566336,Relatively High,2023,38900,41005,"Portland-Vancouver-Hillsboro, OR-WA",38900,2023,565.5308333333334,567.7433333333333,-2.2124999999999773
1280,Oregon,OR,Columbia,41,41009,52498,26018857.71730564,84.15526566974229,Relatively Moderate,2023,38900,41009,"Portland-Vancouver-Hillsboro, OR-WA",38900,2023,565.5308333333334,567.7433333333333,-2.2124999999999773
1282,Oregon,OR,Crook,41,41013,24712,5606476.869405136,46.19790009545021,Very Low,2023,13460,41013,"Bend, OR",13460,2023,527.755,524.7275,3.027500000000032
1284,Oregon,OR,Deschutes,41,41017,197964,19943542.299201682,79.89182309895004,Relatively Low,2023,13460,41017,"Bend, OR",13460,2023,527.755,524.7275,3.027500000000032
1287,Oregon,OR,Jackson,41,41029,222969,68841657.21683438,93.15940184537067,Relatively Moderate,2023,32780,41029,"Medford, OR",32780,2023,371.0125,374.31,-3.2975000000000136
1288,Oregon,OR,Jefferson,41,41031,24472,6243026.370042258,49.63410754056633,Relatively Low,2023,13460,41031,"Bend, OR",13460,2023,527.755,524.7275,3.027500000000032
1289,Oregon,OR,Josephine,41,41033,88032,35924712.892127186,88.10054088450525,Relatively Moderate,2023,24420,41033,"Grants Pass, OR",24420,2023,383.545,381.23749999999995,2.3075000000000614
1291,Oregon,OR,Lane,41,41039,382865,152364933.37334976,96.78650970410436,Relatively High,2023,21660,41039,"Eugene-Springfield, OR",21660,2023,389.69,384.5075,5.1825000000000045
1293,Oregon,OR,Linn,41,41043,128576,55780458.1289676,91.88673242125358,Relatively Moderate,2023,10540,41043,"Albany, OR",10540,2023,396.725,385.1125,11.612500000000011
1295,Oregon,OR,Marion,41,41047,344064,152180342.1125876,96.75469296850144,Relatively High,2023,41420,41047,"Salem, OR",41420,2023,400.8525,391.6725,9.180000000000007
1297,Oregon,OR,Multnomah,41,41051,814167,305704246.5957105,98.6000636334712,Relatively High,2023,38900,41051,"Portland-Vancouver-Hillsboro, OR-WA",38900,2023,565.5308333333334,567.7433333333333,-2.2124999999999773
1298,Oregon,OR,Polk,41,41053,87390,28972580.441041205,86.00063633471204,Relatively Moderate,2023,41420,41053,"Salem, OR",41420,2023,400.8525,391.6725,9.180000000000007
1302,Oregon,OR,Washington,41,41067,600172,187444472.73739013,97.45466115176583,Relatively High,2023,38900,41067,"Portland-Vancouver-Hillsboro, OR-WA",38900,2023,565.5308333333334,567.7433333333333,-2.2124999999999773
1303,Oregon,OR,Yamhill,41,41071,105667,44121425.19919147,89.81864460706333,Relatively Moderate,2023,38900,41071,"Portland-Vancouver-Hillsboro, OR-WA",38900,2023,565.5308333333334,567.7433333333333,-2.2124999999999773
1304,Pennsylvania,PA,Adams,42,42001,103797,8954530.798000816,61.24721603563474,Relatively Low,2023,23900,42001,"Gettysburg, PA",23900,2023,284.165,265.7925,18.372500000000002
1305,Pennsylvania,PA,Allegheny,42,42003,1249907,18527011.158207446,78.46006999681833,Relatively Low,2023,38300,42003,"Pittsburgh, PA",38300,2023,324.31416666666667,307.7525,16.561666666666667
1306,Pennsylvania,PA,Armstrong,42,42005,65530,2292140.6226858175,16.512885777919188,Very Low,2023,38300,42005,"Pittsburgh, PA",38300,2023,324.31416666666667,307.7525,16.561666666666667
1307,Pennsylvania,PA,Beaver,42,42007,168155,7755566.77367983,57.397391027680555,Relatively Low,2023,38300,42007,"Pittsburgh, PA",38300,2023,324.31416666666667,307.7525,16.561666666666667
1308,Pennsylvania,PA,Berks,42,42011,428624,37773957.44312285,88.5141584473433,Relatively Moderate,2023,39740,42011,"Reading, PA",39740,2023,273.1875,250.8225,22.36500000000001
1309,Pennsylvania,PA,Blair,42,42013,122666,6678630.349090863,52.43398027362392,Relatively Low,2023,11020,42013,"Altoona, PA",11020,2023,260.91499999999996,252.495,8.419999999999959
1312,Pennsylvania,PA,Butler,42,42019,193593,6596243.964870409,52.020362710785875,Relatively Low,2023,38300,42019,"Pittsburgh, PA",38300,2023,324.31416666666667,307.7525,16.561666666666667
1313,Pennsylvania,PA,Cambria,42,42021,133467,6636873.023309743,52.21126312440344,Relatively Low,2023,27780,42021,"Johnstown, PA",27780,2023,228.5475,216.155,12.392500000000013
1314,Pennsylvania,PA,Carbon,42,42025,64728,5134128.967351956,43.207126948775056,Very Low,2023,10900,42025,"Allentown-Bethlehem-Easton, PA-NJ",10900,2023,290.12125,268.49,21.631249999999966
1315,Pennsylvania,PA,Centre,42,42027,158157,4310333.813432331,36.55742920776328,Very Low,2023,44300,42027,"State College, PA",44300,2023,312.12,290.90999999999997,21.210000000000036
1321,Pennsylvania,PA,Cumberland,42,42041,259125,14552155.070273267,74.03754374801146,Relatively Low,2023,25420,42041,"Harrisburg-Carlisle, PA",25420,2023,269.14,249.5275,19.612499999999983
1322,Pennsylvania,PA,Dauphin,42,42043,286115,41023074.66995835,89.30957683741649,Relatively Moderate,2023,25420,42043,"Harrisburg-Carlisle, PA",25420,2023,269.14,249.5275,19.612499999999983
1325,Pennsylvania,PA,Erie,42,42049,270695,11217591.626825059,67.96054724785236,Relatively Low,2023,21500,42049,"Erie, PA",21500,2023,244.92,224.5975,20.32249999999999
1326,Pennsylvania,PA,Fayette,42,42051,128759,7597703.780554309,56.792873051224944,Relatively Low,2023,38300,42051,"Pittsburgh, PA",38300,2023,324.31416666666667,307.7525,16.561666666666667
1327,Pennsylvania,PA,Franklin,42,42055,155896,11958313.628960935,70.02863506204264,Relatively Low,2023,16540,42055,"Chambersburg, PA",16540,2023,273.375,258.85,14.524999999999977
1330,Pennsylvania,PA,Lackawanna,42,42069,215724,17351025.178797882,77.18740057270124,Relatively Low,2023,42540,42069,"Scranton--Wilkes-Barre, PA",42540,2023,263.1875,248.39499999999998,14.792500000000018
1331,Pennsylvania,PA,Lancaster,42,42071,552633,41935090.80055534,89.40502704422526,Relatively Moderate,2023,29540,42071,"Lancaster, PA",29540,2023,302.7375,278.7875,23.94999999999999
1332,Pennsylvania,PA,Lawrence,42,42073,86035,3399580.2807055633,28.03054406617881,Very Low,2023,38300,42073,"Pittsburgh, PA",38300,2023,324.31416666666667,307.7525,16.561666666666667
1333,Pennsylvania,PA,Lebanon,42,42075,143188,13681215.204226736,72.63760738148267,Relatively Low,2023,30140,42075,"Lebanon, PA",30140,2023,282.0075,256.15250000000003,25.85499999999996
1334,Pennsylvania,PA,Lehigh,42,42077,373891,24357673.81520265,83.13713013044861,Relatively Moderate,2023,10900,42077,"Allentown-Bethlehem-Easton, PA-NJ",10900,2023,290.12125,268.49,21.631249999999966
1335,Pennsylvania,PA,Luzerne,42,42079,325461,29142832.89085664,86.03245307031499,Relatively Moderate,2023,42540,42079,"Scranton--Wilkes-Barre, PA",42540,2023,263.1875,248.39499999999998,14.792500000000018
1336,Pennsylvania,PA,Lycoming,42,42081,114105,10488647.162829923,65.79700922685332,Relatively Low,2023,48700,42081,"Williamsport, PA",48700,2023,271.225,264.51,6.715000000000032
1343,Pennsylvania,PA,Northampton,42,42095,312822,22021475.0224466,81.45084314349347,Relatively Low,2023,10900,42095,"Allentown-Bethlehem-Easton, PA-NJ",10900,2023,290.12125,268.49,21.631249999999966
1345,Pennsylvania,PA,Perry,42,42099,45809,3725598.91853722,31.148584155265667,Very Low,2023,25420,42099,"Harrisburg-Carlisle, PA",25420,2023,269.14,249.5275,19.612499999999983
1354,Pennsylvania,PA,Washington,42,42125,209274,5437319.719942124,44.79796372892142,Very Low,2023,38300,42125,"Pittsburgh, PA",38300,2023,324.31416666666667,307.7525,16.561666666666667
1355,Pennsylvania,PA,Westmoreland,42,42129,354424,11821134.835049631,69.58320076360165,Relatively Low,2023,38300,42129,"Pittsburgh, PA",38300,2023,324.31416666666667,307.7525,16.561666666666667
1356,Pennsylvania,PA,Wyoming,42,42131,26048,4601443.452413699,38.84823417117404,Very Low,2023,42540,42131,"Scranton--Wilkes-Barre, PA",42540,2023,263.1875,248.39499999999998,14.792500000000018
1357,Pennsylvania,PA,York,42,42133,456310,25669422.499478996,83.99618199172765,Relatively Moderate,2023,49620,42133,"York-Hanover, PA",49620,2023,262.59,244.45499999999998,18.13499999999999
1358,Rhode Island,RI,Bristol,44,44001,50793,4860167.829618988,41.07540566337894,Very Low,2023,39300,44001,"Providence-Warwick, RI-MA",39300,2023,384.82750000000004,357.1366666666667,27.69083333333333
1359,Rhode Island,RI,Kent,44,44003,170332,15125155.73920292,74.67387846007,Relatively Low,2023,39300,44003,"Providence-Warwick, RI-MA",39300,2023,384.82750000000004,357.1366666666667,27.69083333333333
1360,Rhode Island,RI,Newport,44,44005,85564,8474787.09333626,59.879096404708875,Relatively Low,2023,39300,44005,"Providence-Warwick, RI-MA",39300,2023,384.82750000000004,357.1366666666667,27.69083333333333
1361,Rhode Island,RI,Providence,44,44007,660349,43293031.673445344,89.69137766465161,Relatively Moderate,2023,39300,44007,"Providence-Warwick, RI-MA",39300,2023,384.82750000000004,357.1366666666667,27.69083333333333
1362,Rhode Island,RI,Washington,44,44009,129802,15449032.603694372,75.0238625517022,Relatively Low,2023,39300,44009,"Providence-Warwick, RI-MA",39300,2023,384.82750000000004,357.1366666666667,27.69083333333333
1364,South Carolina,SC,Aiken,45,45003,168745,25379452.079307582,83.7098313713013,Relatively Moderate,2023,12260,45003,"Augusta-Richmond County, GA-SC",12260,2023,290.635,269.28,21.355000000000018
1365,South Carolina,SC,Anderson,45,45007,203620,18244568.101970896,78.14190264078906,Relatively Low,2023,24860,45007,"Greenville-Anderson-Greer, SC",24860,2023,386.54375,359.0875,27.45625000000001
1366,South Carolina,SC,Beaufort,45,45013,186606,255842754.89988807,98.3455297486478,Relatively High,2023,25940,45013,"Hilton Head Island-Bluffton-Port Royal, SC",25940,2023,422.03,367.33500000000004,54.694999999999936
1367,South Carolina,SC,Berkeley,45,45015,229449,229874485.61612844,97.9955456570156,Relatively High,2023,16700,45015,"Charleston-North Charleston, SC",16700,2023,582.8075,531.65125,51.15625
1368,South Carolina,SC,Calhoun,45,45017,14114,4916294.177668244,41.39357301940821,Very Low,2023,17900,45017,"Columbia, SC",17900,2023,309.32,285.60625,23.713750000000005
1369,South Carolina,SC,Charleston,45,45019,407722,491072483.6089548,99.45911549475024,Relatively High,2023,16700,45019,"Charleston-North Charleston, SC",16700,2023,582.8075,531.65125,51.15625
1371,South Carolina,SC,Chester,45,45023,32263,5993401.5392714515,48.425071587655104,Relatively Low,2023,16740,45023,"Charlotte-Concord-Gastonia, NC-SC",16740,2023,404.7891666666667,380.43,24.35916666666668
1372,South Carolina,SC,Darlington,45,45031,62874,17624864.42173087,77.60101813553929,Relatively Low,2023,22500,45031,"Florence, SC",22500,2023,248.735,234.6125,14.122500000000002
1373,South Carolina,SC,Dorchester,45,45035,161445,175448827.61524135,97.2955774737512,Relatively High,2023,16700,45035,"Charleston-North Charleston, SC",16700,2023,582.8075,531.65125,51.15625
1374,South Carolina,SC,Edgefield,45,45037,25644,3264334.369164677,26.630607699650017,Very Low,2023,12260,45037,"Augusta-Richmond County, GA-SC",12260,2023,290.635,269.28,21.355000000000018
1375,South Carolina,SC,Fairfield,45,45039,20909,4396401.218006793,37.41648106904232,Very Low,2023,17900,45039,"Columbia, SC",17900,2023,309.32,285.60625,23.713750000000005
1376,South Carolina,SC,Florence,45,45041,136859,67942348.22666758,93.0957683741648,Relatively Moderate,2023,22500,45041,"Florence, SC",22500,2023,248.735,234.6125,14.122500000000002
1378,South Carolina,SC,Greenville,45,45045,525347,39759307.64500888,88.8641425389755,Relatively Moderate,2023,24860,45045,"Greenville-Anderson-Greer, SC",24860,2023,386.54375,359.0875,27.45625000000001
1380,South Carolina,SC,Horry,45,45051,348574,348842410.21235824,98.98186446070632,Relatively High,2023,34820,45051,"Myrtle Beach-Conway-North Myrtle Beach, SC",34820,2023,346.5875,318.59,27.997500000000002
1381,South Carolina,SC,Jasper,45,45053,28355,40172514.47662365,89.05504295259307,Relatively Moderate,2023,25940,45053,"Hilton Head Island-Bluffton-Port Royal, SC",25940,2023,422.03,367.33500000000004,54.694999999999936
1382,South Carolina,SC,Kershaw,45,45055,65395,13034680.458464434,71.87400572701242,Relatively Low,2023,17900,45055,"Columbia, SC",17900,2023,309.32,285.60625,23.713750000000005
1383,South Carolina,SC,Lancaster,45,45057,95804,13634325.352518216,72.60579064587975,Relatively Low,2023,16740,45057,"Charlotte-Concord-Gastonia, NC-SC",16740,2023,404.7891666666667,380.43,24.35916666666668
1384,South Carolina,SC,Laurens,45,45059,67470,9908082.03169576,64.23798918230989,Relatively Low,2023,24860,45059,"Greenville-Anderson-Greer, SC",24860,2023,386.54375,359.0875,27.45625000000001
1385,South Carolina,SC,Lexington,45,45063,293888,56999089.728310965,92.07763283487114,Relatively Moderate,2023,17900,45063,"Columbia, SC",17900,2023,309.32,285.60625,23.713750000000005
1389,South Carolina,SC,Pickens,45,45077,131341,8244016.081270042,59.0836780146357,Relatively Low,2023,24860,45077,"Greenville-Anderson-Greer, SC",24860,2023,386.54375,359.0875,27.45625000000001
1390,South Carolina,SC,Richland,45,45079,415644,70474224.71127456,93.35030225898822,Relatively Moderate,2023,17900,45079,"Columbia, SC",17900,2023,309.32,285.60625,23.713750000000005
1391,South Carolina,SC,Saluda,45,45081,18852,4765638.031472354,40.2163538020999,Very Low,2023,17900,45081,"Columbia, SC",17900,2023,309.32,285.60625,23.713750000000005
1392,South Carolina,SC,Spartanburg,45,45083,327446,26073315.10984838,84.18708240534522,Relatively Moderate,2023,43900,45083,"Spartanburg, SC",43900,2023,308.67,283.5675,25.10250000000002
1393,South Carolina,SC,Sumter,45,45085,105493,33323189.462177772,87.46420617244671,Relatively Moderate,2023,44940,45085,"Sumter, SC",44940,2023,287.2825,259.99,27.292500000000018
1394,South Carolina,SC,Union,45,45087,27226,6757544.398857593,52.91123130766784,Relatively Low,2023,43900,45087,"Spartanburg, SC",43900,2023,308.67,283.5675,25.10250000000002
1395,South Carolina,SC,York,45,45091,281543,39203765.93723227,88.80050906776965,Relatively Moderate,2023,16740,45091,"Charlotte-Concord-Gastonia, NC-SC",16740,2023,404.7891666666667,380.43,24.35916666666668
1401,South Dakota,SD,Custer,46,46033,8303,8019847.763420643,58.47916003818008,Relatively Low,2023,39660,46033,"Rapid City, SD",39660,2023,437.5675,412.2025,25.36500000000001
1407,South Dakota,SD,Lincoln,46,46083,65123,24801216.367193487,83.42348075087496,Relatively Moderate,2023,43620,46083,"Sioux Falls, SD-MN",43620,2023,339.71,320.0525,19.65749999999997
1408,South Dakota,SD,McCook,46,46087,5682,11591806.846800722,69.10594972955775,Relatively Low,2023,43620,46087,"Sioux Falls, SD-MN",43620,2023,339.71,320.0525,19.65749999999997
1409,South Dakota,SD,Meade,46,46093,29730,12641674.757796772,71.33312122176265,Relatively Low,2023,39660,46093,"Rapid City, SD",39660,2023,437.5675,412.2025,25.36500000000001
1410,South Dakota,SD,Minnehaha,46,46099,196891,62966274.77341125,92.58670060451799,Relatively Moderate,2023,43620,46099,"Sioux Falls, SD-MN",43620,2023,339.71,320.0525,19.65749999999997
1411,South Dakota,SD,Pennington,46,46103,109015,27564710.437782273,85.45975182946229,Relatively Moderate,2023,39660,46103,"Rapid City, SD",39660,2023,437.5675,412.2025,25.36500000000001
1414,South Dakota,SD,Turner,46,46125,8673,11794717.771606235,69.55138402799874,Relatively Low,2023,43620,46125,"Sioux Falls, SD-MN",43620,2023,339.71,320.0525,19.65749999999997
1415,South Dakota,SD,Union,46,46127,16799,6290126.646954315,50.015908367801465,Relatively Low,2023,43580,46127,"Sioux City, IA-NE-SD",43580,2023,294.88,277.6925,17.1875
1417,Tennessee,TN,Anderson,47,47001,77015,7805538.089679419,57.556474705695194,Relatively Low,2023,28940,47001,"Knoxville, TN",28940,2023,425.25374999999997,387.02,38.233749999999986
1419,Tennessee,TN,Blount,47,47009,135033,10888585.69706444,67.00604517976456,Relatively Low,2023,28940,47009,"Knoxville, TN",28940,2023,425.25374999999997,387.02,38.233749999999986
1420,Tennessee,TN,Bradley,47,47011,108482,17549625.511740744,77.41011772192172,Relatively Low,2023,17420,47011,"Cleveland, TN",17420,2023,345.1125,318.5325,26.579999999999984
1421,Tennessee,TN,Campbell,47,47013,39231,6231863.716851686,49.60229080496341,Relatively Low,2023,28940,47013,"Knoxville, TN",28940,2023,425.25374999999997,387.02,38.233749999999986
1422,Tennessee,TN,Cannon,47,47015,14490,2544496.706995887,18.835507476932868,Very Low,2023,34980,47015,"Nashville-Davidson--Murfreesboro--Franklin, TN",34980,2023,509.59499999999997,494.355,15.239999999999952
1423,Tennessee,TN,Carter,47,47019,56264,6527402.863843175,51.51129494113904,Relatively Low,2023,27740,47019,"Johnson City, TN",27740,2023,346.1775,309.7575,36.420000000000016
1424,Tennessee,TN,Cheatham,47,47021,41046,5709917.39160978,46.738784600699965,Very Low,2023,34980,47021,"Nashville-Davidson--Murfreesboro--Franklin, TN",34980,2023,509.59499999999997,494.355,15.239999999999952
1425,Tennessee,TN,Chester,47,47023,17340,6450396.040648991,50.97041043588928,Relatively Low,2023,27180,47023,"Jackson, TN",27180,2023,266.865,247.6075,19.25750000000002
1428,Tennessee,TN,Crockett,47,47033,13873,7358021.968989775,55.87018771874006,Relatively Low,2023,27180,47033,"Jackson, TN",27180,2023,266.865,247.6075,19.25750000000002
1430,Tennessee,TN,Davidson,47,47037,715485,140873988.5143127,96.500159083678,Relatively High,2023,34980,47037,"Nashville-Davidson--Murfreesboro--Franklin, TN",34980,2023,509.59499999999997,494.355,15.239999999999952
1431,Tennessee,TN,Dickson,47,47043,54292,10170277.83573106,64.8425071587655,Relatively Low,2023,34980,47043,"Nashville-Davidson--Murfreesboro--Franklin, TN",34980,2023,509.59499999999997,494.355,15.239999999999952
1433,Tennessee,TN,Fayette,47,47047,41886,15234002.821828036,74.83296213808464,Relatively Low,2023,32820,47047,"Memphis, TN-MS-AR",32820,2023,290.70625,281.59125,9.115000000000009
1435,Tennessee,TN,Gibson,47,47053,50413,30306039.082925636,86.38243716194718,Relatively Moderate,2023,27180,47053,"Jackson, TN",27180,2023,266.865,247.6075,19.25750000000002
1436,Tennessee,TN,Grainger,47,47057,23527,2114910.9980751737,15.017499204581611,Very Low,2023,28940,47057,"Knoxville, TN",28940,2023,425.25374999999997,387.02,38.233749999999986
1438,Tennessee,TN,Hamblen,47,47063,64438,4690130.195573391,39.643652561247215,Very Low,2023,34100,47063,"Morristown, TN",34100,2023,342.375,316.36,26.014999999999986
1439,Tennessee,TN,Hamilton,47,47065,365901,59776326.26261843,92.3958001909004,Relatively Moderate,2023,16860,47065,"Chattanooga, TN-GA",16860,2023,372.355,339.3925,32.962500000000034
1440,Tennessee,TN,Hawkins,47,47073,56711,3384873.433528252,27.871460388164177,Very Low,2023,28700,47073,"Kingsport-Bristol, TN-VA",28700,2023,343.2725,311.195,32.077499999999986
1442,Tennessee,TN,Hickman,47,47081,24872,5861849.579346116,47.56601972637608,Very Low,2023,34980,47081,"Nashville-Davidson--Murfreesboro--Franklin, TN",34980,2023,509.59499999999997,494.355,15.239999999999952
1444,Tennessee,TN,Jefferson,47,47089,54645,4325196.6092755515,36.74832962138085,Very Low,2023,34100,47089,"Morristown, TN",34100,2023,342.375,316.36,26.014999999999986
1445,Tennessee,TN,Knox,47,47093,478842,42487062.72970844,89.4368437798282,Relatively Moderate,2023,28940,47093,"Knoxville, TN",28940,2023,425.25374999999997,387.02,38.233749999999986
1448,Tennessee,TN,Loudon,47,47105,54818,5657334.5784544675,46.38880050906777,Very Low,2023,28940,47105,"Knoxville, TN",28940,2023,425.25374999999997,387.02,38.233749999999986
1450,Tennessee,TN,Macon,47,47111,25211,5434838.125629105,44.766146993318486,Very Low,2023,34980,47111,"Nashville-Davidson--Murfreesboro--Franklin, TN",34980,2023,509.59499999999997,494.355,15.239999999999952
1451,Tennessee,TN,Madison,47,47113,98781,47979782.52309684,90.6458797327394,Relatively Moderate,2023,27180,47113,"Jackson, TN",27180,2023,266.865,247.6075,19.25750000000002
1452,Tennessee,TN,Marion,47,47115,28731,7905681.456825785,58.065542475342035,Relatively Low,2023,16860,47115,"Chattanooga, TN-GA",16860,2023,372.355,339.3925,32.962500000000034
1454,Tennessee,TN,Maury,47,47119,100910,19071931.059362862,79.09640470887686,Relatively Low,2023,34980,47119,"Nashville-Davidson--Murfreesboro--Franklin, TN",34980,2023,509.59499999999997,494.355,15.239999999999952
1456,Tennessee,TN,Montgomery,47,47125,220041,27742238.185739256,85.587018771874,Relatively Moderate,2023,17300,47125,"Clarksville, TN-KY",17300,2023,338.285,321.565,16.720000000000027
1458,Tennessee,TN,Morgan,47,47129,21024,2763095.4679286433,21.253579382755326,Very Low,2023,28940,47129,"Knoxville, TN",28940,2023,425.25374999999997,387.02,38.233749999999986
1461,Tennessee,TN,Polk,47,47139,17531,2416779.1992162135,17.499204581609927,Very Low,2023,17420,47139,"Cleveland, TN",17420,2023,345.1125,318.5325,26.579999999999984
1463,Tennessee,TN,Roane,47,47145,53371,4985386.140012973,41.90264078905505,Very Low,2023,28940,47145,"Knoxville, TN",28940,2023,425.25374999999997,387.02,38.233749999999986
1464,Tennessee,TN,Robertson,47,47147,72788,8129559.590771616,58.73369392300351,Relatively Low,2023,34980,47147,"Nashville-Davidson--Murfreesboro--Franklin, TN",34980,2023,509.59499999999997,494.355,15.239999999999952
1465,Tennessee,TN,Rutherford,47,47149,341253,36606561.5295108,88.22780782691696,Relatively Moderate,2023,34980,47149,"Nashville-Davidson--Murfreesboro--Franklin, TN",34980,2023,509.59499999999997,494.355,15.239999999999952
1466,Tennessee,TN,Sequatchie,47,47153,15811,2677340.4832094316,20.26726057906459,Very Low,2023,16860,47153,"Chattanooga, TN-GA",16860,2023,372.355,339.3925,32.962500000000034
1468,Tennessee,TN,Shelby,47,47157,929552,424458602.4200774,99.23639834552976,Relatively High,2023,32820,47157,"Memphis, TN-MS-AR",32820,2023,290.70625,281.59125,9.115000000000009
1469,Tennessee,TN,Smith,47,47159,19887,3827952.5357818054,32.103086223353486,Very Low,2023,34980,47159,"Nashville-Davidson--Murfreesboro--Franklin, TN",34980,2023,509.59499999999997,494.355,15.239999999999952
1470,Tennessee,TN,Stewart,47,47161,13649,3867126.6201290353,32.548520521794465,Very Low,2023,17300,47161,"Clarksville, TN-KY",17300,2023,338.285,321.565,16.720000000000027
1471,Tennessee,TN,Sullivan,47,47163,158067,6297725.6725264,50.07954183900731,Relatively Low,2023,28700,47163,"Kingsport-Bristol, TN-VA",28700,2023,343.2725,311.195,32.077499999999986
1472,Tennessee,TN,Sumner,47,47165,196179,24686215.271760218,83.3598472796691,Relatively Moderate,2023,34980,47165,"Nashville-Davidson--Murfreesboro--Franklin, TN",34980,2023,509.59499999999997,494.355,15.239999999999952
1473,Tennessee,TN,Tipton,47,47167,60942,20403602.722841468,80.33725739739103,Relatively Low,2023,32820,47167,"Memphis, TN-MS-AR",32820,2023,290.70625,281.59125,9.115000000000009
1474,Tennessee,TN,Trousdale,47,47169,11606,1904646.901845224,12.949411390391347,Very Low,2023,34980,47169,"Nashville-Davidson--Murfreesboro--Franklin, TN",34980,2023,509.59499999999997,494.355,15.239999999999952
1475,Tennessee,TN,Unicoi,47,47171,17924,1046751.7408125892,5.66337893732103,Very Low,2023,27740,47171,"Johnson City, TN",27740,2023,346.1775,309.7575,36.420000000000016
1476,Tennessee,TN,Union,47,47173,19802,2125222.9870947837,15.112949411390392,Very Low,2023,28940,47173,"Knoxville, TN",28940,2023,425.25374999999997,387.02,38.233749999999986
1478,Tennessee,TN,Washington,47,47179,132934,7024978.755458424,54.311167674196625,Relatively Low,2023,27740,47179,"Johnson City, TN",27740,2023,346.1775,309.7575,36.420000000000016
1481,Tennessee,TN,Williamson,47,47187,247523,18135475.54387404,77.98281896277442,Relatively Low,2023,34980,47187,"Nashville-Davidson--Murfreesboro--Franklin, TN",34980,2023,509.59499999999997,494.355,15.239999999999952
1482,Tennessee,TN,Wilson,47,47189,147693,19739132.407196343,79.70092268533249,Relatively Low,2023,34980,47189,"Nashville-Davidson--Murfreesboro--Franklin, TN",34980,2023,509.59499999999997,494.355,15.239999999999952
1486,Texas,TX,Aransas,48,48007,23703,26302975.915440597,84.50524976137446,Relatively Moderate,2023,18580,48007,"Corpus Christi, TX",18580,2023,318.2275,305.8525,12.375
1487,Texas,TX,Archer,48,48009,8555,2781837.4516537967,21.38084632516704,Very Low,2023,48660,48009,"Wichita Falls, TX",48660,2023,279.77750000000003,272.0025,7.775000000000034
1488,Texas,TX,Armstrong,48,48011,1844,1675610.0795790085,10.658606426980592,Very Low,2023,11100,48011,"Amarillo, TX",11100,2023,285.4975,270.71000000000004,14.787499999999966
1489,Texas,TX,Atascosa,48,48013,48813,10535469.279586852,65.92427616926503,Relatively Low,2023,41700,48013,"San Antonio-New Braunfels, TX",41700,2023,420.5958333333333,414.9558333333334,5.6399999999999295
1490,Texas,TX,Austin,48,48015,30013,9743878.628569292,63.601654470251354,Relatively Low,2023,26420,48015,"Houston-Pasadena-The Woodlands, TX",26420,2023,399.34083333333336,383.5525,15.788333333333355
1491,Texas,TX,Bandera,48,48019,20828,6555824.377248939,51.7021953547566,Relatively Low,2023,41700,48019,"San Antonio-New Braunfels, TX",41700,2023,420.5958333333333,414.9558333333334,5.6399999999999295
1492,Texas,TX,Bastrop,48,48021,97097,18694979.59492608,78.58733693923003,Relatively Low,2023,12420,48021,"Austin-Round Rock-San Marcos, TX",12420,2023,654.4433333333333,702.0391666666666,-47.5958333333333
1494,Texas,TX,Bell,48,48027,369846,63285384.541889004,92.65033407572383,Relatively Moderate,2023,28660,48027,"Killeen-Temple, TX",28660,2023,318.28499999999997,306.43,11.854999999999961
1495,Texas,TX,Bexar,48,48029,2007298,250804252.362473,98.28189627744196,Relatively High,2023,41700,48029,"San Antonio-New Braunfels, TX",41700,2023,420.5958333333333,414.9558333333334,5.6399999999999295
1496,Texas,TX,Bosque,48,48035,18211,4331321.350548065,36.78014635698377,Very Low,2023,47380,48035,"Waco, TX",47380,2023,383.295,364.4325,18.86250000000001
1497,Texas,TX,Bowie,48,48037,92789,22373463.344440114,81.86446070633151,Relatively Low,2023,45500,48037,"Texarkana, TX-AR",45500,2023,270.4175,257.8975,12.520000000000039
1498,Texas,TX,Brazoria,48,48039,371474,375730913.53570926,99.10913140311804,Relatively High,2023,26420,48039,"Houston-Pasadena-The Woodlands, TX",26420,2023,399.34083333333336,383.5525,15.788333333333355
1499,Texas,TX,Brazos,48,48041,233555,27367945.10483557,85.2370346802418,Relatively Moderate,2023,17780,48041,"College Station-Bryan, TX",17780,2023,363.4925,337.3775,26.11500000000001
1502,Texas,TX,Burleson,48,48051,17632,3134858.9988751034,24.91250397709195,Very Low,2023,17780,48051,"College Station-Bryan, TX",17780,2023,363.4925,337.3775,26.11500000000001
1503,Texas,TX,Caldwell,48,48055,45866,22655032.122227073,81.99172764874324,Relatively Low,2023,12420,48055,"Austin-Round Rock-San Marcos, TX",12420,2023,654.4433333333333,702.0391666666666,-47.5958333333333
1505,Texas,TX,Callahan,48,48059,13697,3371845.97402226,27.744193445752465,Very Low,2023,10180,48059,"Abilene, TX",10180,2023,327.325,300.3175,27.007499999999993
1506,Texas,TX,Cameron,48,48061,420083,271688662.0821207,98.4727966910595,Relatively High,2023,15180,48061,"Brownsville-Harlingen, TX",15180,2023,281.655,257.43,24.224999999999966
1508,Texas,TX,Carson,48,48065,5799,8704439.272611242,60.6108813235762,Relatively Low,2023,11100,48065,"Amarillo, TX",11100,2023,285.4975,270.71000000000004,14.787499999999966
1509,Texas,TX,Chambers,48,48071,46507,43441165.51132402,89.75501113585747,Relatively Moderate,2023,26420,48071,"Houston-Pasadena-The Woodlands, TX",26420,2023,399.34083333333336,383.5525,15.788333333333355
1511,Texas,TX,Clay,48,48077,10200,4399355.438134124,37.480114540248174,Very Low,2023,48660,48077,"Wichita Falls, TX",48660,2023,279.77750000000003,272.0025,7.775000000000034
1512,Texas,TX,Cochran,48,48079,2539,4200625.044622975,35.634743875278396,Very Low,2023,31180,48079,"Lubbock, TX",31180,2023,281.0125,271.49,9.52249999999998
1514,Texas,TX,Comal,48,48091,161300,46785038.523211285,90.35952911231307,Relatively Moderate,2023,41700,48091,"San Antonio-New Braunfels, TX",41700,2023,420.5958333333333,414.9558333333334,5.6399999999999295
1516,Texas,TX,Coryell,48,48099,82841,13047903.9710259,71.93763919821826,Relatively Low,2023,28660,48099,"Killeen-Temple, TX",28660,2023,318.28499999999997,306.43,11.854999999999961
1517,Texas,TX,Crosby,48,48107,5131,4828695.0663837055,40.85268851415845,Very Low,2023,31180,48107,"Lubbock, TX",31180,2023,281.0125,271.49,9.52249999999998
1521,Texas,TX,Ector,48,48135,165100,26846054.772306334,84.8552338530067,Relatively Moderate,2023,36220,48135,"Odessa, TX",36220,2023,349.325,341.065,8.259999999999991
1523,Texas,TX,El Paso,48,48141,864454,83938377.44214757,94.33662106267896,Relatively Moderate,2023,21340,48141,"El Paso, TX",21340,2023,298.51625,275.0625,23.453750000000014
1525,Texas,TX,Falls,48,48145,16926,4015382.8767934097,33.98027362392618,Very Low,2023,47380,48145,"Waco, TX",47380,2023,383.295,364.4325,18.86250000000001
1528,Texas,TX,Fort Bend,48,48157,822581,355439502.2541971,99.07731466751513,Relatively High,2023,26420,48157,"Houston-Pasadena-The Woodlands, TX",26420,2023,399.34083333333336,383.5525,15.788333333333355
1529,Texas,TX,Galveston,48,48167,350477,553807380.8978788,99.52274896595608,Relatively High,2023,26420,48167,"Houston-Pasadena-The Woodlands, TX",26420,2023,399.34083333333336,383.5525,15.788333333333355
1530,Texas,TX,Garza,48,48169,5779,4569675.757403421,38.59370028635062,Very Low,2023,31180,48169,"Lubbock, TX",31180,2023,281.0125,271.49,9.52249999999998
1532,Texas,TX,Goliad,48,48175,7007,6356123.40451034,50.33407572383074,Relatively Low,2023,47020,48175,"Victoria, TX",47020,2023,327.47749999999996,302.9025,24.57499999999999
1534,Texas,TX,Grayson,48,48181,135451,24880079.575818576,83.48711422208082,Relatively Moderate,2023,43300,48181,"Sherman-Denison, TX",43300,2023,423.875,403.01250000000005,20.862499999999955
1535,Texas,TX,Gregg,48,48183,124154,38126303.01439686,88.64142538975501,Relatively Moderate,2023,30980,48183,"Longview, TX",30980,2023,320.095,295.885,24.210000000000036
1536,Texas,TX,Guadalupe,48,48187,172522,46005831.03771697,90.20044543429844,Relatively Moderate,2023,41700,48187,"San Antonio-New Braunfels, TX",41700,2023,420.5958333333333,414.9558333333334,5.6399999999999295
1538,Texas,TX,Hardin,48,48199,56129,25515840.51042404,83.8052815781101,Relatively Moderate,2023,13140,48199,"Beaumont-Port Arthur, TX",13140,2023,277.04,270.9525,6.087500000000034
1539,Texas,TX,Harris,48,48201,4726200,2940135130.2117205,99.96818326439707,Very High,2023,26420,48201,"Houston-Pasadena-The Woodlands, TX",26420,2023,399.34083333333336,383.5525,15.788333333333355
1540,Texas,TX,Harrison,48,48203,68645,14697840.553055141,74.26026089723193,Relatively Low,2023,30980,48203,"Longview, TX",30980,2023,320.095,295.885,24.210000000000036
1541,Texas,TX,Hays,48,48209,240800,76769979.59880345,93.92300349984093,Relatively Moderate,2023,12420,48209,"Austin-Round Rock-San Marcos, TX",12420,2023,654.4433333333333,702.0391666666666,-47.5958333333333
1543,Texas,TX,Hidalgo,48,48215,869532,315076807.2651631,98.75914731148583,Relatively High,2023,32580,48215,"McAllen-Edinburg-Mission, TX",32580,2023,266.5925,244.815,21.777499999999975
1544,Texas,TX,Hockley,48,48219,21365,11852554.178840915,69.71046770601336,Relatively Low,2023,31180,48219,"Lubbock, TX",31180,2023,281.0125,271.49,9.52249999999998
1548,Texas,TX,Hudspeth,48,48229,3194,1218802.3510319963,6.6815144766147,Very Low,2023,21340,48229,"El Paso, TX",21340,2023,298.51625,275.0625,23.453750000000014
1551,Texas,TX,Irion,48,48235,1511,2070771.593153742,14.635698377346484,Very Low,2023,41660,48235,"San Angelo, TX",41660,2023,354.5725,346.1625,8.409999999999968
1552,Texas,TX,Jefferson,48,48245,256386,214980067.76174495,97.74101177219218,Relatively High,2023,13140,48245,"Beaumont-Port Arthur, TX",13140,2023,277.04,270.9525,6.087500000000034
1555,Texas,TX,Jones,48,48253,19599,5852315.8122024555,47.50238625517022,Very Low,2023,10180,48253,"Abilene, TX",10180,2023,327.325,300.3175,27.007499999999993
1557,Texas,TX,Kendall,48,48259,44221,9798862.071617918,63.79255488386891,Relatively Low,2023,41700,48259,"San Antonio-New Braunfels, TX",41700,2023,420.5958333333333,414.9558333333334,5.6399999999999295
1561,Texas,TX,Lampasas,48,48281,21627,4066483.318586717,34.45752465797009,Very Low,2023,28660,48281,"Killeen-Temple, TX",28660,2023,318.28499999999997,306.43,11.854999999999961
1562,Texas,TX,Liberty,48,48291,91492,54133007.00642114,91.63219853643017,Relatively Moderate,2023,26420,48291,"Houston-Pasadena-The Woodlands, TX",26420,2023,399.34083333333336,383.5525,15.788333333333355
1563,Texas,TX,Lubbock,48,48303,309719,114866114.98234096,95.73655742920776,Relatively High,2023,31180,48303,"Lubbock, TX",31180,2023,281.0125,271.49,9.52249999999998
1564,Texas,TX,Lynn,48,48305,5545,4784343.150064394,40.4390709513204,Very Low,2023,31180,48305,"Lubbock, TX",31180,2023,281.0125,271.49,9.52249999999998
1565,Texas,TX,McLennan,48,48309,260302,46910034.05438395,90.391345847916,Relatively Moderate,2023,47380,48309,"Waco, TX",47380,2023,383.295,364.4325,18.86250000000001
1566,Texas,TX,Martin,48,48317,5229,2843405.979130636,21.88991409481387,Very Low,2023,33260,48317,"Midland, TX",33260,2023,427.72499999999997,407.575,20.149999999999977
1569,Texas,TX,Medina,48,48325,49586,12471390.749346446,70.95132039452751,Relatively Low,2023,41700,48325,"San Antonio-New Braunfels, TX",41700,2023,420.5958333333333,414.9558333333334,5.6399999999999295
1570,Texas,TX,Midland,48,48329,169849,36851038.74151835,88.3868915049316,Relatively Moderate,2023,33260,48329,"Midland, TX",33260,2023,427.72499999999997,407.575,20.149999999999977
1571,Texas,TX,Montgomery,48,48339,620016,152092453.23330554,96.7228762328985,Relatively High,2023,26420,48339,"Houston-Pasadena-The Woodlands, TX",26420,2023,399.34083333333336,383.5525,15.788333333333355
1577,Texas,TX,Nueces,48,48355,352623,191757090.5578012,97.55011135857461,Relatively High,2023,18580,48355,"Corpus Christi, TX",18580,2023,318.2275,305.8525,12.375
1578,Texas,TX,Oldham,48,48359,1739,1127397.8039319627,6.108813235762011,Very Low,2023,11100,48359,"Amarillo, TX",11100,2023,285.4975,270.71000000000004,14.787499999999966
1579,Texas,TX,Orange,48,48361,84645,144023864.47923288,96.56379255488386,Relatively High,2023,13140,48361,"Beaumont-Port Arthur, TX",13140,2023,277.04,270.9525,6.087500000000034
1582,Texas,TX,Potter,48,48375,118502,50403026.8127987,91.0913140311804,Relatively Moderate,2023,11100,48375,"Amarillo, TX",11100,2023,285.4975,270.71000000000004,14.787499999999966
1583,Texas,TX,Randall,48,48381,140728,44576605.187541805,89.94591154947503,Relatively Moderate,2023,11100,48381,"Amarillo, TX",11100,2023,285.4975,270.71000000000004,14.787499999999966
1587,Texas,TX,Robertson,48,48395,16721,4725135.966842729,39.866369710467715,Very Low,2023,17780,48395,"College Station-Bryan, TX",17780,2023,363.4925,337.3775,26.11500000000001
1589,Texas,TX,Rusk,48,48401,52076,10220584.274535758,65.03340757238307,Relatively Low,2023,30980,48401,"Longview, TX",30980,2023,320.095,295.885,24.210000000000036
1590,Texas,TX,San Jacinto,48,48407,27373,16671114.063948711,76.39198218262804,Relatively Low,2023,26420,48407,"Houston-Pasadena-The Woodlands, TX",26420,2023,399.34083333333336,383.5525,15.788333333333355
1591,Texas,TX,San Patricio,48,48409,68653,40421801.121227026,89.15049315940183,Relatively Moderate,2023,18580,48409,"Corpus Christi, TX",18580,2023,318.2275,305.8525,12.375
1593,Texas,TX,Smith,48,48423,233253,9513829.438098613,63.12440343620744,Relatively Low,2023,46340,48423,"Tyler, TX",46340,2023,335.97749999999996,318.9325,17.04499999999996
1596,Texas,TX,Taylor,48,48441,143142,25895420.473356187,84.12344893413936,Relatively Moderate,2023,10180,48441,"Abilene, TX",10180,2023,327.325,300.3175,27.007499999999993
1598,Texas,TX,Tom Green,48,48451,119849,18803846.3785643,78.71460388164172,Relatively Low,2023,41660,48451,"San Angelo, TX",41660,2023,354.5725,346.1625,8.409999999999968
1599,Texas,TX,Travis,48,48453,1285769,158145337.9438795,96.88195991091314,Relatively High,2023,12420,48453,"Austin-Round Rock-San Marcos, TX",12420,2023,654.4433333333333,702.0391666666666,-47.5958333333333
1600,Texas,TX,Upshur,48,48459,40809,12204227.068120856,70.50588609608654,Relatively Low,2023,30980,48459,"Longview, TX",30980,2023,320.095,295.885,24.210000000000036
1603,Texas,TX,Victoria,48,48469,91218,56038378.64644856,91.95036589245944,Relatively Moderate,2023,47020,48469,"Victoria, TX",47020,2023,327.47749999999996,302.9025,24.57499999999999
1605,Texas,TX,Waller,48,48473,56764,19856392.472003892,79.76455615653833,Relatively Low,2023,26420,48473,"Houston-Pasadena-The Woodlands, TX",26420,2023,399.34083333333336,383.5525,15.788333333333355
1607,Texas,TX,Webb,48,48479,266380,14072832.505687917,73.2739420935412,Relatively Low,2023,29700,48479,"Laredo, TX",29700,2023,267.65999999999997,246.065,21.59499999999997
1609,Texas,TX,Wichita,48,48485,129191,23222923.792969607,82.46897868278714,Relatively Low,2023,48660,48485,"Wichita Falls, TX",48660,2023,279.77750000000003,272.0025,7.775000000000034
1612,Texas,TX,Williamson,48,48491,608015,33306911.358468626,87.43238943684378,Relatively Moderate,2023,12420,48491,"Austin-Round Rock-San Marcos, TX",12420,2023,654.4433333333333,702.0391666666666,-47.5958333333333
1613,Texas,TX,Wilson,48,48493,49651,16846928.908372004,76.58288259624562,Relatively Low,2023,41700,48493,"San Antonio-New Braunfels, TX",41700,2023,420.5958333333333,414.9558333333334,5.6399999999999295
1617,Utah,UT,Cache,49,49005,133078,30151406.70267279,86.19153674832963,Relatively Moderate,2023,30860,49005,"Logan, UT-ID",30860,2023,408.05,405.0425,3.007499999999993
1619,Utah,UT,Davis,49,49011,362649,75432314.64370057,93.79573655742922,Relatively Moderate,2023,36260,49011,"Ogden, UT",36260,2023,415.3,417.515,-2.214999999999975
1621,Utah,UT,Juab,49,49023,11765,7156051.040609165,55.07476932866688,Relatively Low,2023,39340,49023,"Provo-Orem-Lehi, UT",39340,2023,521.65,526.1637499999999,-4.513749999999959
1622,Utah,UT,Morgan,49,49029,12295,1521972.805098083,9.22685332484887,Very Low,2023,36260,49029,"Ogden, UT",36260,2023,415.3,417.515,-2.214999999999975
1624,Utah,UT,Salt Lake,49,49035,1185141,348054915.68340796,98.9500477251034,Relatively High,2023,41620,49035,"Salt Lake City-Murray, UT",41620,2023,597.91125,604.78625,-6.875
1626,Utah,UT,Tooele,49,49045,72600,17663329.007047474,77.69646834234808,Relatively Low,2023,41620,49045,"Salt Lake City-Murray, UT",41620,2023,597.91125,604.78625,-6.875
1628,Utah,UT,Utah,49,49049,659138,152410711.15875843,96.81832643970729,Relatively High,2023,39340,49049,"Provo-Orem-Lehi, UT",39340,2023,521.65,526.1637499999999,-4.513749999999959
1630,Utah,UT,Washington,49,49053,180117,113799446.77608404,95.70474069360485,Relatively High,2023,41100,49053,"St. George, UT",41100,2023,359.01750000000004,359.0675,-0.049999999999954525
1631,Utah,UT,Weber,49,49057,262158,80820766.9353101,94.20935412026726,Relatively Moderate,2023,36260,49057,"Ogden, UT",36260,2023,415.3,417.515,-2.214999999999975
1633,Vermont,VT,Chittenden,50,50007,168162,4625244.607173459,39.10276805599746,Very Low,2023,15540,50007,"Burlington-South Burlington, VT",15540,2023,373.1125,339.64750000000004,33.464999999999975
1634,Vermont,VT,Franklin,50,50011,49919,3316344.7191008483,27.107858733693924,Very Low,2023,15540,50011,"Burlington-South Burlington, VT",15540,2023,373.1125,339.64750000000004,33.464999999999975
1635,Vermont,VT,Grand Isle,50,50013,7289,401318.19036382344,1.081769010499523,Very Low,2023,15540,50013,"Burlington-South Burlington, VT",15540,2023,373.1125,339.64750000000004,33.464999999999975
1641,Virginia,VA,Albemarle,51,51003,112239,9985452.4812105,64.39707286032453,Relatively Low,2023,16820,51003,"Charlottesville, VA",16820,2023,366.9175,338.9575,27.960000000000036
1642,Virginia,VA,Amelia,51,51007,13265,1530897.0336022307,9.417753738466434,Very Low,2023,40060,51007,"Richmond, VA",40060,2023,374.94625,347.76875,27.17750000000001
1643,Virginia,VA,Amherst,51,51009,31300,1640765.9315368412,10.372255806554248,Very Low,2023,31340,51009,"Lynchburg, VA",31340,2023,298.1925,276.34499999999997,21.847500000000025
1644,Virginia,VA,Appomattox,51,51011,16119,969777.3726797284,4.963410754056634,Very Low,2023,31340,51011,"Lynchburg, VA",31340,2023,298.1925,276.34499999999997,21.847500000000025
1646,Virginia,VA,Augusta,51,51015,77457,5290533.522201486,43.938911867642375,Very Low,2023,44420,51015,"Staunton-Stuarts Draft, VA",44420,2023,314.375,287.875,26.5
1647,Virginia,VA,Bedford,51,51019,79441,3319993.302358733,27.139675469296847,Very Low,2023,31340,51019,"Lynchburg, VA",31340,2023,298.1925,276.34499999999997,21.847500000000025
1648,Virginia,VA,Botetourt,51,51023,33548,1452424.0336687532,8.399618199172764,Very Low,2023,40220,51023,"Roanoke, VA",40220,2023,294.2025,271.11,23.092499999999973
1649,Virginia,VA,Campbell,51,51031,55696,2679179.278936188,20.330894050270444,Very Low,2023,31340,51031,"Lynchburg, VA",31340,2023,298.1925,276.34499999999997,21.847500000000025
1650,Virginia,VA,Charles City,51,51036,6773,1962691.4423592011,13.553929366846962,Very Low,2023,40060,51036,"Richmond, VA",40060,2023,374.94625,347.76875,27.17750000000001
1651,Virginia,VA,Chesterfield,51,51041,364108,37986907.81515592,88.60960865415208,Relatively Moderate,2023,40060,51041,"Richmond, VA",40060,2023,374.94625,347.76875,27.17750000000001
1653,Virginia,VA,Craig,51,51045,4883,243515.06072921283,0.572701240852688,Very Low,2023,40220,51045,"Roanoke, VA",40220,2023,294.2025,271.11,23.092499999999973
1655,Virginia,VA,Dinwiddie,51,51053,27925,3048452.159043385,24.11708558701877,Very Low,2023,40060,51053,"Richmond, VA",40060,2023,374.94625,347.76875,27.17750000000001
1658,Virginia,VA,Floyd,51,51063,15470,721876.6783855334,3.245307031498569,Very Low,2023,13980,51063,"Blacksburg-Christiansburg-Radford, VA",13980,2023,315.9575,289.14,26.817499999999995
1659,Virginia,VA,Fluvanna,51,51065,27249,1940064.4359232532,13.267578746420616,Very Low,2023,16820,51065,"Charlottesville, VA",16820,2023,366.9175,338.9575,27.960000000000036
1660,Virginia,VA,Franklin,51,51067,54455,1919364.2336321676,13.172128539611837,Very Low,2023,40220,51067,"Roanoke, VA",40220,2023,294.2025,271.11,23.092499999999973
1661,Virginia,VA,Frederick,51,51069,91336,6495527.275274466,51.28857779191854,Relatively Low,2023,49020,51069,"Winchester, VA-WV",49020,2023,320.77,302.36,18.409999999999968
1662,Virginia,VA,Giles,51,51071,16775,1277704.2315722185,7.063315303849825,Very Low,2023,13980,51071,"Blacksburg-Christiansburg-Radford, VA",13980,2023,315.9575,289.14,26.817499999999995
1663,Virginia,VA,Gloucester,51,51073,38711,10392920.584406164,65.38339166401526,Relatively Low,2023,47260,51073,"Virginia Beach-Chesapeake-Norfolk, VA-NC",47260,2023,348.29,328.06166666666667,20.228333333333353
1664,Virginia,VA,Goochland,51,51075,24727,1874927.7362987248,12.535793827553292,Very Low,2023,40060,51075,"Richmond, VA",40060,2023,374.94625,347.76875,27.17750000000001
1665,Virginia,VA,Greene,51,51079,20552,1917692.1382990617,13.140311804008908,Very Low,2023,16820,51079,"Charlottesville, VA",16820,2023,366.9175,338.9575,27.960000000000036
1666,Virginia,VA,Hanover,51,51085,109963,7531778.123671706,56.66560610881323,Relatively Low,2023,40060,51085,"Richmond, VA",40060,2023,374.94625,347.76875,27.17750000000001
1667,Virginia,VA,Henrico,51,51087,334329,18696684.536966126,78.61915367483296,Relatively Low,2023,40060,51087,"Richmond, VA",40060,2023,374.94625,347.76875,27.17750000000001
1669,Virginia,VA,Isle of Wight,51,51093,38586,12726402.285954654,71.46038816417436,Relatively Low,2023,47260,51093,"Virginia Beach-Chesapeake-Norfolk, VA-NC",47260,2023,348.29,328.06166666666667,20.228333333333353
1670,Virginia,VA,James City,51,51095,78221,17568297.570637945,77.50556792873051,Relatively Low,2023,47260,51095,"Virginia Beach-Chesapeake-Norfolk, VA-NC",47260,2023,348.29,328.06166666666667,20.228333333333353
1671,Virginia,VA,King and Queen,51,51097,6602,4257497.052207551,36.239261851734014,Very Low,2023,40060,51097,"Richmond, VA",40060,2023,374.94625,347.76875,27.17750000000001
1672,Virginia,VA,King William,51,51101,17810,4145227.1792825903,35.157492841234486,Very Low,2023,40060,51101,"Richmond, VA",40060,2023,374.94625,347.76875,27.17750000000001
1674,Virginia,VA,Mathews,51,51115,8533,8855425.060300294,60.89723194400255,Relatively Low,2023,47260,51115,"Virginia Beach-Chesapeake-Norfolk, VA-NC",47260,2023,348.29,328.06166666666667,20.228333333333353
1675,Virginia,VA,Montgomery,51,51121,99701,3253992.0653512403,26.407890550429524,Very Low,2023,13980,51121,"Blacksburg-Christiansburg-Radford, VA",13980,2023,315.9575,289.14,26.817499999999995
1676,Virginia,VA,Nelson,51,51125,14738,1614906.927816134,10.213172128539613,Very Low,2023,16820,51125,"Charlottesville, VA",16820,2023,366.9175,338.9575,27.960000000000036
1677,Virginia,VA,New Kent,51,51127,22940,4065207.8563663433,34.42570792236717,Very Low,2023,40060,51127,"Richmond, VA",40060,2023,374.94625,347.76875,27.17750000000001
1680,Virginia,VA,Powhatan,51,51145,30304,1664673.1038662416,10.563156220171807,Very Low,2023,40060,51145,"Richmond, VA",40060,2023,374.94625,347.76875,27.17750000000001
1681,Virginia,VA,Prince George,51,51149,42930,6491464.718655521,51.224944320712694,Relatively Low,2023,40060,51149,"Richmond, VA",40060,2023,374.94625,347.76875,27.17750000000001
1683,Virginia,VA,Pulaski,51,51155,33795,1544077.1051518205,9.608654152083997,Very Low,2023,13980,51155,"Blacksburg-Christiansburg-Radford, VA",13980,2023,315.9575,289.14,26.817499999999995
1685,Virginia,VA,Roanoke,51,51161,96902,4204577.1066761,35.762010817690104,Very Low,2023,40220,51161,"Roanoke, VA",40220,2023,294.2025,271.11,23.092499999999973
1686,Virginia,VA,Rockingham,51,51165,83694,8881932.5826434,61.02449888641426,Relatively Low,2023,25500,51165,"Harrisonburg, VA",25500,2023,299.615,282.545,17.069999999999993
1687,Virginia,VA,Scott,51,51169,21551,1598367.8362041507,10.054088450524976,Very Low,2023,28700,51169,"Kingsport-Bristol, TN-VA",28700,2023,343.2725,311.195,32.077499999999986
1690,Virginia,VA,Surry,51,51181,6561,4770840.268021552,40.34362074451162,Very Low,2023,47260,51181,"Virginia Beach-Chesapeake-Norfolk, VA-NC",47260,2023,348.29,328.06166666666667,20.228333333333353
1691,Virginia,VA,Sussex,51,51183,10829,2271044.7362705204,16.32198536430162,Very Low,2023,40060,51183,"Richmond, VA",40060,2023,374.94625,347.76875,27.17750000000001
1694,Virginia,VA,Washington,51,51191,53894,2540443.895089298,18.70824053452116,Very Low,2023,28700,51191,"Kingsport-Bristol, TN-VA",28700,2023,343.2725,311.195,32.077499999999986
1695,Virginia,VA,York,51,51199,70026,22087173.360096615,81.57811008590518,Relatively Low,2023,47260,51199,"Virginia Beach-Chesapeake-Norfolk, VA-NC",47260,2023,348.29,328.06166666666667,20.228333333333353
1697,Virginia,VA,Bristol,51,51520,17217,824280.5489217932,3.78619153674833,Very Low,2023,28700,51520,"Kingsport-Bristol, TN-VA",28700,2023,343.2725,311.195,32.077499999999986
1698,Virginia,VA,Charlottesville,51,51540,46443,3273472.0140269394,26.821508113267576,Very Low,2023,16820,51540,"Charlottesville, VA",16820,2023,366.9175,338.9575,27.960000000000036
1699,Virginia,VA,Chesapeake,51,51550,249270,47591907.60221624,90.58224626153357,Relatively Moderate,2023,47260,51550,"Virginia Beach-Chesapeake-Norfolk, VA-NC",47260,2023,348.29,328.06166666666667,20.228333333333353
1700,Virginia,VA,Colonial Heights,51,51570,18163,1814853.3247908433,11.89945911549475,Very Low,2023,40060,51570,"Richmond, VA",40060,2023,374.94625,347.76875,27.17750000000001
1705,Virginia,VA,Hampton,51,51650,137063,34786455.98032918,87.87782373528475,Relatively Moderate,2023,47260,51650,"Virginia Beach-Chesapeake-Norfolk, VA-NC",47260,2023,348.29,328.06166666666667,20.228333333333353
1706,Virginia,VA,Harrisonburg,51,51660,51814,4046473.6869210023,34.234807508749604,Very Low,2023,25500,51660,"Harrisonburg, VA",25500,2023,299.615,282.545,17.069999999999993
1707,Virginia,VA,Hopewell,51,51670,22982,4668399.878227304,39.42093541202672,Very Low,2023,40060,51670,"Richmond, VA",40060,2023,374.94625,347.76875,27.17750000000001
1708,Virginia,VA,Lynchburg,51,51680,78993,5325492.015647382,44.129812281259944,Very Low,2023,31340,51680,"Lynchburg, VA",31340,2023,298.1925,276.34499999999997,21.847500000000025
1712,Virginia,VA,Newport News,51,51700,186209,45262699.54760989,90.07317849188672,Relatively Moderate,2023,47260,51700,"Virginia Beach-Chesapeake-Norfolk, VA-NC",47260,2023,348.29,328.06166666666667,20.228333333333353
1713,Virginia,VA,Norfolk,51,51710,237884,52867130.48860121,91.50493159401844,Relatively Moderate,2023,47260,51710,"Virginia Beach-Chesapeake-Norfolk, VA-NC",47260,2023,348.29,328.06166666666667,20.228333333333353
1714,Virginia,VA,Petersburg,51,51730,33446,4431115.717404485,37.70283168946867,Very Low,2023,40060,51730,"Richmond, VA",40060,2023,374.94625,347.76875,27.17750000000001
1715,Virginia,VA,Poquoson,51,51735,12460,3660497.3993931697,30.51224944320713,Very Low,2023,47260,51735,"Virginia Beach-Chesapeake-Norfolk, VA-NC",47260,2023,348.29,328.06166666666667,20.228333333333353
1716,Virginia,VA,Portsmouth,51,51740,97881,25531081.292012427,83.83709831371301,Relatively Moderate,2023,47260,51740,"Virginia Beach-Chesapeake-Norfolk, VA-NC",47260,2023,348.29,328.06166666666667,20.228333333333353
1717,Virginia,VA,Radford,51,51750,16070,729706.5767433747,3.34075723830735,Very Low,2023,13980,51750,"Blacksburg-Christiansburg-Radford, VA",13980,2023,315.9575,289.14,26.817499999999995
1718,Virginia,VA,Richmond,51,51760,226269,14068741.789737163,73.24212535793828,Relatively Low,2023,40060,51760,"Richmond, VA",40060,2023,374.94625,347.76875,27.17750000000001
1719,Virginia,VA,Roanoke,51,51770,99966,5566729.328869677,45.94336621062679,Very Low,2023,40220,51770,"Roanoke, VA",40220,2023,294.2025,271.11,23.092499999999973
1720,Virginia,VA,Salem,51,51775,25346,2286460.1311409096,16.481069042316257,Very Low,2023,40220,51775,"Roanoke, VA",40220,2023,294.2025,271.11,23.092499999999973
1721,Virginia,VA,Staunton,51,51790,25738,2185802.1569230445,15.749284123448934,Very Low,2023,44420,51790,"Staunton-Stuarts Draft, VA",44420,2023,314.375,287.875,26.5
1722,Virginia,VA,Suffolk,51,51800,94179,21166098.02381115,80.81450843143494,Relatively Low,2023,47260,51800,"Virginia Beach-Chesapeake-Norfolk, VA-NC",47260,2023,348.29,328.06166666666667,20.228333333333353
1723,Virginia,VA,Virginia Beach,51,51810,458853,36281024.75260726,88.19599109131403,Relatively Moderate,2023,47260,51810,"Virginia Beach-Chesapeake-Norfolk, VA-NC",47260,2023,348.29,328.06166666666667,20.228333333333353
1724,Virginia,VA,Waynesboro,51,51820,22195,2440884.3070661197,17.817371937639198,Very Low,2023,44420,51820,"Staunton-Stuarts Draft, VA",44420,2023,314.375,287.875,26.5
1725,Virginia,VA,Williamsburg,51,51830,15425,4436204.015232334,37.766465160674514,Very Low,2023,47260,51830,"Virginia Beach-Chesapeake-Norfolk, VA-NC",47260,2023,348.29,328.06166666666667,20.228333333333353
1726,Virginia,VA,Winchester,51,51840,28110,3327411.6749708764,27.171492204899774,Very Low,2023,49020,51840,"Winchester, VA-WV",49020,2023,320.77,302.36,18.409999999999968
1728,Washington,WA,Asotin,53,53003,22285,1522679.0288174907,9.258670060451797,Very Low,2023,30300,53003,"Lewiston, ID-WA",30300,2023,373.9525,367.635,6.3174999999999955
1729,Washington,WA,Benton,53,53005,206541,32842227.655895237,87.24148902322622,Relatively Moderate,2023,28420,53005,"Kennewick-Richland, WA",28420,2023,352.8775,347.255,5.622500000000002
1730,Washington,WA,Chelan,53,53007,78989,31915545.107945327,86.92332166719694,Relatively Moderate,2023,48300,53007,"Wenatchee-East Wenatchee, WA",48300,2023,398.38,383.1625,15.217499999999973
1732,Washington,WA,Clark,53,53011,503148,119184126.53267512,95.83200763601654,Relatively High,2023,38900,53011,"Portland-Vancouver-Hillsboro, OR-WA",38900,2023,565.5308333333334,567.7433333333333,-2.2124999999999773
1733,Washington,WA,Cowlitz,53,53015,110649,57254272.9524019,92.14126630607699,Relatively Moderate,2023,31020,53015,"Longview-Kelso, WA",31020,2023,376.26,375.4,0.8600000000000136
1734,Washington,WA,Douglas,53,53017,42903,9720488.073542701,63.53802099904551,Relatively Low,2023,48300,53017,"Wenatchee-East Wenatchee, WA",48300,2023,398.38,383.1625,15.217499999999973
1735,Washington,WA,Franklin,53,53021,96653,11410160.856776444,68.46961501749921,Relatively Low,2023,28420,53021,"Kennewick-Richland, WA",28420,2023,352.8775,347.255,5.622500000000002
1741,Washington,WA,Kitsap,53,53035,275553,88655078.04067647,94.52752147629653,Relatively Moderate,2023,14740,53035,"Bremerton-Silverdale-Port Orchard, WA",14740,2023,420.73749999999995,421.6275,-0.8900000000000432
1746,Washington,WA,Skagit,53,53057,129360,40390635.99934246,89.11867642379892,Relatively Moderate,2023,34580,53057,"Mount Vernon-Anacortes, WA",34580,2023,414.125,407.475,6.649999999999977
1747,Washington,WA,Skamania,53,53059,12011,11952787.446955863,69.99681832643971,Relatively Low,2023,38900,53059,"Portland-Vancouver-Hillsboro, OR-WA",38900,2023,565.5308333333334,567.7433333333333,-2.2124999999999773
1749,Washington,WA,Spokane,53,53063,538806,21952032.98202607,81.32357620108178,Relatively Low,2023,44060,53063,"Spokane-Spokane Valley, WA",44060,2023,397.67,395.7025,1.9675000000000296
1750,Washington,WA,Stevens,53,53065,46368,5193134.135999508,43.55711104040726,Very Low,2023,44060,53065,"Spokane-Spokane Valley, WA",44060,2023,397.67,395.7025,1.9675000000000296
1751,Washington,WA,Thurston,53,53067,294398,128926569.05510063,96.21380846325167,Relatively High,2023,36500,53067,"Olympia-Lacey-Tumwater, WA",36500,2023,388.17,380.8375,7.332500000000039
1752,Washington,WA,Walla Walla,53,53071,62555,12358865.84767386,70.76041998090996,Relatively Low,2023,47460,53071,"Walla Walla, WA",47460,2023,400.8075,398.88,1.927500000000009
1753,Washington,WA,Whatcom,53,53073,226681,48889654.28557409,90.93223035316576,Relatively Moderate,2023,13380,53073,"Bellingham, WA",13380,2023,441.9375,438.3225,3.615000000000009
1755,Washington,WA,Yakima,53,53077,256420,70249712.899229,93.22303531657653,Relatively Moderate,2023,49420,53077,"Yakima, WA",49420,2023,327.13,313.535,13.59499999999997
1756,West Virginia,WV,Berkeley,54,54003,122020,8471540.796099959,59.847279669105944,Relatively Low,2023,25180,54003,"Hagerstown-Martinsburg, MD-WV",25180,2023,285.2175,269.7725,15.444999999999993
1757,West Virginia,WV,Boone,54,54005,21756,2865086.851573436,22.208081450843142,Very Low,2023,16620,54005,"Charleston, WV",16620,2023,211.39,200.25,11.139999999999986
1758,West Virginia,WV,Brooke,54,54009,22549,2712431.0038166274,20.744511613108497,Very Low,2023,48260,54009,"Weirton-Steubenville, WV-OH",48260,2023,275.265,258.8125,16.452499999999986
1759,West Virginia,WV,Cabell,54,54011,94158,4754626.473503664,40.120903595291125,Very Low,2023,26580,54011,"Huntington-Ashland, WV-KY-OH",26580,2023,236.1375,223.2825,12.85499999999999
1760,West Virginia,WV,Clay,54,54015,8050,1590534.1765724004,10.022271714922049,Very Low,2023,16620,54015,"Charleston, WV",16620,2023,211.39,200.25,11.139999999999986
1762,West Virginia,WV,Fayette,54,54019,40383,3123679.0942552225,24.753420299077312,Very Low,2023,13220,54019,"Beckley, WV",13220,2023,266.955,244.085,22.869999999999976
1763,West Virginia,WV,Hampshire,54,54027,23087,2627602.648052272,19.6945593382119,Very Low,2023,49020,54027,"Winchester, VA-WV",49020,2023,320.77,302.36,18.409999999999968
1764,West Virginia,WV,Hancock,54,54029,29091,3372807.370711125,27.776010181355392,Very Low,2023,48260,54029,"Weirton-Steubenville, WV-OH",48260,2023,275.265,258.8125,16.452499999999986
1767,West Virginia,WV,Kanawha,54,54039,180603,19532553.43410368,79.57365574292078,Relatively Low,2023,16620,54039,"Charleston, WV",16620,2023,211.39,200.25,11.139999999999986
1769,West Virginia,WV,Marshall,54,54051,30591,3176368.386854876,25.6761056315622,Very Low,2023,48540,54051,"Wheeling, WV-OH",48540,2023,248.2425,239.9425,8.300000000000011
1772,West Virginia,WV,Monongalia,54,54061,105598,4562908.499747046,38.46643334393891,Very Low,2023,34060,54061,"Morgantown, WV",34060,2023,279.6175,269.0675,10.550000000000011
1773,West Virginia,WV,Morgan,54,54065,17057,1784244.3677096025,11.58129175946548,Very Low,2023,25180,54065,"Hagerstown-Martinsburg, MD-WV",25180,2023,285.2175,269.7725,15.444999999999993
1774,West Virginia,WV,Ohio,54,54069,42418,6995911.217726125,54.12026726057907,Relatively Low,2023,48540,54069,"Wheeling, WV-OH",48540,2023,248.2425,239.9425,8.300000000000011
1775,West Virginia,WV,Preston,54,54077,34212,1757063.9025644835,11.32675787464206,Very Low,2023,34060,54077,"Morgantown, WV",34060,2023,279.6175,269.0675,10.550000000000011
1776,West Virginia,WV,Putnam,54,54079,57374,3156284.6411899226,25.35793827553293,Very Low,2023,26580,54079,"Huntington-Ashland, WV-KY-OH",26580,2023,236.1375,223.2825,12.85499999999999
1777,West Virginia,WV,Raleigh,54,54081,74558,7751526.085688424,57.3337575564747,Relatively Low,2023,13220,54081,"Beckley, WV",13220,2023,266.955,244.085,22.869999999999976
1780,West Virginia,WV,Wayne,54,54099,38938,4122329.3795516,34.998409163219854,Very Low,2023,26580,54099,"Huntington-Ashland, WV-KY-OH",26580,2023,236.1375,223.2825,12.85499999999999
1781,West Virginia,WV,Wirt,54,54105,5184,552302.4797483823,2.099904549793191,Very Low,2023,37620,54105,"Parkersburg-Vienna, WV",37620,2023,246.665,232.995,13.669999999999987
1782,West Virginia,WV,Wood,54,54107,84238,3360296.1676448984,27.585109767737833,Very Low,2023,37620,54107,"Parkersburg-Vienna, WV",37620,2023,246.665,232.995,13.669999999999987
1784,Wisconsin,WI,Brown,55,55009,268585,18231768.811972514,78.11008590518614,Relatively Low,2023,24580,55009,"Green Bay, WI",24580,2023,287.1675,259.1675,28.0
1785,Wisconsin,WI,Calumet,55,55015,52428,5871010.541958249,47.693286668787785,Very Low,2023,11540,55015,"Appleton, WI",11540,2023,285.1525,256.5,28.652499999999975
1786,Wisconsin,WI,Chippewa,55,55017,66228,6402111.148247417,50.62042634425707,Relatively Low,2023,20740,55017,"Eau Claire, WI",20740,2023,362.695,331.355,31.339999999999975
1787,Wisconsin,WI,Columbia,55,55021,58373,11097759.93806163,67.54692968501432,Relatively Low,2023,31540,55021,"Madison, WI",31540,2023,319.36,294.3675,24.992500000000007
1788,Wisconsin,WI,Dane,55,55025,561270,48294195.67117999,90.74132993954821,Relatively Moderate,2023,31540,55025,"Madison, WI",31540,2023,319.36,294.3675,24.992500000000007
1790,Wisconsin,WI,Douglas,55,55031,44212,2827701.3304469856,21.794463888005087,Very Low,2023,20260,55031,"Duluth, MN-WI",20260,2023,383.555,356.195,27.360000000000014
1792,Wisconsin,WI,Eau Claire,55,55035,105611,10374984.462674068,65.31975819280942,Relatively Low,2023,20740,55035,"Eau Claire, WI",20740,2023,362.695,331.355,31.339999999999975
1794,Wisconsin,WI,Fond du Lac,55,55039,104053,12205099.81650804,70.53770283168946,Relatively Low,2023,22540,55039,"Fond du Lac, WI",22540,2023,270.4925,243.265,27.22750000000002
1796,Wisconsin,WI,Green,55,55045,37080,5647712.235305289,46.32516703786192,Very Low,2023,31540,55045,"Madison, WI",31540,2023,319.36,294.3675,24.992500000000007
1797,Wisconsin,WI,Iowa,55,55049,23675,4379069.141629741,37.22558065542476,Very Low,2023,31540,55049,"Madison, WI",31540,2023,319.36,294.3675,24.992500000000007
1799,Wisconsin,WI,Kenosha,55,55059,168940,18442534.137399983,78.39643652561249,Relatively Low,2023,28450,55059,"Kenosha, WI",28450,2023,271.8525,254.5975,17.255000000000024
1800,Wisconsin,WI,Kewaunee,55,55061,20563,1910202.8638155905,13.044861597200129,Very Low,2023,24580,55061,"Green Bay, WI",24580,2023,287.1675,259.1675,28.0
1801,Wisconsin,WI,La Crosse,55,55063,120545,14311510.308565697,73.68755965637925,Relatively Low,2023,29100,55063,"La Crosse-Onalaska, WI-MN",29100,2023,342.1325,317.5025,24.629999999999995
1803,Wisconsin,WI,Marathon,55,55073,137975,9022747.144794045,61.56538339166402,Relatively Low,2023,48140,55073,"Wausau, WI",48140,2023,269.43,249.0925,20.337500000000006
1806,Wisconsin,WI,Milwaukee,55,55079,939336,74936872.74615604,93.76391982182629,Relatively Moderate,2023,33340,55079,"Milwaukee-Waukesha, WI",33340,2023,348.21250000000003,322.08,26.13250000000005
1808,Wisconsin,WI,Oconto,55,55083,38902,3273036.464299248,26.789691377664653,Very Low,2023,24580,55083,"Green Bay, WI",24580,2023,287.1675,259.1675,28.0
1809,Wisconsin,WI,Outagamie,55,55087,190651,12054426.620773507,70.31498568246897,Relatively Low,2023,11540,55087,"Appleton, WI",11540,2023,285.1525,256.5,28.652499999999975
1810,Wisconsin,WI,Ozaukee,55,55089,91247,6244190.008337947,49.665924276169264,Relatively Low,2023,33340,55089,"Milwaukee-Waukesha, WI",33340,2023,348.21250000000003,322.08,26.13250000000005
1811,Wisconsin,WI,Pierce,55,55093,42203,11543409.880751029,68.94686605154311,Relatively Low,2023,33460,55093,"Minneapolis-St. Paul-Bloomington, MN-WI",33460,2023,378.17,367.955,10.215000000000032
1813,Wisconsin,WI,Racine,55,55101,197542,15631881.249559315,75.21476296531976,Relatively Low,2023,39540,55101,"Racine-Mount Pleasant, WI",39540,2023,277.245,255.235,22.00999999999999
1814,Wisconsin,WI,Rock,55,55105,163608,21924236.595141858,81.25994272987592,Relatively Low,2023,27500,55105,"Janesville-Beloit, WI",27500,2023,292.3425,269.575,22.767499999999984
1815,Wisconsin,WI,St. Croix,55,55109,93429,16412014.033055604,76.10563156220171,Relatively Low,2023,33460,55109,"Minneapolis-St. Paul-Bloomington, MN-WI",33460,2023,378.17,367.955,10.215000000000032
1818,Wisconsin,WI,Sheboygan,55,55117,117195,10456507.06643674,65.57429207763283,Relatively Low,2023,43100,55117,"Sheboygan, WI",43100,2023,291.2525,255.81,35.442499999999995
1819,Wisconsin,WI,Vernon,55,55123,30574,6480984.353800222,51.12949411390392,Relatively Low,2023,29100,55123,"La Crosse-Onalaska, WI-MN",29100,2023,342.1325,317.5025,24.629999999999995
1821,Wisconsin,WI,Washington,55,55131,136723,12626815.216504894,71.26948775055679,Relatively Low,2023,33340,55131,"Milwaukee-Waukesha, WI",33340,2023,348.21250000000003,322.08,26.13250000000005
1822,Wisconsin,WI,Waukesha,55,55133,406817,27731038.948450055,85.55520203627108,Relatively Moderate,2023,33340,55133,"Milwaukee-Waukesha, WI",33340,2023,348.21250000000003,322.08,26.13250000000005
1823,Wisconsin,WI,Winnebago,55,55139,171623,18371034.06146303,78.23735284759783,Relatively Low,2023,36780,55139,"Oshkosh-Neenah, WI",36780,2023,281.4475,254.22750000000002,27.21999999999997
1828,Wyoming,WY,Laramie,56,56021,100483,20672782.301949423,80.59179128221444,Relatively Low,2023,16940,56021,"Cheyenne, WY",16940,2023,360.1275,356.7625,3.365000000000009
1829,Wyoming,WY,Natrona,56,56025,79870,4818386.151231584,40.66178810054089,Very Low,2023,16220,56025,"Casper, WY",16220,2023,390.1775,362.15,28.027500000000032
1906,Kentucky,KY,Kenton,21,21117,159720,,10.449056730262576,Relatively Low,2021,17140,21117,"Cincinnati, OH-KY-IN",17140,2021,247.66333333333333,216.89916666666667,30.764166666666654
1908,Kentucky,KY,Larue,21,21123,14193,,4.610899675923875,Very Low,2021,21060,21123,"Elizabethtown, KY",21060,2021,240.3175,211.4525,28.86500000000001
1910,Kentucky,KY,Lawrence,21,21127,15860,,6.767260626197444,Very Low,2021,26580,21127,"Huntington-Ashland, WV-KY-OH",26580,2021,201.7675,186.46,15.307500000000005
1912,Kentucky,KY,Livingston,21,21139,9519,,9.999168795849084,Relatively Low,2021,37140,21139,"Paducah, KY-IL",37140,2021,207.1525,185.7475,21.405
1913,Kentucky,KY,McCracken,21,21145,65565,,19.1236416232316,Relatively Moderate,2021,37140,21145,"Paducah, KY-IL",37140,2021,207.1525,185.7475,21.405
1914,Kentucky,KY,McLean,21,21149,9531,,7.142575814759451,Very Low,2021,36980,21149,"Owensboro, KY",36980,2021,227.725,205.2,22.525000000000006
1916,Kentucky,KY,Meade,21,21163,28602,,6.093386636259496,Very Low,2021,31140,21163,"Louisville/Jefferson County, KY-IN",31140,2021,282.9175,251.27375,31.64375000000001
1920,Kentucky,KY,Nelson,21,21179,43437,,8.085131814711216,Very Low,2021,31140,21179,"Louisville/Jefferson County, KY-IN",31140,2021,282.9175,251.27375,31.64375000000001
1921,Kentucky,KY,Oldham,21,21185,60316,,2.109627274897735,Very Low,2021,31140,21185,"Louisville/Jefferson County, KY-IN",31140,2021,282.9175,251.27375,31.64375000000001
1922,Kentucky,KY,Pendleton,21,21191,14877,,7.446827729374586,Very Low,2021,17140,21191,"Cincinnati, OH-KY-IN",17140,2021,247.66333333333333,216.89916666666667,30.764166666666654
1926,Kentucky,KY,Scott,21,21209,47173,,5.94170198989998,Very Low,2021,30460,21209,"Lexington-Fayette, KY",30460,2021,249.4625,222.315,27.147500000000008
1927,Kentucky,KY,Shelby,21,21211,42074,,9.221718920269812,Relatively Low,2021,31140,21211,"Louisville/Jefferson County, KY-IN",31140,2021,282.9175,251.27375,31.64375000000001
1929,Kentucky,KY,Spencer,21,21215,17061,,3.918507109712236,Very Low,2021,31140,21215,"Louisville/Jefferson County, KY-IN",31140,2021,282.9175,251.27375,31.64375000000001
1931,Kentucky,KY,Trigg,21,21221,14339,,11.422135572644615,Relatively Low,2021,17300,21221,"Clarksville, TN-KY",17300,2021,261.3425,224.39249999999998,36.94999999999999
1932,Kentucky,KY,Warren,21,21227,113792,,12.754965401565483,Relatively Low,2021,14540,21227,"Bowling Green, KY",14540,2021,223.3375,199.6525,23.685000000000002
1935,Kentucky,KY,Woodford,21,21239,24939,,5.980705110989244,Very Low,2021,30460,21239,"Lexington-Fayette, KY",30460,2021,249.4625,222.315,27.147500000000008
1936,Louisiana,LA,Acadia,22,22001,61773,,15.299774361500187,Relatively Moderate,2021,29180,22001,"Lafayette, LA",29180,2021,240.175,227.14,13.035000000000025
1937,Louisiana,LA,Ascension,22,22005,107215,,9.287878170053272,Relatively Low,2021,12940,22005,"Baton Rouge, LA",12940,2021,278.34625,257.79375,20.55250000000001
1938,Louisiana,LA,Assumption,22,22007,23421,,10.733231673714991,Relatively Low,2021,12940,22007,"Baton Rouge, LA",12940,2021,278.34625,257.79375,20.55250000000001
1940,Louisiana,LA,Bossier,22,22015,116979,,13.875911492833348,Relatively Moderate,2021,43340,22015,"Shreveport-Bossier City, LA",43340,2021,211.59,200.025,11.564999999999998
1941,Louisiana,LA,Caddo,22,22017,254969,,17.827184929236353,Relatively Moderate,2021,43340,22017,"Shreveport-Bossier City, LA",43340,2021,211.59,200.025,11.564999999999998
1942,Louisiana,LA,Calcasieu,22,22019,192768,,22.01823197900592,Relatively Moderate,2021,29340,22019,"Lake Charles, LA",29340,2021,250.195,236.41,13.784999999999997
1943,Louisiana,LA,Cameron,22,22023,6839,,4.726390988350828,Very Low,2021,29340,22023,"Lake Charles, LA",29340,2021,250.195,236.41,13.784999999999997
1945,Louisiana,LA,De Soto,22,22031,26656,,10.080470957617775,Relatively Low,2021,43340,22031,"Shreveport-Bossier City, LA",43340,2021,211.59,200.025,11.564999999999998
1946,Louisiana,LA,East Baton Rouge,22,22033,440171,,26.934004488654455,Relatively High,2021,12940,22033,"Baton Rouge, LA",12940,2021,278.34625,257.79375,20.55250000000001
1947,Louisiana,LA,East Feliciana,22,22037,20267,,8.34650391093752,Relatively Low,2021,12940,22037,"Baton Rouge, LA",12940,2021,278.34625,257.79375,20.55250000000001
1948,Louisiana,LA,Grant,22,22043,22309,,5.110589030937391,Very Low,2021,10780,22043,"Alexandria, LA",10780,2021,234.16,218.235,15.924999999999983
1950,Louisiana,LA,Iberville,22,22047,33387,,9.780087983000142,Relatively Low,2021,12940,22047,"Baton Rouge, LA",12940,2021,278.34625,257.79375,20.55250000000001
1951,Louisiana,LA,Jefferson,22,22051,432552,,26.70711657996489,Relatively High,2021,35380,22051,"New Orleans-Metairie, LA",35380,2021,347.72,317.2875,30.432500000000005
1952,Louisiana,LA,Jefferson Davis,22,22053,31594,,12.538328453248807,Relatively Low,2021,29340,22053,"Lake Charles, LA",29340,2021,250.195,236.41,13.784999999999997
1953,Louisiana,LA,Lafayette,22,22055,221578,,20.770128664924147,Relatively Moderate,2021,29180,22055,"Lafayette, LA",29180,2021,240.175,227.14,13.035000000000025
1954,Louisiana,LA,Lafourche,22,22057,96318,,14.367628553500674,Relatively Moderate,2021,26380,22057,"Houma-Bayou Cane-Thibodaux, LA",26380,2021,260.41999999999996,249.4375,10.982499999999959
1956,Louisiana,LA,Livingston,22,22063,128026,,12.413599019667704,Relatively Low,2021,12940,22063,"Baton Rouge, LA",12940,2021,278.34625,257.79375,20.55250000000001
1957,Louisiana,LA,Morehouse,22,22067,27979,,13.445091237994124,Relatively Moderate,2021,33740,22067,"Monroe, LA",33740,2021,230.2375,216.27,13.967500000000001
1959,Louisiana,LA,Orleans,22,22071,343829,,49.29905208835835,Very High,2021,35380,22071,"New Orleans-Metairie, LA",35380,2021,347.72,317.2875,30.432500000000005
1960,Louisiana,LA,Ouachita,22,22073,153720,,16.569262232314735,Relatively Moderate,2021,33740,22073,"Monroe, LA",33740,2021,230.2375,216.27,13.967500000000001
1961,Louisiana,LA,Plaquemines,22,22075,23042,,8.28351854104922,Relatively Low,2021,35380,22075,"New Orleans-Metairie, LA",35380,2021,347.72,317.2875,30.432500000000005
1962,Louisiana,LA,Pointe Coupee,22,22077,22802,,10.775976582922324,Relatively Low,2021,12940,22077,"Baton Rouge, LA",12940,2021,278.34625,257.79375,20.55250000000001
1963,Louisiana,LA,Rapides,22,22079,131613,,13.006772076096352,Relatively Low,2021,10780,22079,"Alexandria, LA",10780,2021,234.16,218.235,15.924999999999983
1964,Louisiana,LA,Richland,22,22083,20725,,13.852892324171926,Relatively Moderate,2021,33740,22083,"Monroe, LA",33740,2021,230.2375,216.27,13.967500000000001
1965,Louisiana,LA,St. Bernard,22,22087,35897,,13.602565026263408,Relatively Moderate,2021,35380,22087,"New Orleans-Metairie, LA",35380,2021,347.72,317.2875,30.432500000000005
1966,Louisiana,LA,St. Charles,22,22089,52780,,11.237534818967235,Relatively Low,2021,35380,22089,"New Orleans-Metairie, LA",35380,2021,347.72,317.2875,30.432500000000005
1967,Louisiana,LA,St. Helena,22,22091,11203,,11.482134113275873,Relatively Low,2021,12940,22091,"Baton Rouge, LA",12940,2021,278.34625,257.79375,20.55250000000001
1968,Louisiana,LA,St. James,22,22093,22102,,8.665623069760326,Relatively Low,2021,35380,22093,"New Orleans-Metairie, LA",35380,2021,347.72,317.2875,30.432500000000005
1969,Louisiana,LA,St. John the Baptist,22,22095,45924,,12.280316796319148,Relatively Low,2021,35380,22095,"New Orleans-Metairie, LA",35380,2021,347.72,317.2875,30.432500000000005
1971,Louisiana,LA,St. Martin,22,22099,52160,,14.201953094102162,Relatively Moderate,2021,29180,22099,"Lafayette, LA",29180,2021,240.175,227.14,13.035000000000025
1973,Louisiana,LA,St. Tammany,22,22103,233740,,19.68249351585448,Relatively Moderate,2021,43640,22103,"Slidell-Mandeville-Covington, LA",43640,2021,233.77499999999998,212.9525,20.82249999999999
1974,Louisiana,LA,Tangipahoa,22,22105,121097,,17.77699790874311,Relatively Moderate,2021,25220,22105,"Hammond, LA",25220,2021,242.69,224.4075,18.2825
1975,Louisiana,LA,Terrebonne,22,22109,111860,,15.531566360759104,Relatively Moderate,2021,26380,22109,"Houma-Bayou Cane-Thibodaux, LA",26380,2021,260.41999999999996,249.4375,10.982499999999959
1976,Louisiana,LA,Union,22,22111,22721,,8.963945571370637,Relatively Low,2021,33740,22111,"Monroe, LA",33740,2021,230.2375,216.27,13.967500000000001
1977,Louisiana,LA,Vermilion,22,22113,57999,,15.112706994636174,Relatively Moderate,2021,29180,22113,"Lafayette, LA",29180,2021,240.175,227.14,13.035000000000025
1980,Louisiana,LA,West Baton Rouge,22,22121,23788,,6.374112501724568,Very Low,2021,12940,22121,"Baton Rouge, LA",12940,2021,278.34625,257.79375,20.55250000000001
1981,Louisiana,LA,West Feliciana,22,22125,15625,,0.706314816677338,Very Low,2021,12940,22125,"Baton Rouge, LA",12940,2021,278.34625,257.79375,20.55250000000001
1982,Maine,ME,Androscoggin,23,23001,107702,,9.797561683355642,Relatively Low,2021,30340,23001,"Lewiston-Auburn, ME",30340,2021,271.8025,228.1875,43.61500000000001
1983,Maine,ME,Cumberland,23,23005,281674,,9.805792966460626,Relatively Low,2021,38860,23005,"Portland-South Portland, ME",38860,2021,342.955,292.3825,50.57249999999999
1985,Maine,ME,Penobscot,23,23019,153923,,11.372359807456204,Relatively Low,2021,12620,23019,"Bangor, ME",12620,2021,250.29,215.7025,34.587500000000006
1986,Maine,ME,Sagadahoc,23,23023,35293,,4.626247798307737,Very Low,2021,38860,23023,"Portland-South Portland, ME",38860,2021,342.955,292.3825,50.57249999999999
1987,Maine,ME,York,23,23031,197131,,10.52035524743012,Relatively Low,2021,38860,23031,"Portland-South Portland, ME",38860,2021,342.955,292.3825,50.57249999999999
1989,Maryland,MD,Anne Arundel,24,24003,537656,,6.592677889618855,Very Low,2021,12580,24003,"Baltimore-Columbia-Towson, MD",12580,2021,276.3858333333333,250.15083333333334,26.234999999999985
1990,Maryland,MD,Baltimore,24,24005,805029,,11.720333676249489,Relatively Low,2021,12580,24005,"Baltimore-Columbia-Towson, MD",12580,2021,276.3858333333333,250.15083333333334,26.234999999999985
1991,Maryland,MD,Calvert,24,24009,88737,,3.536079194175807,Very Low,2021,30500,24009,"Lexington Park, MD",30500,2021,246.6825,223.175,23.507499999999993
1992,Maryland,MD,Carroll,24,24013,167134,,4.43418104590112,Very Low,2021,12580,24013,"Baltimore-Columbia-Towson, MD",12580,2021,276.3858333333333,250.15083333333334,26.234999999999985
1997,Maryland,MD,Harford,24,24025,244826,,5.492018323010122,Very Low,2021,12580,24025,"Baltimore-Columbia-Towson, MD",12580,2021,276.3858333333333,250.15083333333334,26.234999999999985
1998,Maryland,MD,Howard,24,24027,287085,,1.188091651636625,Very Low,2021,12580,24027,"Baltimore-Columbia-Towson, MD",12580,2021,276.3858333333333,250.15083333333334,26.234999999999985
2001,Maryland,MD,Queen Anne's,24,24035,47798,,7.719365894284071,Very Low,2021,12580,24035,"Baltimore-Columbia-Towson, MD",12580,2021,276.3858333333333,250.15083333333334,26.234999999999985
2002,Maryland,MD,St. Mary's,24,24037,105151,,3.737631799470973,Very Low,2021,30500,24037,"Lexington Park, MD",30500,2021,246.6825,223.175,23.507499999999993
2003,Maryland,MD,Somerset,24,24039,26470,,11.01748198286935,Relatively Low,2021,41540,24039,"Salisbury, MD",41540,2021,224.32750000000001,198.70499999999998,25.62250000000003
2005,Maryland,MD,Washington,24,24043,147430,,8.917900987236722,Relatively Low,2021,25180,24043,"Hagerstown-Martinsburg, MD-WV",25180,2021,235.945,207.095,28.849999999999994
2006,Maryland,MD,Wicomico,24,24045,98733,,9.563270391839843,Relatively Low,2021,41540,24045,"Salisbury, MD",41540,2021,224.32750000000001,198.70499999999998,25.62250000000003
2008,Maryland,MD,Baltimore,24,24510,620961,,24.31910525984796,Relatively High,2021,12580,24510,"Baltimore-Columbia-Towson, MD",12580,2021,276.3858333333333,250.15083333333334,26.234999999999985
2009,Massachusetts,MA,Barnstable,25,25001,215888,,10.592185801892503,Relatively Low,2021,12700,25001,"Barnstable Town, MA",12700,2021,391.8525,334.065,57.78750000000002
2010,Massachusetts,MA,Berkshire,25,25003,131219,,9.341164695721872,Relatively Low,2021,38340,25003,"Pittsfield, MA",38340,2021,271.1675,234.48,36.68750000000003
2011,Massachusetts,MA,Bristol,25,25005,548285,,10.660965113011192,Relatively Low,2021,39300,25005,"Providence-Warwick, RI-MA",39300,2021,317.9291666666667,272.00416666666666,45.92500000000001
2015,Massachusetts,MA,Hampden,25,25013,463490,,14.488028021940227,Relatively Moderate,2021,44140,25013,"Springfield, MA",44140,2021,255.41,222.91750000000002,32.49249999999998
2016,Massachusetts,MA,Hampshire,25,25015,158080,,8.50410556985093,Relatively Low,2021,11200,25015,"Amherst Town-Northampton, MA",11200,2021,264.92,237.5875,27.33250000000001
2022,Massachusetts,MA,Worcester,25,25027,798552,,11.124276581783862,Relatively Low,2021,49340,25027,"Worcester, MA",49340,2021,303.7625,261.8825,41.879999999999995
2025,Michigan,MI,Barry,26,26015,59173,,4.873249737328954,Very Low,2021,24340,26015,"Grand Rapids-Wyoming-Kentwood, MI",24340,2021,299.92,257.50875,42.411249999999995
2026,Michigan,MI,Bay,26,26017,107771,,11.139907949525073,Relatively Low,2021,13020,26017,"Bay City, MI",13020,2021,197.055,172.6525,24.402500000000003
2027,Michigan,MI,Benzie,26,26019,17525,,5.112254843974191,Very Low,2021,45900,26019,"Traverse City, MI",45900,2021,306.4425,262.68,43.76249999999999
2028,Michigan,MI,Berrien,26,26021,156813,,10.720653365716116,Relatively Low,2021,35660,26021,"Niles, MI",35660,2021,242.3325,215.62,26.712500000000006
2030,Michigan,MI,Calhoun,26,26025,136146,,11.29431169544982,Relatively Low,2021,12980,26025,"Battle Creek, MI",12980,2021,221.485,191.8275,29.657500000000027
2031,Michigan,MI,Cass,26,26027,52293,,6.170841239608553,Very Low,2021,43780,26027,"South Bend-Mishawaka, IN-MI",43780,2021,224.5025,197.4975,27.004999999999995
2033,Michigan,MI,Clinton,26,26037,75382,,7.448165695946757,Very Low,2021,29620,26037,"Lansing-East Lansing, MI",29620,2021,208.6925,186.35750000000002,22.33499999999998
2036,Michigan,MI,Eaton,26,26045,107759,,7.513995633658574,Very Low,2021,29620,26045,"Lansing-East Lansing, MI",29620,2021,208.6925,186.35750000000002,22.33499999999998
2038,Michigan,MI,Genesee,26,26049,425790,,16.45444708451816,Relatively Moderate,2021,22420,26049,"Flint, MI",22420,2021,202.91500000000002,177.3225,25.59250000000003
2039,Michigan,MI,Grand Traverse,26,26055,86986,,7.144739093203865,Very Low,2021,45900,26055,"Traverse City, MI",45900,2021,306.4425,262.68,43.76249999999999
2043,Michigan,MI,Ingham,26,26065,280895,,12.16678912843193,Relatively Low,2021,29620,26065,"Lansing-East Lansing, MI",29620,2021,208.6925,186.35750000000002,22.33499999999998
2044,Michigan,MI,Ionia,26,26067,63905,,5.598636866896915,Very Low,2021,24340,26067,"Grand Rapids-Wyoming-Kentwood, MI",24340,2021,299.92,257.50875,42.411249999999995
2046,Michigan,MI,Jackson,26,26075,160248,,9.82397942210152,Relatively Low,2021,27100,26075,"Jackson, MI",27100,2021,223.99,199.74,24.25
2047,Michigan,MI,Kalamazoo,26,26077,250331,,10.551262055439304,Relatively Low,2021,28020,26077,"Kalamazoo-Portage, MI",28020,2021,227.9875,201.02,26.9675
2048,Michigan,MI,Kalkaska,26,26079,17153,,5.075698345893609,Very Low,2021,45900,26079,"Traverse City, MI",45900,2021,306.4425,262.68,43.76249999999999
2049,Michigan,MI,Kent,26,26081,602622,,14.160656324298357,Relatively Moderate,2021,24340,26081,"Grand Rapids-Wyoming-Kentwood, MI",24340,2021,299.92,257.50875,42.411249999999995
2052,Michigan,MI,Leelanau,26,26089,21708,,4.868942864501032,Very Low,2021,45900,26089,"Traverse City, MI",45900,2021,306.4425,262.68,43.76249999999999
2060,Michigan,MI,Midland,26,26111,83629,,7.271740338580051,Very Low,2021,33220,26111,"Midland, MI",33220,2021,189.6325,168.89499999999998,20.73750000000001
2062,Michigan,MI,Monroe,26,26115,152021,,8.928557841767566,Relatively Low,2021,33780,26115,"Monroe, MI",33780,2021,205.3925,184.16,21.232500000000016
2063,Michigan,MI,Montcalm,26,26117,63342,,7.361077481770164,Very Low,2021,24340,26117,"Grand Rapids-Wyoming-Kentwood, MI",24340,2021,299.92,257.50875,42.411249999999995
2064,Michigan,MI,Muskegon,26,26121,172188,,9.139553437088273,Relatively Low,2021,34740,26121,"Muskegon-Norton Shores, MI",34740,2021,252.79500000000002,217.66500000000002,35.129999999999995
2066,Michigan,MI,Ottawa,26,26139,263801,,7.860879268465496,Very Low,2021,24340,26139,"Grand Rapids-Wyoming-Kentwood, MI",24340,2021,299.92,257.50875,42.411249999999995
2067,Michigan,MI,Saginaw,26,26145,200169,,13.91953854926764,Relatively Moderate,2021,40980,26145,"Saginaw, MI",40980,2021,186.56,164.085,22.474999999999994
2071,Michigan,MI,Washtenaw,26,26161,344791,,8.320507935476504,Relatively Low,2021,11460,26161,"Ann Arbor, MI",11460,2021,246.0125,224.45499999999998,21.557500000000005
2074,Minnesota,MN,Anoka,27,27003,330844,,9.71443544875232,Relatively Low,2021,33460,27003,"Minneapolis-St. Paul-Bloomington, MN-WI",33460,2021,339.6358333333333,304.05,35.58583333333331
2077,Minnesota,MN,Benton,27,27009,38451,,7.752508997959811,Very Low,2021,41060,27009,"St. Cloud, MN",41060,2021,267.8575,238.35750000000002,29.5
2078,Minnesota,MN,Blue Earth,27,27013,64013,,9.935486923308355,Relatively Low,2021,31860,27013,"Mankato, MN",31860,2021,256.64,234.305,22.33499999999998
2080,Minnesota,MN,Carlton,27,27017,35386,,6.413463904905297,Very Low,2021,20260,27017,"Duluth, MN-WI",20260,2021,310.0325,275.395,34.637500000000045
2081,Minnesota,MN,Carver,27,27019,91042,,3.244733568234522,Very Low,2021,33460,27019,"Minneapolis-St. Paul-Bloomington, MN-WI",33460,2021,339.6358333333333,304.05,35.58583333333331
2083,Minnesota,MN,Chisago,27,27025,53887,,5.380112886978252,Very Low,2021,33460,27025,"Minneapolis-St. Paul-Bloomington, MN-WI",33460,2021,339.6358333333333,304.05,35.58583333333331
2084,Minnesota,MN,Clay,27,27027,58999,,8.06630202002394,Very Low,2021,22020,27027,"Fargo, ND-MN",22020,2021,273.325,254.525,18.799999999999983
2086,Minnesota,MN,Dakota,27,27037,398552,,10.514040018664286,Relatively Low,2021,33460,27037,"Minneapolis-St. Paul-Bloomington, MN-WI",33460,2021,339.6358333333333,304.05,35.58583333333331
2087,Minnesota,MN,Dodge,27,27039,20087,,5.131086116330555,Very Low,2021,40340,27039,"Rochester, MN",40340,2021,272.6025,243.88,28.722500000000025
2089,Minnesota,MN,Fillmore,27,27045,20866,,10.547440769419508,Relatively Low,2021,40340,27045,"Rochester, MN",40340,2021,272.6025,243.88,28.722500000000025
2092,Minnesota,MN,Hennepin,27,27053,1152425,,17.4108660740373,Relatively Moderate,2021,33460,27053,"Minneapolis-St. Paul-Bloomington, MN-WI",33460,2021,339.6358333333333,304.05,35.58583333333331
2093,Minnesota,MN,Houston,27,27055,19027,,8.06859353550562,Very Low,2021,29100,27055,"La Crosse-Onalaska, WI-MN",29100,2021,276.08500000000004,249.9825,26.10250000000005
2094,Minnesota,MN,Isanti,27,27059,37816,,5.296312535220294,Very Low,2021,33460,27059,"Minneapolis-St. Paul-Bloomington, MN-WI",33460,2021,339.6358333333333,304.05,35.58583333333331
2097,Minnesota,MN,Le Sueur,27,27079,27703,,5.243807553147686,Very Low,2021,33460,27079,"Minneapolis-St. Paul-Bloomington, MN-WI",33460,2021,339.6358333333333,304.05,35.58583333333331
2101,Minnesota,MN,Mille Lacs,27,27095,26097,,6.162011115464165,Very Low,2021,33460,27095,"Minneapolis-St. Paul-Bloomington, MN-WI",33460,2021,339.6358333333333,304.05,35.58583333333331
2103,Minnesota,MN,Nicollet,27,27103,32727,,7.977618311232368,Very Low,2021,31860,27103,"Mankato, MN",31860,2021,256.64,234.305,22.33499999999998
2105,Minnesota,MN,Olmsted,27,27109,144248,,9.32793390690798,Relatively Low,2021,40340,27109,"Rochester, MN",40340,2021,272.6025,243.88,28.722500000000025
2107,Minnesota,MN,Polk,27,27119,31600,,10.97882961393668,Relatively Low,2021,24220,27119,"Grand Forks, ND-MN",24220,2021,265.65250000000003,249.02,16.63250000000002
2108,Minnesota,MN,Ramsey,27,27123,508640,,19.205827419472747,Relatively Moderate,2021,33460,27123,"Minneapolis-St. Paul-Bloomington, MN-WI",33460,2021,339.6358333333333,304.05,35.58583333333331
2110,Minnesota,MN,Rock,27,27133,9687,,9.998544674002328,Relatively Low,2021,43620,27133,"Sioux Falls, SD-MN",43620,2021,273.5825,241.095,32.48749999999998
2111,Minnesota,MN,St. Louis,27,27137,200226,,10.044326384664569,Relatively Low,2021,20260,27137,"Duluth, MN-WI",20260,2021,310.0325,275.395,34.637500000000045
2112,Minnesota,MN,Scott,27,27139,129928,,4.836293001546681,Very Low,2021,33460,27139,"Minneapolis-St. Paul-Bloomington, MN-WI",33460,2021,339.6358333333333,304.05,35.58583333333331
2113,Minnesota,MN,Sherburne,27,27141,88499,,4.842184482947963,Very Low,2021,33460,27141,"Minneapolis-St. Paul-Bloomington, MN-WI",33460,2021,339.6358333333333,304.05,35.58583333333331
2114,Minnesota,MN,Stearns,27,27145,150642,,12.13743318261042,Relatively Low,2021,41060,27145,"St. Cloud, MN",41060,2021,267.8575,238.35750000000002,29.5
2116,Minnesota,MN,Wabasha,27,27157,21676,,6.265853134518676,Very Low,2021,40340,27157,"Rochester, MN",40340,2021,272.6025,243.88,28.722500000000025
2117,Minnesota,MN,Washington,27,27163,238136,,6.363728430572387,Very Low,2021,33460,27163,"Minneapolis-St. Paul-Bloomington, MN-WI",33460,2021,339.6358333333333,304.05,35.58583333333331
2120,Minnesota,MN,Wright,27,27171,124700,,6.174916129631271,Very Low,2021,33460,27171,"Minneapolis-St. Paul-Bloomington, MN-WI",33460,2021,339.6358333333333,304.05,35.58583333333331
2123,Mississippi,MS,Benton,28,28009,8729,,6.21036227796741,Very Low,2021,32820,28009,"Memphis, TN-MS-AR",32820,2021,243.125,211.2775,31.847499999999997
2128,Mississippi,MS,Copiah,28,28029,29449,,12.360210055802533,Relatively Low,2021,27140,28029,"Jackson, MS",27140,2021,197.8325,181.0025,16.830000000000013
2129,Mississippi,MS,DeSoto,28,28033,161252,,11.554917991368551,Relatively Low,2021,32820,28033,"Memphis, TN-MS-AR",32820,2021,243.125,211.2775,31.847499999999997
2130,Mississippi,MS,Forrest,28,28035,74934,,18.508468352089835,Relatively Moderate,2021,25620,28035,"Hattiesburg, MS",25620,2021,230.8725,209.10750000000002,21.764999999999986
2132,Mississippi,MS,Hancock,28,28045,43929,,16.437798140261197,Relatively Moderate,2021,25060,28045,"Gulfport-Biloxi, MS",25060,2021,236.0575,211.26749999999998,24.79000000000002
2133,Mississippi,MS,Harrison,28,28047,187105,,30.74441186351324,Relatively High,2021,25060,28047,"Gulfport-Biloxi, MS",25060,2021,236.0575,211.26749999999998,24.79000000000002
2134,Mississippi,MS,Hinds,28,28049,245285,,26.827659513884516,Relatively High,2021,27140,28049,"Jackson, MS",27140,2021,197.8325,181.0025,16.830000000000013
2135,Mississippi,MS,Holmes,28,28051,19198,,14.006923729758476,Relatively Moderate,2021,27140,28051,"Jackson, MS",27140,2021,197.8325,181.0025,16.830000000000013
2137,Mississippi,MS,Jackson,28,28059,139668,,22.94623029557379,Relatively High,2021,25060,28059,"Gulfport-Biloxi, MS",25060,2021,236.0575,211.26749999999998,24.79000000000002
2142,Mississippi,MS,Lamar,28,28073,55658,,11.228998889532823,Relatively Low,2021,25620,28073,"Hattiesburg, MS",25620,2021,230.8725,209.10750000000002,21.764999999999986
2148,Mississippi,MS,Madison,28,28089,95203,,8.93569518792363,Relatively Low,2021,27140,28089,"Jackson, MS",27140,2021,197.8325,181.0025,16.830000000000013
2149,Mississippi,MS,Marshall,28,28093,37144,,9.931944587100276,Relatively Low,2021,32820,28093,"Memphis, TN-MS-AR",32820,2021,243.125,211.2775,31.847499999999997
2154,Mississippi,MS,Perry,28,28111,12250,,7.643337953026363,Very Low,2021,25620,28111,"Hattiesburg, MS",25620,2021,230.8725,209.10750000000002,21.764999999999986
2157,Mississippi,MS,Rankin,28,28121,141617,,10.577295880732787,Relatively Low,2021,27140,28121,"Jackson, MS",27140,2021,197.8325,181.0025,16.830000000000013
2158,Mississippi,MS,Scott,28,28123,28264,,14.555362718316426,Relatively Moderate,2021,27140,28123,"Jackson, MS",27140,2021,197.8325,181.0025,16.830000000000013
2159,Mississippi,MS,Simpson,28,28127,27503,,11.389853062773744,Relatively Low,2021,27140,28127,"Jackson, MS",27140,2021,197.8325,181.0025,16.830000000000013
2160,Mississippi,MS,Stone,28,28131,17786,,9.92186099000486,Relatively Low,2021,25060,28131,"Gulfport-Biloxi, MS",25060,2021,236.0575,211.26749999999998,24.79000000000002
2161,Mississippi,MS,Tate,28,28137,28886,,8.527756697004357,Relatively Low,2021,32820,28137,"Memphis, TN-MS-AR",32820,2021,243.125,211.2775,31.847499999999997
2162,Mississippi,MS,Tunica,28,28143,10778,,13.481303399775658,Relatively Moderate,2021,32820,28143,"Memphis, TN-MS-AR",32820,2021,243.125,211.2775,31.847499999999997
2168,Mississippi,MS,Yazoo,28,28163,28065,,12.87313293567408,Relatively Low,2021,27140,28163,"Jackson, MS",27140,2021,197.8325,181.0025,16.830000000000013
2170,Missouri,MO,Andrew,29,29003,17291,,7.684784023742341,Very Low,2021,41140,29003,"St. Joseph, MO-KS",41140,2021,235.9475,211.98,23.9675
2172,Missouri,MO,Bates,29,29013,17049,,9.371949053394188,Relatively Low,2021,28140,29013,"Kansas City, MO-KS",28140,2021,310.785,270.8391666666667,39.945833333333326
2173,Missouri,MO,Bollinger,29,29017,12363,,9.42557169083804,Relatively Low,2021,16020,29017,"Cape Girardeau, MO-IL",16020,2021,206.5325,187.3825,19.150000000000006
2174,Missouri,MO,Boone,29,29019,162642,,11.06004275428356,Relatively Low,2021,17860,29019,"Columbia, MO",17860,2021,224.065,198.0725,25.992500000000007
2175,Missouri,MO,Buchanan,29,29021,89201,,11.232010215413048,Relatively Low,2021,41140,29021,"St. Joseph, MO-KS",41140,2021,235.9475,211.98,23.9675
2177,Missouri,MO,Caldwell,29,29025,9424,,5.53468235761565,Very Low,2021,28140,29025,"Kansas City, MO-KS",28140,2021,310.785,270.8391666666667,39.945833333333326
2178,Missouri,MO,Callaway,29,29027,44332,,8.224264856841257,Relatively Low,2021,27620,29027,"Jefferson City, MO",27620,2021,221.32999999999998,196.2375,25.092499999999973
2179,Missouri,MO,Cape Girardeau,29,29031,75674,,16.111978371875956,Relatively Moderate,2021,16020,29031,"Cape Girardeau, MO-IL",16020,2021,206.5325,187.3825,19.150000000000006
2180,Missouri,MO,Cass,29,29037,99478,,8.969308649450351,Relatively Low,2021,28140,29037,"Kansas City, MO-KS",28140,2021,310.785,270.8391666666667,39.945833333333326
2181,Missouri,MO,Christian,29,29043,77422,,8.991931392430699,Relatively Low,2021,44180,29043,"Springfield, MO",44180,2021,221.5,191.0925,30.4075
2182,Missouri,MO,Clay,29,29047,221939,,11.68609714497846,Relatively Low,2021,28140,29047,"Kansas City, MO-KS",28140,2021,310.785,270.8391666666667,39.945833333333326
2183,Missouri,MO,Clinton,29,29049,20743,,7.472010158323219,Very Low,2021,28140,29049,"Kansas City, MO-KS",28140,2021,310.785,270.8391666666667,39.945833333333326
2184,Missouri,MO,Cole,29,29051,75990,,10.232917170949028,Relatively Low,2021,27620,29051,"Jefferson City, MO",27620,2021,221.32999999999998,196.2375,25.092499999999973
2185,Missouri,MO,Cooper,29,29053,17601,,7.671296884489143,Very Low,2021,17860,29053,"Columbia, MO",17860,2021,224.065,198.0725,25.992500000000007
2186,Missouri,MO,Dallas,29,29059,16777,,10.806395892535594,Relatively Low,2021,44180,29059,"Springfield, MO",44180,2021,221.5,191.0925,30.4075
2187,Missouri,MO,DeKalb,29,29063,12892,,3.394531814042643,Very Low,2021,41140,29063,"St. Joseph, MO-KS",41140,2021,235.9475,211.98,23.9675
2189,Missouri,MO,Franklin,29,29071,101492,,11.761646351913738,Relatively Low,2021,41180,29071,"St. Louis, MO-IL",41180,2021,254.84333333333333,227.51833333333335,27.32499999999999
2190,Missouri,MO,Greene,29,29077,275174,,20.53133458742593,Relatively Moderate,2021,44180,29077,"Springfield, MO",44180,2021,221.5,191.0925,30.4075
2191,Missouri,MO,Howard,29,29089,10144,,6.908475831847101,Very Low,2021,17860,29089,"Columbia, MO",17860,2021,224.065,198.0725,25.992500000000007
2193,Missouri,MO,Jackson,29,29095,674158,,27.130814359071337,Relatively High,2021,28140,29095,"Kansas City, MO-KS",28140,2021,310.785,270.8391666666667,39.945833333333326
2194,Missouri,MO,Jasper,29,29097,117404,,15.825132333811062,Relatively Moderate,2021,27900,29097,"Joplin, MO-KS",27900,2021,219.9325,193.29250000000002,26.639999999999986
2195,Missouri,MO,Jefferson,29,29099,218733,,11.982782242576894,Relatively Low,2021,41180,29099,"St. Louis, MO-IL",41180,2021,254.84333333333333,227.51833333333335,27.32499999999999
2198,Missouri,MO,Lafayette,29,29107,33381,,8.002552543033342,Very Low,2021,28140,29107,"Kansas City, MO-KS",28140,2021,310.785,270.8391666666667,39.945833333333326
2200,Missouri,MO,Lincoln,29,29113,52566,,8.501804307364292,Relatively Low,2021,41180,29113,"St. Louis, MO-IL",41180,2021,254.84333333333333,227.51833333333335,27.32499999999999
2203,Missouri,MO,Moniteau,29,29135,15607,,7.345809303142899,Very Low,2021,27620,29135,"Jefferson City, MO",27620,2021,221.32999999999998,196.2375,25.092499999999973
2204,Missouri,MO,Newton,29,29145,58114,,13.492209617786344,Relatively Moderate,2021,27900,29145,"Joplin, MO-KS",27900,2021,219.9325,193.29250000000002,26.639999999999986
2206,Missouri,MO,Osage,29,29151,13878,,4.67554947669111,Very Low,2021,27620,29151,"Jefferson City, MO",27620,2021,221.32999999999998,196.2375,25.092499999999973
2209,Missouri,MO,Platte,29,29165,89322,,7.647578849315328,Very Low,2021,28140,29165,"Kansas City, MO-KS",28140,2021,310.785,270.8391666666667,39.945833333333326
2210,Missouri,MO,Polk,29,29167,31137,,11.02801845257779,Relatively Low,2021,44180,29167,"Springfield, MO",44180,2021,221.5,191.0925,30.4075
2214,Missouri,MO,Ray,29,29177,23494,,6.57885565598025,Very Low,2021,28140,29177,"Kansas City, MO-KS",28140,2021,310.785,270.8391666666667,39.945833333333326
2215,Missouri,MO,St. Charles,29,29183,360485,,10.81929660681549,Relatively Low,2021,41180,29183,"St. Louis, MO-IL",41180,2021,254.84333333333333,227.51833333333335,27.32499999999999
2217,Missouri,MO,St. Louis,29,29189,998954,,30.849082611443272,Relatively High,2021,41180,29189,"St. Louis, MO-IL",41180,2021,254.84333333333333,227.51833333333335,27.32499999999999
2222,Missouri,MO,Warren,29,29219,32513,,8.514097730486274,Relatively Low,2021,41180,29219,"St. Louis, MO-IL",41180,2021,254.84333333333333,227.51833333333335,27.32499999999999
2223,Missouri,MO,Webster,29,29225,36202,,9.956356912946038,Relatively Low,2021,44180,29225,"Springfield, MO",44180,2021,221.5,191.0925,30.4075
2224,Missouri,MO,St. Louis,29,29510,319294,,41.676190415337715,Very High,2021,41180,29510,"St. Louis, MO-IL",41180,2021,254.84333333333333,227.51833333333335,27.32499999999999
2225,Montana,MT,Broadwater,30,30007,5612,,3.915335117850054,Very Low,2021,25740,30007,"Helena, MT",25740,2021,337.6225,279.84499999999997,57.77750000000003
2226,Montana,MT,Carbon,30,30009,10078,,7.36330858882784,Very Low,2021,13740,30009,"Billings, MT",13740,2021,306.7075,265.87,40.83749999999998
2227,Montana,MT,Cascade,30,30013,81327,,9.651424104780697,Relatively Low,2021,24500,30013,"Great Falls, MT",24500,2021,276.7325,243.1175,33.61500000000001
2229,Montana,MT,Gallatin,30,30031,89513,,5.914876693220609,Very Low,2021,14580,30031,"Bozeman, MT",14580,2021,462.6325,372.4475,90.185
2230,Montana,MT,Jefferson,30,30043,11406,,3.510513314088358,Very Low,2021,25740,30043,"Helena, MT",25740,2021,337.6225,279.84499999999997,57.77750000000003
2231,Montana,MT,Lewis and Clark,30,30049,63395,,7.713986667595999,Very Low,2021,25740,30049,"Helena, MT",25740,2021,337.6225,279.84499999999997,57.77750000000003
2232,Montana,MT,Mineral,30,30061,4223,,8.77890335733701,Relatively Low,2021,33540,30061,"Missoula, MT",33540,2021,379.3775,308.705,70.67250000000001
2233,Montana,MT,Missoula,30,30063,109299,,10.539802243884646,Relatively Low,2021,33540,30063,"Missoula, MT",33540,2021,379.3775,308.705,70.67250000000001
2235,Montana,MT,Stillwater,30,30095,9117,,4.610111111553049,Very Low,2021,13740,30095,"Billings, MT",13740,2021,306.7075,265.87,40.83749999999998
2236,Montana,MT,Yellowstone,30,30111,147972,,8.052927333664268,Very Low,2021,13740,30111,"Billings, MT",13740,2021,306.7075,265.87,40.83749999999998
2240,Nebraska,NE,Cass,31,31025,25241,,6.249472878449786,Very Low,2021,36540,31025,"Omaha, NE-IA",36540,2021,290.8975,256.225,34.67249999999996
2243,Nebraska,NE,Dakota,31,31043,21006,,11.539139490478382,Relatively Low,2021,43580,31043,"Sioux City, IA-NE-SD",43580,2021,241.59,218.89249999999998,22.69750000000002
2246,Nebraska,NE,Douglas,31,31055,517110,,23.076468565825483,Relatively High,2021,36540,31055,"Omaha, NE-IA",36540,2021,290.8975,256.225,34.67249999999996
2249,Nebraska,NE,Hall,31,31079,58607,,18.77809712529134,Relatively Moderate,2021,24260,31079,"Grand Island, NE",24260,2021,254.95499999999998,228.2375,26.717499999999973
2251,Nebraska,NE,Howard,31,31093,6274,,9.208776893218989,Relatively Low,2021,24260,31093,"Grand Island, NE",24260,2021,254.95499999999998,228.2375,26.717499999999973
2252,Nebraska,NE,Lancaster,31,31109,285407,,17.184210760867106,Relatively Moderate,2021,30700,31109,"Lincoln, NE",30700,2021,247.5125,219.415,28.097499999999997
2256,Nebraska,NE,Merrick,31,31121,7845,,12.46265139010174,Relatively Low,2021,24260,31121,"Grand Island, NE",24260,2021,254.95499999999998,228.2375,26.717499999999973
2259,Nebraska,NE,Sarpy,31,31153,158840,,9.188159682547042,Relatively Low,2021,36540,31153,"Omaha, NE-IA",36540,2021,290.8975,256.225,34.67249999999996
2260,Nebraska,NE,Saunders,31,31155,20780,,7.786003768400455,Very Low,2021,36540,31155,"Omaha, NE-IA",36540,2021,290.8975,256.225,34.67249999999996
2262,Nebraska,NE,Seward,31,31159,16750,,8.21163879716767,Relatively Low,2021,30700,31159,"Lincoln, NE",30700,2021,247.5125,219.415,28.097499999999997
2264,Nebraska,NE,Washington,31,31177,20234,,6.697129979649263,Very Low,2021,36540,31177,"Omaha, NE-IA",36540,2021,290.8975,256.225,34.67249999999996
2267,Nevada,NV,Clark,32,32003,1951269,,40.532651493728125,Relatively High,2021,29820,32003,"Las Vegas-Henderson-North Las Vegas, NV",29820,2021,309.3175,261.53333333333336,47.784166666666636
2272,Nevada,NV,Lyon,32,32019,51980,,22.054384479099483,Relatively Moderate,2021,39900,32019,"Reno, NV",39900,2021,326.655,274.03499999999997,52.620000000000005
2274,Nevada,NV,Storey,32,32029,4010,,9.046470928884744,Relatively Low,2021,39900,32029,"Reno, NV",39900,2021,326.655,274.03499999999997,52.620000000000005
2275,Nevada,NV,Washoe,32,32031,421407,,33.84260962472075,Relatively High,2021,39900,32031,"Reno, NV",39900,2021,326.655,274.03499999999997,52.620000000000005
2276,Nevada,NV,Carson,32,32510,55274,,19.736382448901207,Relatively Moderate,2021,16180,32510,"Carson City, NV",16180,2021,314.4525,267.12,47.33249999999998
2280,New Hampshire,NH,Hillsborough,33,33011,400721,,8.294798234952461,Relatively Low,2021,31700,33011,"Manchester-Nashua, NH",31700,2021,325.44,280.96500000000003,44.474999999999966
2285,New Jersey,NJ,Atlantic,34,34001,274549,,33.12959557368981,Relatively High,2021,12100,34001,"Atlantic City-Hammonton, NJ",12100,2021,296.83,251.9125,44.91749999999999
2289,New Jersey,NJ,Cape May,34,34009,97265,,25.398731938129647,Relatively High,2021,12100,34009,"Atlantic City-Hammonton, NJ",12100,2021,296.83,251.9125,44.91749999999999
2290,New Jersey,NJ,Cumberland,34,34011,156898,,17.357872592016633,Relatively Moderate,2021,47220,34011,"Vineland, NJ",47220,2021,220.9275,188.9175,32.01000000000002
2295,New Jersey,NJ,Mercer,34,34021,366513,,15.131183379654155,Relatively Moderate,2021,45940,34021,"Trenton-Princeton, NJ",45940,2021,235.0075,210.2125,24.794999999999987
2302,Indiana,IN,Shelby,18,18145,44436,,8.95293887676591,Relatively Low,2021,26900,18145,"Indianapolis-Carmel-Greenwood, IN",26900,2021,250.10666666666665,217.15,32.95666666666665
2304,Indiana,IN,Sullivan,18,18153,21475,,6.60418094631909,Very Low,2021,45460,18153,"Terre Haute, IN",45460,2021,195.13,175.15,19.97999999999999
2305,Indiana,IN,Tippecanoe,18,18157,172780,,10.996052879188603,Relatively Low,2021,29200,18157,"Lafayette-West Lafayette, IN",29200,2021,204.285,178.9225,25.362499999999983
2306,Indiana,IN,Tipton,18,18159,15936,,6.521074132356329,Very Low,2021,26900,18159,"Indianapolis-Carmel-Greenwood, IN",26900,2021,250.10666666666665,217.15,32.95666666666665
2307,Indiana,IN,Vanderburgh,18,18163,179703,,20.63376170067122,Relatively Moderate,2021,21780,18163,"Evansville, IN",21780,2021,224.98000000000002,199.7775,25.202500000000015
2308,Indiana,IN,Vermillion,18,18165,16212,,8.92436457505275,Relatively Low,2021,45460,18165,"Terre Haute, IN",45460,2021,195.13,175.15,19.97999999999999
2309,Indiana,IN,Vigo,18,18167,107848,,13.89324021734176,Relatively Moderate,2021,45460,18167,"Terre Haute, IN",45460,2021,195.13,175.15,19.97999999999999
2311,Indiana,IN,Warren,18,18171,8508,,3.960859493070562,Very Low,2021,29200,18171,"Lafayette-West Lafayette, IN",29200,2021,204.285,178.9225,25.362499999999983
2312,Indiana,IN,Warrick,18,18173,59689,,7.792295354641189,Very Low,2021,21780,18173,"Evansville, IN",21780,2021,224.98000000000002,199.7775,25.202500000000015
2313,Indiana,IN,Washington,18,18175,28262,,8.416494502284536,Relatively Low,2021,31140,18175,"Louisville/Jefferson County, KY-IN",31140,2021,282.9175,251.27375,31.64375000000001
2315,Indiana,IN,Wells,18,18179,27636,,6.882063430820482,Very Low,2021,23060,18179,"Fort Wayne, IN",23060,2021,216.7375,188.875,27.86250000000001
2317,Indiana,IN,Whitley,18,18183,33292,,5.830786487610153,Very Low,2021,23060,18183,"Fort Wayne, IN",23060,2021,216.7375,188.875,27.86250000000001
2318,Iowa,IA,Benton,19,19011,26076,,7.417064941193768,Very Low,2021,16300,19011,"Cedar Rapids, IA",16300,2021,193.175,176.11,17.064999999999998
2319,Iowa,IA,Black Hawk,19,19013,131090,,14.859151982595248,Relatively Moderate,2021,47940,19013,"Waterloo-Cedar Falls, IA",47940,2021,251.7,235.475,16.224999999999994
2320,Iowa,IA,Boone,19,19015,26306,,8.965761862414684,Relatively Low,2021,11180,19015,"Ames, IA",11180,2021,238.13,218.4975,19.632499999999993
2321,Iowa,IA,Bremer,19,19017,24276,,6.928334127361135,Very Low,2021,47940,19017,"Waterloo-Cedar Falls, IA",47940,2021,251.7,235.475,16.224999999999994
2327,Iowa,IA,Dallas,19,19049,66135,,5.436050737432979,Very Low,2021,19780,19049,"Des Moines-West Des Moines, IA",19780,2021,259.415,233.61875,25.796250000000015
2331,New Jersey,NJ,Warren,34,34041,108692,,8.86699925197638,Relatively Low,2021,10900,34041,"Allentown-Bethlehem-Easton, PA-NJ",10900,2021,235.39,202.65,32.73999999999998
2332,New Mexico,NM,Bernalillo,35,35001,662564,,18.570192431636556,Relatively Moderate,2021,10740,35001,"Albuquerque, NM",10740,2021,266.365,230.62375,35.74125000000001
2335,New Mexico,NM,Doña Ana,35,35013,209233,,25.21285887591724,Relatively High,2021,29740,35013,"Las Cruces, NM",29740,2021,215.325,188.5,26.82499999999999
2347,New Mexico,NM,Sandoval,35,35043,131561,,13.288362210827769,Relatively Low,2021,10740,35043,"Albuquerque, NM",10740,2021,266.365,230.62375,35.74125000000001
2348,New Mexico,NM,San Juan,35,35045,130044,,12.846395177367326,Relatively Low,2021,22140,35045,"Farmington, NM",22140,2021,231.44,212.445,18.995000000000005
2350,New Mexico,NM,Santa Fe,35,35049,144170,,17.755436276023662,Relatively Moderate,2021,42140,35049,"Santa Fe, NM",42140,2021,254.27999999999997,222.5025,31.777499999999975
2352,New Mexico,NM,Torrance,35,35057,16383,,10.870958048904775,Relatively Low,2021,10740,35057,"Albuquerque, NM",10740,2021,266.365,230.62375,35.74125000000001
2353,New Mexico,NM,Valencia,35,35061,76569,,14.49477731986863,Relatively Moderate,2021,10740,35061,"Albuquerque, NM",10740,2021,266.365,230.62375,35.74125000000001
2354,New York,NY,Albany,36,36001,304204,,11.712733874525068,Relatively Low,2021,10580,36001,"Albany-Schenectady-Troy, NY",10580,2021,240.33,212.35125,27.97875000000002
2356,New York,NY,Broome,36,36007,200600,,17.070165154480478,Relatively Moderate,2021,13780,36007,"Binghamton, NY",13780,2021,212.395,191.98250000000002,20.412499999999994
2360,New York,NY,Chemung,36,36015,88830,,9.52827006062122,Relatively Low,2021,21300,36015,"Elmira, NY",21300,2021,198.6075,184.42000000000002,14.187499999999972
2364,New York,NY,Dutchess,36,36027,297488,,7.803752929933282,Very Low,2021,28880,36027,"Kiryas Joel-Poughkeepsie-Newburgh, NY",28880,2021,265.175,228.75,36.42500000000001
2365,New York,NY,Erie,36,36029,919040,,15.968964234171688,Relatively Moderate,2021,15380,36029,"Buffalo-Cheektowaga, NY",15380,2021,259.34875,224.0075,35.34125
2368,New York,NY,Herkimer,36,36043,64519,,8.187499973381348,Relatively Low,2021,46540,36043,"Utica-Rome, NY",46540,2021,235.2625,209.285,25.977499999999992
2369,New York,NY,Jefferson,36,36045,116229,,6.513426486407344,Very Low,2021,48060,36045,"Watertown-Fort Drum, NY",48060,2021,246.7125,226.70499999999998,20.00750000000002
2371,New York,NY,Livingston,36,36051,65393,,7.671846593275213,Very Low,2021,40380,36051,"Rochester, NY",40380,2021,208.8525,181.68875,27.163749999999993
2372,New York,NY,Madison,36,36053,73442,,6.818793576598411,Very Low,2021,45060,36053,"Syracuse, NY",45060,2021,216.035,191.3375,24.69749999999999
2373,New York,NY,Monroe,36,36055,744344,,13.330367902775755,Relatively Low,2021,40380,36055,"Rochester, NY",40380,2021,208.8525,181.68875,27.163749999999993
2377,New York,NY,Niagara,36,36063,216469,,9.090907586662802,Relatively Low,2021,15380,36063,"Buffalo-Cheektowaga, NY",15380,2021,259.34875,224.0075,35.34125
2378,New York,NY,Oneida,36,36065,234878,,14.684578596785208,Relatively Moderate,2021,46540,36065,"Utica-Rome, NY",46540,2021,235.2625,209.285,25.977499999999992
2379,New York,NY,Onondaga,36,36067,467026,,13.841905023928682,Relatively Moderate,2021,45060,36067,"Syracuse, NY",45060,2021,216.035,191.3375,24.69749999999999
2380,New York,NY,Ontario,36,36069,107931,,9.332324237985093,Relatively Low,2021,40380,36069,"Rochester, NY",40380,2021,208.8525,181.68875,27.163749999999993
2381,New York,NY,Orange,36,36071,372813,,10.286021949974096,Relatively Low,2021,28880,36071,"Kiryas Joel-Poughkeepsie-Newburgh, NY",28880,2021,265.175,228.75,36.42500000000001
2382,New York,NY,Orleans,36,36073,42883,,4.831598187450387,Very Low,2021,40380,36073,"Rochester, NY",40380,2021,208.8525,181.68875,27.163749999999993
2383,New York,NY,Oswego,36,36075,122109,,6.353130335550053,Very Low,2021,45060,36075,"Syracuse, NY",45060,2021,216.035,191.3375,24.69749999999999
2387,New York,NY,Rensselaer,36,36083,159429,,8.67713438101924,Relatively Low,2021,10580,36083,"Albany-Schenectady-Troy, NY",10580,2021,240.33,212.35125,27.97875000000002
2391,New York,NY,Saratoga,36,36091,219607,,6.144937249772533,Very Low,2021,10580,36091,"Albany-Schenectady-Troy, NY",10580,2021,240.33,212.35125,27.97875000000002
2392,New York,NY,Schenectady,36,36093,154727,,10.069314435443795,Relatively Low,2021,10580,36093,"Albany-Schenectady-Troy, NY",10580,2021,240.33,212.35125,27.97875000000002
2393,New York,NY,Schoharie,36,36095,32749,,6.8046604863957,Very Low,2021,10580,36095,"Albany-Schenectady-Troy, NY",10580,2021,240.33,212.35125,27.97875000000002
2397,Iowa,IA,Dubuque,19,19061,93653,,12.15354322984739,Relatively Low,2021,20220,19061,"Dubuque, IA",20220,2021,224.53,207.5825,16.94749999999999
2398,Iowa,IA,Grundy,19,19075,12453,,8.221464551327179,Relatively Low,2021,47940,19075,"Waterloo-Cedar Falls, IA",47940,2021,251.7,235.475,16.224999999999994
2399,Iowa,IA,Guthrie,19,19077,10954,,11.073549831349634,Relatively Low,2021,19780,19077,"Des Moines-West Des Moines, IA",19780,2021,259.415,233.61875,25.796250000000015
2400,Iowa,IA,Harrison,19,19085,14928,,10.345133469717984,Relatively Low,2021,36540,19085,"Omaha, NE-IA",36540,2021,290.8975,256.225,34.67249999999996
2401,Iowa,IA,Jasper,19,19099,36842,,9.69437511416718,Relatively Low,2021,19780,19099,"Des Moines-West Des Moines, IA",19780,2021,259.415,233.61875,25.796250000000015
2402,Iowa,IA,Johnson,19,19103,130882,,14.068515787380198,Relatively Moderate,2021,26980,19103,"Iowa City, IA",26980,2021,209.79000000000002,196.235,13.555000000000007
2403,Iowa,IA,Jones,19,19105,20638,,8.454053019949288,Relatively Low,2021,16300,19105,"Cedar Rapids, IA",16300,2021,193.175,176.11,17.064999999999998
2405,Iowa,IA,Linn,19,19113,211226,,15.510917114605418,Relatively Moderate,2021,16300,19113,"Cedar Rapids, IA",16300,2021,193.175,176.11,17.064999999999998
2406,Iowa,IA,Madison,19,19121,15679,,5.598658401751669,Very Low,2021,19780,19121,"Des Moines-West Des Moines, IA",19780,2021,259.415,233.61875,25.796250000000015
2410,Iowa,IA,Mills,19,19129,15059,,7.09082142695441,Very Low,2021,36540,19129,"Omaha, NE-IA",36540,2021,290.8975,256.225,34.67249999999996
2413,Iowa,IA,Polk,19,19153,430640,,15.206695345283824,Relatively Moderate,2021,19780,19153,"Des Moines-West Des Moines, IA",19780,2021,259.415,233.61875,25.796250000000015
2414,Iowa,IA,Pottawattamie,19,19155,93158,,16.190598825499208,Relatively Moderate,2021,36540,19155,"Omaha, NE-IA",36540,2021,290.8975,256.225,34.67249999999996
2415,Iowa,IA,Scott,19,19163,165224,,12.960145141114824,Relatively Low,2021,19340,19163,"Davenport-Moline-Rock Island, IA-IL",19340,2021,220.2225,202.945,17.277500000000003
2416,Iowa,IA,Story,19,19169,89542,,8.03455435028573,Very Low,2021,11180,19169,"Ames, IA",11180,2021,238.13,218.4975,19.632499999999993
2418,Iowa,IA,Warren,19,19181,46225,,7.353488954354285,Very Low,2021,19780,19181,"Des Moines-West Des Moines, IA",19780,2021,259.415,233.61875,25.796250000000015
2419,Iowa,IA,Washington,19,19183,21704,,10.356995404848368,Relatively Low,2021,26980,19183,"Iowa City, IA",26980,2021,209.79000000000002,196.235,13.555000000000007
2421,Iowa,IA,Woodbury,19,19193,102172,,16.39288902187835,Relatively Moderate,2021,43580,19193,"Sioux City, IA-NE-SD",43580,2021,241.59,218.89249999999998,22.69750000000002
2425,Kansas,KS,Butler,20,20015,65880,,9.786173818756302,Relatively Low,2021,48620,20015,"Wichita, KS",48620,2021,221.24,197.1625,24.077500000000015
2427,Kansas,KS,Cherokee,20,20021,21603,,13.557926403201128,Relatively Moderate,2021,27900,20021,"Joplin, MO-KS",27900,2021,219.9325,193.29250000000002,26.639999999999986
2430,Kansas,KS,Doniphan,20,20043,7945,,6.48873062618116,Very Low,2021,41140,20043,"St. Joseph, MO-KS",41140,2021,235.9475,211.98,23.9675
2431,Kansas,KS,Douglas,20,20045,110826,,9.047467108856384,Relatively Low,2021,29940,20045,"Lawrence, KS",29940,2021,253.12,225.1,28.02000000000001
2436,Kansas,KS,Geary,20,20061,34362,,8.245415222564509,Relatively Low,2021,31740,20061,"Manhattan, KS",31740,2021,246.0925,229.025,17.067499999999995
2437,Kansas,KS,Harvey,20,20079,34684,,12.101009634284804,Relatively Low,2021,48620,20079,"Wichita, KS",48620,2021,221.24,197.1625,24.077500000000015
2438,Kansas,KS,Jackson,20,20085,13462,,6.427254183207498,Very Low,2021,45820,20085,"Topeka, KS",45820,2021,221.3325,195.7,25.63250000000002
2439,Kansas,KS,Jefferson,20,20087,19126,,5.725072034566303,Very Low,2021,45820,20087,"Topeka, KS",45820,2021,221.3325,195.7,25.63250000000002
2440,Kansas,KS,Johnson,20,20091,544179,,10.898763384765196,Relatively Low,2021,28140,20091,"Kansas City, MO-KS",28140,2021,310.785,270.8391666666667,39.945833333333326
2441,Kansas,KS,Leavenworth,20,20103,76227,,7.599502345852222,Very Low,2021,28140,20103,"Kansas City, MO-KS",28140,2021,310.785,270.8391666666667,39.945833333333326
2442,Kansas,KS,Linn,20,20107,9656,,5.844698333480673,Very Low,2021,28140,20107,"Kansas City, MO-KS",28140,2021,310.785,270.8391666666667,39.945833333333326
2445,Kansas,KS,Miami,20,20121,32787,,7.108707638845596,Very Low,2021,28140,20121,"Kansas City, MO-KS",28140,2021,310.785,270.8391666666667,39.945833333333326
2446,Kansas,KS,Osage,20,20139,16295,,7.988576105739289,Very Low,2021,45820,20139,"Topeka, KS",45820,2021,221.3325,195.7,25.63250000000002
2448,Kansas,KS,Pottawatomie,20,20149,21604,,4.273608615844672,Very Low,2021,31740,20149,"Manhattan, KS",31740,2021,246.0925,229.025,17.067499999999995
2450,Kansas,KS,Riley,20,20161,71115,,7.195885658160915,Very Low,2021,31740,20161,"Manhattan, KS",31740,2021,246.0925,229.025,17.067499999999995
2452,Kansas,KS,Sedgwick,20,20173,498365,,21.606112360001298,Relatively Moderate,2021,48620,20173,"Wichita, KS",48620,2021,221.24,197.1625,24.077500000000015
2454,Kansas,KS,Shawnee,20,20177,177934,,14.434322570475842,Relatively Moderate,2021,45820,20177,"Topeka, KS",45820,2021,221.3325,195.7,25.63250000000002
2455,Kansas,KS,Sumner,20,20191,24132,,9.881053285682151,Relatively Low,2021,48620,20191,"Wichita, KS",48620,2021,221.24,197.1625,24.077500000000015
2456,Kansas,KS,Wabaunsee,20,20197,7053,,4.796893621766473,Very Low,2021,45820,20197,"Topeka, KS",45820,2021,221.3325,195.7,25.63250000000002
2457,Kansas,KS,Wyandotte,20,20209,157505,,19.858497661931057,Relatively Moderate,2021,28140,20209,"Kansas City, MO-KS",28140,2021,310.785,270.8391666666667,39.945833333333326
2458,Kentucky,KY,Allen,21,21003,19956,,7.699689607576498,Very Low,2021,14540,21003,"Bowling Green, KY",14540,2021,223.3375,199.6525,23.685000000000002
2460,Kentucky,KY,Ballard,21,21007,8249,,7.428689246609522,Very Low,2021,37140,21007,"Paducah, KY-IL",37140,2021,207.1525,185.7475,21.405
2464,Kentucky,KY,Boone,21,21015,118811,,6.4895865888573,Very Low,2021,17140,21015,"Cincinnati, OH-KY-IN",17140,2021,247.66333333333333,216.89916666666667,30.764166666666654
2465,Kentucky,KY,Bourbon,21,21017,19985,,9.101748859109115,Relatively Low,2021,30460,21017,"Lexington-Fayette, KY",30460,2021,249.4625,222.315,27.147500000000008
2466,Kentucky,KY,Boyd,21,21019,49542,,8.150511946091665,Relatively Low,2021,26580,21019,"Huntington-Ashland, WV-KY-OH",26580,2021,201.7675,186.46,15.307500000000005
2468,Kentucky,KY,Bracken,21,21023,8488,,4.015533695259864,Very Low,2021,17140,21023,"Cincinnati, OH-KY-IN",17140,2021,247.66333333333333,216.89916666666667,30.764166666666654
2469,Kentucky,KY,Bullitt,21,21029,74319,,7.803438058614021,Very Low,2021,31140,21029,"Louisville/Jefferson County, KY-IN",31140,2021,282.9175,251.27375,31.64375000000001
2470,Alabama,AL,Autauga,1,01001,54571,,5.74877740065178,Very Low,2021,33860,01001,"Montgomery, AL",33860,2021,169.545,155.565,13.97999999999999
2471,Alabama,AL,Baldwin,1,01003,182265,,13.557904620457986,Relatively Moderate,2021,19300,01003,"Daphne-Fairhope-Foley, AL",19300,2021,282.5,243.6475,38.85249999999999
2473,Alabama,AL,Bibb,1,01007,22915,,4.34631394853192,Very Low,2021,13820,01007,"Birmingham, AL",13820,2021,272.07,242.01875,30.051249999999982
2474,Alabama,AL,Blount,1,01009,57322,,9.362944865505217,Relatively Low,2021,13820,01009,"Birmingham, AL",13820,2021,272.07,242.01875,30.051249999999982
2475,Alabama,AL,Calhoun,1,01015,118572,,16.60768730650263,Relatively Moderate,2021,11500,01015,"Anniston-Oxford, AL",11500,2021,208.04,186.82750000000001,21.212499999999977
2477,Alabama,AL,Chilton,1,01021,43643,,7.671282500587504,Very Low,2021,13820,01021,"Birmingham, AL",13820,2021,272.07,242.01875,30.051249999999982
2479,Alabama,AL,Colbert,1,01033,54428,,11.161867026528585,Relatively Low,2021,22520,01033,"Florence-Muscle Shoals, AL",22520,2021,211.0975,186.8375,24.25999999999999
2485,Alabama,AL,Elmore,1,01051,79303,,6.975600041555369,Very Low,2021,33860,01051,"Montgomery, AL",33860,2021,169.545,155.565,13.97999999999999
2486,Alabama,AL,Etowah,1,01055,104430,,16.79728586178315,Relatively Moderate,2021,23460,01055,"Gadsden, AL",23460,2021,229.695,203.55,26.144999999999982
2488,Alabama,AL,Geneva,1,01061,26790,,10.294890865874423,Relatively Low,2021,20020,01061,"Dothan, AL",20020,2021,196.2075,179.2125,16.995000000000005
2489,Alabama,AL,Greene,1,01063,9045,,9.118287488649733,Relatively Low,2021,46220,01063,"Tuscaloosa, AL",46220,2021,231.6025,211.28,20.32249999999999
2490,Alabama,AL,Hale,1,01065,15760,,8.82939163991393,Relatively Low,2021,46220,01065,"Tuscaloosa, AL",46220,2021,231.6025,211.28,20.32249999999999
2491,Alabama,AL,Henry,1,01067,17302,,10.999854131455248,Relatively Low,2021,20020,01067,"Dothan, AL",20020,2021,196.2075,179.2125,16.995000000000005
2492,Alabama,AL,Houston,1,01069,101547,,14.519546269855146,Relatively Moderate,2021,20020,01069,"Dothan, AL",20020,2021,196.2075,179.2125,16.995000000000005
2494,Alabama,AL,Jefferson,1,01073,658466,,28.069692866323948,Relatively High,2021,13820,01073,"Birmingham, AL",13820,2021,272.07,242.01875,30.051249999999982
2495,Alabama,AL,Lauderdale,1,01077,92709,,14.085674089089554,Relatively Moderate,2021,22520,01077,"Florence-Muscle Shoals, AL",22520,2021,211.0975,186.8375,24.25999999999999
2496,Alabama,AL,Lawrence,1,01079,34339,,9.210662435365554,Relatively Low,2021,19460,01079,"Decatur, AL",19460,2021,224.44,191.1025,33.337500000000006
2497,Alabama,AL,Lee,1,01081,140247,,5.98433547274114,Very Low,2021,12220,01081,"Auburn-Opelika, AL",12220,2021,238.0775,214.1825,23.894999999999982
2498,Alabama,AL,Limestone,1,01083,82782,,7.836067852135025,Very Low,2021,26620,01083,"Huntsville, AL",26620,2021,239.755,202.95,36.80500000000001
2499,Alabama,AL,Lowndes,1,01085,11299,,10.680828722975678,Relatively Low,2021,33860,01085,"Montgomery, AL",33860,2021,169.545,155.565,13.97999999999999
2500,Alabama,AL,Macon,1,01087,21452,,7.876946809584495,Very Low,2021,12220,01087,"Auburn-Opelika, AL",12220,2021,238.0775,214.1825,23.894999999999982
2501,Alabama,AL,Madison,1,01089,334811,,13.665523853842537,Relatively Moderate,2021,26620,01089,"Huntsville, AL",26620,2021,239.755,202.95,36.80500000000001
2503,Alabama,AL,Mobile,1,01097,412992,,32.655265774091575,Relatively High,2021,33660,01097,"Mobile, AL",33660,2021,230.585,201.1575,29.42750000000001
2504,Alabama,AL,Montgomery,1,01101,229363,,14.491024412625617,Relatively Moderate,2021,33860,01101,"Montgomery, AL",33860,2021,169.545,155.565,13.97999999999999
2505,Alabama,AL,Morgan,1,01103,119490,,16.660623190068645,Relatively Moderate,2021,19460,01103,"Decatur, AL",19460,2021,224.44,191.1025,33.337500000000006
2506,Alabama,AL,Pickens,1,01107,19746,,11.414390517585906,Relatively Low,2021,46220,01107,"Tuscaloosa, AL",46220,2021,231.6025,211.28,20.32249999999999
2508,Alabama,AL,Russell,1,01113,52947,,8.663921602106896,Relatively Low,2021,17980,01113,"Columbus, GA-AL",17980,2021,201.34,179.86249999999998,21.47750000000002
2509,Alabama,AL,St. Clair,1,01115,83593,,7.771995114266976,Very Low,2021,13820,01115,"Birmingham, AL",13820,2021,272.07,242.01875,30.051249999999982
2510,Alabama,AL,Shelby,1,01117,195085,,8.468597136827709,Relatively Low,2021,13820,01117,"Birmingham, AL",13820,2021,272.07,242.01875,30.051249999999982
2513,Alabama,AL,Tuscaloosa,1,01125,194656,,13.456271694456255,Relatively Moderate,2021,46220,01125,"Tuscaloosa, AL",46220,2021,231.6025,211.28,20.32249999999999
2514,Alabama,AL,Walker,1,01127,67023,,11.809138826307462,Relatively Low,2021,13820,01127,"Birmingham, AL",13820,2021,272.07,242.01875,30.051249999999982
2515,Alaska,AK,Anchorage,2,02020,291826,,16.837537075259227,Relatively Moderate,2021,11260,02020,"Anchorage, AK",11260,2021,257.495,238.3975,19.097499999999997
2516,Alaska,AK,Fairbanks North Star,2,02090,97581,,6.201021301893993,Very Low,2021,21820,02090,"Fairbanks-College, AK",21820,2021,228.225,208.88,19.345
2519,Alaska,AK,Matanuska-Susitna,2,02170,88995,,9.54837807881418,Relatively Low,2021,11260,02170,"Anchorage, AK",11260,2021,257.495,238.3975,19.097499999999997
2520,Arizona,AZ,Cochise,4,04003,131346,,28.445701032392055,Relatively High,2021,43420,04003,"Sierra Vista-Douglas, AZ",43420,2021,236.95499999999998,202.7125,34.24249999999998
2521,Arizona,AZ,Coconino,4,04005,134421,,26.11883185342724,Relatively High,2021,22380,04005,"Flagstaff, AZ",22380,2021,351.815,291.05,60.764999999999986
2524,Arizona,AZ,Maricopa,4,04013,3817117,,25.446048677273797,Relatively High,2021,38060,04013,"Phoenix-Mesa-Chandler, AZ",38060,2021,464.065625,370.575,93.49062500000002
2525,Arizona,AZ,Mohave,4,04015,200186,,24.599327667255743,Relatively High,2021,29420,04015,"Lake Havasu City-Kingman, AZ",29420,2021,330.5175,268.47,62.04749999999996
2527,Arizona,AZ,Pima,4,04019,980263,,28.95365127924636,Relatively High,2021,46060,04019,"Tucson, AZ",46060,2021,332.42125,277.88125,54.539999999999964
2528,Arizona,AZ,Pinal,4,04021,375770,,28.603604653938916,Relatively High,2021,38060,04021,"Phoenix-Mesa-Chandler, AZ",38060,2021,464.065625,370.575,93.49062500000002
2530,Arizona,AZ,Yavapai,4,04025,211033,,27.175220132869505,Relatively High,2021,39150,04025,"Prescott Valley-Prescott, AZ",39150,2021,336.4675,280.5825,55.88499999999999
2531,Arizona,AZ,Yuma,4,04027,195751,,20.15210282550634,Relatively Moderate,2021,49740,04027,"Yuma, AZ",49740,2021,249.365,207.5775,41.78750000000002
2533,Arkansas,AR,Benton,5,05007,221339,,12.197172562959278,Relatively Low,2021,22220,05007,"Fayetteville-Springdale-Rogers, AR",22220,2021,258.2675,219.555,38.71249999999998
2539,Arkansas,AR,Craighead,5,05031,96443,,17.691668120871288,Relatively Moderate,2021,27860,05031,"Jonesboro, AR",27860,2021,207.3825,187.905,19.477499999999992
2540,Arkansas,AR,Crawford,5,05033,61948,,13.621329319494924,Relatively Moderate,2021,22900,05033,"Fort Smith, AR-OK",22900,2021,217.225,190.5275,26.69749999999999
2541,Arkansas,AR,Crittenden,5,05035,50902,,16.080297275141767,Relatively Moderate,2021,32820,05035,"Memphis, TN-MS-AR",32820,2021,243.125,211.2775,31.847499999999997
2542,Arkansas,AR,Faulkner,5,05045,113237,,13.15441797544512,Relatively Low,2021,30780,05045,"Little Rock-North Little Rock-Conway, AR",30780,2021,234.6975,210.035,24.662499999999994
2543,Arkansas,AR,Garland,5,05051,96024,,20.44668394152288,Relatively Moderate,2021,26300,05051,"Hot Springs, AR",26300,2021,241.3525,213.7175,27.63499999999999
2544,Arkansas,AR,Grant,5,05053,17853,,6.689961748405221,Very Low,2021,30780,05053,"Little Rock-North Little Rock-Conway, AR",30780,2021,234.6975,210.035,24.662499999999994
2549,Arkansas,AR,Little River,5,05081,13171,,10.409638521760414,Relatively Low,2021,45500,05081,"Texarkana, TX-AR",45500,2021,219.49,197.43,22.060000000000002
2550,Arkansas,AR,Lonoke,5,05085,68356,,10.446610509826156,Relatively Low,2021,30780,05085,"Little Rock-North Little Rock-Conway, AR",30780,2021,234.6975,210.035,24.662499999999994
2551,Arkansas,AR,Madison,5,05087,15717,,11.480100964184636,Relatively Low,2021,22220,05087,"Fayetteville-Springdale-Rogers, AR",22220,2021,258.2675,219.555,38.71249999999998
2552,Arkansas,AR,Miller,5,05091,43462,,13.054637678400352,Relatively Low,2021,45500,05091,"Texarkana, TX-AR",45500,2021,219.49,197.43,22.060000000000002
2556,Arkansas,AR,Perry,5,05105,10445,,7.013371117674274,Very Low,2021,30780,05105,"Little Rock-North Little Rock-Conway, AR",30780,2021,234.6975,210.035,24.662499999999994
2557,Arkansas,AR,Poinsett,5,05111,24583,,17.17245843387382,Relatively Moderate,2021,27860,05111,"Jonesboro, AR",27860,2021,207.3825,187.905,19.477499999999992
2559,Arkansas,AR,Pulaski,5,05119,382748,,24.165476972134677,Relatively High,2021,30780,05119,"Little Rock-North Little Rock-Conway, AR",30780,2021,234.6975,210.035,24.662499999999994
2561,Arkansas,AR,Saline,5,05125,107118,,10.441923207444816,Relatively Low,2021,30780,05125,"Little Rock-North Little Rock-Conway, AR",30780,2021,234.6975,210.035,24.662499999999994
2562,Arkansas,AR,Sebastian,5,05131,125744,,16.552996490184853,Relatively Moderate,2021,22900,05131,"Fort Smith, AR-OK",22900,2021,217.225,190.5275,26.69749999999999
2564,Arkansas,AR,Washington,5,05143,203065,,16.61070805163622,Relatively Moderate,2021,22220,05143,"Fayetteville-Springdale-Rogers, AR",22220,2021,258.2675,219.555,38.71249999999998
2569,California,CA,Butte,6,06007,220000,,35.958767377976045,Relatively High,2021,17020,06007,"Chico, CA",17020,2021,327.19,293.3,33.889999999999986
2572,California,CA,El Dorado,6,06017,181058,,14.525931101764234,Relatively Moderate,2021,40900,06017,"Sacramento-Roseville-Folsom, CA",40900,2021,341.6016666666667,288.81916666666666,52.78250000000003
2573,California,CA,Fresno,6,06019,930450,,36.46947548017824,Relatively High,2021,23420,06019,"Fresno, CA",23420,2021,302.82375,257.90875,44.91500000000002
2575,California,CA,Imperial,6,06025,174528,,43.82011368770046,Very High,2021,20940,06025,"El Centro, CA",20940,2021,260.1325,227.32,32.8125
2577,California,CA,Kern,6,06029,839631,,31.44813977107194,Relatively High,2021,12540,06029,"Bakersfield-Delano, CA",12540,2021,268.87874999999997,230.725,38.153749999999974
2578,California,CA,Kings,6,06031,152982,,22.224448390971293,Relatively Moderate,2021,25260,06031,"Hanford-Corcoran, CA",25260,2021,262.1975,226.64249999999998,35.55500000000001
2582,California,CA,Madera,6,06039,150865,,31.156300252429745,Relatively High,2021,23420,06039,"Fresno, CA",23420,2021,302.82375,257.90875,44.91500000000002
2585,California,CA,Merced,6,06047,255793,,33.32391174378521,Relatively High,2021,32900,06047,"Merced, CA",32900,2021,304.025,257.76,46.264999999999986
2586,California,CA,Monterey,6,06053,415057,,33.465855821699414,Relatively High,2021,41500,06053,"Salinas, CA",41500,2021,351.695,306.5625,45.13249999999999
2587,California,CA,Napa,6,06055,136484,,32.411054887570955,Relatively High,2021,34900,06055,"Napa, CA",34900,2021,390.96999999999997,347.28999999999996,43.68000000000001
2590,California,CA,Placer,6,06061,348432,,14.033804492884425,Relatively Moderate,2021,40900,06061,"Sacramento-Roseville-Folsom, CA",40900,2021,341.6016666666667,288.81916666666666,52.78250000000003
2591,California,CA,Riverside,6,06065,2189641,,58.86595301494925,Very High,2021,40140,06065,"Riverside-San Bernardino-Ontario, CA",40140,2021,349.17562499999997,287.395,61.780624999999986
2592,California,CA,Sacramento,6,06067,1418788,,37.63848049497076,Relatively High,2021,40900,06067,"Sacramento-Roseville-Folsom, CA",40900,2021,341.6016666666667,288.81916666666666,52.78250000000003
2593,California,CA,San Benito,6,06069,55269,,17.81794783073304,Relatively Moderate,2021,41940,06069,"San Jose-Sunnyvale-Santa Clara, CA",41940,2021,464.3675,417.8933333333334,46.47416666666663
2594,California,CA,San Bernardino,6,06071,2035210,,54.404232557207216,Very High,2021,40140,06071,"Riverside-San Bernardino-Ontario, CA",40140,2021,349.17562499999997,287.395,61.780624999999986
2595,California,CA,San Diego,6,06073,3095313,,43.12913350735898,Very High,2021,41740,06073,"San Diego-Chula Vista-Carlsbad, CA",41740,2021,425.075,357.958125,67.116875
2597,California,CA,San Joaquin,6,06077,685306,,31.49947972887671,Relatively High,2021,44700,06077,"Stockton-Lodi, CA",44700,2021,321.6675,265.1125,56.55500000000001
2598,California,CA,San Luis Obispo,6,06079,269637,,17.38205656184816,Relatively Moderate,2021,42020,06079,"San Luis Obispo-Paso Robles, CA",42020,2021,390.6975,347.3225,43.375
2600,California,CA,Santa Barbara,6,06083,423895,,48.15416003918539,Very High,2021,42200,06083,"Santa Maria-Santa Barbara, CA",42200,2021,359.0175,316.635,42.38249999999999
2601,California,CA,Santa Clara,6,06085,1781642,,22.951107452252668,Relatively High,2021,41940,06085,"San Jose-Sunnyvale-Santa Clara, CA",41940,2021,464.3675,417.8933333333334,46.47416666666663
2602,California,CA,Santa Cruz,6,06087,262382,,22.343178270671885,Relatively Moderate,2021,42100,06087,"Santa Cruz-Watsonville, CA",42100,2021,389.95000000000005,347.5925,42.35750000000007
2603,California,CA,Shasta,6,06089,177223,,26.01089483463324,Relatively High,2021,39820,06089,"Redding, CA",39820,2021,283.8275,246.25,37.577499999999986
2604,California,CA,Solano,6,06095,413344,,28.674890398630147,Relatively High,2021,46700,06095,"Vallejo, CA",46700,2021,344.375,297.95,46.42500000000001
2605,California,CA,Sonoma,6,06097,483878,,37.44315753259366,Relatively High,2021,42220,06097,"Santa Rosa-Petaluma, CA",42220,2021,366.5225,335.635,30.88749999999999
2606,California,CA,Stanislaus,6,06099,514453,,29.11486979880012,Relatively High,2021,33700,06099,"Modesto, CA",33700,2021,327.7375,279.1375,48.60000000000002
2607,California,CA,Sutter,6,06101,94737,,34.361231307775306,Relatively High,2021,49700,06101,"Yuba City, CA",49700,2021,318.69,272.41,46.27999999999997
2609,California,CA,Tulare,6,06107,442179,,23.85254541950004,Relatively High,2021,47300,06107,"Visalia, CA",47300,2021,263.74,226.935,36.80500000000001
2611,California,CA,Ventura,6,06111,823318,,29.40210385360113,Relatively High,2021,37100,06111,"Oxnard-Thousand Oaks-Ventura, CA",37100,2021,360.17375,314.79375,45.379999999999995
2612,California,CA,Yolo,6,06113,200849,,31.97385029567275,Relatively High,2021,40900,06113,"Sacramento-Roseville-Folsom, CA",40900,2021,341.6016666666667,288.81916666666666,52.78250000000003
2613,California,CA,Yuba,6,06115,72155,,22.428967224172844,Relatively Moderate,2021,49700,06115,"Yuba City, CA",49700,2021,318.69,272.41,46.27999999999997
2614,Colorado,CO,Adams,8,08001,441603,,19.483467119297703,Relatively Moderate,2021,19740,08001,"Denver-Aurora-Centennial, CO",19740,2021,554.6058333333334,474.87166666666667,79.73416666666674
2616,Colorado,CO,Arapahoe,8,08005,572003,,20.39557399478712,Relatively Moderate,2021,19740,08005,"Denver-Aurora-Centennial, CO",19740,2021,554.6058333333334,474.87166666666667,79.73416666666674
2617,Colorado,CO,Boulder,8,08013,294567,,9.900964313970004,Relatively Low,2021,14500,08013,"Boulder, CO",14500,2021,391.8825,347.58500000000004,44.29749999999996
2618,Colorado,CO,Broomfield,8,08014,55889,,3.599499747464714,Very Low,2021,19740,08014,"Denver-Aurora-Centennial, CO",19740,2021,554.6058333333334,474.87166666666667,79.73416666666674
2619,Colorado,CO,Clear Creek,8,08019,9088,,3.715051897377039,Very Low,2021,19740,08019,"Denver-Aurora-Centennial, CO",19740,2021,554.6058333333334,474.87166666666667,79.73416666666674
2622,Colorado,CO,Denver,8,08031,600158,,24.212411587943865,Relatively High,2021,19740,08031,"Denver-Aurora-Centennial, CO",19740,2021,554.6058333333334,474.87166666666667,79.73416666666674
2623,Colorado,CO,Douglas,8,08035,285465,,0.34131734229938,Very Low,2021,19740,08035,"Denver-Aurora-Centennial, CO",19740,2021,554.6058333333334,474.87166666666667,79.73416666666674
2625,Colorado,CO,Elbert,8,08039,23086,,2.432136674376384,Very Low,2021,19740,08039,"Denver-Aurora-Centennial, CO",19740,2021,554.6058333333334,474.87166666666667,79.73416666666674
2626,Colorado,CO,El Paso,8,08041,622263,,16.865224640460884,Relatively Moderate,2021,17820,08041,"Colorado Springs, CO",17820,2021,416.30125,350.6375,65.66375
2629,Colorado,CO,Gilpin,8,08047,5441,,3.29256085715907,Very Low,2021,19740,08047,"Denver-Aurora-Centennial, CO",19740,2021,554.6058333333334,474.87166666666667,79.73416666666674
2630,Colorado,CO,Jefferson,8,08059,534543,,16.6864792180223,Relatively Moderate,2021,19740,08059,"Denver-Aurora-Centennial, CO",19740,2021,554.6058333333334,474.87166666666667,79.73416666666674
2633,Colorado,CO,Larimer,8,08069,299630,,15.3062655916558,Relatively Moderate,2021,22660,08069,"Fort Collins-Loveland, CO",22660,2021,355.5525,315.4625,40.09000000000003
2635,Colorado,CO,Mesa,8,08077,146723,,8.850496202799755,Relatively Low,2021,24300,08077,"Grand Junction, CO",24300,2021,340.405,290.91499999999996,49.49000000000001
2639,Colorado,CO,Park,8,08093,16206,,5.507194054562902,Very Low,2021,19740,08093,"Denver-Aurora-Centennial, CO",19740,2021,554.6058333333334,474.87166666666667,79.73416666666674
2641,Colorado,CO,Pueblo,8,08101,159063,,18.371408402929752,Relatively Moderate,2021,39380,08101,"Pueblo, CO",39380,2021,303.505,253.2975,50.20749999999998
2644,Colorado,CO,Teller,8,08119,23350,,8.531175250658686,Relatively Low,2021,17820,08119,"Colorado Springs, CO",17820,2021,416.30125,350.6375,65.66375
2645,Colorado,CO,Weld,8,08123,252825,,13.88067517068864,Relatively Moderate,2021,24540,08123,"Greeley, CO",24540,2021,345.7075,304.575,41.13249999999999
2646,Delaware,DE,Kent,10,10001,162310,,9.64867873888454,Relatively Low,2021,20100,10001,"Dover, DE",20100,2021,232.7475,204.57,28.17750000000001
2650,Florida,FL,Alachua,12,12001,247336,,18.77082454131484,Relatively Moderate,2021,23540,12001,"Gainesville, FL",23540,2021,294.08500000000004,256.8575,37.22750000000002
2651,Florida,FL,Baker,12,12003,27115,,5.264315746642439,Very Low,2021,27260,12003,"Jacksonville, FL",27260,2021,366.34833333333336,306.77333333333337,59.57499999999999
2652,Florida,FL,Bay,12,12005,168852,,22.605836799590044,Relatively Moderate,2021,37460,12005,"Panama City-Panama City Beach, FL",37460,2021,308.9525,271.13,37.82249999999999
2653,Florida,FL,Brevard,12,12009,543376,,30.218700714391023,Relatively High,2021,37340,12009,"Palm Bay-Melbourne-Titusville, FL",37340,2021,334.8375,284.2475,50.589999999999975
2655,Florida,FL,Charlotte,12,12015,159978,,36.48674739474337,Relatively High,2021,39460,12015,"Punta Gorda, FL",39460,2021,325.1825,266.5475,58.63499999999999
2656,Florida,FL,Citrus,12,12017,141236,,26.850606166138597,Relatively High,2021,26140,12017,"Homosassa Springs, FL",26140,2021,294.985,245.6325,49.35250000000002
2657,Florida,FL,Clay,12,12019,190865,,11.535472632560298,Relatively Low,2021,27260,12019,"Jacksonville, FL",27260,2021,366.34833333333336,306.77333333333337,59.57499999999999
2658,Florida,FL,Collier,12,12021,321520,,31.207260922289468,Relatively High,2021,34940,12021,"Naples-Marco Island, FL",34940,2021,397.795,329.5175,68.27750000000003
2661,Florida,FL,Duval,12,12031,864263,,21.16189234774109,Relatively Moderate,2021,27260,12031,"Jacksonville, FL",27260,2021,366.34833333333336,306.77333333333337,59.57499999999999
2662,Florida,FL,Escambia,12,12033,297619,,27.162830286749713,Relatively High,2021,37860,12033,"Pensacola-Ferry Pass-Brent, FL",37860,2021,307.2125,258.995,48.21749999999997
2663,Florida,FL,Flagler,12,12035,95696,,19.555572369662286,Relatively Moderate,2021,19660,12035,"Deltona-Daytona Beach-Ormond Beach, FL",19660,2021,333.3425,281.75,51.59249999999997
2664,Florida,FL,Gadsden,12,12039,46389,,17.181977514709967,Relatively Moderate,2021,45220,12039,"Tallahassee, FL",45220,2021,250.9825,221.085,29.89749999999998
2665,Florida,FL,Gilchrist,12,12041,16939,,5.93975302349804,Very Low,2021,23540,12041,"Gainesville, FL",23540,2021,294.08500000000004,256.8575,37.22750000000002
2669,Florida,FL,Highlands,12,12055,98786,,33.36568519326014,Relatively High,2021,42700,12055,"Sebring, FL",42700,2021,292.25,242.45749999999998,49.79250000000002
2671,Florida,FL,Indian River,12,12061,138028,,37.309142446807925,Relatively High,2021,42680,12061,"Sebastian-Vero Beach-West Vero Corridor, FL",42680,2021,322.3025,273.6375,48.66500000000002
2672,Florida,FL,Jefferson,12,12065,14761,,7.627105825216071,Very Low,2021,45220,12065,"Tallahassee, FL",45220,2021,250.9825,221.085,29.89749999999998
2673,Florida,FL,Lake,12,12069,297052,,22.307980889512116,Relatively Moderate,2021,36740,12069,"Orlando-Kissimmee-Sanford, FL",36740,2021,343.83166666666665,295.66833333333335,48.1633333333333
2674,Florida,FL,Lee,12,12071,618754,,48.81117614124483,Very High,2021,15980,12071,"Cape Coral-Fort Myers, FL",15980,2021,349.14625,280.3575,68.78875
2675,Florida,FL,Leon,12,12073,275487,,14.184748883078456,Relatively Moderate,2021,45220,12073,"Tallahassee, FL",45220,2021,250.9825,221.085,29.89749999999998
2676,Florida,FL,Levy,12,12075,40801,,11.4695006930578,Relatively Low,2021,23540,12075,"Gainesville, FL",23540,2021,294.08500000000004,256.8575,37.22750000000002
2677,Florida,FL,Manatee,12,12081,322833,,24.482271277817592,Relatively High,2021,35840,12081,"North Port-Bradenton-Sarasota, FL",35840,2021,398.76875,326.5025,72.26625000000001
2678,Florida,FL,Marion,12,12083,331298,,28.199805379160605,Relatively High,2021,36100,12083,"Ocala, FL",36100,2021,281.945,240.0125,41.932500000000005
2679,Florida,FL,Martin,12,12085,146318,,30.857676242172097,Relatively High,2021,38940,12085,"Port St. Lucie, FL",38940,2021,339.12,281.5725,57.547500000000014
2682,Florida,FL,Nassau,12,12089,73314,,9.05276127004764,Relatively Low,2021,27260,12089,"Jacksonville, FL",27260,2021,366.34833333333336,306.77333333333337,59.57499999999999
2683,Florida,FL,Okaloosa,12,12091,180822,,13.614303763287468,Relatively Moderate,2021,18880,12091,"Crestview-Fort Walton Beach-Destin, FL",18880,2021,329.1275,278.125,51.0025
2685,Florida,FL,Orange,12,12095,1145956,,27.712786225250387,Relatively High,2021,36740,12095,"Orlando-Kissimmee-Sanford, FL",36740,2021,343.83166666666665,295.66833333333335,48.1633333333333
2686,Florida,FL,Osceola,12,12097,268685,,26.515385655565417,Relatively High,2021,36740,12097,"Orlando-Kissimmee-Sanford, FL",36740,2021,343.83166666666665,295.66833333333335,48.1633333333333
2690,Florida,FL,Polk,12,12105,602095,,28.92348693485065,Relatively High,2021,29460,12105,"Lakeland-Winter Haven, FL",29460,2021,339.29875,281.54375,57.754999999999995
2692,Florida,FL,St. Johns,12,12109,190039,,13.363729130991928,Relatively Low,2021,27260,12109,"Jacksonville, FL",27260,2021,366.34833333333336,306.77333333333337,59.57499999999999
2693,Florida,FL,St. Lucie,12,12111,277789,,41.930238616014215,Very High,2021,38940,12111,"Port St. Lucie, FL",38940,2021,339.12,281.5725,57.547500000000014
2694,Florida,FL,Santa Rosa,12,12113,151372,,9.20820485874884,Relatively Low,2021,37860,12113,"Pensacola-Ferry Pass-Brent, FL",37860,2021,307.2125,258.995,48.21749999999997
2695,Florida,FL,Sarasota,12,12115,379448,,24.18572155105568,Relatively High,2021,35840,12115,"North Port-Bradenton-Sarasota, FL",35840,2021,398.76875,326.5025,72.26625000000001
2696,Florida,FL,Seminole,12,12117,422718,,20.26076637075815,Relatively Moderate,2021,36740,12117,"Orlando-Kissimmee-Sanford, FL",36740,2021,343.83166666666665,295.66833333333335,48.1633333333333
2697,Florida,FL,Sumter,12,12119,93420,,18.55866110534399,Relatively Moderate,2021,48680,12119,"Wildwood-The Villages, FL",48680,2021,308.255,275.2475,33.00749999999999
2698,Florida,FL,Volusia,12,12127,494593,,37.414492231894975,Relatively High,2021,19660,12127,"Deltona-Daytona Beach-Ormond Beach, FL",19660,2021,333.3425,281.75,51.59249999999997
2699,Florida,FL,Wakulla,12,12129,30776,,5.111426294897191,Very Low,2021,45220,12129,"Tallahassee, FL",45220,2021,250.9825,221.085,29.89749999999998
2700,Florida,FL,Walton,12,12131,55043,,14.370134614842756,Relatively Moderate,2021,18880,12131,"Crestview-Fort Walton Beach-Destin, FL",18880,2021,329.1275,278.125,51.0025
2701,Florida,FL,Washington,12,12133,24896,,9.423519243660447,Relatively Low,2021,37460,12133,"Panama City-Panama City Beach, FL",37460,2021,308.9525,271.13,37.82249999999999
2707,Georgia,GA,Bibb,13,13021,155547,,14.748538349280716,Relatively Moderate,2021,31420,13021,"Macon-Bibb County, GA",31420,2021,183.24,164.1325,19.107500000000016
2708,Georgia,GA,Brantley,13,13025,18411,,5.384917207399832,Very Low,2021,15260,13025,"Brunswick-St. Simons, GA",15260,2021,267.15250000000003,237.39,29.762500000000045
2709,Georgia,GA,Brooks,13,13027,16243,,7.428104546759484,Very Low,2021,46660,13027,"Valdosta, GA",46660,2021,202.64,181.3075,21.332499999999982
2710,Georgia,GA,Bryan,13,13029,30233,,4.619686455647955,Very Low,2021,42340,13029,"Savannah, GA",42340,2021,296.8375,261.03499999999997,35.80250000000001
2712,Georgia,GA,Burke,13,13033,23316,,14.724274813220685,Relatively Moderate,2021,12260,13033,"Augusta-Richmond County, GA-SC",12260,2021,226.975,198.60750000000002,28.36749999999998
2716,Georgia,GA,Catoosa,13,13047,63942,,10.806174283308552,Relatively Low,2021,16860,13047,"Chattanooga, TN-GA",16860,2021,281.6125,241.45,40.16250000000002
2717,Georgia,GA,Chatham,13,13051,265128,,18.10576336474641,Relatively Moderate,2021,42340,13051,"Savannah, GA",42340,2021,296.8375,261.03499999999997,35.80250000000001
2718,Georgia,GA,Chattahoochee,13,13053,11267,,0.009268801295278,Very Low,2021,17980,13053,"Columbus, GA-AL",17980,2021,201.34,179.86249999999998,21.47750000000002
2721,Georgia,GA,Clarke,13,13059,116714,,12.061771213370246,Relatively Low,2021,12020,13059,"Athens-Clarke County, GA",12020,2021,281.7975,243.2225,38.57500000000002
2726,Georgia,GA,Columbia,13,13073,124053,,6.684270420928385,Very Low,2021,12260,13073,"Augusta-Richmond County, GA-SC",12260,2021,226.975,198.60750000000002,28.36749999999998
2728,Georgia,GA,Crawford,13,13079,12630,,3.97115696894908,Very Low,2021,31420,13079,"Macon-Bibb County, GA",31420,2021,183.24,164.1325,19.107500000000016
2730,Georgia,GA,Dade,13,13083,16633,,8.182899213622258,Relatively Low,2021,16860,13083,"Chattanooga, TN-GA",16860,2021,281.6125,241.45,40.16250000000002
2734,Georgia,GA,Dougherty,13,13095,94565,,19.435695394175298,Relatively Moderate,2021,10500,13095,"Albany, GA",10500,2021,185.08749999999998,164.8775,20.20999999999998
2736,Georgia,GA,Echols,13,13101,4034,,4.171394142082714,Very Low,2021,46660,13101,"Valdosta, GA",46660,2021,202.64,181.3075,21.332499999999982
2737,Georgia,GA,Effingham,13,13103,52250,,4.127441881016914,Very Low,2021,42340,13103,"Savannah, GA",42340,2021,296.8375,261.03499999999997,35.80250000000001
2740,Georgia,GA,Floyd,13,13115,96317,,17.457926569863808,Relatively Moderate,2021,40660,13115,"Rome, GA",40660,2021,236.7125,203.865,32.8475
2743,Georgia,GA,Glynn,13,13127,79626,,18.906625705085744,Relatively Moderate,2021,15260,13127,"Brunswick-St. Simons, GA",15260,2021,267.15250000000003,237.39,29.762500000000045
2748,Georgia,GA,Hall,13,13139,179684,,13.484919898525089,Relatively Moderate,2021,23580,13139,"Gainesville, GA",23580,2021,273.38,234.4775,38.9025
2750,Georgia,GA,Harris,13,13145,32024,,3.163348384791054,Very Low,2021,17980,13145,"Columbus, GA-AL",17980,2021,201.34,179.86249999999998,21.47750000000002
2753,Georgia,GA,Houston,13,13153,139900,,8.116956057165803,Relatively Low,2021,47580,13153,"Warner Robins, GA",47580,2021,189.61,170.4325,19.17750000000001
2757,Georgia,GA,Jones,13,13169,28669,,4.701213926425615,Very Low,2021,31420,13169,"Macon-Bibb County, GA",31420,2021,183.24,164.1325,19.107500000000016
2758,Georgia,GA,Lanier,13,13173,10078,,4.46622430068104,Very Low,2021,46660,13173,"Valdosta, GA",46660,2021,202.64,181.3075,21.332499999999982
2760,Georgia,GA,Lee,13,13177,28298,,3.571896651091918,Very Low,2021,10500,13177,"Albany, GA",10500,2021,185.08749999999998,164.8775,20.20999999999998
2761,Georgia,GA,Liberty,13,13179,63453,,6.1597591318606,Very Low,2021,25980,13179,"Hinesville, GA",25980,2021,206.21,177.6125,28.597499999999997
2762,Georgia,GA,Lincoln,13,13181,7996,,6.696538835040257,Very Low,2021,12260,13181,"Augusta-Richmond County, GA-SC",12260,2021,226.975,198.60750000000002,28.36749999999998
2763,Georgia,GA,Long,13,13183,14464,,3.532345163137678,Very Low,2021,25980,13183,"Hinesville, GA",25980,2021,206.21,177.6125,28.597499999999997
2764,Georgia,GA,Lowndes,13,13185,109233,,9.646905128452625,Relatively Low,2021,46660,13185,"Valdosta, GA",46660,2021,202.64,181.3075,21.332499999999982
2766,Georgia,GA,McDuffie,13,13189,21875,,8.01918148230048,Very Low,2021,12260,13189,"Augusta-Richmond County, GA-SC",12260,2021,226.975,198.60750000000002,28.36749999999998
2767,Georgia,GA,McIntosh,13,13191,14333,,10.703205704110076,Relatively Low,2021,15260,13191,"Brunswick-St. Simons, GA",15260,2021,267.15250000000003,237.39,29.762500000000045
2768,Georgia,GA,Madison,13,13195,28120,,7.008413396350643,Very Low,2021,12020,13195,"Athens-Clarke County, GA",12020,2021,281.7975,243.2225,38.57500000000002
2769,Georgia,GA,Marion,13,13197,8742,,4.101196084617226,Very Low,2021,17980,13197,"Columbus, GA-AL",17980,2021,201.34,179.86249999999998,21.47750000000002
2771,Georgia,GA,Monroe,13,13207,26424,,5.643195228494447,Very Low,2021,31420,13207,"Macon-Bibb County, GA",31420,2021,183.24,164.1325,19.107500000000016
2774,Georgia,GA,Murray,13,13213,39628,,9.67718589398496,Relatively Low,2021,19140,13213,"Dalton, GA",19140,2021,235.3325,205.6,29.732500000000016
2775,Georgia,GA,Muscogee,13,13215,189885,,11.105132211321829,Relatively Low,2021,17980,13215,"Columbus, GA-AL",17980,2021,201.34,179.86249999999998,21.47750000000002
2777,Georgia,GA,Oconee,13,13219,32808,,3.038746547268336,Very Low,2021,12020,13219,"Athens-Clarke County, GA",12020,2021,281.7975,243.2225,38.57500000000002
2778,Georgia,GA,Oglethorpe,13,13221,14899,,4.443747744485479,Very Low,2021,12020,13221,"Athens-Clarke County, GA",12020,2021,281.7975,243.2225,38.57500000000002
2780,Georgia,GA,Peach,13,13225,27695,,6.635585610111754,Very Low,2021,47580,13225,"Warner Robins, GA",47580,2021,189.61,170.4325,19.17750000000001
2786,Georgia,GA,Richmond,13,13245,200549,,19.551030060523985,Relatively Moderate,2021,12260,13245,"Augusta-Richmond County, GA-SC",12260,2021,226.975,198.60750000000002,28.36749999999998
2791,Georgia,GA,Stewart,13,13259,6058,,7.431754562224021,Very Low,2021,17980,13259,"Columbus, GA-AL",17980,2021,201.34,179.86249999999998,21.47750000000002
2793,Georgia,GA,Talbot,13,13263,6865,,4.583320203604848,Very Low,2021,17980,13263,"Columbus, GA-AL",17980,2021,201.34,179.86249999999998,21.47750000000002
2794,Georgia,GA,Terrell,13,13273,9315,,9.396236063923435,Relatively Low,2021,10500,13273,"Albany, GA",10500,2021,185.08749999999998,164.8775,20.20999999999998
2800,Georgia,GA,Twiggs,13,13289,9023,,4.626044700846926,Very Low,2021,31420,13289,"Macon-Bibb County, GA",31420,2021,183.24,164.1325,19.107500000000016
2802,Georgia,GA,Walker,13,13295,68756,,13.351246934379905,Relatively Low,2021,16860,13295,"Chattanooga, TN-GA",16860,2021,281.6125,241.45,40.16250000000002
2806,Georgia,GA,Whitfield,13,13313,102599,,16.39484866506387,Relatively Moderate,2021,19140,13313,"Dalton, GA",19140,2021,235.3325,205.6,29.732500000000016
2807,Georgia,GA,Worth,13,13321,21679,,11.220214826611764,Relatively Low,2021,10500,13321,"Albany, GA",10500,2021,185.08749999999998,164.8775,20.20999999999998
2809,Hawaii,HI,Honolulu,15,15003,953207,,23.02185072334279,Relatively High,2021,46520,15003,"Urban Honolulu, HI",46520,2021,268.69,249.275,19.414999999999992
2810,Hawaii,HI,Kalawao,15,15005,90,,1.636475812519185,Very Low,2021,27980,15005,"Kahului-Wailuku, HI",27980,2021,324.63,288.625,36.004999999999995
2812,Hawaii,HI,Maui,15,15009,154834,,17.88960009681788,Relatively Moderate,2021,27980,15009,"Kahului-Wailuku, HI",27980,2021,324.63,288.625,36.004999999999995
2813,Idaho,ID,Ada,16,16001,392365,,9.378024590986636,Relatively Low,2021,14260,16001,"Boise City, ID",14260,2021,530.44,406.25125,124.18875000000003
2814,Idaho,ID,Bannock,16,16005,82839,,10.601835546300569,Relatively Low,2021,38540,16005,"Pocatello, ID",38540,2021,317.02250000000004,253.025,63.99750000000003
2817,Idaho,ID,Boise,16,16015,7028,,12.404185397319964,Relatively Low,2021,14260,16015,"Boise City, ID",14260,2021,530.44,406.25125,124.18875000000003
2819,Idaho,ID,Bonneville,16,16019,104234,,9.061403044416489,Relatively Low,2021,26820,16019,"Idaho Falls, ID",26820,2021,345.4625,273.20500000000004,72.25749999999994
2820,Idaho,ID,Butte,16,16023,2891,,5.051896764795838,Very Low,2021,26820,16023,"Idaho Falls, ID",26820,2021,345.4625,273.20500000000004,72.25749999999994
2822,Idaho,ID,Canyon,16,16027,188923,,9.891383826303237,Relatively Low,2021,14260,16027,"Boise City, ID",14260,2021,530.44,406.25125,124.18875000000003
2825,Idaho,ID,Franklin,16,16041,12786,,4.328457133481321,Very Low,2021,30860,16041,"Logan, UT-ID",30860,2021,328.96,264.65999999999997,64.30000000000001
2827,Idaho,ID,Gem,16,16045,16719,,7.742092433011786,Very Low,2021,14260,16045,"Boise City, ID",14260,2021,530.44,406.25125,124.18875000000003
2828,Idaho,ID,Jefferson,16,16051,26140,,6.243515088048028,Very Low,2021,26820,16051,"Idaho Falls, ID",26820,2021,345.4625,273.20500000000004,72.25749999999994
2829,Idaho,ID,Jerome,16,16053,22374,,12.378892133874704,Relatively Low,2021,46300,16053,"Twin Falls, ID",46300,2021,332.55,261.84499999999997,70.70500000000004
2830,Idaho,ID,Kootenai,16,16055,138494,,6.823499700483454,Very Low,2021,17660,16055,"Coeur d'Alene, ID",17660,2021,405.89,315.6,90.28999999999996
2835,Idaho,ID,Nez Perce,16,16069,39265,,4.96214880576692,Very Low,2021,30300,16069,"Lewiston, ID-WA",30300,2021,309.595,258.02250000000004,51.57249999999999
2837,Idaho,ID,Owyhee,16,16073,11526,,9.21614198713425,Relatively Low,2021,14260,16073,"Boise City, ID",14260,2021,530.44,406.25125,124.18875000000003
2840,Idaho,ID,Twin Falls,16,16083,77230,,13.277448570141363,Relatively Low,2021,46300,16083,"Twin Falls, ID",46300,2021,332.55,261.84499999999997,70.70500000000004
2842,Illinois,IL,Alexander,17,17003,8238,,19.001812314836155,Relatively Moderate,2021,16020,17003,"Cape Girardeau, MO-IL",16020,2021,206.5325,187.3825,19.150000000000006
2843,Illinois,IL,Bond,17,17005,17768,,7.068320329584976,Very Low,2021,41180,17005,"St. Louis, MO-IL",41180,2021,254.84333333333333,227.51833333333335,27.32499999999999
2844,Illinois,IL,Boone,17,17007,54165,,5.945278262252668,Very Low,2021,40420,17007,"Rockford, IL",40420,2021,161.445,141.8425,19.602499999999992
2846,Illinois,IL,Calhoun,17,17013,5089,,5.037674974019665,Very Low,2021,41180,17013,"St. Louis, MO-IL",41180,2021,254.84333333333333,227.51833333333335,27.32499999999999
2847,Illinois,IL,Champaign,17,17019,201081,,14.016454726604936,Relatively Moderate,2021,16580,17019,"Champaign-Urbana, IL",16580,2021,207.5475,189.095,18.452500000000015
2849,Illinois,IL,Clinton,17,17027,37762,,7.488579412591091,Very Low,2021,41180,17027,"St. Louis, MO-IL",41180,2021,254.84333333333333,227.51833333333335,27.32499999999999
2856,Illinois,IL,Ford,17,17053,14081,,7.139582735048315,Very Low,2021,16580,17053,"Champaign-Urbana, IL",16580,2021,207.5475,189.095,18.452500000000015
2860,Illinois,IL,Henry,17,17073,50486,,10.874468753648044,Relatively Low,2021,19340,17073,"Davenport-Moline-Rock Island, IA-IL",19340,2021,220.2225,202.945,17.277500000000003
2863,Illinois,IL,Jersey,17,17083,22985,,7.971843604793582,Very Low,2021,41180,17083,"St. Louis, MO-IL",41180,2021,254.84333333333333,227.51833333333335,27.32499999999999
2865,Illinois,IL,Kankakee,17,17091,113449,,10.614423683156987,Relatively Low,2021,28100,17091,"Kankakee, IL",28100,2021,176.97,159.5275,17.442499999999995
2875,Illinois,IL,McLean,17,17113,169572,,10.260498580254652,Relatively Low,2021,14010,17113,"Bloomington, IL",14010,2021,168.6825,152.47,16.212500000000006
2876,Illinois,IL,Macon,17,17115,110768,,15.798694606445045,Relatively Moderate,2021,19500,17115,"Decatur, IL",19500,2021,170.6925,157.765,12.927500000000009
2877,Illinois,IL,Macoupin,17,17117,47765,,9.383982884551951,Relatively Low,2021,41180,17117,"St. Louis, MO-IL",41180,2021,254.84333333333333,227.51833333333335,27.32499999999999
2878,Illinois,IL,Madison,17,17119,269282,,17.07335063485008,Relatively Moderate,2021,41180,17119,"St. Louis, MO-IL",41180,2021,254.84333333333333,227.51833333333335,27.32499999999999
2880,Illinois,IL,Marshall,17,17123,12640,,7.749545529271797,Very Low,2021,37900,17123,"Peoria, IL",37900,2021,182.1525,170.28,11.872500000000002
2881,Illinois,IL,Massac,17,17127,15429,,13.34233203542799,Relatively Low,2021,37140,17127,"Paducah, KY-IL",37140,2021,207.1525,185.7475,21.405
2882,Illinois,IL,Menard,17,17129,12705,,6.802572112025954,Very Low,2021,44100,17129,"Springfield, IL",44100,2021,166.6275,155.0925,11.534999999999997
2883,Illinois,IL,Mercer,17,17131,16434,,7.695489870021818,Very Low,2021,19340,17131,"Davenport-Moline-Rock Island, IA-IL",19340,2021,220.2225,202.945,17.277500000000003
2884,Illinois,IL,Monroe,17,17133,32957,,5.671743682199638,Very Low,2021,41180,17133,"St. Louis, MO-IL",41180,2021,254.84333333333333,227.51833333333335,27.32499999999999
2887,Illinois,IL,Peoria,17,17143,186494,,16.301991859487877,Relatively Moderate,2021,37900,17143,"Peoria, IL",37900,2021,182.1525,170.28,11.872500000000002
2888,Illinois,IL,Piatt,17,17147,16729,,4.930129944712426,Very Low,2021,16580,17147,"Champaign-Urbana, IL",16580,2021,207.5475,189.095,18.452500000000015
2890,Illinois,IL,Rock Island,17,17161,147546,,14.556794239431358,Relatively Moderate,2021,19340,17161,"Davenport-Moline-Rock Island, IA-IL",19340,2021,220.2225,202.945,17.277500000000003
2891,Illinois,IL,St. Clair,17,17163,270056,,20.78645474709647,Relatively Moderate,2021,41180,17163,"St. Louis, MO-IL",41180,2021,254.84333333333333,227.51833333333335,27.32499999999999
2892,Illinois,IL,Sangamon,17,17167,197465,,15.750803504821292,Relatively Moderate,2021,44100,17167,"Springfield, IL",44100,2021,166.6275,155.0925,11.534999999999997
2894,Illinois,IL,Stark,17,17175,5994,,6.650659910140797,Very Low,2021,37900,17175,"Peoria, IL",37900,2021,182.1525,170.28,11.872500000000002
2896,Illinois,IL,Tazewell,17,17179,135394,,11.897205774017614,Relatively Low,2021,37900,17179,"Peoria, IL",37900,2021,182.1525,170.28,11.872500000000002
2901,Illinois,IL,Winnebago,17,17201,295266,,19.163386729046618,Relatively Moderate,2021,40420,17201,"Rockford, IL",40420,2021,161.445,141.8425,19.602499999999992
2902,Illinois,IL,Woodford,17,17203,38664,,6.996078311332577,Very Low,2021,37900,17203,"Peoria, IL",37900,2021,182.1525,170.28,11.872500000000002
2904,Indiana,IN,Allen,18,18003,355329,,13.712801729956112,Relatively Moderate,2021,23060,18003,"Fort Wayne, IN",23060,2021,216.7375,188.875,27.86250000000001
2905,Indiana,IN,Bartholomew,18,18005,76794,,11.403923198369814,Relatively Low,2021,18020,18005,"Columbus, IN",18020,2021,211.04,187.1025,23.9375
2906,Indiana,IN,Benton,18,18007,8854,,4.901143254782925,Very Low,2021,29200,18007,"Lafayette-West Lafayette, IN",29200,2021,204.285,178.9225,25.362499999999983
2907,Indiana,IN,Boone,18,18011,56640,,3.465422325191562,Very Low,2021,26900,18011,"Indianapolis-Carmel-Greenwood, IN",26900,2021,250.10666666666665,217.15,32.95666666666665
2908,Indiana,IN,Brown,18,18013,15242,,6.741709967506561,Very Low,2021,26900,18013,"Indianapolis-Carmel-Greenwood, IN",26900,2021,250.10666666666665,217.15,32.95666666666665
2909,Indiana,IN,Carroll,18,18015,20155,,7.022630584759564,Very Low,2021,29200,18015,"Lafayette-West Lafayette, IN",29200,2021,204.285,178.9225,25.362499999999983
2911,Indiana,IN,Clark,18,18019,110232,,13.083622095860749,Relatively Low,2021,31140,18019,"Louisville/Jefferson County, KY-IN",31140,2021,282.9175,251.27375,31.64375000000001
2912,Indiana,IN,Clay,18,18021,26890,,9.556019206002242,Relatively Low,2021,45460,18021,"Terre Haute, IN",45460,2021,195.13,175.15,19.97999999999999
2915,Indiana,IN,Dearborn,18,18029,50047,,6.876833470655905,Very Low,2021,17140,18029,"Cincinnati, OH-KY-IN",17140,2021,247.66333333333333,216.89916666666667,30.764166666666654
2918,Indiana,IN,Delaware,18,18035,117671,,14.438411482422309,Relatively Moderate,2021,34620,18035,"Muncie, IN",34620,2021,195.93,170.5075,25.422500000000014
2920,Indiana,IN,Elkhart,18,18039,197559,,12.585843110240209,Relatively Low,2021,21140,18039,"Elkhart-Goshen, IN",21140,2021,223.5575,197.2925,26.265000000000015
2922,Indiana,IN,Floyd,18,18043,74578,,11.130935837072878,Relatively Low,2021,31140,18043,"Louisville/Jefferson County, KY-IN",31140,2021,282.9175,251.27375,31.64375000000001
2923,Indiana,IN,Franklin,18,18047,23087,,5.336813487586702,Very Low,2021,17140,18047,"Cincinnati, OH-KY-IN",17140,2021,247.66333333333333,216.89916666666667,30.764166666666654
2925,Indiana,IN,Hamilton,18,18057,274569,,3.833973709267512,Very Low,2021,26900,18057,"Indianapolis-Carmel-Greenwood, IN",26900,2021,250.10666666666665,217.15,32.95666666666665
2926,Indiana,IN,Hancock,18,18059,70002,,5.778959308207223,Very Low,2021,26900,18059,"Indianapolis-Carmel-Greenwood, IN",26900,2021,250.10666666666665,217.15,32.95666666666665
2927,Indiana,IN,Harrison,18,18061,39364,,8.353736284115282,Relatively Low,2021,31140,18061,"Louisville/Jefferson County, KY-IN",31140,2021,282.9175,251.27375,31.64375000000001
2928,Indiana,IN,Hendricks,18,18063,145448,,5.032270977247691,Very Low,2021,26900,18063,"Indianapolis-Carmel-Greenwood, IN",26900,2021,250.10666666666665,217.15,32.95666666666665
2930,Indiana,IN,Howard,18,18067,82752,,13.455919800387823,Relatively Moderate,2021,29020,18067,"Kokomo, IN",29020,2021,180.66,160.4525,20.20750000000001
2935,Indiana,IN,Johnson,18,18081,139654,,10.127166047450151,Relatively Low,2021,26900,18081,"Indianapolis-Carmel-Greenwood, IN",26900,2021,250.10666666666665,217.15,32.95666666666665
2939,Indiana,IN,LaPorte,18,18091,111467,,9.729254852547566,Relatively Low,2021,33140,18091,"Michigan City-La Porte, IN",33140,2021,225.0125,199.805,25.207499999999982
2941,Indiana,IN,Madison,18,18095,131636,,12.816245628444053,Relatively Low,2021,26900,18095,"Indianapolis-Carmel-Greenwood, IN",26900,2021,250.10666666666665,217.15,32.95666666666665
2942,Indiana,IN,Marion,18,18097,903393,,22.21710935540322,Relatively Moderate,2021,26900,18097,"Indianapolis-Carmel-Greenwood, IN",26900,2021,250.10666666666665,217.15,32.95666666666665
2945,Indiana,IN,Monroe,18,18105,137974,,9.62894720719362,Relatively Low,2021,14020,18105,"Bloomington, IN",14020,2021,256.945,228.0025,28.942499999999995
2947,Indiana,IN,Morgan,18,18109,68894,,8.756829744826291,Relatively Low,2021,26900,18109,"Indianapolis-Carmel-Greenwood, IN",26900,2021,250.10666666666665,217.15,32.95666666666665
2950,Indiana,IN,Ohio,18,18115,6128,,6.126930687998045,Very Low,2021,17140,18115,"Cincinnati, OH-KY-IN",17140,2021,247.66333333333333,216.89916666666667,30.764166666666654
2951,Indiana,IN,Owen,18,18119,21575,,7.099440602763432,Very Low,2021,14020,18119,"Bloomington, IN",14020,2021,256.945,228.0025,28.942499999999995
2953,Indiana,IN,Posey,18,18129,25910,,7.370666350412768,Very Low,2021,21780,18129,"Evansville, IN",21780,2021,224.98000000000002,199.7775,25.202500000000015
2955,Indiana,IN,St. Joseph,18,18141,266931,,10.429904978251376,Relatively Low,2021,43780,18141,"South Bend-Mishawaka, IN-MI",43780,2021,224.5025,197.4975,27.004999999999995
2959,New York,NY,Tioga,36,36107,51125,,9.352215102880672,Relatively Low,2021,13780,36107,"Binghamton, NY",13780,2021,212.395,191.98250000000002,20.412499999999994
2960,New York,NY,Tompkins,36,36109,101564,,6.703198255191383,Very Low,2021,27060,36109,"Ithaca, NY",27060,2021,268.2525,239.97,28.2825
2961,New York,NY,Ulster,36,36111,182493,,11.600010366696692,Relatively Low,2021,28740,36111,"Kingston, NY",28740,2021,338.7325,282.2675,56.46500000000003
2962,New York,NY,Warren,36,36113,65707,,8.272644041904671,Relatively Low,2021,24020,36113,"Glens Falls, NY",24020,2021,248.0725,221.7775,26.294999999999987
2963,New York,NY,Washington,36,36115,63216,,6.66062107119261,Very Low,2021,24020,36115,"Glens Falls, NY",24020,2021,248.0725,221.7775,26.294999999999987
2964,New York,NY,Wayne,36,36117,93772,,6.087213295227389,Very Low,2021,40380,36117,"Rochester, NY",40380,2021,208.8525,181.68875,27.163749999999993
2966,North Carolina,NC,Alamance,37,37001,151131,,16.424021548856796,Relatively Moderate,2021,15500,37001,"Burlington, NC",15500,2021,204.5975,175.73499999999999,28.86250000000001
2967,North Carolina,NC,Alexander,37,37003,37198,,9.185270685786234,Relatively Low,2021,25860,37003,"Hickory-Lenoir-Morganton, NC",25860,2021,236.1725,205.565,30.607500000000016
2968,North Carolina,NC,Anson,37,37007,26948,,14.43382054122373,Relatively Moderate,2021,16740,37007,"Charlotte-Concord-Gastonia, NC-SC",16740,2021,318.67833333333334,267.94166666666666,50.73666666666668
2970,North Carolina,NC,Brunswick,37,37019,107431,,20.62479035725368,Relatively Moderate,2021,48900,37019,"Wilmington, NC",48900,2021,297.2925,255.6275,41.66500000000002
2971,North Carolina,NC,Buncombe,37,37021,238318,,15.763683704093763,Relatively Moderate,2021,11700,37021,"Asheville, NC",11700,2021,370.655,320.4125,50.24249999999995
2972,North Carolina,NC,Burke,37,37023,90912,,14.696661995037651,Relatively Moderate,2021,25860,37023,"Hickory-Lenoir-Morganton, NC",25860,2021,236.1725,205.565,30.607500000000016
2973,North Carolina,NC,Cabarrus,37,37025,178011,,10.283269692313509,Relatively Low,2021,16740,37025,"Charlotte-Concord-Gastonia, NC-SC",16740,2021,318.67833333333334,267.94166666666666,50.73666666666668
2974,North Carolina,NC,Caldwell,37,37027,83029,,12.431152897174504,Relatively Low,2021,25860,37027,"Hickory-Lenoir-Morganton, NC",25860,2021,236.1725,205.565,30.607500000000016
2975,North Carolina,NC,Camden,37,37029,9980,,3.926007638173864,Very Low,2021,47260,37029,"Virginia Beach-Chesapeake-Norfolk, VA-NC",47260,2021,291.57916666666665,257.56333333333333,34.01583333333332
2977,North Carolina,NC,Catawba,37,37035,154358,,13.995985974843192,Relatively Moderate,2021,25860,37035,"Hickory-Lenoir-Morganton, NC",25860,2021,236.1725,205.565,30.607500000000016
2978,North Carolina,NC,Chatham,37,37037,63505,,15.280242203939238,Relatively Moderate,2021,20500,37037,"Durham-Chapel Hill, NC",20500,2021,277.46000000000004,242.58499999999998,34.87500000000006
2981,North Carolina,NC,Cumberland,37,37051,319431,,17.744000976788264,Relatively Moderate,2021,22180,37051,"Fayetteville, NC",22180,2021,185.85750000000002,164.5575,21.30000000000001
2982,North Carolina,NC,Currituck,37,37053,23547,,5.1440890757609,Very Low,2021,47260,37053,"Virginia Beach-Chesapeake-Norfolk, VA-NC",47260,2021,291.57916666666665,257.56333333333333,34.01583333333332
2984,North Carolina,NC,Davidson,37,37057,162878,,13.381617963879838,Relatively Low,2021,49180,37057,"Winston-Salem, NC",49180,2021,213.4475,186.1775,27.269999999999982
2985,North Carolina,NC,Davie,37,37059,41240,,6.961717890492726,Very Low,2021,49180,37059,"Winston-Salem, NC",49180,2021,213.4475,186.1775,27.269999999999982
2986,North Carolina,NC,Durham,37,37063,267587,,16.500021344083287,Relatively Moderate,2021,20500,37063,"Durham-Chapel Hill, NC",20500,2021,277.46000000000004,242.58499999999998,34.87500000000006
2987,North Carolina,NC,Edgecombe,37,37065,56552,,23.802473659639915,Relatively High,2021,40580,37065,"Rocky Mount, NC",40580,2021,188.8825,164.1525,24.72999999999999
2988,North Carolina,NC,Forsyth,37,37067,350670,,16.747941254315975,Relatively Moderate,2021,49180,37067,"Winston-Salem, NC",49180,2021,213.4475,186.1775,27.269999999999982
2989,North Carolina,NC,Franklin,37,37069,60619,,10.698097887148688,Relatively Low,2021,39580,37069,"Raleigh-Cary, NC",39580,2021,308.65,261.19375,47.456249999999955
2990,North Carolina,NC,Gaston,37,37071,206086,,14.173370036945787,Relatively Moderate,2021,16740,37071,"Charlotte-Concord-Gastonia, NC-SC",16740,2021,318.67833333333334,267.94166666666666,50.73666666666668
2991,North Carolina,NC,Gates,37,37073,12197,,5.666438043335346,Very Low,2021,47260,37073,"Virginia Beach-Chesapeake-Norfolk, VA-NC",47260,2021,291.57916666666665,257.56333333333333,34.01583333333332
2992,North Carolina,NC,Guilford,37,37081,488406,,16.644684335700788,Relatively Moderate,2021,24660,37081,"Greensboro-High Point, NC",24660,2021,226.17374999999998,197.06125,29.112499999999983
2996,North Carolina,NC,Henderson,37,37089,106740,,14.873567831030504,Relatively Moderate,2021,11700,37089,"Asheville, NC",11700,2021,370.655,320.4125,50.24249999999995
2997,North Carolina,NC,Hoke,37,37093,46952,,12.58805103141018,Relatively Low,2021,22180,37093,"Fayetteville, NC",22180,2021,185.85750000000002,164.5575,21.30000000000001
2998,North Carolina,NC,Iredell,37,37097,159437,,10.58792389437886,Relatively Low,2021,16740,37097,"Charlotte-Concord-Gastonia, NC-SC",16740,2021,318.67833333333334,267.94166666666666,50.73666666666668
2999,North Carolina,NC,Johnston,37,37101,168878,,15.14897544432362,Relatively Moderate,2021,39580,37101,"Raleigh-Cary, NC",39580,2021,308.65,261.19375,47.456249999999955
3003,North Carolina,NC,Lincoln,37,37109,78265,,8.348471814247405,Relatively Low,2021,16740,37109,"Charlotte-Concord-Gastonia, NC-SC",16740,2021,318.67833333333334,267.94166666666666,50.73666666666668
3005,North Carolina,NC,Madison,37,37115,20764,,8.64048121855152,Relatively Low,2021,11700,37115,"Asheville, NC",11700,2021,370.655,320.4125,50.24249999999995
3006,North Carolina,NC,Mecklenburg,37,37119,919628,,16.368428591765817,Relatively Moderate,2021,16740,37119,"Charlotte-Concord-Gastonia, NC-SC",16740,2021,318.67833333333334,267.94166666666666,50.73666666666668
3007,North Carolina,NC,Moore,37,37125,88247,,20.008337386498855,Relatively Moderate,2021,38240,37125,"Pinehurst-Southern Pines, NC",38240,2021,244.45749999999998,212.1375,32.31999999999999
3008,North Carolina,NC,Nash,37,37127,95840,,17.729811202181825,Relatively Moderate,2021,40580,37127,"Rocky Mount, NC",40580,2021,188.8825,164.1525,24.72999999999999
3009,North Carolina,NC,New Hanover,37,37129,202667,,26.014068053240265,Relatively High,2021,48900,37129,"Wilmington, NC",48900,2021,297.2925,255.6275,41.66500000000002
3011,North Carolina,NC,Onslow,37,37133,177772,,11.498613303687788,Relatively Low,2021,27340,37133,"Jacksonville, NC",27340,2021,256.3675,221.82999999999998,34.53750000000002
3012,North Carolina,NC,Orange,37,37135,133801,,9.74050473543146,Relatively Low,2021,20500,37135,"Durham-Chapel Hill, NC",20500,2021,277.46000000000004,242.58499999999998,34.87500000000006
3015,North Carolina,NC,Pender,37,37141,52217,,15.939113989773253,Relatively Moderate,2021,48900,37141,"Wilmington, NC",48900,2021,297.2925,255.6275,41.66500000000002
3016,North Carolina,NC,Person,37,37145,39464,,11.4631264378336,Relatively Low,2021,20500,37145,"Durham-Chapel Hill, NC",20500,2021,277.46000000000004,242.58499999999998,34.87500000000006
3017,North Carolina,NC,Pitt,37,37147,168148,,17.15408029207559,Relatively Moderate,2021,24780,37147,"Greenville, NC",24780,2021,196.0,172.085,23.914999999999992
3018,North Carolina,NC,Randolph,37,37151,141752,,17.007750754964583,Relatively Moderate,2021,24660,37151,"Greensboro-High Point, NC",24660,2021,226.17374999999998,197.06125,29.112499999999983
3021,North Carolina,NC,Rockingham,37,37157,93643,,10.170681744528457,Relatively Low,2021,24660,37157,"Greensboro-High Point, NC",24660,2021,226.17374999999998,197.06125,29.112499999999983
3022,North Carolina,NC,Rowan,37,37159,138428,,13.152146900443125,Relatively Low,2021,16740,37159,"Charlotte-Concord-Gastonia, NC-SC",16740,2021,318.67833333333334,267.94166666666666,50.73666666666668
3026,North Carolina,NC,Stokes,37,37169,47401,,6.781486069058296,Very Low,2021,49180,37169,"Winston-Salem, NC",49180,2021,213.4475,186.1775,27.269999999999982
3029,North Carolina,NC,Union,37,37179,201292,,8.106714510184906,Relatively Low,2021,16740,37179,"Charlotte-Concord-Gastonia, NC-SC",16740,2021,318.67833333333334,267.94166666666666,50.73666666666668
3031,North Carolina,NC,Wake,37,37183,900993,,11.750802543446456,Relatively Low,2021,39580,37183,"Raleigh-Cary, NC",39580,2021,308.65,261.19375,47.456249999999955
3033,North Carolina,NC,Wayne,37,37191,122623,,21.72453766099491,Relatively Moderate,2021,24140,37191,"Goldsboro, NC",24140,2021,194.265,170.9225,23.342499999999973
3036,North Carolina,NC,Yadkin,37,37197,38406,,8.202910338618153,Relatively Low,2021,49180,37197,"Winston-Salem, NC",49180,2021,213.4475,186.1775,27.269999999999982
3038,North Dakota,ND,Burleigh,38,38015,81308,,8.180168365084869,Relatively Low,2021,13900,38015,"Bismarck, ND",13900,2021,314.7525,292.5925,22.160000000000025
3039,North Dakota,ND,Cass,38,38017,149778,,11.698615830532445,Relatively Low,2021,22020,38017,"Fargo, ND-MN",22020,2021,273.325,254.525,18.799999999999983
3041,North Dakota,ND,Grand Forks,38,38035,66861,,11.155587747477847,Relatively Low,2021,24220,38035,"Grand Forks, ND-MN",24220,2021,265.65250000000003,249.02,16.63250000000002
3042,North Dakota,ND,McHenry,38,38049,5395,,4.088809633235393,Very Low,2021,33500,38049,"Minot, ND",33500,2021,301.7625,287.835,13.927500000000009
3043,North Dakota,ND,Morton,38,38059,27471,,6.730674871990245,Very Low,2021,13900,38059,"Bismarck, ND",13900,2021,314.7525,292.5925,22.160000000000025
3044,North Dakota,ND,Oliver,38,38065,1846,,3.079106206568917,Very Low,2021,13900,38065,"Bismarck, ND",13900,2021,314.7525,292.5925,22.160000000000025
3045,North Dakota,ND,Renville,38,38075,2470,,2.825524842895696,Very Low,2021,33500,38075,"Minot, ND",33500,2021,301.7625,287.835,13.927500000000009
3049,North Dakota,ND,Ward,38,38101,61675,,6.823384178020155,Very Low,2021,33500,38101,"Minot, ND",33500,2021,301.7625,287.835,13.927500000000009
3051,Ohio,OH,Allen,39,39003,106331,,8.836984320280834,Relatively Low,2021,30620,39003,"Lima, OH",30620,2021,213.11,187.2625,25.847500000000025
3053,Ohio,OH,Ashtabula,39,39007,101497,,8.104514921757007,Relatively Low,2021,17410,39007,"Cleveland, OH",17410,2021,211.13916666666668,184.66333333333333,26.475833333333355
3056,Ohio,OH,Belmont,39,39013,70400,,10.604321872056044,Relatively Low,2021,48540,39013,"Wheeling, WV-OH",48540,2021,217.9525,204.4375,13.514999999999986
3057,Ohio,OH,Brown,39,39015,44846,,9.080793521194122,Relatively Low,2021,17140,39015,"Cincinnati, OH-KY-IN",17140,2021,247.66333333333333,216.89916666666667,30.764166666666654
3058,Ohio,OH,Butler,39,39017,368130,,13.026485200989056,Relatively Low,2021,17140,39017,"Cincinnati, OH-KY-IN",17140,2021,247.66333333333333,216.89916666666667,30.764166666666654
3059,Ohio,OH,Carroll,39,39019,28836,,4.751930820269498,Very Low,2021,15940,39019,"Canton-Massillon, OH",15940,2021,200.2475,177.63,22.617500000000007
3061,Ohio,OH,Clark,39,39023,138333,,11.379839796453531,Relatively Low,2021,44220,39023,"Springfield, OH",44220,2021,196.8675,172.6975,24.170000000000016
3062,Ohio,OH,Clermont,39,39025,197363,,7.573673589684995,Very Low,2021,17140,39025,"Cincinnati, OH-KY-IN",17140,2021,247.66333333333333,216.89916666666667,30.764166666666654
3067,Ohio,OH,Cuyahoga,39,39035,1280122,,23.891456767267684,Relatively High,2021,17410,39035,"Cleveland, OH",17410,2021,211.13916666666668,184.66333333333333,26.475833333333355
3070,Ohio,OH,Delaware,39,39041,174214,,1.949227459329611,Very Low,2021,18140,39041,"Columbus, OH",18140,2021,283.97499999999997,247.735,36.23999999999995
3071,Ohio,OH,Erie,39,39043,77079,,11.840917957104349,Relatively Low,2021,41780,39043,"Sandusky, OH",41780,2021,205.12,184.975,20.14500000000001
3072,Ohio,OH,Fairfield,39,39045,146156,,6.56377043553225,Very Low,2021,18140,39045,"Columbus, OH",18140,2021,283.97499999999997,247.735,36.23999999999995
3073,Ohio,OH,Franklin,39,39049,1163414,,19.87481584618813,Relatively Moderate,2021,18140,39049,"Columbus, OH",18140,2021,283.97499999999997,247.735,36.23999999999995
3074,Ohio,OH,Fulton,39,39051,42698,,5.72406290101477,Very Low,2021,45780,39051,"Toledo, OH",45780,2021,186.3875,167.1275,19.25999999999999
3076,Ohio,OH,Geauga,39,39055,93389,,4.39378771409542,Very Low,2021,17410,39055,"Cleveland, OH",17410,2021,211.13916666666668,184.66333333333333,26.475833333333355
3077,Ohio,OH,Greene,39,39057,161573,,8.055852156099677,Very Low,2021,19430,39057,"Dayton-Kettering-Beavercreek, OH",19430,2021,205.22375,180.4025,24.821249999999992
3080,Ohio,OH,Hamilton,39,39061,802374,,23.62656615952307,Relatively High,2021,17140,39061,"Cincinnati, OH-KY-IN",17140,2021,247.66333333333333,216.89916666666667,30.764166666666654
3082,Ohio,OH,Hocking,39,39073,29380,,6.420564425564598,Very Low,2021,18140,39073,"Columbus, OH",18140,2021,283.97499999999997,247.735,36.23999999999995
3084,Ohio,OH,Jefferson,39,39081,69709,,10.097212234567236,Relatively Low,2021,48260,39081,"Weirton-Steubenville, WV-OH",48260,2021,227.03,205.325,21.705000000000013
3086,Ohio,OH,Lake,39,39085,230041,,8.211046847890666,Relatively Low,2021,17410,39085,"Cleveland, OH",17410,2021,211.13916666666668,184.66333333333333,26.475833333333355
3087,Ohio,OH,Lawrence,39,39087,62450,,9.69135802875801,Relatively Low,2021,26580,39087,"Huntington-Ashland, WV-KY-OH",26580,2021,201.7675,186.46,15.307500000000005
3088,Ohio,OH,Licking,39,39089,166492,,8.866574370136652,Relatively Low,2021,18140,39089,"Columbus, OH",18140,2021,283.97499999999997,247.735,36.23999999999995
3090,Ohio,OH,Lorain,39,39093,301356,,13.307376660721326,Relatively Low,2021,17410,39093,"Cleveland, OH",17410,2021,211.13916666666668,184.66333333333333,26.475833333333355
3091,Ohio,OH,Lucas,39,39095,441815,,17.458916763907094,Relatively Moderate,2021,45780,39095,"Toledo, OH",45780,2021,186.3875,167.1275,19.25999999999999
3092,Ohio,OH,Madison,39,39097,43435,,3.405430146044342,Very Low,2021,18140,39097,"Columbus, OH",18140,2021,283.97499999999997,247.735,36.23999999999995
3093,Ohio,OH,Mahoning,39,39099,238823,,12.680244324141238,Relatively Low,2021,49660,39099,"Youngstown-Warren, OH",49660,2021,187.6775,164.945,22.732500000000016
3095,Ohio,OH,Medina,39,39103,172332,,6.633132490826246,Very Low,2021,17410,39103,"Cleveland, OH",17410,2021,211.13916666666668,184.66333333333333,26.475833333333355
3097,Ohio,OH,Miami,39,39109,102506,,7.986912037847905,Very Low,2021,19430,39109,"Dayton-Kettering-Beavercreek, OH",19430,2021,205.22375,180.4025,24.821249999999992
3098,Ohio,OH,Montgomery,39,39113,535153,,18.59202650789241,Relatively Moderate,2021,19430,39113,"Dayton-Kettering-Beavercreek, OH",19430,2021,205.22375,180.4025,24.821249999999992
3099,Ohio,OH,Morrow,39,39117,34827,,4.563604688779533,Very Low,2021,18140,39117,"Columbus, OH",18140,2021,283.97499999999997,247.735,36.23999999999995
3101,Ohio,OH,Ottawa,39,39123,41428,,7.690643654392221,Very Low,2021,41780,39123,"Sandusky, OH",41780,2021,205.12,184.975,20.14500000000001
3102,Ohio,OH,Perry,39,39127,36058,,5.264557375260011,Very Low,2021,18140,39127,"Columbus, OH",18140,2021,283.97499999999997,247.735,36.23999999999995
3103,Ohio,OH,Pickaway,39,39129,55698,,4.69974642194492,Very Low,2021,18140,39129,"Columbus, OH",18140,2021,283.97499999999997,247.735,36.23999999999995
3104,Ohio,OH,Portage,39,39133,161419,,7.663410232515962,Very Low,2021,10420,39133,"Akron, OH",10420,2021,190.435,170.0325,20.402500000000003
3105,Ohio,OH,Richland,39,39139,124475,,11.389598297693846,Relatively Low,2021,31900,39139,"Mansfield, OH",31900,2021,198.3075,173.9125,24.39500000000001
3111,Ohio,OH,Stark,39,39151,375586,,15.495089065102636,Relatively Moderate,2021,15940,39151,"Canton-Massillon, OH",15940,2021,200.2475,177.63,22.617500000000007
3112,Ohio,OH,Summit,39,39153,541781,,15.533908778241996,Relatively Moderate,2021,10420,39153,"Akron, OH",10420,2021,190.435,170.0325,20.402500000000003
3113,Ohio,OH,Trumbull,39,39155,210312,,14.191778415047905,Relatively Moderate,2021,49660,39155,"Youngstown-Warren, OH",49660,2021,187.6775,164.945,22.732500000000016
3115,Ohio,OH,Union,39,39159,52300,,4.061265275283282,Very Low,2021,18140,39159,"Columbus, OH",18140,2021,283.97499999999997,247.735,36.23999999999995
3117,Ohio,OH,Warren,39,39165,212693,,4.269986976508112,Very Low,2021,17140,39165,"Cincinnati, OH-KY-IN",17140,2021,247.66333333333333,216.89916666666667,30.764166666666654
3120,Ohio,OH,Wood,39,39173,125488,,7.216217642348471,Very Low,2021,45780,39173,"Toledo, OH",45780,2021,186.3875,167.1275,19.25999999999999
3123,Oklahoma,OK,Canadian,40,40017,115541,,10.625157155651054,Relatively Low,2021,36420,40017,"Oklahoma City, OK",36420,2021,290.5675,258.67,31.89749999999998
3126,Oklahoma,OK,Cleveland,40,40027,255755,,13.089498891446247,Relatively Low,2021,36420,40027,"Oklahoma City, OK",36420,2021,290.5675,258.67,31.89749999999998
3127,Oklahoma,OK,Comanche,40,40031,124098,,16.266068433120488,Relatively Moderate,2021,30020,40031,"Lawton, OK",30020,2021,172.81,158.73000000000002,14.079999999999984
3128,Oklahoma,OK,Cotton,40,40033,6193,,7.805866286944554,Very Low,2021,30020,40033,"Lawton, OK",30020,2021,172.81,158.73000000000002,14.079999999999984
3129,Oklahoma,OK,Creek,40,40037,69967,,14.390128942179793,Relatively Moderate,2021,46140,40037,"Tulsa, OK",46140,2021,268.33,235.825,32.504999999999995
3131,Oklahoma,OK,Garfield,40,40047,60580,,13.698341176725426,Relatively Moderate,2021,21420,40047,"Enid, OK",21420,2021,231.6475,219.185,12.462500000000006
3132,Oklahoma,OK,Grady,40,40051,52431,,10.417495077997671,Relatively Low,2021,36420,40051,"Oklahoma City, OK",36420,2021,290.5675,258.67,31.89749999999998
3135,Oklahoma,OK,Lincoln,40,40081,34273,,11.22910960630781,Relatively Low,2021,36420,40081,"Oklahoma City, OK",36420,2021,290.5675,258.67,31.89749999999998
3136,Oklahoma,OK,Logan,40,40083,41848,,8.149534124404411,Relatively Low,2021,36420,40083,"Oklahoma City, OK",36420,2021,290.5675,258.67,31.89749999999998
3137,Oklahoma,OK,McClain,40,40087,34506,,8.641727447646646,Relatively Low,2021,36420,40087,"Oklahoma City, OK",36420,2021,290.5675,258.67,31.89749999999998
3139,Oklahoma,OK,Oklahoma,40,40109,718633,,32.51090968732113,Relatively High,2021,36420,40109,"Oklahoma City, OK",36420,2021,290.5675,258.67,31.89749999999998
3140,Oklahoma,OK,Okmulgee,40,40111,40069,,15.591246992164685,Relatively Moderate,2021,46140,40111,"Tulsa, OK",46140,2021,268.33,235.825,32.504999999999995
3141,Oklahoma,OK,Osage,40,40113,47472,,12.656435996497336,Relatively Low,2021,46140,40113,"Tulsa, OK",46140,2021,268.33,235.825,32.504999999999995
3143,Oklahoma,OK,Pawnee,40,40117,16577,,9.571176586442,Relatively Low,2021,46140,40117,"Tulsa, OK",46140,2021,268.33,235.825,32.504999999999995
3148,Oklahoma,OK,Rogers,40,40131,86905,,11.104435088974713,Relatively Low,2021,46140,40131,"Tulsa, OK",46140,2021,268.33,235.825,32.504999999999995
3149,Oklahoma,OK,Sequoyah,40,40135,42391,,17.178014344989872,Relatively Moderate,2021,22900,40135,"Fort Smith, AR-OK",22900,2021,217.225,190.5275,26.69749999999999
3152,Oklahoma,OK,Tulsa,40,40143,603403,,28.498699063755268,Relatively High,2021,46140,40143,"Tulsa, OK",46140,2021,268.33,235.825,32.504999999999995
3153,Oklahoma,OK,Wagoner,40,40145,73085,,10.6784815175662,Relatively Low,2021,46140,40145,"Tulsa, OK",46140,2021,268.33,235.825,32.504999999999995
3158,Oregon,OR,Benton,41,41003,85579,,11.408935747664176,Relatively Low,2021,18700,41003,"Corvallis, OR",18700,2021,305.54499999999996,268.2425,37.30249999999995
3159,Oregon,OR,Clackamas,41,41005,375992,,16.199544236655274,Relatively Moderate,2021,38900,41005,"Portland-Vancouver-Hillsboro, OR-WA",38900,2021,516.5475,445.7375,70.81
3161,Oregon,OR,Columbia,41,41009,49351,,12.506173109767998,Relatively Low,2021,38900,41009,"Portland-Vancouver-Hillsboro, OR-WA",38900,2021,516.5475,445.7375,70.81
3163,Oregon,OR,Crook,41,41013,20978,,8.49103132151303,Relatively Low,2021,13460,41013,"Bend, OR",13460,2021,446.28000000000003,359.88,86.40000000000003
3165,Oregon,OR,Deschutes,41,41017,157733,,12.857026105700491,Relatively Low,2021,13460,41017,"Bend, OR",13460,2021,446.28000000000003,359.88,86.40000000000003
3168,Oregon,OR,Jackson,41,41029,203206,,21.795261056139307,Relatively Moderate,2021,32780,41029,"Medford, OR",32780,2021,338.2325,289.5725,48.660000000000025
3169,Oregon,OR,Jefferson,41,41031,21720,,10.047215967950931,Relatively Low,2021,13460,41031,"Bend, OR",13460,2021,446.28000000000003,359.88,86.40000000000003
3170,Oregon,OR,Josephine,41,41033,82713,,19.09248629610238,Relatively Moderate,2021,24420,41033,"Grants Pass, OR",24420,2021,344.1375,293.2425,50.89499999999998
3172,Oregon,OR,Lane,41,41039,351715,,24.97087998979631,Relatively High,2021,21660,41039,"Eugene-Springfield, OR",21660,2021,335.365,284.1725,51.192499999999995
3174,Oregon,OR,Linn,41,41043,116672,,16.028904694193443,Relatively Moderate,2021,10540,41043,"Albany, OR",10540,2021,334.15250000000003,284.115,50.03750000000002
3176,Oregon,OR,Marion,41,41047,315335,,26.7943920737107,Relatively High,2021,41420,41047,"Salem, OR",41420,2021,342.7975,292.87,49.92750000000001
3178,Oregon,OR,Multnomah,41,41051,735334,,30.120288597081373,Relatively High,2021,38900,41051,"Portland-Vancouver-Hillsboro, OR-WA",38900,2021,516.5475,445.7375,70.81
3179,Oregon,OR,Polk,41,41053,75403,,12.872570453476389,Relatively Low,2021,41420,41053,"Salem, OR",41420,2021,342.7975,292.87,49.92750000000001
3183,Oregon,OR,Washington,41,41067,529710,,20.109945451717486,Relatively Moderate,2021,38900,41067,"Portland-Vancouver-Hillsboro, OR-WA",38900,2021,516.5475,445.7375,70.81
3184,Oregon,OR,Yamhill,41,41071,99193,,14.752850840894114,Relatively Moderate,2021,38900,41071,"Portland-Vancouver-Hillsboro, OR-WA",38900,2021,516.5475,445.7375,70.81
3185,Pennsylvania,PA,Adams,42,42001,101407,,7.762524679175068,Very Low,2021,23900,42001,"Gettysburg, PA",23900,2021,236.555,211.9275,24.627499999999998
3186,Pennsylvania,PA,Allegheny,42,42003,1223348,,16.530807492251753,Relatively Moderate,2021,38300,42003,"Pittsburgh, PA",38300,2021,282.12,249.64333333333335,32.47666666666666
3187,Pennsylvania,PA,Armstrong,42,42005,68941,,5.899405783033377,Very Low,2021,38300,42005,"Pittsburgh, PA",38300,2021,282.12,249.64333333333335,32.47666666666666
3188,Pennsylvania,PA,Beaver,42,42007,170539,,10.170956390343578,Relatively Low,2021,38300,42007,"Pittsburgh, PA",38300,2021,282.12,249.64333333333335,32.47666666666666
3189,Pennsylvania,PA,Berks,42,42011,411442,,16.595221879720473,Relatively Moderate,2021,39740,42011,"Reading, PA",39740,2021,217.07,191.66500000000002,25.404999999999973
3190,Pennsylvania,PA,Blair,42,42013,127089,,8.867754252291384,Relatively Low,2021,11020,42013,"Altoona, PA",11020,2021,225.39249999999998,207.7825,17.609999999999985
3193,Pennsylvania,PA,Butler,42,42019,183862,,6.068085185367754,Very Low,2021,38300,42019,"Pittsburgh, PA",38300,2021,282.12,249.64333333333335,32.47666666666666
3194,Pennsylvania,PA,Cambria,42,42021,143679,,9.521746910217695,Relatively Low,2021,27780,42021,"Johnstown, PA",27780,2021,194.6875,181.9225,12.764999999999986
3195,Pennsylvania,PA,Carbon,42,42025,65249,,8.487831384151278,Relatively Low,2021,10900,42025,"Allentown-Bethlehem-Easton, PA-NJ",10900,2021,235.39,202.65,32.73999999999998
3196,Pennsylvania,PA,Centre,42,42027,153990,,4.018956464239567,Very Low,2021,44300,42027,"State College, PA",44300,2021,263.955,243.26999999999998,20.685000000000002
3202,Pennsylvania,PA,Cumberland,42,42041,235406,,7.187382188067335,Very Low,2021,25420,42041,"Harrisburg-Carlisle, PA",25420,2021,217.85500000000002,196.0075,21.847500000000025
3203,Pennsylvania,PA,Dauphin,42,42043,268100,,14.434899117011671,Relatively Moderate,2021,25420,42043,"Harrisburg-Carlisle, PA",25420,2021,217.85500000000002,196.0075,21.847500000000025
3206,Pennsylvania,PA,Erie,42,42049,280566,,10.848284525238553,Relatively Low,2021,21500,42049,"Erie, PA",21500,2021,197.16750000000002,176.1125,21.055000000000007
3207,Pennsylvania,PA,Fayette,42,42051,136606,,10.452799979791068,Relatively Low,2021,38300,42051,"Pittsburgh, PA",38300,2021,282.12,249.64333333333335,32.47666666666666
3208,Pennsylvania,PA,Franklin,42,42055,149618,,8.291958372948283,Relatively Low,2021,16540,42055,"Chambersburg, PA",16540,2021,224.61,201.125,23.485000000000014
3211,Pennsylvania,PA,Lackawanna,42,42069,214437,,14.321767287517408,Relatively Moderate,2021,42540,42069,"Scranton--Wilkes-Barre, PA",42540,2021,212.82999999999998,188.89,23.939999999999998
3212,Pennsylvania,PA,Lancaster,42,42071,519445,,11.851184300493188,Relatively Low,2021,29540,42071,"Lancaster, PA",29540,2021,239.8425,212.8125,27.03
3213,Pennsylvania,PA,Lawrence,42,42073,91108,,7.524957908486176,Very Low,2021,38300,42073,"Pittsburgh, PA",38300,2021,282.12,249.64333333333335,32.47666666666666
3214,Pennsylvania,PA,Lebanon,42,42075,133568,,9.536226585002812,Relatively Low,2021,30140,42075,"Lebanon, PA",30140,2021,223.9225,197.17249999999999,26.75000000000003
3215,Pennsylvania,PA,Lehigh,42,42077,349497,,13.466542983056698,Relatively Moderate,2021,10900,42077,"Allentown-Bethlehem-Easton, PA-NJ",10900,2021,235.39,202.65,32.73999999999998
3216,Pennsylvania,PA,Luzerne,42,42079,320918,,18.962640822746177,Relatively Moderate,2021,42540,42079,"Scranton--Wilkes-Barre, PA",42540,2021,212.82999999999998,188.89,23.939999999999998
3217,Pennsylvania,PA,Lycoming,42,42081,116111,,10.784866406526785,Relatively Low,2021,48700,42081,"Williamsport, PA",48700,2021,236.57999999999998,215.3075,21.27249999999998
3224,Pennsylvania,PA,Northampton,42,42095,297735,,11.27323441601098,Relatively Low,2021,10900,42095,"Allentown-Bethlehem-Easton, PA-NJ",10900,2021,235.39,202.65,32.73999999999998
3226,Pennsylvania,PA,Perry,42,42099,45969,,4.518010504904786,Very Low,2021,25420,42099,"Harrisburg-Carlisle, PA",25420,2021,217.85500000000002,196.0075,21.847500000000025
3235,Pennsylvania,PA,Washington,42,42125,207820,,7.63194528325557,Very Low,2021,38300,42125,"Pittsburgh, PA",38300,2021,282.12,249.64333333333335,32.47666666666666
3236,Pennsylvania,PA,Westmoreland,42,42129,365169,,11.225577766502004,Relatively Low,2021,38300,42129,"Pittsburgh, PA",38300,2021,282.12,249.64333333333335,32.47666666666666
3237,Pennsylvania,PA,Wyoming,42,42131,28276,,6.575932306316957,Very Low,2021,42540,42131,"Scranton--Wilkes-Barre, PA",42540,2021,212.82999999999998,188.89,23.939999999999998
3238,Pennsylvania,PA,York,42,42133,434972,,8.748705585026878,Relatively Low,2021,49620,42133,"York-Hanover, PA",49620,2021,213.605,190.5575,23.047499999999985
3239,Rhode Island,RI,Bristol,44,44001,49875,,4.084635099889696,Very Low,2021,39300,44001,"Providence-Warwick, RI-MA",39300,2021,317.9291666666667,272.00416666666666,45.92500000000001
3240,Rhode Island,RI,Kent,44,44003,166158,,7.26306111261686,Very Low,2021,39300,44003,"Providence-Warwick, RI-MA",39300,2021,317.9291666666667,272.00416666666666,45.92500000000001
3241,Rhode Island,RI,Newport,44,44005,82888,,4.312389077857893,Very Low,2021,39300,44005,"Providence-Warwick, RI-MA",39300,2021,317.9291666666667,272.00416666666666,45.92500000000001
3242,Rhode Island,RI,Providence,44,44007,626667,,15.755518230476026,Relatively Moderate,2021,39300,44007,"Providence-Warwick, RI-MA",39300,2021,317.9291666666667,272.00416666666666,45.92500000000001
3243,Rhode Island,RI,Washington,44,44009,126979,,6.149036096193936,Very Low,2021,39300,44009,"Providence-Warwick, RI-MA",39300,2021,317.9291666666667,272.00416666666666,45.92500000000001
3245,South Carolina,SC,Aiken,45,45003,160099,,11.254969493522918,Relatively Low,2021,12260,45003,"Augusta-Richmond County, GA-SC",12260,2021,226.975,198.60750000000002,28.36749999999998
3246,South Carolina,SC,Anderson,45,45007,187126,,12.9334368999352,Relatively Low,2021,24860,45007,"Greenville-Anderson-Greer, SC",24860,2021,301.40375,262.19875,39.204999999999984
3247,South Carolina,SC,Beaufort,45,45013,162233,,20.50148610735692,Relatively Moderate,2021,25940,45013,"Hilton Head Island-Bluffton-Port Royal, SC",25940,2021,299.02250000000004,257.7125,41.31000000000006
3248,South Carolina,SC,Berkeley,45,45015,177843,,13.894782731426304,Relatively Moderate,2021,16700,45015,"Charleston-North Charleston, SC",16700,2021,440.42875,378.2,62.22874999999999
3249,South Carolina,SC,Calhoun,45,45017,15175,,6.570006437710225,Very Low,2021,17900,45017,"Columbia, SC",17900,2021,242.30375,213.2225,29.08125000000001
3250,South Carolina,SC,Charleston,45,45019,350209,,25.035971607427683,Relatively High,2021,16700,45019,"Charleston-North Charleston, SC",16700,2021,440.42875,378.2,62.22874999999999
3252,South Carolina,SC,Chester,45,45023,33140,,10.526445961543146,Relatively Low,2021,16740,45023,"Charlotte-Concord-Gastonia, NC-SC",16740,2021,318.67833333333334,267.94166666666666,50.73666666666668
3253,South Carolina,SC,Darlington,45,45031,68681,,13.277926809430747,Relatively Low,2021,22500,45031,"Florence, SC",22500,2021,203.61,185.635,17.975000000000023
3254,South Carolina,SC,Dorchester,45,45035,136555,,13.578752578221364,Relatively Moderate,2021,16700,45035,"Charleston-North Charleston, SC",16700,2021,440.42875,378.2,62.22874999999999
3255,South Carolina,SC,Edgefield,45,45037,26985,,4.201000687435621,Very Low,2021,12260,45037,"Augusta-Richmond County, GA-SC",12260,2021,226.975,198.60750000000002,28.36749999999998
3256,South Carolina,SC,Fairfield,45,45039,23956,,10.199705044711347,Relatively Low,2021,17900,45039,"Columbia, SC",17900,2021,242.30375,213.2225,29.08125000000001
3257,South Carolina,SC,Florence,45,45041,136885,,20.408119001103007,Relatively Moderate,2021,22500,45041,"Florence, SC",22500,2021,203.61,185.635,17.975000000000023
3259,South Carolina,SC,Greenville,45,45045,451225,,15.117283646908604,Relatively Moderate,2021,24860,45045,"Greenville-Anderson-Greer, SC",24860,2021,301.40375,262.19875,39.204999999999984
3261,South Carolina,SC,Horry,45,45051,269291,,26.24959195922409,Relatively High,2021,34820,45051,"Myrtle Beach-Conway-North Myrtle Beach, SC",34820,2021,257.4125,223.715,33.69750000000002
3262,South Carolina,SC,Jasper,45,45053,24777,,7.08828484666707,Very Low,2021,25940,45053,"Hilton Head Island-Bluffton-Port Royal, SC",25940,2021,299.02250000000004,257.7125,41.31000000000006
3263,South Carolina,SC,Kershaw,45,45055,61697,,10.666812297449766,Relatively Low,2021,17900,45055,"Columbia, SC",17900,2021,242.30375,213.2225,29.08125000000001
3264,South Carolina,SC,Lancaster,45,45057,76652,,12.453087590824824,Relatively Low,2021,16740,45057,"Charlotte-Concord-Gastonia, NC-SC",16740,2021,318.67833333333334,267.94166666666666,50.73666666666668
3265,South Carolina,SC,Laurens,45,45059,66537,,11.23274817035368,Relatively Low,2021,24860,45059,"Greenville-Anderson-Greer, SC",24860,2021,301.40375,262.19875,39.204999999999984
3266,South Carolina,SC,Lexington,45,45063,262391,,14.109010697702267,Relatively Moderate,2021,17900,45063,"Columbia, SC",17900,2021,242.30375,213.2225,29.08125000000001
3270,South Carolina,SC,Pickens,45,45077,119224,,8.477913816642893,Relatively Low,2021,24860,45077,"Greenville-Anderson-Greer, SC",24860,2021,301.40375,262.19875,39.204999999999984
3271,South Carolina,SC,Richland,45,45079,384504,,17.58532201739729,Relatively Moderate,2021,17900,45079,"Columbia, SC",17900,2021,242.30375,213.2225,29.08125000000001
3272,South Carolina,SC,Saluda,45,45081,19875,,9.58597952883268,Relatively Low,2021,17900,45081,"Columbia, SC",17900,2021,242.30375,213.2225,29.08125000000001
3273,South Carolina,SC,Spartanburg,45,45083,284307,,14.742229128806771,Relatively Moderate,2021,43900,45083,"Spartanburg, SC",43900,2021,233.3875,203.4725,29.914999999999992
3274,South Carolina,SC,Sumter,45,45085,107456,,13.761523199225588,Relatively Moderate,2021,44940,45085,"Sumter, SC",44940,2021,222.72,204.20499999999998,18.515000000000015
3275,South Carolina,SC,Union,45,45087,28961,,10.108036627864388,Relatively Low,2021,43900,45087,"Spartanburg, SC",43900,2021,233.3875,203.4725,29.914999999999992
3276,South Carolina,SC,York,45,45091,226073,,13.973124224876962,Relatively Moderate,2021,16740,45091,"Charlotte-Concord-Gastonia, NC-SC",16740,2021,318.67833333333334,267.94166666666666,50.73666666666668
3280,Kentucky,KY,Butler,21,21031,12690,,7.326101378824601,Very Low,2021,14540,21031,"Bowling Green, KY",14540,2021,223.3375,199.6525,23.685000000000002
3282,Kentucky,KY,Campbell,21,21037,90336,,9.31482112414731,Relatively Low,2021,17140,21037,"Cincinnati, OH-KY-IN",17140,2021,247.66333333333333,216.89916666666667,30.764166666666654
3283,Kentucky,KY,Carlisle,21,21039,5104,,8.83367731562296,Relatively Low,2021,37140,21039,"Paducah, KY-IL",37140,2021,207.1525,185.7475,21.405
3284,Kentucky,KY,Carter,21,21043,27720,,8.218784403565815,Relatively Low,2021,26580,21043,"Huntington-Ashland, WV-KY-OH",26580,2021,201.7675,186.46,15.307500000000005
3285,Kentucky,KY,Christian,21,21047,73955,,14.120311602359958,Relatively Moderate,2021,17300,21047,"Clarksville, TN-KY",17300,2021,261.3425,224.39249999999998,36.94999999999999
3286,Kentucky,KY,Clark,21,21049,35613,,7.825945897046473,Very Low,2021,30460,21049,"Lexington-Fayette, KY",30460,2021,249.4625,222.315,27.147500000000008
3288,Kentucky,KY,Daviess,21,21059,96656,,13.994588611387735,Relatively Moderate,2021,36980,21059,"Owensboro, KY",36980,2021,227.725,205.2,22.525000000000006
3290,Kentucky,KY,Edmonson,21,21061,12161,,5.704701033894087,Very Low,2021,14540,21061,"Bowling Green, KY",14540,2021,223.3375,199.6525,23.685000000000002
3291,Kentucky,KY,Fayette,21,21067,295803,,15.710670922008012,Relatively Moderate,2021,30460,21067,"Lexington-Fayette, KY",30460,2021,249.4625,222.315,27.147500000000008
3294,Kentucky,KY,Gallatin,21,21077,8589,,5.332167064042959,Very Low,2021,17140,21077,"Cincinnati, OH-KY-IN",17140,2021,247.66333333333333,216.89916666666667,30.764166666666654
3295,Kentucky,KY,Grant,21,21081,24662,,6.3488285785898,Very Low,2021,17140,21081,"Cincinnati, OH-KY-IN",17140,2021,247.66333333333333,216.89916666666667,30.764166666666654
3298,Kentucky,KY,Greenup,21,21089,36910,,8.409610521316132,Relatively Low,2021,26580,21089,"Huntington-Ashland, WV-KY-OH",26580,2021,201.7675,186.46,15.307500000000005
3299,Kentucky,KY,Hardin,21,21093,105543,,8.449422410140498,Relatively Low,2021,21060,21093,"Elizabethtown, KY",21060,2021,240.3175,211.4525,28.86500000000001
3301,Kentucky,KY,Henry,21,21103,15416,,6.516352379369991,Very Low,2021,31140,21103,"Louisville/Jefferson County, KY-IN",31140,2021,282.9175,251.27375,31.64375000000001
3303,Kentucky,KY,Jefferson,21,21111,741096,,27.45811815211305,Relatively High,2021,31140,21111,"Louisville/Jefferson County, KY-IN",31140,2021,282.9175,251.27375,31.64375000000001
3304,Kentucky,KY,Jessamine,21,21113,48586,,8.786232529738554,Relatively Low,2021,30460,21113,"Lexington-Fayette, KY",30460,2021,249.4625,222.315,27.147500000000008
3307,South Dakota,SD,Custer,46,46033,8216,,7.600265924714481,Very Low,2021,39660,46033,"Rapid City, SD",39660,2021,342.7275,290.0725,52.65500000000003
3313,South Dakota,SD,Lincoln,46,46083,44828,,4.98328695911374,Very Low,2021,43620,46083,"Sioux Falls, SD-MN",43620,2021,273.5825,241.095,32.48749999999998
3314,South Dakota,SD,McCook,46,46087,5618,,7.036430518879627,Very Low,2021,43620,46087,"Sioux Falls, SD-MN",43620,2021,273.5825,241.095,32.48749999999998
3315,South Dakota,SD,Meade,46,46093,25434,,5.519706022296649,Very Low,2021,39660,46093,"Rapid City, SD",39660,2021,342.7275,290.0725,52.65500000000003
3316,South Dakota,SD,Minnehaha,46,46099,169468,,17.66226399618248,Relatively Moderate,2021,43620,46099,"Sioux Falls, SD-MN",43620,2021,273.5825,241.095,32.48749999999998
3317,South Dakota,SD,Pennington,46,46103,100948,,14.0761724226924,Relatively Moderate,2021,39660,46103,"Rapid City, SD",39660,2021,342.7275,290.0725,52.65500000000003
3320,South Dakota,SD,Turner,46,46125,8347,,8.079567721421778,Very Low,2021,43620,46125,"Sioux Falls, SD-MN",43620,2021,273.5825,241.095,32.48749999999998
3321,South Dakota,SD,Union,46,46127,14399,,4.106404712352981,Very Low,2021,43580,46127,"Sioux City, IA-NE-SD",43580,2021,241.59,218.89249999999998,22.69750000000002
3323,Tennessee,TN,Anderson,47,47001,75129,,10.635240370743258,Relatively Low,2021,28940,47001,"Knoxville, TN",28940,2021,315.99125,262.17125,53.81999999999999
3325,Tennessee,TN,Blount,47,47009,123010,,10.957501739475058,Relatively Low,2021,28940,47009,"Knoxville, TN",28940,2021,315.99125,262.17125,53.81999999999999
3326,Tennessee,TN,Bradley,47,47011,98963,,13.362749151643584,Relatively Low,2021,17420,47011,"Cleveland, TN",17420,2021,265.005,228.2375,36.767499999999984
3327,Tennessee,TN,Campbell,47,47013,40716,,11.341516261605308,Relatively Low,2021,28940,47013,"Knoxville, TN",28940,2021,315.99125,262.17125,53.81999999999999
3328,Tennessee,TN,Cannon,47,47015,13801,,6.919249803601994,Very Low,2021,34980,47015,"Nashville-Davidson--Murfreesboro--Franklin, TN",34980,2021,410.7366666666667,345.1958333333334,65.5408333333333
3329,Tennessee,TN,Carter,47,47019,57424,,11.915320049418948,Relatively Low,2021,27740,47019,"Johnson City, TN",27740,2021,251.2425,219.0875,32.155
3330,Tennessee,TN,Cheatham,47,47021,39105,,6.410772375593382,Very Low,2021,34980,47021,"Nashville-Davidson--Murfreesboro--Franklin, TN",34980,2021,410.7366666666667,345.1958333333334,65.5408333333333
3331,Tennessee,TN,Chester,47,47023,17131,,8.02212739858853,Very Low,2021,27180,47023,"Jackson, TN",27180,2021,200.38,170.8225,29.557500000000005
3334,Tennessee,TN,Crockett,47,47033,14586,,9.468100457889076,Relatively Low,2021,27180,47033,"Jackson, TN",27180,2021,200.38,170.8225,29.557500000000005
3336,Tennessee,TN,Davidson,47,47037,626681,,28.296548389730063,Relatively High,2021,34980,47037,"Nashville-Davidson--Murfreesboro--Franklin, TN",34980,2021,410.7366666666667,345.1958333333334,65.5408333333333
3337,Tennessee,TN,Dickson,47,47043,49666,,9.304254381202504,Relatively Low,2021,34980,47043,"Nashville-Davidson--Murfreesboro--Franklin, TN",34980,2021,410.7366666666667,345.1958333333334,65.5408333333333
3339,Tennessee,TN,Fayette,47,47047,38413,,8.554466307776583,Relatively Low,2021,32820,47047,"Memphis, TN-MS-AR",32820,2021,243.125,211.2775,31.847499999999997
3341,Tennessee,TN,Gibson,47,47053,49683,,18.79226797625836,Relatively Moderate,2021,27180,47053,"Jackson, TN",27180,2021,200.38,170.8225,29.557500000000005
3342,Tennessee,TN,Grainger,47,47057,22657,,5.535084788159542,Very Low,2021,28940,47057,"Knoxville, TN",28940,2021,315.99125,262.17125,53.81999999999999
3344,Tennessee,TN,Hamblen,47,47063,62544,,9.020496576965,Relatively Low,2021,34100,47063,"Morristown, TN",34100,2021,259.005,221.125,37.879999999999995
3345,Tennessee,TN,Hamilton,47,47065,336463,,20.757475846420267,Relatively Moderate,2021,16860,47065,"Chattanooga, TN-GA",16860,2021,281.6125,241.45,40.16250000000002
3346,Tennessee,TN,Hawkins,47,47073,56833,,7.514948403726184,Very Low,2021,28700,47073,"Kingsport-Bristol, TN-VA",28700,2021,253.70000000000002,221.1325,32.567500000000024
3348,Tennessee,TN,Hickman,47,47081,24690,,8.323479728943848,Relatively Low,2021,34980,47081,"Nashville-Davidson--Murfreesboro--Franklin, TN",34980,2021,410.7366666666667,345.1958333333334,65.5408333333333
3350,Tennessee,TN,Jefferson,47,47089,51407,,8.748027094199353,Relatively Low,2021,34100,47089,"Morristown, TN",34100,2021,259.005,221.125,37.879999999999995
3351,Tennessee,TN,Knox,47,47093,432226,,15.650793173410102,Relatively Moderate,2021,28940,47093,"Knoxville, TN",28940,2021,315.99125,262.17125,53.81999999999999
3354,Tennessee,TN,Loudon,47,47105,48556,,9.665374898216191,Relatively Low,2021,28940,47105,"Knoxville, TN",28940,2021,315.99125,262.17125,53.81999999999999
3356,Tennessee,TN,Macon,47,47111,22248,,8.936892576412403,Relatively Low,2021,34980,47111,"Nashville-Davidson--Murfreesboro--Franklin, TN",34980,2021,410.7366666666667,345.1958333333334,65.5408333333333
3357,Tennessee,TN,Madison,47,47113,98294,,18.357292963309533,Relatively Moderate,2021,27180,47113,"Jackson, TN",27180,2021,200.38,170.8225,29.557500000000005
3358,Tennessee,TN,Marion,47,47115,28237,,10.608911225893973,Relatively Low,2021,16860,47115,"Chattanooga, TN-GA",16860,2021,281.6125,241.45,40.16250000000002
3360,Tennessee,TN,Maury,47,47119,80956,,14.694622359021675,Relatively Moderate,2021,34980,47119,"Nashville-Davidson--Murfreesboro--Franklin, TN",34980,2021,410.7366666666667,345.1958333333334,65.5408333333333
3362,Tennessee,TN,Montgomery,47,47125,172331,,11.849025069179955,Relatively Low,2021,17300,47125,"Clarksville, TN-KY",17300,2021,261.3425,224.39249999999998,36.94999999999999
3364,Tennessee,TN,Morgan,47,47129,21987,,5.929726779107748,Very Low,2021,28940,47129,"Knoxville, TN",28940,2021,315.99125,262.17125,53.81999999999999
3367,Tennessee,TN,Polk,47,47139,16825,,6.239735455651588,Very Low,2021,17420,47139,"Cleveland, TN",17420,2021,265.005,228.2375,36.767499999999984
3369,Tennessee,TN,Roane,47,47145,54181,,10.791360909479527,Relatively Low,2021,28940,47145,"Knoxville, TN",28940,2021,315.99125,262.17125,53.81999999999999
3370,Tennessee,TN,Robertson,47,47147,66283,,7.393065434524125,Very Low,2021,34980,47147,"Nashville-Davidson--Murfreesboro--Franklin, TN",34980,2021,410.7366666666667,345.1958333333334,65.5408333333333
3371,Tennessee,TN,Rutherford,47,47149,262604,,10.364505548872852,Relatively Low,2021,34980,47149,"Nashville-Davidson--Murfreesboro--Franklin, TN",34980,2021,410.7366666666667,345.1958333333334,65.5408333333333
3372,Tennessee,TN,Sequatchie,47,47153,14112,,7.012504359062069,Very Low,2021,16860,47153,"Chattanooga, TN-GA",16860,2021,281.6125,241.45,40.16250000000002
3374,Tennessee,TN,Shelby,47,47157,927644,,42.548231267170685,Very High,2021,32820,47157,"Memphis, TN-MS-AR",32820,2021,243.125,211.2775,31.847499999999997
3375,Tennessee,TN,Smith,47,47159,19166,,5.930550023145239,Very Low,2021,34980,47159,"Nashville-Davidson--Murfreesboro--Franklin, TN",34980,2021,410.7366666666667,345.1958333333334,65.5408333333333
3376,Tennessee,TN,Stewart,47,47161,13324,,7.898567312065645,Very Low,2021,17300,47161,"Clarksville, TN-KY",17300,2021,261.3425,224.39249999999998,36.94999999999999
3377,Tennessee,TN,Sullivan,47,47163,156823,,10.668547625639464,Relatively Low,2021,28700,47163,"Kingsport-Bristol, TN-VA",28700,2021,253.70000000000002,221.1325,32.567500000000024
3378,Tennessee,TN,Sumner,47,47165,160645,,11.29744863223406,Relatively Low,2021,34980,47165,"Nashville-Davidson--Murfreesboro--Franklin, TN",34980,2021,410.7366666666667,345.1958333333334,65.5408333333333
3379,Tennessee,TN,Tipton,47,47167,61081,,9.669677611328227,Relatively Low,2021,32820,47167,"Memphis, TN-MS-AR",32820,2021,243.125,211.2775,31.847499999999997
3380,Tennessee,TN,Trousdale,47,47169,7870,,5.425812854405507,Very Low,2021,34980,47169,"Nashville-Davidson--Murfreesboro--Franklin, TN",34980,2021,410.7366666666667,345.1958333333334,65.5408333333333
3381,Tennessee,TN,Unicoi,47,47171,18313,,5.487210205102977,Very Low,2021,27740,47171,"Johnson City, TN",27740,2021,251.2425,219.0875,32.155
3382,Tennessee,TN,Union,47,47173,19109,,5.512137976031813,Very Low,2021,28940,47173,"Knoxville, TN",28940,2021,315.99125,262.17125,53.81999999999999
3384,Tennessee,TN,Washington,47,47179,122979,,9.6926338528775,Relatively Low,2021,27740,47179,"Johnson City, TN",27740,2021,251.2425,219.0875,32.155
3387,Tennessee,TN,Williamson,47,47187,183182,,1.228444731721015,Very Low,2021,34980,47187,"Nashville-Davidson--Murfreesboro--Franklin, TN",34980,2021,410.7366666666667,345.1958333333334,65.5408333333333
3388,Tennessee,TN,Wilson,47,47189,113993,,8.572448267319977,Relatively Low,2021,34980,47189,"Nashville-Davidson--Murfreesboro--Franklin, TN",34980,2021,410.7366666666667,345.1958333333334,65.5408333333333
3392,Texas,TX,Aransas,48,48007,23158,,23.775882746592995,Relatively High,2021,18580,48007,"Corpus Christi, TX",18580,2021,265.295,234.9675,30.327500000000015
3393,Texas,TX,Archer,48,48009,9054,,6.809286156587908,Very Low,2021,48660,48009,"Wichita Falls, TX",48660,2021,231.325,201.5,29.82499999999999
3394,Texas,TX,Armstrong,48,48011,1901,,9.79693530721115,Relatively Low,2021,11100,48011,"Amarillo, TX",11100,2021,235.60750000000002,209.7525,25.855000000000018
3395,Texas,TX,Atascosa,48,48013,44911,,12.813912566268153,Relatively Low,2021,41700,48013,"San Antonio-New Braunfels, TX",41700,2021,355.1758333333333,306.315,48.86083333333329
3396,Texas,TX,Austin,48,48015,28417,,9.137557114447826,Relatively Low,2021,26420,48015,"Houston-Pasadena-The Woodlands, TX",26420,2021,336.945,301.53000000000003,35.414999999999964
3397,Texas,TX,Bandera,48,48019,20485,,11.879865261050703,Relatively Low,2021,41700,48019,"San Antonio-New Braunfels, TX",41700,2021,355.1758333333333,306.315,48.86083333333329
3398,Texas,TX,Bastrop,48,48021,74171,,10.916911358130996,Relatively Low,2021,12420,48021,"Austin-Round Rock-San Marcos, TX",12420,2021,607.1258333333334,470.595,136.53083333333336
3400,Texas,TX,Bell,48,48027,310235,,17.161143948199953,Relatively Moderate,2021,28660,48027,"Killeen-Temple, TX",28660,2021,247.16750000000002,209.1475,38.02000000000001
3401,Texas,TX,Bexar,48,48029,1714773,,39.952943339570595,Relatively High,2021,41700,48029,"San Antonio-New Braunfels, TX",41700,2021,355.1758333333333,306.315,48.86083333333329
3402,Texas,TX,Bosque,48,48035,18212,,9.95986686947235,Relatively Low,2021,47380,48035,"Waco, TX",47380,2021,299.2375,259.4975,39.74000000000001
3403,Texas,TX,Bowie,48,48037,92565,,14.734479863425548,Relatively Moderate,2021,45500,48037,"Texarkana, TX-AR",45500,2021,219.49,197.43,22.060000000000002
3404,Texas,TX,Brazoria,48,48039,313166,,24.2535770903799,Relatively High,2021,26420,48039,"Houston-Pasadena-The Woodlands, TX",26420,2021,336.945,301.53000000000003,35.414999999999964
3405,Texas,TX,Brazos,48,48041,194851,,13.258023284664551,Relatively Low,2021,17780,48041,"College Station-Bryan, TX",17780,2021,288.7975,259.455,29.34250000000003
3408,Texas,TX,Burleson,48,48051,17187,,9.621565857875115,Relatively Low,2021,17780,48051,"College Station-Bryan, TX",17780,2021,288.7975,259.455,29.34250000000003
3409,Texas,TX,Caldwell,48,48055,38066,,17.27905325793345,Relatively Moderate,2021,12420,48055,"Austin-Round Rock-San Marcos, TX",12420,2021,607.1258333333334,470.595,136.53083333333336
3411,Texas,TX,Callahan,48,48059,13544,,7.529821133842779,Very Low,2021,10180,48059,"Abilene, TX",10180,2021,266.3675,235.94,30.42750000000001
3412,Texas,TX,Cameron,48,48061,406220,,50.793963442565605,Very High,2021,15180,48061,"Brownsville-Harlingen, TX",15180,2021,214.6375,188.7025,25.935000000000002
3414,Texas,TX,Carson,48,48065,6182,,8.708432766329869,Relatively Low,2021,11100,48065,"Amarillo, TX",11100,2021,235.60750000000002,209.7525,25.855000000000018
3415,Texas,TX,Chambers,48,48071,35096,,6.005601016043368,Very Low,2021,26420,48071,"Houston-Pasadena-The Woodlands, TX",26420,2021,336.945,301.53000000000003,35.414999999999964
3417,Texas,TX,Clay,48,48077,10752,,10.383055854515815,Relatively Low,2021,48660,48077,"Wichita Falls, TX",48660,2021,231.325,201.5,29.82499999999999
3418,Texas,TX,Cochran,48,48079,3127,,9.726813690040627,Relatively Low,2021,31180,48079,"Lubbock, TX",31180,2021,235.05,211.0875,23.962500000000006
3420,Texas,TX,Comal,48,48091,108472,,16.720624769786106,Relatively Moderate,2021,41700,48091,"San Antonio-New Braunfels, TX",41700,2021,355.1758333333333,306.315,48.86083333333329
3422,Texas,TX,Coryell,48,48099,75388,,10.934730700968595,Relatively Low,2021,28660,48099,"Killeen-Temple, TX",28660,2021,247.16750000000002,209.1475,38.02000000000001
3423,Texas,TX,Crosby,48,48107,6059,,12.84770188098046,Relatively Low,2021,31180,48107,"Lubbock, TX",31180,2021,235.05,211.0875,23.962500000000006
3427,Texas,TX,Ector,48,48135,137130,,14.597973534790984,Relatively Moderate,2021,36220,48135,"Odessa, TX",36220,2021,327.53499999999997,324.27750000000003,3.2574999999999363
3429,Texas,TX,El Paso,48,48141,800647,,35.67096512100983,Relatively High,2021,21340,48141,"El Paso, TX",21340,2021,235.43625,205.68875,29.747500000000002
3431,Texas,TX,Falls,48,48145,17866,,9.315279204193985,Relatively Low,2021,47380,48145,"Waco, TX",47380,2021,299.2375,259.4975,39.74000000000001
3434,Texas,TX,Fort Bend,48,48157,585375,,18.8326916778942,Relatively Moderate,2021,26420,48157,"Houston-Pasadena-The Woodlands, TX",26420,2021,336.945,301.53000000000003,35.414999999999964
3435,Texas,TX,Galveston,48,48167,291309,,38.943452988398676,Relatively High,2021,26420,48167,"Houston-Pasadena-The Woodlands, TX",26420,2021,336.945,301.53000000000003,35.414999999999964
3436,Texas,TX,Garza,48,48169,6461,,8.564649046905654,Relatively Low,2021,31180,48169,"Lubbock, TX",31180,2021,235.05,211.0875,23.962500000000006
3438,Texas,TX,Goliad,48,48175,7210,,5.164479350039744,Very Low,2021,47020,48175,"Victoria, TX",47020,2021,261.5375,240.32999999999998,21.20750000000004
3440,Texas,TX,Grayson,48,48181,120877,,15.017593973918045,Relatively Moderate,2021,43300,48181,"Sherman-Denison, TX",43300,2021,321.97,276.6425,45.32750000000004
3441,Texas,TX,Gregg,48,48183,121730,,19.13717486277351,Relatively Moderate,2021,30980,48183,"Longview, TX",30980,2021,249.8725,222.65,27.222499999999997
3442,Texas,TX,Guadalupe,48,48187,131533,,16.59165986583495,Relatively Moderate,2021,41700,48187,"San Antonio-New Braunfels, TX",41700,2021,355.1758333333333,306.315,48.86083333333329
3444,Texas,TX,Hardin,48,48199,54635,,10.52675198882126,Relatively Low,2021,13140,48199,"Beaumont-Port Arthur, TX",13140,2021,242.1925,224.73250000000002,17.45999999999998
3445,Texas,TX,Harris,48,48201,4092459,,80.61853596113436,Very High,2021,26420,48201,"Houston-Pasadena-The Woodlands, TX",26420,2021,336.945,301.53000000000003,35.414999999999964
3446,Texas,TX,Harrison,48,48203,65631,,11.902119577714318,Relatively Low,2021,30980,48203,"Longview, TX",30980,2021,249.8725,222.65,27.222499999999997
3447,Texas,TX,Hays,48,48209,157107,,16.12056736311822,Relatively Moderate,2021,12420,48209,"Austin-Round Rock-San Marcos, TX",12420,2021,607.1258333333334,470.595,136.53083333333336
3449,Texas,TX,Hidalgo,48,48215,774769,,38.061258729011314,Relatively High,2021,32580,48215,"McAllen-Edinburg-Mission, TX",32580,2021,204.1675,184.34,19.827499999999986
3450,Texas,TX,Hockley,48,48219,22935,,11.366868274136973,Relatively Low,2021,31180,48219,"Lubbock, TX",31180,2021,235.05,211.0875,23.962500000000006
3454,Texas,TX,Hudspeth,48,48229,3476,,6.617287521463974,Very Low,2021,21340,48229,"El Paso, TX",21340,2021,235.43625,205.68875,29.747500000000002
3457,Texas,TX,Irion,48,48235,1599,,5.816711129444281,Very Low,2021,41660,48235,"San Angelo, TX",41660,2021,301.005,267.25,33.754999999999995
3458,Texas,TX,Jefferson,48,48245,252273,,35.67302081581171,Relatively High,2021,13140,48245,"Beaumont-Port Arthur, TX",13140,2021,242.1925,224.73250000000002,17.45999999999998
3461,Texas,TX,Jones,48,48253,20202,,6.90138186064054,Very Low,2021,10180,48253,"Abilene, TX",10180,2021,266.3675,235.94,30.42750000000001
3463,Texas,TX,Kendall,48,48259,33410,,9.122775120299057,Relatively Low,2021,41700,48259,"San Antonio-New Braunfels, TX",41700,2021,355.1758333333333,306.315,48.86083333333329
3467,Texas,TX,Lampasas,48,48281,19677,,8.349497903914074,Relatively Low,2021,28660,48281,"Killeen-Temple, TX",28660,2021,247.16750000000002,209.1475,38.02000000000001
3468,Texas,TX,Liberty,48,48291,75643,,16.993015688909416,Relatively Moderate,2021,26420,48291,"Houston-Pasadena-The Woodlands, TX",26420,2021,336.945,301.53000000000003,35.414999999999964
3469,Texas,TX,Lubbock,48,48303,278831,,27.661169338186028,Relatively High,2021,31180,48303,"Lubbock, TX",31180,2021,235.05,211.0875,23.962500000000006
3470,Texas,TX,Lynn,48,48305,5915,,9.992764317413164,Relatively Low,2021,31180,48305,"Lubbock, TX",31180,2021,235.05,211.0875,23.962500000000006
3471,Texas,TX,McLennan,48,48309,234906,,18.18248842171652,Relatively Moderate,2021,47380,48309,"Waco, TX",47380,2021,299.2375,259.4975,39.74000000000001
3472,Texas,TX,Martin,48,48317,4799,,7.164327529088299,Very Low,2021,33260,48317,"Midland, TX",33260,2021,385.7075,373.2125,12.495000000000005
3475,Texas,TX,Medina,48,48325,46006,,11.468331755983606,Relatively Low,2021,41700,48325,"San Antonio-New Braunfels, TX",41700,2021,355.1758333333333,306.315,48.86083333333329
3476,Texas,TX,Midland,48,48329,136872,,13.094804142031586,Relatively Low,2021,33260,48329,"Midland, TX",33260,2021,385.7075,373.2125,12.495000000000005
3477,Texas,TX,Montgomery,48,48339,455746,,23.962654572894657,Relatively High,2021,26420,48339,"Houston-Pasadena-The Woodlands, TX",26420,2021,336.945,301.53000000000003,35.414999999999964
3483,Texas,TX,Nueces,48,48355,340223,,30.638212845422487,Relatively High,2021,18580,48355,"Corpus Christi, TX",18580,2021,265.295,234.9675,30.327500000000015
3484,Texas,TX,Oldham,48,48359,2052,,5.524217019834795,Very Low,2021,11100,48359,"Amarillo, TX",11100,2021,235.60750000000002,209.7525,25.855000000000018
3485,Texas,TX,Orange,48,48361,81837,,20.42962357463669,Relatively Moderate,2021,13140,48361,"Beaumont-Port Arthur, TX",13140,2021,242.1925,224.73250000000002,17.45999999999998
3488,Texas,TX,Potter,48,48375,121073,,24.863558008868043,Relatively High,2021,11100,48375,"Amarillo, TX",11100,2021,235.60750000000002,209.7525,25.855000000000018
3489,Texas,TX,Randall,48,48381,120725,,15.011383763987787,Relatively Moderate,2021,11100,48381,"Amarillo, TX",11100,2021,235.60750000000002,209.7525,25.855000000000018
3493,Texas,TX,Robertson,48,48395,16622,,8.921634715335165,Relatively Low,2021,17780,48395,"College Station-Bryan, TX",17780,2021,288.7975,259.455,29.34250000000003
3495,Texas,TX,Rusk,48,48401,53330,,8.778203611011188,Relatively Low,2021,30980,48401,"Longview, TX",30980,2021,249.8725,222.65,27.222499999999997
3496,Texas,TX,San Jacinto,48,48407,26384,,16.503886170140095,Relatively Moderate,2021,26420,48407,"Houston-Pasadena-The Woodlands, TX",26420,2021,336.945,301.53000000000003,35.414999999999964
3497,Texas,TX,San Patricio,48,48409,64804,,24.84136140088211,Relatively High,2021,18580,48409,"Corpus Christi, TX",18580,2021,265.295,234.9675,30.327500000000015
3499,Texas,TX,Smith,48,48423,209714,,10.86757885741858,Relatively Low,2021,46340,48423,"Tyler, TX",46340,2021,261.055,229.43,31.625
3502,Texas,TX,Taylor,48,48441,131506,,16.491691930450582,Relatively Moderate,2021,10180,48441,"Abilene, TX",10180,2021,266.3675,235.94,30.42750000000001
3504,Texas,TX,Tom Green,48,48451,110224,,14.590058110787332,Relatively Moderate,2021,41660,48451,"San Angelo, TX",41660,2021,301.005,267.25,33.754999999999995
3505,Texas,TX,Travis,48,48453,1024266,,22.924788037851215,Relatively High,2021,12420,48453,"Austin-Round Rock-San Marcos, TX",12420,2021,607.1258333333334,470.595,136.53083333333336
3506,Texas,TX,Upshur,48,48459,39309,,9.943060222787125,Relatively Low,2021,30980,48459,"Longview, TX",30980,2021,249.8725,222.65,27.222499999999997
3509,Texas,TX,Victoria,48,48469,86793,,16.76120949154288,Relatively Moderate,2021,47020,48469,"Victoria, TX",47020,2021,261.5375,240.32999999999998,21.20750000000004
3511,Texas,TX,Waller,48,48473,43205,,13.953550376276027,Relatively Moderate,2021,26420,48473,"Houston-Pasadena-The Woodlands, TX",26420,2021,336.945,301.53000000000003,35.414999999999964
3513,Texas,TX,Webb,48,48479,250304,,16.797894199421833,Relatively Moderate,2021,29700,48479,"Laredo, TX",29700,2021,211.1125,196.0,15.112500000000011
3515,Texas,TX,Wichita,48,48485,131500,,14.767225372935853,Relatively Moderate,2021,48660,48485,"Wichita Falls, TX",48660,2021,231.325,201.5,29.82499999999999
3518,Texas,TX,Williamson,48,48491,422679,,10.128377076174552,Relatively Low,2021,12420,48491,"Austin-Round Rock-San Marcos, TX",12420,2021,607.1258333333334,470.595,136.53083333333336
3519,Texas,TX,Wilson,48,48493,42918,,11.557525624980782,Relatively Low,2021,41700,48493,"San Antonio-New Braunfels, TX",41700,2021,355.1758333333333,306.315,48.86083333333329
3523,Utah,UT,Cache,49,49005,112656,,8.191856282130706,Relatively Low,2021,30860,49005,"Logan, UT-ID",30860,2021,328.96,264.65999999999997,64.30000000000001
3525,Utah,UT,Davis,49,49011,306479,,6.928251931178601,Very Low,2021,36260,49011,"Ogden, UT",36260,2021,350.565,284.4675,66.09750000000003
3527,Utah,UT,Juab,49,49023,10246,,5.7764757592836,Very Low,2021,39340,49023,"Provo-Orem-Lehi, UT",39340,2021,452.23,361.78625,90.44375000000002
3528,Utah,UT,Morgan,49,49029,9469,,1.202040019851912,Very Low,2021,36260,49029,"Ogden, UT",36260,2021,350.565,284.4675,66.09750000000003
3530,Utah,UT,Salt Lake,49,49035,1029655,,20.438646633135704,Relatively Moderate,2021,41620,49035,"Salt Lake City-Murray, UT",41620,2021,525.5550000000001,427.94125,97.61375000000004
3532,Utah,UT,Tooele,49,49045,58218,,5.653441488513637,Very Low,2021,41620,49045,"Salt Lake City-Murray, UT",41620,2021,525.5550000000001,427.94125,97.61375000000004
3534,Utah,UT,Utah,49,49049,516564,,10.805299946309148,Relatively Low,2021,39340,49049,"Provo-Orem-Lehi, UT",39340,2021,452.23,361.78625,90.44375000000002
3536,Utah,UT,Washington,49,49053,138115,,26.060785085582783,Relatively High,2021,41100,49053,"St. George, UT",41100,2021,297.895,237.41500000000002,60.47999999999996
3537,Utah,UT,Weber,49,49057,231236,,13.140501891550482,Relatively Low,2021,36260,49057,"Ogden, UT",36260,2021,350.565,284.4675,66.09750000000003
3539,Vermont,VT,Chittenden,50,50007,156545,,4.737429991910753,Very Low,2021,15540,50007,"Burlington-South Burlington, VT",15540,2021,292.0025,258.6425,33.360000000000014
3540,Vermont,VT,Franklin,50,50011,47746,,4.820225361098307,Very Low,2021,15540,50011,"Burlington-South Burlington, VT",15540,2021,292.0025,258.6425,33.360000000000014
3541,Vermont,VT,Grand Isle,50,50013,6970,,1.801055436425635,Very Low,2021,15540,50013,"Burlington-South Burlington, VT",15540,2021,292.0025,258.6425,33.360000000000014
3547,Virginia,VA,Albemarle,51,51003,98970,,6.684561886853095,Very Low,2021,16820,51003,"Charlottesville, VA",16820,2021,291.04499999999996,264.46500000000003,26.579999999999927
3548,Virginia,VA,Amelia,51,51007,12690,,6.41308654131493,Very Low,2021,40060,51007,"Richmond, VA",40060,2021,304.10875,266.51,37.598749999999995
3549,Virginia,VA,Amherst,51,51009,32353,,5.369542722752886,Very Low,2021,31340,51009,"Lynchburg, VA",31340,2021,235.54,210.235,25.30499999999998
3550,Virginia,VA,Appomattox,51,51011,14973,,4.071399289729301,Very Low,2021,31340,51011,"Lynchburg, VA",31340,2021,235.54,210.235,25.30499999999998
3552,Virginia,VA,Augusta,51,51015,73750,,7.031776995217309,Very Low,2021,44420,51015,"Staunton-Stuarts Draft, VA",44420,2021,247.875,221.66,26.215000000000003
3553,Virginia,VA,Bedford,51,51019,74898,,5.795146431357857,Very Low,2021,31340,51019,"Lynchburg, VA",31340,2021,235.54,210.235,25.30499999999998
3554,Virginia,VA,Botetourt,51,51023,33148,,3.431272690609291,Very Low,2021,40220,51023,"Roanoke, VA",40220,2021,233.75,207.6225,26.127499999999998
3555,Virginia,VA,Campbell,51,51031,54842,,5.315222164287893,Very Low,2021,31340,51031,"Lynchburg, VA",31340,2021,235.54,210.235,25.30499999999998
3556,Virginia,VA,Charles City,51,51036,7256,,2.971523279104561,Very Low,2021,40060,51036,"Richmond, VA",40060,2021,304.10875,266.51,37.598749999999995
3557,Virginia,VA,Chesterfield,51,51041,316236,,6.741590994616926,Very Low,2021,40060,51041,"Richmond, VA",40060,2021,304.10875,266.51,37.598749999999995
3559,Virginia,VA,Craig,51,51045,5190,,2.489268084771719,Very Low,2021,40220,51045,"Roanoke, VA",40220,2021,233.75,207.6225,26.127499999999998
3561,Virginia,VA,Dinwiddie,51,51053,28001,,7.105924880246992,Very Low,2021,40060,51053,"Richmond, VA",40060,2021,304.10875,266.51,37.598749999999995
3564,Virginia,VA,Floyd,51,51063,15279,,3.577867009089789,Very Low,2021,13980,51063,"Blacksburg-Christiansburg-Radford, VA",13980,2021,254.3525,228.6725,25.67999999999998
3565,Virginia,VA,Fluvanna,51,51065,25691,,4.552939336901447,Very Low,2021,16820,51065,"Charlottesville, VA",16820,2021,291.04499999999996,264.46500000000003,26.579999999999927
3566,Virginia,VA,Franklin,51,51067,56159,,6.502951955131909,Very Low,2021,40220,51067,"Roanoke, VA",40220,2021,233.75,207.6225,26.127499999999998
3568,Virginia,VA,Roanoke,51,51161,92376,,6.678374004748181,Very Low,2021,40220,51161,"Roanoke, VA",40220,2021,233.75,207.6225,26.127499999999998
3569,Virginia,VA,Rockingham,51,51165,76314,,8.408041194594976,Relatively Low,2021,25500,51165,"Harrisonburg, VA",25500,2021,244.26,220.3725,23.88749999999999
3570,Virginia,VA,Scott,51,51169,23177,,6.957812681685009,Very Low,2021,28700,51169,"Kingsport-Bristol, TN-VA",28700,2021,253.70000000000002,221.1325,32.567500000000024
3573,Virginia,VA,Surry,51,51181,7058,,3.947314506643125,Very Low,2021,47260,51181,"Virginia Beach-Chesapeake-Norfolk, VA-NC",47260,2021,291.57916666666665,257.56333333333333,34.01583333333332
3574,Virginia,VA,Sussex,51,51183,12087,,1.321207464214662,Very Low,2021,40060,51183,"Richmond, VA",40060,2021,304.10875,266.51,37.598749999999995
3577,Virginia,VA,Washington,51,51191,54876,,7.043417410754527,Very Low,2021,28700,51191,"Kingsport-Bristol, TN-VA",28700,2021,253.70000000000002,221.1325,32.567500000000024
3578,Virginia,VA,York,51,51199,65464,,4.408543643449467,Very Low,2021,47260,51199,"Virginia Beach-Chesapeake-Norfolk, VA-NC",47260,2021,291.57916666666665,257.56333333333333,34.01583333333332
3580,Virginia,VA,Bristol,51,51520,17835,,6.229105063661857,Very Low,2021,28700,51520,"Kingsport-Bristol, TN-VA",28700,2021,253.70000000000002,221.1325,32.567500000000024
3581,Virginia,VA,Charlottesville,51,51540,43475,,6.371243450683842,Very Low,2021,16820,51540,"Charlottesville, VA",16820,2021,291.04499999999996,264.46500000000003,26.579999999999927
3582,Virginia,VA,Chesapeake,51,51550,222209,,7.118029755843589,Very Low,2021,47260,51550,"Virginia Beach-Chesapeake-Norfolk, VA-NC",47260,2021,291.57916666666665,257.56333333333333,34.01583333333332
3583,Virginia,VA,Colonial Heights,51,51570,17411,,5.525165035422855,Very Low,2021,40060,51570,"Richmond, VA",40060,2021,304.10875,266.51,37.598749999999995
3585,Virginia,VA,Frederick,51,51069,78305,,4.818686620785435,Very Low,2021,49020,51069,"Winchester, VA-WV",49020,2021,261.915,230.2425,31.672500000000014
3586,Virginia,VA,Giles,51,51071,17286,,6.325379302039764,Very Low,2021,13980,51071,"Blacksburg-Christiansburg-Radford, VA",13980,2021,254.3525,228.6725,25.67999999999998
3587,Virginia,VA,Gloucester,51,51073,36858,,7.067344715355797,Very Low,2021,47260,51073,"Virginia Beach-Chesapeake-Norfolk, VA-NC",47260,2021,291.57916666666665,257.56333333333333,34.01583333333332
3588,Virginia,VA,Goochland,51,51075,21717,,1.608290108261368,Very Low,2021,40060,51075,"Richmond, VA",40060,2021,304.10875,266.51,37.598749999999995
3589,Virginia,VA,Greene,51,51079,18403,,4.386107611311466,Very Low,2021,16820,51079,"Charlottesville, VA",16820,2021,291.04499999999996,264.46500000000003,26.579999999999927
3590,Virginia,VA,Hanover,51,51085,99863,,4.547288434609142,Very Low,2021,40060,51085,"Richmond, VA",40060,2021,304.10875,266.51,37.598749999999995
3591,Virginia,VA,Henrico,51,51087,306935,,9.95729571669042,Relatively Low,2021,40060,51087,"Richmond, VA",40060,2021,304.10875,266.51,37.598749999999995
3593,Virginia,VA,Isle of Wight,51,51093,35270,,5.910670736671404,Very Low,2021,47260,51093,"Virginia Beach-Chesapeake-Norfolk, VA-NC",47260,2021,291.57916666666665,257.56333333333333,34.01583333333332
3594,Virginia,VA,James City,51,51095,67009,,7.324474550133229,Very Low,2021,47260,51095,"Virginia Beach-Chesapeake-Norfolk, VA-NC",47260,2021,291.57916666666665,257.56333333333333,34.01583333333332
3595,Virginia,VA,King and Queen,51,51097,6945,,6.168262196696578,Very Low,2021,40060,51097,"Richmond, VA",40060,2021,304.10875,266.51,37.598749999999995
3596,Virginia,VA,King William,51,51101,15935,,3.925757507583061,Very Low,2021,40060,51101,"Richmond, VA",40060,2021,304.10875,266.51,37.598749999999995
3598,Virginia,VA,Mathews,51,51115,8978,,9.321793557060303,Relatively Low,2021,47260,51115,"Virginia Beach-Chesapeake-Norfolk, VA-NC",47260,2021,291.57916666666665,257.56333333333333,34.01583333333332
3599,Virginia,VA,Montgomery,51,51121,94392,,4.332613816510623,Very Low,2021,13980,51121,"Blacksburg-Christiansburg-Radford, VA",13980,2021,254.3525,228.6725,25.67999999999998
3600,Virginia,VA,Nelson,51,51125,15020,,6.734834011684142,Very Low,2021,16820,51125,"Charlottesville, VA",16820,2021,291.04499999999996,264.46500000000003,26.579999999999927
3601,Virginia,VA,New Kent,51,51127,18429,,1.964839247549354,Very Low,2021,40060,51127,"Richmond, VA",40060,2021,304.10875,266.51,37.598749999999995
3604,Virginia,VA,Powhatan,51,51145,28046,,1.732066356595455,Very Low,2021,40060,51145,"Richmond, VA",40060,2021,304.10875,266.51,37.598749999999995
3605,Virginia,VA,Prince George,51,51149,35725,,2.638501168157942,Very Low,2021,40060,51149,"Richmond, VA",40060,2021,304.10875,266.51,37.598749999999995
3607,Virginia,VA,Pulaski,51,51155,34872,,5.621165753275231,Very Low,2021,13980,51155,"Blacksburg-Christiansburg-Radford, VA",13980,2021,254.3525,228.6725,25.67999999999998
3610,Virginia,VA,Hampton,51,51650,137436,,11.472703571251415,Relatively Low,2021,47260,51650,"Virginia Beach-Chesapeake-Norfolk, VA-NC",47260,2021,291.57916666666665,257.56333333333333,34.01583333333332
3612,Virginia,VA,Harrisonburg,51,51660,48914,,8.055908617326166,Very Low,2021,25500,51660,"Harrisonburg, VA",25500,2021,244.26,220.3725,23.88749999999999
3613,Virginia,VA,Hopewell,51,51670,22591,,7.642723243274872,Very Low,2021,40060,51670,"Richmond, VA",40060,2021,304.10875,266.51,37.598749999999995
3614,Virginia,VA,Lynchburg,51,51680,75568,,9.165830042532004,Relatively Low,2021,31340,51680,"Lynchburg, VA",31340,2021,235.54,210.235,25.30499999999998
3618,Virginia,VA,Newport News,51,51700,180719,,12.993055648410609,Relatively Low,2021,47260,51700,"Virginia Beach-Chesapeake-Norfolk, VA-NC",47260,2021,291.57916666666665,257.56333333333333,34.01583333333332
3619,Virginia,VA,Norfolk,51,51710,242803,,13.379217374915289,Relatively Low,2021,47260,51710,"Virginia Beach-Chesapeake-Norfolk, VA-NC",47260,2021,291.57916666666665,257.56333333333333,34.01583333333332
3620,Virginia,VA,Petersburg,51,51730,32420,,9.636444429190428,Relatively Low,2021,40060,51730,"Richmond, VA",40060,2021,304.10875,266.51,37.598749999999995
3621,Virginia,VA,Poquoson,51,51735,12150,,2.917315034724038,Very Low,2021,47260,51735,"Virginia Beach-Chesapeake-Norfolk, VA-NC",47260,2021,291.57916666666665,257.56333333333333,34.01583333333332
3622,Virginia,VA,Portsmouth,51,51740,95535,,10.024766457594854,Relatively Low,2021,47260,51740,"Virginia Beach-Chesapeake-Norfolk, VA-NC",47260,2021,291.57916666666665,257.56333333333333,34.01583333333332
3623,Virginia,VA,Radford,51,51750,16408,,3.960406811344869,Very Low,2021,13980,51750,"Blacksburg-Christiansburg-Radford, VA",13980,2021,254.3525,228.6725,25.67999999999998
3624,Virginia,VA,Richmond,51,51760,204214,,13.446737722707004,Relatively Moderate,2021,40060,51760,"Richmond, VA",40060,2021,304.10875,266.51,37.598749999999995
3625,Virginia,VA,Roanoke,51,51770,97032,,10.189323348352245,Relatively Low,2021,40220,51770,"Roanoke, VA",40220,2021,233.75,207.6225,26.127499999999998
3626,Virginia,VA,Salem,51,51775,24802,,5.63273572892783,Very Low,2021,40220,51775,"Roanoke, VA",40220,2021,233.75,207.6225,26.127499999999998
3627,Virginia,VA,Staunton,51,51790,23746,,8.121857137092139,Relatively Low,2021,44420,51790,"Staunton-Stuarts Draft, VA",44420,2021,247.875,221.66,26.215000000000003
3628,Virginia,VA,Suffolk,51,51800,84585,,8.000745589884849,Very Low,2021,47260,51800,"Virginia Beach-Chesapeake-Norfolk, VA-NC",47260,2021,291.57916666666665,257.56333333333333,34.01583333333332
3629,Virginia,VA,Virginia Beach,51,51810,437994,,9.6775362597994,Relatively Low,2021,47260,51810,"Virginia Beach-Chesapeake-Norfolk, VA-NC",47260,2021,291.57916666666665,257.56333333333333,34.01583333333332
3630,Virginia,VA,Waynesboro,51,51820,21006,,7.305304816460844,Very Low,2021,44420,51820,"Staunton-Stuarts Draft, VA",44420,2021,247.875,221.66,26.215000000000003
3631,Virginia,VA,Williamsburg,51,51830,14068,,5.944458640657905,Very Low,2021,47260,51830,"Virginia Beach-Chesapeake-Norfolk, VA-NC",47260,2021,291.57916666666665,257.56333333333333,34.01583333333332
3633,Washington,WA,Asotin,53,53003,21623,,5.86957242055928,Very Low,2021,30300,53003,"Lewiston, ID-WA",30300,2021,309.595,258.02250000000004,51.57249999999999
3634,Washington,WA,Benton,53,53005,175177,,8.29559646895987,Relatively Low,2021,28420,53005,"Kennewick-Richland, WA",28420,2021,295.1075,255.07,40.03750000000002
3635,Virginia,VA,Winchester,51,51840,26203,,7.216564849151334,Very Low,2021,49020,51840,"Winchester, VA-WV",49020,2021,261.915,230.2425,31.672500000000014
3636,Washington,WA,Chelan,53,53007,72453,,14.369838542252904,Relatively Moderate,2021,48300,53007,"Wenatchee-East Wenatchee, WA",48300,2021,332.95000000000005,285.22249999999997,47.72750000000008
3638,Washington,WA,Clark,53,53011,425363,,18.64685831758569,Relatively Moderate,2021,38900,53011,"Portland-Vancouver-Hillsboro, OR-WA",38900,2021,516.5475,445.7375,70.81
3639,Washington,WA,Cowlitz,53,53015,102410,,21.501434985107995,Relatively Moderate,2021,31020,53015,"Longview-Kelso, WA",31020,2021,326.2475,276.005,50.24250000000001
3640,Washington,WA,Douglas,53,53017,38431,,8.879231498722673,Relatively Low,2021,48300,53017,"Wenatchee-East Wenatchee, WA",48300,2021,332.95000000000005,285.22249999999997,47.72750000000008
3641,Washington,WA,Franklin,53,53021,78163,,10.347971597614746,Relatively Low,2021,28420,53021,"Kennewick-Richland, WA",28420,2021,295.1075,255.07,40.03750000000002
3647,Washington,WA,Kitsap,53,53035,251133,,15.304091303909129,Relatively Moderate,2021,14740,53035,"Bremerton-Silverdale-Port Orchard, WA",14740,2021,367.4425,313.52,53.922500000000014
3652,Washington,WA,Skagit,53,53057,116901,,21.753417168740135,Relatively Moderate,2021,34580,53057,"Mount Vernon-Anacortes, WA",34580,2021,346.4,295.645,50.754999999999995
3653,Washington,WA,Skamania,53,53059,11066,,4.159886924389139,Very Low,2021,38900,53059,"Portland-Vancouver-Hillsboro, OR-WA",38900,2021,516.5475,445.7375,70.81
3655,Washington,WA,Spokane,53,53063,471221,,11.898868598083514,Relatively Low,2021,44060,53063,"Spokane-Spokane Valley, WA",44060,2021,335.765,273.97,61.79499999999996
3656,Washington,WA,Stevens,53,53065,43531,,7.450525548318979,Very Low,2021,44060,53065,"Spokane-Spokane Valley, WA",44060,2021,335.765,273.97,61.79499999999996
3657,Washington,WA,Thurston,53,53067,252264,,18.138349661272137,Relatively Moderate,2021,36500,53067,"Olympia-Lacey-Tumwater, WA",36500,2021,328.195,275.57,52.625
3658,Washington,WA,Walla Walla,53,53071,58781,,8.101053950338677,Relatively Low,2021,47460,53071,"Walla Walla, WA",47460,2021,334.59749999999997,280.58,54.017499999999984
3659,Washington,WA,Whatcom,53,53073,201140,,17.711659225363245,Relatively Moderate,2021,13380,53073,"Bellingham, WA",13380,2021,375.2175,319.5,55.71749999999997
3661,Washington,WA,Yakima,53,53077,243231,,24.817331179917907,Relatively High,2021,49420,53077,"Yakima, WA",49420,2021,277.2125,239.845,37.36749999999998
3662,West Virginia,WV,Berkeley,54,54003,104169,,6.90294824639051,Very Low,2021,25180,54003,"Hagerstown-Martinsburg, MD-WV",25180,2021,235.945,207.095,28.849999999999994
3663,West Virginia,WV,Boone,54,54005,24629,,7.219761274415356,Very Low,2021,16620,54005,"Charleston, WV",16620,2021,187.1175,171.6,15.517500000000013
3664,West Virginia,WV,Brooke,54,54009,24069,,10.384400581916791,Relatively Low,2021,48260,54009,"Weirton-Steubenville, WV-OH",48260,2021,227.03,205.325,21.705000000000013
3665,West Virginia,WV,Cabell,54,54011,96319,,11.164558687699955,Relatively Low,2021,26580,54011,"Huntington-Ashland, WV-KY-OH",26580,2021,201.7675,186.46,15.307500000000005
3666,West Virginia,WV,Clay,54,54015,9386,,6.103904405369934,Very Low,2021,16620,54015,"Charleston, WV",16620,2021,187.1175,171.6,15.517500000000013
3668,West Virginia,WV,Fayette,54,54019,46039,,9.445592812047131,Relatively Low,2021,13220,54019,"Beckley, WV",13220,2021,222.4425,202.225,20.2175
3669,West Virginia,WV,Hampshire,54,54027,23964,,7.677095969830236,Very Low,2021,49020,54027,"Winchester, VA-WV",49020,2021,261.915,230.2425,31.672500000000014
3670,West Virginia,WV,Hancock,54,54029,30676,,6.853396424999347,Very Low,2021,48260,54029,"Weirton-Steubenville, WV-OH",48260,2021,227.03,205.325,21.705000000000013
3673,West Virginia,WV,Kanawha,54,54039,193063,,14.590457209906512,Relatively Moderate,2021,16620,54039,"Charleston, WV",16620,2021,187.1175,171.6,15.517500000000013
3675,West Virginia,WV,Marshall,54,54051,33107,,8.071431356733937,Very Low,2021,48540,54051,"Wheeling, WV-OH",48540,2021,217.9525,204.4375,13.514999999999986
3678,West Virginia,WV,Monongalia,54,54061,96189,,4.410138965449474,Very Low,2021,34060,54061,"Morgantown, WV",34060,2021,239.0175,221.9475,17.07000000000002
3679,West Virginia,WV,Morgan,54,54065,17541,,5.96037124270584,Very Low,2021,25180,54065,"Hagerstown-Martinsburg, MD-WV",25180,2021,235.945,207.095,28.849999999999994
3680,West Virginia,WV,Ohio,54,54069,44443,,13.029813883311988,Relatively Low,2021,48540,54069,"Wheeling, WV-OH",48540,2021,217.9525,204.4375,13.514999999999986
3681,West Virginia,WV,Preston,54,54077,33520,,4.882088665808114,Very Low,2021,34060,54077,"Morgantown, WV",34060,2021,239.0175,221.9475,17.07000000000002
3682,West Virginia,WV,Putnam,54,54079,55486,,4.824974407454927,Very Low,2021,26580,54079,"Huntington-Ashland, WV-KY-OH",26580,2021,201.7675,186.46,15.307500000000005
3683,West Virginia,WV,Raleigh,54,54081,78859,,10.915491228758984,Relatively Low,2021,13220,54081,"Beckley, WV",13220,2021,222.4425,202.225,20.2175
3686,West Virginia,WV,Wayne,54,54099,42481,,10.001092203589138,Relatively Low,2021,26580,54099,"Huntington-Ashland, WV-KY-OH",26580,2021,201.7675,186.46,15.307500000000005
3687,West Virginia,WV,Wirt,54,54105,5717,,3.562447074369049,Very Low,2021,37620,54105,"Parkersburg-Vienna, WV",37620,2021,209.2025,192.99,16.212499999999977
3688,West Virginia,WV,Wood,54,54107,86956,,8.375344807453537,Relatively Low,2021,37620,54107,"Parkersburg-Vienna, WV",37620,2021,209.2025,192.99,16.212499999999977
3690,Wisconsin,WI,Brown,55,55009,248007,,8.6655444778528,Relatively Low,2021,24580,55009,"Green Bay, WI",24580,2021,220.8375,196.51999999999998,24.317500000000024
3691,Wisconsin,WI,Calumet,55,55015,48971,,3.817438887336798,Very Low,2021,11540,55015,"Appleton, WI",11540,2021,221.6825,198.5025,23.180000000000007
3692,Wisconsin,WI,Chippewa,55,55017,62415,,5.552496034734037,Very Low,2021,20740,55017,"Eau Claire, WI",20740,2021,287.33500000000004,253.7475,33.587500000000034
3693,Wisconsin,WI,Columbia,55,55021,56833,,7.348132996932687,Very Low,2021,31540,55021,"Madison, WI",31540,2021,255.9025,230.63,25.272500000000008
3694,Wisconsin,WI,Dane,55,55025,488073,,11.192440546464988,Relatively Low,2021,31540,55025,"Madison, WI",31540,2021,255.9025,230.63,25.272500000000008
3697,Wisconsin,WI,Eau Claire,55,55035,98736,,7.780949262200384,Very Low,2021,20740,55035,"Eau Claire, WI",20740,2021,287.33500000000004,253.7475,33.587500000000034
3699,Wisconsin,WI,Fond du Lac,55,55039,101633,,8.533920574987711,Relatively Low,2021,22540,55039,"Fond du Lac, WI",22540,2021,209.825,188.8125,21.01249999999999
3700,Wisconsin,WI,Douglas,55,55031,44159,,7.854813647109286,Very Low,2021,20260,55031,"Duluth, MN-WI",20260,2021,310.0325,275.395,34.637500000000045
3702,Wisconsin,WI,Green,55,55045,36842,,6.498831732053892,Very Low,2021,31540,55045,"Madison, WI",31540,2021,255.9025,230.63,25.272500000000008
3703,Wisconsin,WI,Iowa,55,55049,23687,,5.652705740372739,Very Low,2021,31540,55049,"Madison, WI",31540,2021,255.9025,230.63,25.272500000000008
3705,Wisconsin,WI,Kenosha,55,55059,166426,,9.213121024890087,Relatively Low,2021,28450,55059,"Kenosha, WI",28450,2021,226.4125,203.085,23.327499999999986
3706,Wisconsin,WI,Kewaunee,55,55061,20574,,3.595637636544863,Very Low,2021,24580,55061,"Green Bay, WI",24580,2021,220.8375,196.51999999999998,24.317500000000024
3707,Wisconsin,WI,La Crosse,55,55063,114638,,9.2124459249491,Relatively Low,2021,29100,55063,"La Crosse-Onalaska, WI-MN",29100,2021,276.08500000000004,249.9825,26.10250000000005
3709,Wisconsin,WI,Marathon,55,55073,134063,,6.445792144595496,Very Low,2021,48140,55073,"Wausau, WI",48140,2021,214.185,194.4525,19.732500000000016
3712,Wisconsin,WI,Milwaukee,55,55079,947735,,23.38391879070518,Relatively High,2021,33340,55079,"Milwaukee-Waukesha, WI",33340,2021,288.565,256.51,32.05500000000001
3714,Wisconsin,WI,Oconto,55,55083,37660,,4.828352479856081,Very Low,2021,24580,55083,"Green Bay, WI",24580,2021,220.8375,196.51999999999998,24.317500000000024
3715,Wisconsin,WI,Outagamie,55,55087,176695,,6.654219196125307,Very Low,2021,11540,55087,"Appleton, WI",11540,2021,221.6825,198.5025,23.180000000000007
3716,Wisconsin,WI,Ozaukee,55,55089,86395,,4.53238672080687,Very Low,2021,33340,55089,"Milwaukee-Waukesha, WI",33340,2021,288.565,256.51,32.05500000000001
3717,Wisconsin,WI,Pierce,55,55093,41019,,7.643033264701282,Very Low,2021,33460,55093,"Minneapolis-St. Paul-Bloomington, MN-WI",33460,2021,339.6358333333333,304.05,35.58583333333331
3719,Wisconsin,WI,Racine,55,55101,195408,,9.36178043199469,Relatively Low,2021,39540,55101,"Racine-Mount Pleasant, WI",39540,2021,224.32,201.415,22.905
3720,Wisconsin,WI,Rock,55,55105,160331,,11.829624491862225,Relatively Low,2021,27500,55105,"Janesville-Beloit, WI",27500,2021,232.3225,204.6675,27.655
3721,Wisconsin,WI,St. Croix,55,55109,84345,,5.886495324645593,Very Low,2021,33460,55109,"Minneapolis-St. Paul-Bloomington, MN-WI",33460,2021,339.6358333333333,304.05,35.58583333333331
3724,Wisconsin,WI,Sheboygan,55,55117,115507,,8.519132834913655,Relatively Low,2021,43100,55117,"Sheboygan, WI",43100,2021,223.8675,200.385,23.482500000000016
3725,Wisconsin,WI,Vernon,55,55123,29773,,9.873710436661169,Relatively Low,2021,29100,55123,"La Crosse-Onalaska, WI-MN",29100,2021,276.08500000000004,249.9825,26.10250000000005
3727,Wisconsin,WI,Washington,55,55131,131887,,6.033791538321634,Very Low,2021,33340,55131,"Milwaukee-Waukesha, WI",33340,2021,288.565,256.51,32.05500000000001
3728,Wisconsin,WI,Waukesha,55,55133,389891,,7.279196202716408,Very Low,2021,33340,55133,"Milwaukee-Waukesha, WI",33340,2021,288.565,256.51,32.05500000000001
3729,Wisconsin,WI,Winnebago,55,55139,166994,,10.09420017974,Relatively Low,2021,36780,55139,"Oshkosh-Neenah, WI",36780,2021,220.495,196.78,23.715000000000003
3734,Wyoming,WY,Laramie,56,56021,91738,,11.305816443380834,Relatively Low,2021,16940,56021,"Cheyenne, WY",16940,2021,311.595,276.9925,34.60250000000002
3735,Wyoming,WY,Natrona,56,56025,75450,,6.467428785518289,Very Low,2021,16220,56025,"Casper, WY",16220,2021,320.1825,296.5825,23.600000000000023
3741,Kentucky,KY,Kenton,21,21117,159720,,16.04042910006685,Relatively Moderate,2020,17140,21117,"Cincinnati, OH-KY-IN",17140,2020,216.89916666666667,200.53416666666666,16.36500000000001
3743,Kentucky,KY,Larue,21,21123,14193,,5.970874904970209,Very Low,2020,21060,21123,"Elizabethtown, KY",21060,2020,211.4525,201.825,9.627499999999998
3745,Kentucky,KY,Lawrence,21,21127,15860,,8.734211147075662,Very Low,2020,26580,21127,"Huntington-Ashland, WV-KY-OH",26580,2020,186.46,178.1625,8.297500000000014
3747,Kentucky,KY,Livingston,21,21139,9519,,11.187335138577907,Relatively Low,2020,37140,21139,"Paducah, KY-IL",37140,2020,185.7475,179.79250000000002,5.954999999999984
3748,Kentucky,KY,McCracken,21,21145,65565,,21.240678041456516,Relatively Moderate,2020,37140,21145,"Paducah, KY-IL",37140,2020,185.7475,179.79250000000002,5.954999999999984
3749,Kentucky,KY,McLean,21,21149,9531,,8.83132191178907,Very Low,2020,36980,21149,"Owensboro, KY",36980,2020,205.2,194.595,10.60499999999999
3751,Kentucky,KY,Meade,21,21163,28602,,5.75407132114537,Very Low,2020,31140,21163,"Louisville/Jefferson County, KY-IN",31140,2020,251.27375,235.62375,15.650000000000006
3755,Kentucky,KY,Nelson,21,21179,43437,,9.550370264848176,Relatively Low,2020,31140,21179,"Louisville/Jefferson County, KY-IN",31140,2020,251.27375,235.62375,15.650000000000006
3756,Kentucky,KY,Oldham,21,21185,60316,,1.943999738680925,Very Low,2020,31140,21185,"Louisville/Jefferson County, KY-IN",31140,2020,251.27375,235.62375,15.650000000000006
3757,Kentucky,KY,Pendleton,21,21191,14877,,6.838407023326197,Very Low,2020,17140,21191,"Cincinnati, OH-KY-IN",17140,2020,216.89916666666667,200.53416666666666,16.36500000000001
3761,Kentucky,KY,Scott,21,21209,47173,,6.33854606053301,Very Low,2020,30460,21209,"Lexington-Fayette, KY",30460,2020,222.315,211.765,10.550000000000011
3762,Kentucky,KY,Shelby,21,21211,42074,,7.340116697935675,Very Low,2020,31140,21211,"Louisville/Jefferson County, KY-IN",31140,2020,251.27375,235.62375,15.650000000000006
3764,Kentucky,KY,Spencer,21,21215,17061,,3.724782583690386,Very Low,2020,31140,21215,"Louisville/Jefferson County, KY-IN",31140,2020,251.27375,235.62375,15.650000000000006
3766,Kentucky,KY,Trigg,21,21221,14339,,12.078299472661003,Relatively Low,2020,17300,21221,"Clarksville, TN-KY",17300,2020,224.39249999999998,207.5225,16.869999999999976
3767,Kentucky,KY,Warren,21,21227,113792,,12.635440164834538,Relatively Low,2020,14540,21227,"Bowling Green, KY",14540,2020,199.6525,193.1525,6.5
3770,Kentucky,KY,Woodford,21,21239,24939,,6.33259965196044,Very Low,2020,30460,21239,"Lexington-Fayette, KY",30460,2020,222.315,211.765,10.550000000000011
3771,Louisiana,LA,Acadia,22,22001,61773,,18.548065147459177,Relatively Moderate,2020,29180,22001,"Lafayette, LA",29180,2020,227.14,220.2525,6.887499999999989
3772,Louisiana,LA,Ascension,22,22005,107215,,10.972384991540796,Relatively Low,2020,12940,22005,"Baton Rouge, LA",12940,2020,257.79375,249.5275,8.266249999999985
3773,Louisiana,LA,Assumption,22,22007,23421,,14.32724186417812,Relatively Low,2020,12940,22007,"Baton Rouge, LA",12940,2020,257.79375,249.5275,8.266249999999985
3775,Louisiana,LA,Bossier,22,22015,116979,,13.71743317054828,Relatively Low,2020,43340,22015,"Shreveport-Bossier City, LA",43340,2020,200.025,192.7625,7.262500000000017
3776,Louisiana,LA,Caddo,22,22017,254969,,20.552910112410594,Relatively Moderate,2020,43340,22017,"Shreveport-Bossier City, LA",43340,2020,200.025,192.7625,7.262500000000017
3777,Louisiana,LA,Calcasieu,22,22019,192768,,16.509994431213958,Relatively Moderate,2020,29340,22019,"Lake Charles, LA",29340,2020,236.41,231.38,5.030000000000001
3778,Louisiana,LA,Cameron,22,22023,6839,,4.172928653507616,Very Low,2020,29340,22023,"Lake Charles, LA",29340,2020,236.41,231.38,5.030000000000001
3780,Louisiana,LA,De Soto,22,22031,26656,,12.322580831855284,Relatively Low,2020,43340,22031,"Shreveport-Bossier City, LA",43340,2020,200.025,192.7625,7.262500000000017
3781,Louisiana,LA,East Baton Rouge,22,22033,440171,,28.494714887770005,Relatively High,2020,12940,22033,"Baton Rouge, LA",12940,2020,257.79375,249.5275,8.266249999999985
3782,Louisiana,LA,East Feliciana,22,22037,20267,,12.630721139801636,Relatively Low,2020,12940,22037,"Baton Rouge, LA",12940,2020,257.79375,249.5275,8.266249999999985
3783,Louisiana,LA,Grant,22,22043,22309,,5.901015909459894,Very Low,2020,10780,22043,"Alexandria, LA",10780,2020,218.235,212.03,6.2050000000000125
3785,Louisiana,LA,Iberville,22,22047,33387,,14.947926267143435,Relatively Moderate,2020,12940,22047,"Baton Rouge, LA",12940,2020,257.79375,249.5275,8.266249999999985
3786,Louisiana,LA,Jefferson,22,22051,432552,,27.176483880859852,Relatively High,2020,35380,22051,"New Orleans-Metairie, LA",35380,2020,317.2875,300.25875,17.028750000000002
3787,Louisiana,LA,Jefferson Davis,22,22053,31594,,14.335028951020576,Relatively Low,2020,29340,22053,"Lake Charles, LA",29340,2020,236.41,231.38,5.030000000000001
3788,Louisiana,LA,Lafayette,22,22055,221578,,19.94573277198784,Relatively Moderate,2020,29180,22055,"Lafayette, LA",29180,2020,227.14,220.2525,6.887499999999989
3789,Louisiana,LA,Lafourche,22,22057,96318,,17.33795275596803,Relatively Moderate,2020,26380,22057,"Houma-Bayou Cane-Thibodaux, LA",26380,2020,249.4375,241.95499999999998,7.482500000000016
3791,Louisiana,LA,Livingston,22,22063,128026,,11.895148189439572,Relatively Low,2020,12940,22063,"Baton Rouge, LA",12940,2020,257.79375,249.5275,8.266249999999985
3792,Louisiana,LA,Morehouse,22,22067,27979,,11.683532335901957,Relatively Low,2020,33740,22067,"Monroe, LA",33740,2020,216.27,210.765,5.505000000000024
3794,Louisiana,LA,Orleans,22,22071,343829,,37.010289417734285,Relatively High,2020,35380,22071,"New Orleans-Metairie, LA",35380,2020,317.2875,300.25875,17.028750000000002
3795,Louisiana,LA,Ouachita,22,22073,153720,,16.158898386099988,Relatively Moderate,2020,33740,22073,"Monroe, LA",33740,2020,216.27,210.765,5.505000000000024
3796,Louisiana,LA,Plaquemines,22,22075,23042,,8.454626552299546,Very Low,2020,35380,22075,"New Orleans-Metairie, LA",35380,2020,317.2875,300.25875,17.028750000000002
3797,Louisiana,LA,Pointe Coupee,22,22077,22802,,16.09072159771371,Relatively Moderate,2020,12940,22077,"Baton Rouge, LA",12940,2020,257.79375,249.5275,8.266249999999985
3798,Louisiana,LA,Rapides,22,22079,131613,,15.354009441898407,Relatively Moderate,2020,10780,22079,"Alexandria, LA",10780,2020,218.235,212.03,6.2050000000000125
3799,Louisiana,LA,Richland,22,22083,20725,,11.2628784363147,Relatively Low,2020,33740,22083,"Monroe, LA",33740,2020,216.27,210.765,5.505000000000024
3800,Louisiana,LA,St. Bernard,22,22087,35897,,13.65417371923162,Relatively Low,2020,35380,22087,"New Orleans-Metairie, LA",35380,2020,317.2875,300.25875,17.028750000000002
3801,Louisiana,LA,St. Charles,22,22089,52780,,10.099447279452066,Relatively Low,2020,35380,22089,"New Orleans-Metairie, LA",35380,2020,317.2875,300.25875,17.028750000000002
3802,Louisiana,LA,St. Helena,22,22091,11203,,13.893598639414323,Relatively Low,2020,12940,22091,"Baton Rouge, LA",12940,2020,257.79375,249.5275,8.266249999999985
3803,Louisiana,LA,St. James,22,22093,22102,,14.53259929165522,Relatively Low,2020,35380,22093,"New Orleans-Metairie, LA",35380,2020,317.2875,300.25875,17.028750000000002
3804,Louisiana,LA,St. John the Baptist,22,22095,45924,,12.923882721549328,Relatively Low,2020,35380,22095,"New Orleans-Metairie, LA",35380,2020,317.2875,300.25875,17.028750000000002
3806,Louisiana,LA,St. Martin,22,22099,52160,,14.531148826679766,Relatively Low,2020,29180,22099,"Lafayette, LA",29180,2020,227.14,220.2525,6.887499999999989
3808,Louisiana,LA,St. Tammany,22,22103,233740,,18.210953170290775,Relatively Moderate,2020,43640,22103,"Slidell-Mandeville-Covington, LA",43640,2020,212.9525,205.0525,7.899999999999977
3809,Louisiana,LA,Tangipahoa,22,22105,121097,,18.77960884781147,Relatively Moderate,2020,25220,22105,"Hammond, LA",25220,2020,224.4075,217.065,7.342500000000001
3810,Louisiana,LA,Terrebonne,22,22109,111860,,12.134936045183329,Relatively Low,2020,26380,22109,"Houma-Bayou Cane-Thibodaux, LA",26380,2020,249.4375,241.95499999999998,7.482500000000016
3811,Louisiana,LA,Union,22,22111,22721,,9.799211446364607,Relatively Low,2020,33740,22111,"Monroe, LA",33740,2020,216.27,210.765,5.505000000000024
3812,Louisiana,LA,Vermilion,22,22113,57999,,14.200231317206152,Relatively Low,2020,29180,22113,"Lafayette, LA",29180,2020,227.14,220.2525,6.887499999999989
3815,Louisiana,LA,West Baton Rouge,22,22121,23788,,11.534633459604413,Relatively Low,2020,12940,22121,"Baton Rouge, LA",12940,2020,257.79375,249.5275,8.266249999999985
3816,Louisiana,LA,West Feliciana,22,22125,15625,,1.067545729990772,Very Low,2020,12940,22125,"Baton Rouge, LA",12940,2020,257.79375,249.5275,8.266249999999985
3817,Maine,ME,Androscoggin,23,23001,107702,,10.255033277458043,Relatively Low,2020,30340,23001,"Lewiston-Auburn, ME",30340,2020,228.1875,213.7,14.487500000000011
3818,Maine,ME,Cumberland,23,23005,281674,,11.884354611777564,Relatively Low,2020,38860,23005,"Portland-South Portland, ME",38860,2020,292.3825,274.7525,17.629999999999995
3820,Maine,ME,Penobscot,23,23019,153923,,10.66315832979576,Relatively Low,2020,12620,23019,"Bangor, ME",12620,2020,215.7025,201.82,13.882499999999993
3821,Maine,ME,Sagadahoc,23,23023,35293,,6.286904095106637,Very Low,2020,38860,23023,"Portland-South Portland, ME",38860,2020,292.3825,274.7525,17.629999999999995
3822,Maine,ME,York,23,23031,197131,,12.35102824830092,Relatively Low,2020,38860,23031,"Portland-South Portland, ME",38860,2020,292.3825,274.7525,17.629999999999995
3824,Maryland,MD,Anne Arundel,24,24003,537656,,6.073784852750918,Very Low,2020,12580,24003,"Baltimore-Columbia-Towson, MD",12580,2020,250.15083333333334,236.19916666666666,13.951666666666682
3825,Maryland,MD,Baltimore,24,24005,805029,,11.285088026632444,Relatively Low,2020,12580,24005,"Baltimore-Columbia-Towson, MD",12580,2020,250.15083333333334,236.19916666666666,13.951666666666682
3826,Maryland,MD,Calvert,24,24009,88737,,3.495633193428558,Very Low,2020,30500,24009,"Lexington Park, MD",30500,2020,223.175,212.5475,10.627499999999998
3827,Maryland,MD,Carroll,24,24013,167134,,5.135924068676112,Very Low,2020,12580,24013,"Baltimore-Columbia-Towson, MD",12580,2020,250.15083333333334,236.19916666666666,13.951666666666682
3832,Maryland,MD,Harford,24,24025,244826,,5.802626360224949,Very Low,2020,12580,24025,"Baltimore-Columbia-Towson, MD",12580,2020,250.15083333333334,236.19916666666666,13.951666666666682
3833,Maryland,MD,Howard,24,24027,287085,,1.143495344238985,Very Low,2020,12580,24027,"Baltimore-Columbia-Towson, MD",12580,2020,250.15083333333334,236.19916666666666,13.951666666666682
3836,Maryland,MD,Queen Anne's,24,24035,47798,,6.197866350449779,Very Low,2020,12580,24035,"Baltimore-Columbia-Towson, MD",12580,2020,250.15083333333334,236.19916666666666,13.951666666666682
3837,Maryland,MD,St. Mary's,24,24037,105151,,3.9303883053217,Very Low,2020,30500,24037,"Lexington Park, MD",30500,2020,223.175,212.5475,10.627499999999998
3838,Maryland,MD,Somerset,24,24039,26470,,9.727268909735002,Relatively Low,2020,41540,24039,"Salisbury, MD",41540,2020,198.70499999999998,185.3625,13.342499999999973
3840,Maryland,MD,Washington,24,24043,147430,,8.624604585607115,Very Low,2020,25180,24043,"Hagerstown-Martinsburg, MD-WV",25180,2020,207.095,197.4525,9.642500000000013
3841,Maryland,MD,Wicomico,24,24045,98733,,10.97874151770366,Relatively Low,2020,41540,24045,"Salisbury, MD",41540,2020,198.70499999999998,185.3625,13.342499999999973
3843,Maryland,MD,Baltimore,24,24510,620961,,28.07686709553572,Relatively High,2020,12580,24510,"Baltimore-Columbia-Towson, MD",12580,2020,250.15083333333334,236.19916666666666,13.951666666666682
3844,Massachusetts,MA,Barnstable,25,25001,215888,,9.535948930009695,Relatively Low,2020,12700,25001,"Barnstable Town, MA",12700,2020,334.065,317.67,16.394999999999982
3845,Massachusetts,MA,Berkshire,25,25003,131219,,8.947094633044358,Very Low,2020,38340,25003,"Pittsfield, MA",38340,2020,234.48,223.8975,10.582499999999982
3846,Massachusetts,MA,Bristol,25,25005,548285,,12.9202741665382,Relatively Low,2020,39300,25005,"Providence-Warwick, RI-MA",39300,2020,272.00416666666666,252.3475,19.656666666666666
3850,Massachusetts,MA,Hampden,25,25013,463490,,18.16273920439749,Relatively Moderate,2020,44140,25013,"Springfield, MA",44140,2020,222.91750000000002,209.935,12.982500000000016
3851,Massachusetts,MA,Hampshire,25,25015,158080,,9.722315816790529,Relatively Low,2020,11200,25015,"Amherst Town-Northampton, MA",11200,2020,237.5875,226.5575,11.030000000000001
3857,Massachusetts,MA,Worcester,25,25027,798552,,12.022587543282874,Relatively Low,2020,49340,25027,"Worcester, MA",49340,2020,261.8825,243.87125,18.01124999999999
3860,Michigan,MI,Barry,26,26015,59173,,5.80173723965551,Very Low,2020,24340,26015,"Grand Rapids-Wyoming-Kentwood, MI",24340,2020,257.50875,238.61625,18.892500000000013
3861,Michigan,MI,Bay,26,26017,107771,,14.211196862957312,Relatively Low,2020,13020,26017,"Bay City, MI",13020,2020,172.6525,163.0625,9.590000000000003
3862,Michigan,MI,Benzie,26,26019,17525,,7.624084909994828,Very Low,2020,45900,26019,"Traverse City, MI",45900,2020,262.68,249.375,13.305000000000007
3863,Michigan,MI,Berrien,26,26021,156813,,13.109443116029334,Relatively Low,2020,35660,26021,"Niles, MI",35660,2020,215.62,203.81,11.810000000000002
3865,Michigan,MI,Calhoun,26,26025,136146,,13.586020310649657,Relatively Low,2020,12980,26025,"Battle Creek, MI",12980,2020,191.8275,181.315,10.512499999999989
3866,Michigan,MI,Cass,26,26027,52293,,8.265114814842002,Very Low,2020,43780,26027,"South Bend-Mishawaka, IN-MI",43780,2020,197.4975,186.46,11.037499999999994
3868,Michigan,MI,Clinton,26,26037,75382,,7.848643056572074,Very Low,2020,29620,26037,"Lansing-East Lansing, MI",29620,2020,186.35750000000002,177.0875,9.27000000000001
3871,Michigan,MI,Eaton,26,26045,107759,,8.985338802153697,Relatively Low,2020,29620,26045,"Lansing-East Lansing, MI",29620,2020,186.35750000000002,177.0875,9.27000000000001
3873,Michigan,MI,Genesee,26,26049,425790,,14.479566197958848,Relatively Low,2020,22420,26049,"Flint, MI",22420,2020,177.3225,167.8075,9.514999999999986
3874,Michigan,MI,Grand Traverse,26,26055,86986,,11.086885764713204,Relatively Low,2020,45900,26055,"Traverse City, MI",45900,2020,262.68,249.375,13.305000000000007
3878,Michigan,MI,Ingham,26,26065,280895,,13.25130544315678,Relatively Low,2020,29620,26065,"Lansing-East Lansing, MI",29620,2020,186.35750000000002,177.0875,9.27000000000001
3879,Michigan,MI,Ionia,26,26067,63905,,6.592561742961448,Very Low,2020,24340,26067,"Grand Rapids-Wyoming-Kentwood, MI",24340,2020,257.50875,238.61625,18.892500000000013
3881,Michigan,MI,Jackson,26,26075,160248,,9.100118154883464,Relatively Low,2020,27100,26075,"Jackson, MI",27100,2020,199.74,189.4175,10.32250000000002
3882,Michigan,MI,Kalamazoo,26,26077,250331,,14.977707565760957,Relatively Moderate,2020,28020,26077,"Kalamazoo-Portage, MI",28020,2020,201.02,191.085,9.935000000000002
3883,Michigan,MI,Kalkaska,26,26079,17153,,8.122540234743372,Very Low,2020,45900,26079,"Traverse City, MI",45900,2020,262.68,249.375,13.305000000000007
3884,Michigan,MI,Kent,26,26081,602622,,19.119154379657974,Relatively Moderate,2020,24340,26081,"Grand Rapids-Wyoming-Kentwood, MI",24340,2020,257.50875,238.61625,18.892500000000013
3887,Michigan,MI,Leelanau,26,26089,21708,,7.051062782187274,Very Low,2020,45900,26089,"Traverse City, MI",45900,2020,262.68,249.375,13.305000000000007
3895,Michigan,MI,Midland,26,26111,83629,,8.67958769259187,Very Low,2020,33220,26111,"Midland, MI",33220,2020,168.89499999999998,161.5,7.394999999999982
3897,Michigan,MI,Monroe,26,26115,152021,,10.390750526486244,Relatively Low,2020,33780,26115,"Monroe, MI",33780,2020,184.16,175.345,8.814999999999998
3898,Michigan,MI,Montcalm,26,26117,63342,,10.194015396281246,Relatively Low,2020,24340,26117,"Grand Rapids-Wyoming-Kentwood, MI",24340,2020,257.50875,238.61625,18.892500000000013
3899,Michigan,MI,Muskegon,26,26121,172188,,11.939361938810272,Relatively Low,2020,34740,26121,"Muskegon-Norton Shores, MI",34740,2020,217.66500000000002,204.065,13.600000000000023
3901,Michigan,MI,Ottawa,26,26139,263801,,11.032852176209508,Relatively Low,2020,24340,26139,"Grand Rapids-Wyoming-Kentwood, MI",24340,2020,257.50875,238.61625,18.892500000000013
3902,Michigan,MI,Saginaw,26,26145,200169,,14.213366130467993,Relatively Low,2020,40980,26145,"Saginaw, MI",40980,2020,164.085,156.32999999999998,7.755000000000024
3906,Michigan,MI,Washtenaw,26,26161,344791,,7.9847951799613,Very Low,2020,11460,26161,"Ann Arbor, MI",11460,2020,224.45499999999998,217.42000000000002,7.034999999999968
3909,Minnesota,MN,Anoka,27,27003,330844,,9.12808150053629,Relatively Low,2020,33460,27003,"Minneapolis-St. Paul-Bloomington, MN-WI",33460,2020,304.05,285.6516666666667,18.398333333333312
3912,Minnesota,MN,Benton,27,27009,38451,,8.99826705998509,Relatively Low,2020,41060,27009,"St. Cloud, MN",41060,2020,238.35750000000002,228.01749999999998,10.340000000000032
3913,Minnesota,MN,Blue Earth,27,27013,64013,,10.498542636960776,Relatively Low,2020,31860,27013,"Mankato, MN",31860,2020,234.305,225.985,8.319999999999993
3915,Minnesota,MN,Carlton,27,27017,35386,,7.468873206771672,Very Low,2020,20260,27017,"Duluth, MN-WI",20260,2020,275.395,262.6275,12.767499999999984
3916,Minnesota,MN,Carver,27,27019,91042,,3.450679026361682,Very Low,2020,33460,27019,"Minneapolis-St. Paul-Bloomington, MN-WI",33460,2020,304.05,285.6516666666667,18.398333333333312
3918,Minnesota,MN,Chisago,27,27025,53887,,5.727683202149723,Very Low,2020,33460,27025,"Minneapolis-St. Paul-Bloomington, MN-WI",33460,2020,304.05,285.6516666666667,18.398333333333312
3919,Minnesota,MN,Clay,27,27027,58999,,10.151196012687748,Relatively Low,2020,22020,27027,"Fargo, ND-MN",22020,2020,254.525,248.4875,6.037499999999994
3921,Minnesota,MN,Dakota,27,27037,398552,,11.759877594929286,Relatively Low,2020,33460,27037,"Minneapolis-St. Paul-Bloomington, MN-WI",33460,2020,304.05,285.6516666666667,18.398333333333312
3922,Minnesota,MN,Dodge,27,27039,20087,,5.721683985341381,Very Low,2020,40340,27039,"Rochester, MN",40340,2020,243.88,233.0025,10.877499999999998
3924,Minnesota,MN,Fillmore,27,27045,20866,,12.253625122481056,Relatively Low,2020,40340,27045,"Rochester, MN",40340,2020,243.88,233.0025,10.877499999999998
3927,Minnesota,MN,Hennepin,27,27053,1152425,,21.688032281800496,Relatively Moderate,2020,33460,27053,"Minneapolis-St. Paul-Bloomington, MN-WI",33460,2020,304.05,285.6516666666667,18.398333333333312
3928,Minnesota,MN,Houston,27,27055,19027,,10.60668021527715,Relatively Low,2020,29100,27055,"La Crosse-Onalaska, WI-MN",29100,2020,249.9825,240.5375,9.444999999999993
3929,Minnesota,MN,Isanti,27,27059,37816,,5.134981647235676,Very Low,2020,33460,27059,"Minneapolis-St. Paul-Bloomington, MN-WI",33460,2020,304.05,285.6516666666667,18.398333333333312
3932,Minnesota,MN,Le Sueur,27,27079,27703,,5.891428092788241,Very Low,2020,33460,27079,"Minneapolis-St. Paul-Bloomington, MN-WI",33460,2020,304.05,285.6516666666667,18.398333333333312
3936,Minnesota,MN,Mille Lacs,27,27095,26097,,6.893844885875222,Very Low,2020,33460,27095,"Minneapolis-St. Paul-Bloomington, MN-WI",33460,2020,304.05,285.6516666666667,18.398333333333312
3938,Minnesota,MN,Nicollet,27,27103,32727,,8.78954658269884,Very Low,2020,31860,27103,"Mankato, MN",31860,2020,234.305,225.985,8.319999999999993
3940,Minnesota,MN,Olmsted,27,27109,144248,,10.17096544599552,Relatively Low,2020,40340,27109,"Rochester, MN",40340,2020,243.88,233.0025,10.877499999999998
3942,Minnesota,MN,Polk,27,27119,31600,,11.476040389434424,Relatively Low,2020,24220,27119,"Grand Forks, ND-MN",24220,2020,249.02,243.0,6.02000000000001
3943,Minnesota,MN,Ramsey,27,27123,508640,,22.14882142176656,Relatively Moderate,2020,33460,27123,"Minneapolis-St. Paul-Bloomington, MN-WI",33460,2020,304.05,285.6516666666667,18.398333333333312
3945,Minnesota,MN,Rock,27,27133,9687,,10.383757952221542,Relatively Low,2020,43620,27133,"Sioux Falls, SD-MN",43620,2020,241.095,229.5025,11.592500000000001
3946,Minnesota,MN,St. Louis,27,27137,200226,,11.88225206198968,Relatively Low,2020,20260,27137,"Duluth, MN-WI",20260,2020,275.395,262.6275,12.767499999999984
3947,Minnesota,MN,Scott,27,27139,129928,,5.337650774769141,Very Low,2020,33460,27139,"Minneapolis-St. Paul-Bloomington, MN-WI",33460,2020,304.05,285.6516666666667,18.398333333333312
3948,Minnesota,MN,Sherburne,27,27141,88499,,4.998604457488089,Very Low,2020,33460,27141,"Minneapolis-St. Paul-Bloomington, MN-WI",33460,2020,304.05,285.6516666666667,18.398333333333312
3949,Minnesota,MN,Stearns,27,27145,150642,,12.051583970572953,Relatively Low,2020,41060,27145,"St. Cloud, MN",41060,2020,238.35750000000002,228.01749999999998,10.340000000000032
3951,Minnesota,MN,Wabasha,27,27157,21676,,7.544256037177166,Very Low,2020,40340,27157,"Rochester, MN",40340,2020,243.88,233.0025,10.877499999999998
3952,Minnesota,MN,Washington,27,27163,238136,,6.790296466185451,Very Low,2020,33460,27163,"Minneapolis-St. Paul-Bloomington, MN-WI",33460,2020,304.05,285.6516666666667,18.398333333333312
3955,Minnesota,MN,Wright,27,27171,124700,,5.958520063611655,Very Low,2020,33460,27171,"Minneapolis-St. Paul-Bloomington, MN-WI",33460,2020,304.05,285.6516666666667,18.398333333333312
3958,Mississippi,MS,Benton,28,28009,8729,,6.755279996413408,Very Low,2020,32820,28009,"Memphis, TN-MS-AR",32820,2020,211.2775,196.00375,15.273750000000007
3963,Mississippi,MS,Copiah,28,28029,29449,,12.322867418821158,Relatively Low,2020,27140,28029,"Jackson, MS",27140,2020,181.0025,175.57,5.4325000000000045
3964,Mississippi,MS,DeSoto,28,28033,161252,,12.524376668146209,Relatively Low,2020,32820,28033,"Memphis, TN-MS-AR",32820,2020,211.2775,196.00375,15.273750000000007
3965,Mississippi,MS,Forrest,28,28035,74934,,15.701503315359703,Relatively Moderate,2020,25620,28035,"Hattiesburg, MS",25620,2020,209.10750000000002,199.745,9.362500000000011
3967,Mississippi,MS,Hancock,28,28045,43929,,14.40663265162793,Relatively Low,2020,25060,28045,"Gulfport-Biloxi, MS",25060,2020,211.26749999999998,200.60500000000002,10.662499999999966
3968,Mississippi,MS,Harrison,28,28047,187105,,27.20961298037876,Relatively High,2020,25060,28047,"Gulfport-Biloxi, MS",25060,2020,211.26749999999998,200.60500000000002,10.662499999999966
3969,Mississippi,MS,Hinds,28,28049,245285,,21.817703690956353,Relatively Moderate,2020,27140,28049,"Jackson, MS",27140,2020,181.0025,175.57,5.4325000000000045
3970,Mississippi,MS,Holmes,28,28051,19198,,15.734222937066892,Relatively Moderate,2020,27140,28051,"Jackson, MS",27140,2020,181.0025,175.57,5.4325000000000045
3972,Mississippi,MS,Jackson,28,28059,139668,,19.578863400547775,Relatively Moderate,2020,25060,28059,"Gulfport-Biloxi, MS",25060,2020,211.26749999999998,200.60500000000002,10.662499999999966
3977,Mississippi,MS,Lamar,28,28073,55658,,8.311518069623993,Very Low,2020,25620,28073,"Hattiesburg, MS",25620,2020,209.10750000000002,199.745,9.362500000000011
3983,Mississippi,MS,Madison,28,28089,95203,,7.111637301273066,Very Low,2020,27140,28089,"Jackson, MS",27140,2020,181.0025,175.57,5.4325000000000045
3984,Mississippi,MS,Marshall,28,28093,37144,,9.971816129547436,Relatively Low,2020,32820,28093,"Memphis, TN-MS-AR",32820,2020,211.2775,196.00375,15.273750000000007
3989,Mississippi,MS,Perry,28,28111,12250,,7.913254016711147,Very Low,2020,25620,28111,"Hattiesburg, MS",25620,2020,209.10750000000002,199.745,9.362500000000011
3992,Mississippi,MS,Rankin,28,28121,141617,,9.583200029288154,Relatively Low,2020,27140,28121,"Jackson, MS",27140,2020,181.0025,175.57,5.4325000000000045
3993,Mississippi,MS,Scott,28,28123,28264,,15.244480075551609,Relatively Moderate,2020,27140,28123,"Jackson, MS",27140,2020,181.0025,175.57,5.4325000000000045
3994,Mississippi,MS,Simpson,28,28127,27503,,11.031871648521795,Relatively Low,2020,27140,28127,"Jackson, MS",27140,2020,181.0025,175.57,5.4325000000000045
3995,Mississippi,MS,Stone,28,28131,17786,,7.619182715797908,Very Low,2020,25060,28131,"Gulfport-Biloxi, MS",25060,2020,211.26749999999998,200.60500000000002,10.662499999999966
3996,Mississippi,MS,Tate,28,28137,28886,,7.936271765195244,Very Low,2020,32820,28137,"Memphis, TN-MS-AR",32820,2020,211.2775,196.00375,15.273750000000007
3997,Mississippi,MS,Tunica,28,28143,10778,,12.58239866893188,Relatively Low,2020,32820,28143,"Memphis, TN-MS-AR",32820,2020,211.2775,196.00375,15.273750000000007
4003,Mississippi,MS,Yazoo,28,28163,28065,,12.205052616710692,Relatively Low,2020,27140,28163,"Jackson, MS",27140,2020,181.0025,175.57,5.4325000000000045
4005,Missouri,MO,Andrew,29,29003,17291,,7.844953221351416,Very Low,2020,41140,29003,"St. Joseph, MO-KS",41140,2020,211.98,199.77,12.20999999999998
4007,Missouri,MO,Bates,29,29013,17049,,10.628963155290798,Relatively Low,2020,28140,29013,"Kansas City, MO-KS",28140,2020,270.8391666666667,249.39416666666668,21.44500000000002
4008,Missouri,MO,Bollinger,29,29017,12363,,10.088041417122234,Relatively Low,2020,16020,29017,"Cape Girardeau, MO-IL",16020,2020,187.3825,179.1675,8.215000000000003
4009,Missouri,MO,Boone,29,29019,162642,,12.067326617314588,Relatively Low,2020,17860,29019,"Columbia, MO",17860,2020,198.0725,189.9475,8.125
4010,Missouri,MO,Buchanan,29,29021,89201,,12.011585291829672,Relatively Low,2020,41140,29021,"St. Joseph, MO-KS",41140,2020,211.98,199.77,12.20999999999998
4012,Missouri,MO,Caldwell,29,29025,9424,,6.420067989117271,Very Low,2020,28140,29025,"Kansas City, MO-KS",28140,2020,270.8391666666667,249.39416666666668,21.44500000000002
4013,Missouri,MO,Callaway,29,29027,44332,,9.506224079304207,Relatively Low,2020,27620,29027,"Jefferson City, MO",27620,2020,196.2375,189.755,6.482500000000016
4014,Missouri,MO,Cape Girardeau,29,29031,75674,,17.09601480626823,Relatively Moderate,2020,16020,29031,"Cape Girardeau, MO-IL",16020,2020,187.3825,179.1675,8.215000000000003
4015,Missouri,MO,Cass,29,29037,99478,,10.706500056251002,Relatively Low,2020,28140,29037,"Kansas City, MO-KS",28140,2020,270.8391666666667,249.39416666666668,21.44500000000002
4016,Missouri,MO,Christian,29,29043,77422,,11.277087367876504,Relatively Low,2020,44180,29043,"Springfield, MO",44180,2020,191.0925,180.46,10.632499999999993
4017,Missouri,MO,Clay,29,29047,221939,,13.27928952405852,Relatively Low,2020,28140,29047,"Kansas City, MO-KS",28140,2020,270.8391666666667,249.39416666666668,21.44500000000002
4018,Missouri,MO,Clinton,29,29049,20743,,7.963768819387083,Very Low,2020,28140,29049,"Kansas City, MO-KS",28140,2020,270.8391666666667,249.39416666666668,21.44500000000002
4019,Missouri,MO,Cole,29,29051,75990,,12.316034646114684,Relatively Low,2020,27620,29051,"Jefferson City, MO",27620,2020,196.2375,189.755,6.482500000000016
4020,Missouri,MO,Cooper,29,29053,17601,,7.731385409988644,Very Low,2020,17860,29053,"Columbia, MO",17860,2020,198.0725,189.9475,8.125
4021,Missouri,MO,Dallas,29,29059,16777,,9.847676150714152,Relatively Low,2020,44180,29059,"Springfield, MO",44180,2020,191.0925,180.46,10.632499999999993
4022,Missouri,MO,DeKalb,29,29063,12892,,3.69721391500051,Very Low,2020,41140,29063,"St. Joseph, MO-KS",41140,2020,211.98,199.77,12.20999999999998
4024,Missouri,MO,Franklin,29,29071,101492,,12.092237388715704,Relatively Low,2020,41180,29071,"St. Louis, MO-IL",41180,2020,227.51833333333335,213.63916666666668,13.879166666666663
4025,Missouri,MO,Greene,29,29077,275174,,18.300215644976873,Relatively Moderate,2020,44180,29077,"Springfield, MO",44180,2020,191.0925,180.46,10.632499999999993
4026,Missouri,MO,Howard,29,29089,10144,,7.560241811237238,Very Low,2020,17860,29089,"Columbia, MO",17860,2020,198.0725,189.9475,8.125
4028,Missouri,MO,Jackson,29,29095,674158,,30.08702265782976,Relatively High,2020,28140,29095,"Kansas City, MO-KS",28140,2020,270.8391666666667,249.39416666666668,21.44500000000002
4029,Missouri,MO,Jasper,29,29097,117404,,17.231931474252722,Relatively Moderate,2020,27900,29097,"Joplin, MO-KS",27900,2020,193.29250000000002,183.6875,9.605000000000018
4030,Missouri,MO,Jefferson,29,29099,218733,,12.388858919024528,Relatively Low,2020,41180,29099,"St. Louis, MO-IL",41180,2020,227.51833333333335,213.63916666666668,13.879166666666663
4033,Missouri,MO,Lafayette,29,29107,33381,,8.856508603532296,Very Low,2020,28140,29107,"Kansas City, MO-KS",28140,2020,270.8391666666667,249.39416666666668,21.44500000000002
4035,Missouri,MO,Lincoln,29,29113,52566,,9.551578972714738,Relatively Low,2020,41180,29113,"St. Louis, MO-IL",41180,2020,227.51833333333335,213.63916666666668,13.879166666666663
4038,Missouri,MO,Moniteau,29,29135,15607,,9.018238106202125,Relatively Low,2020,27620,29135,"Jefferson City, MO",27620,2020,196.2375,189.755,6.482500000000016
4039,Missouri,MO,Newton,29,29145,58114,,13.262212314080758,Relatively Low,2020,27900,29145,"Joplin, MO-KS",27900,2020,193.29250000000002,183.6875,9.605000000000018
4041,Missouri,MO,Osage,29,29151,13878,,5.558308128678207,Very Low,2020,27620,29151,"Jefferson City, MO",27620,2020,196.2375,189.755,6.482500000000016
4044,Missouri,MO,Platte,29,29165,89322,,8.675771412253956,Very Low,2020,28140,29165,"Kansas City, MO-KS",28140,2020,270.8391666666667,249.39416666666668,21.44500000000002
4045,Missouri,MO,Polk,29,29167,31137,,10.916472432503303,Relatively Low,2020,44180,29167,"Springfield, MO",44180,2020,191.0925,180.46,10.632499999999993
4049,Missouri,MO,Ray,29,29177,23494,,7.375312237154619,Very Low,2020,28140,29177,"Kansas City, MO-KS",28140,2020,270.8391666666667,249.39416666666668,21.44500000000002
4050,Missouri,MO,St. Charles,29,29183,360485,,12.44465639273758,Relatively Low,2020,41180,29183,"St. Louis, MO-IL",41180,2020,227.51833333333335,213.63916666666668,13.879166666666663
4052,Missouri,MO,St. Louis,29,29189,998954,,32.02236666708401,Relatively High,2020,41180,29189,"St. Louis, MO-IL",41180,2020,227.51833333333335,213.63916666666668,13.879166666666663
4057,Missouri,MO,Warren,29,29219,32513,,10.168502607156627,Relatively Low,2020,41180,29219,"St. Louis, MO-IL",41180,2020,227.51833333333335,213.63916666666668,13.879166666666663
4058,Missouri,MO,Webster,29,29225,36202,,10.42621682636612,Relatively Low,2020,44180,29225,"Springfield, MO",44180,2020,191.0925,180.46,10.632499999999993
4059,Missouri,MO,St. Louis,29,29510,319294,,52.35228422225243,Very High,2020,41180,29510,"St. Louis, MO-IL",41180,2020,227.51833333333335,213.63916666666668,13.879166666666663
4060,Montana,MT,Broadwater,30,30007,5612,,3.758995406019074,Very Low,2020,25740,30007,"Helena, MT",25740,2020,279.84499999999997,265.1125,14.732499999999959
4061,Montana,MT,Carbon,30,30009,10078,,7.193749588473452,Very Low,2020,13740,30009,"Billings, MT",13740,2020,265.87,253.7725,12.097499999999997
4062,Montana,MT,Cascade,30,30013,81327,,9.73201147252376,Relatively Low,2020,24500,30013,"Great Falls, MT",24500,2020,243.1175,229.9625,13.155000000000001
4064,Montana,MT,Gallatin,30,30031,89513,,6.404717572536041,Very Low,2020,14580,30031,"Bozeman, MT",14580,2020,372.4475,350.2375,22.20999999999998
4065,Montana,MT,Jefferson,30,30043,11406,,3.792181493091897,Very Low,2020,25740,30043,"Helena, MT",25740,2020,279.84499999999997,265.1125,14.732499999999959
4066,Montana,MT,Lewis and Clark,30,30049,63395,,7.252256601433318,Very Low,2020,25740,30049,"Helena, MT",25740,2020,279.84499999999997,265.1125,14.732499999999959
4067,Montana,MT,Mineral,30,30061,4223,,8.165281470763535,Very Low,2020,33540,30061,"Missoula, MT",33540,2020,308.705,288.53999999999996,20.16500000000002
4068,Montana,MT,Missoula,30,30063,109299,,9.347604105787653,Relatively Low,2020,33540,30063,"Missoula, MT",33540,2020,308.705,288.53999999999996,20.16500000000002
4070,Montana,MT,Stillwater,30,30095,9117,,5.54674131967804,Very Low,2020,13740,30095,"Billings, MT",13740,2020,265.87,253.7725,12.097499999999997
4071,Montana,MT,Yellowstone,30,30111,147972,,8.472156011370561,Very Low,2020,13740,30111,"Billings, MT",13740,2020,265.87,253.7725,12.097499999999997
4075,Nebraska,NE,Cass,31,31025,25241,,6.25840451361513,Very Low,2020,36540,31025,"Omaha, NE-IA",36540,2020,256.225,239.62,16.605000000000018
4078,Nebraska,NE,Dakota,31,31043,21006,,14.570670308059816,Relatively Low,2020,43580,31043,"Sioux City, IA-NE-SD",43580,2020,218.89249999999998,207.84,11.05249999999998
4081,Nebraska,NE,Douglas,31,31055,517110,,28.254868900927207,Relatively High,2020,36540,31055,"Omaha, NE-IA",36540,2020,256.225,239.62,16.605000000000018
4084,Nebraska,NE,Hall,31,31079,58607,,22.429378309774307,Relatively Moderate,2020,24260,31079,"Grand Island, NE",24260,2020,228.2375,219.57999999999998,8.657500000000027
4086,Nebraska,NE,Howard,31,31093,6274,,12.088180479161007,Relatively Low,2020,24260,31093,"Grand Island, NE",24260,2020,228.2375,219.57999999999998,8.657500000000027
4087,Nebraska,NE,Lancaster,31,31109,285407,,16.189366641040337,Relatively Moderate,2020,30700,31109,"Lincoln, NE",30700,2020,219.415,211.4125,8.002499999999998
4091,Nebraska,NE,Merrick,31,31121,7845,,15.93717172814563,Relatively Moderate,2020,24260,31121,"Grand Island, NE",24260,2020,228.2375,219.57999999999998,8.657500000000027
4094,Nebraska,NE,Sarpy,31,31153,158840,,10.533110984100643,Relatively Low,2020,36540,31153,"Omaha, NE-IA",36540,2020,256.225,239.62,16.605000000000018
4095,Nebraska,NE,Saunders,31,31155,20780,,6.788400207043837,Very Low,2020,36540,31155,"Omaha, NE-IA",36540,2020,256.225,239.62,16.605000000000018
4097,Nebraska,NE,Seward,31,31159,16750,,9.520654448992476,Relatively Low,2020,30700,31159,"Lincoln, NE",30700,2020,219.415,211.4125,8.002499999999998
4099,Nebraska,NE,Washington,31,31177,20234,,7.604576824728237,Very Low,2020,36540,31177,"Omaha, NE-IA",36540,2020,256.225,239.62,16.605000000000018
4102,Nevada,NV,Clark,32,32003,1951269,,41.00098425586652,Relatively High,2020,29820,32003,"Las Vegas-Henderson-North Las Vegas, NV",29820,2020,261.53333333333336,248.6208333333333,12.912500000000051
4107,Nevada,NV,Lyon,32,32019,51980,,13.545806343009726,Relatively Low,2020,39900,32019,"Reno, NV",39900,2020,274.03499999999997,260.87,13.164999999999964
4109,Nevada,NV,Storey,32,32029,4010,,8.950805782497373,Very Low,2020,39900,32029,"Reno, NV",39900,2020,274.03499999999997,260.87,13.164999999999964
4110,Nevada,NV,Washoe,32,32031,421407,,31.27228548658424,Relatively High,2020,39900,32031,"Reno, NV",39900,2020,274.03499999999997,260.87,13.164999999999964
4111,Nevada,NV,Carson,32,32510,55274,,19.887090398177374,Relatively Moderate,2020,16180,32510,"Carson City, NV",16180,2020,267.12,250.93,16.189999999999998
4115,New Hampshire,NH,Hillsborough,33,33011,400721,,9.216157628282508,Relatively Low,2020,31700,33011,"Manchester-Nashua, NH",31700,2020,280.96500000000003,263.0375,17.92750000000001
4120,New Jersey,NJ,Atlantic,34,34001,274549,,27.985174672123147,Relatively High,2020,12100,34001,"Atlantic City-Hammonton, NJ",12100,2020,251.9125,235.84,16.07249999999999
4124,New Jersey,NJ,Cape May,34,34009,97265,,21.25947772414084,Relatively Moderate,2020,12100,34009,"Atlantic City-Hammonton, NJ",12100,2020,251.9125,235.84,16.07249999999999
4125,New Jersey,NJ,Cumberland,34,34011,156898,,17.243909595516715,Relatively Moderate,2020,47220,34011,"Vineland, NJ",47220,2020,188.9175,179.2175,9.699999999999989
4130,New Jersey,NJ,Mercer,34,34021,366513,,18.585707496937463,Relatively Moderate,2020,45940,34021,"Trenton-Princeton, NJ",45940,2020,210.2125,200.39749999999998,9.815000000000026
4137,Indiana,IN,Shelby,18,18145,44436,,9.307835243007244,Relatively Low,2020,26900,18145,"Indianapolis-Carmel-Greenwood, IN",26900,2020,217.15,199.14916666666667,18.000833333333333
4139,Indiana,IN,Sullivan,18,18153,21475,,6.858347707798207,Very Low,2020,45460,18153,"Terre Haute, IN",45460,2020,175.15,166.6,8.550000000000011
4140,Indiana,IN,Tippecanoe,18,18157,172780,,12.346559598133464,Relatively Low,2020,29200,18157,"Lafayette-West Lafayette, IN",29200,2020,178.9225,169.6725,9.25
4141,Indiana,IN,Tipton,18,18159,15936,,6.867833432078635,Very Low,2020,26900,18159,"Indianapolis-Carmel-Greenwood, IN",26900,2020,217.15,199.14916666666667,18.000833333333333
4142,Indiana,IN,Vanderburgh,18,18163,179703,,22.540904249394536,Relatively Moderate,2020,21780,18163,"Evansville, IN",21780,2020,199.7775,191.45,8.327500000000015
4143,Indiana,IN,Vermillion,18,18165,16212,,11.558334330210965,Relatively Low,2020,45460,18165,"Terre Haute, IN",45460,2020,175.15,166.6,8.550000000000011
4144,Indiana,IN,Vigo,18,18167,107848,,15.32221533719112,Relatively Moderate,2020,45460,18167,"Terre Haute, IN",45460,2020,175.15,166.6,8.550000000000011
4146,Indiana,IN,Warren,18,18171,8508,,4.770014593444017,Very Low,2020,29200,18171,"Lafayette-West Lafayette, IN",29200,2020,178.9225,169.6725,9.25
4147,Indiana,IN,Warrick,18,18173,59689,,8.83610441112637,Very Low,2020,21780,18173,"Evansville, IN",21780,2020,199.7775,191.45,8.327500000000015
4148,Indiana,IN,Washington,18,18175,28262,,8.122289952356887,Very Low,2020,31140,18175,"Louisville/Jefferson County, KY-IN",31140,2020,251.27375,235.62375,15.650000000000006
4150,Indiana,IN,Wells,18,18179,27636,,7.706140856104137,Very Low,2020,23060,18179,"Fort Wayne, IN",23060,2020,188.875,176.875,12.0
4152,Indiana,IN,Whitley,18,18183,33292,,6.0551394671971,Very Low,2020,23060,18183,"Fort Wayne, IN",23060,2020,188.875,176.875,12.0
4153,Iowa,IA,Benton,19,19011,26076,,8.01053968045104,Very Low,2020,16300,19011,"Cedar Rapids, IA",16300,2020,176.11,170.71,5.400000000000006
4154,Iowa,IA,Black Hawk,19,19013,131090,,17.706925049283925,Relatively Moderate,2020,47940,19013,"Waterloo-Cedar Falls, IA",47940,2020,235.475,229.47,6.0049999999999955
4155,Iowa,IA,Boone,19,19015,26306,,9.374736852042933,Relatively Low,2020,11180,19015,"Ames, IA",11180,2020,218.4975,212.6625,5.835000000000008
4156,Iowa,IA,Bremer,19,19017,24276,,7.910420280833163,Very Low,2020,47940,19017,"Waterloo-Cedar Falls, IA",47940,2020,235.475,229.47,6.0049999999999955
4162,Iowa,IA,Dallas,19,19049,66135,,5.500937419762461,Very Low,2020,19780,19049,"Des Moines-West Des Moines, IA",19780,2020,233.61875,224.5975,9.021250000000009
4166,New Jersey,NJ,Warren,34,34041,108692,,10.132730426281816,Relatively Low,2020,10900,34041,"Allentown-Bethlehem-Easton, PA-NJ",10900,2020,202.65,189.97125,12.678750000000008
4167,New Mexico,NM,Bernalillo,35,35001,662564,,19.612235385379595,Relatively Moderate,2020,10740,35001,"Albuquerque, NM",10740,2020,230.62375,213.75125,16.872500000000002
4170,New Mexico,NM,Doña Ana,35,35013,209233,,25.104480061265672,Relatively Moderate,2020,29740,35013,"Las Cruces, NM",29740,2020,188.5,178.93,9.569999999999993
4182,New Mexico,NM,Sandoval,35,35043,131561,,11.571925820732307,Relatively Low,2020,10740,35043,"Albuquerque, NM",10740,2020,230.62375,213.75125,16.872500000000002
4183,New Mexico,NM,San Juan,35,35045,130044,,12.784527400391646,Relatively Low,2020,22140,35045,"Farmington, NM",22140,2020,212.445,201.7575,10.6875
4185,New Mexico,NM,Santa Fe,35,35049,144170,,16.74231351679805,Relatively Moderate,2020,42140,35049,"Santa Fe, NM",42140,2020,222.5025,208.685,13.817499999999995
4187,New Mexico,NM,Torrance,35,35057,16383,,10.281078358847417,Relatively Low,2020,10740,35057,"Albuquerque, NM",10740,2020,230.62375,213.75125,16.872500000000002
4188,New Mexico,NM,Valencia,35,35061,76569,,14.864244041848773,Relatively Moderate,2020,10740,35061,"Albuquerque, NM",10740,2020,230.62375,213.75125,16.872500000000002
4189,New York,NY,Albany,36,36001,304204,,11.044394560711837,Relatively Low,2020,10580,36001,"Albany-Schenectady-Troy, NY",10580,2020,212.35125,201.40625,10.944999999999993
4191,New York,NY,Broome,36,36007,200600,,18.440193236269543,Relatively Moderate,2020,13780,36007,"Binghamton, NY",13780,2020,191.98250000000002,180.4275,11.555000000000007
4195,New York,NY,Chemung,36,36015,88830,,10.146574135799582,Relatively Low,2020,21300,36015,"Elmira, NY",21300,2020,184.42000000000002,177.3725,7.047500000000014
4199,New York,NY,Dutchess,36,36027,297488,,8.002651665322315,Very Low,2020,28880,36027,"Kiryas Joel-Poughkeepsie-Newburgh, NY",28880,2020,228.75,216.63,12.120000000000005
4200,New York,NY,Erie,36,36029,919040,,13.921602667976115,Relatively Low,2020,15380,36029,"Buffalo-Cheektowaga, NY",15380,2020,224.0075,207.715,16.29249999999999
4203,New York,NY,Herkimer,36,36043,64519,,8.35094411553361,Very Low,2020,46540,36043,"Utica-Rome, NY",46540,2020,209.285,194.135,15.150000000000006
4204,New York,NY,Jefferson,36,36045,116229,,7.64654901509987,Very Low,2020,48060,36045,"Watertown-Fort Drum, NY",48060,2020,226.70499999999998,214.9025,11.80249999999998
4206,New York,NY,Livingston,36,36051,65393,,7.580523308986685,Very Low,2020,40380,36051,"Rochester, NY",40380,2020,181.68875,169.80625,11.882499999999993
4207,New York,NY,Madison,36,36053,73442,,6.317352538646785,Very Low,2020,45060,36053,"Syracuse, NY",45060,2020,191.3375,180.3775,10.960000000000008
4208,New York,NY,Monroe,36,36055,744344,,13.793342080297606,Relatively Low,2020,40380,36055,"Rochester, NY",40380,2020,181.68875,169.80625,11.882499999999993
4212,New York,NY,Niagara,36,36063,216469,,9.143126730643957,Relatively Low,2020,15380,36063,"Buffalo-Cheektowaga, NY",15380,2020,224.0075,207.715,16.29249999999999
4213,New York,NY,Oneida,36,36065,234878,,13.848296603272868,Relatively Low,2020,46540,36065,"Utica-Rome, NY",46540,2020,209.285,194.135,15.150000000000006
4214,New York,NY,Onondaga,36,36067,467026,,15.683572885455124,Relatively Moderate,2020,45060,36067,"Syracuse, NY",45060,2020,191.3375,180.3775,10.960000000000008
4215,New York,NY,Ontario,36,36069,107931,,9.72013716599758,Relatively Low,2020,40380,36069,"Rochester, NY",40380,2020,181.68875,169.80625,11.882499999999993
4216,New York,NY,Orange,36,36071,372813,,10.926617952143246,Relatively Low,2020,28880,36071,"Kiryas Joel-Poughkeepsie-Newburgh, NY",28880,2020,228.75,216.63,12.120000000000005
4217,New York,NY,Orleans,36,36073,42883,,5.654506176142476,Very Low,2020,40380,36073,"Rochester, NY",40380,2020,181.68875,169.80625,11.882499999999993
4218,New York,NY,Oswego,36,36075,122109,,6.904155776059143,Very Low,2020,45060,36075,"Syracuse, NY",45060,2020,191.3375,180.3775,10.960000000000008
4222,New York,NY,Rensselaer,36,36083,159429,,8.891084827246575,Very Low,2020,10580,36083,"Albany-Schenectady-Troy, NY",10580,2020,212.35125,201.40625,10.944999999999993
4226,New York,NY,Saratoga,36,36091,219607,,6.040540489980147,Very Low,2020,10580,36091,"Albany-Schenectady-Troy, NY",10580,2020,212.35125,201.40625,10.944999999999993
4227,New York,NY,Schenectady,36,36093,154727,,10.407145673420072,Relatively Low,2020,10580,36093,"Albany-Schenectady-Troy, NY",10580,2020,212.35125,201.40625,10.944999999999993
4228,New York,NY,Schoharie,36,36095,32749,,7.514540788712289,Very Low,2020,10580,36095,"Albany-Schenectady-Troy, NY",10580,2020,212.35125,201.40625,10.944999999999993
4232,Iowa,IA,Dubuque,19,19061,93653,,11.724317267546551,Relatively Low,2020,20220,19061,"Dubuque, IA",20220,2020,207.5825,201.47,6.112500000000011
4233,Iowa,IA,Grundy,19,19075,12453,,9.72889698386013,Relatively Low,2020,47940,19075,"Waterloo-Cedar Falls, IA",47940,2020,235.475,229.47,6.0049999999999955
4234,Iowa,IA,Guthrie,19,19077,10954,,11.963802290818494,Relatively Low,2020,19780,19077,"Des Moines-West Des Moines, IA",19780,2020,233.61875,224.5975,9.021250000000009
4235,Iowa,IA,Harrison,19,19085,14928,,9.709422880920147,Relatively Low,2020,36540,19085,"Omaha, NE-IA",36540,2020,256.225,239.62,16.605000000000018
4236,Iowa,IA,Jasper,19,19099,36842,,10.992448779249566,Relatively Low,2020,19780,19099,"Des Moines-West Des Moines, IA",19780,2020,233.61875,224.5975,9.021250000000009
4237,Iowa,IA,Johnson,19,19103,130882,,13.847904716835725,Relatively Low,2020,26980,19103,"Iowa City, IA",26980,2020,196.235,192.37,3.865000000000009
4238,Iowa,IA,Jones,19,19105,20638,,8.709253537139915,Very Low,2020,16300,19105,"Cedar Rapids, IA",16300,2020,176.11,170.71,5.400000000000006
4240,Iowa,IA,Linn,19,19113,211226,,11.890388845604866,Relatively Low,2020,16300,19113,"Cedar Rapids, IA",16300,2020,176.11,170.71,5.400000000000006
4241,Iowa,IA,Madison,19,19121,15679,,6.28350616029716,Very Low,2020,19780,19121,"Des Moines-West Des Moines, IA",19780,2020,233.61875,224.5975,9.021250000000009
4245,Iowa,IA,Mills,19,19129,15059,,7.219603211304096,Very Low,2020,36540,19129,"Omaha, NE-IA",36540,2020,256.225,239.62,16.605000000000018
4248,Iowa,IA,Polk,19,19153,430640,,17.645213156258645,Relatively Moderate,2020,19780,19153,"Des Moines-West Des Moines, IA",19780,2020,233.61875,224.5975,9.021250000000009
4249,Iowa,IA,Pottawattamie,19,19155,93158,,14.568997075613847,Relatively Low,2020,36540,19155,"Omaha, NE-IA",36540,2020,256.225,239.62,16.605000000000018
4250,Iowa,IA,Scott,19,19163,165224,,13.634946184023669,Relatively Low,2020,19340,19163,"Davenport-Moline-Rock Island, IA-IL",19340,2020,202.945,196.6525,6.29249999999999
4251,Iowa,IA,Story,19,19169,89542,,8.301257133670779,Very Low,2020,11180,19169,"Ames, IA",11180,2020,218.4975,212.6625,5.835000000000008
4253,Iowa,IA,Warren,19,19181,46225,,8.139496165234158,Very Low,2020,19780,19181,"Des Moines-West Des Moines, IA",19780,2020,233.61875,224.5975,9.021250000000009
4254,Iowa,IA,Washington,19,19183,21704,,11.279546207643987,Relatively Low,2020,26980,19183,"Iowa City, IA",26980,2020,196.235,192.37,3.865000000000009
4256,Iowa,IA,Woodbury,19,19193,102172,,15.669735134612871,Relatively Moderate,2020,43580,19193,"Sioux City, IA-NE-SD",43580,2020,218.89249999999998,207.84,11.05249999999998
4260,Kansas,KS,Butler,20,20015,65880,,10.254897471266537,Relatively Low,2020,48620,20015,"Wichita, KS",48620,2020,197.1625,185.89249999999998,11.27000000000001
4262,Kansas,KS,Cherokee,20,20021,21603,,14.463959344499733,Relatively Low,2020,27900,20021,"Joplin, MO-KS",27900,2020,193.29250000000002,183.6875,9.605000000000018
4265,Kansas,KS,Doniphan,20,20043,7945,,6.379853084942675,Very Low,2020,41140,20043,"St. Joseph, MO-KS",41140,2020,211.98,199.77,12.20999999999998
4266,Kansas,KS,Douglas,20,20045,110826,,11.013701483618542,Relatively Low,2020,29940,20045,"Lawrence, KS",29940,2020,225.1,214.57999999999998,10.52000000000001
4271,Kansas,KS,Geary,20,20061,34362,,8.920332238685482,Very Low,2020,31740,20061,"Manhattan, KS",31740,2020,229.025,221.385,7.640000000000015
4272,Kansas,KS,Harvey,20,20079,34684,,13.431814812389954,Relatively Low,2020,48620,20079,"Wichita, KS",48620,2020,197.1625,185.89249999999998,11.27000000000001
4273,Kansas,KS,Jackson,20,20085,13462,,6.677733095846102,Very Low,2020,45820,20085,"Topeka, KS",45820,2020,195.7,185.29250000000002,10.40749999999997
4274,Kansas,KS,Jefferson,20,20087,19126,,6.66268811866778,Very Low,2020,45820,20087,"Topeka, KS",45820,2020,195.7,185.29250000000002,10.40749999999997
4275,Kansas,KS,Johnson,20,20091,544179,,11.293146684994536,Relatively Low,2020,28140,20091,"Kansas City, MO-KS",28140,2020,270.8391666666667,249.39416666666668,21.44500000000002
4276,Kansas,KS,Leavenworth,20,20103,76227,,7.617689725575794,Very Low,2020,28140,20103,"Kansas City, MO-KS",28140,2020,270.8391666666667,249.39416666666668,21.44500000000002
4277,Kansas,KS,Linn,20,20107,9656,,6.358408856967158,Very Low,2020,28140,20107,"Kansas City, MO-KS",28140,2020,270.8391666666667,249.39416666666668,21.44500000000002
4280,Kansas,KS,Miami,20,20121,32787,,7.138185856053921,Very Low,2020,28140,20121,"Kansas City, MO-KS",28140,2020,270.8391666666667,249.39416666666668,21.44500000000002
4281,Kansas,KS,Osage,20,20139,16295,,8.837256794270631,Very Low,2020,45820,20139,"Topeka, KS",45820,2020,195.7,185.29250000000002,10.40749999999997
4283,Kansas,KS,Pottawatomie,20,20149,21604,,4.510962769588638,Very Low,2020,31740,20149,"Manhattan, KS",31740,2020,229.025,221.385,7.640000000000015
4285,Kansas,KS,Riley,20,20161,71115,,7.319282048031874,Very Low,2020,31740,20161,"Manhattan, KS",31740,2020,229.025,221.385,7.640000000000015
4287,Kansas,KS,Sedgwick,20,20173,498365,,22.042190526474197,Relatively Moderate,2020,48620,20173,"Wichita, KS",48620,2020,197.1625,185.89249999999998,11.27000000000001
4289,Kansas,KS,Shawnee,20,20177,177934,,16.01887858791574,Relatively Moderate,2020,45820,20177,"Topeka, KS",45820,2020,195.7,185.29250000000002,10.40749999999997
4290,Kansas,KS,Sumner,20,20191,24132,,10.091556176874183,Relatively Low,2020,48620,20191,"Wichita, KS",48620,2020,197.1625,185.89249999999998,11.27000000000001
4291,Kansas,KS,Wabaunsee,20,20197,7053,,4.919545869902209,Very Low,2020,45820,20197,"Topeka, KS",45820,2020,195.7,185.29250000000002,10.40749999999997
4292,Kansas,KS,Wyandotte,20,20209,157505,,29.05555105259482,Relatively High,2020,28140,20209,"Kansas City, MO-KS",28140,2020,270.8391666666667,249.39416666666668,21.44500000000002
4293,Kentucky,KY,Allen,21,21003,19956,,8.683677828035062,Very Low,2020,14540,21003,"Bowling Green, KY",14540,2020,199.6525,193.1525,6.5
4295,Kentucky,KY,Ballard,21,21007,8249,,8.871978098937685,Very Low,2020,37140,21007,"Paducah, KY-IL",37140,2020,185.7475,179.79250000000002,5.954999999999984
4299,Kentucky,KY,Boone,21,21015,118811,,7.32524065587234,Very Low,2020,17140,21015,"Cincinnati, OH-KY-IN",17140,2020,216.89916666666667,200.53416666666666,16.36500000000001
4300,Kentucky,KY,Bourbon,21,21017,19985,,9.674375327806224,Relatively Low,2020,30460,21017,"Lexington-Fayette, KY",30460,2020,222.315,211.765,10.550000000000011
4301,Kentucky,KY,Boyd,21,21019,49542,,12.235995950676376,Relatively Low,2020,26580,21019,"Huntington-Ashland, WV-KY-OH",26580,2020,186.46,178.1625,8.297500000000014
4303,Kentucky,KY,Bracken,21,21023,8488,,4.749779723390469,Very Low,2020,17140,21023,"Cincinnati, OH-KY-IN",17140,2020,216.89916666666667,200.53416666666666,16.36500000000001
4304,Kentucky,KY,Bullitt,21,21029,74319,,7.117617058421979,Very Low,2020,31140,21029,"Louisville/Jefferson County, KY-IN",31140,2020,251.27375,235.62375,15.650000000000006
4305,Alabama,AL,Autauga,1,01001,54571,,5.958751680664723,Very Low,2020,33860,01001,"Montgomery, AL",33860,2020,155.565,148.915,6.650000000000006
4306,Alabama,AL,Baldwin,1,01003,182265,,15.558142440256027,Relatively Moderate,2020,19300,01003,"Daphne-Fairhope-Foley, AL",19300,2020,243.6475,229.36,14.287499999999994
4308,Alabama,AL,Bibb,1,01007,22915,,4.422323976979627,Very Low,2020,13820,01007,"Birmingham, AL",13820,2020,242.01875,225.8825,16.136250000000018
4309,Alabama,AL,Blount,1,01009,57322,,8.110812571778176,Very Low,2020,13820,01009,"Birmingham, AL",13820,2020,242.01875,225.8825,16.136250000000018
4310,Alabama,AL,Calhoun,1,01015,118572,,14.192677469343652,Relatively Low,2020,11500,01015,"Anniston-Oxford, AL",11500,2020,186.82750000000001,178.2775,8.550000000000011
4312,Alabama,AL,Chilton,1,01021,43643,,7.077831702715465,Very Low,2020,13820,01021,"Birmingham, AL",13820,2020,242.01875,225.8825,16.136250000000018
4314,Alabama,AL,Colbert,1,01033,54428,,11.658939474102484,Relatively Low,2020,22520,01033,"Florence-Muscle Shoals, AL",22520,2020,186.8375,177.885,8.952500000000015
4320,Alabama,AL,Elmore,1,01051,79303,,7.588443008964758,Very Low,2020,33860,01051,"Montgomery, AL",33860,2020,155.565,148.915,6.650000000000006
4321,Alabama,AL,Etowah,1,01055,104430,,15.398320052522944,Relatively Moderate,2020,23460,01055,"Gadsden, AL",23460,2020,203.55,192.3,11.25
4323,Alabama,AL,Geneva,1,01061,26790,,9.159205438581203,Relatively Low,2020,20020,01061,"Dothan, AL",20020,2020,179.2125,172.01,7.202500000000015
4324,Alabama,AL,Greene,1,01063,9045,,8.725521727209989,Very Low,2020,46220,01063,"Tuscaloosa, AL",46220,2020,211.28,199.37,11.909999999999997
4325,Alabama,AL,Hale,1,01065,15760,,9.12761174575347,Relatively Low,2020,46220,01065,"Tuscaloosa, AL",46220,2020,211.28,199.37,11.909999999999997
4326,Alabama,AL,Henry,1,01067,17302,,10.37876858396962,Relatively Low,2020,20020,01067,"Dothan, AL",20020,2020,179.2125,172.01,7.202500000000015
4327,Alabama,AL,Houston,1,01069,101547,,12.570012587544044,Relatively Low,2020,20020,01069,"Dothan, AL",20020,2020,179.2125,172.01,7.202500000000015
4329,Alabama,AL,Jefferson,1,01073,658466,,23.39851797586047,Relatively Moderate,2020,13820,01073,"Birmingham, AL",13820,2020,242.01875,225.8825,16.136250000000018
4330,Alabama,AL,Lauderdale,1,01077,92709,,12.565183637115553,Relatively Low,2020,22520,01077,"Florence-Muscle Shoals, AL",22520,2020,186.8375,177.885,8.952500000000015
4331,Alabama,AL,Lawrence,1,01079,34339,,8.108326838394497,Very Low,2020,19460,01079,"Decatur, AL",19460,2020,191.1025,179.6625,11.439999999999998
4332,Alabama,AL,Lee,1,01081,140247,,6.486236491446747,Very Low,2020,12220,01081,"Auburn-Opelika, AL",12220,2020,214.1825,204.38,9.802500000000009
4333,Alabama,AL,Limestone,1,01083,82782,,7.670846356805352,Very Low,2020,26620,01083,"Huntsville, AL",26620,2020,202.95,186.84,16.109999999999985
4334,Alabama,AL,Lowndes,1,01085,11299,,8.503400224835568,Very Low,2020,33860,01085,"Montgomery, AL",33860,2020,155.565,148.915,6.650000000000006
4335,Alabama,AL,Macon,1,01087,21452,,9.724672947677348,Relatively Low,2020,12220,01087,"Auburn-Opelika, AL",12220,2020,214.1825,204.38,9.802500000000009
4336,Alabama,AL,Madison,1,01089,334811,,11.016188674950426,Relatively Low,2020,26620,01089,"Huntsville, AL",26620,2020,202.95,186.84,16.109999999999985
4338,Alabama,AL,Mobile,1,01097,412992,,18.854045182503416,Relatively Moderate,2020,33660,01097,"Mobile, AL",33660,2020,201.1575,189.795,11.362500000000011
4339,Alabama,AL,Montgomery,1,01101,229363,,13.857249129311644,Relatively Low,2020,33860,01101,"Montgomery, AL",33860,2020,155.565,148.915,6.650000000000006
4340,Alabama,AL,Morgan,1,01103,119490,,12.279416151919774,Relatively Low,2020,19460,01103,"Decatur, AL",19460,2020,191.1025,179.6625,11.439999999999998
4341,Alabama,AL,Pickens,1,01107,19746,,10.151724035450204,Relatively Low,2020,46220,01107,"Tuscaloosa, AL",46220,2020,211.28,199.37,11.909999999999997
4343,Alabama,AL,Russell,1,01113,52947,,9.415805826186412,Relatively Low,2020,17980,01113,"Columbus, GA-AL",17980,2020,179.86249999999998,170.255,9.607499999999987
4344,Alabama,AL,St. Clair,1,01115,83593,,8.328204724603847,Very Low,2020,13820,01115,"Birmingham, AL",13820,2020,242.01875,225.8825,16.136250000000018
4345,Alabama,AL,Shelby,1,01117,195085,,7.006013241910251,Very Low,2020,13820,01117,"Birmingham, AL",13820,2020,242.01875,225.8825,16.136250000000018
4348,Alabama,AL,Tuscaloosa,1,01125,194656,,10.799067113440168,Relatively Low,2020,46220,01125,"Tuscaloosa, AL",46220,2020,211.28,199.37,11.909999999999997
4349,Alabama,AL,Walker,1,01127,67023,,12.092320567721105,Relatively Low,2020,13820,01127,"Birmingham, AL",13820,2020,242.01875,225.8825,16.136250000000018
4350,Alaska,AK,Anchorage,2,02020,291826,,16.75026650057384,Relatively Moderate,2020,11260,02020,"Anchorage, AK",11260,2020,238.3975,231.0925,7.305000000000007
4351,Alaska,AK,Fairbanks North Star,2,02090,97581,,6.152343074957163,Very Low,2020,21820,02090,"Fairbanks-College, AK",21820,2020,208.88,199.9075,8.972499999999997
4354,Alaska,AK,Matanuska-Susitna,2,02170,88995,,9.395956743918813,Relatively Low,2020,11260,02170,"Anchorage, AK",11260,2020,238.3975,231.0925,7.305000000000007
4355,Arizona,AZ,Cochise,4,04003,131346,,17.61639617611617,Relatively Moderate,2020,43420,04003,"Sierra Vista-Douglas, AZ",43420,2020,202.7125,189.785,12.927500000000009
4356,Arizona,AZ,Coconino,4,04005,134421,,20.797952383250575,Relatively Moderate,2020,22380,04005,"Flagstaff, AZ",22380,2020,291.05,272.64,18.410000000000025
4359,Arizona,AZ,Maricopa,4,04013,3817117,,34.465942822273774,Relatively High,2020,38060,04013,"Phoenix-Mesa-Chandler, AZ",38060,2020,370.575,333.02875,37.546249999999986
4360,Arizona,AZ,Mohave,4,04015,200186,,20.860737295776644,Relatively Moderate,2020,29420,04015,"Lake Havasu City-Kingman, AZ",29420,2020,268.47,247.465,21.005000000000024
4362,Arizona,AZ,Pima,4,04019,980263,,25.586996353457145,Relatively High,2020,46060,04019,"Tucson, AZ",46060,2020,277.88125,255.55375,22.327500000000015
4363,Arizona,AZ,Pinal,4,04021,375770,,15.495048781346757,Relatively Moderate,2020,38060,04021,"Phoenix-Mesa-Chandler, AZ",38060,2020,370.575,333.02875,37.546249999999986
4365,Arizona,AZ,Yavapai,4,04025,211033,,22.745852644246597,Relatively Moderate,2020,39150,04025,"Prescott Valley-Prescott, AZ",39150,2020,280.5825,262.51,18.07249999999999
4366,Arizona,AZ,Yuma,4,04027,195751,,19.616171857596935,Relatively Moderate,2020,49740,04027,"Yuma, AZ",49740,2020,207.5775,193.885,13.692499999999995
4368,Arkansas,AR,Benton,5,05007,221339,,13.160651435980894,Relatively Low,2020,22220,05007,"Fayetteville-Springdale-Rogers, AR",22220,2020,219.555,209.1375,10.417500000000018
4374,Arkansas,AR,Craighead,5,05031,96443,,16.36373906862084,Relatively Moderate,2020,27860,05031,"Jonesboro, AR",27860,2020,187.905,180.20250000000001,7.702499999999986
4375,Arkansas,AR,Crawford,5,05033,61948,,15.072068948178154,Relatively Moderate,2020,22900,05033,"Fort Smith, AR-OK",22900,2020,190.5275,184.7575,5.77000000000001
4376,Arkansas,AR,Crittenden,5,05035,50902,,16.34508867387228,Relatively Moderate,2020,32820,05035,"Memphis, TN-MS-AR",32820,2020,211.2775,196.00375,15.273750000000007
4377,Arkansas,AR,Faulkner,5,05045,113237,,12.42375488286126,Relatively Low,2020,30780,05045,"Little Rock-North Little Rock-Conway, AR",30780,2020,210.035,200.10875,9.92625000000001
4378,Arkansas,AR,Garland,5,05051,96024,,20.90932025660368,Relatively Moderate,2020,26300,05051,"Hot Springs, AR",26300,2020,213.7175,203.155,10.5625
4379,Arkansas,AR,Grant,5,05053,17853,,7.36375096873215,Very Low,2020,30780,05053,"Little Rock-North Little Rock-Conway, AR",30780,2020,210.035,200.10875,9.92625000000001
4384,Arkansas,AR,Little River,5,05081,13171,,11.261541844505974,Relatively Low,2020,45500,05081,"Texarkana, TX-AR",45500,2020,197.43,187.505,9.925000000000011
4385,Arkansas,AR,Lonoke,5,05085,68356,,9.859007428508658,Relatively Low,2020,30780,05085,"Little Rock-North Little Rock-Conway, AR",30780,2020,210.035,200.10875,9.92625000000001
4386,Arkansas,AR,Madison,5,05087,15717,,11.955452797283636,Relatively Low,2020,22220,05087,"Fayetteville-Springdale-Rogers, AR",22220,2020,219.555,209.1375,10.417500000000018
4387,Arkansas,AR,Miller,5,05091,43462,,14.712029328737108,Relatively Moderate,2020,45500,05091,"Texarkana, TX-AR",45500,2020,197.43,187.505,9.925000000000011
4391,Arkansas,AR,Perry,5,05105,10445,,6.951347497009054,Very Low,2020,30780,05105,"Little Rock-North Little Rock-Conway, AR",30780,2020,210.035,200.10875,9.92625000000001
4392,Arkansas,AR,Poinsett,5,05111,24583,,16.986533466691192,Relatively Moderate,2020,27860,05111,"Jonesboro, AR",27860,2020,187.905,180.20250000000001,7.702499999999986
4394,Arkansas,AR,Pulaski,5,05119,382748,,22.51454481094218,Relatively Moderate,2020,30780,05119,"Little Rock-North Little Rock-Conway, AR",30780,2020,210.035,200.10875,9.92625000000001
4396,Arkansas,AR,Saline,5,05125,107118,,10.118994073156632,Relatively Low,2020,30780,05125,"Little Rock-North Little Rock-Conway, AR",30780,2020,210.035,200.10875,9.92625000000001
4397,Arkansas,AR,Sebastian,5,05131,125744,,19.98363933335744,Relatively Moderate,2020,22900,05131,"Fort Smith, AR-OK",22900,2020,190.5275,184.7575,5.77000000000001
4399,Arkansas,AR,Washington,5,05143,203065,,15.593239735308208,Relatively Moderate,2020,22220,05143,"Fayetteville-Springdale-Rogers, AR",22220,2020,219.555,209.1375,10.417500000000018
4404,California,CA,Butte,6,06007,220000,,22.95990802262496,Relatively Moderate,2020,17020,06007,"Chico, CA",17020,2020,293.3,282.9525,10.347500000000025
4407,California,CA,El Dorado,6,06017,181058,,12.62890262705236,Relatively Low,2020,40900,06017,"Sacramento-Roseville-Folsom, CA",40900,2020,288.81916666666666,271.30583333333334,17.51333333333332
4408,California,CA,Fresno,6,06019,930450,,33.341392864412875,Relatively High,2020,23420,06019,"Fresno, CA",23420,2020,257.90875,242.64125,15.267499999999984
4410,California,CA,Imperial,6,06025,174528,,47.54764461233309,Relatively High,2020,20940,06025,"El Centro, CA",20940,2020,227.32,215.01999999999998,12.300000000000011
4412,California,CA,Kern,6,06029,839631,,30.56279098323014,Relatively High,2020,12540,06029,"Bakersfield-Delano, CA",12540,2020,230.725,214.7825,15.942499999999995
4413,California,CA,Kings,6,06031,152982,,16.7336591676336,Relatively Moderate,2020,25260,06031,"Hanford-Corcoran, CA",25260,2020,226.64249999999998,213.7225,12.919999999999987
4417,California,CA,Madera,6,06039,150865,,23.463301611251264,Relatively Moderate,2020,23420,06039,"Fresno, CA",23420,2020,257.90875,242.64125,15.267499999999984
4420,California,CA,Merced,6,06047,255793,,27.809623949376412,Relatively High,2020,32900,06047,"Merced, CA",32900,2020,257.76,246.8525,10.907499999999999
4421,California,CA,Monterey,6,06053,415057,,32.93179485322041,Relatively High,2020,41500,06053,"Salinas, CA",41500,2020,306.5625,292.905,13.657500000000027
4422,California,CA,Napa,6,06055,136484,,23.009838848232015,Relatively Moderate,2020,34900,06055,"Napa, CA",34900,2020,347.28999999999996,337.52250000000004,9.767499999999927
4425,California,CA,Placer,6,06061,348432,,11.798883930062892,Relatively Low,2020,40900,06061,"Sacramento-Roseville-Folsom, CA",40900,2020,288.81916666666666,271.30583333333334,17.51333333333332
4426,California,CA,Riverside,6,06065,2189641,,55.797608722389135,Very High,2020,40140,06065,"Riverside-San Bernardino-Ontario, CA",40140,2020,287.395,267.3275,20.067499999999995
4427,California,CA,Sacramento,6,06067,1418788,,28.665039914346593,Relatively High,2020,40900,06067,"Sacramento-Roseville-Folsom, CA",40900,2020,288.81916666666666,271.30583333333334,17.51333333333332
4428,California,CA,San Benito,6,06069,55269,,17.912841737587538,Relatively Moderate,2020,41940,06069,"San Jose-Sunnyvale-Santa Clara, CA",41940,2020,417.8933333333334,407.2658333333333,10.627500000000055
4429,California,CA,San Bernardino,6,06071,2035210,,52.55740674144922,Very High,2020,40140,06071,"Riverside-San Bernardino-Ontario, CA",40140,2020,287.395,267.3275,20.067499999999995
4430,California,CA,San Diego,6,06073,3095313,,39.66571562894243,Relatively High,2020,41740,06073,"San Diego-Chula Vista-Carlsbad, CA",41740,2020,357.958125,332.26375,25.69437499999998
4432,California,CA,San Joaquin,6,06077,685306,,30.494602288610324,Relatively High,2020,44700,06077,"Stockton-Lodi, CA",44700,2020,265.1125,250.375,14.737500000000011
4433,California,CA,San Luis Obispo,6,06079,269637,,14.822105707311756,Relatively Moderate,2020,42020,06079,"San Luis Obispo-Paso Robles, CA",42020,2020,347.3225,336.2525,11.069999999999993
4435,California,CA,Santa Barbara,6,06083,423895,,29.441923298190716,Relatively High,2020,42200,06083,"Santa Maria-Santa Barbara, CA",42200,2020,316.635,305.725,10.909999999999968
4436,California,CA,Santa Clara,6,06085,1781642,,23.230718716373044,Relatively Moderate,2020,41940,06085,"San Jose-Sunnyvale-Santa Clara, CA",41940,2020,417.8933333333334,407.2658333333333,10.627500000000055
4437,California,CA,Santa Cruz,6,06087,262382,,20.918824702470193,Relatively Moderate,2020,42100,06087,"Santa Cruz-Watsonville, CA",42100,2020,347.5925,343.64,3.9524999999999864
4438,California,CA,Shasta,6,06089,177223,,23.844790764101752,Relatively Moderate,2020,39820,06089,"Redding, CA",39820,2020,246.25,233.78,12.469999999999999
4439,California,CA,Solano,6,06095,413344,,24.35687068839971,Relatively Moderate,2020,46700,06095,"Vallejo, CA",46700,2020,297.95,287.43,10.519999999999982
4440,California,CA,Sonoma,6,06097,483878,,31.11732122112955,Relatively High,2020,42220,06097,"Santa Rosa-Petaluma, CA",42220,2020,335.635,330.46750000000003,5.167499999999961
4441,California,CA,Stanislaus,6,06099,514453,,25.851423335725578,Relatively High,2020,33700,06099,"Modesto, CA",33700,2020,279.1375,263.225,15.912499999999966
4442,California,CA,Sutter,6,06101,94737,,19.19110917138821,Relatively Moderate,2020,49700,06101,"Yuba City, CA",49700,2020,272.41,255.2875,17.12250000000003
4444,California,CA,Tulare,6,06107,442179,,24.17912737491903,Relatively Moderate,2020,47300,06107,"Visalia, CA",47300,2020,226.935,215.18,11.754999999999995
4446,California,CA,Ventura,6,06111,823318,,28.488270455017336,Relatively High,2020,37100,06111,"Oxnard-Thousand Oaks-Ventura, CA",37100,2020,314.79375,298.585,16.20875000000001
4447,California,CA,Yolo,6,06113,200849,,17.48769663254401,Relatively Moderate,2020,40900,06113,"Sacramento-Roseville-Folsom, CA",40900,2020,288.81916666666666,271.30583333333334,17.51333333333332
4448,California,CA,Yuba,6,06115,72155,,14.425524978320846,Relatively Low,2020,49700,06115,"Yuba City, CA",49700,2020,272.41,255.2875,17.12250000000003
4449,Colorado,CO,Adams,8,08001,441603,,25.24630070322564,Relatively Moderate,2020,19740,08001,"Denver-Aurora-Centennial, CO",19740,2020,474.87166666666667,446.4883333333333,28.383333333333383
4451,Colorado,CO,Arapahoe,8,08005,572003,,25.107558136750423,Relatively Moderate,2020,19740,08005,"Denver-Aurora-Centennial, CO",19740,2020,474.87166666666667,446.4883333333333,28.383333333333383
4452,Colorado,CO,Boulder,8,08013,294567,,10.364150069180562,Relatively Low,2020,14500,08013,"Boulder, CO",14500,2020,347.58500000000004,338.115,9.470000000000027
4453,Colorado,CO,Broomfield,8,08014,55889,,8.851093009718998,Very Low,2020,19740,08014,"Denver-Aurora-Centennial, CO",19740,2020,474.87166666666667,446.4883333333333,28.383333333333383
4454,Colorado,CO,Clear Creek,8,08019,9088,,4.593777787893489,Very Low,2020,19740,08019,"Denver-Aurora-Centennial, CO",19740,2020,474.87166666666667,446.4883333333333,28.383333333333383
4457,Colorado,CO,Denver,8,08031,600158,,34.19879854851514,Relatively High,2020,19740,08031,"Denver-Aurora-Centennial, CO",19740,2020,474.87166666666667,446.4883333333333,28.383333333333383
4458,Colorado,CO,Douglas,8,08035,285465,,0.31023423663475,Very Low,2020,19740,08035,"Denver-Aurora-Centennial, CO",19740,2020,474.87166666666667,446.4883333333333,28.383333333333383
4460,Colorado,CO,Elbert,8,08039,23086,,2.690304508195999,Very Low,2020,19740,08039,"Denver-Aurora-Centennial, CO",19740,2020,474.87166666666667,446.4883333333333,28.383333333333383
4461,Colorado,CO,El Paso,8,08041,622263,,14.597098863544709,Relatively Low,2020,17820,08041,"Colorado Springs, CO",17820,2020,350.6375,320.9225,29.714999999999975
4464,Colorado,CO,Gilpin,8,08047,5441,,5.012137194119302,Very Low,2020,19740,08047,"Denver-Aurora-Centennial, CO",19740,2020,474.87166666666667,446.4883333333333,28.383333333333383
4465,Colorado,CO,Jefferson,8,08059,534543,,17.96136957200639,Relatively Moderate,2020,19740,08059,"Denver-Aurora-Centennial, CO",19740,2020,474.87166666666667,446.4883333333333,28.383333333333383
4468,Colorado,CO,Larimer,8,08069,299630,,16.84499106028718,Relatively Moderate,2020,22660,08069,"Fort Collins-Loveland, CO",22660,2020,315.4625,304.705,10.757499999999993
4470,Colorado,CO,Mesa,8,08077,146723,,8.54218239676447,Very Low,2020,24300,08077,"Grand Junction, CO",24300,2020,290.91499999999996,273.1925,17.722499999999968
4474,Colorado,CO,Park,8,08093,16206,,5.985500934875712,Very Low,2020,19740,08093,"Denver-Aurora-Centennial, CO",19740,2020,474.87166666666667,446.4883333333333,28.383333333333383
4476,Colorado,CO,Pueblo,8,08101,159063,,21.555040377121813,Relatively Moderate,2020,39380,08101,"Pueblo, CO",39380,2020,253.2975,232.87,20.42750000000001
4479,Colorado,CO,Teller,8,08119,23350,,8.875207528825714,Very Low,2020,17820,08119,"Colorado Springs, CO",17820,2020,350.6375,320.9225,29.714999999999975
4480,Colorado,CO,Weld,8,08123,252825,,15.441093531712092,Relatively Moderate,2020,24540,08123,"Greeley, CO",24540,2020,304.575,292.03999999999996,12.535000000000025
4481,Delaware,DE,Kent,10,10001,162310,,11.499911729448106,Relatively Low,2020,20100,10001,"Dover, DE",20100,2020,204.57,192.935,11.634999999999991
4485,Florida,FL,Alachua,12,12001,247336,,14.22778755485075,Relatively Low,2020,23540,12001,"Gainesville, FL",23540,2020,256.8575,241.60500000000002,15.252499999999998
4486,Florida,FL,Baker,12,12003,27115,,4.95247688843269,Very Low,2020,27260,12003,"Jacksonville, FL",27260,2020,306.77333333333337,285.1558333333333,21.617500000000064
4487,Florida,FL,Bay,12,12005,168852,,13.379462841218327,Relatively Low,2020,37460,12005,"Panama City-Panama City Beach, FL",37460,2020,271.13,252.70250000000001,18.42749999999998
4488,Florida,FL,Brevard,12,12009,543376,,30.12645817207857,Relatively High,2020,37340,12009,"Palm Bay-Melbourne-Titusville, FL",37340,2020,284.2475,265.86,18.38749999999999
4490,Florida,FL,Charlotte,12,12015,159978,,29.369321191421736,Relatively High,2020,39460,12015,"Punta Gorda, FL",39460,2020,266.5475,254.85500000000002,11.692499999999995
4491,Florida,FL,Citrus,12,12017,141236,,19.498724925554313,Relatively Moderate,2020,26140,12017,"Homosassa Springs, FL",26140,2020,245.6325,228.8075,16.82499999999999
4492,Florida,FL,Clay,12,12019,190865,,12.343168830558753,Relatively Low,2020,27260,12019,"Jacksonville, FL",27260,2020,306.77333333333337,285.1558333333333,21.617500000000064
4493,Florida,FL,Collier,12,12021,321520,,42.92914299235899,Relatively High,2020,34940,12021,"Naples-Marco Island, FL",34940,2020,329.5175,315.71500000000003,13.802499999999952
4496,Florida,FL,Duval,12,12031,864263,,13.460283327834226,Relatively Low,2020,27260,12031,"Jacksonville, FL",27260,2020,306.77333333333337,285.1558333333333,21.617500000000064
4497,Florida,FL,Escambia,12,12033,297619,,27.03340384375629,Relatively High,2020,37860,12033,"Pensacola-Ferry Pass-Brent, FL",37860,2020,258.995,240.76749999999998,18.22750000000002
4498,Florida,FL,Flagler,12,12035,95696,,16.251535360313653,Relatively Moderate,2020,19660,12035,"Deltona-Daytona Beach-Ormond Beach, FL",19660,2020,281.75,264.525,17.225000000000023
4499,Florida,FL,Gadsden,12,12039,46389,,12.268611981226442,Relatively Low,2020,45220,12039,"Tallahassee, FL",45220,2020,221.085,209.85500000000002,11.22999999999999
4500,Florida,FL,Gilchrist,12,12041,16939,,5.592942938530721,Very Low,2020,23540,12041,"Gainesville, FL",23540,2020,256.8575,241.60500000000002,15.252499999999998
4504,Florida,FL,Highlands,12,12055,98786,,32.007423970120875,Relatively High,2020,42700,12055,"Sebring, FL",42700,2020,242.45749999999998,227.695,14.762499999999989
4506,Florida,FL,Indian River,12,12061,138028,,37.36777753643063,Relatively High,2020,42680,12061,"Sebastian-Vero Beach-West Vero Corridor, FL",42680,2020,273.6375,256.83500000000004,16.802499999999952
4507,Florida,FL,Jefferson,12,12065,14761,,7.243023811491692,Very Low,2020,45220,12065,"Tallahassee, FL",45220,2020,221.085,209.85500000000002,11.22999999999999
4508,Florida,FL,Lake,12,12069,297052,,27.511325203710257,Relatively High,2020,36740,12069,"Orlando-Kissimmee-Sanford, FL",36740,2020,295.66833333333335,277.68833333333333,17.980000000000018
4509,Florida,FL,Lee,12,12071,618754,,36.92618150963289,Relatively High,2020,15980,12071,"Cape Coral-Fort Myers, FL",15980,2020,280.3575,262.2875,18.069999999999993
4510,Florida,FL,Leon,12,12073,275487,,11.908661343198764,Relatively Low,2020,45220,12073,"Tallahassee, FL",45220,2020,221.085,209.85500000000002,11.22999999999999
4511,Florida,FL,Levy,12,12075,40801,,10.767147059853524,Relatively Low,2020,23540,12075,"Gainesville, FL",23540,2020,256.8575,241.60500000000002,15.252499999999998
4512,Florida,FL,Manatee,12,12081,322833,,27.211461675765307,Relatively High,2020,35840,12081,"North Port-Bradenton-Sarasota, FL",35840,2020,326.5025,304.84,21.662500000000023
4513,Florida,FL,Marion,12,12083,331298,,25.998684442891314,Relatively High,2020,36100,12083,"Ocala, FL",36100,2020,240.0125,224.49,15.52249999999998
4514,Florida,FL,Martin,12,12085,146318,,31.0284118171606,Relatively High,2020,38940,12085,"Port St. Lucie, FL",38940,2020,281.5725,266.1075,15.464999999999975
4517,Florida,FL,Nassau,12,12089,73314,,8.39258365947643,Very Low,2020,27260,12089,"Jacksonville, FL",27260,2020,306.77333333333337,285.1558333333333,21.617500000000064
4518,Florida,FL,Okaloosa,12,12091,180822,,21.196817958417626,Relatively Moderate,2020,18880,12091,"Crestview-Fort Walton Beach-Destin, FL",18880,2020,278.125,258.46000000000004,19.664999999999964
4520,Florida,FL,Orange,12,12095,1145956,,33.49514680231168,Relatively High,2020,36740,12095,"Orlando-Kissimmee-Sanford, FL",36740,2020,295.66833333333335,277.68833333333333,17.980000000000018
4521,Florida,FL,Osceola,12,12097,268685,,28.98748932288076,Relatively High,2020,36740,12097,"Orlando-Kissimmee-Sanford, FL",36740,2020,295.66833333333335,277.68833333333333,17.980000000000018
4525,Florida,FL,Polk,12,12105,602095,,32.75414845124095,Relatively High,2020,29460,12105,"Lakeland-Winter Haven, FL",29460,2020,281.54375,259.195,22.348749999999995
4527,Florida,FL,St. Johns,12,12109,190039,,12.821336888042865,Relatively Low,2020,27260,12109,"Jacksonville, FL",27260,2020,306.77333333333337,285.1558333333333,21.617500000000064
4528,Florida,FL,St. Lucie,12,12111,277789,,40.09525066235243,Relatively High,2020,38940,12111,"Port St. Lucie, FL",38940,2020,281.5725,266.1075,15.464999999999975
4529,Florida,FL,Santa Rosa,12,12113,151372,,12.521175731487974,Relatively Low,2020,37860,12113,"Pensacola-Ferry Pass-Brent, FL",37860,2020,258.995,240.76749999999998,18.22750000000002
4530,Florida,FL,Sarasota,12,12115,379448,,31.81959163707757,Relatively High,2020,35840,12115,"North Port-Bradenton-Sarasota, FL",35840,2020,326.5025,304.84,21.662500000000023
4531,Florida,FL,Seminole,12,12117,422718,,20.328942092680652,Relatively Moderate,2020,36740,12117,"Orlando-Kissimmee-Sanford, FL",36740,2020,295.66833333333335,277.68833333333333,17.980000000000018
4532,Florida,FL,Sumter,12,12119,93420,,17.385770453622083,Relatively Moderate,2020,48680,12119,"Wildwood-The Villages, FL",48680,2020,275.2475,258.40999999999997,16.837500000000034
4533,Florida,FL,Volusia,12,12127,494593,,35.879601086444325,Relatively High,2020,19660,12127,"Deltona-Daytona Beach-Ormond Beach, FL",19660,2020,281.75,264.525,17.225000000000023
4534,Florida,FL,Wakulla,12,12129,30776,,4.143000437879099,Very Low,2020,45220,12129,"Tallahassee, FL",45220,2020,221.085,209.85500000000002,11.22999999999999
4535,Florida,FL,Walton,12,12131,55043,,13.54752173216112,Relatively Low,2020,18880,12131,"Crestview-Fort Walton Beach-Destin, FL",18880,2020,278.125,258.46000000000004,19.664999999999964
4536,Florida,FL,Washington,12,12133,24896,,7.222784551824343,Very Low,2020,37460,12133,"Panama City-Panama City Beach, FL",37460,2020,271.13,252.70250000000001,18.42749999999998
4542,Georgia,GA,Bibb,13,13021,155547,,17.869964255939873,Relatively Moderate,2020,31420,13021,"Macon-Bibb County, GA",31420,2020,164.1325,155.60500000000002,8.527499999999975
4543,Georgia,GA,Brantley,13,13025,18411,,6.526898426518974,Very Low,2020,15260,13025,"Brunswick-St. Simons, GA",15260,2020,237.39,225.19,12.199999999999989
4544,Georgia,GA,Brooks,13,13027,16243,,7.72644777486619,Very Low,2020,46660,13027,"Valdosta, GA",46660,2020,181.3075,172.7175,8.590000000000003
4545,Georgia,GA,Bryan,13,13029,30233,,4.183127782510101,Very Low,2020,42340,13029,"Savannah, GA",42340,2020,261.03499999999997,247.87,13.164999999999964
4547,Georgia,GA,Burke,13,13033,23316,,10.688378645364557,Relatively Low,2020,12260,13033,"Augusta-Richmond County, GA-SC",12260,2020,198.60750000000002,187.04500000000002,11.5625
4551,Georgia,GA,Catoosa,13,13047,63942,,12.310539676317314,Relatively Low,2020,16860,13047,"Chattanooga, TN-GA",16860,2020,241.45,226.4325,15.017499999999984
4552,Georgia,GA,Chatham,13,13051,265128,,15.295505102049642,Relatively Moderate,2020,42340,13051,"Savannah, GA",42340,2020,261.03499999999997,247.87,13.164999999999964
4553,Georgia,GA,Chattahoochee,13,13053,11267,,0.019576411547462,Very Low,2020,17980,13053,"Columbus, GA-AL",17980,2020,179.86249999999998,170.255,9.607499999999987
4556,Georgia,GA,Clarke,13,13059,116714,,17.601409269202033,Relatively Moderate,2020,12020,13059,"Athens-Clarke County, GA",12020,2020,243.2225,227.035,16.1875
4561,Georgia,GA,Columbia,13,13073,124053,,6.125046669384469,Very Low,2020,12260,13073,"Augusta-Richmond County, GA-SC",12260,2020,198.60750000000002,187.04500000000002,11.5625
4563,Georgia,GA,Crawford,13,13079,12630,,5.199260837734571,Very Low,2020,31420,13079,"Macon-Bibb County, GA",31420,2020,164.1325,155.60500000000002,8.527499999999975
4565,Georgia,GA,Dade,13,13083,16633,,9.384212153177891,Relatively Low,2020,16860,13083,"Chattanooga, TN-GA",16860,2020,241.45,226.4325,15.017499999999984
4569,Georgia,GA,Dougherty,13,13095,94565,,19.213308249647735,Relatively Moderate,2020,10500,13095,"Albany, GA",10500,2020,164.8775,159.10750000000002,5.769999999999982
4571,Georgia,GA,Echols,13,13101,4034,,4.346982398599919,Very Low,2020,46660,13101,"Valdosta, GA",46660,2020,181.3075,172.7175,8.590000000000003
4572,Georgia,GA,Effingham,13,13103,52250,,4.59243944916752,Very Low,2020,42340,13103,"Savannah, GA",42340,2020,261.03499999999997,247.87,13.164999999999964
4575,Georgia,GA,Floyd,13,13115,96317,,17.576824426897456,Relatively Moderate,2020,40660,13115,"Rome, GA",40660,2020,203.865,193.45,10.41500000000002
4578,Georgia,GA,Glynn,13,13127,79626,,13.791146528584312,Relatively Low,2020,15260,13127,"Brunswick-St. Simons, GA",15260,2020,237.39,225.19,12.199999999999989
4583,Georgia,GA,Hall,13,13139,179684,,14.933542001033087,Relatively Moderate,2020,23580,13139,"Gainesville, GA",23580,2020,234.4775,219.8775,14.599999999999994
4585,Georgia,GA,Harris,13,13145,32024,,4.252788355983007,Very Low,2020,17980,13145,"Columbus, GA-AL",17980,2020,179.86249999999998,170.255,9.607499999999987
4588,Georgia,GA,Houston,13,13153,139900,,9.556951686645542,Relatively Low,2020,47580,13153,"Warner Robins, GA",47580,2020,170.4325,161.72750000000002,8.704999999999984
4592,Georgia,GA,Jones,13,13169,28669,,6.042475748444028,Very Low,2020,31420,13169,"Macon-Bibb County, GA",31420,2020,164.1325,155.60500000000002,8.527499999999975
4593,Georgia,GA,Lanier,13,13173,10078,,5.507647120549296,Very Low,2020,46660,13173,"Valdosta, GA",46660,2020,181.3075,172.7175,8.590000000000003
4595,Georgia,GA,Lee,13,13177,28298,,3.866983441851306,Very Low,2020,10500,13177,"Albany, GA",10500,2020,164.8775,159.10750000000002,5.769999999999982
4596,Georgia,GA,Liberty,13,13179,63453,,6.083532111187683,Very Low,2020,25980,13179,"Hinesville, GA",25980,2020,177.6125,167.1175,10.495000000000005
4597,Georgia,GA,Lincoln,13,13181,7996,,6.802272075505027,Very Low,2020,12260,13181,"Augusta-Richmond County, GA-SC",12260,2020,198.60750000000002,187.04500000000002,11.5625
4598,Georgia,GA,Long,13,13183,14464,,4.26506143541772,Very Low,2020,25980,13183,"Hinesville, GA",25980,2020,177.6125,167.1175,10.495000000000005
4599,Georgia,GA,Lowndes,13,13185,109233,,13.059936850880089,Relatively Low,2020,46660,13185,"Valdosta, GA",46660,2020,181.3075,172.7175,8.590000000000003
4601,Georgia,GA,McDuffie,13,13189,21875,,9.456752910409206,Relatively Low,2020,12260,13189,"Augusta-Richmond County, GA-SC",12260,2020,198.60750000000002,187.04500000000002,11.5625
4602,Georgia,GA,McIntosh,13,13191,14333,,8.563288065327606,Very Low,2020,15260,13191,"Brunswick-St. Simons, GA",15260,2020,237.39,225.19,12.199999999999989
4603,Georgia,GA,Madison,13,13195,28120,,9.66135840131332,Relatively Low,2020,12020,13195,"Athens-Clarke County, GA",12020,2020,243.2225,227.035,16.1875
4604,Georgia,GA,Marion,13,13197,8742,,5.478841926805467,Very Low,2020,17980,13197,"Columbus, GA-AL",17980,2020,179.86249999999998,170.255,9.607499999999987
4606,Georgia,GA,Monroe,13,13207,26424,,7.496676075790258,Very Low,2020,31420,13207,"Macon-Bibb County, GA",31420,2020,164.1325,155.60500000000002,8.527499999999975
4609,Georgia,GA,Murray,13,13213,39628,,10.327619326748833,Relatively Low,2020,19140,13213,"Dalton, GA",19140,2020,205.6,191.215,14.384999999999991
4610,Georgia,GA,Muscogee,13,13215,189885,,13.856890722802632,Relatively Low,2020,17980,13215,"Columbus, GA-AL",17980,2020,179.86249999999998,170.255,9.607499999999987
4612,Georgia,GA,Oconee,13,13219,32808,,4.360107312267588,Very Low,2020,12020,13219,"Athens-Clarke County, GA",12020,2020,243.2225,227.035,16.1875
4613,Georgia,GA,Oglethorpe,13,13221,14899,,4.690099800981781,Very Low,2020,12020,13221,"Athens-Clarke County, GA",12020,2020,243.2225,227.035,16.1875
4615,Georgia,GA,Peach,13,13225,27695,,9.80969536331428,Relatively Low,2020,47580,13225,"Warner Robins, GA",47580,2020,170.4325,161.72750000000002,8.704999999999984
4621,Georgia,GA,Richmond,13,13245,200549,,23.682724048847177,Relatively Moderate,2020,12260,13245,"Augusta-Richmond County, GA-SC",12260,2020,198.60750000000002,187.04500000000002,11.5625
4626,Georgia,GA,Stewart,13,13259,6058,,8.244946798137983,Very Low,2020,17980,13259,"Columbus, GA-AL",17980,2020,179.86249999999998,170.255,9.607499999999987
4628,Georgia,GA,Talbot,13,13263,6865,,6.359791300735882,Very Low,2020,17980,13263,"Columbus, GA-AL",17980,2020,179.86249999999998,170.255,9.607499999999987
4629,Georgia,GA,Terrell,13,13273,9315,,11.007411039820376,Relatively Low,2020,10500,13273,"Albany, GA",10500,2020,164.8775,159.10750000000002,5.769999999999982
4635,Georgia,GA,Twiggs,13,13289,9023,,6.02986028386094,Very Low,2020,31420,13289,"Macon-Bibb County, GA",31420,2020,164.1325,155.60500000000002,8.527499999999975
4637,Georgia,GA,Walker,13,13295,68756,,10.84181438937266,Relatively Low,2020,16860,13295,"Chattanooga, TN-GA",16860,2020,241.45,226.4325,15.017499999999984
4641,Georgia,GA,Whitfield,13,13313,102599,,16.464994348220564,Relatively Moderate,2020,19140,13313,"Dalton, GA",19140,2020,205.6,191.215,14.384999999999991
4642,Georgia,GA,Worth,13,13321,21679,,10.526738409594516,Relatively Low,2020,10500,13321,"Albany, GA",10500,2020,164.8775,159.10750000000002,5.769999999999982
4644,Hawaii,HI,Honolulu,15,15003,953207,,22.448375568759225,Relatively Moderate,2020,46520,15003,"Urban Honolulu, HI",46520,2020,249.275,247.38,1.8950000000000102
4645,Hawaii,HI,Kalawao,15,15005,90,,0.171880766828467,Very Low,2020,27980,15005,"Kahului-Wailuku, HI",27980,2020,288.625,279.3875,9.237500000000011
4647,Hawaii,HI,Maui,15,15009,154834,,19.262449567611807,Relatively Moderate,2020,27980,15009,"Kahului-Wailuku, HI",27980,2020,288.625,279.3875,9.237500000000011
4648,Idaho,ID,Ada,16,16001,392365,,10.07464423260654,Relatively Low,2020,14260,16001,"Boise City, ID",14260,2020,406.25125,354.64,51.61125000000004
4649,Idaho,ID,Bannock,16,16005,82839,,10.70547764797382,Relatively Low,2020,38540,16005,"Pocatello, ID",38540,2020,253.025,229.2275,23.797500000000014
4652,Idaho,ID,Boise,16,16015,7028,,11.559748320820958,Relatively Low,2020,14260,16015,"Boise City, ID",14260,2020,406.25125,354.64,51.61125000000004
4654,Idaho,ID,Bonneville,16,16019,104234,,9.635003572931568,Relatively Low,2020,26820,16019,"Idaho Falls, ID",26820,2020,273.20500000000004,243.4325,29.772500000000036
4655,Idaho,ID,Butte,16,16023,2891,,4.815274718253033,Very Low,2020,26820,16023,"Idaho Falls, ID",26820,2020,273.20500000000004,243.4325,29.772500000000036
4657,Idaho,ID,Canyon,16,16027,188923,,11.078271142719675,Relatively Low,2020,14260,16027,"Boise City, ID",14260,2020,406.25125,354.64,51.61125000000004
4660,Idaho,ID,Franklin,16,16041,12786,,4.654167696963325,Very Low,2020,30860,16041,"Logan, UT-ID",30860,2020,264.65999999999997,246.005,18.654999999999973
4662,Idaho,ID,Gem,16,16045,16719,,7.115471505916278,Very Low,2020,14260,16045,"Boise City, ID",14260,2020,406.25125,354.64,51.61125000000004
4663,Idaho,ID,Jefferson,16,16051,26140,,6.566100037753087,Very Low,2020,26820,16051,"Idaho Falls, ID",26820,2020,273.20500000000004,243.4325,29.772500000000036
4664,Idaho,ID,Jerome,16,16053,22374,,11.02496026452455,Relatively Low,2020,46300,16053,"Twin Falls, ID",46300,2020,261.84499999999997,240.375,21.46999999999997
4665,Idaho,ID,Kootenai,16,16055,138494,,7.262832997630599,Very Low,2020,17660,16055,"Coeur d'Alene, ID",17660,2020,315.6,283.235,32.36500000000001
4670,Idaho,ID,Nez Perce,16,16069,39265,,6.398447977945708,Very Low,2020,30300,16069,"Lewiston, ID-WA",30300,2020,258.02250000000004,241.985,16.037500000000023
4672,Idaho,ID,Owyhee,16,16073,11526,,7.524664363966812,Very Low,2020,14260,16073,"Boise City, ID",14260,2020,406.25125,354.64,51.61125000000004
4675,Idaho,ID,Twin Falls,16,16083,77230,,12.04623025636208,Relatively Low,2020,46300,16083,"Twin Falls, ID",46300,2020,261.84499999999997,240.375,21.46999999999997
4677,Illinois,IL,Alexander,17,17003,8238,,23.429687139703766,Relatively Moderate,2020,16020,17003,"Cape Girardeau, MO-IL",16020,2020,187.3825,179.1675,8.215000000000003
4678,Illinois,IL,Bond,17,17005,17768,,7.408830023054711,Very Low,2020,41180,17005,"St. Louis, MO-IL",41180,2020,227.51833333333335,213.63916666666668,13.879166666666663
4679,Illinois,IL,Boone,17,17007,54165,,6.855402637119315,Very Low,2020,40420,17007,"Rockford, IL",40420,2020,141.8425,136.5325,5.310000000000002
4681,Illinois,IL,Calhoun,17,17013,5089,,6.397885678214206,Very Low,2020,41180,17013,"St. Louis, MO-IL",41180,2020,227.51833333333335,213.63916666666668,13.879166666666663
4682,Illinois,IL,Champaign,17,17019,201081,,14.687088878108034,Relatively Moderate,2020,16580,17019,"Champaign-Urbana, IL",16580,2020,189.095,183.9925,5.102499999999992
4684,Illinois,IL,Clinton,17,17027,37762,,7.834737617031977,Very Low,2020,41180,17027,"St. Louis, MO-IL",41180,2020,227.51833333333335,213.63916666666668,13.879166666666663
4691,Illinois,IL,Ford,17,17053,14081,,7.610204533755103,Very Low,2020,16580,17053,"Champaign-Urbana, IL",16580,2020,189.095,183.9925,5.102499999999992
4695,Illinois,IL,Henry,17,17073,50486,,12.077690668842571,Relatively Low,2020,19340,17073,"Davenport-Moline-Rock Island, IA-IL",19340,2020,202.945,196.6525,6.29249999999999
4698,Illinois,IL,Jersey,17,17083,22985,,9.28049791359534,Relatively Low,2020,41180,17083,"St. Louis, MO-IL",41180,2020,227.51833333333335,213.63916666666668,13.879166666666663
4700,Illinois,IL,Kankakee,17,17091,113449,,10.54567010628092,Relatively Low,2020,28100,17091,"Kankakee, IL",28100,2020,159.5275,153.7975,5.72999999999999
4710,Illinois,IL,McLean,17,17113,169572,,11.90729932379208,Relatively Low,2020,14010,17113,"Bloomington, IL",14010,2020,152.47,148.96249999999998,3.5075000000000216
4711,Illinois,IL,Macon,17,17115,110768,,19.83594872153228,Relatively Moderate,2020,19500,17115,"Decatur, IL",19500,2020,157.765,152.9125,4.852499999999992
4712,Illinois,IL,Macoupin,17,17117,47765,,10.36752788984388,Relatively Low,2020,41180,17117,"St. Louis, MO-IL",41180,2020,227.51833333333335,213.63916666666668,13.879166666666663
4713,Illinois,IL,Madison,17,17119,269282,,16.26771693451827,Relatively Moderate,2020,41180,17119,"St. Louis, MO-IL",41180,2020,227.51833333333335,213.63916666666668,13.879166666666663
4715,Illinois,IL,Marshall,17,17123,12640,,9.425567443084356,Relatively Low,2020,37900,17123,"Peoria, IL",37900,2020,170.28,165.115,5.164999999999992
4716,Illinois,IL,Massac,17,17127,15429,,15.823486490941454,Relatively Moderate,2020,37140,17127,"Paducah, KY-IL",37140,2020,185.7475,179.79250000000002,5.954999999999984
4717,Illinois,IL,Menard,17,17129,12705,,9.048352833610352,Relatively Low,2020,44100,17129,"Springfield, IL",44100,2020,155.0925,152.3375,2.7549999999999955
4718,Illinois,IL,Mercer,17,17131,16434,,9.401468695300562,Relatively Low,2020,19340,17131,"Davenport-Moline-Rock Island, IA-IL",19340,2020,202.945,196.6525,6.29249999999999
4719,Illinois,IL,Monroe,17,17133,32957,,6.17290550905413,Very Low,2020,41180,17133,"St. Louis, MO-IL",41180,2020,227.51833333333335,213.63916666666668,13.879166666666663
4722,Illinois,IL,Peoria,17,17143,186494,,17.313116980934772,Relatively Moderate,2020,37900,17143,"Peoria, IL",37900,2020,170.28,165.115,5.164999999999992
4723,Illinois,IL,Piatt,17,17147,16729,,5.596086342412195,Very Low,2020,16580,17147,"Champaign-Urbana, IL",16580,2020,189.095,183.9925,5.102499999999992
4725,Illinois,IL,Rock Island,17,17161,147546,,14.629703522980034,Relatively Low,2020,19340,17161,"Davenport-Moline-Rock Island, IA-IL",19340,2020,202.945,196.6525,6.29249999999999
4726,Illinois,IL,St. Clair,17,17163,270056,,22.501285756895086,Relatively Moderate,2020,41180,17163,"St. Louis, MO-IL",41180,2020,227.51833333333335,213.63916666666668,13.879166666666663
4727,Illinois,IL,Sangamon,17,17167,197465,,15.504409042842314,Relatively Moderate,2020,44100,17167,"Springfield, IL",44100,2020,155.0925,152.3375,2.7549999999999955
4729,Illinois,IL,Stark,17,17175,5994,,7.978802092374067,Very Low,2020,37900,17175,"Peoria, IL",37900,2020,170.28,165.115,5.164999999999992
4731,Illinois,IL,Tazewell,17,17179,135394,,14.72257676582416,Relatively Moderate,2020,37900,17179,"Peoria, IL",37900,2020,170.28,165.115,5.164999999999992
4736,Illinois,IL,Winnebago,17,17201,295266,,23.75423943423031,Relatively Moderate,2020,40420,17201,"Rockford, IL",40420,2020,141.8425,136.5325,5.310000000000002
4737,Illinois,IL,Woodford,17,17203,38664,,6.883949913900753,Very Low,2020,37900,17203,"Peoria, IL",37900,2020,170.28,165.115,5.164999999999992
4739,Indiana,IN,Allen,18,18003,355329,,15.432418548440484,Relatively Moderate,2020,23060,18003,"Fort Wayne, IN",23060,2020,188.875,176.875,12.0
4740,Indiana,IN,Bartholomew,18,18005,76794,,10.612064148413966,Relatively Low,2020,18020,18005,"Columbus, IN",18020,2020,187.1025,177.3425,9.759999999999991
4741,Indiana,IN,Benton,18,18007,8854,,5.725224381966919,Very Low,2020,29200,18007,"Lafayette-West Lafayette, IN",29200,2020,178.9225,169.6725,9.25
4742,Indiana,IN,Boone,18,18011,56640,,4.832986133493753,Very Low,2020,26900,18011,"Indianapolis-Carmel-Greenwood, IN",26900,2020,217.15,199.14916666666667,18.000833333333333
4743,Indiana,IN,Brown,18,18013,15242,,8.652249997102572,Very Low,2020,26900,18013,"Indianapolis-Carmel-Greenwood, IN",26900,2020,217.15,199.14916666666667,18.000833333333333
4744,Indiana,IN,Carroll,18,18015,20155,,8.04478709643556,Very Low,2020,29200,18015,"Lafayette-West Lafayette, IN",29200,2020,178.9225,169.6725,9.25
4746,Indiana,IN,Clark,18,18019,110232,,10.670150083331396,Relatively Low,2020,31140,18019,"Louisville/Jefferson County, KY-IN",31140,2020,251.27375,235.62375,15.650000000000006
4747,Indiana,IN,Clay,18,18021,26890,,9.228611226862643,Relatively Low,2020,45460,18021,"Terre Haute, IN",45460,2020,175.15,166.6,8.550000000000011
4750,Indiana,IN,Dearborn,18,18029,50047,,7.108333635497091,Very Low,2020,17140,18029,"Cincinnati, OH-KY-IN",17140,2020,216.89916666666667,200.53416666666666,16.36500000000001
4753,Indiana,IN,Delaware,18,18035,117671,,17.057250886277448,Relatively Moderate,2020,34620,18035,"Muncie, IN",34620,2020,170.5075,161.0325,9.474999999999994
4755,Indiana,IN,Elkhart,18,18039,197559,,13.858494663184276,Relatively Low,2020,21140,18039,"Elkhart-Goshen, IN",21140,2020,197.2925,187.14249999999998,10.150000000000006
4757,Indiana,IN,Floyd,18,18043,74578,,9.412722983099943,Relatively Low,2020,31140,18043,"Louisville/Jefferson County, KY-IN",31140,2020,251.27375,235.62375,15.650000000000006
4758,Indiana,IN,Franklin,18,18047,23087,,6.382528316718403,Very Low,2020,17140,18047,"Cincinnati, OH-KY-IN",17140,2020,216.89916666666667,200.53416666666666,16.36500000000001
4760,Indiana,IN,Hamilton,18,18057,274569,,3.722838710365391,Very Low,2020,26900,18057,"Indianapolis-Carmel-Greenwood, IN",26900,2020,217.15,199.14916666666667,18.000833333333333
4761,Indiana,IN,Hancock,18,18059,70002,,5.247627569941069,Very Low,2020,26900,18059,"Indianapolis-Carmel-Greenwood, IN",26900,2020,217.15,199.14916666666667,18.000833333333333
4762,Indiana,IN,Harrison,18,18061,39364,,7.430724647719527,Very Low,2020,31140,18061,"Louisville/Jefferson County, KY-IN",31140,2020,251.27375,235.62375,15.650000000000006
4763,Indiana,IN,Hendricks,18,18063,145448,,4.82222618318601,Very Low,2020,26900,18063,"Indianapolis-Carmel-Greenwood, IN",26900,2020,217.15,199.14916666666667,18.000833333333333
4765,Indiana,IN,Howard,18,18067,82752,,16.09273587269887,Relatively Moderate,2020,29020,18067,"Kokomo, IN",29020,2020,160.4525,152.1075,8.344999999999999
4770,Indiana,IN,Johnson,18,18081,139654,,12.170257765855176,Relatively Low,2020,26900,18081,"Indianapolis-Carmel-Greenwood, IN",26900,2020,217.15,199.14916666666667,18.000833333333333
4774,Indiana,IN,LaPorte,18,18091,111467,,9.714521427727387,Relatively Low,2020,33140,18091,"Michigan City-La Porte, IN",33140,2020,199.805,188.855,10.950000000000017
4776,Indiana,IN,Madison,18,18095,131636,,16.164642086320146,Relatively Moderate,2020,26900,18095,"Indianapolis-Carmel-Greenwood, IN",26900,2020,217.15,199.14916666666667,18.000833333333333
4777,Indiana,IN,Marion,18,18097,903393,,27.012285622765127,Relatively High,2020,26900,18097,"Indianapolis-Carmel-Greenwood, IN",26900,2020,217.15,199.14916666666667,18.000833333333333
4780,Indiana,IN,Monroe,18,18105,137974,,11.66530335465798,Relatively Low,2020,14020,18105,"Bloomington, IN",14020,2020,228.0025,215.15249999999997,12.850000000000023
4782,Indiana,IN,Morgan,18,18109,68894,,9.003220968226797,Relatively Low,2020,26900,18109,"Indianapolis-Carmel-Greenwood, IN",26900,2020,217.15,199.14916666666667,18.000833333333333
4785,Indiana,IN,Ohio,18,18115,6128,,8.657305762713442,Very Low,2020,17140,18115,"Cincinnati, OH-KY-IN",17140,2020,216.89916666666667,200.53416666666666,16.36500000000001
4786,Indiana,IN,Owen,18,18119,21575,,7.510898363240782,Very Low,2020,14020,18119,"Bloomington, IN",14020,2020,228.0025,215.15249999999997,12.850000000000023
4788,Indiana,IN,Posey,18,18129,25910,,8.819915675216164,Very Low,2020,21780,18129,"Evansville, IN",21780,2020,199.7775,191.45,8.327500000000015
4790,Indiana,IN,St. Joseph,18,18141,266931,,11.975154324853342,Relatively Low,2020,43780,18141,"South Bend-Mishawaka, IN-MI",43780,2020,197.4975,186.46,11.037499999999994
4794,New York,NY,Tioga,36,36107,51125,,10.195789580961236,Relatively Low,2020,13780,36107,"Binghamton, NY",13780,2020,191.98250000000002,180.4275,11.555000000000007
4795,New York,NY,Tompkins,36,36109,101564,,7.128848491528196,Very Low,2020,27060,36109,"Ithaca, NY",27060,2020,239.97,228.9775,10.992500000000007
4796,New York,NY,Ulster,36,36111,182493,,10.975512066604416,Relatively Low,2020,28740,36111,"Kingston, NY",28740,2020,282.2675,262.725,19.54249999999996
4797,New York,NY,Warren,36,36113,65707,,10.970125678471764,Relatively Low,2020,24020,36113,"Glens Falls, NY",24020,2020,221.7775,207.26,14.517500000000013
4798,New York,NY,Washington,36,36115,63216,,7.842274925213795,Very Low,2020,24020,36115,"Glens Falls, NY",24020,2020,221.7775,207.26,14.517500000000013
4799,New York,NY,Wayne,36,36117,93772,,7.34033656017094,Very Low,2020,40380,36117,"Rochester, NY",40380,2020,181.68875,169.80625,11.882499999999993
4801,North Carolina,NC,Alamance,37,37001,151131,,18.1863836241207,Relatively Moderate,2020,15500,37001,"Burlington, NC",15500,2020,175.73499999999999,166.79000000000002,8.944999999999965
4802,North Carolina,NC,Alexander,37,37003,37198,,8.055224523875996,Very Low,2020,25860,37003,"Hickory-Lenoir-Morganton, NC",25860,2020,205.565,192.3225,13.242500000000007
4803,North Carolina,NC,Anson,37,37007,26948,,11.447673818418258,Relatively Low,2020,16740,37007,"Charlotte-Concord-Gastonia, NC-SC",16740,2020,267.94166666666666,247.0,20.941666666666663
4805,North Carolina,NC,Brunswick,37,37019,107431,,17.03201138645282,Relatively Moderate,2020,48900,37019,"Wilmington, NC",48900,2020,255.6275,240.01,15.617500000000007
4806,North Carolina,NC,Buncombe,37,37021,238318,,16.528107765512257,Relatively Moderate,2020,11700,37021,"Asheville, NC",11700,2020,320.4125,305.52250000000004,14.889999999999986
4807,North Carolina,NC,Burke,37,37023,90912,,13.637618825742695,Relatively Low,2020,25860,37023,"Hickory-Lenoir-Morganton, NC",25860,2020,205.565,192.3225,13.242500000000007
4808,North Carolina,NC,Cabarrus,37,37025,178011,,10.16766435814212,Relatively Low,2020,16740,37025,"Charlotte-Concord-Gastonia, NC-SC",16740,2020,267.94166666666666,247.0,20.941666666666663
4809,North Carolina,NC,Caldwell,37,37027,83029,,12.044619303631563,Relatively Low,2020,25860,37027,"Hickory-Lenoir-Morganton, NC",25860,2020,205.565,192.3225,13.242500000000007
4810,North Carolina,NC,Camden,37,37029,9980,,3.904937520048762,Very Low,2020,47260,37029,"Virginia Beach-Chesapeake-Norfolk, VA-NC",47260,2020,257.56333333333333,241.8275,15.735833333333346
4812,North Carolina,NC,Catawba,37,37035,154358,,15.21268472472763,Relatively Moderate,2020,25860,37035,"Hickory-Lenoir-Morganton, NC",25860,2020,205.565,192.3225,13.242500000000007
4813,North Carolina,NC,Chatham,37,37037,63505,,14.54331750067968,Relatively Low,2020,20500,37037,"Durham-Chapel Hill, NC",20500,2020,242.58499999999998,231.6125,10.972499999999968
4816,North Carolina,NC,Cumberland,37,37051,319431,,17.127874281744955,Relatively Moderate,2020,22180,37051,"Fayetteville, NC",22180,2020,164.5575,153.805,10.752499999999998
4817,North Carolina,NC,Currituck,37,37053,23547,,4.781582841045796,Very Low,2020,47260,37053,"Virginia Beach-Chesapeake-Norfolk, VA-NC",47260,2020,257.56333333333333,241.8275,15.735833333333346
4819,North Carolina,NC,Davidson,37,37057,162878,,14.22541672398232,Relatively Low,2020,49180,37057,"Winston-Salem, NC",49180,2020,186.1775,175.995,10.182500000000005
4820,North Carolina,NC,Davie,37,37059,41240,,7.680344795130744,Very Low,2020,49180,37059,"Winston-Salem, NC",49180,2020,186.1775,175.995,10.182500000000005
4821,North Carolina,NC,Durham,37,37063,267587,,22.933152083465934,Relatively Moderate,2020,20500,37063,"Durham-Chapel Hill, NC",20500,2020,242.58499999999998,231.6125,10.972499999999968
4822,North Carolina,NC,Edgecombe,37,37065,56552,,24.022544103035543,Relatively Moderate,2020,40580,37065,"Rocky Mount, NC",40580,2020,164.1525,155.865,8.287499999999994
4823,North Carolina,NC,Forsyth,37,37067,350670,,19.209892141596143,Relatively Moderate,2020,49180,37067,"Winston-Salem, NC",49180,2020,186.1775,175.995,10.182500000000005
4824,North Carolina,NC,Franklin,37,37069,60619,,10.930993228688187,Relatively Low,2020,39580,37069,"Raleigh-Cary, NC",39580,2020,261.19375,244.8775,16.316250000000025
4825,North Carolina,NC,Gaston,37,37071,206086,,16.0910907648915,Relatively Moderate,2020,16740,37071,"Charlotte-Concord-Gastonia, NC-SC",16740,2020,267.94166666666666,247.0,20.941666666666663
4826,North Carolina,NC,Gates,37,37073,12197,,4.907435794198415,Very Low,2020,47260,37073,"Virginia Beach-Chesapeake-Norfolk, VA-NC",47260,2020,257.56333333333333,241.8275,15.735833333333346
4827,North Carolina,NC,Guilford,37,37081,488406,,19.225798192237686,Relatively Moderate,2020,24660,37081,"Greensboro-High Point, NC",24660,2020,197.06125,182.9225,14.138749999999987
4831,North Carolina,NC,Henderson,37,37089,106740,,17.6508030821193,Relatively Moderate,2020,11700,37089,"Asheville, NC",11700,2020,320.4125,305.52250000000004,14.889999999999986
4832,North Carolina,NC,Hoke,37,37093,46952,,12.66027013993838,Relatively Low,2020,22180,37093,"Fayetteville, NC",22180,2020,164.5575,153.805,10.752499999999998
4833,North Carolina,NC,Iredell,37,37097,159437,,10.980808783319912,Relatively Low,2020,16740,37097,"Charlotte-Concord-Gastonia, NC-SC",16740,2020,267.94166666666666,247.0,20.941666666666663
4834,North Carolina,NC,Johnston,37,37101,168878,,13.693781793267451,Relatively Low,2020,39580,37101,"Raleigh-Cary, NC",39580,2020,261.19375,244.8775,16.316250000000025
4838,North Carolina,NC,Lincoln,37,37109,78265,,9.468080374054836,Relatively Low,2020,16740,37109,"Charlotte-Concord-Gastonia, NC-SC",16740,2020,267.94166666666666,247.0,20.941666666666663
4840,North Carolina,NC,Madison,37,37115,20764,,9.168136916000067,Relatively Low,2020,11700,37115,"Asheville, NC",11700,2020,320.4125,305.52250000000004,14.889999999999986
4841,North Carolina,NC,Mecklenburg,37,37119,919628,,16.885840824930273,Relatively Moderate,2020,16740,37119,"Charlotte-Concord-Gastonia, NC-SC",16740,2020,267.94166666666666,247.0,20.941666666666663
4842,North Carolina,NC,Moore,37,37125,88247,,18.248451867806452,Relatively Moderate,2020,38240,37125,"Pinehurst-Southern Pines, NC",38240,2020,212.1375,203.325,8.8125
4843,North Carolina,NC,Nash,37,37127,95840,,16.691137244436547,Relatively Moderate,2020,40580,37127,"Rocky Mount, NC",40580,2020,164.1525,155.865,8.287499999999994
4844,North Carolina,NC,New Hanover,37,37129,202667,,16.552868185274292,Relatively Moderate,2020,48900,37129,"Wilmington, NC",48900,2020,255.6275,240.01,15.617500000000007
4846,North Carolina,NC,Onslow,37,37133,177772,,10.282787471102784,Relatively Low,2020,27340,37133,"Jacksonville, NC",27340,2020,221.82999999999998,210.1125,11.717499999999973
4847,North Carolina,NC,Orange,37,37135,133801,,10.602514630054756,Relatively Low,2020,20500,37135,"Durham-Chapel Hill, NC",20500,2020,242.58499999999998,231.6125,10.972499999999968
4850,North Carolina,NC,Pender,37,37141,52217,,13.228444706395472,Relatively Low,2020,48900,37141,"Wilmington, NC",48900,2020,255.6275,240.01,15.617500000000007
4851,North Carolina,NC,Person,37,37145,39464,,12.209321093648333,Relatively Low,2020,20500,37145,"Durham-Chapel Hill, NC",20500,2020,242.58499999999998,231.6125,10.972499999999968
4852,North Carolina,NC,Pitt,37,37147,168148,,14.652298920335516,Relatively Low,2020,24780,37147,"Greenville, NC",24780,2020,172.085,163.8975,8.1875
4853,North Carolina,NC,Randolph,37,37151,141752,,15.665260114849952,Relatively Moderate,2020,24660,37151,"Greensboro-High Point, NC",24660,2020,197.06125,182.9225,14.138749999999987
4856,North Carolina,NC,Rockingham,37,37157,93643,,13.23045610869822,Relatively Low,2020,24660,37157,"Greensboro-High Point, NC",24660,2020,197.06125,182.9225,14.138749999999987
4857,North Carolina,NC,Rowan,37,37159,138428,,14.387851985954567,Relatively Low,2020,16740,37159,"Charlotte-Concord-Gastonia, NC-SC",16740,2020,267.94166666666666,247.0,20.941666666666663
4861,North Carolina,NC,Stokes,37,37169,47401,,9.684436000219236,Relatively Low,2020,49180,37169,"Winston-Salem, NC",49180,2020,186.1775,175.995,10.182500000000005
4864,North Carolina,NC,Union,37,37179,201292,,6.28774960961302,Very Low,2020,16740,37179,"Charlotte-Concord-Gastonia, NC-SC",16740,2020,267.94166666666666,247.0,20.941666666666663
4866,North Carolina,NC,Wake,37,37183,900993,,13.898183103528645,Relatively Low,2020,39580,37183,"Raleigh-Cary, NC",39580,2020,261.19375,244.8775,16.316250000000025
4868,North Carolina,NC,Wayne,37,37191,122623,,20.464912592922825,Relatively Moderate,2020,24140,37191,"Goldsboro, NC",24140,2020,170.9225,165.01,5.912500000000023
4871,North Carolina,NC,Yadkin,37,37197,38406,,9.253070527708402,Relatively Low,2020,49180,37197,"Winston-Salem, NC",49180,2020,186.1775,175.995,10.182500000000005
4873,North Dakota,ND,Burleigh,38,38015,81308,,10.243708819102254,Relatively Low,2020,13900,38015,"Bismarck, ND",13900,2020,292.5925,286.53,6.0625
4874,North Dakota,ND,Cass,38,38017,149778,,16.890194972913886,Relatively Moderate,2020,22020,38017,"Fargo, ND-MN",22020,2020,254.525,248.4875,6.037499999999994
4876,North Dakota,ND,Grand Forks,38,38035,66861,,11.263408056396283,Relatively Low,2020,24220,38035,"Grand Forks, ND-MN",24220,2020,249.02,243.0,6.02000000000001
4877,North Dakota,ND,McHenry,38,38049,5395,,4.404341396188204,Very Low,2020,33500,38049,"Minot, ND",33500,2020,287.835,279.4175,8.417499999999961
4878,North Dakota,ND,Morton,38,38059,27471,,8.167703833394354,Very Low,2020,13900,38059,"Bismarck, ND",13900,2020,292.5925,286.53,6.0625
4879,North Dakota,ND,Oliver,38,38065,1846,,3.800630452692448,Very Low,2020,13900,38065,"Bismarck, ND",13900,2020,292.5925,286.53,6.0625
4880,North Dakota,ND,Renville,38,38075,2470,,3.660572676993792,Very Low,2020,33500,38075,"Minot, ND",33500,2020,287.835,279.4175,8.417499999999961
4884,North Dakota,ND,Ward,38,38101,61675,,7.221460732907543,Very Low,2020,33500,38101,"Minot, ND",33500,2020,287.835,279.4175,8.417499999999961
4886,Ohio,OH,Allen,39,39003,106331,,10.073824608483177,Relatively Low,2020,30620,39003,"Lima, OH",30620,2020,187.2625,175.75,11.512499999999989
4888,Ohio,OH,Ashtabula,39,39007,101497,,10.625600794303176,Relatively Low,2020,17410,39007,"Cleveland, OH",17410,2020,184.66333333333333,170.61916666666667,14.044166666666655
4891,Ohio,OH,Belmont,39,39013,70400,,13.140335827179682,Relatively Low,2020,48540,39013,"Wheeling, WV-OH",48540,2020,204.4375,195.7425,8.694999999999993
4892,Ohio,OH,Brown,39,39015,44846,,9.730615116590847,Relatively Low,2020,17140,39015,"Cincinnati, OH-KY-IN",17140,2020,216.89916666666667,200.53416666666666,16.36500000000001
4893,Ohio,OH,Butler,39,39017,368130,,14.012550822564124,Relatively Low,2020,17140,39017,"Cincinnati, OH-KY-IN",17140,2020,216.89916666666667,200.53416666666666,16.36500000000001
4894,Ohio,OH,Carroll,39,39019,28836,,6.207327302664825,Very Low,2020,15940,39019,"Canton-Massillon, OH",15940,2020,177.63,168.5225,9.107499999999987
4896,Ohio,OH,Clark,39,39023,138333,,12.905645229014418,Relatively Low,2020,44220,39023,"Springfield, OH",44220,2020,172.6975,162.225,10.472499999999997
4897,Ohio,OH,Clermont,39,39025,197363,,9.495940336595616,Relatively Low,2020,17140,39025,"Cincinnati, OH-KY-IN",17140,2020,216.89916666666667,200.53416666666666,16.36500000000001
4902,Ohio,OH,Cuyahoga,39,39035,1280122,,23.801006666231302,Relatively Moderate,2020,17410,39035,"Cleveland, OH",17410,2020,184.66333333333333,170.61916666666667,14.044166666666655
4905,Ohio,OH,Delaware,39,39041,174214,,2.441921198463232,Very Low,2020,18140,39041,"Columbus, OH",18140,2020,247.735,227.6575,20.077500000000015
4906,Ohio,OH,Erie,39,39043,77079,,13.92477336334272,Relatively Low,2020,41780,39043,"Sandusky, OH",41780,2020,184.975,175.6925,9.282499999999999
4907,Ohio,OH,Fairfield,39,39045,146156,,7.978409879934855,Very Low,2020,18140,39045,"Columbus, OH",18140,2020,247.735,227.6575,20.077500000000015
4908,Ohio,OH,Franklin,39,39049,1163414,,23.766193793417155,Relatively Moderate,2020,18140,39049,"Columbus, OH",18140,2020,247.735,227.6575,20.077500000000015
4909,Ohio,OH,Fulton,39,39051,42698,,7.439644685950386,Very Low,2020,45780,39051,"Toledo, OH",45780,2020,167.1275,159.3725,7.7549999999999955
4911,Ohio,OH,Geauga,39,39055,93389,,6.231479507593852,Very Low,2020,17410,39055,"Cleveland, OH",17410,2020,184.66333333333333,170.61916666666667,14.044166666666655
4912,Ohio,OH,Greene,39,39057,161573,,9.686277484873642,Relatively Low,2020,19430,39057,"Dayton-Kettering-Beavercreek, OH",19430,2020,180.4025,167.1475,13.254999999999995
4915,Ohio,OH,Hamilton,39,39061,802374,,21.712026376400456,Relatively Moderate,2020,17140,39061,"Cincinnati, OH-KY-IN",17140,2020,216.89916666666667,200.53416666666666,16.36500000000001
4917,Ohio,OH,Hocking,39,39073,29380,,7.741361742153411,Very Low,2020,18140,39073,"Columbus, OH",18140,2020,247.735,227.6575,20.077500000000015
4919,Ohio,OH,Jefferson,39,39081,69709,,12.110144036953104,Relatively Low,2020,48260,39081,"Weirton-Steubenville, WV-OH",48260,2020,205.325,193.6825,11.642499999999984
4921,Ohio,OH,Lake,39,39085,230041,,10.2951117467549,Relatively Low,2020,17410,39085,"Cleveland, OH",17410,2020,184.66333333333333,170.61916666666667,14.044166666666655
4922,Ohio,OH,Lawrence,39,39087,62450,,12.659317422810409,Relatively Low,2020,26580,39087,"Huntington-Ashland, WV-KY-OH",26580,2020,186.46,178.1625,8.297500000000014
4923,Ohio,OH,Licking,39,39089,166492,,11.319389956278725,Relatively Low,2020,18140,39089,"Columbus, OH",18140,2020,247.735,227.6575,20.077500000000015
4925,Ohio,OH,Lorain,39,39093,301356,,13.225025611725258,Relatively Low,2020,17410,39093,"Cleveland, OH",17410,2020,184.66333333333333,170.61916666666667,14.044166666666655
4926,Ohio,OH,Lucas,39,39095,441815,,17.912783475765618,Relatively Moderate,2020,45780,39095,"Toledo, OH",45780,2020,167.1275,159.3725,7.7549999999999955
4927,Ohio,OH,Madison,39,39097,43435,,4.464857499295574,Very Low,2020,18140,39097,"Columbus, OH",18140,2020,247.735,227.6575,20.077500000000015
4928,Ohio,OH,Mahoning,39,39099,238823,,16.741963278811323,Relatively Moderate,2020,49660,39099,"Youngstown-Warren, OH",49660,2020,164.945,156.1125,8.832499999999982
4930,Ohio,OH,Medina,39,39103,172332,,7.391204364080171,Very Low,2020,17410,39103,"Cleveland, OH",17410,2020,184.66333333333333,170.61916666666667,14.044166666666655
4932,Ohio,OH,Miami,39,39109,102506,,9.977491239816812,Relatively Low,2020,19430,39109,"Dayton-Kettering-Beavercreek, OH",19430,2020,180.4025,167.1475,13.254999999999995
4933,Ohio,OH,Montgomery,39,39113,535153,,23.76256869396897,Relatively Moderate,2020,19430,39113,"Dayton-Kettering-Beavercreek, OH",19430,2020,180.4025,167.1475,13.254999999999995
4934,Ohio,OH,Morrow,39,39117,34827,,5.11271790003804,Very Low,2020,18140,39117,"Columbus, OH",18140,2020,247.735,227.6575,20.077500000000015
4936,Ohio,OH,Ottawa,39,39123,41428,,9.890838129072122,Relatively Low,2020,41780,39123,"Sandusky, OH",41780,2020,184.975,175.6925,9.282499999999999
4937,Ohio,OH,Perry,39,39127,36058,,6.907576662829956,Very Low,2020,18140,39127,"Columbus, OH",18140,2020,247.735,227.6575,20.077500000000015
4938,Ohio,OH,Pickaway,39,39129,55698,,5.67239760853936,Very Low,2020,18140,39129,"Columbus, OH",18140,2020,247.735,227.6575,20.077500000000015
4939,Ohio,OH,Portage,39,39133,161419,,9.38805991242956,Relatively Low,2020,10420,39133,"Akron, OH",10420,2020,170.0325,160.89,9.142500000000013
4940,Ohio,OH,Richland,39,39139,124475,,11.641943712630049,Relatively Low,2020,31900,39139,"Mansfield, OH",31900,2020,173.9125,163.54500000000002,10.367499999999978
4946,Ohio,OH,Stark,39,39151,375586,,18.390333325999823,Relatively Moderate,2020,15940,39151,"Canton-Massillon, OH",15940,2020,177.63,168.5225,9.107499999999987
4947,Ohio,OH,Summit,39,39153,541781,,18.388605570649197,Relatively Moderate,2020,10420,39153,"Akron, OH",10420,2020,170.0325,160.89,9.142500000000013
4948,Ohio,OH,Trumbull,39,39155,210312,,16.4842439965908,Relatively Moderate,2020,49660,39155,"Youngstown-Warren, OH",49660,2020,164.945,156.1125,8.832499999999982
4950,Ohio,OH,Union,39,39159,52300,,4.885495084339565,Very Low,2020,18140,39159,"Columbus, OH",18140,2020,247.735,227.6575,20.077500000000015
4952,Ohio,OH,Warren,39,39165,212693,,4.924511852700125,Very Low,2020,17140,39165,"Cincinnati, OH-KY-IN",17140,2020,216.89916666666667,200.53416666666666,16.36500000000001
4955,Ohio,OH,Wood,39,39173,125488,,8.666837255426259,Very Low,2020,45780,39173,"Toledo, OH",45780,2020,167.1275,159.3725,7.7549999999999955
4958,Oklahoma,OK,Canadian,40,40017,115541,,11.519223256317275,Relatively Low,2020,36420,40017,"Oklahoma City, OK",36420,2020,258.67,243.36874999999998,15.301250000000039
4961,Oklahoma,OK,Cleveland,40,40027,255755,,15.323170691030375,Relatively Moderate,2020,36420,40027,"Oklahoma City, OK",36420,2020,258.67,243.36874999999998,15.301250000000039
4962,Oklahoma,OK,Comanche,40,40031,124098,,18.749350220952024,Relatively Moderate,2020,30020,40031,"Lawton, OK",30020,2020,158.73000000000002,151.35750000000002,7.372500000000002
4963,Oklahoma,OK,Cotton,40,40033,6193,,9.755087603098126,Relatively Low,2020,30020,40033,"Lawton, OK",30020,2020,158.73000000000002,151.35750000000002,7.372500000000002
4964,Oklahoma,OK,Creek,40,40037,69967,,12.360027501879758,Relatively Low,2020,46140,40037,"Tulsa, OK",46140,2020,235.825,220.84375,14.981249999999989
4966,Oklahoma,OK,Garfield,40,40047,60580,,11.711801105342078,Relatively Low,2020,21420,40047,"Enid, OK",21420,2020,219.185,207.1025,12.08250000000001
4967,Oklahoma,OK,Grady,40,40051,52431,,9.003171380145305,Relatively Low,2020,36420,40051,"Oklahoma City, OK",36420,2020,258.67,243.36874999999998,15.301250000000039
4970,Oklahoma,OK,Lincoln,40,40081,34273,,10.14840873162556,Relatively Low,2020,36420,40081,"Oklahoma City, OK",36420,2020,258.67,243.36874999999998,15.301250000000039
4971,Oklahoma,OK,Logan,40,40083,41848,,7.67809353230461,Very Low,2020,36420,40083,"Oklahoma City, OK",36420,2020,258.67,243.36874999999998,15.301250000000039
4972,Oklahoma,OK,McClain,40,40087,34506,,8.980685220404695,Relatively Low,2020,36420,40087,"Oklahoma City, OK",36420,2020,258.67,243.36874999999998,15.301250000000039
4974,Oklahoma,OK,Oklahoma,40,40109,718633,,36.604704422401966,Relatively High,2020,36420,40109,"Oklahoma City, OK",36420,2020,258.67,243.36874999999998,15.301250000000039
4975,Oklahoma,OK,Okmulgee,40,40111,40069,,13.985383389574553,Relatively Low,2020,46140,40111,"Tulsa, OK",46140,2020,235.825,220.84375,14.981249999999989
4976,Oklahoma,OK,Osage,40,40113,47472,,10.23876737903558,Relatively Low,2020,46140,40113,"Tulsa, OK",46140,2020,235.825,220.84375,14.981249999999989
4978,Oklahoma,OK,Pawnee,40,40117,16577,,8.491877289590434,Very Low,2020,46140,40117,"Tulsa, OK",46140,2020,235.825,220.84375,14.981249999999989
4983,Oklahoma,OK,Rogers,40,40131,86905,,10.452928397902715,Relatively Low,2020,46140,40131,"Tulsa, OK",46140,2020,235.825,220.84375,14.981249999999989
4984,Oklahoma,OK,Sequoyah,40,40135,42391,,15.484285914965447,Relatively Moderate,2020,22900,40135,"Fort Smith, AR-OK",22900,2020,190.5275,184.7575,5.77000000000001
4987,Oklahoma,OK,Tulsa,40,40143,603403,,30.183904079608354,Relatively High,2020,46140,40143,"Tulsa, OK",46140,2020,235.825,220.84375,14.981249999999989
4988,Oklahoma,OK,Wagoner,40,40145,73085,,10.297642780705626,Relatively Low,2020,46140,40145,"Tulsa, OK",46140,2020,235.825,220.84375,14.981249999999989
4993,Oregon,OR,Benton,41,41003,85579,,10.949853038311383,Relatively Low,2020,18700,41003,"Corvallis, OR",18700,2020,268.2425,255.9425,12.300000000000011
4994,Oregon,OR,Clackamas,41,41005,375992,,16.48753320933808,Relatively Moderate,2020,38900,41005,"Portland-Vancouver-Hillsboro, OR-WA",38900,2020,445.7375,418.68666666666667,27.050833333333344
4996,Oregon,OR,Columbia,41,41009,49351,,13.41634351643468,Relatively Low,2020,38900,41009,"Portland-Vancouver-Hillsboro, OR-WA",38900,2020,445.7375,418.68666666666667,27.050833333333344
4998,Oregon,OR,Crook,41,41013,20978,,9.474962327331376,Relatively Low,2020,13460,41013,"Bend, OR",13460,2020,359.88,337.2375,22.642499999999984
5000,Oregon,OR,Deschutes,41,41017,157733,,12.059804306957004,Relatively Low,2020,13460,41017,"Bend, OR",13460,2020,359.88,337.2375,22.642499999999984
5003,Oregon,OR,Jackson,41,41029,203206,,22.3316275379223,Relatively Moderate,2020,32780,41029,"Medford, OR",32780,2020,289.5725,275.1825,14.389999999999986
5004,Oregon,OR,Jefferson,41,41031,21720,,8.600741559554633,Very Low,2020,13460,41031,"Bend, OR",13460,2020,359.88,337.2375,22.642499999999984
5005,Oregon,OR,Josephine,41,41033,82713,,19.4325628156545,Relatively Moderate,2020,24420,41033,"Grants Pass, OR",24420,2020,293.2425,274.455,18.787500000000023
5007,Oregon,OR,Lane,41,41039,351715,,25.148823731588415,Relatively Moderate,2020,21660,41039,"Eugene-Springfield, OR",21660,2020,284.1725,265.485,18.6875
5009,Oregon,OR,Linn,41,41043,116672,,15.840399532035288,Relatively Moderate,2020,10540,41043,"Albany, OR",10540,2020,284.115,264.69,19.42500000000001
5011,Oregon,OR,Marion,41,41047,315335,,26.708732230713395,Relatively High,2020,41420,41047,"Salem, OR",41420,2020,292.87,276.60249999999996,16.26750000000004
5013,Oregon,OR,Multnomah,41,41051,735334,,34.32492732184871,Relatively High,2020,38900,41051,"Portland-Vancouver-Hillsboro, OR-WA",38900,2020,445.7375,418.68666666666667,27.050833333333344
5014,Oregon,OR,Polk,41,41053,75403,,12.421694626550307,Relatively Low,2020,41420,41053,"Salem, OR",41420,2020,292.87,276.60249999999996,16.26750000000004
5018,Oregon,OR,Washington,41,41067,529710,,20.115567458378685,Relatively Moderate,2020,38900,41067,"Portland-Vancouver-Hillsboro, OR-WA",38900,2020,445.7375,418.68666666666667,27.050833333333344
5019,Oregon,OR,Yamhill,41,41071,99193,,14.477841404662492,Relatively Low,2020,38900,41071,"Portland-Vancouver-Hillsboro, OR-WA",38900,2020,445.7375,418.68666666666667,27.050833333333344
5020,Pennsylvania,PA,Adams,42,42001,101407,,8.89150870941641,Very Low,2020,23900,42001,"Gettysburg, PA",23900,2020,211.9275,203.345,8.58250000000001
5021,Pennsylvania,PA,Allegheny,42,42003,1223348,,17.614926605314736,Relatively Moderate,2020,38300,42003,"Pittsburgh, PA",38300,2020,249.64333333333335,233.82000000000002,15.823333333333323
5022,Pennsylvania,PA,Armstrong,42,42005,68941,,7.850485060494676,Very Low,2020,38300,42005,"Pittsburgh, PA",38300,2020,249.64333333333335,233.82000000000002,15.823333333333323
5023,Pennsylvania,PA,Beaver,42,42007,170539,,11.430924284132429,Relatively Low,2020,38300,42007,"Pittsburgh, PA",38300,2020,249.64333333333335,233.82000000000002,15.823333333333323
5024,Pennsylvania,PA,Berks,42,42011,411442,,19.58856113878988,Relatively Moderate,2020,39740,42011,"Reading, PA",39740,2020,191.66500000000002,180.6925,10.972500000000025
5025,Pennsylvania,PA,Blair,42,42013,127089,,9.719977199997196,Relatively Low,2020,11020,42013,"Altoona, PA",11020,2020,207.7825,200.575,7.20750000000001
5028,Pennsylvania,PA,Butler,42,42019,183862,,5.561442398885382,Very Low,2020,38300,42019,"Pittsburgh, PA",38300,2020,249.64333333333335,233.82000000000002,15.823333333333323
5029,Pennsylvania,PA,Cambria,42,42021,143679,,11.26127251335372,Relatively Low,2020,27780,42021,"Johnstown, PA",27780,2020,181.9225,173.73250000000002,8.189999999999998
5030,Pennsylvania,PA,Carbon,42,42025,65249,,10.962378367790055,Relatively Low,2020,10900,42025,"Allentown-Bethlehem-Easton, PA-NJ",10900,2020,202.65,189.97125,12.678750000000008
5031,Pennsylvania,PA,Centre,42,42027,153990,,5.106448629225572,Very Low,2020,44300,42027,"State College, PA",44300,2020,243.26999999999998,234.815,8.454999999999984
5037,Pennsylvania,PA,Cumberland,42,42041,235406,,7.37534582912525,Very Low,2020,25420,42041,"Harrisburg-Carlisle, PA",25420,2020,196.0075,186.76749999999998,9.240000000000009
5038,Pennsylvania,PA,Dauphin,42,42043,268100,,15.66974867287535,Relatively Moderate,2020,25420,42043,"Harrisburg-Carlisle, PA",25420,2020,196.0075,186.76749999999998,9.240000000000009
5041,Pennsylvania,PA,Erie,42,42049,280566,,11.723368342815965,Relatively Low,2020,21500,42049,"Erie, PA",21500,2020,176.1125,166.69,9.422500000000014
5042,Pennsylvania,PA,Fayette,42,42051,136606,,11.511297135568135,Relatively Low,2020,38300,42051,"Pittsburgh, PA",38300,2020,249.64333333333335,233.82000000000002,15.823333333333323
5043,Pennsylvania,PA,Franklin,42,42055,149618,,9.484572104170814,Relatively Low,2020,16540,42055,"Chambersburg, PA",16540,2020,201.125,193.695,7.430000000000007
5046,Pennsylvania,PA,Lackawanna,42,42069,214437,,15.200354955925851,Relatively Moderate,2020,42540,42069,"Scranton--Wilkes-Barre, PA",42540,2020,188.89,178.92000000000002,9.96999999999997
5047,Pennsylvania,PA,Lancaster,42,42071,519445,,13.523214653104308,Relatively Low,2020,29540,42071,"Lancaster, PA",29540,2020,212.8125,201.7825,11.030000000000001
5048,Pennsylvania,PA,Lawrence,42,42073,91108,,8.829001790903172,Very Low,2020,38300,42073,"Pittsburgh, PA",38300,2020,249.64333333333335,233.82000000000002,15.823333333333323
5049,Pennsylvania,PA,Lebanon,42,42075,133568,,10.570427741095305,Relatively Low,2020,30140,42075,"Lebanon, PA",30140,2020,197.17249999999999,187.55,9.622499999999974
5050,Pennsylvania,PA,Lehigh,42,42077,349497,,17.4695579750732,Relatively Moderate,2020,10900,42077,"Allentown-Bethlehem-Easton, PA-NJ",10900,2020,202.65,189.97125,12.678750000000008
5051,Pennsylvania,PA,Luzerne,42,42079,320918,,17.95006196256971,Relatively Moderate,2020,42540,42079,"Scranton--Wilkes-Barre, PA",42540,2020,188.89,178.92000000000002,9.96999999999997
5052,Pennsylvania,PA,Lycoming,42,42081,116111,,11.030542177738177,Relatively Low,2020,48700,42081,"Williamsport, PA",48700,2020,215.3075,204.17,11.137500000000017
5059,Pennsylvania,PA,Northampton,42,42095,297735,,13.408549477280236,Relatively Low,2020,10900,42095,"Allentown-Bethlehem-Easton, PA-NJ",10900,2020,202.65,189.97125,12.678750000000008
5061,Pennsylvania,PA,Perry,42,42099,45969,,5.619377541641108,Very Low,2020,25420,42099,"Harrisburg-Carlisle, PA",25420,2020,196.0075,186.76749999999998,9.240000000000009
5070,Pennsylvania,PA,Washington,42,42125,207820,,8.570137594015124,Very Low,2020,38300,42125,"Pittsburgh, PA",38300,2020,249.64333333333335,233.82000000000002,15.823333333333323
5071,Pennsylvania,PA,Westmoreland,42,42129,365169,,10.811356857146835,Relatively Low,2020,38300,42129,"Pittsburgh, PA",38300,2020,249.64333333333335,233.82000000000002,15.823333333333323
5072,Pennsylvania,PA,Wyoming,42,42131,28276,,6.860783313716586,Very Low,2020,42540,42131,"Scranton--Wilkes-Barre, PA",42540,2020,188.89,178.92000000000002,9.96999999999997
5073,Pennsylvania,PA,York,42,42133,434972,,10.203866406882506,Relatively Low,2020,49620,42133,"York-Hanover, PA",49620,2020,190.5575,181.39499999999998,9.162500000000023
5074,Rhode Island,RI,Bristol,44,44001,49875,,6.035994776836915,Very Low,2020,39300,44001,"Providence-Warwick, RI-MA",39300,2020,272.00416666666666,252.3475,19.656666666666666
5075,Rhode Island,RI,Kent,44,44003,166158,,8.911312788404034,Very Low,2020,39300,44003,"Providence-Warwick, RI-MA",39300,2020,272.00416666666666,252.3475,19.656666666666666
5076,Rhode Island,RI,Newport,44,44005,82888,,5.097958167878223,Very Low,2020,39300,44005,"Providence-Warwick, RI-MA",39300,2020,272.00416666666666,252.3475,19.656666666666666
5077,Rhode Island,RI,Providence,44,44007,626667,,21.997900699895126,Relatively Moderate,2020,39300,44007,"Providence-Warwick, RI-MA",39300,2020,272.00416666666666,252.3475,19.656666666666666
5078,Rhode Island,RI,Washington,44,44009,126979,,6.597021235625743,Very Low,2020,39300,44009,"Providence-Warwick, RI-MA",39300,2020,272.00416666666666,252.3475,19.656666666666666
5080,South Carolina,SC,Aiken,45,45003,160099,,11.294027426869892,Relatively Low,2020,12260,45003,"Augusta-Richmond County, GA-SC",12260,2020,198.60750000000002,187.04500000000002,11.5625
5081,South Carolina,SC,Anderson,45,45007,187126,,12.25517607919198,Relatively Low,2020,24860,45007,"Greenville-Anderson-Greer, SC",24860,2020,262.19875,243.8775,18.32125000000002
5082,South Carolina,SC,Beaufort,45,45013,162233,,20.139856954920255,Relatively Moderate,2020,25940,45013,"Hilton Head Island-Bluffton-Port Royal, SC",25940,2020,257.7125,244.6125,13.099999999999966
5083,South Carolina,SC,Berkeley,45,45015,177843,,13.851367559994404,Relatively Low,2020,16700,45015,"Charleston-North Charleston, SC",16700,2020,378.2,354.9425,23.257499999999993
5084,South Carolina,SC,Calhoun,45,45017,15175,,6.422809840569721,Very Low,2020,17900,45017,"Columbia, SC",17900,2020,213.2225,201.4275,11.794999999999987
5085,South Carolina,SC,Charleston,45,45019,350209,,25.351937714705475,Relatively Moderate,2020,16700,45019,"Charleston-North Charleston, SC",16700,2020,378.2,354.9425,23.257499999999993
5087,South Carolina,SC,Chester,45,45023,33140,,9.76011304476325,Relatively Low,2020,16740,45023,"Charlotte-Concord-Gastonia, NC-SC",16740,2020,267.94166666666666,247.0,20.941666666666663
5088,South Carolina,SC,Darlington,45,45031,68681,,11.994607917341773,Relatively Low,2020,22500,45031,"Florence, SC",22500,2020,185.635,174.9325,10.702499999999986
5089,South Carolina,SC,Dorchester,45,45035,136555,,13.463516628098516,Relatively Low,2020,16700,45035,"Charleston-North Charleston, SC",16700,2020,378.2,354.9425,23.257499999999993
5090,South Carolina,SC,Edgefield,45,45037,26985,,4.959656727120736,Very Low,2020,12260,45037,"Augusta-Richmond County, GA-SC",12260,2020,198.60750000000002,187.04500000000002,11.5625
5091,South Carolina,SC,Fairfield,45,45039,23956,,8.79391119133876,Very Low,2020,17900,45039,"Columbia, SC",17900,2020,213.2225,201.4275,11.794999999999987
5092,South Carolina,SC,Florence,45,45041,136885,,18.079850923999533,Relatively Moderate,2020,22500,45041,"Florence, SC",22500,2020,185.635,174.9325,10.702499999999986
5094,South Carolina,SC,Greenville,45,45045,451225,,14.68260088870184,Relatively Moderate,2020,24860,45045,"Greenville-Anderson-Greer, SC",24860,2020,262.19875,243.8775,18.32125000000002
5096,South Carolina,SC,Horry,45,45051,269291,,23.736839712307052,Relatively Moderate,2020,34820,45051,"Myrtle Beach-Conway-North Myrtle Beach, SC",34820,2020,223.715,211.505,12.210000000000008
5097,South Carolina,SC,Jasper,45,45053,24777,,7.341870626405847,Very Low,2020,25940,45053,"Hilton Head Island-Bluffton-Port Royal, SC",25940,2020,257.7125,244.6125,13.099999999999966
5098,South Carolina,SC,Kershaw,45,45055,61697,,10.070649960877102,Relatively Low,2020,17900,45055,"Columbia, SC",17900,2020,213.2225,201.4275,11.794999999999987
5099,South Carolina,SC,Lancaster,45,45057,76652,,9.663521861863025,Relatively Low,2020,16740,45057,"Charlotte-Concord-Gastonia, NC-SC",16740,2020,267.94166666666666,247.0,20.941666666666663
5100,South Carolina,SC,Laurens,45,45059,66537,,13.503480108699907,Relatively Low,2020,24860,45059,"Greenville-Anderson-Greer, SC",24860,2020,262.19875,243.8775,18.32125000000002
5101,South Carolina,SC,Lexington,45,45063,262391,,11.64831906036113,Relatively Low,2020,17900,45063,"Columbia, SC",17900,2020,213.2225,201.4275,11.794999999999987
5105,South Carolina,SC,Pickens,45,45077,119224,,8.878383066392313,Very Low,2020,24860,45077,"Greenville-Anderson-Greer, SC",24860,2020,262.19875,243.8775,18.32125000000002
5106,South Carolina,SC,Richland,45,45079,384504,,14.16884665205974,Relatively Low,2020,17900,45079,"Columbia, SC",17900,2020,213.2225,201.4275,11.794999999999987
5107,South Carolina,SC,Saluda,45,45081,19875,,9.326579937965242,Relatively Low,2020,17900,45081,"Columbia, SC",17900,2020,213.2225,201.4275,11.794999999999987
5108,South Carolina,SC,Spartanburg,45,45083,284307,,16.5705049268914,Relatively Moderate,2020,43900,45083,"Spartanburg, SC",43900,2020,203.4725,191.48000000000002,11.992499999999978
5109,South Carolina,SC,Sumter,45,45085,107456,,12.83985182917194,Relatively Low,2020,44940,45085,"Sumter, SC",44940,2020,204.20499999999998,190.73000000000002,13.474999999999966
5110,South Carolina,SC,Union,45,45087,28961,,9.476789342910212,Relatively Low,2020,43900,45087,"Spartanburg, SC",43900,2020,203.4725,191.48000000000002,11.992499999999978
5111,South Carolina,SC,York,45,45091,226073,,12.564033309455086,Relatively Low,2020,16740,45091,"Charlotte-Concord-Gastonia, NC-SC",16740,2020,267.94166666666666,247.0,20.941666666666663
5115,Kentucky,KY,Butler,21,21031,12690,,7.462555315461216,Very Low,2020,14540,21031,"Bowling Green, KY",14540,2020,199.6525,193.1525,6.5
5117,Kentucky,KY,Campbell,21,21037,90336,,12.36622876383094,Relatively Low,2020,17140,21037,"Cincinnati, OH-KY-IN",17140,2020,216.89916666666667,200.53416666666666,16.36500000000001
5118,Kentucky,KY,Carlisle,21,21039,5104,,10.041836037763035,Relatively Low,2020,37140,21039,"Paducah, KY-IL",37140,2020,185.7475,179.79250000000002,5.954999999999984
5119,Kentucky,KY,Carter,21,21043,27720,,9.720736697814996,Relatively Low,2020,26580,21043,"Huntington-Ashland, WV-KY-OH",26580,2020,186.46,178.1625,8.297500000000014
5120,Kentucky,KY,Christian,21,21047,73955,,13.743569340319029,Relatively Low,2020,17300,21047,"Clarksville, TN-KY",17300,2020,224.39249999999998,207.5225,16.869999999999976
5121,Kentucky,KY,Clark,21,21049,35613,,11.213733866339403,Relatively Low,2020,30460,21049,"Lexington-Fayette, KY",30460,2020,222.315,211.765,10.550000000000011
5123,Kentucky,KY,Daviess,21,21059,96656,,13.31223871935865,Relatively Low,2020,36980,21059,"Owensboro, KY",36980,2020,205.2,194.595,10.60499999999999
5125,Kentucky,KY,Edmonson,21,21061,12161,,5.783098996317754,Very Low,2020,14540,21061,"Bowling Green, KY",14540,2020,199.6525,193.1525,6.5
5126,Kentucky,KY,Fayette,21,21067,295803,,16.601853487740826,Relatively Moderate,2020,30460,21067,"Lexington-Fayette, KY",30460,2020,222.315,211.765,10.550000000000011
5129,Kentucky,KY,Gallatin,21,21077,8589,,7.009014552125492,Very Low,2020,17140,21077,"Cincinnati, OH-KY-IN",17140,2020,216.89916666666667,200.53416666666666,16.36500000000001
5130,Kentucky,KY,Grant,21,21081,24662,,6.988331374117944,Very Low,2020,17140,21081,"Cincinnati, OH-KY-IN",17140,2020,216.89916666666667,200.53416666666666,16.36500000000001
5133,Kentucky,KY,Greenup,21,21089,36910,,12.113457365171204,Relatively Low,2020,26580,21089,"Huntington-Ashland, WV-KY-OH",26580,2020,186.46,178.1625,8.297500000000014
5134,Kentucky,KY,Hardin,21,21093,105543,,10.200286310114825,Relatively Low,2020,21060,21093,"Elizabethtown, KY",21060,2020,211.4525,201.825,9.627499999999998
5136,Kentucky,KY,Henry,21,21103,15416,,7.922433549478712,Very Low,2020,31140,21103,"Louisville/Jefferson County, KY-IN",31140,2020,251.27375,235.62375,15.650000000000006
5138,Kentucky,KY,Jefferson,21,21111,741096,,19.987645162180545,Relatively Moderate,2020,31140,21111,"Louisville/Jefferson County, KY-IN",31140,2020,251.27375,235.62375,15.650000000000006
5139,Kentucky,KY,Jessamine,21,21113,48586,,11.509297886740706,Relatively Low,2020,30460,21113,"Lexington-Fayette, KY",30460,2020,222.315,211.765,10.550000000000011
5142,South Dakota,SD,Custer,46,46033,8216,,7.695435595416143,Very Low,2020,39660,46033,"Rapid City, SD",39660,2020,290.0725,275.065,15.007499999999993
5148,South Dakota,SD,Lincoln,46,46083,44828,,4.005502067765631,Very Low,2020,43620,46083,"Sioux Falls, SD-MN",43620,2020,241.095,229.5025,11.592500000000001
5149,South Dakota,SD,McCook,46,46087,5618,,7.514683203660701,Very Low,2020,43620,46087,"Sioux Falls, SD-MN",43620,2020,241.095,229.5025,11.592500000000001
5150,South Dakota,SD,Meade,46,46093,25434,,5.571419501716484,Very Low,2020,39660,46093,"Rapid City, SD",39660,2020,290.0725,275.065,15.007499999999993
5151,South Dakota,SD,Minnehaha,46,46099,169468,,13.218133053339296,Relatively Low,2020,43620,46099,"Sioux Falls, SD-MN",43620,2020,241.095,229.5025,11.592500000000001
5152,South Dakota,SD,Pennington,46,46103,100948,,13.501237701069345,Relatively Low,2020,39660,46103,"Rapid City, SD",39660,2020,290.0725,275.065,15.007499999999993
5155,South Dakota,SD,Turner,46,46125,8347,,7.975848252266747,Very Low,2020,43620,46125,"Sioux Falls, SD-MN",43620,2020,241.095,229.5025,11.592500000000001
5156,South Dakota,SD,Union,46,46127,14399,,3.438944895676731,Very Low,2020,43580,46127,"Sioux City, IA-NE-SD",43580,2020,218.89249999999998,207.84,11.05249999999998
5158,Tennessee,TN,Anderson,47,47001,75129,,11.440702466266837,Relatively Low,2020,28940,47001,"Knoxville, TN",28940,2020,262.17125,239.70875,22.462499999999977
5160,Tennessee,TN,Blount,47,47009,123010,,11.659862639820254,Relatively Low,2020,28940,47009,"Knoxville, TN",28940,2020,262.17125,239.70875,22.462499999999977
5161,Tennessee,TN,Bradley,47,47011,98963,,11.368472284324591,Relatively Low,2020,17420,47011,"Cleveland, TN",17420,2020,228.2375,215.14249999999998,13.095000000000027
5162,Tennessee,TN,Campbell,47,47013,40716,,12.512956109479124,Relatively Low,2020,28940,47013,"Knoxville, TN",28940,2020,262.17125,239.70875,22.462499999999977
5163,Tennessee,TN,Cannon,47,47015,13801,,7.764612201841672,Very Low,2020,34980,47015,"Nashville-Davidson--Murfreesboro--Franklin, TN",34980,2020,345.1958333333334,321.2033333333333,23.992500000000064
5164,Tennessee,TN,Carter,47,47019,57424,,13.375183001624356,Relatively Low,2020,27740,47019,"Johnson City, TN",27740,2020,219.0875,207.0525,12.034999999999997
5165,Tennessee,TN,Cheatham,47,47021,39105,,5.537657452298924,Very Low,2020,34980,47021,"Nashville-Davidson--Murfreesboro--Franklin, TN",34980,2020,345.1958333333334,321.2033333333333,23.992500000000064
5166,Tennessee,TN,Chester,47,47023,17131,,7.72616355788644,Very Low,2020,27180,47023,"Jackson, TN",27180,2020,170.8225,162.145,8.67749999999998
5169,Tennessee,TN,Crockett,47,47033,14586,,10.520891893683318,Relatively Low,2020,27180,47033,"Jackson, TN",27180,2020,170.8225,162.145,8.67749999999998
5171,Tennessee,TN,Davidson,47,47037,626681,,27.13895826139236,Relatively High,2020,34980,47037,"Nashville-Davidson--Murfreesboro--Franklin, TN",34980,2020,345.1958333333334,321.2033333333333,23.992500000000064
5172,Tennessee,TN,Dickson,47,47043,49666,,9.810377074856689,Relatively Low,2020,34980,47043,"Nashville-Davidson--Murfreesboro--Franklin, TN",34980,2020,345.1958333333334,321.2033333333333,23.992500000000064
5174,Tennessee,TN,Fayette,47,47047,38413,,7.390343879258523,Very Low,2020,32820,47047,"Memphis, TN-MS-AR",32820,2020,211.2775,196.00375,15.273750000000007
5176,Tennessee,TN,Gibson,47,47053,49683,,17.313071659258288,Relatively Moderate,2020,27180,47053,"Jackson, TN",27180,2020,170.8225,162.145,8.67749999999998
5177,Tennessee,TN,Grainger,47,47057,22657,,6.750889316517565,Very Low,2020,28940,47057,"Knoxville, TN",28940,2020,262.17125,239.70875,22.462499999999977
5179,Tennessee,TN,Hamblen,47,47063,62544,,11.570103104531118,Relatively Low,2020,34100,47063,"Morristown, TN",34100,2020,221.125,207.48749999999998,13.637500000000017
5180,Tennessee,TN,Hamilton,47,47065,336463,,17.0734026688073,Relatively Moderate,2020,16860,47065,"Chattanooga, TN-GA",16860,2020,241.45,226.4325,15.017499999999984
5181,Tennessee,TN,Hawkins,47,47073,56833,,9.39706192201241,Relatively Low,2020,28700,47073,"Kingsport-Bristol, TN-VA",28700,2020,221.1325,210.3075,10.824999999999989
5183,Tennessee,TN,Hickman,47,47081,24690,,6.922007334000222,Very Low,2020,34980,47081,"Nashville-Davidson--Murfreesboro--Franklin, TN",34980,2020,345.1958333333334,321.2033333333333,23.992500000000064
5185,Tennessee,TN,Jefferson,47,47089,51407,,10.578529345287077,Relatively Low,2020,34100,47089,"Morristown, TN",34100,2020,221.125,207.48749999999998,13.637500000000017
5186,Tennessee,TN,Knox,47,47093,432226,,14.957536308127594,Relatively Moderate,2020,28940,47093,"Knoxville, TN",28940,2020,262.17125,239.70875,22.462499999999977
5189,Tennessee,TN,Loudon,47,47105,48556,,11.435255505025182,Relatively Low,2020,28940,47105,"Knoxville, TN",28940,2020,262.17125,239.70875,22.462499999999977
5191,Tennessee,TN,Macon,47,47111,22248,,10.714287183505188,Relatively Low,2020,34980,47111,"Nashville-Davidson--Murfreesboro--Franklin, TN",34980,2020,345.1958333333334,321.2033333333333,23.992500000000064
5192,Tennessee,TN,Madison,47,47113,98294,,17.308422381203812,Relatively Moderate,2020,27180,47113,"Jackson, TN",27180,2020,170.8225,162.145,8.67749999999998
5193,Tennessee,TN,Marion,47,47115,28237,,9.111687370768454,Relatively Low,2020,16860,47115,"Chattanooga, TN-GA",16860,2020,241.45,226.4325,15.017499999999984
5195,Tennessee,TN,Maury,47,47119,80956,,12.103552280758487,Relatively Low,2020,34980,47119,"Nashville-Davidson--Murfreesboro--Franklin, TN",34980,2020,345.1958333333334,321.2033333333333,23.992500000000064
5197,Tennessee,TN,Montgomery,47,47125,172331,,13.702729733643167,Relatively Low,2020,17300,47125,"Clarksville, TN-KY",17300,2020,224.39249999999998,207.5225,16.869999999999976
5199,Tennessee,TN,Morgan,47,47129,21987,,7.626470322009156,Very Low,2020,28940,47129,"Knoxville, TN",28940,2020,262.17125,239.70875,22.462499999999977
5202,Tennessee,TN,Polk,47,47139,16825,,7.431401564954867,Very Low,2020,17420,47139,"Cleveland, TN",17420,2020,228.2375,215.14249999999998,13.095000000000027
5204,Tennessee,TN,Roane,47,47145,54181,,10.001157247423697,Relatively Low,2020,28940,47145,"Knoxville, TN",28940,2020,262.17125,239.70875,22.462499999999977
5205,Tennessee,TN,Robertson,47,47147,66283,,7.343519508152985,Very Low,2020,34980,47147,"Nashville-Davidson--Murfreesboro--Franklin, TN",34980,2020,345.1958333333334,321.2033333333333,23.992500000000064
5206,Tennessee,TN,Rutherford,47,47149,262604,,9.8758429351516,Relatively Low,2020,34980,47149,"Nashville-Davidson--Murfreesboro--Franklin, TN",34980,2020,345.1958333333334,321.2033333333333,23.992500000000064
5207,Tennessee,TN,Sequatchie,47,47153,14112,,7.218961503675174,Very Low,2020,16860,47153,"Chattanooga, TN-GA",16860,2020,241.45,226.4325,15.017499999999984
5209,Tennessee,TN,Shelby,47,47157,927644,,39.74344839962337,Relatively High,2020,32820,47157,"Memphis, TN-MS-AR",32820,2020,211.2775,196.00375,15.273750000000007
5210,Tennessee,TN,Smith,47,47159,19166,,6.584106627985889,Very Low,2020,34980,47159,"Nashville-Davidson--Murfreesboro--Franklin, TN",34980,2020,345.1958333333334,321.2033333333333,23.992500000000064
5211,Tennessee,TN,Stewart,47,47161,13324,,7.230145222885088,Very Low,2020,17300,47161,"Clarksville, TN-KY",17300,2020,224.39249999999998,207.5225,16.869999999999976
5212,Tennessee,TN,Sullivan,47,47163,156823,,12.708746374390854,Relatively Low,2020,28700,47163,"Kingsport-Bristol, TN-VA",28700,2020,221.1325,210.3075,10.824999999999989
5213,Tennessee,TN,Sumner,47,47165,160645,,9.277380710160717,Relatively Low,2020,34980,47165,"Nashville-Davidson--Murfreesboro--Franklin, TN",34980,2020,345.1958333333334,321.2033333333333,23.992500000000064
5214,Tennessee,TN,Tipton,47,47167,61081,,9.479178667085128,Relatively Low,2020,32820,47167,"Memphis, TN-MS-AR",32820,2020,211.2775,196.00375,15.273750000000007
5215,Tennessee,TN,Trousdale,47,47169,7870,,6.943920312897004,Very Low,2020,34980,47169,"Nashville-Davidson--Murfreesboro--Franklin, TN",34980,2020,345.1958333333334,321.2033333333333,23.992500000000064
5216,Tennessee,TN,Unicoi,47,47171,18313,,8.134211633945917,Very Low,2020,27740,47171,"Johnson City, TN",27740,2020,219.0875,207.0525,12.034999999999997
5217,Tennessee,TN,Union,47,47173,19109,,7.545515682092635,Very Low,2020,28940,47173,"Knoxville, TN",28940,2020,262.17125,239.70875,22.462499999999977
5219,Tennessee,TN,Washington,47,47179,122979,,10.980868046763668,Relatively Low,2020,27740,47179,"Johnson City, TN",27740,2020,219.0875,207.0525,12.034999999999997
5222,Tennessee,TN,Williamson,47,47187,183182,,1.103276814519107,Very Low,2020,34980,47187,"Nashville-Davidson--Murfreesboro--Franklin, TN",34980,2020,345.1958333333334,321.2033333333333,23.992500000000064
5223,Tennessee,TN,Wilson,47,47189,113993,,8.00191936580439,Very Low,2020,34980,47189,"Nashville-Davidson--Murfreesboro--Franklin, TN",34980,2020,345.1958333333334,321.2033333333333,23.992500000000064
5227,Texas,TX,Aransas,48,48007,23158,,14.140026088301363,Relatively Low,2020,18580,48007,"Corpus Christi, TX",18580,2020,234.9675,223.5525,11.414999999999992
5228,Texas,TX,Archer,48,48009,9054,,4.279051792330208,Very Low,2020,48660,48009,"Wichita Falls, TX",48660,2020,201.5,189.82,11.680000000000007
5229,Texas,TX,Armstrong,48,48011,1901,,10.376548625242274,Relatively Low,2020,11100,48011,"Amarillo, TX",11100,2020,209.7525,202.58999999999997,7.162500000000023
5230,Texas,TX,Atascosa,48,48013,44911,,12.149512183676617,Relatively Low,2020,41700,48013,"San Antonio-New Braunfels, TX",41700,2020,306.315,289.1066666666666,17.20833333333337
5231,Texas,TX,Austin,48,48015,28417,,9.46958659231805,Relatively Low,2020,26420,48015,"Houston-Pasadena-The Woodlands, TX",26420,2020,301.53000000000003,287.99583333333334,13.534166666666692
5232,Texas,TX,Bandera,48,48019,20485,,11.946321115094976,Relatively Low,2020,41700,48019,"San Antonio-New Braunfels, TX",41700,2020,306.315,289.1066666666666,17.20833333333337
5233,Texas,TX,Bastrop,48,48021,74171,,10.47492431246604,Relatively Low,2020,12420,48021,"Austin-Round Rock-San Marcos, TX",12420,2020,470.595,429.29833333333335,41.29666666666668
5235,Texas,TX,Bell,48,48027,310235,,17.931289951636153,Relatively Moderate,2020,28660,48027,"Killeen-Temple, TX",28660,2020,209.1475,196.955,12.192499999999995
5236,Texas,TX,Bexar,48,48029,1714773,,45.72822405264068,Relatively High,2020,41700,48029,"San Antonio-New Braunfels, TX",41700,2020,306.315,289.1066666666666,17.20833333333337
5237,Texas,TX,Bosque,48,48035,18212,,11.427828877180833,Relatively Low,2020,47380,48035,"Waco, TX",47380,2020,259.4975,243.665,15.83250000000001
5238,Texas,TX,Bowie,48,48037,92565,,16.411499560784204,Relatively Moderate,2020,45500,48037,"Texarkana, TX-AR",45500,2020,197.43,187.505,9.925000000000011
5239,Texas,TX,Brazoria,48,48039,313166,,10.9282910730549,Relatively Low,2020,26420,48039,"Houston-Pasadena-The Woodlands, TX",26420,2020,301.53000000000003,287.99583333333334,13.534166666666692
5240,Texas,TX,Brazos,48,48041,194851,,12.17694095341011,Relatively Low,2020,17780,48041,"College Station-Bryan, TX",17780,2020,259.455,249.3725,10.082499999999982
5243,Texas,TX,Burleson,48,48051,17187,,9.521585160937386,Relatively Low,2020,17780,48051,"College Station-Bryan, TX",17780,2020,259.455,249.3725,10.082499999999982
5244,Texas,TX,Caldwell,48,48055,38066,,16.85603151817657,Relatively Moderate,2020,12420,48055,"Austin-Round Rock-San Marcos, TX",12420,2020,470.595,429.29833333333335,41.29666666666668
5246,Texas,TX,Callahan,48,48059,13544,,7.675493737180584,Very Low,2020,10180,48059,"Abilene, TX",10180,2020,235.94,225.7875,10.152500000000003
5247,Texas,TX,Cameron,48,48061,406220,,35.20156201918923,Relatively High,2020,15180,48061,"Brownsville-Harlingen, TX",15180,2020,188.7025,178.7575,9.944999999999993
5249,Texas,TX,Carson,48,48065,6182,,9.309281250623927,Relatively Low,2020,11100,48065,"Amarillo, TX",11100,2020,209.7525,202.58999999999997,7.162500000000023
5250,Texas,TX,Chambers,48,48071,35096,,5.80208341597943,Very Low,2020,26420,48071,"Houston-Pasadena-The Woodlands, TX",26420,2020,301.53000000000003,287.99583333333334,13.534166666666692
5252,Texas,TX,Clay,48,48077,10752,,6.905201674245747,Very Low,2020,48660,48077,"Wichita Falls, TX",48660,2020,201.5,189.82,11.680000000000007
5253,Texas,TX,Cochran,48,48079,3127,,14.875608547909396,Relatively Moderate,2020,31180,48079,"Lubbock, TX",31180,2020,211.0875,202.7025,8.38500000000002
5255,Texas,TX,Comal,48,48091,108472,,15.428318985303829,Relatively Moderate,2020,41700,48091,"San Antonio-New Braunfels, TX",41700,2020,306.315,289.1066666666666,17.20833333333337
5257,Texas,TX,Coryell,48,48099,75388,,8.61881955765911,Very Low,2020,28660,48099,"Killeen-Temple, TX",28660,2020,209.1475,196.955,12.192499999999995
5258,Texas,TX,Crosby,48,48107,6059,,18.127018744852435,Relatively Moderate,2020,31180,48107,"Lubbock, TX",31180,2020,211.0875,202.7025,8.38500000000002
5262,Texas,TX,Ector,48,48135,137130,,19.45902008170928,Relatively Moderate,2020,36220,48135,"Odessa, TX",36220,2020,324.27750000000003,313.645,10.63250000000005
5264,Texas,TX,El Paso,48,48141,800647,,40.71499103497723,Relatively High,2020,21340,48141,"El Paso, TX",21340,2020,205.68875,194.17125,11.517500000000013
5266,Texas,TX,Falls,48,48145,17866,,11.815412099089537,Relatively Low,2020,47380,48145,"Waco, TX",47380,2020,259.4975,243.665,15.83250000000001
5269,Texas,TX,Fort Bend,48,48157,585375,,9.474952895438983,Relatively Low,2020,26420,48157,"Houston-Pasadena-The Woodlands, TX",26420,2020,301.53000000000003,287.99583333333334,13.534166666666692
5270,Texas,TX,Galveston,48,48167,291309,,14.761066245351724,Relatively Moderate,2020,26420,48167,"Houston-Pasadena-The Woodlands, TX",26420,2020,301.53000000000003,287.99583333333334,13.534166666666692
5271,Texas,TX,Garza,48,48169,6461,,9.76761224024182,Relatively Low,2020,31180,48169,"Lubbock, TX",31180,2020,211.0875,202.7025,8.38500000000002
5273,Texas,TX,Goliad,48,48175,7210,,5.528258962658334,Very Low,2020,47020,48175,"Victoria, TX",47020,2020,240.32999999999998,228.59,11.73999999999998
5275,Texas,TX,Grayson,48,48181,120877,,20.353569633855937,Relatively Moderate,2020,43300,48181,"Sherman-Denison, TX",43300,2020,276.6425,261.435,15.207499999999982
5276,Texas,TX,Gregg,48,48183,121730,,16.54849439443208,Relatively Moderate,2020,30980,48183,"Longview, TX",30980,2020,222.65,213.195,9.455000000000013
5277,Texas,TX,Guadalupe,48,48187,131533,,18.90283298968859,Relatively Moderate,2020,41700,48187,"San Antonio-New Braunfels, TX",41700,2020,306.315,289.1066666666666,17.20833333333337
5279,Texas,TX,Hardin,48,48199,54635,,12.176547041371462,Relatively Low,2020,13140,48199,"Beaumont-Port Arthur, TX",13140,2020,224.73250000000002,213.79500000000002,10.9375
5280,Texas,TX,Harris,48,48201,4092459,,28.72076222740281,Relatively High,2020,26420,48201,"Houston-Pasadena-The Woodlands, TX",26420,2020,301.53000000000003,287.99583333333334,13.534166666666692
5281,Texas,TX,Harrison,48,48203,65631,,11.677105476335017,Relatively Low,2020,30980,48203,"Longview, TX",30980,2020,222.65,213.195,9.455000000000013
5282,Texas,TX,Hays,48,48209,157107,,16.90574212067225,Relatively Moderate,2020,12420,48209,"Austin-Round Rock-San Marcos, TX",12420,2020,470.595,429.29833333333335,41.29666666666668
5284,Texas,TX,Hidalgo,48,48215,774769,,42.03926592210206,Relatively High,2020,32580,48215,"McAllen-Edinburg-Mission, TX",32580,2020,184.34,176.18,8.159999999999997
5285,Texas,TX,Hockley,48,48219,22935,,15.704649163322854,Relatively Moderate,2020,31180,48219,"Lubbock, TX",31180,2020,211.0875,202.7025,8.38500000000002
5289,Texas,TX,Hudspeth,48,48229,3476,,6.445411819355436,Very Low,2020,21340,48229,"El Paso, TX",21340,2020,205.68875,194.17125,11.517500000000013
5292,Texas,TX,Irion,48,48235,1599,,5.538164813305392,Very Low,2020,41660,48235,"San Angelo, TX",41660,2020,267.25,252.83,14.419999999999987
5293,Texas,TX,Jefferson,48,48245,252273,,20.472838594602948,Relatively Moderate,2020,13140,48245,"Beaumont-Port Arthur, TX",13140,2020,224.73250000000002,213.79500000000002,10.9375
5296,Texas,TX,Jones,48,48253,20202,,7.623824683093734,Very Low,2020,10180,48253,"Abilene, TX",10180,2020,235.94,225.7875,10.152500000000003
5298,Texas,TX,Kendall,48,48259,33410,,8.806070108542928,Very Low,2020,41700,48259,"San Antonio-New Braunfels, TX",41700,2020,306.315,289.1066666666666,17.20833333333337
5302,Texas,TX,Lampasas,48,48281,19677,,7.872975095097859,Very Low,2020,28660,48281,"Killeen-Temple, TX",28660,2020,209.1475,196.955,12.192499999999995
5303,Texas,TX,Liberty,48,48291,75643,,14.72262735077656,Relatively Moderate,2020,26420,48291,"Houston-Pasadena-The Woodlands, TX",26420,2020,301.53000000000003,287.99583333333334,13.534166666666692
5304,Texas,TX,Lubbock,48,48303,278831,,33.56127792335261,Relatively High,2020,31180,48303,"Lubbock, TX",31180,2020,211.0875,202.7025,8.38500000000002
5305,Texas,TX,Lynn,48,48305,5915,,16.715577123370466,Relatively Moderate,2020,31180,48305,"Lubbock, TX",31180,2020,211.0875,202.7025,8.38500000000002
5306,Texas,TX,McLennan,48,48309,234906,,14.55312429429299,Relatively Low,2020,47380,48309,"Waco, TX",47380,2020,259.4975,243.665,15.83250000000001
5307,Texas,TX,Martin,48,48317,4799,,7.953832330574508,Very Low,2020,33260,48317,"Midland, TX",33260,2020,373.2125,369.275,3.9375
5310,Texas,TX,Medina,48,48325,46006,,13.890172700574324,Relatively Low,2020,41700,48325,"San Antonio-New Braunfels, TX",41700,2020,306.315,289.1066666666666,17.20833333333337
5311,Texas,TX,Midland,48,48329,136872,,16.43479201416132,Relatively Moderate,2020,33260,48329,"Midland, TX",33260,2020,373.2125,369.275,3.9375
5312,Texas,TX,Montgomery,48,48339,455746,,12.29326498457449,Relatively Low,2020,26420,48339,"Houston-Pasadena-The Woodlands, TX",26420,2020,301.53000000000003,287.99583333333334,13.534166666666692
5318,Texas,TX,Nueces,48,48355,340223,,18.488746718514005,Relatively Moderate,2020,18580,48355,"Corpus Christi, TX",18580,2020,234.9675,223.5525,11.414999999999992
5319,Texas,TX,Oldham,48,48359,2052,,6.236502574754203,Very Low,2020,11100,48359,"Amarillo, TX",11100,2020,209.7525,202.58999999999997,7.162500000000023
5320,Texas,TX,Orange,48,48361,81837,,15.669013405648329,Relatively Moderate,2020,13140,48361,"Beaumont-Port Arthur, TX",13140,2020,224.73250000000002,213.79500000000002,10.9375
5323,Texas,TX,Potter,48,48375,121073,,28.079430105014268,Relatively High,2020,11100,48375,"Amarillo, TX",11100,2020,209.7525,202.58999999999997,7.162500000000023
5324,Texas,TX,Randall,48,48381,120725,,16.963749177413803,Relatively Moderate,2020,11100,48381,"Amarillo, TX",11100,2020,209.7525,202.58999999999997,7.162500000000023
5328,Texas,TX,Robertson,48,48395,16622,,11.59563960645179,Relatively Low,2020,17780,48395,"College Station-Bryan, TX",17780,2020,259.455,249.3725,10.082499999999982
5330,Texas,TX,Rusk,48,48401,53330,,10.186839829999728,Relatively Low,2020,30980,48401,"Longview, TX",30980,2020,222.65,213.195,9.455000000000013
5331,Texas,TX,San Jacinto,48,48407,26384,,15.439719114100155,Relatively Moderate,2020,26420,48407,"Houston-Pasadena-The Woodlands, TX",26420,2020,301.53000000000003,287.99583333333334,13.534166666666692
5332,Texas,TX,San Patricio,48,48409,64804,,14.411524261884088,Relatively Low,2020,18580,48409,"Corpus Christi, TX",18580,2020,234.9675,223.5525,11.414999999999992
5334,Texas,TX,Smith,48,48423,209714,,15.055582097370086,Relatively Moderate,2020,46340,48423,"Tyler, TX",46340,2020,229.43,217.2775,12.152500000000003
5337,Texas,TX,Taylor,48,48441,131506,,21.073678039004403,Relatively Moderate,2020,10180,48441,"Abilene, TX",10180,2020,235.94,225.7875,10.152500000000003
5339,Texas,TX,Tom Green,48,48451,110224,,21.068282245057254,Relatively Moderate,2020,41660,48451,"San Angelo, TX",41660,2020,267.25,252.83,14.419999999999987
5340,Texas,TX,Travis,48,48453,1024266,,24.90876184311331,Relatively Moderate,2020,12420,48453,"Austin-Round Rock-San Marcos, TX",12420,2020,470.595,429.29833333333335,41.29666666666668
5341,Texas,TX,Upshur,48,48459,39309,,9.965194055440053,Relatively Low,2020,30980,48459,"Longview, TX",30980,2020,222.65,213.195,9.455000000000013
5344,Texas,TX,Victoria,48,48469,86793,,15.759650034615152,Relatively Moderate,2020,47020,48469,"Victoria, TX",47020,2020,240.32999999999998,228.59,11.73999999999998
5346,Texas,TX,Waller,48,48473,43205,,14.943781618364854,Relatively Moderate,2020,26420,48473,"Houston-Pasadena-The Woodlands, TX",26420,2020,301.53000000000003,287.99583333333334,13.534166666666692
5348,Texas,TX,Webb,48,48479,250304,,21.77923046933984,Relatively Moderate,2020,29700,48479,"Laredo, TX",29700,2020,196.0,189.6025,6.397500000000008
5350,Texas,TX,Wichita,48,48485,131500,,12.615525342729288,Relatively Low,2020,48660,48485,"Wichita Falls, TX",48660,2020,201.5,189.82,11.680000000000007
5353,Texas,TX,Williamson,48,48491,422679,,9.95389579093654,Relatively Low,2020,12420,48491,"Austin-Round Rock-San Marcos, TX",12420,2020,470.595,429.29833333333335,41.29666666666668
5354,Texas,TX,Wilson,48,48493,42918,,9.262843200053563,Relatively Low,2020,41700,48493,"San Antonio-New Braunfels, TX",41700,2020,306.315,289.1066666666666,17.20833333333337
5358,Utah,UT,Cache,49,49005,112656,,8.603082224409555,Very Low,2020,30860,49005,"Logan, UT-ID",30860,2020,264.65999999999997,246.005,18.654999999999973
5360,Utah,UT,Davis,49,49011,306479,,7.003728308225629,Very Low,2020,36260,49011,"Ogden, UT",36260,2020,284.4675,263.545,20.922499999999957
5362,Utah,UT,Juab,49,49023,10246,,5.125319590768433,Very Low,2020,39340,49023,"Provo-Orem-Lehi, UT",39340,2020,361.78625,331.89125,29.894999999999982
5363,Utah,UT,Morgan,49,49029,9469,,1.380477552806649,Very Low,2020,36260,49029,"Ogden, UT",36260,2020,284.4675,263.545,20.922499999999957
5365,Utah,UT,Salt Lake,49,49035,1029655,,20.571496563069076,Relatively Moderate,2020,41620,49035,"Salt Lake City-Murray, UT",41620,2020,427.94125,388.6675,39.27375000000001
5367,Utah,UT,Tooele,49,49045,58218,,5.441926210981549,Very Low,2020,41620,49045,"Salt Lake City-Murray, UT",41620,2020,427.94125,388.6675,39.27375000000001
5369,Utah,UT,Utah,49,49049,516564,,10.67142712557134,Relatively Low,2020,39340,49049,"Provo-Orem-Lehi, UT",39340,2020,361.78625,331.89125,29.894999999999982
5371,Utah,UT,Washington,49,49053,138115,,19.203081976903025,Relatively Moderate,2020,41100,49053,"St. George, UT",41100,2020,237.41500000000002,221.5775,15.837500000000034
5372,Utah,UT,Weber,49,49057,231236,,13.236984758758972,Relatively Low,2020,36260,49057,"Ogden, UT",36260,2020,284.4675,263.545,20.922499999999957
5374,Vermont,VT,Chittenden,50,50007,156545,,5.470594695537693,Very Low,2020,15540,50007,"Burlington-South Burlington, VT",15540,2020,258.6425,247.4325,11.20999999999998
5375,Vermont,VT,Franklin,50,50011,47746,,5.970871386912901,Very Low,2020,15540,50011,"Burlington-South Burlington, VT",15540,2020,258.6425,247.4325,11.20999999999998
5376,Vermont,VT,Grand Isle,50,50013,6970,,2.824550359395082,Very Low,2020,15540,50013,"Burlington-South Burlington, VT",15540,2020,258.6425,247.4325,11.20999999999998
5382,Virginia,VA,Albemarle,51,51003,98970,,7.740764997562587,Very Low,2020,16820,51003,"Charlottesville, VA",16820,2020,264.46500000000003,254.325,10.140000000000043
5383,Virginia,VA,Amelia,51,51007,12690,,6.384631106035122,Very Low,2020,40060,51007,"Richmond, VA",40060,2020,266.51,250.35625,16.153750000000002
5384,Virginia,VA,Amherst,51,51009,32353,,7.857574730742085,Very Low,2020,31340,51009,"Lynchburg, VA",31340,2020,210.235,200.4175,9.817500000000024
5385,Virginia,VA,Appomattox,51,51011,14973,,6.543069756200794,Very Low,2020,31340,51011,"Lynchburg, VA",31340,2020,210.235,200.4175,9.817500000000024
5387,Virginia,VA,Augusta,51,51015,73750,,7.286996414164058,Very Low,2020,44420,51015,"Staunton-Stuarts Draft, VA",44420,2020,221.66,211.165,10.495000000000005
5388,Virginia,VA,Bedford,51,51019,74898,,7.902925533463948,Very Low,2020,31340,51019,"Lynchburg, VA",31340,2020,210.235,200.4175,9.817500000000024
5389,Virginia,VA,Botetourt,51,51023,33148,,4.761530060609664,Very Low,2020,40220,51023,"Roanoke, VA",40220,2020,207.6225,197.10750000000002,10.514999999999986
5390,Virginia,VA,Campbell,51,51031,54842,,6.371304019907585,Very Low,2020,31340,51031,"Lynchburg, VA",31340,2020,210.235,200.4175,9.817500000000024
5391,Virginia,VA,Charles City,51,51036,7256,,4.308735160146727,Very Low,2020,40060,51036,"Richmond, VA",40060,2020,266.51,250.35625,16.153750000000002
5392,Virginia,VA,Chesterfield,51,51041,316236,,6.146118829527906,Very Low,2020,40060,51041,"Richmond, VA",40060,2020,266.51,250.35625,16.153750000000002
5394,Virginia,VA,Craig,51,51045,5190,,3.6505194435677,Very Low,2020,40220,51045,"Roanoke, VA",40220,2020,207.6225,197.10750000000002,10.514999999999986
5396,Virginia,VA,Dinwiddie,51,51053,28001,,6.467213199324611,Very Low,2020,40060,51053,"Richmond, VA",40060,2020,266.51,250.35625,16.153750000000002
5399,Virginia,VA,Floyd,51,51063,15279,,4.929715734724397,Very Low,2020,13980,51063,"Blacksburg-Christiansburg-Radford, VA",13980,2020,228.6725,217.5725,11.100000000000023
5400,Virginia,VA,Fluvanna,51,51065,25691,,6.185216057004395,Very Low,2020,16820,51065,"Charlottesville, VA",16820,2020,264.46500000000003,254.325,10.140000000000043
5401,Virginia,VA,Franklin,51,51067,56159,,8.293876111452873,Very Low,2020,40220,51067,"Roanoke, VA",40220,2020,207.6225,197.10750000000002,10.514999999999986
5403,Virginia,VA,Roanoke,51,51161,92376,,7.330556248289429,Very Low,2020,40220,51161,"Roanoke, VA",40220,2020,207.6225,197.10750000000002,10.514999999999986
5404,Virginia,VA,Rockingham,51,51165,76314,,8.583875648375843,Very Low,2020,25500,51165,"Harrisonburg, VA",25500,2020,220.3725,212.225,8.147500000000008
5405,Virginia,VA,Scott,51,51169,23177,,8.958387804320957,Very Low,2020,28700,51169,"Kingsport-Bristol, TN-VA",28700,2020,221.1325,210.3075,10.824999999999989
5408,Virginia,VA,Surry,51,51181,7058,,4.095054696235815,Very Low,2020,47260,51181,"Virginia Beach-Chesapeake-Norfolk, VA-NC",47260,2020,257.56333333333333,241.8275,15.735833333333346
5409,Virginia,VA,Sussex,51,51183,12087,,1.40931278824555,Very Low,2020,40060,51183,"Richmond, VA",40060,2020,266.51,250.35625,16.153750000000002
5412,Virginia,VA,Washington,51,51191,54876,,8.808197914047264,Very Low,2020,28700,51191,"Kingsport-Bristol, TN-VA",28700,2020,221.1325,210.3075,10.824999999999989
5413,Virginia,VA,York,51,51199,65464,,4.514003660959161,Very Low,2020,47260,51199,"Virginia Beach-Chesapeake-Norfolk, VA-NC",47260,2020,257.56333333333333,241.8275,15.735833333333346
5415,Virginia,VA,Bristol,51,51520,17835,,18.29430715284389,Relatively Moderate,2020,28700,51520,"Kingsport-Bristol, TN-VA",28700,2020,221.1325,210.3075,10.824999999999989
5416,Virginia,VA,Charlottesville,51,51540,43475,,19.11916451515195,Relatively Moderate,2020,16820,51540,"Charlottesville, VA",16820,2020,264.46500000000003,254.325,10.140000000000043
5417,Virginia,VA,Chesapeake,51,51550,222209,,6.990224164091848,Very Low,2020,47260,51550,"Virginia Beach-Chesapeake-Norfolk, VA-NC",47260,2020,257.56333333333333,241.8275,15.735833333333346
5418,Virginia,VA,Colonial Heights,51,51570,17411,,18.78946307447206,Relatively Moderate,2020,40060,51570,"Richmond, VA",40060,2020,266.51,250.35625,16.153750000000002
5420,Virginia,VA,Frederick,51,51069,78305,,5.330882307457758,Very Low,2020,49020,51069,"Winchester, VA-WV",49020,2020,230.2425,220.465,9.777500000000003
5421,Virginia,VA,Giles,51,51071,17286,,6.478256997400283,Very Low,2020,13980,51071,"Blacksburg-Christiansburg-Radford, VA",13980,2020,228.6725,217.5725,11.100000000000023
5422,Virginia,VA,Gloucester,51,51073,36858,,7.91906484167257,Very Low,2020,47260,51073,"Virginia Beach-Chesapeake-Norfolk, VA-NC",47260,2020,257.56333333333333,241.8275,15.735833333333346
5423,Virginia,VA,Goochland,51,51075,21717,,2.016166100683487,Very Low,2020,40060,51075,"Richmond, VA",40060,2020,266.51,250.35625,16.153750000000002
5424,Virginia,VA,Greene,51,51079,18403,,6.165344084449072,Very Low,2020,16820,51079,"Charlottesville, VA",16820,2020,264.46500000000003,254.325,10.140000000000043
5425,Virginia,VA,Hanover,51,51085,99863,,4.309841476980402,Very Low,2020,40060,51085,"Richmond, VA",40060,2020,266.51,250.35625,16.153750000000002
5426,Virginia,VA,Henrico,51,51087,306935,,10.071788327306384,Relatively Low,2020,40060,51087,"Richmond, VA",40060,2020,266.51,250.35625,16.153750000000002
5428,Virginia,VA,Isle of Wight,51,51093,35270,,5.817751392943171,Very Low,2020,47260,51093,"Virginia Beach-Chesapeake-Norfolk, VA-NC",47260,2020,257.56333333333333,241.8275,15.735833333333346
5429,Virginia,VA,James City,51,51095,67009,,8.765180589269818,Very Low,2020,47260,51095,"Virginia Beach-Chesapeake-Norfolk, VA-NC",47260,2020,257.56333333333333,241.8275,15.735833333333346
5430,Virginia,VA,King and Queen,51,51097,6945,,4.504199504748451,Very Low,2020,40060,51097,"Richmond, VA",40060,2020,266.51,250.35625,16.153750000000002
5431,Virginia,VA,King William,51,51101,15935,,3.393021739030373,Very Low,2020,40060,51101,"Richmond, VA",40060,2020,266.51,250.35625,16.153750000000002
5433,Virginia,VA,Mathews,51,51115,8978,,8.402272469009501,Very Low,2020,47260,51115,"Virginia Beach-Chesapeake-Norfolk, VA-NC",47260,2020,257.56333333333333,241.8275,15.735833333333346
5434,Virginia,VA,Montgomery,51,51121,94392,,4.467483155676833,Very Low,2020,13980,51121,"Blacksburg-Christiansburg-Radford, VA",13980,2020,228.6725,217.5725,11.100000000000023
5435,Virginia,VA,Nelson,51,51125,15020,,10.100871961242822,Relatively Low,2020,16820,51125,"Charlottesville, VA",16820,2020,264.46500000000003,254.325,10.140000000000043
5436,Virginia,VA,New Kent,51,51127,18429,,2.256156048377165,Very Low,2020,40060,51127,"Richmond, VA",40060,2020,266.51,250.35625,16.153750000000002
5439,Virginia,VA,Powhatan,51,51145,28046,,2.16088610380879,Very Low,2020,40060,51145,"Richmond, VA",40060,2020,266.51,250.35625,16.153750000000002
5440,Virginia,VA,Prince George,51,51149,35725,,2.482174732082768,Very Low,2020,40060,51149,"Richmond, VA",40060,2020,266.51,250.35625,16.153750000000002
5442,Virginia,VA,Pulaski,51,51155,34872,,7.274684332180451,Very Low,2020,13980,51155,"Blacksburg-Christiansburg-Radford, VA",13980,2020,228.6725,217.5725,11.100000000000023
5445,Virginia,VA,Hampton,51,51650,137436,,13.577938838235006,Relatively Low,2020,47260,51650,"Virginia Beach-Chesapeake-Norfolk, VA-NC",47260,2020,257.56333333333333,241.8275,15.735833333333346
5447,Virginia,VA,Harrisonburg,51,51660,48914,,19.52515011428072,Relatively Moderate,2020,25500,51660,"Harrisonburg, VA",25500,2020,220.3725,212.225,8.147500000000008
5448,Virginia,VA,Hopewell,51,51670,22591,,20.92159322421641,Relatively Moderate,2020,40060,51670,"Richmond, VA",40060,2020,266.51,250.35625,16.153750000000002
5449,Virginia,VA,Lynchburg,51,51680,75568,,16.706119210943793,Relatively Moderate,2020,31340,51680,"Lynchburg, VA",31340,2020,210.235,200.4175,9.817500000000024
5453,Virginia,VA,Newport News,51,51700,180719,,15.838670633506393,Relatively Moderate,2020,47260,51700,"Virginia Beach-Chesapeake-Norfolk, VA-NC",47260,2020,257.56333333333333,241.8275,15.735833333333346
5454,Virginia,VA,Norfolk,51,51710,242803,,19.593084990778948,Relatively Moderate,2020,47260,51710,"Virginia Beach-Chesapeake-Norfolk, VA-NC",47260,2020,257.56333333333333,241.8275,15.735833333333346
5455,Virginia,VA,Petersburg,51,51730,32420,,23.686064148016488,Relatively Moderate,2020,40060,51730,"Richmond, VA",40060,2020,266.51,250.35625,16.153750000000002
5456,Virginia,VA,Poquoson,51,51735,12150,,3.086093186534758,Very Low,2020,47260,51735,"Virginia Beach-Chesapeake-Norfolk, VA-NC",47260,2020,257.56333333333333,241.8275,15.735833333333346
5457,Virginia,VA,Portsmouth,51,51740,95535,,17.52616151078088,Relatively Moderate,2020,47260,51740,"Virginia Beach-Chesapeake-Norfolk, VA-NC",47260,2020,257.56333333333333,241.8275,15.735833333333346
5458,Virginia,VA,Radford,51,51750,16408,,11.579968903844955,Relatively Low,2020,13980,51750,"Blacksburg-Christiansburg-Radford, VA",13980,2020,228.6725,217.5725,11.100000000000023
5459,Virginia,VA,Richmond,51,51760,204214,,16.081869514244644,Relatively Moderate,2020,40060,51760,"Richmond, VA",40060,2020,266.51,250.35625,16.153750000000002
5460,Virginia,VA,Roanoke,51,51770,97032,,18.783947125625968,Relatively Moderate,2020,40220,51770,"Roanoke, VA",40220,2020,207.6225,197.10750000000002,10.514999999999986
5461,Virginia,VA,Salem,51,51775,24802,,12.1745402961703,Relatively Low,2020,40220,51775,"Roanoke, VA",40220,2020,207.6225,197.10750000000002,10.514999999999986
5462,Virginia,VA,Staunton,51,51790,23746,,18.95735557192236,Relatively Moderate,2020,44420,51790,"Staunton-Stuarts Draft, VA",44420,2020,221.66,211.165,10.495000000000005
5463,Virginia,VA,Suffolk,51,51800,84585,,6.162395138327313,Very Low,2020,47260,51800,"Virginia Beach-Chesapeake-Norfolk, VA-NC",47260,2020,257.56333333333333,241.8275,15.735833333333346
5464,Virginia,VA,Virginia Beach,51,51810,437994,,10.83040540110526,Relatively Low,2020,47260,51810,"Virginia Beach-Chesapeake-Norfolk, VA-NC",47260,2020,257.56333333333333,241.8275,15.735833333333346
5465,Virginia,VA,Waynesboro,51,51820,21006,,18.02786691687732,Relatively Moderate,2020,44420,51820,"Staunton-Stuarts Draft, VA",44420,2020,221.66,211.165,10.495000000000005
5466,Virginia,VA,Williamsburg,51,51830,14068,,16.139424222287953,Relatively Moderate,2020,47260,51830,"Virginia Beach-Chesapeake-Norfolk, VA-NC",47260,2020,257.56333333333333,241.8275,15.735833333333346
5468,Washington,WA,Asotin,53,53003,21623,,7.046930663177253,Very Low,2020,30300,53003,"Lewiston, ID-WA",30300,2020,258.02250000000004,241.985,16.037500000000023
5469,Washington,WA,Benton,53,53005,175177,,9.056420713557388,Relatively Low,2020,28420,53005,"Kennewick-Richland, WA",28420,2020,255.07,236.89499999999998,18.17500000000001
5470,Virginia,VA,Winchester,51,51840,26203,,19.62272815760413,Relatively Moderate,2020,49020,51840,"Winchester, VA-WV",49020,2020,230.2425,220.465,9.777500000000003
5471,Washington,WA,Chelan,53,53007,72453,,11.81944745274471,Relatively Low,2020,48300,53007,"Wenatchee-East Wenatchee, WA",48300,2020,285.22249999999997,267.73,17.49249999999995
5473,Washington,WA,Clark,53,53011,425363,,19.62800034566217,Relatively Moderate,2020,38900,53011,"Portland-Vancouver-Hillsboro, OR-WA",38900,2020,445.7375,418.68666666666667,27.050833333333344
5474,Washington,WA,Cowlitz,53,53015,102410,,40.274940971702584,Relatively High,2020,31020,53015,"Longview-Kelso, WA",31020,2020,276.005,255.4225,20.582499999999982
5475,Washington,WA,Douglas,53,53017,38431,,11.134979674116655,Relatively Low,2020,48300,53017,"Wenatchee-East Wenatchee, WA",48300,2020,285.22249999999997,267.73,17.49249999999995
5476,Washington,WA,Franklin,53,53021,78163,,9.585427519811526,Relatively Low,2020,28420,53021,"Kennewick-Richland, WA",28420,2020,255.07,236.89499999999998,18.17500000000001
5482,Washington,WA,Kitsap,53,53035,251133,,14.22145253426879,Relatively Low,2020,14740,53035,"Bremerton-Silverdale-Port Orchard, WA",14740,2020,313.52,291.18,22.339999999999975
5487,Washington,WA,Skagit,53,53057,116901,,17.72866817242693,Relatively Moderate,2020,34580,53057,"Mount Vernon-Anacortes, WA",34580,2020,295.645,274.96000000000004,20.684999999999945
5488,Washington,WA,Skamania,53,53059,11066,,6.416334442345698,Very Low,2020,38900,53059,"Portland-Vancouver-Hillsboro, OR-WA",38900,2020,445.7375,418.68666666666667,27.050833333333344
5490,Washington,WA,Spokane,53,53063,471221,,11.318895145068696,Relatively Low,2020,44060,53063,"Spokane-Spokane Valley, WA",44060,2020,273.97,251.16,22.81000000000003
5491,Washington,WA,Stevens,53,53065,43531,,9.236117339212422,Relatively Low,2020,44060,53065,"Spokane-Spokane Valley, WA",44060,2020,273.97,251.16,22.81000000000003
5492,Washington,WA,Thurston,53,53067,252264,,18.15182267902096,Relatively Moderate,2020,36500,53067,"Olympia-Lacey-Tumwater, WA",36500,2020,275.57,253.805,21.764999999999986
5493,Washington,WA,Walla Walla,53,53071,58781,,8.284639031199056,Very Low,2020,47460,53071,"Walla Walla, WA",47460,2020,280.58,262.47749999999996,18.10250000000002
5494,Washington,WA,Whatcom,53,53073,201140,,15.809634318686602,Relatively Moderate,2020,13380,53073,"Bellingham, WA",13380,2020,319.5,300.67,18.829999999999984
5496,Washington,WA,Yakima,53,53077,243231,,24.67285914690308,Relatively Moderate,2020,49420,53077,"Yakima, WA",49420,2020,239.845,222.4125,17.432500000000005
5497,West Virginia,WV,Berkeley,54,54003,104169,,6.884836558785434,Very Low,2020,25180,54003,"Hagerstown-Martinsburg, MD-WV",25180,2020,207.095,197.4525,9.642500000000013
5498,West Virginia,WV,Boone,54,54005,24629,,8.92054941475748,Very Low,2020,16620,54005,"Charleston, WV",16620,2020,171.6,164.9875,6.612499999999983
5499,West Virginia,WV,Brooke,54,54009,24069,,11.819867510278858,Relatively Low,2020,48260,54009,"Weirton-Steubenville, WV-OH",48260,2020,205.325,193.6825,11.642499999999984
5500,West Virginia,WV,Cabell,54,54011,96319,,14.550854949205885,Relatively Low,2020,26580,54011,"Huntington-Ashland, WV-KY-OH",26580,2020,186.46,178.1625,8.297500000000014
5501,West Virginia,WV,Clay,54,54015,9386,,6.576141759452828,Very Low,2020,16620,54015,"Charleston, WV",16620,2020,171.6,164.9875,6.612499999999983
5503,West Virginia,WV,Fayette,54,54019,46039,,12.169528106652544,Relatively Low,2020,13220,54019,"Beckley, WV",13220,2020,202.225,195.0475,7.177499999999981
5504,West Virginia,WV,Hampshire,54,54027,23964,,9.107137211554877,Relatively Low,2020,49020,54027,"Winchester, VA-WV",49020,2020,230.2425,220.465,9.777500000000003
5505,West Virginia,WV,Hancock,54,54029,30676,,10.53628959853348,Relatively Low,2020,48260,54029,"Weirton-Steubenville, WV-OH",48260,2020,205.325,193.6825,11.642499999999984
5508,West Virginia,WV,Kanawha,54,54039,193063,,15.998877716108511,Relatively Moderate,2020,16620,54039,"Charleston, WV",16620,2020,171.6,164.9875,6.612499999999983
5510,West Virginia,WV,Marshall,54,54051,33107,,8.618039345917555,Very Low,2020,48540,54051,"Wheeling, WV-OH",48540,2020,204.4375,195.7425,8.694999999999993
5513,West Virginia,WV,Monongalia,54,54061,96189,,5.662136368392686,Very Low,2020,34060,54061,"Morgantown, WV",34060,2020,221.9475,218.39,3.5575000000000045
5514,West Virginia,WV,Morgan,54,54065,17541,,7.752690509267849,Very Low,2020,25180,54065,"Hagerstown-Martinsburg, MD-WV",25180,2020,207.095,197.4525,9.642500000000013
5515,West Virginia,WV,Ohio,54,54069,44443,,16.204437251678126,Relatively Moderate,2020,48540,54069,"Wheeling, WV-OH",48540,2020,204.4375,195.7425,8.694999999999993
5516,West Virginia,WV,Preston,54,54077,33520,,6.135038493798016,Very Low,2020,34060,54077,"Morgantown, WV",34060,2020,221.9475,218.39,3.5575000000000045
5517,West Virginia,WV,Putnam,54,54079,55486,,5.532384882057197,Very Low,2020,26580,54079,"Huntington-Ashland, WV-KY-OH",26580,2020,186.46,178.1625,8.297500000000014
5518,West Virginia,WV,Raleigh,54,54081,78859,,12.524459362791198,Relatively Low,2020,13220,54081,"Beckley, WV",13220,2020,202.225,195.0475,7.177499999999981
5521,West Virginia,WV,Wayne,54,54099,42481,,11.936097588030355,Relatively Low,2020,26580,54099,"Huntington-Ashland, WV-KY-OH",26580,2020,186.46,178.1625,8.297500000000014
5522,West Virginia,WV,Wirt,54,54105,5717,,4.359912056922914,Very Low,2020,37620,54105,"Parkersburg-Vienna, WV",37620,2020,192.99,182.0925,10.897500000000008
5523,West Virginia,WV,Wood,54,54107,86956,,11.403026041681892,Relatively Low,2020,37620,54107,"Parkersburg-Vienna, WV",37620,2020,192.99,182.0925,10.897500000000008
5525,Wisconsin,WI,Brown,55,55009,248007,,8.404619302016364,Very Low,2020,24580,55009,"Green Bay, WI",24580,2020,196.51999999999998,188.4075,8.112499999999983
5526,Wisconsin,WI,Calumet,55,55015,48971,,4.906185226361227,Very Low,2020,11540,55015,"Appleton, WI",11540,2020,198.5025,189.875,8.627499999999998
5527,Wisconsin,WI,Chippewa,55,55017,62415,,7.141120122365293,Very Low,2020,20740,55017,"Eau Claire, WI",20740,2020,253.7475,241.07,12.677500000000009
5528,Wisconsin,WI,Columbia,55,55021,56833,,10.333788722016246,Relatively Low,2020,31540,55021,"Madison, WI",31540,2020,230.63,221.7825,8.847499999999997
5529,Wisconsin,WI,Dane,55,55025,488073,,13.343220613497994,Relatively Low,2020,31540,55025,"Madison, WI",31540,2020,230.63,221.7825,8.847499999999997
5532,Wisconsin,WI,Eau Claire,55,55035,98736,,8.77767633038299,Very Low,2020,20740,55035,"Eau Claire, WI",20740,2020,253.7475,241.07,12.677500000000009
5534,Wisconsin,WI,Fond du Lac,55,55039,101633,,8.200725769244997,Very Low,2020,22540,55039,"Fond du Lac, WI",22540,2020,188.8125,181.4,7.412499999999994
5535,Wisconsin,WI,Douglas,55,55031,44159,,9.112491458528444,Relatively Low,2020,20260,55031,"Duluth, MN-WI",20260,2020,275.395,262.6275,12.767499999999984
5537,Wisconsin,WI,Green,55,55045,36842,,7.964529525475017,Very Low,2020,31540,55045,"Madison, WI",31540,2020,230.63,221.7825,8.847499999999997
5538,Wisconsin,WI,Iowa,55,55049,23687,,7.559992788637473,Very Low,2020,31540,55049,"Madison, WI",31540,2020,230.63,221.7825,8.847499999999997
5540,Wisconsin,WI,Kenosha,55,55059,166426,,11.539673824732628,Relatively Low,2020,28450,55059,"Kenosha, WI",28450,2020,203.085,193.96,9.125
5541,Wisconsin,WI,Kewaunee,55,55061,20574,,5.168139700726792,Very Low,2020,24580,55061,"Green Bay, WI",24580,2020,196.51999999999998,188.4075,8.112499999999983
5542,Wisconsin,WI,La Crosse,55,55063,114638,,11.391387054825774,Relatively Low,2020,29100,55063,"La Crosse-Onalaska, WI-MN",29100,2020,249.9825,240.5375,9.444999999999993
5544,Wisconsin,WI,Marathon,55,55073,134063,,8.165869715213944,Very Low,2020,48140,55073,"Wausau, WI",48140,2020,194.4525,186.535,7.91749999999999
5547,Wisconsin,WI,Milwaukee,55,55079,947735,,28.02316382498429,Relatively High,2020,33340,55079,"Milwaukee-Waukesha, WI",33340,2020,256.51,238.89583333333334,17.614166666666648
5549,Wisconsin,WI,Oconto,55,55083,37660,,5.961539248156379,Very Low,2020,24580,55083,"Green Bay, WI",24580,2020,196.51999999999998,188.4075,8.112499999999983
5550,Wisconsin,WI,Outagamie,55,55087,176695,,8.502538622527615,Very Low,2020,11540,55087,"Appleton, WI",11540,2020,198.5025,189.875,8.627499999999998
5551,Wisconsin,WI,Ozaukee,55,55089,86395,,5.701360663464872,Very Low,2020,33340,55089,"Milwaukee-Waukesha, WI",33340,2020,256.51,238.89583333333334,17.614166666666648
5552,Wisconsin,WI,Pierce,55,55093,41019,,8.427394454599828,Very Low,2020,33460,55093,"Minneapolis-St. Paul-Bloomington, MN-WI",33460,2020,304.05,285.6516666666667,18.398333333333312
5554,Wisconsin,WI,Racine,55,55101,195408,,11.278710004974048,Relatively Low,2020,39540,55101,"Racine-Mount Pleasant, WI",39540,2020,201.415,192.3175,9.097499999999997
5555,Wisconsin,WI,Rock,55,55105,160331,,13.452502446376329,Relatively Low,2020,27500,55105,"Janesville-Beloit, WI",27500,2020,204.6675,194.76749999999998,9.900000000000006
5556,Wisconsin,WI,St. Croix,55,55109,84345,,6.043312228082567,Very Low,2020,33460,55109,"Minneapolis-St. Paul-Bloomington, MN-WI",33460,2020,304.05,285.6516666666667,18.398333333333312
5559,Wisconsin,WI,Sheboygan,55,55117,115507,,10.137892670668462,Relatively Low,2020,43100,55117,"Sheboygan, WI",43100,2020,200.385,190.98250000000002,9.402499999999975
5560,Wisconsin,WI,Vernon,55,55123,29773,,12.04681843897621,Relatively Low,2020,29100,55123,"La Crosse-Onalaska, WI-MN",29100,2020,249.9825,240.5375,9.444999999999993
5562,Wisconsin,WI,Washington,55,55131,131887,,7.586188694424157,Very Low,2020,33340,55131,"Milwaukee-Waukesha, WI",33340,2020,256.51,238.89583333333334,17.614166666666648
5563,Wisconsin,WI,Waukesha,55,55133,389891,,8.731144228093145,Very Low,2020,33340,55133,"Milwaukee-Waukesha, WI",33340,2020,256.51,238.89583333333334,17.614166666666648
5564,Wisconsin,WI,Winnebago,55,55139,166994,,12.471460104191449,Relatively Low,2020,36780,55139,"Oshkosh-Neenah, WI",36780,2020,196.78,187.6325,9.147500000000008
5569,Wyoming,WY,Laramie,56,56021,91738,,11.686158081447225,Relatively Low,2020,16940,56021,"Cheyenne, WY",16940,2020,276.9925,260.14250000000004,16.849999999999966
5570,Wyoming,WY,Natrona,56,56025,75450,,5.830309723593587,Very Low,2020,16220,56025,"Casper, WY",16220,2020,296.5825,280.63,15.952499999999986
