yr,Earned Exp,hpi_change,hpi,state,flood_frequency,flood_property_damage,flood_duration_hours,heat_stress_index,drought_annual_mean_index,fire_frequency,fire_size,real_gdp,unemployment_rate,prop_rate,total_home_purchase,total_amt_purchase,total_population,y_model,prem_per_unit,prem_w,pred_log_prem,pred_prem
2020,1908,2.72,1665.85,CALIFORNIA,2.0,0.0,3.42,0.4079326357351419,0.25,475.0,156529.9,729068982.0,12.3,1.171,55477.0,37157885000.0,9996634.0,6.664823408445487,784.3249475890985,784.3249475890985,6.928912421721929,1021.3825418782666
2020,2695,2.72,1665.85,CALIFORNIA,2.0,0.0,3.42,0.4079326357351419,0.25,475.0,156529.9,729068982.0,12.3,1.171,55477.0,37157885000.0,9996634.0,6.6559077640293625,777.3632653061225,777.3632653061225,6.8753937654602995,968.1565171342054
2020,2510,2.72,1665.85,CALIFORNIA,2.0,0.0,3.42,0.4079326357351419,0.25,475.0,156529.9,729068982.0,12.3,1.171,55477.0,37157885000.0,9996634.0,6.7382445392258665,844.0776892430279,844.0776892430279,6.868403528671223,961.4124725263083
2020,2746,2.72,1665.85,CALIFORNIA,2.0,0.0,3.42,0.4079326357351419,0.25,475.0,156529.9,729068982.0,12.3,1.171,55477.0,37157885000.0,9996634.0,7.922334865936647,2758.2035688273854,2758.2035688273854,6.883655510997926,976.1883125592744
2020,585,2.72,1665.85,CALIFORNIA,2.0,0.0,3.42,0.4079326357351419,0.25,475.0,156529.9,729068982.0,12.3,1.171,55477.0,37157885000.0,9996634.0,8.257634321480404,3856.9589743589745,3856.9589743589745,7.114245699597255,1229.355957686781
2020,590,2.72,1665.85,CALIFORNIA,2.0,0.0,3.42,0.4079326357351419,0.25,475.0,156529.9,729068982.0,12.3,1.171,55477.0,37157885000.0,9996634.0,7.13246370693288,1251.957627118644,1251.957627118644,7.1036785085353635,1216.4335156051131
2020,585,2.72,1665.85,CALIFORNIA,2.0,0.0,3.42,0.4079326357351419,0.25,475.0,156529.9,729068982.0,12.3,1.171,55477.0,37157885000.0,9996634.0,7.1675824684918945,1296.7059829059829,1296.7059829059829,7.114245699597255,1229.355957686781
2020,3657,2.72,1665.85,CALIFORNIA,2.0,0.0,3.42,0.4079326357351419,0.25,475.0,156529.9,729068982.0,12.3,1.171,55477.0,37157885000.0,9996634.0,7.298018187013635,1477.369155045119,1477.369155045119,6.962570906886509,1056.3458360246766
2020,5,2.72,1665.85,CALIFORNIA,2.0,0.0,3.42,0.4079326357351419,0.25,475.0,156529.9,729068982.0,12.3,1.171,55477.0,37157885000.0,9996634.0,7.080699673963495,1188.8,1188.8,7.072177927758374,1178.712391179351
2020,2483,2.72,1665.85,CALIFORNIA,2.0,0.0,3.42,0.4079326357351419,0.25,475.0,156529.9,729068982.0,12.3,1.171,55477.0,37157885000.0,9996634.0,6.76724069742421,868.9109947643979,868.9109947643979,6.871749458429479,964.6346787598388
2020,179,2.72,1665.85,CALIFORNIA,2.0,0.0,3.42,0.4079326357351419,0.25,475.0,156529.9,729068982.0,12.3,1.171,55477.0,37157885000.0,9996634.0,6.974217576965458,1068.7206703910615,1068.7206703910615,7.057258627961977,1161.257359832972
2020,2,2.72,1665.85,CALIFORNIA,2.0,0.0,3.42,0.4079326357351419,0.25,475.0,156529.9,729068982.0,12.3,1.171,55477.0,37157885000.0,9996634.0,6.258701535932703,492.0,522.5400000000001,7.100202867113149,1212.212967695189
2020,71,2.72,1665.85,CALIFORNIA,2.0,0.0,3.42,0.4079326357351419,0.25,475.0,156529.9,729068982.0,12.3,1.171,55477.0,37157885000.0,9996634.0,7.000039117065015,1096.6760563380285,1096.6760563380285,7.090157775854486,1200.097132024957
2020,3860,2.72,1665.85,CALIFORNIA,2.0,0.0,3.42,0.4079326357351419,0.25,475.0,156529.9,729068982.0,12.3,1.171,55477.0,37157885000.0,9996634.0,6.977835331294514,1072.5940414507772,1072.5940414507772,6.970635952914166,1064.899761348299
2020,9,2.72,1665.85,CALIFORNIA,2.0,0.0,3.42,0.4079326357351419,0.25,475.0,156529.9,729068982.0,12.3,1.171,55477.0,37157885000.0,9996634.0,7.0163106855364825,1114.6666666666667,1114.6666666666667,7.084747170856413,1193.6214150554028
2020,3078,2.72,1665.85,CALIFORNIA,2.0,0.0,3.42,0.4079326357351419,0.25,475.0,156529.9,729068982.0,12.3,1.171,55477.0,37157885000.0,9996634.0,7.039220617408261,1140.498375568551,1140.498375568551,6.8863466186739,978.8188784008038
2020,4468,2.72,1665.85,CALIFORNIA,2.0,0.0,3.42,0.4079326357351419,0.25,475.0,156529.9,729068982.0,12.3,1.171,55477.0,37157885000.0,9996634.0,7.299991975080042,1480.288048343778,1480.288048343778,6.956761108150343,1050.2264726689489
2020,543,2.72,1665.85,CALIFORNIA,2.0,0.0,3.42,0.4079326357351419,0.25,475.0,156529.9,729068982.0,12.3,1.171,55477.0,37157885000.0,9996634.0,8.552620886104929,7004.659300184162,5180.313662906439,7.114872957808692,1230.1273232034046
2020,6,2.72,1665.85,CALIFORNIA,2.0,0.0,3.42,0.4079326357351419,0.25,475.0,156529.9,729068982.0,12.3,1.171,55477.0,37157885000.0,9996634.0,6.660788528694651,781.1666666666666,781.1666666666666,7.073309930491763,1180.0474523319165
2020,3682,2.72,1665.85,CALIFORNIA,2.0,0.0,3.42,0.4079326357351419,0.25,475.0,156529.9,729068982.0,12.3,1.171,55477.0,37157885000.0,9996634.0,6.473241683809589,647.5795763172189,647.5795763172189,6.9644969435224775,1058.3823573829259
2020,1538,2.72,1665.85,CALIFORNIA,2.0,0.0,3.42,0.4079326357351419,0.25,475.0,156529.9,729068982.0,12.3,1.171,55477.0,37157885000.0,9996634.0,6.61169665181284,743.7438231469441,743.7438231469441,6.857848641402553,951.3182377280007
2020,2136,2.72,1665.85,CALIFORNIA,2.0,0.0,3.42,0.4079326357351419,0.25,475.0,156529.9,729068982.0,12.3,1.171,55477.0,37157885000.0,9996634.0,8.31015566220851,4064.945692883895,4064.945692883895,6.922340565356531,1014.6921706775497
2020,1689,2.72,1665.85,CALIFORNIA,2.0,0.0,3.42,0.4079326357351419,0.25,475.0,156529.9,729068982.0,12.3,1.171,55477.0,37157885000.0,9996634.0,7.42849219163487,1683.267613972765,1683.267613972765,6.937200410836705,1029.882926155455
2020,4116,2.72,1665.85,CALIFORNIA,2.0,0.0,3.42,0.4079326357351419,0.25,475.0,156529.9,729068982.0,12.3,1.171,55477.0,37157885000.0,9996634.0,7.190384336751861,1326.6129737609328,1326.6129737609328,6.973298828291372,1067.7392356071603
2020,3520,2.72,1665.85,CALIFORNIA,2.0,0.0,3.42,0.4079326357351419,0.25,475.0,156529.9,729068982.0,12.3,1.171,55477.0,37157885000.0,9996634.0,7.897704149707326,2691.096875,2691.096875,7.015308357787575,1113.5499650798702
2020,222,2.72,1665.85,CALIFORNIA,2.0,0.0,3.42,0.4079326357351419,0.25,475.0,156529.9,729068982.0,12.3,1.171,55477.0,37157885000.0,9996634.0,7.218024915421462,1363.7927927927929,1363.7927927927929,7.058513849635577,1162.7159104503298
2020,805,2.72,1665.85,CALIFORNIA,2.0,0.0,3.42,0.4079326357351419,0.25,475.0,156529.9,729068982.0,12.3,1.171,55477.0,37157885000.0,9996634.0,7.111643829422958,1226.16149068323,1226.16149068323,7.09137203337693,1201.5552440777906
2020,2267,2.72,1665.85,CALIFORNIA,2.0,0.0,3.42,0.4079326357351419,0.25,475.0,156529.9,729068982.0,12.3,1.171,55477.0,37157885000.0,9996634.0,6.833132498893891,928.093515659462,928.093515659462,6.929762913282877,1022.2515886167081
2020,4857,2.72,1665.85,CALIFORNIA,2.0,0.0,3.42,0.4079326357351419,0.25,475.0,156529.9,729068982.0,12.3,1.171,55477.0,37157885000.0,9996634.0,6.735665326355259,841.9034383364217,841.9034383364217,6.963303321307396,1057.1198023458733
2020,1185,2.72,1665.85,CALIFORNIA,2.0,0.0,3.42,0.4079326357351419,0.25,475.0,156529.9,729068982.0,12.3,1.171,55477.0,37157885000.0,9996634.0,6.676433865148661,793.484388185654,793.484388185654,6.886799079668936,979.2618559719641
2020,3678,2.72,1665.85,CALIFORNIA,2.0,0.0,3.42,0.4079326357351419,0.25,475.0,156529.9,729068982.0,12.3,1.171,55477.0,37157885000.0,9996634.0,7.278625377199761,1448.994834148994,1448.994834148994,6.9644969435224775,1058.3823573829259
2020,2920,2.72,1665.85,CALIFORNIA,2.0,0.0,3.42,0.4079326357351419,0.25,475.0,156529.9,729068982.0,12.3,1.171,55477.0,37157885000.0,9996634.0,7.567222069048521,1933.7609589041097,1933.7609589041097,6.90847315276859,1000.7181315195088
2020,2329,2.72,1665.85,CALIFORNIA,2.0,0.0,3.42,0.4079326357351419,0.25,475.0,156529.9,729068982.0,12.3,1.171,55477.0,37157885000.0,9996634.0,7.839911922099715,2539.981107771576,2539.981107771576,6.953634907525457,1046.9483806702142
2020,1882,2.72,1665.85,CALIFORNIA,2.0,0.0,3.42,0.4079326357351419,0.25,475.0,156529.9,729068982.0,12.3,1.171,55477.0,37157885000.0,9996634.0,6.9024719524983045,994.730605738576,994.730605738576,6.923184471444899,1015.5488370003255
2020,589,2.72,1665.85,CALIFORNIA,2.0,0.0,3.42,0.4079326357351419,0.25,475.0,156529.9,729068982.0,12.3,1.171,55477.0,37157885000.0,9996634.0,7.259447029447916,1421.4702886247878,1421.4702886247878,7.1036785085353635,1216.4335156051131
2020,4389,2.72,1665.85,CALIFORNIA,2.0,0.0,3.42,0.4079326357351419,0.25,475.0,156529.9,729068982.0,12.3,1.171,55477.0,37157885000.0,9996634.0,7.205558718599223,1346.8970152654365,1346.8970152654365,6.9763637651835815,1071.0168091939845
2020,1058,2.72,1665.85,CALIFORNIA,2.0,0.0,3.42,0.4079326357351419,0.25,475.0,156529.9,729068982.0,12.3,1.171,55477.0,37157885000.0,9996634.0,6.556636032058975,703.8998109640831,703.8998109640831,6.911897807347925,1004.1511204967039
2020,4420,2.72,1665.85,CALIFORNIA,2.0,0.0,3.42,0.4079326357351419,0.25,475.0,156529.9,729068982.0,12.3,1.171,55477.0,37157885000.0,9996634.0,7.04183338299248,1143.482126696833,1143.482126696833,6.959014344999158,1052.5955497002678
2020,6142,2.72,1665.85,CALIFORNIA,2.0,0.0,3.42,0.4079326357351419,0.25,475.0,156529.9,729068982.0,12.3,1.171,55477.0,37157885000.0,9996634.0,6.843944854814661,938.182839465972,938.182839465972,6.894650650909605,986.9808637124464
2020,6917,2.72,1665.85,CALIFORNIA,2.0,0.0,3.42,0.4079326357351419,0.25,475.0,156529.9,729068982.0,12.3,1.171,55477.0,37157885000.0,9996634.0,7.065573855703109,1170.953737169293,1170.953737169293,6.877792606427281,970.4817584770149
2020,4921,2.72,1665.85,CALIFORNIA,2.0,0.0,3.42,0.4079326357351419,0.25,475.0,156529.9,729068982.0,12.3,1.171,55477.0,37157885000.0,9996634.0,6.82172201246505,917.5637065637064,917.5637065637064,6.955810043629358,1049.228114358632
2020,7318,2.72,1665.85,CALIFORNIA,2.0,0.0,3.42,0.4079326357351419,0.25,475.0,156529.9,729068982.0,12.3,1.171,55477.0,37157885000.0,9996634.0,7.02952150417086,1129.4900245968845,1129.4900245968845,6.87648498304409,969.2135631782886
2020,4058,2.72,1665.85,CALIFORNIA,2.0,0.0,3.42,0.4079326357351419,0.25,475.0,156529.9,729068982.0,12.3,1.171,55477.0,37157885000.0,9996634.0,8.099368154068761,3292.3871365204536,3292.3871365204536,6.920465233890993,1012.7910696764666
2020,7429,2.72,1665.85,CALIFORNIA,2.0,0.0,3.42,0.4079326357351419,0.25,475.0,156529.9,729068982.0,12.3,1.171,55477.0,37157885000.0,9996634.0,6.849159204678566,943.0876295598332,943.0876295598332,6.865514550297142,958.6389808922924
2020,2334,2.72,1665.85,CALIFORNIA,2.0,0.0,3.42,0.4079326357351419,0.25,475.0,156529.9,729068982.0,12.3,1.171,55477.0,37157885000.0,9996634.0,7.745686418938994,2311.5796915167093,2311.5796915167093,6.953634907525457,1046.9483806702142
2020,6143,2.72,1665.85,CALIFORNIA,2.0,0.0,3.42,0.4079326357351419,0.25,475.0,156529.9,729068982.0,12.3,1.171,55477.0,37157885000.0,9996634.0,8.552620886104929,5533.998534917792,5180.313662906439,6.894765135671833,987.0938644502605
2020,1954,2.72,1665.85,CALIFORNIA,2.0,0.0,3.42,0.4079326357351419,0.25,475.0,156529.9,729068982.0,12.3,1.171,55477.0,37157885000.0,9996634.0,7.507388924783567,1821.451381780962,1821.451381780962,6.929605873903173,1022.0910674657315
2020,133,2.72,1665.85,CALIFORNIA,2.0,0.0,3.42,0.4079326357351419,0.25,475.0,156529.9,729068982.0,12.3,1.171,55477.0,37157885000.0,9996634.0,7.081000684120434,1189.157894736842,1189.157894736842,7.071513939863305,1177.9300001976553
2020,29,2.72,1665.85,CALIFORNIA,2.0,0.0,3.42,0.4079326357351419,0.25,475.0,156529.9,729068982.0,12.3,1.171,55477.0,37157885000.0,9996634.0,6.671989295446874,789.9655172413793,789.9655172413793,7.088611410908629,1198.2427780119096
2020,2847,2.72,1665.85,CALIFORNIA,2.0,0.0,3.42,0.4079326357351419,0.25,475.0,156529.9,729068982.0,12.3,1.171,55477.0,37157885000.0,9996634.0,6.685867086196796,801.0049174569723,801.0049174569723,6.893334115047108,985.682322985049
2020,1865,2.72,1665.85,CALIFORNIA,2.0,0.0,3.42,0.4079326357351419,0.25,475.0,156529.9,729068982.0,12.3,1.171,55477.0,37157885000.0,9996634.0,6.730593790930704,837.6445040214477,837.6445040214477,6.921886875984009,1014.2319200366388
2020,2483,2.72,1665.85,CALIFORNIA,2.0,0.0,3.42,0.4079326357351419,0.25,475.0,156529.9,729068982.0,12.3,1.171,55477.0,37157885000.0,9996634.0,6.931707364215607,1024.2412404349575,1024.2412404349575,6.871749458429479,964.6346787598388
2020,2887,2.72,1665.85,CALIFORNIA,2.0,0.0,3.42,0.4079326357351419,0.25,475.0,156529.9,729068982.0,12.3,1.171,55477.0,37157885000.0,9996634.0,6.576963449093645,718.3546934534119,718.3546934534119,6.904667705286134,996.9171879577484
2020,5081,2.72,1665.85,CALIFORNIA,2.0,0.0,3.42,0.4079326357351419,0.25,475.0,156529.9,729068982.0,12.3,1.171,55477.0,37157885000.0,9996634.0,7.496174383970819,1801.138752214131,1801.138752214131,6.938116916844888,1030.8272527193847
2020,6442,2.72,1665.85,CALIFORNIA,2.0,0.0,3.42,0.4079326357351419,0.25,475.0,156529.9,729068982.0,12.3,1.171,55477.0,37157885000.0,9996634.0,6.994580179929458,1090.7056814653831,1090.7056814653831,6.939963917964795,1032.7329511814248
2020,7961,2.72,1665.85,CALIFORNIA,2.0,0.0,3.42,0.4079326357351419,0.25,475.0,156529.9,729068982.0,12.3,1.171,55477.0,37157885000.0,9996634.0,7.120395933793455,1236.940082904158,1236.940082904158,6.835935688786886,930.698787852662
2020,16,2.72,1665.85,CALIFORNIA,2.0,0.0,3.42,0.4079326357351419,0.25,475.0,156529.9,729068982.0,12.3,1.171,55477.0,37157885000.0,9996634.0,8.552620886104929,8024.3125,5180.313662906439,7.105061887098065,1218.1174681569303
2020,4272,2.72,1665.85,CALIFORNIA,2.0,0.0,3.42,0.4079326357351419,0.25,475.0,156529.9,729068982.0,12.3,1.171,55477.0,37157885000.0,9996634.0,8.043578631123303,3113.7361891385767,3113.7361891385767,6.981380401088302,1076.403210083134
2020,1668,2.72,1665.85,CALIFORNIA,2.0,0.0,3.42,0.4079326357351419,0.25,475.0,156529.9,729068982.0,12.3,1.171,55477.0,37157885000.0,9996634.0,8.552620886104929,5888.537769784172,5180.313662906439,6.938026590618147,1030.734146188269
2020,2476,2.72,1665.85,CALIFORNIA,2.0,0.0,3.42,0.4079326357351419,0.25,475.0,156529.9,729068982.0,12.3,1.171,55477.0,37157885000.0,9996634.0,8.552620886104929,8265.701938610662,5180.313662906439,6.871797758432596,964.6812717430413
2020,1,,,,,,,,,,,,,,,,,7.527793987721444,1859.0,1859.0,6.848493256606864,942.4597912485415
2020,311,2.72,1665.85,CALIFORNIA,2.0,0.0,3.42,0.4079326357351419,0.25,475.0,156529.9,729068982.0,12.3,1.171,55477.0,37157885000.0,9996634.0,7.435654255717381,1695.3665594855306,1695.3665594855306,7.080712743805012,1188.8155375291324
2020,3017,2.72,1665.85,CALIFORNIA,2.0,0.0,3.42,0.4079326357351419,0.25,475.0,156529.9,729068982.0,12.3,1.171,55477.0,37157885000.0,9996634.0,6.507136215576122,669.905203844879,669.905203844879,6.878445444387748,971.1155326623032
2020,5020,2.72,1665.85,CALIFORNIA,2.0,0.0,3.42,0.4079326357351419,0.25,475.0,156529.9,729068982.0,12.3,1.171,55477.0,37157885000.0,9996634.0,8.552620886104929,10933.651195219123,5180.313662906439,6.964019483393116,1057.8771426252056
2020,826,2.72,1665.85,CALIFORNIA,2.0,0.0,3.42,0.4079326357351419,0.25,475.0,156529.9,729068982.0,12.3,1.171,55477.0,37157885000.0,9996634.0,7.825008743406464,2502.40799031477,2502.40799031477,7.090070645839209,1199.9925720987296
2020,961,2.72,1665.85,CALIFORNIA,2.0,0.0,3.42,0.4079326357351419,0.25,475.0,156529.9,729068982.0,12.3,1.171,55477.0,37157885000.0,9996634.0,8.179145229079516,3565.805411030177,3565.805411030177,7.072693693259741,1179.3204871707421
2020,4858,2.72,1665.85,CALIFORNIA,2.0,0.0,3.42,0.4079326357351419,0.25,475.0,156529.9,729068982.0,12.3,1.171,55477.0,37157885000.0,9996634.0,6.744637763858149,849.4913544668588,849.4913544668588,6.963303321307396,1057.1198023458733
2020,4023,2.72,1665.85,CALIFORNIA,2.0,0.0,3.42,0.4079326357351419,0.25,475.0,156529.9,729068982.0,12.3,1.171,55477.0,37157885000.0,9996634.0,6.717987123879573,827.1508824260502,827.1508824260502,6.911601843227047,1003.8539717679479
2020,2655,2.72,1665.85,CALIFORNIA,2.0,0.0,3.42,0.4079326357351419,0.25,475.0,156529.9,729068982.0,12.3,1.171,55477.0,37157885000.0,9996634.0,6.700119854511934,812.5032015065914,812.5032015065914,6.8665233644408,959.6065574252651
2020,3913,2.72,1665.85,CALIFORNIA,2.0,0.0,3.42,0.4079326357351419,0.25,475.0,156529.9,729068982.0,12.3,1.171,55477.0,37157885000.0,9996634.0,6.948152588396494,1041.224380270892,1041.224380270892,6.922114570107834,1014.4628809782545
2020,2120,2.72,1665.85,CALIFORNIA,2.0,0.0,3.42,0.4079326357351419,0.25,475.0,156529.9,729068982.0,12.3,1.171,55477.0,37157885000.0,9996634.0,7.087904667003986,1197.3962264150944,1197.3962264150944,6.924244845518246,1016.6262697972455
2020,4527,2.72,1665.85,CALIFORNIA,2.0,0.0,3.42,0.4079326357351419,0.25,475.0,156529.9,729068982.0,12.3,1.171,55477.0,37157885000.0,9996634.0,6.881931885926471,974.5071791473382,974.5071791473382,6.955692399905704,1049.1046865166938
2020,5082,2.72,1665.85,CALIFORNIA,2.0,0.0,3.42,0.4079326357351419,0.25,475.0,156529.9,729068982.0,12.3,1.171,55477.0,37157885000.0,9996634.0,6.829985173924215,925.1770956316412,925.1770956316412,6.938116916844888,1030.8272527193847
2020,5074,2.72,1665.85,CALIFORNIA,2.0,0.0,3.42,0.4079326357351419,0.25,475.0,156529.9,729068982.0,12.3,1.171,55477.0,37157885000.0,9996634.0,6.6341852234532395,760.6590461174616,760.6590461174616,6.9347620184028775,1027.374726650699
2020,2431,2.72,1665.85,CALIFORNIA,2.0,0.0,3.42,0.4079326357351419,0.25,475.0,156529.9,729068982.0,12.3,1.171,55477.0,37157885000.0,9996634.0,7.059438793747848,1163.79185520362,1163.79185520362,6.892545425496525,984.9052321187208
2020,4164,2.72,1665.85,CALIFORNIA,2.0,0.0,3.42,0.4079326357351419,0.25,475.0,156529.9,729068982.0,12.3,1.171,55477.0,37157885000.0,9996634.0,6.7005683353071985,812.8676753121998,812.8676753121998,6.972635571100423,1067.031284683809
2020,1733,2.72,1665.85,CALIFORNIA,2.0,0.0,3.42,0.4079326357351419,0.25,475.0,156529.9,729068982.0,12.3,1.171,55477.0,37157885000.0,9996634.0,6.735830726162312,842.0427005193307,842.0427005193307,6.925339181684235,1017.7394096550921
2020,4357,2.72,1665.85,CALIFORNIA,2.0,0.0,3.42,0.4079326357351419,0.25,475.0,156529.9,729068982.0,12.3,1.171,55477.0,37157885000.0,9996634.0,6.667887853961992,786.7321551526279,786.7321551526279,6.979402253965135,1074.2760308001787
2020,8160,2.72,1665.85,CALIFORNIA,2.0,0.0,3.42,0.4079326357351419,0.25,475.0,156529.9,729068982.0,12.3,1.171,55477.0,37157885000.0,9996634.0,6.674944438862423,792.303431372549,792.303431372549,6.831731905917496,926.794544277434
2020,3292,2.72,1665.85,CALIFORNIA,2.0,0.0,3.42,0.4079326357351419,0.25,475.0,156529.9,729068982.0,12.3,1.171,55477.0,37157885000.0,9996634.0,7.437344286765812,1698.2342041312272,1698.2342041312272,6.965316587727188,1059.2502099651063
2020,3037,2.72,1665.85,CALIFORNIA,2.0,0.0,3.42,0.4079326357351419,0.25,475.0,156529.9,729068982.0,12.3,1.171,55477.0,37157885000.0,9996634.0,6.59550068331551,731.7951926243003,731.7951926243003,6.880868412853072,973.4713678788015
2020,3008,2.72,1665.85,CALIFORNIA,2.0,0.0,3.42,0.4079326357351419,0.25,475.0,156529.9,729068982.0,12.3,1.171,55477.0,37157885000.0,9996634.0,6.6130972466059275,744.7862367021277,744.7862367021277,6.8763742856724965,969.1062797224397
2020,4227,2.72,1665.85,CALIFORNIA,2.0,0.0,3.42,0.4079326357351419,0.25,475.0,156529.9,729068982.0,12.3,1.171,55477.0,37157885000.0,9996634.0,6.599365679753947,734.6290513366454,734.6290513366454,6.98034436681863,1075.2885969579
2020,2,2.72,1665.85,CALIFORNIA,2.0,0.0,3.42,0.4079326357351419,0.25,475.0,156529.9,729068982.0,12.3,1.171,55477.0,37157885000.0,9996634.0,8.552620886104929,56594.5,5180.313662906439,7.100202867113149,1212.212967695189
2020,1,2.72,1665.85,CALIFORNIA,2.0,0.0,3.42,0.4079326357351419,0.25,475.0,156529.9,729068982.0,12.3,1.171,55477.0,37157885000.0,9996634.0,8.552620886104929,31990.0,5180.313662906439,7.039121528936182,1140.3853709259288
2020,3471,2.72,1665.85,CALIFORNIA,2.0,0.0,3.42,0.4079326357351419,0.25,475.0,156529.9,729068982.0,12.3,1.171,55477.0,37157885000.0,9996634.0,8.552620886104929,7088.218668971478,5180.313662906439,7.015992267039614,1114.3117926843759
2020,8651,2.72,1665.85,CALIFORNIA,2.0,0.0,3.42,0.4079326357351419,0.25,475.0,156529.9,729068982.0,12.3,1.171,55477.0,37157885000.0,9996634.0,7.630550926952735,2060.1847185296497,2060.1847185296497,6.8265098422576695,921.9673790194815
2020,1049,2.72,1665.85,CALIFORNIA,2.0,0.0,3.42,0.4079326357351419,0.25,475.0,156529.9,729068982.0,12.3,1.171,55477.0,37157885000.0,9996634.0,6.468379414987759,644.4385128693995,644.4385128693995,6.913127999528797,1005.3871794927237
2020,5907,2.72,1665.85,CALIFORNIA,2.0,0.0,3.42,0.4079326357351419,0.25,475.0,156529.9,729068982.0,12.3,1.171,55477.0,37157885000.0,9996634.0,8.473363107917752,4785.582867783985,4785.582867783985,6.86895516645255,961.9429702774414
2020,7749,2.72,1665.85,CALIFORNIA,2.0,0.0,3.42,0.4079326357351419,0.25,475.0,156529.9,729068982.0,12.3,1.171,55477.0,37157885000.0,9996634.0,7.784395631529218,2402.8135243257193,2402.8135243257193,6.835357884177921,930.1611811342594
2020,11061,2.72,1665.85,CALIFORNIA,2.0,0.0,3.42,0.4079326357351419,0.25,475.0,156529.9,729068982.0,12.3,1.171,55477.0,37157885000.0,9996634.0,7.350841575131582,1557.5067353765482,1557.5067353765482,6.89788750306636,990.1807508367759
2020,4992,2.72,1665.85,CALIFORNIA,2.0,0.0,3.42,0.4079326357351419,0.25,475.0,156529.9,729068982.0,12.3,1.171,55477.0,37157885000.0,9996634.0,7.175962891438805,1307.6185897435898,1307.6185897435898,6.946657790889325,1039.6691233495358
2020,6115,2.72,1665.85,CALIFORNIA,2.0,0.0,3.42,0.4079326357351419,0.25,475.0,156529.9,729068982.0,12.3,1.171,55477.0,37157885000.0,9996634.0,6.949574976775645,1042.7064595257564,1042.7064595257564,6.879880348241278,972.5099902994015
2020,6752,2.72,1665.85,CALIFORNIA,2.0,0.0,3.42,0.4079326357351419,0.25,475.0,156529.9,729068982.0,12.3,1.171,55477.0,37157885000.0,9996634.0,6.533016589396338,687.4688981042653,687.4688981042653,6.900572851802044,992.8433048071088
2020,1104,2.72,1665.85,CALIFORNIA,2.0,0.0,3.42,0.4079326357351419,0.25,475.0,156529.9,729068982.0,12.3,1.171,55477.0,37157885000.0,9996634.0,7.7184910318472495,2249.5625,2249.5625,6.905713742582812,997.9605461186896
2020,3809,2.72,1665.85,CALIFORNIA,2.0,0.0,3.42,0.4079326357351419,0.25,475.0,156529.9,729068982.0,12.3,1.171,55477.0,37157885000.0,9996634.0,7.503317996907458,1814.051457075348,1814.051457075348,6.968073514923724,1062.1745148725427
2020,772,2.72,1665.85,CALIFORNIA,2.0,0.0,3.42,0.4079326357351419,0.25,475.0,156529.9,729068982.0,12.3,1.171,55477.0,37157885000.0,9996634.0,8.02742960339406,3063.85621761658,3063.85621761658,7.094453021761198,1205.2629305644182
2020,1175,2.72,1665.85,CALIFORNIA,2.0,0.0,3.42,0.4079326357351419,0.25,475.0,156529.9,729068982.0,12.3,1.171,55477.0,37157885000.0,9996634.0,7.575316203090101,1949.476595744681,1949.476595744681,6.887007764698673,979.4662345861345
2020,1627,2.72,1665.85,CALIFORNIA,2.0,0.0,3.42,0.4079326357351419,0.25,475.0,156529.9,729068982.0,12.3,1.171,55477.0,37157885000.0,9996634.0,6.733445061216082,840.0362630608482,840.0362630608482,6.887119908360915,979.5760816759355
2020,1752,2.72,1665.85,CALIFORNIA,2.0,0.0,3.42,0.4079326357351419,0.25,475.0,156529.9,729068982.0,12.3,1.171,55477.0,37157885000.0,9996634.0,6.8909417756906475,983.3270547945206,983.3270547945206,6.925316514627773,1017.7163407598828
2020,2247,2.72,1665.85,CALIFORNIA,2.0,0.0,3.42,0.4079326357351419,0.25,475.0,156529.9,729068982.0,12.3,1.171,55477.0,37157885000.0,9996634.0,6.858486963133231,951.925678682688,951.925678682688,6.925914138648686,1018.3247342687768
2020,1341,2.72,1665.85,CALIFORNIA,2.0,0.0,3.42,0.4079326357351419,0.25,475.0,156529.9,729068982.0,12.3,1.171,55477.0,37157885000.0,9996634.0,6.689249539520136,803.7188665175242,803.7188665175242,6.876533946401048,969.2610202897715
2020,2774,2.72,1665.85,CALIFORNIA,2.0,0.0,3.42,0.4079326357351419,0.25,475.0,156529.9,729068982.0,12.3,1.171,55477.0,37157885000.0,9996634.0,7.021232333650592,1120.1661860129775,1120.1661860129775,6.8885543555487585,980.982240120474
2020,58,2.72,1665.85,CALIFORNIA,2.0,0.0,3.42,0.4079326357351419,0.25,475.0,156529.9,729068982.0,12.3,1.171,55477.0,37157885000.0,9996634.0,8.268395789808618,3898.689655172414,3898.689655172414,7.09658749513993,1207.838279733433
2020,2871,2.72,1665.85,CALIFORNIA,2.0,0.0,3.42,0.4079326357351419,0.25,475.0,156529.9,729068982.0,12.3,1.171,55477.0,37157885000.0,9996634.0,8.461914993004532,4731.109369557646,4731.109369557646,6.897940060588659,990.2327936512764
2020,937,2.72,1665.85,CALIFORNIA,2.0,0.0,3.42,0.4079326357351419,0.25,475.0,156529.9,729068982.0,12.3,1.171,55477.0,37157885000.0,9996634.0,7.759601857375523,2343.9711846318037,2343.9711846318037,7.077051129393652,1184.470513180982
2020,513,2.72,1665.85,CALIFORNIA,2.0,0.0,3.42,0.4079326357351419,0.25,475.0,156529.9,729068982.0,12.3,1.171,55477.0,37157885000.0,9996634.0,7.066214125634978,1171.7037037037037,1171.7037037037037,7.108218949030482,1221.969217351026
2020,3010,2.72,1665.85,CALIFORNIA,2.0,0.0,3.42,0.4079326357351419,0.25,475.0,156529.9,729068982.0,12.3,1.171,55477.0,37157885000.0,9996634.0,7.376991795134969,1598.7730897009967,1598.7730897009967,6.8763742856724965,969.1062797224397
2020,4974,2.72,1665.85,CALIFORNIA,2.0,0.0,3.42,0.4079326357351419,0.25,475.0,156529.9,729068982.0,12.3,1.171,55477.0,37157885000.0,9996634.0,6.820221559212989,916.1879774829112,916.1879774829112,6.950652150327502,1043.8302404912145
2020,2186,2.72,1665.85,CALIFORNIA,2.0,0.0,3.42,0.4079326357351419,0.25,475.0,156529.9,729068982.0,12.3,1.171,55477.0,37157885000.0,9996634.0,6.651514542121325,773.955626715462,773.955626715462,6.918584475325632,1010.8880443238246
2020,6704,2.72,1665.85,CALIFORNIA,2.0,0.0,3.42,0.4079326357351419,0.25,475.0,156529.9,729068982.0,12.3,1.171,55477.0,37157885000.0,9996634.0,6.863514372352766,956.7234486873508,956.7234486873508,6.908613598217873,1000.8586876971032
2020,6418,2.72,1665.85,CALIFORNIA,2.0,0.0,3.42,0.4079326357351419,0.25,475.0,156529.9,729068982.0,12.3,1.171,55477.0,37157885000.0,9996634.0,6.727564762466458,835.1110937986912,835.1110937986912,6.942373078623844,1035.2239702063985
2020,6850,2.72,1665.85,CALIFORNIA,2.0,0.0,3.42,0.4079326357351419,0.25,475.0,156529.9,729068982.0,12.3,1.171,55477.0,37157885000.0,9996634.0,6.957657372521753,1051.1681751824815,1051.1681751824815,6.882808731298889,975.3620459960098
2020,1,2.72,1665.85,CALIFORNIA,2.0,0.0,3.42,0.4079326357351419,0.25,475.0,156529.9,729068982.0,12.3,1.171,55477.0,37157885000.0,9996634.0,8.196436811235028,3628.0,3628.0,7.039121528936182,1140.3853709259288
2020,5209,2.72,1665.85,CALIFORNIA,2.0,0.0,3.42,0.4079326357351419,0.25,475.0,156529.9,729068982.0,12.3,1.171,55477.0,37157885000.0,9996634.0,7.007292884724384,1104.6600115185256,1104.6600115185256,6.951569236569694,1044.7879619334074
2020,2634,2.72,1665.85,CALIFORNIA,2.0,0.0,3.42,0.4079326357351419,0.25,475.0,156529.9,729068982.0,12.3,1.171,55477.0,37157885000.0,9996634.0,6.918593072363319,1010.8967350037964,1010.8967350037964,6.860681350065364,954.0168655497711
2020,4964,2.72,1665.85,CALIFORNIA,2.0,0.0,3.42,0.4079326357351419,0.25,475.0,156529.9,729068982.0,12.3,1.171,55477.0,37157885000.0,9996634.0,6.893787922098789,986.129734085415,986.129734085415,6.950652150327502,1043.8302404912145
2020,7155,2.72,1665.85,CALIFORNIA,2.0,0.0,3.42,0.4079326357351419,0.25,475.0,156529.9,729068982.0,12.3,1.171,55477.0,37157885000.0,9996634.0,6.696310327030007,809.4138364779874,809.4138364779874,6.874056484758497,966.8626854084318
2020,6531,2.72,1665.85,CALIFORNIA,2.0,0.0,3.42,0.4079326357351419,0.25,475.0,156529.9,729068982.0,12.3,1.171,55477.0,37157885000.0,9996634.0,6.81781566180703,913.986372684122,913.986372684122,6.9380142011376575,1030.721376006783
2020,5045,2.72,1665.85,CALIFORNIA,2.0,0.0,3.42,0.4079326357351419,0.25,475.0,156529.9,729068982.0,12.3,1.171,55477.0,37157885000.0,9996634.0,6.616951855209221,747.6626362735382,747.6626362735382,6.9417362992170775,1034.5649707416917
2020,9096,2.14,1470.81,CALIFORNIA,37.0,65000.0,20.95,0.2606758244725627,-0.1,71.0,19167.04,252885765.0,8.9,1.07,25419.0,17315535000.0,3186261.0,6.730234055481258,837.3432277924362,837.3432277924362,6.884653866705844,977.1633823853955
2020,2736,2.14,1470.81,CALIFORNIA,37.0,65000.0,20.95,0.2606758244725627,-0.1,71.0,19167.04,252885765.0,8.9,1.07,25419.0,17315535000.0,3186261.0,6.947662820429881,1040.7145467836258,1040.7145467836258,6.901659650286758,993.922911957776
2020,3341,2.14,1470.81,CALIFORNIA,37.0,65000.0,20.95,0.2606758244725627,-0.1,71.0,19167.04,252885765.0,8.9,1.07,25419.0,17315535000.0,3186261.0,6.941140554538839,1033.9488177192457,1033.9488177192457,6.968578887155523,1062.7114440408027
2020,8804,2.14,1470.81,CALIFORNIA,37.0,65000.0,20.95,0.2606758244725627,-0.1,71.0,19167.04,252885765.0,8.9,1.07,25419.0,17315535000.0,3186261.0,6.923294302223009,1015.660381644707,1015.660381644707,6.881762138096518,974.3417727074948
2020,10716,2.14,1470.81,CALIFORNIA,37.0,65000.0,20.95,0.2606758244725627,-0.1,71.0,19167.04,252885765.0,8.9,1.07,25419.0,17315535000.0,3186261.0,7.011130510597416,1108.9074281448302,1108.9074281448302,6.905323984685713,997.5716589057008
2020,10326,2.72,1665.85,CALIFORNIA,2.0,0.0,3.42,0.4079326357351419,0.25,475.0,156529.9,729068982.0,12.3,1.171,55477.0,37157885000.0,9996634.0,6.798851682951224,896.8168700368003,896.8168700368003,6.890621488199576,983.0121578707032
2020,6642,2.72,1665.85,CALIFORNIA,2.0,0.0,3.42,0.4079326357351419,0.25,475.0,156529.9,729068982.0,12.3,1.171,55477.0,37157885000.0,9996634.0,6.757955653549678,860.8804576934658,860.8804576934658,6.9245528401021135,1016.9394334060322
2020,15028,2.72,1665.85,CALIFORNIA,2.0,0.0,3.42,0.4079326357351419,0.25,475.0,156529.9,729068982.0,12.3,1.171,55477.0,37157885000.0,9996634.0,6.526983919554378,683.3341096619644,683.3341096619644,6.8977528212697985,990.0474004944659
2020,9009,2.72,1665.85,CALIFORNIA,2.0,0.0,3.42,0.4079326357351419,0.25,475.0,156529.9,729068982.0,12.3,1.171,55477.0,37157885000.0,9996634.0,6.599684273524436,734.8631368631369,734.8631368631369,6.841614859415717,935.9994224302633
2020,2544,2.72,1665.85,CALIFORNIA,2.0,0.0,3.42,0.4079326357351419,0.25,475.0,156529.9,729068982.0,12.3,1.171,55477.0,37157885000.0,9996634.0,6.629468138974712,757.0794025157232,757.0794025157232,6.861212192768668,954.5234328835679
2020,2175,2.14,1470.81,CALIFORNIA,37.0,65000.0,20.95,0.2606758244725627,-0.1,71.0,19167.04,252885765.0,8.9,1.07,25419.0,17315535000.0,3186261.0,6.6156200877073115,746.6675862068965,746.6675862068965,6.902495987726431,994.7545146029361
2020,2161,2.72,1665.85,CALIFORNIA,2.0,0.0,3.42,0.4079326357351419,0.25,475.0,156529.9,729068982.0,12.3,1.171,55477.0,37157885000.0,9996634.0,6.748865328534242,853.0902360018509,853.0902360018509,6.907680464824124,999.9251886404963
2020,10957,2.72,1665.85,CALIFORNIA,2.0,0.0,3.42,0.4079326357351419,0.25,475.0,156529.9,729068982.0,12.3,1.171,55477.0,37157885000.0,9996634.0,6.864051123249367,957.2371086976362,957.2371086976362,6.897741456207561,990.036148608081
2020,271,2.72,1665.85,CALIFORNIA,2.0,0.0,3.42,0.4079326357351419,0.25,475.0,156529.9,729068982.0,12.3,1.171,55477.0,37157885000.0,9996634.0,7.725782840577838,2266.0258302583024,2266.0258302583024,7.084815862778471,1193.7034100207763
2020,7058,2.72,1665.85,CALIFORNIA,2.0,0.0,3.42,0.4079326357351419,0.25,475.0,156529.9,729068982.0,12.3,1.171,55477.0,37157885000.0,9996634.0,6.653811217237204,775.7351941059791,775.7351941059791,6.878515186700521,971.1832628673238
2020,2990,2.72,1665.85,CALIFORNIA,2.0,0.0,3.42,0.4079326357351419,0.25,475.0,156529.9,729068982.0,12.3,1.171,55477.0,37157885000.0,9996634.0,6.844894546893448,939.0742474916387,939.0742474916387,6.886659042525366,979.1247325402576
2020,7945,2.72,1665.85,CALIFORNIA,2.0,0.0,3.42,0.4079326357351419,0.25,475.0,156529.9,729068982.0,12.3,1.171,55477.0,37157885000.0,9996634.0,6.609616204861659,742.1981120201384,742.1981120201384,6.835935688786886,930.698787852662
2020,7918,2.72,1665.85,CALIFORNIA,2.0,0.0,3.42,0.4079326357351419,0.25,475.0,156529.9,729068982.0,12.3,1.171,55477.0,37157885000.0,9996634.0,6.570822289602736,713.9566809800455,713.9566809800455,6.835521128715615,930.3130372607587
2020,2643,2.72,1665.85,CALIFORNIA,2.0,0.0,3.42,0.4079326357351419,0.25,475.0,156529.9,729068982.0,12.3,1.171,55477.0,37157885000.0,9996634.0,6.5902022960597915,727.9281119939462,727.9281119939462,6.860421241312128,953.7687496822605
2020,843,2.72,1665.85,CALIFORNIA,2.0,0.0,3.42,0.4079326357351419,0.25,475.0,156529.9,729068982.0,12.3,1.171,55477.0,37157885000.0,9996634.0,6.487631656460788,656.9655990510083,656.9655990510083,7.074386449293968,1181.318479621485
2020,2722,2.72,1665.85,CALIFORNIA,2.0,0.0,3.42,0.4079326357351419,0.25,475.0,156529.9,729068982.0,12.3,1.171,55477.0,37157885000.0,9996634.0,6.838308331499211,932.9096252755328,932.9096252755328,6.8936857478379885,986.0289821559957
2020,4859,2.14,1470.81,CALIFORNIA,37.0,65000.0,20.95,0.2606758244725627,-0.1,71.0,19167.04,252885765.0,8.9,1.07,25419.0,17315535000.0,3186261.0,7.1213192790186355,1238.0827330726486,1238.0827330726486,6.896768604286397,989.0734583923255
2020,2949,2.72,1665.85,CALIFORNIA,2.0,0.0,3.42,0.4079326357351419,0.25,475.0,156529.9,729068982.0,12.3,1.171,55477.0,37157885000.0,9996634.0,6.512227407758273,673.324516785351,673.324516785351,6.8818045859740185,974.3831323255137
2020,5744,2.72,1665.85,CALIFORNIA,2.0,0.0,3.42,0.4079326357351419,0.25,475.0,156529.9,729068982.0,12.3,1.171,55477.0,37157885000.0,9996634.0,6.883531972162839,976.0677228412256,976.0677228412256,6.873124715823689,965.9622123754915
2020,3715,2.72,1665.85,CALIFORNIA,2.0,0.0,3.42,0.4079326357351419,0.25,475.0,156529.9,729068982.0,12.3,1.171,55477.0,37157885000.0,9996634.0,6.989018651425065,1084.656527590848,1084.656527590848,6.965647441910562,1059.6007253098494
2020,3761,2.14,1470.81,CALIFORNIA,37.0,65000.0,20.95,0.2606758244725627,-0.1,71.0,19167.04,252885765.0,8.9,1.07,25419.0,17315535000.0,3186261.0,7.1339391387290165,1253.8061685721882,1253.8061685721882,6.959202982216364,1052.7941271245638
2020,204,2.14,1470.81,CALIFORNIA,37.0,65000.0,20.95,0.2606758244725627,-0.1,71.0,19167.04,252885765.0,8.9,1.07,25419.0,17315535000.0,3186261.0,7.621147126763586,2040.9019607843136,2040.9019607843136,7.03371111498957,1134.2320749599448
2020,140,2.14,1470.81,CALIFORNIA,37.0,65000.0,20.95,0.2606758244725627,-0.1,71.0,19167.04,252885765.0,8.9,1.07,25419.0,17315535000.0,3186261.0,7.508767590242081,1823.9642857142856,1823.9642857142856,7.054608619555198,1158.1840919583465
2020,3957,2.72,1665.85,CALIFORNIA,2.0,0.0,3.42,0.4079326357351419,0.25,475.0,156529.9,729068982.0,12.3,1.171,55477.0,37157885000.0,9996634.0,6.708402783192252,819.2610563558251,819.2610563558251,6.917093117656037,1009.3815723093348
2020,7730,2.72,1665.85,CALIFORNIA,2.0,0.0,3.42,0.4079326357351419,0.25,475.0,156529.9,729068982.0,12.3,1.171,55477.0,37157885000.0,9996634.0,6.691706166169757,805.6957309184994,805.6957309184994,6.835780397209613,930.5542693914707
2020,5612,2.72,1665.85,CALIFORNIA,2.0,0.0,3.42,0.4079326357351419,0.25,475.0,156529.9,729068982.0,12.3,1.171,55477.0,37157885000.0,9996634.0,7.018627501685191,1117.2521382751247,1117.2521382751247,6.953206709957416,1046.500175886695
2020,1019,2.72,1665.85,CALIFORNIA,2.0,0.0,3.42,0.4079326357351419,0.25,475.0,156529.9,729068982.0,12.3,1.171,55477.0,37157885000.0,9996634.0,6.987964048204503,1083.51324828263,1083.51324828263,6.9270077164076795,1019.4389606851767
2020,407,2.72,1665.85,CALIFORNIA,2.0,0.0,3.42,0.4079326357351419,0.25,475.0,156529.9,729068982.0,12.3,1.171,55477.0,37157885000.0,9996634.0,6.75959155551723,862.2899262899263,862.2899262899263,7.07164952230398,1178.0897176492233
2020,5158,2.72,1665.85,CALIFORNIA,2.0,0.0,3.42,0.4079326357351419,0.25,475.0,156529.9,729068982.0,12.3,1.171,55477.0,37157885000.0,9996634.0,7.280297351310589,1451.4195424583172,1451.4195424583172,6.956079754331339,1049.511140575777
2020,1824,2.72,1665.85,CALIFORNIA,2.0,0.0,3.42,0.4079326357351419,0.25,475.0,156529.9,729068982.0,12.3,1.171,55477.0,37157885000.0,9996634.0,6.677077246856887,793.9950657894736,793.9950657894736,6.935363963173496,1027.9933356604226
2020,8814,2.72,1665.85,CALIFORNIA,2.0,0.0,3.42,0.4079326357351419,0.25,475.0,156529.9,729068982.0,12.3,1.171,55477.0,37157885000.0,9996634.0,6.562441209218399,707.997957794418,707.997957794418,6.831777389213823,926.8366989069838
2020,3653,2.72,1665.85,CALIFORNIA,2.0,0.0,3.42,0.4079326357351419,0.25,475.0,156529.9,729068982.0,12.3,1.171,55477.0,37157885000.0,9996634.0,6.64976896178722,772.6058034492198,772.6058034492198,6.962570906886509,1056.3458360246766
2020,5821,2.72,1665.85,CALIFORNIA,2.0,0.0,3.42,0.4079326357351419,0.25,475.0,156529.9,729068982.0,12.3,1.171,55477.0,37157885000.0,9996634.0,6.903835736790103,996.0881291874248,996.0881291874248,6.8692774562091135,962.2530446073661
2020,11430,2.72,1665.85,CALIFORNIA,2.0,0.0,3.42,0.4079326357351419,0.25,475.0,156529.9,729068982.0,12.3,1.171,55477.0,37157885000.0,9996634.0,6.72593658785603,833.7524934383202,833.7524934383202,6.897755819753878,990.0503691402853
2020,4249,2.72,1665.85,CALIFORNIA,2.0,0.0,3.42,0.4079326357351419,0.25,475.0,156529.9,729068982.0,12.3,1.171,55477.0,37157885000.0,9996634.0,6.614834120087297,746.0809602259355,746.0809602259355,6.97901683484186,1073.8620640547076
2020,1143,2.72,1665.85,CALIFORNIA,2.0,0.0,3.42,0.4079326357351419,0.25,475.0,156529.9,729068982.0,12.3,1.171,55477.0,37157885000.0,9996634.0,6.656612939380189,777.9116360454943,777.9116360454943,6.8936238157747605,985.9679172376859
2020,2260,2.72,1665.85,CALIFORNIA,2.0,0.0,3.42,0.4079326357351419,0.25,475.0,156529.9,729068982.0,12.3,1.171,55477.0,37157885000.0,9996634.0,7.039115344742799,1140.3783185840707,1140.3783185840707,6.9274497337397625,1019.8896699781214
2020,9076,2.72,1665.85,CALIFORNIA,2.0,0.0,3.42,0.4079326357351419,0.25,475.0,156529.9,729068982.0,12.3,1.171,55477.0,37157885000.0,9996634.0,6.8371963799243085,931.8728514764214,931.8728514764214,6.8467564696486924,940.8243599834427
2020,9257,2.72,1665.85,CALIFORNIA,2.0,0.0,3.42,0.4079326357351419,0.25,475.0,156529.9,729068982.0,12.3,1.171,55477.0,37157885000.0,9996634.0,7.180149677339073,1313.1047855676786,1313.1047855676786,6.87965976364801,972.2954932369859
2020,6774,2.72,1665.85,CALIFORNIA,2.0,0.0,3.42,0.4079326357351419,0.25,475.0,156529.9,729068982.0,12.3,1.171,55477.0,37157885000.0,9996634.0,7.247609848447809,1404.743283141423,1404.743283141423,6.90056625441617,992.8367546583215
2020,4598,2.72,1665.85,CALIFORNIA,2.0,0.0,3.42,0.4079326357351419,0.25,475.0,156529.9,729068982.0,12.3,1.171,55477.0,37157885000.0,9996634.0,7.2645312400020305,1428.7157459765117,1428.7157459765117,6.947097204252887,1040.1260682425122
2020,293,2.72,1665.85,CALIFORNIA,2.0,0.0,3.42,0.4079326357351419,0.25,475.0,156529.9,729068982.0,12.3,1.171,55477.0,37157885000.0,9996634.0,8.169302565300937,3530.8805460750855,3530.8805460750855,7.082308002618925,1190.7135194772009
2020,4179,2.72,1665.85,CALIFORNIA,2.0,0.0,3.42,0.4079326357351419,0.25,475.0,156529.9,729068982.0,12.3,1.171,55477.0,37157885000.0,9996634.0,6.830647321095908,925.7899018904044,925.7899018904044,6.968855362019181,1063.0052976621
2020,5697,2.72,1665.85,CALIFORNIA,2.0,0.0,3.42,0.4079326357351419,0.25,475.0,156529.9,729068982.0,12.3,1.171,55477.0,37157885000.0,9996634.0,7.764905520627739,2356.435843426365,2356.435843426365,6.899106238951743,991.3882553158953
2020,6248,2.72,1665.85,CALIFORNIA,2.0,0.0,3.42,0.4079326357351419,0.25,475.0,156529.9,729068982.0,12.3,1.171,55477.0,37157885000.0,9996634.0,6.980785125352721,1075.7626440460947,1075.7626440460947,6.943908832937957,1036.8150413191615
2020,638,2.72,1665.85,CALIFORNIA,2.0,0.0,3.42,0.4079326357351419,0.25,475.0,156529.9,729068982.0,12.3,1.171,55477.0,37157885000.0,9996634.0,6.880625686828567,973.2351097178685,973.2351097178685,7.0923938719840995,1202.7836671329992
2020,2571,2.72,1665.85,CALIFORNIA,2.0,0.0,3.42,0.4079326357351419,0.25,475.0,156529.9,729068982.0,12.3,1.171,55477.0,37157885000.0,9996634.0,7.291746554695802,1468.1326332166473,1468.1326332166473,6.858480760855273,951.9197745933432
2020,3909,2.72,1665.85,CALIFORNIA,2.0,0.0,3.42,0.4079326357351419,0.25,475.0,156529.9,729068982.0,12.3,1.171,55477.0,37157885000.0,9996634.0,7.315970758422553,1504.1312356101305,1504.1312356101305,6.922114570107834,1014.4628809782545
2020,4593,2.72,1665.85,CALIFORNIA,2.0,0.0,3.42,0.4079326357351419,0.25,475.0,156529.9,729068982.0,12.3,1.171,55477.0,37157885000.0,9996634.0,7.112527757849453,1227.2458088395383,1227.2458088395383,6.947597344976154,1040.6464077572164
2020,4722,2.72,1665.85,CALIFORNIA,2.0,0.0,3.42,0.4079326357351419,0.25,475.0,156529.9,729068982.0,12.3,1.171,55477.0,37157885000.0,9996634.0,6.965857350688832,1059.8231681490893,1059.8231681490893,6.933758559165966,1026.344315065946
2020,176,2.72,1665.85,CALIFORNIA,2.0,0.0,3.42,0.4079326357351419,0.25,475.0,156529.9,729068982.0,12.3,1.171,55477.0,37157885000.0,9996634.0,7.039929216590442,1141.3068181818182,1141.3068181818182,7.059504016217855,1163.867763058412
2020,3442,2.72,1665.85,CALIFORNIA,2.0,0.0,3.42,0.4079326357351419,0.25,475.0,156529.9,729068982.0,12.3,1.171,55477.0,37157885000.0,9996634.0,7.279342878885216,1450.0348634514817,1450.0348634514817,7.0146875160256945,1112.8588413190541
2020,6434,2.72,1665.85,CALIFORNIA,2.0,0.0,3.42,0.4079326357351419,0.25,475.0,156529.9,729068982.0,12.3,1.171,55477.0,37157885000.0,9996634.0,6.969987122121208,1064.2090456947467,1064.2090456947467,6.940115713145205,1032.8897269646673
2020,2643,2.72,1665.85,CALIFORNIA,2.0,0.0,3.42,0.4079326357351419,0.25,475.0,156529.9,729068982.0,12.3,1.171,55477.0,37157885000.0,9996634.0,7.8029570901239795,2447.8297389330305,2447.8297389330305,6.860421241312128,953.7687496822605
2020,2140,2.72,1665.85,CALIFORNIA,2.0,0.0,3.42,0.4079326357351419,0.25,475.0,156529.9,729068982.0,12.3,1.171,55477.0,37157885000.0,9996634.0,7.708543690148201,2227.296261682243,2227.296261682243,6.922307917836843,1014.6590440356848
2020,6954,2.72,1665.85,CALIFORNIA,2.0,0.0,3.42,0.4079326357351419,0.25,475.0,156529.9,729068982.0,12.3,1.171,55477.0,37157885000.0,9996634.0,7.181585601988374,1314.9916594765602,1314.9916594765602,6.876584213161072,969.3097431254381
2020,3760,2.72,1665.85,CALIFORNIA,2.0,0.0,3.42,0.4079326357351419,0.25,475.0,156529.9,729068982.0,12.3,1.171,55477.0,37157885000.0,9996634.0,7.642626175049317,2085.2127659574467,2085.2127659574467,6.976151231278375,1070.7892059965395
2020,2410,2.72,1665.85,CALIFORNIA,2.0,0.0,3.42,0.4079326357351419,0.25,475.0,156529.9,729068982.0,12.3,1.171,55477.0,37157885000.0,9996634.0,7.093495949361626,1204.109958506224,1204.109958506224,6.911388994928655,1003.6403258961091
2020,2683,2.72,1665.85,CALIFORNIA,2.0,0.0,3.42,0.4079326357351419,0.25,475.0,156529.9,729068982.0,12.3,1.171,55477.0,37157885000.0,9996634.0,7.285454688663442,1458.9243384271338,1458.9243384271338,6.8765068140526155,969.2347223188111
2020,406,2.72,1665.85,CALIFORNIA,2.0,0.0,3.42,0.4079326357351419,0.25,475.0,156529.9,729068982.0,12.3,1.171,55477.0,37157885000.0,9996634.0,6.804802917768005,902.1699507389162,902.1699507389162,7.07164952230398,1178.0897176492233
2020,341,2.72,1665.85,CALIFORNIA,2.0,0.0,3.42,0.4079326357351419,0.25,475.0,156529.9,729068982.0,12.3,1.171,55477.0,37157885000.0,9996634.0,6.819718583144311,915.7272727272727,915.7272727272727,7.0685878524651775,1174.4883118642717
2020,1491,2.72,1665.85,CALIFORNIA,2.0,0.0,3.42,0.4079326357351419,0.25,475.0,156529.9,729068982.0,12.3,1.171,55477.0,37157885000.0,9996634.0,6.911499434584243,1003.7511737089202,1003.7511737089202,6.861527131147005,954.8240962883425
2020,3115,2.72,1665.85,CALIFORNIA,2.0,0.0,3.42,0.4079326357351419,0.25,475.0,156529.9,729068982.0,12.3,1.171,55477.0,37157885000.0,9996634.0,7.365449508837359,1580.4256821829856,1580.4256821829856,6.889420142841882,981.8319298509593
2020,2200,2.72,1665.85,CALIFORNIA,2.0,0.0,3.42,0.4079326357351419,0.25,475.0,156529.9,729068982.0,12.3,1.171,55477.0,37157885000.0,9996634.0,7.513949262678138,1833.44,1833.44,6.9114197246499085,1003.6711679574445
2020,3670,2.72,1665.85,CALIFORNIA,2.0,0.0,3.42,0.4079326357351419,0.25,475.0,156529.9,729068982.0,12.3,1.171,55477.0,37157885000.0,9996634.0,7.359212643965591,1570.599455040872,1570.599455040872,6.964805070108981,1058.708523373548
2020,1,2.72,1665.85,CALIFORNIA,2.0,0.0,3.42,0.4079326357351419,0.25,475.0,156529.9,729068982.0,12.3,1.171,55477.0,37157885000.0,9996634.0,6.678342114654332,795.0,795.0,7.039121528936182,1140.3853709259288
2020,7122,2.72,1665.85,CALIFORNIA,2.0,0.0,3.42,0.4079326357351419,0.25,475.0,156529.9,729068982.0,12.3,1.171,55477.0,37157885000.0,9996634.0,7.034682190918971,1135.3340353833194,1135.3340353833194,6.877045257783033,969.7567412046326
2020,5740,2.72,1665.85,CALIFORNIA,2.0,0.0,3.42,0.4079326357351419,0.25,475.0,156529.9,729068982.0,12.3,1.171,55477.0,37157885000.0,9996634.0,7.582926081755123,1964.3684668989547,1964.3684668989547,6.871546998064016,964.4393982391888
2020,5669,2.72,1665.85,CALIFORNIA,2.0,0.0,3.42,0.4079326357351419,0.25,475.0,156529.9,729068982.0,12.3,1.171,55477.0,37157885000.0,9996634.0,8.224389588586677,3730.84335861704,3730.84335861704,6.936486439734239,1029.1478819386457
2020,1472,2.72,1665.85,CALIFORNIA,2.0,0.0,3.42,0.4079326357351419,0.25,475.0,156529.9,729068982.0,12.3,1.171,55477.0,37157885000.0,9996634.0,6.984961610080532,1080.264945652174,1080.264945652174,6.8625353707666115,955.7872732469677
2020,6896,2.72,1665.85,CALIFORNIA,2.0,0.0,3.42,0.4079326357351419,0.25,475.0,156529.9,729068982.0,12.3,1.171,55477.0,37157885000.0,9996634.0,7.29583344755817,1474.145011600928,1474.145011600928,6.8788249503870675,971.4841467741902
2020,6523,2.72,1665.85,CALIFORNIA,2.0,0.0,3.42,0.4079326357351419,0.25,475.0,156529.9,729068982.0,12.3,1.171,55477.0,37157885000.0,9996634.0,7.0380754041848155,1139.1930093515257,1139.1930093515257,6.938790185398226,1031.521509977129
2020,6532,2.72,1665.85,CALIFORNIA,2.0,0.0,3.42,0.4079326357351419,0.25,475.0,156529.9,729068982.0,12.3,1.171,55477.0,37157885000.0,9996634.0,7.358101932066244,1568.855939987753,1568.855939987753,6.9270940570099295,1019.5269834589143
2020,6453,2.72,1665.85,CALIFORNIA,2.0,0.0,3.42,0.4079326357351419,0.25,475.0,156529.9,729068982.0,12.3,1.171,55477.0,37157885000.0,9996634.0,7.493535265632527,1796.3916008058268,1796.3916008058268,6.937876220892083,1030.5791666294701
2020,4015,2.72,1665.85,CALIFORNIA,2.0,0.0,3.42,0.4079326357351419,0.25,475.0,156529.9,729068982.0,12.3,1.171,55477.0,37157885000.0,9996634.0,7.832635071347633,2521.5651307596513,2521.5651307596513,6.912202508811625,1004.4571334318217
2020,10239,2.24,1543.42,CALIFORNIA,0.0,0.0,0.0,0.2644464293358305,-0.28,110.0,3405.39,51241052.0,8.7,1.103,7880.0,4481700000.0,843808.0,7.22503014648108,1373.3800175798417,1373.3800175798417,6.885159404873236,977.6575006582688
2020,3916,2.72,1665.85,CALIFORNIA,2.0,0.0,3.42,0.4079326357351419,0.25,475.0,156529.9,729068982.0,12.3,1.171,55477.0,37157885000.0,9996634.0,7.32485233670164,1517.549795709908,1517.549795709908,6.9215395366369545,1013.8796985575023
2020,4025,2.72,1665.85,CALIFORNIA,2.0,0.0,3.42,0.4079326357351419,0.25,475.0,156529.9,729068982.0,12.3,1.171,55477.0,37157885000.0,9996634.0,7.273837659985311,1442.0740372670807,1442.0740372670807,6.912824234904024,1005.0818248137163
2020,4765,2.72,1665.85,CALIFORNIA,2.0,0.0,3.42,0.4079326357351419,0.25,475.0,156529.9,729068982.0,12.3,1.171,55477.0,37157885000.0,9996634.0,7.371647010442273,1590.2507869884575,1590.2507869884575,6.947788291576598,1040.8451346235472
2020,8775,2.72,1665.85,CALIFORNIA,2.0,0.0,3.42,0.4079326357351419,0.25,475.0,156529.9,729068982.0,12.3,1.171,55477.0,37157885000.0,9996634.0,7.526053586208226,1855.7674074074075,1855.7674074074075,6.831265928493362,926.3627795471114
2020,8549,2.72,1665.85,CALIFORNIA,2.0,0.0,3.42,0.4079326357351419,0.25,475.0,156529.9,729068982.0,12.3,1.171,55477.0,37157885000.0,9996634.0,6.778986884824153,879.1775646274418,879.1775646274418,6.826613647536911,922.0630890682306
2020,8468,2.72,1665.85,CALIFORNIA,2.0,0.0,3.42,0.4079326357351419,0.25,475.0,156529.9,729068982.0,12.3,1.171,55477.0,37157885000.0,9996634.0,6.968593943298717,1062.7274444969296,1062.7274444969296,6.825828523870507,921.3394396294086
2020,3190,2.72,1665.85,CALIFORNIA,2.0,0.0,3.42,0.4079326357351419,0.25,475.0,156529.9,729068982.0,12.3,1.171,55477.0,37157885000.0,9996634.0,6.8051603538720435,902.4924764890284,902.4924764890284,6.899445526965428,991.7246785367882
2020,10887,2.72,1665.85,CALIFORNIA,2.0,0.0,3.42,0.4079326357351419,0.25,475.0,156529.9,729068982.0,12.3,1.171,55477.0,37157885000.0,9996634.0,7.075293486640645,1182.3904656930283,1182.3904656930283,6.897664474861902,989.9599372265743
2020,7109,2.72,1665.85,CALIFORNIA,2.0,0.0,3.42,0.4079326357351419,0.25,475.0,156529.9,729068982.0,12.3,1.171,55477.0,37157885000.0,9996634.0,7.088043307092027,1197.562245041497,1197.562245041497,6.87770298369028,970.3947851430624
2020,11216,2.72,1665.85,CALIFORNIA,2.0,0.0,3.42,0.4079326357351419,0.25,475.0,156529.9,729068982.0,12.3,1.171,55477.0,37157885000.0,9996634.0,7.274334658241962,1442.7909236804564,1442.7909236804564,6.89788750306636,990.1807508367759
2020,2786,2.72,1665.85,CALIFORNIA,2.0,0.0,3.42,0.4079326357351419,0.25,475.0,156529.9,729068982.0,12.3,1.171,55477.0,37157885000.0,9996634.0,6.938003491488224,1030.7103374012922,1030.7103374012922,6.889462238607527,981.8732616877226
2020,1,2.72,1665.85,CALIFORNIA,2.0,0.0,3.42,0.4079326357351419,0.25,475.0,156529.9,729068982.0,12.3,1.171,55477.0,37157885000.0,9996634.0,7.427738840532894,1682.0,1682.0,7.039121528936182,1140.3853709259288
2020,9793,2.72,1665.85,CALIFORNIA,2.0,0.0,3.42,0.4079326357351419,0.25,475.0,156529.9,729068982.0,12.3,1.171,55477.0,37157885000.0,9996634.0,7.106108083614969,1219.3925252731542,1219.3925252731542,6.893630439146976,985.9744476918207
2020,5480,2.72,1665.85,CALIFORNIA,2.0,0.0,3.42,0.4079326357351419,0.25,475.0,156529.9,729068982.0,12.3,1.171,55477.0,37157885000.0,9996634.0,7.061863205027895,1166.616788321168,1166.616788321168,6.957703056962654,1051.2161983098033
2020,4951,2.72,1665.85,CALIFORNIA,2.0,0.0,3.42,0.4079326357351419,0.25,475.0,156529.9,729068982.0,12.3,1.171,55477.0,37157885000.0,9996634.0,6.972528258089773,1066.916784487982,1066.916784487982,6.949353655822243,1042.4757122735582
2020,7452,2.72,1665.85,CALIFORNIA,2.0,0.0,3.42,0.4079326357351419,0.25,475.0,156529.9,729068982.0,12.3,1.171,55477.0,37157885000.0,9996634.0,7.161248714575217,1288.518921095008,1288.518921095008,6.862197449234853,955.4643467125443
2020,6110,2.72,1665.85,CALIFORNIA,2.0,0.0,3.42,0.4079326357351419,0.25,475.0,156529.9,729068982.0,12.3,1.171,55477.0,37157885000.0,9996634.0,7.18257843303594,1316.2978723404256,1316.2978723404256,6.8788467221953935,971.5052979710745
2020,4686,2.72,1665.85,CALIFORNIA,2.0,0.0,3.42,0.4079326357351419,0.25,475.0,156529.9,729068982.0,12.3,1.171,55477.0,37157885000.0,9996634.0,7.933041193511668,2787.8924455825863,2787.8924455825863,6.936544060287664,1029.207183717644
2020,9281,2.24,1543.42,CALIFORNIA,0.0,0.0,0.0,0.2644464293358305,-0.28,110.0,3405.39,51241052.0,8.7,1.103,7880.0,4481700000.0,843808.0,7.089611799315158,1199.442085982114,1199.442085982114,6.886772746532021,979.2360692749585
2020,4758,2.24,1543.42,CALIFORNIA,0.0,0.0,0.0,0.2644464293358305,-0.28,110.0,3405.39,51241052.0,8.7,1.103,7880.0,4481700000.0,843808.0,7.736765699392229,2291.050441361917,2291.050441361917,6.908903630855894,1001.1490114822335
2020,7568,2.24,1543.42,CALIFORNIA,0.0,0.0,0.0,0.2644464293358305,-0.28,110.0,3405.39,51241052.0,8.7,1.103,7880.0,4481700000.0,843808.0,7.57199967027464,1943.0218023255811,1943.0218023255811,6.893514803355583,985.8604403480604
2020,6718,2.72,1665.85,CALIFORNIA,2.0,0.0,3.42,0.4079326357351419,0.25,475.0,156529.9,729068982.0,12.3,1.171,55477.0,37157885000.0,9996634.0,7.583438402594036,1965.3751116403691,1965.3751116403691,6.902236108615878,994.4960322729962
2020,1,2.72,1665.85,CALIFORNIA,2.0,0.0,3.42,0.4079326357351419,0.25,475.0,156529.9,729068982.0,12.3,1.171,55477.0,37157885000.0,9996634.0,6.693323668269949,807.0,807.0,7.039121528936182,1140.3853709259288
2020,6813,2.72,1665.85,CALIFORNIA,2.0,0.0,3.42,0.4079326357351419,0.25,475.0,156529.9,729068982.0,12.3,1.171,55477.0,37157885000.0,9996634.0,7.447231262572227,1715.1078819903123,1715.1078819903123,6.889788991028513,982.1941435746924
2020,2961,2.24,1543.42,CALIFORNIA,0.0,0.0,0.0,0.2644464293358305,-0.28,110.0,3405.39,51241052.0,8.7,1.103,7880.0,4481700000.0,843808.0,7.408854729140668,1650.534954407295,1650.534954407295,6.955511664235559,1048.9150930117949
2020,3747,2.72,1665.85,CALIFORNIA,2.0,0.0,3.42,0.4079326357351419,0.25,475.0,156529.9,729068982.0,12.3,1.171,55477.0,37157885000.0,9996634.0,7.5797522874051975,1958.1438484120629,1958.1438484120629,6.976536593549952,1071.2019272758396
2020,1,2.72,1665.85,CALIFORNIA,2.0,0.0,3.42,0.4079326357351419,0.25,475.0,156529.9,729068982.0,12.3,1.171,55477.0,37157885000.0,9996634.0,7.942717540573791,2815.0,2815.0,7.039121528936182,1140.3853709259288
2020,5124,2.72,1665.85,CALIFORNIA,2.0,0.0,3.42,0.4079326357351419,0.25,475.0,156529.9,729068982.0,12.3,1.171,55477.0,37157885000.0,9996634.0,7.209709722129052,1352.4996096799375,1352.4996096799375,6.953568094203146,1046.8784329073617
2020,6336,2.72,1665.85,CALIFORNIA,2.0,0.0,3.42,0.4079326357351419,0.25,475.0,156529.9,729068982.0,12.3,1.171,55477.0,37157885000.0,9996634.0,7.384139334600139,1610.2413194444443,1610.2413194444443,6.943783607786157,1036.6852141272084
2020,4455,2.72,1665.85,CALIFORNIA,2.0,0.0,3.42,0.4079326357351419,0.25,475.0,156529.9,729068982.0,12.3,1.171,55477.0,37157885000.0,9996634.0,7.427795956517325,1682.0960718294052,1682.0960718294052,6.956761108150343,1050.2264726689489
2020,4330,2.72,1665.85,CALIFORNIA,2.0,0.0,3.42,0.4079326357351419,0.25,475.0,156529.9,729068982.0,12.3,1.171,55477.0,37157885000.0,9996634.0,7.274174944180604,1442.5605080831408,1442.5605080831408,6.979225830741731,1074.0865202775199
2020,3821,2.72,1665.85,CALIFORNIA,2.0,0.0,3.42,0.4079326357351419,0.25,475.0,156529.9,729068982.0,12.3,1.171,55477.0,37157885000.0,9996634.0,6.853286933333765,946.9884846898716,946.9884846898716,6.963140337703869,1056.9475231908482
2020,3653,2.72,1665.85,CALIFORNIA,2.0,0.0,3.42,0.4079326357351419,0.25,475.0,156529.9,729068982.0,12.3,1.171,55477.0,37157885000.0,9996634.0,7.733163267050657,2282.8119353955653,2282.8119353955653,6.962570906886509,1056.3458360246766
2020,3309,2.72,1665.85,CALIFORNIA,2.0,0.0,3.42,0.4079326357351419,0.25,475.0,156529.9,729068982.0,12.3,1.171,55477.0,37157885000.0,9996634.0,6.986068337689321,1081.4611665155635,1081.4611665155635,6.9682171448032975,1062.3270858268118
2020,6123,2.72,1665.85,CALIFORNIA,2.0,0.0,3.42,0.4079326357351419,0.25,475.0,156529.9,729068982.0,12.3,1.171,55477.0,37157885000.0,9996634.0,6.996735727020663,1093.05928466438,1093.05928466438,6.881097279242205,973.6941882527667
2020,1845,2.72,1665.85,CALIFORNIA,2.0,0.0,3.42,0.4079326357351419,0.25,475.0,156529.9,729068982.0,12.3,1.171,55477.0,37157885000.0,9996634.0,7.051022323806112,1154.0379403794038,1154.0379403794038,6.939025260364357,1031.7640233644465
2020,4418,2.72,1665.85,CALIFORNIA,2.0,0.0,3.42,0.4079326357351419,0.25,475.0,156529.9,729068982.0,12.3,1.171,55477.0,37157885000.0,9996634.0,7.728120449348732,2271.3291081937527,2271.3291081937527,6.959014344999158,1052.5955497002678
2020,4257,2.72,1665.85,CALIFORNIA,2.0,0.0,3.42,0.4079326357351419,0.25,475.0,156529.9,729068982.0,12.3,1.171,55477.0,37157885000.0,9996634.0,8.0882768035393,3256.071881606765,3256.071881606765,6.97901683484186,1073.8620640547076
2020,1969,2.72,1665.85,CALIFORNIA,2.0,0.0,3.42,0.4079326357351419,0.25,475.0,156529.9,729068982.0,12.3,1.171,55477.0,37157885000.0,9996634.0,7.314566695578628,1502.0208227526664,1502.0208227526664,6.929605873903173,1022.0910674657315
2020,182,2.72,1665.85,CALIFORNIA,2.0,0.0,3.42,0.4079326357351419,0.25,475.0,156529.9,729068982.0,12.3,1.171,55477.0,37157885000.0,9996634.0,6.8058442404866675,903.10989010989,903.10989010989,7.056231804658776,1160.0655657005923
2020,3855,2.72,1665.85,CALIFORNIA,2.0,0.0,3.42,0.4079326357351419,0.25,475.0,156529.9,729068982.0,12.3,1.171,55477.0,37157885000.0,9996634.0,7.078680758649121,1186.4023346303502,1186.4023346303502,6.969215486733803,1063.3881810803146
2020,5765,2.72,1665.85,CALIFORNIA,2.0,0.0,3.42,0.4079326357351419,0.25,475.0,156529.9,729068982.0,12.3,1.171,55477.0,37157885000.0,9996634.0,6.8894877919223765,981.8983521248916,981.8983521248916,6.871242920552615,964.1461784901005
2020,3907,2.72,1665.85,CALIFORNIA,2.0,0.0,3.42,0.4079326357351419,0.25,475.0,156529.9,729068982.0,12.3,1.171,55477.0,37157885000.0,9996634.0,6.89545599492696,987.776042999744,987.776042999744,6.922114570107834,1014.4628809782545
2020,2251,2.72,1665.85,CALIFORNIA,2.0,0.0,3.42,0.4079326357351419,0.25,475.0,156529.9,729068982.0,12.3,1.171,55477.0,37157885000.0,9996634.0,7.025194309574975,1124.6130608618391,1124.6130608618391,6.925914138648686,1018.3247342687768
2020,1860,2.72,1665.85,CALIFORNIA,2.0,0.0,3.42,0.4079326357351419,0.25,475.0,156529.9,729068982.0,12.3,1.171,55477.0,37157885000.0,9996634.0,7.747001921110433,2314.622580645161,2314.622580645161,6.929288649605958,1021.7668867668802
2020,4904,2.72,1665.85,CALIFORNIA,2.0,0.0,3.42,0.4079326357351419,0.25,475.0,156529.9,729068982.0,12.3,1.171,55477.0,37157885000.0,9996634.0,7.8958019240506125,2685.9826672104405,2685.9826672104405,6.960170967095326,1053.8137093107387
2020,4782,2.72,1665.85,CALIFORNIA,2.0,0.0,3.42,0.4079326357351419,0.25,475.0,156529.9,729068982.0,12.3,1.171,55477.0,37157885000.0,9996634.0,6.894990550185887,987.3163948138854,987.3163948138854,6.950681258312235,1043.860624728128
2020,3632,2.72,1665.85,CALIFORNIA,2.0,0.0,3.42,0.4079326357351419,0.25,475.0,156529.9,729068982.0,12.3,1.171,55477.0,37157885000.0,9996634.0,6.909901927028168,1002.1489537444934,1002.1489537444934,6.971863544491737,1066.207826046622
2020,3228,2.72,1665.85,CALIFORNIA,2.0,0.0,3.42,0.4079326357351419,0.25,475.0,156529.9,729068982.0,12.3,1.171,55477.0,37157885000.0,9996634.0,7.385524334314515,1612.4730483271376,1612.4730483271376,6.912546189658388,1004.8024054382668
2020,9028,3.99,1121.35,CALIFORNIA,12.0,13000.0,16.38,0.6643692241702959,-0.59,839.0,69888.56,94067565.0,9.6,1.155,24242.0,8134730000.0,2183526.0,7.064119407064884,1169.2518830305717,1169.2518830305717,6.793737133712336,892.2417657679538
2020,6912,2.72,1665.85,CALIFORNIA,2.0,0.0,3.42,0.4079326357351419,0.25,475.0,156529.9,729068982.0,12.3,1.171,55477.0,37157885000.0,9996634.0,6.787788382572223,886.9497974537037,886.9497974537037,6.877792606427281,970.4817584770149
2020,7780,2.72,1665.85,CALIFORNIA,2.0,0.0,3.42,0.4079326357351419,0.25,475.0,156529.9,729068982.0,12.3,1.171,55477.0,37157885000.0,9996634.0,6.626630750452907,754.9343187660669,754.9343187660669,6.835569282259249,930.3578362087974
2020,1802,3.99,1121.35,CALIFORNIA,12.0,13000.0,16.38,0.6643692241702959,-0.59,839.0,69888.56,94067565.0,9.6,1.155,24242.0,8134730000.0,2183526.0,6.792934070871948,891.5255271920089,891.5255271920089,6.8116335948473,908.3534771364338
2020,16347,3.99,1121.35,CALIFORNIA,12.0,13000.0,16.38,0.6643692241702959,-0.59,839.0,69888.56,94067565.0,9.6,1.155,24242.0,8134730000.0,2183526.0,7.164878385495609,1293.2043188352602,1293.2043188352602,6.831240006401512,926.3387665972879
2020,13770,3.99,1121.35,CALIFORNIA,12.0,13000.0,16.38,0.6643692241702959,-0.59,839.0,69888.56,94067565.0,9.6,1.155,24242.0,8134730000.0,2183526.0,6.9187230174225824,1011.0281045751634,1011.0281045751634,6.831518862763991,926.5971180759667
2020,7226,2.72,1665.85,CALIFORNIA,2.0,0.0,3.42,0.4079326357351419,0.25,475.0,156529.9,729068982.0,12.3,1.171,55477.0,37157885000.0,9996634.0,7.26037748804522,1422.7935233877663,1422.7935233877663,6.877244759385755,969.9502285286276
2020,1,2.72,1665.85,CALIFORNIA,2.0,0.0,3.42,0.4079326357351419,0.25,475.0,156529.9,729068982.0,12.3,1.171,55477.0,37157885000.0,9996634.0,6.78105762593618,881.0,881.0,7.039121528936182,1140.3853709259288
2020,12,,,,,,,,,,,,,,,,,7.155396301896734,1281.0,1281.0,7.011050414773388,1108.8186128475168
2020,9,,,,,,,,,,,,,,,,,7.081241623687563,1189.4444444444443,1189.4444444444443,7.020969828727089,1119.8721754653036
2020,6038,2.72,1665.85,CALIFORNIA,2.0,0.0,3.42,0.4079326357351419,0.25,475.0,156529.9,729068982.0,12.3,1.171,55477.0,37157885000.0,9996634.0,6.700972682650208,813.1964226565087,813.1964226565087,6.872576003555704,965.4323224509972
2020,2283,2.72,1665.85,CALIFORNIA,2.0,0.0,3.42,0.4079326357351419,0.25,475.0,156529.9,729068982.0,12.3,1.171,55477.0,37157885000.0,9996634.0,6.818496006443935,914.6084099868594,914.6084099868594,6.9336406352047835,1026.2232916146986
2020,4925,2.72,1665.85,CALIFORNIA,2.0,0.0,3.42,0.4079326357351419,0.25,475.0,156529.9,729068982.0,12.3,1.171,55477.0,37157885000.0,9996634.0,7.064638581473834,1169.8590862944163,1169.8590862944163,6.957641040575202,1051.151007700217
2020,8036,3.99,1121.35,CALIFORNIA,12.0,13000.0,16.38,0.6643692241702959,-0.59,839.0,69888.56,94067565.0,9.6,1.155,24242.0,8134730000.0,2183526.0,6.842097565331238,936.451343952215,936.451343952215,6.800679005842085,898.4571422293703
2020,2213,2.72,1665.85,CALIFORNIA,2.0,0.0,3.42,0.4079326357351419,0.25,475.0,156529.9,729068982.0,12.3,1.171,55477.0,37157885000.0,9996634.0,6.537869054309857,690.8129236330773,690.8129236330773,6.916826251687736,1009.1122386582463
2020,4422,2.72,1665.85,CALIFORNIA,2.0,0.0,3.42,0.4079326357351419,0.25,475.0,156529.9,729068982.0,12.3,1.171,55477.0,37157885000.0,9996634.0,6.65588118646189,777.342605156038,777.342605156038,6.959014344999158,1052.5955497002678
2020,3095,2.72,1665.85,CALIFORNIA,2.0,0.0,3.42,0.4079326357351419,0.25,475.0,156529.9,729068982.0,12.3,1.171,55477.0,37157885000.0,9996634.0,6.626307689686194,754.6904684975767,754.6904684975767,6.886529391826876,978.9977965636217
2020,5502,3.99,1121.35,CALIFORNIA,12.0,13000.0,16.38,0.6643692241702959,-0.59,839.0,69888.56,94067565.0,9.6,1.155,24242.0,8134730000.0,2183526.0,7.376159802276679,1597.4434750999635,1597.4434750999635,6.809728300763939,906.6244443119039
2020,7745,3.99,1121.35,CALIFORNIA,12.0,13000.0,16.38,0.6643692241702959,-0.59,839.0,69888.56,94067565.0,9.6,1.155,24242.0,8134730000.0,2183526.0,7.23830992123472,1391.739832149774,1391.739832149774,6.803906927398274,901.3619771735134
2020,4656,2.72,1665.85,CALIFORNIA,2.0,0.0,3.42,0.4079326357351419,0.25,475.0,156529.9,729068982.0,12.3,1.171,55477.0,37157885000.0,9996634.0,6.825549580809379,921.0824742268042,921.0824742268042,6.93325851196903,1025.8312227639813
2020,6380,2.72,1665.85,CALIFORNIA,2.0,0.0,3.42,0.4079326357351419,0.25,475.0,156529.9,729068982.0,12.3,1.171,55477.0,37157885000.0,9996634.0,7.178300121785397,1310.678369905956,1310.678369905956,6.944914821978066,1037.8585906989606
2020,9556,2.72,1665.85,CALIFORNIA,2.0,0.0,3.42,0.4079326357351419,0.25,475.0,156529.9,729068982.0,12.3,1.171,55477.0,37157885000.0,9996634.0,6.77043377928315,871.6899330263709,871.6899330263709,6.884232755902562,976.7519749586369
2020,10168,2.72,1665.85,CALIFORNIA,2.0,0.0,3.42,0.4079326357351419,0.25,475.0,156529.9,729068982.0,12.3,1.171,55477.0,37157885000.0,9996634.0,7.013491835257489,1111.529012588513,1111.529012588513,6.890695065034952,983.0844874552732
2020,3926,2.72,1665.85,CALIFORNIA,2.0,0.0,3.42,0.4079326357351419,0.25,475.0,156529.9,729068982.0,12.3,1.171,55477.0,37157885000.0,9996634.0,6.725247968818907,833.1785532348446,833.1785532348446,6.920848490275668,1013.179302711905
2020,7238,2.72,1665.85,CALIFORNIA,2.0,0.0,3.42,0.4079326357351419,0.25,475.0,156529.9,729068982.0,12.3,1.171,55477.0,37157885000.0,9996634.0,7.029644331050178,1129.628764852169,1129.628764852169,6.877541645232814,970.238235774351
2020,7014,2.72,1665.85,CALIFORNIA,2.0,0.0,3.42,0.4079326357351419,0.25,475.0,156529.9,729068982.0,12.3,1.171,55477.0,37157885000.0,9996634.0,7.1209784425363685,1237.6608212147137,1237.6608212147137,6.879848211499727,972.4787374993722
2020,5720,4.06,1024.07,CALIFORNIA,10.0,0.0,29.33,0.679082849306029,-0.52,1446.0,62549.7,89428650.0,10.1,1.175,32367.0,12142435000.0,2424663.0,6.99714059875901,1093.501923076923,1093.501923076923,6.8165337143305385,912.8154408570202
2020,5218,2.72,1665.85,CALIFORNIA,2.0,0.0,3.42,0.4079326357351419,0.25,475.0,156529.9,729068982.0,12.3,1.171,55477.0,37157885000.0,9996634.0,6.724546935855263,832.594672288233,832.594672288233,6.951111581839407,1044.3099191780898
2020,3260,2.72,1665.85,CALIFORNIA,2.0,0.0,3.42,0.4079326357351419,0.25,475.0,156529.9,729068982.0,12.3,1.171,55477.0,37157885000.0,9996634.0,6.669147291827706,787.7236196319019,787.7236196319019,6.924077545253721,1016.4562021799603
2020,160,3.99,1121.35,CALIFORNIA,12.0,13000.0,16.38,0.6643692241702959,-0.59,839.0,69888.56,94067565.0,9.6,1.155,24242.0,8134730000.0,2183526.0,7.127844169567118,1246.1875,1246.1875,6.943972641458425,1036.8812010637016
2020,4,,,,,,,,,,,,,,,,,7.378071359409918,1600.5,1600.5,6.87542732049581,968.1890042055666
2020,9078,3.99,1121.35,CALIFORNIA,12.0,13000.0,16.38,0.6643692241702959,-0.59,839.0,69888.56,94067565.0,9.6,1.155,24242.0,8134730000.0,2183526.0,6.8201604235042534,916.131967393699,916.131967393699,6.794373390467763,892.8096412570491
2020,7978,3.99,1121.35,CALIFORNIA,12.0,13000.0,16.38,0.6643692241702959,-0.59,839.0,69888.56,94067565.0,9.6,1.155,24242.0,8134730000.0,2183526.0,6.755609565387635,858.8631235898722,858.8631235898722,6.803845899498368,901.3069706234756
2020,4437,3.99,1121.35,CALIFORNIA,12.0,13000.0,16.38,0.6643692241702959,-0.59,839.0,69888.56,94067565.0,9.6,1.155,24242.0,8134730000.0,2183526.0,6.754595168404666,857.992337164751,857.992337164751,6.801107994285389,898.8426526440352
2020,5597,3.99,1121.35,CALIFORNIA,12.0,13000.0,16.38,0.6643692241702959,-0.59,839.0,69888.56,94067565.0,9.6,1.155,24242.0,8134730000.0,2183526.0,6.751760126246021,855.5633375022334,855.5633375022334,6.808616817801959,905.6173065010798
2020,9200,2.72,1665.85,CALIFORNIA,2.0,0.0,3.42,0.4079326357351419,0.25,475.0,156529.9,729068982.0,12.3,1.171,55477.0,37157885000.0,9996634.0,7.297492126538585,1476.5921739130436,1476.5921739130436,6.873951805154125,966.7614799022097
2020,7404,2.72,1665.85,CALIFORNIA,2.0,0.0,3.42,0.4079326357351419,0.25,475.0,156529.9,729068982.0,12.3,1.171,55477.0,37157885000.0,9996634.0,6.845037249931899,939.208265802269,939.208265802269,6.866074466081062,959.1758882862099
2020,6134,2.72,1665.85,CALIFORNIA,2.0,0.0,3.42,0.4079326357351419,0.25,475.0,156529.9,729068982.0,12.3,1.171,55477.0,37157885000.0,9996634.0,6.754458543754586,857.8751222693186,857.8751222693186,6.891063722635911,983.446975836902
2020,3389,2.72,1665.85,CALIFORNIA,2.0,0.0,3.42,0.4079326357351419,0.25,475.0,156529.9,729068982.0,12.3,1.171,55477.0,37157885000.0,9996634.0,6.783287104474723,882.9663617586309,882.9663617586309,6.9964267248638645,1092.72157916646
2020,7025,2.72,1665.85,CALIFORNIA,2.0,0.0,3.42,0.4079326357351419,0.25,475.0,156529.9,729068982.0,12.3,1.171,55477.0,37157885000.0,9996634.0,6.641059697712241,765.9061921708185,765.9061921708185,6.878918235420273,971.574775932187
2020,6488,2.72,1665.85,CALIFORNIA,2.0,0.0,3.42,0.4079326357351419,0.25,475.0,156529.9,729068982.0,12.3,1.171,55477.0,37157885000.0,9996634.0,7.12508702994179,1242.7563193588162,1242.7563193588162,6.930624169548074,1023.1323884447517
2020,5046,2.72,1665.85,CALIFORNIA,2.0,0.0,3.42,0.4079326357351419,0.25,475.0,156529.9,729068982.0,12.3,1.171,55477.0,37157885000.0,9996634.0,6.855031377100296,948.6418945699564,948.6418945699564,6.934275250318632,1026.8747551181696
2020,3590,2.72,1665.85,CALIFORNIA,2.0,0.0,3.42,0.4079326357351419,0.25,475.0,156529.9,729068982.0,12.3,1.171,55477.0,37157885000.0,9996634.0,6.626802602406997,755.0640668523677,755.0640668523677,6.991129455851329,1086.9484434323465
2020,6089,2.72,1665.85,CALIFORNIA,2.0,0.0,3.42,0.4079326357351419,0.25,475.0,156529.9,729068982.0,12.3,1.171,55477.0,37157885000.0,9996634.0,6.7352329494924295,841.539497454426,841.539497454426,6.873972375553276,966.7813667762749
2020,7740,3.99,1121.35,CALIFORNIA,12.0,13000.0,16.38,0.6643692241702959,-0.59,839.0,69888.56,94067565.0,9.6,1.155,24242.0,8134730000.0,2183526.0,7.239615753423043,1393.5583979328164,1393.5583979328164,6.805994186249328,903.2453177642766
2020,6610,3.99,1121.35,CALIFORNIA,12.0,13000.0,16.38,0.6643692241702959,-0.59,839.0,69888.56,94067565.0,9.6,1.155,24242.0,8134730000.0,2183526.0,6.877438301349843,970.1379727685326,970.1379727685326,6.815159823864782,911.5621935352382
2020,9444,2.72,1665.85,CALIFORNIA,2.0,0.0,3.42,0.4079326357351419,0.25,475.0,156529.9,729068982.0,12.3,1.171,55477.0,37157885000.0,9996634.0,7.195245544603061,1333.077615417196,1333.077615417196,6.885969442604679,978.4497609592781
2020,7607,2.72,1665.85,CALIFORNIA,2.0,0.0,3.42,0.4079326357351419,0.25,475.0,156529.9,729068982.0,12.3,1.171,55477.0,37157885000.0,9996634.0,6.7566874807667325,859.7894044958591,859.7894044958591,6.867087963893584,960.1485037393751
2020,6039,2.72,1665.85,CALIFORNIA,2.0,0.0,3.42,0.4079326357351419,0.25,475.0,156529.9,729068982.0,12.3,1.171,55477.0,37157885000.0,9996634.0,7.101626184160731,1213.9395595297235,1213.9395595297235,6.872238206270878,965.1062571088844
2020,3818,2.72,1665.85,CALIFORNIA,2.0,0.0,3.42,0.4079326357351419,0.25,475.0,156529.9,729068982.0,12.3,1.171,55477.0,37157885000.0,9996634.0,6.867041046683961,960.1034573074908,960.1034573074908,6.963806240422509,1057.6515818112591
2020,1,2.72,1665.85,CALIFORNIA,2.0,0.0,3.42,0.4079326357351419,0.25,475.0,156529.9,729068982.0,12.3,1.171,55477.0,37157885000.0,9996634.0,7.578656850594762,1956.0,1956.0,7.039121528936182,1140.3853709259288
2020,4281,2.72,1665.85,CALIFORNIA,2.0,0.0,3.42,0.4079326357351419,0.25,475.0,156529.9,729068982.0,12.3,1.171,55477.0,37157885000.0,9996634.0,6.710928751581507,821.3330997430506,821.3330997430506,6.981688047304774,1076.7344124020728
2020,4014,2.72,1665.85,CALIFORNIA,2.0,0.0,3.42,0.4079326357351419,0.25,475.0,156529.9,729068982.0,12.3,1.171,55477.0,37157885000.0,9996634.0,6.6960240000145195,809.1821126058794,809.1821126058794,6.912202508811625,1004.4571334318217
2020,3917,3.36,1412.49,CALIFORNIA,21.0,390000.0,88.67,0.4780618412644435,0.8,407.0,22633.53,233308848.0,9.4,1.166,32881.0,19387215000.0,3301182.0,7.407371773813855,1648.0890988001022,1648.0890988001022,6.888067775991425,980.505030326005
2020,4330,3.36,1412.49,CALIFORNIA,21.0,390000.0,88.67,0.4780618412644435,0.8,407.0,22633.53,233308848.0,9.4,1.166,32881.0,19387215000.0,3301182.0,7.328252638986604,1522.7187066974595,1522.7187066974595,6.920631533415652,1012.9595103553473
2020,203,3.36,1412.49,CALIFORNIA,21.0,390000.0,88.67,0.4780618412644435,0.8,407.0,22633.53,233308848.0,9.4,1.166,32881.0,19387215000.0,3301182.0,7.275237134567679,1444.0935960591132,1444.0935960591132,7.026081863714556,1125.6116589288038
2020,644,3.36,1412.49,CALIFORNIA,21.0,390000.0,88.67,0.4780618412644435,0.8,407.0,22633.53,233308848.0,9.4,1.166,32881.0,19387215000.0,3301182.0,7.06051501851965,1165.0450310559006,1165.0450310559006,7.063465832363894,1168.4879392550943
2020,10210,3.36,1412.49,CALIFORNIA,21.0,390000.0,88.67,0.4780618412644435,0.8,407.0,22633.53,233308848.0,9.4,1.166,32881.0,19387215000.0,3301182.0,7.015755676329896,1114.0481880509303,1114.0481880509303,6.870924942821882,963.8396502133353
2020,9946,3.36,1412.49,CALIFORNIA,21.0,390000.0,88.67,0.4780618412644435,0.8,407.0,22633.53,233308848.0,9.4,1.166,32881.0,19387215000.0,3301182.0,6.857395116672125,950.8868892016892,950.8868892016892,6.869820268172751,962.7755088591208
2020,9039,3.36,1412.49,CALIFORNIA,21.0,390000.0,88.67,0.4780618412644435,0.8,407.0,22633.53,233308848.0,9.4,1.166,32881.0,19387215000.0,3301182.0,7.03587737526348,1136.6917800641663,1136.6917800641663,6.861978343210463,955.2550216511185
2020,3685,3.36,1412.49,CALIFORNIA,21.0,390000.0,88.67,0.4780618412644435,0.8,407.0,22633.53,233308848.0,9.4,1.166,32881.0,19387215000.0,3301182.0,7.378188090200237,1600.6868385345997,1600.6868385345997,6.916718380098903,1009.0033899886964
2020,4987,3.36,1412.49,CALIFORNIA,21.0,390000.0,88.67,0.4780618412644435,0.8,407.0,22633.53,233308848.0,9.4,1.166,32881.0,19387215000.0,3301182.0,7.106643282796718,1220.0453178263483,1220.0453178263483,6.882568004784723,975.1272787491116
2020,421,3.36,1412.49,CALIFORNIA,21.0,390000.0,88.67,0.4780618412644435,0.8,407.0,22633.53,233308848.0,9.4,1.166,32881.0,19387215000.0,3301182.0,7.3452053500495955,1548.75296912114,1548.75296912114,7.047456817124075,1149.9305372297395
2020,76,3.36,1412.49,CALIFORNIA,21.0,390000.0,88.67,0.4780618412644435,0.8,407.0,22633.53,233308848.0,9.4,1.166,32881.0,19387215000.0,3301182.0,7.349213901132851,1554.9736842105262,1554.9736842105262,7.040906649571172,1142.4229144728454
2020,40,3.36,1412.49,CALIFORNIA,21.0,390000.0,88.67,0.4780618412644435,0.8,407.0,22633.53,233308848.0,9.4,1.166,32881.0,19387215000.0,3301182.0,7.1497990897968275,1273.85,1273.85,7.040978727618601,1142.5052610535135
2020,2450,3.36,1412.49,CALIFORNIA,21.0,390000.0,88.67,0.4780618412644435,0.8,407.0,22633.53,233308848.0,9.4,1.166,32881.0,19387215000.0,3301182.0,6.799958237313443,897.8097959183674,897.8097959183674,6.867656840213496,960.6948648779739
2020,101,3.36,1412.49,CALIFORNIA,21.0,390000.0,88.67,0.4780618412644435,0.8,407.0,22633.53,233308848.0,9.4,1.166,32881.0,19387215000.0,3301182.0,6.81460810472841,911.059405940594,911.059405940594,7.027443507671132,1127.1453851992183
2020,2194,3.36,1412.49,CALIFORNIA,21.0,390000.0,88.67,0.4780618412644435,0.8,407.0,22633.53,233308848.0,9.4,1.166,32881.0,19387215000.0,3301182.0,7.517996838131338,1840.8760255241568,1840.8760255241568,6.899325031238699,991.6051871501783
2020,7906,3.36,1412.49,CALIFORNIA,21.0,390000.0,88.67,0.4780618412644435,0.8,407.0,22633.53,233308848.0,9.4,1.166,32881.0,19387215000.0,3301182.0,7.212387183446812,1356.1257272957248,1356.1257272957248,6.872168492524769,965.0389782814647
2020,5490,3.36,1412.49,CALIFORNIA,21.0,390000.0,88.67,0.4780618412644435,0.8,407.0,22633.53,233308848.0,9.4,1.166,32881.0,19387215000.0,3301182.0,6.834199515269233,929.0843351548268,929.0843351548268,6.89627045196849,988.5808718581955
2020,1,3.36,1412.49,CALIFORNIA,21.0,390000.0,88.67,0.4780618412644435,0.8,407.0,22633.53,233308848.0,9.4,1.166,32881.0,19387215000.0,3301182.0,8.552620886104929,6251.0,5180.313662906439,6.997601732936314,1094.0062904681847
2020,4646,3.36,1412.49,CALIFORNIA,21.0,390000.0,88.67,0.4780618412644435,0.8,407.0,22633.53,233308848.0,9.4,1.166,32881.0,19387215000.0,3301182.0,6.810867165269169,907.6575548859232,907.6575548859232,6.884593050537072,977.1039568592493
2020,88,3.36,1412.49,CALIFORNIA,21.0,390000.0,88.67,0.4780618412644435,0.8,407.0,22633.53,233308848.0,9.4,1.166,32881.0,19387215000.0,3301182.0,6.925996973861928,1018.4090909090908,1018.4090909090908,7.034433526437838,1135.051753232725
2020,4855,3.36,1412.49,CALIFORNIA,21.0,390000.0,88.67,0.4780618412644435,0.8,407.0,22633.53,233308848.0,9.4,1.166,32881.0,19387215000.0,3301182.0,6.760741378552977,863.2819773429454,863.2819773429454,6.899093232678845,991.3753611335519
2020,567,3.36,1412.49,CALIFORNIA,21.0,390000.0,88.67,0.4780618412644435,0.8,407.0,22633.53,233308848.0,9.4,1.166,32881.0,19387215000.0,3301182.0,7.309603035188392,1494.583774250441,1494.583774250441,7.074821961258335,1181.8330700000881
2020,73,3.36,1412.49,CALIFORNIA,21.0,390000.0,88.67,0.4780618412644435,0.8,407.0,22633.53,233308848.0,9.4,1.166,32881.0,19387215000.0,3301182.0,7.199115510213587,1338.2465753424658,1338.2465753424658,7.042364020558997,1144.0890622870697
2020,9754,3.36,1412.49,CALIFORNIA,21.0,390000.0,88.67,0.4780618412644435,0.8,407.0,22633.53,233308848.0,9.4,1.166,32881.0,19387215000.0,3301182.0,6.946894266898871,1039.9150092269838,1039.9150092269838,6.8806509986614035,973.2597443940497
2020,1505,3.36,1412.49,CALIFORNIA,21.0,390000.0,88.67,0.4780618412644435,0.8,407.0,22633.53,233308848.0,9.4,1.166,32881.0,19387215000.0,3301182.0,7.170475217476092,1300.4624584717608,1300.4624584717608,6.8865953688502906,979.062390054988
2020,1,3.36,1412.49,CALIFORNIA,21.0,390000.0,88.67,0.4780618412644435,0.8,407.0,22633.53,233308848.0,9.4,1.166,32881.0,19387215000.0,3301182.0,7.607878073278507,2014.0,2014.0,6.997601732936314,1094.0062904681847
2020,11,3.36,1412.49,CALIFORNIA,21.0,390000.0,88.67,0.4780618412644435,0.8,407.0,22633.53,233308848.0,9.4,1.166,32881.0,19387215000.0,3301182.0,7.123965761109435,1241.3636363636365,1241.3636363636365,7.030746758935959,1130.874785801047
2020,1091,3.36,1412.49,CALIFORNIA,21.0,390000.0,88.67,0.4780618412644435,0.8,407.0,22633.53,233308848.0,9.4,1.166,32881.0,19387215000.0,3301182.0,7.611753547118964,2021.820348304308,2021.820348304308,6.930605315271591,1023.1130982056734
2020,1164,3.36,1412.49,CALIFORNIA,21.0,390000.0,88.67,0.4780618412644435,0.8,407.0,22633.53,233308848.0,9.4,1.166,32881.0,19387215000.0,3301182.0,7.09554083280898,1206.5747422680413,1206.5747422680413,6.906944249451427,999.189299264846
2020,2443,3.36,1412.49,CALIFORNIA,21.0,390000.0,88.67,0.4780618412644435,0.8,407.0,22633.53,233308848.0,9.4,1.166,32881.0,19387215000.0,3301182.0,7.293303614925362,1470.4203847728204,1470.4203847728204,6.870165814294543,963.1082496877036
2020,4896,3.36,1412.49,CALIFORNIA,21.0,390000.0,88.67,0.4780618412644435,0.8,407.0,22633.53,233308848.0,9.4,1.166,32881.0,19387215000.0,3301182.0,7.2569478264412695,1417.922181372549,1417.922181372549,6.896393082159258,988.7021091526256
2020,10390,3.36,1412.49,CALIFORNIA,21.0,390000.0,88.67,0.4780618412644435,0.8,407.0,22633.53,233308848.0,9.4,1.166,32881.0,19387215000.0,3301182.0,7.487595040611451,1785.752261790183,1785.752261790183,6.873370616587526,966.1997724282548
2020,3383,3.36,1412.49,CALIFORNIA,21.0,390000.0,88.67,0.4780618412644435,0.8,407.0,22633.53,233308848.0,9.4,1.166,32881.0,19387215000.0,3301182.0,7.106954976630253,1220.425657700266,1220.425657700266,6.92800555528758,1020.4567042034141
2020,4722,3.36,1412.49,CALIFORNIA,21.0,390000.0,88.67,0.4780618412644435,0.8,407.0,22633.53,233308848.0,9.4,1.166,32881.0,19387215000.0,3301182.0,7.348420032298434,1553.7397289284202,1553.7397289284202,6.8848682025947365,977.3728460145369
2020,3722,3.36,1412.49,CALIFORNIA,21.0,390000.0,88.67,0.4780618412644435,0.8,407.0,22633.53,233308848.0,9.4,1.166,32881.0,19387215000.0,3301182.0,7.791141941851356,2419.0784524449223,2419.0784524449223,6.924614327816099,1017.0019646094845
2020,8114,3.36,1412.49,CALIFORNIA,21.0,390000.0,88.67,0.4780618412644435,0.8,407.0,22633.53,233308848.0,9.4,1.166,32881.0,19387215000.0,3301182.0,7.258507356219783,1420.1351984224796,1420.1351984224796,6.868367766381478,961.3780908296894
2020,7565,3.36,1412.49,CALIFORNIA,21.0,390000.0,88.67,0.4780618412644435,0.8,407.0,22633.53,233308848.0,9.4,1.166,32881.0,19387215000.0,3301182.0,7.113540960458449,1228.4898876404495,1228.4898876404495,6.875170752487292,967.9406297447216
2020,7956,3.36,1412.49,CALIFORNIA,21.0,390000.0,88.67,0.4780618412644435,0.8,407.0,22633.53,233308848.0,9.4,1.166,32881.0,19387215000.0,3301182.0,7.097626092162196,1209.0933886375062,1209.0933886375062,6.874473262390032,967.2657361339056
2020,1,3.36,1412.49,CALIFORNIA,21.0,390000.0,88.67,0.4780618412644435,0.8,407.0,22633.53,233308848.0,9.4,1.166,32881.0,19387215000.0,3301182.0,7.9229859587111955,2760.0,2760.0,6.997601732936314,1094.0062904681847
2020,11329,3.36,1412.49,CALIFORNIA,21.0,390000.0,88.67,0.4780618412644435,0.8,407.0,22633.53,233308848.0,9.4,1.166,32881.0,19387215000.0,3301182.0,7.439001897122867,1701.051549121723,1701.051549121723,6.88653818379852,979.0064039223265
2020,5731,3.36,1412.49,CALIFORNIA,21.0,390000.0,88.67,0.4780618412644435,0.8,407.0,22633.53,233308848.0,9.4,1.166,32881.0,19387215000.0,3301182.0,7.277189601932039,1446.9158960041875,1446.9158960041875,6.860685586037599,954.0209067472847
2020,9243,3.36,1412.49,CALIFORNIA,21.0,390000.0,88.67,0.4780618412644435,0.8,407.0,22633.53,233308848.0,9.4,1.166,32881.0,19387215000.0,3301182.0,7.1588795032088415,1285.4697609001407,1285.4697609001407,6.880653982137554,973.2626480956169
2020,8732,3.36,1412.49,CALIFORNIA,21.0,390000.0,88.67,0.4780618412644435,0.8,407.0,22633.53,233308848.0,9.4,1.166,32881.0,19387215000.0,3301182.0,7.074359211247795,1181.2863032524049,1181.2863032524049,6.8578703075014085,951.3388493062678
2020,11330,3.36,1412.49,CALIFORNIA,21.0,390000.0,88.67,0.4780618412644435,0.8,407.0,22633.53,233308848.0,9.4,1.166,32881.0,19387215000.0,3301182.0,7.306265869100762,1489.6044130626656,1489.6044130626656,6.88653818379852,979.0064039223265
2020,4967,3.36,1412.49,CALIFORNIA,21.0,390000.0,88.67,0.4780618412644435,0.8,407.0,22633.53,233308848.0,9.4,1.166,32881.0,19387215000.0,3301182.0,7.373583199865419,1593.3327964566136,1593.3327964566136,6.888267986634073,980.701357520987
2020,1140,3.36,1412.49,CALIFORNIA,21.0,390000.0,88.67,0.4780618412644435,0.8,407.0,22633.53,233308848.0,9.4,1.166,32881.0,19387215000.0,3301182.0,7.412542179992254,1656.6324561403508,1656.6324561403508,6.914846093571615,1007.1160139413485
2020,7631,3.36,1412.49,CALIFORNIA,21.0,390000.0,88.67,0.4780618412644435,0.8,407.0,22633.53,233308848.0,9.4,1.166,32881.0,19387215000.0,3301182.0,7.946730006578657,2826.317782728345,2826.317782728345,6.887613552300781,980.0597628456098
2020,1,3.36,1412.49,CALIFORNIA,21.0,390000.0,88.67,0.4780618412644435,0.8,407.0,22633.53,233308848.0,9.4,1.166,32881.0,19387215000.0,3301182.0,7.85979918056211,2591.0,2591.0,6.997601732936314,1094.0062904681847
2020,7573,3.36,1412.49,CALIFORNIA,21.0,390000.0,88.67,0.4780618412644435,0.8,407.0,22633.53,233308848.0,9.4,1.166,32881.0,19387215000.0,3301182.0,7.116952727152213,1232.6883665654298,1232.6883665654298,6.886337654644543,978.8101042789683
2020,5173,3.36,1412.49,CALIFORNIA,21.0,390000.0,88.67,0.4780618412644435,0.8,407.0,22633.53,233308848.0,9.4,1.166,32881.0,19387215000.0,3301182.0,7.08345806650796,1192.0837038468974,1192.0837038468974,6.891937708622724,984.306870425731
2020,1,3.36,1412.49,CALIFORNIA,21.0,390000.0,88.67,0.4780618412644435,0.8,407.0,22633.53,233308848.0,9.4,1.166,32881.0,19387215000.0,3301182.0,6.862757913051401,956.0,956.0,6.997601732936314,1094.0062904681847
2020,11993,3.36,1412.49,CALIFORNIA,21.0,390000.0,88.67,0.4780618412644435,0.8,407.0,22633.53,233308848.0,9.4,1.166,32881.0,19387215000.0,3301182.0,7.017410129519328,1115.8928541649295,1115.8928541649295,6.886384761578848,978.8562141082849
2020,10802,3.36,1412.49,CALIFORNIA,21.0,390000.0,88.67,0.4780618412644435,0.8,407.0,22633.53,233308848.0,9.4,1.166,32881.0,19387215000.0,3301182.0,7.060712425396492,1165.275041658952,1165.275041658952,6.876441216843736,969.1711453115374
2020,2350,3.36,1412.49,CALIFORNIA,21.0,390000.0,88.67,0.4780618412644435,0.8,407.0,22633.53,233308848.0,9.4,1.166,32881.0,19387215000.0,3301182.0,6.9299168239706495,1022.4089361702128,1022.4089361702128,6.919099328943364,1011.408637693757
2020,62,3.36,1412.49,CALIFORNIA,21.0,390000.0,88.67,0.4780618412644435,0.8,407.0,22633.53,233308848.0,9.4,1.166,32881.0,19387215000.0,3301182.0,7.673980523642346,2151.6290322580644,2151.6290322580644,7.048174980149563,1150.7566714374716
2020,111,3.36,1412.49,CALIFORNIA,21.0,390000.0,88.67,0.4780618412644435,0.8,407.0,22633.53,233308848.0,9.4,1.166,32881.0,19387215000.0,3301182.0,7.1936045918746085,1330.891891891892,1330.891891891892,7.025126390552669,1124.5366808361296
2020,451,3.36,1412.49,CALIFORNIA,21.0,390000.0,88.67,0.4780618412644435,0.8,407.0,22633.53,233308848.0,9.4,1.166,32881.0,19387215000.0,3301182.0,7.521680460818898,1847.669623059867,1847.669623059867,7.051061629199055,1154.0833011855784
2020,11139,3.36,1412.49,CALIFORNIA,21.0,390000.0,88.67,0.4780618412644435,0.8,407.0,22633.53,233308848.0,9.4,1.166,32881.0,19387215000.0,3301182.0,7.4392211464360685,1701.4245443935722,1701.4245443935722,6.881593793093474,974.1777609444698
2020,8222,3.36,1412.49,CALIFORNIA,21.0,390000.0,88.67,0.4780618412644435,0.8,407.0,22633.53,233308848.0,9.4,1.166,32881.0,19387215000.0,3301182.0,7.2646603837341965,1428.9002675747993,1428.9002675747993,6.867312177635101,960.3638063638122
2020,58,3.36,1412.49,CALIFORNIA,21.0,390000.0,88.67,0.4780618412644435,0.8,407.0,22633.53,233308848.0,9.4,1.166,32881.0,19387215000.0,3301182.0,7.208549288902043,1350.9310344827586,1350.9310344827586,7.050444688068675,1153.3715193155235
2020,3183,3.36,1412.49,CALIFORNIA,21.0,390000.0,88.67,0.4780618412644435,0.8,407.0,22633.53,233308848.0,9.4,1.166,32881.0,19387215000.0,3301182.0,8.552620886104929,6137.941878730757,5180.313662906439,6.870442083534248,963.3743636294537
2020,7277,3.36,1412.49,CALIFORNIA,21.0,390000.0,88.67,0.4780618412644435,0.8,407.0,22633.53,233308848.0,9.4,1.166,32881.0,19387215000.0,3301182.0,7.103899486138174,1216.7023498694516,1216.7023498694516,6.87709283082543,969.8028765805881
2020,156,3.36,1412.49,CALIFORNIA,21.0,390000.0,88.67,0.4780618412644435,0.8,407.0,22633.53,233308848.0,9.4,1.166,32881.0,19387215000.0,3301182.0,7.678839401350251,2162.108974358974,2162.108974358974,7.039221098083899,1140.4989237784673
2020,10207,3.36,1412.49,CALIFORNIA,21.0,390000.0,88.67,0.4780618412644435,0.8,407.0,22633.53,233308848.0,9.4,1.166,32881.0,19387215000.0,3301182.0,6.902244974715532,994.5048496130108,994.5048496130108,6.870924942821882,963.8396502133353
2020,2,,,,,,,,,,,,,,,,,6.828170799639294,923.5,923.5,6.767632720813786,869.2516949746677
2020,2350,3.36,1412.49,CALIFORNIA,21.0,390000.0,88.67,0.4780618412644435,0.8,407.0,22633.53,233308848.0,9.4,1.166,32881.0,19387215000.0,3301182.0,7.528417784512985,1860.16,1860.16,6.919099328943364,1011.408637693757
2020,8048,3.36,1412.49,CALIFORNIA,21.0,390000.0,88.67,0.4780618412644435,0.8,407.0,22633.53,233308848.0,9.4,1.166,32881.0,19387215000.0,3301182.0,7.290193711271728,1465.8546222664015,1465.8546222664015,6.871519874155467,964.4132392279192
2020,4859,3.36,1412.49,CALIFORNIA,21.0,390000.0,88.67,0.4780618412644435,0.8,407.0,22633.53,233308848.0,9.4,1.166,32881.0,19387215000.0,3301182.0,7.083153701282762,1191.7209302325582,1191.7209302325582,6.902833315758036,995.0901297882994
2020,4179,3.36,1412.49,CALIFORNIA,21.0,390000.0,88.67,0.4780618412644435,0.8,407.0,22633.53,233308848.0,9.4,1.166,32881.0,19387215000.0,3301182.0,7.4441439713929745,1709.8210098109596,1709.8210098109596,6.916955317795548,1009.242489252523
2020,4632,3.36,1412.49,CALIFORNIA,21.0,390000.0,88.67,0.4780618412644435,0.8,407.0,22633.53,233308848.0,9.4,1.166,32881.0,19387215000.0,3301182.0,6.90793855234199,1000.1832901554404,1000.1832901554404,6.884100756195729,976.6230524933452
2020,7891,3.36,1412.49,CALIFORNIA,21.0,390000.0,88.67,0.4780618412644435,0.8,407.0,22633.53,233308848.0,9.4,1.166,32881.0,19387215000.0,3301182.0,7.1942821412851155,1331.7939424661006,1331.7939424661006,6.872168492524769,965.0389782814647
2020,174,3.36,1412.49,CALIFORNIA,21.0,390000.0,88.67,0.4780618412644435,0.8,407.0,22633.53,233308848.0,9.4,1.166,32881.0,19387215000.0,3301182.0,7.361744141026545,1574.5804597701149,1574.5804597701149,7.037656764501458,1138.7161977638978
2020,1,3.36,1412.49,CALIFORNIA,21.0,390000.0,88.67,0.4780618412644435,0.8,407.0,22633.53,233308848.0,9.4,1.166,32881.0,19387215000.0,3301182.0,7.1853870155804165,1320.0,1320.0,6.997601732936314,1094.0062904681847
2020,717,3.36,1412.49,CALIFORNIA,21.0,390000.0,88.67,0.4780618412644435,0.8,407.0,22633.53,233308848.0,9.4,1.166,32881.0,19387215000.0,3301182.0,8.285994269998282,3967.907949790795,3967.907949790795,7.077043717148281,1184.4617336274414
2020,224,3.36,1412.49,CALIFORNIA,21.0,390000.0,88.67,0.4780618412644435,0.8,407.0,22633.53,233308848.0,9.4,1.166,32881.0,19387215000.0,3301182.0,7.1660798012612466,1294.758928571429,1294.758928571429,7.032059981611246,1132.3608517668658
2020,3276,3.36,1412.49,CALIFORNIA,21.0,390000.0,88.67,0.4780618412644435,0.8,407.0,22633.53,233308848.0,9.4,1.166,32881.0,19387215000.0,3301182.0,6.768133512984497,869.6871184371184,869.6871184371184,6.903331577945615,995.5860691168525
2020,3634,3.36,1412.49,CALIFORNIA,21.0,390000.0,88.67,0.4780618412644435,0.8,407.0,22633.53,233308848.0,9.4,1.166,32881.0,19387215000.0,3301182.0,7.355388750578182,1564.6051183269126,1564.6051183269126,6.917320320003103,1009.6109322262178
2020,4401,3.36,1412.49,CALIFORNIA,21.0,390000.0,88.67,0.4780618412644435,0.8,407.0,22633.53,233308848.0,9.4,1.166,32881.0,19387215000.0,3301182.0,6.834560632999063,929.4199045671438,929.4199045671438,6.91600964550198,1008.2885277315287
2020,5346,3.36,1412.49,CALIFORNIA,21.0,390000.0,88.67,0.4780618412644435,0.8,407.0,22633.53,233308848.0,9.4,1.166,32881.0,19387215000.0,3301182.0,6.615558228240847,746.6213991769547,746.6213991769547,6.889843507714511,982.2476910040081
2020,4412,3.36,1412.49,CALIFORNIA,21.0,390000.0,88.67,0.4780618412644435,0.8,407.0,22633.53,233308848.0,9.4,1.166,32881.0,19387215000.0,3301182.0,7.3896592868528055,1619.1543517679056,1619.1543517679056,6.911638193918765,1003.8904632174463
2020,4044,3.36,1412.49,CALIFORNIA,21.0,390000.0,88.67,0.4780618412644435,0.8,407.0,22633.53,233308848.0,9.4,1.166,32881.0,19387215000.0,3301182.0,7.071512067140295,1177.927794263106,1177.927794263106,6.882578982318413,975.1379833004208
2020,344,3.36,1412.49,CALIFORNIA,21.0,390000.0,88.67,0.4780618412644435,0.8,407.0,22633.53,233308848.0,9.4,1.166,32881.0,19387215000.0,3301182.0,6.76302520188437,865.2558139534884,865.2558139534884,7.031241878871665,1131.4348430886068
2020,4392,3.36,1412.49,CALIFORNIA,21.0,390000.0,88.67,0.4780618412644435,0.8,407.0,22633.53,233308848.0,9.4,1.166,32881.0,19387215000.0,3301182.0,7.205429949964914,1346.7235883424407,1346.7235883424407,6.916699655633199,1008.9844971162051
2020,2869,3.36,1412.49,CALIFORNIA,21.0,390000.0,88.67,0.4780618412644435,0.8,407.0,22633.53,233308848.0,9.4,1.166,32881.0,19387215000.0,3301182.0,7.0259694985330485,1125.485186476124,1125.485186476124,6.876595915882479,969.3210867536945
2020,6174,3.36,1412.49,CALIFORNIA,21.0,390000.0,88.67,0.4780618412644435,0.8,407.0,22633.53,233308848.0,9.4,1.166,32881.0,19387215000.0,3301182.0,6.827467778364693,922.8509880142532,922.8509880142532,6.878466319614314,971.1358051306647
2020,3225,3.36,1412.49,CALIFORNIA,21.0,390000.0,88.67,0.4780618412644435,0.8,407.0,22633.53,233308848.0,9.4,1.166,32881.0,19387215000.0,3301182.0,6.625616059393727,754.1686821705426,754.1686821705426,6.874089525957919,966.8946322390119
2020,11933,3.36,1412.49,CALIFORNIA,21.0,390000.0,88.67,0.4780618412644435,0.8,407.0,22633.53,233308848.0,9.4,1.166,32881.0,19387215000.0,3301182.0,6.78570581195467,885.1045839269253,885.1045839269253,6.886270942513819,978.7448079493901
2020,6539,3.36,1412.49,CALIFORNIA,21.0,390000.0,88.67,0.4780618412644435,0.8,407.0,22633.53,233308848.0,9.4,1.166,32881.0,19387215000.0,3301182.0,6.845697157723301,939.8282612020188,939.8282612020188,6.899077548294962,991.359812143754
2020,4003,3.36,1412.49,CALIFORNIA,21.0,390000.0,88.67,0.4780618412644435,0.8,407.0,22633.53,233308848.0,9.4,1.166,32881.0,19387215000.0,3301182.0,6.991948549441584,1087.8391206595054,1087.8391206595054,6.881827624385186,974.4055808233385
2020,10589,3.36,1412.49,CALIFORNIA,21.0,390000.0,88.67,0.4780618412644435,0.8,407.0,22633.53,233308848.0,9.4,1.166,32881.0,19387215000.0,3301182.0,6.9089235452025735,1001.1689489092454,1001.1689489092454,6.875187911338855,967.9572386368042
2020,3264,3.36,1412.49,CALIFORNIA,21.0,390000.0,88.67,0.4780618412644435,0.8,407.0,22633.53,233308848.0,9.4,1.166,32881.0,19387215000.0,3301182.0,7.599636799864046,1997.4702818627452,1997.4702818627452,6.906134547893753,998.3805815869863
2020,5579,3.36,1412.49,CALIFORNIA,21.0,390000.0,88.67,0.4780618412644435,0.8,407.0,22633.53,233308848.0,9.4,1.166,32881.0,19387215000.0,3301182.0,7.00162721730211,1098.4190715181933,1098.4190715181933,6.896757911084176,989.0628820863714
2020,6989,3.36,1412.49,CALIFORNIA,21.0,390000.0,88.67,0.4780618412644435,0.8,407.0,22633.53,233308848.0,9.4,1.166,32881.0,19387215000.0,3301182.0,7.0678394683952295,1173.609672342252,1173.609672342252,6.87332023917371,966.1510990085205
2020,588,3.36,1412.49,CALIFORNIA,21.0,390000.0,88.67,0.4780618412644435,0.8,407.0,22633.53,233308848.0,9.4,1.166,32881.0,19387215000.0,3301182.0,7.331503475339741,1527.6768707482993,1527.6768707482993,7.073129835482751,1179.8349508111608
2020,4016,3.36,1412.49,CALIFORNIA,21.0,390000.0,88.67,0.4780618412644435,0.8,407.0,22633.53,233308848.0,9.4,1.166,32881.0,19387215000.0,3301182.0,7.1518567543579294,1276.473854581673,1276.473854581673,6.882009204131416,974.5825292060646
2020,4104,3.36,1412.49,CALIFORNIA,21.0,390000.0,88.67,0.4780618412644435,0.8,407.0,22633.53,233308848.0,9.4,1.166,32881.0,19387215000.0,3301182.0,6.859387320992768,952.7831384015594,952.7831384015594,6.89534598615429,987.6673849463597
2020,3862,3.36,1412.49,CALIFORNIA,21.0,390000.0,88.67,0.4780618412644435,0.8,407.0,22633.53,233308848.0,9.4,1.166,32881.0,19387215000.0,3301182.0,7.148397854883446,1272.0662868979805,1272.0662868979805,6.924658913064867,1017.0473089059105
2020,10644,3.36,1412.49,CALIFORNIA,21.0,390000.0,88.67,0.4780618412644435,0.8,407.0,22633.53,233308848.0,9.4,1.166,32881.0,19387215000.0,3301182.0,6.9153313557030645,1007.6048478015784,1007.6048478015784,6.875547536096423,968.3054026245275
2020,10119,3.36,1412.49,CALIFORNIA,21.0,390000.0,88.67,0.4780618412644435,0.8,407.0,22633.53,233308848.0,9.4,1.166,32881.0,19387215000.0,3301182.0,7.472969809909847,1759.8252791777843,1759.8252791777843,6.869432664881616,962.40240621584
2020,9328,3.36,1412.49,CALIFORNIA,21.0,390000.0,88.67,0.4780618412644435,0.8,407.0,22633.53,233308848.0,9.4,1.166,32881.0,19387215000.0,3301182.0,7.196952738889131,1335.3553816466551,1335.3553816466551,6.883850146781311,976.3783322279348
2020,11179,3.36,1412.49,CALIFORNIA,21.0,390000.0,88.67,0.4780618412644435,0.8,407.0,22633.53,233308848.0,9.4,1.166,32881.0,19387215000.0,3301182.0,7.227324701353382,1376.5349315681187,1376.5349315681187,6.881593793093474,974.1777609444698
2020,11094,3.36,1412.49,CALIFORNIA,21.0,390000.0,88.67,0.4780618412644435,0.8,407.0,22633.53,233308848.0,9.4,1.166,32881.0,19387215000.0,3301182.0,7.580318429139247,1959.25274923382,1959.25274923382,6.881593793093474,974.1777609444698
2020,8083,3.36,1412.49,CALIFORNIA,21.0,390000.0,88.67,0.4780618412644435,0.8,407.0,22633.53,233308848.0,9.4,1.166,32881.0,19387215000.0,3301182.0,7.457301414688443,1732.466534702462,1732.466534702462,6.868962092586084,961.9496328459787
2020,1,,,,,,,,,,,,,,,,,6.739336627357174,845.0,845.0,6.848493256606864,942.4597912485415
2020,1,3.36,1412.49,CALIFORNIA,21.0,390000.0,88.67,0.4780618412644435,0.8,407.0,22633.53,233308848.0,9.4,1.166,32881.0,19387215000.0,3301182.0,6.974478911025045,1069.0,1069.0,6.997601732936314,1094.0062904681847
2020,1,3.36,1412.49,CALIFORNIA,21.0,390000.0,88.67,0.4780618412644435,0.8,407.0,22633.53,233308848.0,9.4,1.166,32881.0,19387215000.0,3301182.0,6.298949246855942,544.0,544.0,6.997601732936314,1094.0062904681847
2020,5079,3.36,1412.49,CALIFORNIA,21.0,390000.0,88.67,0.4780618412644435,0.8,407.0,22633.53,233308848.0,9.4,1.166,32881.0,19387215000.0,3301182.0,6.811164795788667,907.9277416814332,907.9277416814332,6.8783304333789825,971.0038501077486
2020,10219,3.36,1412.49,CALIFORNIA,21.0,390000.0,88.67,0.4780618412644435,0.8,407.0,22633.53,233308848.0,9.4,1.166,32881.0,19387215000.0,3301182.0,6.898800143138762,991.0848419610528,991.0848419610528,6.870924942821882,963.8396502133353
2020,1802,3.36,1412.49,CALIFORNIA,21.0,390000.0,88.67,0.4780618412644435,0.8,407.0,22633.53,233308848.0,9.4,1.166,32881.0,19387215000.0,3301182.0,6.7750480273957665,875.7214206437292,875.7214206437292,6.921133761793648,1013.4683751396799
2020,10738,4.06,1024.07,CALIFORNIA,10.0,0.0,29.33,0.679082849306029,-0.52,1446.0,62549.7,89428650.0,10.1,1.175,32367.0,12142435000.0,2424663.0,6.91768762966743,1009.9818401937046,1009.9818401937046,6.817017945310998,913.2575614085204
2020,1,4.06,1024.07,CALIFORNIA,10.0,0.0,29.33,0.679082849306029,-0.52,1446.0,62549.7,89428650.0,10.1,1.175,32367.0,12142435000.0,2424663.0,8.10349427838097,3306.0,3306.0,7.00146898864985,1098.2452838983438
2020,9351,4.06,1024.07,CALIFORNIA,10.0,0.0,29.33,0.679082849306029,-0.52,1446.0,62549.7,89428650.0,10.1,1.175,32367.0,12142435000.0,2424663.0,7.0348803941768185,1135.5590845898837,1135.5590845898837,6.80544003836831,902.7449249440139
2020,2913,4.06,1024.07,CALIFORNIA,10.0,0.0,29.33,0.679082849306029,-0.52,1446.0,62549.7,89428650.0,10.1,1.175,32367.0,12142435000.0,2424663.0,8.22335005701576,3726.967044284243,3726.967044284243,6.803561273587917,901.0504718112015
2020,9314,4.06,1024.07,CALIFORNIA,10.0,0.0,29.33,0.679082849306029,-0.52,1446.0,62549.7,89428650.0,10.1,1.175,32367.0,12142435000.0,2424663.0,7.136182591939433,1256.622181662014,1256.622181662014,6.804908726103866,902.2654128903241
2020,6406,4.06,1024.07,CALIFORNIA,10.0,0.0,29.33,0.679082849306029,-0.52,1446.0,62549.7,89428650.0,10.1,1.175,32367.0,12142435000.0,2424663.0,6.8793116383570165,971.957071495473,971.957071495473,6.841476300787779,935.8697406190147
2020,1,4.55,422.39,CALIFORNIA,4.0,64000.0,16.67,0.8411340601152844,-0.88,15.0,165.3,8764641.0,22.6,1.208,1327.0,290115000.0,179730.0,7.554858521040676,1910.0,1910.0,6.743151074241734,848.2293628183211
2020,14651,4.06,1024.07,CALIFORNIA,10.0,0.0,29.33,0.679082849306029,-0.52,1446.0,62549.7,89428650.0,10.1,1.175,32367.0,12142435000.0,2424663.0,6.88868774148492,981.113098082042,981.113098082042,6.849335150834835,943.2535768017409
2020,2274,4.06,1024.07,CALIFORNIA,10.0,0.0,29.33,0.679082849306029,-0.52,1446.0,62549.7,89428650.0,10.1,1.175,32367.0,12142435000.0,2424663.0,6.771140862554662,872.3065083553211,872.3065083553211,6.815782618306274,912.1300862242954
2020,3702,4.55,422.39,CALIFORNIA,4.0,64000.0,16.67,0.8411340601152844,-0.88,15.0,165.3,8764641.0,22.6,1.208,1327.0,290115000.0,179730.0,6.845259834117952,939.4173419773095,939.4173419773095,6.741229641814987,846.6011122029936
2020,256,4.06,1024.07,CALIFORNIA,10.0,0.0,29.33,0.679082849306029,-0.52,1446.0,62549.7,89428650.0,10.1,1.175,32367.0,12142435000.0,2424663.0,6.769964829437231,871.28125,871.28125,6.953769621085696,1047.0894283142632
2020,4613,4.55,422.39,CALIFORNIA,4.0,64000.0,16.67,0.8411340601152844,-0.88,15.0,165.3,8764641.0,22.6,1.208,1327.0,290115000.0,179730.0,6.935765756978711,1028.4064600043357,1028.4064600043357,6.7389676052774234,844.6882338704416
2020,465,4.55,422.39,CALIFORNIA,4.0,64000.0,16.67,0.8411340601152844,-0.88,15.0,165.3,8764641.0,22.6,1.208,1327.0,290115000.0,179730.0,6.773552693416083,874.4129032258064,874.4129032258064,6.7626501568749475,864.9313649238886
2020,8653,4.06,1024.07,CALIFORNIA,10.0,0.0,29.33,0.679082849306029,-0.52,1446.0,62549.7,89428650.0,10.1,1.175,32367.0,12142435000.0,2424663.0,7.011295058016731,1109.0899110135213,1109.0899110135213,6.785784517522403,885.174249327198
2020,1,4.06,1024.07,CALIFORNIA,10.0,0.0,29.33,0.679082849306029,-0.52,1446.0,62549.7,89428650.0,10.1,1.175,32367.0,12142435000.0,2424663.0,8.552620886104929,5979.0,5180.313662906439,7.00146898864985,1098.2452838983438
2020,5310,4.06,1024.07,CALIFORNIA,10.0,0.0,29.33,0.679082849306029,-0.52,1446.0,62549.7,89428650.0,10.1,1.175,32367.0,12142435000.0,2424663.0,6.794530482817077,892.9499058380414,892.9499058380414,6.8182735626520685,914.4049836503708
2020,45,4.06,1024.07,CALIFORNIA,10.0,0.0,29.33,0.679082849306029,-0.52,1446.0,62549.7,89428650.0,10.1,1.175,32367.0,12142435000.0,2424663.0,6.733348980384663,839.9555555555555,839.9555555555555,6.959345257945146,1052.9439248322947
2020,6149,4.06,1024.07,CALIFORNIA,10.0,0.0,29.33,0.679082849306029,-0.52,1446.0,62549.7,89428650.0,10.1,1.175,32367.0,12142435000.0,2424663.0,6.857089018753922,950.595869247032,950.595869247032,6.832922968614961,927.8990723378456
2020,696,4.06,1024.07,CALIFORNIA,10.0,0.0,29.33,0.679082849306029,-0.52,1446.0,62549.7,89428650.0,10.1,1.175,32367.0,12142435000.0,2424663.0,6.989762898452812,1085.46408045977,1085.46408045977,6.951555916701355,1044.7740455879946
2020,252,3.99,1121.35,CALIFORNIA,12.0,13000.0,16.38,0.6643692241702959,-0.59,839.0,69888.56,94067565.0,9.6,1.155,24242.0,8134730000.0,2183526.0,7.014125998497896,1112.234126984127,1112.234126984127,6.918586601851136,1010.8901940053184
2020,5736,4.55,422.39,CALIFORNIA,4.0,64000.0,16.67,0.8411340601152844,-0.88,15.0,165.3,8764641.0,22.6,1.208,1327.0,290115000.0,179730.0,7.002845769384546,1099.758368200837,1099.758368200837,6.73952548928848,845.1596034029831
2020,1054,4.55,422.39,CALIFORNIA,4.0,64000.0,16.67,0.8411340601152844,-0.88,15.0,165.3,8764641.0,22.6,1.208,1327.0,290115000.0,179730.0,6.889799010631871,982.2039848197344,982.2039848197344,6.749157948750635,853.3399039784798
2020,1020,4.55,422.39,CALIFORNIA,4.0,64000.0,16.67,0.8411340601152844,-0.88,15.0,165.3,8764641.0,22.6,1.208,1327.0,290115000.0,179730.0,6.931409571738947,1023.936274509804,1023.936274509804,6.750857997970643,854.7918576633058
2020,4500,4.55,422.39,CALIFORNIA,4.0,64000.0,16.67,0.8411340601152844,-0.88,15.0,165.3,8764641.0,22.6,1.208,1327.0,290115000.0,179730.0,6.899308818970359,991.5891111111112,991.5891111111112,6.738766210895458,844.5181355346269
2020,2396,3.99,1121.35,CALIFORNIA,12.0,13000.0,16.38,0.6643692241702959,-0.59,839.0,69888.56,94067565.0,9.6,1.155,24242.0,8134730000.0,2183526.0,6.8123299422970955,908.9862270450752,908.9862270450752,6.802882282911843,900.4388746000683
2020,14165,4.06,1024.07,CALIFORNIA,10.0,0.0,29.33,0.679082849306029,-0.52,1446.0,62549.7,89428650.0,10.1,1.175,32367.0,12142435000.0,2424663.0,7.4803854216383785,1772.9239675255913,1772.9239675255913,6.849335150834835,943.2535768017409
2020,767,4.06,1024.07,CALIFORNIA,10.0,0.0,29.33,0.679082849306029,-0.52,1446.0,62549.7,89428650.0,10.1,1.175,32367.0,12142435000.0,2424663.0,6.7373937275945055,843.3598435462842,843.3598435462842,6.937344634227753,1030.0314700749443
2020,968,3.99,1121.35,CALIFORNIA,12.0,13000.0,16.38,0.6643692241702959,-0.59,839.0,69888.56,94067565.0,9.6,1.155,24242.0,8134730000.0,2183526.0,6.917062043000063,1009.3502066115702,1009.3502066115702,6.886278189522941,978.7519009476434
2020,83,4.55,422.39,CALIFORNIA,4.0,64000.0,16.67,0.8411340601152844,-0.88,15.0,165.3,8764641.0,22.6,1.208,1327.0,290115000.0,179730.0,6.632128759507196,759.0963855421687,759.0963855421687,6.760555883457864,863.1218576216196
2020,34,4.06,1024.07,CALIFORNIA,10.0,0.0,29.33,0.679082849306029,-0.52,1446.0,62549.7,89428650.0,10.1,1.175,32367.0,12142435000.0,2424663.0,6.790196482888066,889.0882352941177,889.0882352941177,6.958317480456807,1051.8622887057127
2020,74,4.55,422.39,CALIFORNIA,4.0,64000.0,16.67,0.8411340601152844,-0.88,15.0,165.3,8764641.0,22.6,1.208,1327.0,290115000.0,179730.0,6.669841013629286,788.2702702702703,788.2702702702703,6.758964927582882,861.7497605937391
2020,5806,4.06,1024.07,CALIFORNIA,10.0,0.0,29.33,0.679082849306029,-0.52,1446.0,62549.7,89428650.0,10.1,1.175,32367.0,12142435000.0,2424663.0,7.573818959278802,1946.5599379951775,1946.5599379951775,6.810344022286605,907.1828443870729
2020,6504,4.06,1024.07,CALIFORNIA,10.0,0.0,29.33,0.679082849306029,-0.52,1446.0,62549.7,89428650.0,10.1,1.175,32367.0,12142435000.0,2424663.0,7.327362938029426,1521.364544895449,1521.364544895449,6.844557880217897,938.7581457000954
2020,3855,4.06,1024.07,CALIFORNIA,10.0,0.0,29.33,0.679082849306029,-0.52,1446.0,62549.7,89428650.0,10.1,1.175,32367.0,12142435000.0,2424663.0,7.571051862462785,1941.181063553826,1941.181063553826,6.818664155215417,914.7622131979338
2020,51,4.55,422.39,CALIFORNIA,4.0,64000.0,16.67,0.8411340601152844,-0.88,15.0,165.3,8764641.0,22.6,1.208,1327.0,290115000.0,179730.0,6.987707484822949,1083.235294117647,1083.235294117647,6.765328245615616,867.2508323572522
2020,2,3.99,1121.35,CALIFORNIA,12.0,13000.0,16.38,0.6643692241702959,-0.59,839.0,69888.56,94067565.0,9.6,1.155,24242.0,8134730000.0,2183526.0,6.258701535932703,302.0,522.5400000000001,6.907866230030146,1000.1109572033045
2020,200,3.99,1121.35,CALIFORNIA,12.0,13000.0,16.38,0.6643692241702959,-0.59,839.0,69888.56,94067565.0,9.6,1.155,24242.0,8134730000.0,2183526.0,7.325369618720187,1518.335,1518.335,6.929324995564036,1021.8040245382119
2020,6408,4.06,1024.07,CALIFORNIA,10.0,0.0,29.33,0.679082849306029,-0.52,1446.0,62549.7,89428650.0,10.1,1.175,32367.0,12142435000.0,2424663.0,7.762343647123821,2350.4066791510613,2350.4066791510613,6.841476300787779,935.8697406190147
2020,121,4.55,422.39,CALIFORNIA,4.0,64000.0,16.67,0.8411340601152844,-0.88,15.0,165.3,8764641.0,22.6,1.208,1327.0,290115000.0,179730.0,6.757508813511761,860.4958677685951,860.4958677685951,6.767735722555255,869.3412340242844
2020,1374,4.06,1024.07,CALIFORNIA,10.0,0.0,29.33,0.679082849306029,-0.52,1446.0,62549.7,89428650.0,10.1,1.175,32367.0,12142435000.0,2424663.0,6.956104505861513,1049.53711790393,1049.53711790393,6.813803274184761,910.3264524948388
2020,123,4.55,422.39,CALIFORNIA,4.0,64000.0,16.67,0.8411340601152844,-0.88,15.0,165.3,8764641.0,22.6,1.208,1327.0,290115000.0,179730.0,6.970126819766475,1064.3577235772357,1064.3577235772357,6.767735722555255,869.3412340242844
2020,914,4.06,1024.07,CALIFORNIA,10.0,0.0,29.33,0.679082849306029,-0.52,1446.0,62549.7,89428650.0,10.1,1.175,32367.0,12142435000.0,2424663.0,6.907684160479534,999.9288840262582,999.9288840262582,6.917676132694615,1009.9702285266936
2020,3425,3.99,1121.35,CALIFORNIA,12.0,13000.0,16.38,0.6643692241702959,-0.59,839.0,69888.56,94067565.0,9.6,1.155,24242.0,8134730000.0,2183526.0,6.713712626207266,823.6227737226277,823.6227737226277,6.80405280393207,901.4934743253799
2020,4,3.99,1121.35,CALIFORNIA,12.0,13000.0,16.38,0.6643692241702959,-0.59,839.0,69888.56,94067565.0,9.6,1.155,24242.0,8134730000.0,2183526.0,6.933910236458988,1026.5,1026.5,6.906113044543507,998.3591132904824
2020,267,4.55,422.39,CALIFORNIA,4.0,64000.0,16.67,0.8411340601152844,-0.88,15.0,165.3,8764641.0,22.6,1.208,1327.0,290115000.0,179730.0,6.764727898502962,866.7303370786517,866.7303370786517,6.76342306009632,865.6001315747618
2020,212,4.06,1024.07,CALIFORNIA,10.0,0.0,29.33,0.679082849306029,-0.52,1446.0,62549.7,89428650.0,10.1,1.175,32367.0,12142435000.0,2424663.0,7.023132908243499,1122.2971698113208,1122.2971698113208,6.953533290220361,1046.8419980024478
2020,54,4.55,422.39,CALIFORNIA,4.0,64000.0,16.67,0.8411340601152844,-0.88,15.0,165.3,8764641.0,22.6,1.208,1327.0,290115000.0,179730.0,7.010044416115477,1107.7037037037037,1107.7037037037037,6.764717259493199,866.7211159751848
2020,6547,3.99,1121.35,CALIFORNIA,12.0,13000.0,16.38,0.6643692241702959,-0.59,839.0,69888.56,94067565.0,9.6,1.155,24242.0,8134730000.0,2183526.0,6.854167585643778,947.822819612036,947.822819612036,6.814688859873258,911.1329816456544
2020,570,3.99,1121.35,CALIFORNIA,12.0,13000.0,16.38,0.6643692241702959,-0.59,839.0,69888.56,94067565.0,9.6,1.155,24242.0,8134730000.0,2183526.0,6.879003782360647,971.657894736842,971.657894736842,6.930521235471999,1023.0270786777193
2020,1,3.99,1121.35,CALIFORNIA,12.0,13000.0,16.38,0.6643692241702959,-0.59,839.0,69888.56,94067565.0,9.6,1.155,24242.0,8134730000.0,2183526.0,6.559615237493242,706.0,706.0,6.922624694278526,1014.980515031707
2020,4849,3.99,1121.35,CALIFORNIA,12.0,13000.0,16.38,0.6643692241702959,-0.59,839.0,69888.56,94067565.0,9.6,1.155,24242.0,8134730000.0,2183526.0,6.804642870307032,902.025572282945,902.025572282945,6.793856793805428,892.3485378887605
2020,267,3.99,1121.35,CALIFORNIA,12.0,13000.0,16.38,0.6643692241702959,-0.59,839.0,69888.56,94067565.0,9.6,1.155,24242.0,8134730000.0,2183526.0,6.94742964894103,1040.4719101123596,1040.4719101123596,6.919503180169616,1011.8171788016923
2020,8963,3.99,1121.35,CALIFORNIA,12.0,13000.0,16.38,0.6643692241702959,-0.59,839.0,69888.56,94067565.0,9.6,1.155,24242.0,8134730000.0,2183526.0,7.012484713032834,1110.4101305366507,1110.4101305366507,6.793729146266498,892.2346390636382
2020,9875,3.99,1121.35,CALIFORNIA,12.0,13000.0,16.38,0.6643692241702959,-0.59,839.0,69888.56,94067565.0,9.6,1.155,24242.0,8134730000.0,2183526.0,6.905558335823255,997.8054683544304,997.8054683544304,6.8033792493291605,900.8864736932386
2020,15,3.99,1121.35,CALIFORNIA,12.0,13000.0,16.38,0.6643692241702959,-0.59,839.0,69888.56,94067565.0,9.6,1.155,24242.0,8134730000.0,2183526.0,7.296096834533095,1474.5333333333333,1474.5333333333333,6.916907245762219,1009.1939740800634
2020,4880,3.99,1121.35,CALIFORNIA,12.0,13000.0,16.38,0.6643692241702959,-0.59,839.0,69888.56,94067565.0,9.6,1.155,24242.0,8134730000.0,2183526.0,6.790134576460493,889.0331967213115,889.0331967213115,6.795681674661289,893.9784544017015
2020,2434,3.99,1121.35,CALIFORNIA,12.0,13000.0,16.38,0.6643692241702959,-0.59,839.0,69888.56,94067565.0,9.6,1.155,24242.0,8134730000.0,2183526.0,6.9655477244119,1059.4950698438784,1059.4950698438784,6.7971227746871445,895.2676955150339
2020,5033,3.99,1121.35,CALIFORNIA,12.0,13000.0,16.38,0.6643692241702959,-0.59,839.0,69888.56,94067565.0,9.6,1.155,24242.0,8134730000.0,2183526.0,6.953965219996834,1047.294257897874,1047.294257897874,6.797920197335182,895.9818869698696
2020,4511,3.99,1121.35,CALIFORNIA,12.0,13000.0,16.38,0.6643692241702959,-0.59,839.0,69888.56,94067565.0,9.6,1.155,24242.0,8134730000.0,2183526.0,7.105166723950687,1218.245178452671,1218.245178452671,6.795183723179729,893.5334073209725
2020,3776,3.99,1121.35,CALIFORNIA,12.0,13000.0,16.38,0.6643692241702959,-0.59,839.0,69888.56,94067565.0,9.6,1.155,24242.0,8134730000.0,2183526.0,6.869858138672285,962.8119703389832,962.8119703389832,6.809837183516112,906.7231654510047
2020,137,3.99,1121.35,CALIFORNIA,12.0,13000.0,16.38,0.6643692241702959,-0.59,839.0,69888.56,94067565.0,9.6,1.155,24242.0,8134730000.0,2183526.0,7.3802011789298545,1603.912408759124,1603.912408759124,6.943397443282236,1036.2849603826405
2020,21,3.99,1121.35,CALIFORNIA,12.0,13000.0,16.38,0.6643692241702959,-0.59,839.0,69888.56,94067565.0,9.6,1.155,24242.0,8134730000.0,2183526.0,6.576270583871963,717.8571428571429,717.8571428571429,6.906669569999188,998.9148801858078
2020,2104,4.06,1024.07,CALIFORNIA,10.0,0.0,29.33,0.679082849306029,-0.52,1446.0,62549.7,89428650.0,10.1,1.175,32367.0,12142435000.0,2424663.0,6.84193888214001,936.3027566539924,936.3027566539924,6.812860782898415,909.4688819355028
2020,217,3.99,1121.35,CALIFORNIA,12.0,13000.0,16.38,0.6643692241702959,-0.59,839.0,69888.56,94067565.0,9.6,1.155,24242.0,8134730000.0,2183526.0,7.276071872607798,1445.299539170507,1445.299539170507,6.926896741625516,1019.3258349457537
2020,345,3.99,1121.35,CALIFORNIA,12.0,13000.0,16.38,0.6643692241702959,-0.59,839.0,69888.56,94067565.0,9.6,1.155,24242.0,8134730000.0,2183526.0,7.074322957743712,1181.2434782608696,1181.2434782608696,6.917279098824797,1009.5693157317069
2020,1,3.99,1121.35,CALIFORNIA,12.0,13000.0,16.38,0.6643692241702959,-0.59,839.0,69888.56,94067565.0,9.6,1.155,24242.0,8134730000.0,2183526.0,7.15305163493748,1278.0,1278.0,6.922624694278526,1014.980515031707
2020,7060,3.99,1121.35,CALIFORNIA,12.0,13000.0,16.38,0.6643692241702959,-0.59,839.0,69888.56,94067565.0,9.6,1.155,24242.0,8134730000.0,2183526.0,6.905485850251614,997.7331444759208,997.7331444759208,6.810291377744569,907.1350874187702
2020,2798,3.99,1121.35,CALIFORNIA,12.0,13000.0,16.38,0.6643692241702959,-0.59,839.0,69888.56,94067565.0,9.6,1.155,24242.0,8134730000.0,2183526.0,6.992901562989434,1088.8763402430309,1088.8763402430309,6.798371401263906,896.3862487352841
2020,9,,,,,,,,,,,,,,,,,7.5050032173857035,1817.111111111111,1817.111111111111,7.020969828727089,1119.8721754653036
2020,38,3.99,1121.35,CALIFORNIA,12.0,13000.0,16.38,0.6643692241702959,-0.59,839.0,69888.56,94067565.0,9.6,1.155,24242.0,8134730000.0,2183526.0,6.763672171701932,865.8157894736842,865.8157894736842,6.916575202715138,1008.8589338647795
2020,4,3.99,1121.35,CALIFORNIA,12.0,13000.0,16.38,0.6643692241702959,-0.59,839.0,69888.56,94067565.0,9.6,1.155,24242.0,8134730000.0,2183526.0,6.931959967678955,1024.5,1024.5,6.906113044543507,998.3591132904824
2020,3,3.99,1121.35,CALIFORNIA,12.0,13000.0,16.38,0.6643692241702959,-0.59,839.0,69888.56,94067565.0,9.6,1.155,24242.0,8134730000.0,2183526.0,6.83697509692109,931.6666666666666,931.6666666666666,6.905701639381046,997.9484676739403
2020,525,3.99,1121.35,CALIFORNIA,12.0,13000.0,16.38,0.6643692241702959,-0.59,839.0,69888.56,94067565.0,9.6,1.155,24242.0,8134730000.0,2183526.0,7.271441585770026,1438.6228571428571,1438.6228571428571,6.934426812811593,1027.0304026108772
2020,3,3.99,1121.35,CALIFORNIA,12.0,13000.0,16.38,0.6643692241702959,-0.59,839.0,69888.56,94067565.0,9.6,1.155,24242.0,8134730000.0,2183526.0,7.337587743538596,1537.0,1537.0,6.905701639381046,997.9484676739403
2020,9068,3.99,1121.35,CALIFORNIA,12.0,13000.0,16.38,0.6643692241702959,-0.59,839.0,69888.56,94067565.0,9.6,1.155,24242.0,8134730000.0,2183526.0,6.722544727297357,830.929311865902,830.929311865902,6.794373390467763,892.8096412570491
2020,19426,3.99,1121.35,CALIFORNIA,12.0,13000.0,16.38,0.6643692241702959,-0.59,839.0,69888.56,94067565.0,9.6,1.155,24242.0,8134730000.0,2183526.0,6.986015423296859,1081.403943168949,1081.403943168949,6.831240006401512,926.3387665972879
2020,6245,3.99,1121.35,CALIFORNIA,12.0,13000.0,16.38,0.6643692241702959,-0.59,839.0,69888.56,94067565.0,9.6,1.155,24242.0,8134730000.0,2183526.0,6.93904942043855,1031.7889511609287,1031.7889511609287,6.809018426527829,905.9810833567598
2020,1,3.99,1121.35,CALIFORNIA,12.0,13000.0,16.38,0.6643692241702959,-0.59,839.0,69888.56,94067565.0,9.6,1.155,24242.0,8134730000.0,2183526.0,7.161622002939187,1289.0,1289.0,6.922624694278526,1014.980515031707
2020,372,3.99,1121.35,CALIFORNIA,12.0,13000.0,16.38,0.6643692241702959,-0.59,839.0,69888.56,94067565.0,9.6,1.155,24242.0,8134730000.0,2183526.0,6.979845856580095,1074.752688172043,1074.752688172043,6.921590833706042,1013.9317089484246
2020,1,3.99,1121.35,CALIFORNIA,12.0,13000.0,16.38,0.6643692241702959,-0.59,839.0,69888.56,94067565.0,9.6,1.155,24242.0,8134730000.0,2183526.0,6.949856455000773,1043.0,1043.0,6.922624694278526,1014.980515031707
2020,530,3.99,1121.35,CALIFORNIA,12.0,13000.0,16.38,0.6643692241702959,-0.59,839.0,69888.56,94067565.0,9.6,1.155,24242.0,8134730000.0,2183526.0,7.030445333074962,1130.533962264151,1130.533962264151,6.934342762448396,1026.944083960131
2020,2069,3.99,1121.35,CALIFORNIA,12.0,13000.0,16.38,0.6643692241702959,-0.59,839.0,69888.56,94067565.0,9.6,1.155,24242.0,8134730000.0,2183526.0,7.027357399125337,1127.0483325277912,1127.0483325277912,6.798842982073695,896.8090669769948
2020,4467,3.99,1121.35,CALIFORNIA,12.0,13000.0,16.38,0.6643692241702959,-0.59,839.0,69888.56,94067565.0,9.6,1.155,24242.0,8134730000.0,2183526.0,7.087043735238311,1196.3657935974927,1196.3657935974927,6.799106364738358,897.0453020474946
2020,15492,3.99,1121.35,CALIFORNIA,12.0,13000.0,16.38,0.6643692241702959,-0.59,839.0,69888.56,94067565.0,9.6,1.155,24242.0,8134730000.0,2183526.0,6.841623269275509,936.0072940872708,936.0072940872708,6.831240006401512,926.3387665972879
2020,10274,3.99,1121.35,CALIFORNIA,12.0,13000.0,16.38,0.6643692241702959,-0.59,839.0,69888.56,94067565.0,9.6,1.155,24242.0,8134730000.0,2183526.0,7.063877816917158,1168.9694374148337,1168.9694374148337,6.805727401940575,903.0043782274155
2020,52,3.99,1121.35,CALIFORNIA,12.0,13000.0,16.38,0.6643692241702959,-0.59,839.0,69888.56,94067565.0,9.6,1.155,24242.0,8134730000.0,2183526.0,6.869693893548702,962.6538461538462,962.6538461538462,6.916460523375373,1008.7432452220033
2020,1,,,,,,,,,,,,,,,,,6.643789733147672,768.0,768.0,6.848493256606864,942.4597912485415
2020,5154,3.99,1121.35,CALIFORNIA,12.0,13000.0,16.38,0.6643692241702959,-0.59,839.0,69888.56,94067565.0,9.6,1.155,24242.0,8134730000.0,2183526.0,7.4582431097244495,1734.0987582460225,1734.0987582460225,6.797130593620526,895.2746955808703
2020,2790,3.99,1121.35,CALIFORNIA,12.0,13000.0,16.38,0.6643692241702959,-0.59,839.0,69888.56,94067565.0,9.6,1.155,24242.0,8134730000.0,2183526.0,7.055853578669483,1159.6268817204302,1159.6268817204302,6.799496767955805,897.3955797899398
2020,957,3.99,1121.35,CALIFORNIA,12.0,13000.0,16.38,0.6643692241702959,-0.59,839.0,69888.56,94067565.0,9.6,1.155,24242.0,8134730000.0,2183526.0,6.847724589948105,941.735632183908,941.735632183908,6.88792837215561,980.3683536905863
2020,1,3.99,1121.35,CALIFORNIA,12.0,13000.0,16.38,0.6643692241702959,-0.59,839.0,69888.56,94067565.0,9.6,1.155,24242.0,8134730000.0,2183526.0,6.258701535932703,360.0,522.5400000000001,6.922624694278526,1014.980515031707
2020,148,3.99,1121.35,CALIFORNIA,12.0,13000.0,16.38,0.6643692241702959,-0.59,839.0,69888.56,94067565.0,9.6,1.155,24242.0,8134730000.0,2183526.0,7.126874527424683,1244.9797297297298,1244.9797297297298,6.940858102976296,1033.656818499851
2020,1505,3.99,1121.35,CALIFORNIA,12.0,13000.0,16.38,0.6643692241702959,-0.59,839.0,69888.56,94067565.0,9.6,1.155,24242.0,8134730000.0,2183526.0,6.966262985144591,1060.2531561461794,1060.2531561461794,6.811909541228271,908.6041685781994
2020,830,3.99,1121.35,CALIFORNIA,12.0,13000.0,16.38,0.6643692241702959,-0.59,839.0,69888.56,94067565.0,9.6,1.155,24242.0,8134730000.0,2183526.0,6.954085736673964,1047.4204819277109,1047.4204819277109,6.895875916144387,988.1909182196233
2020,1,3.99,1121.35,CALIFORNIA,12.0,13000.0,16.38,0.6643692241702959,-0.59,839.0,69888.56,94067565.0,9.6,1.155,24242.0,8134730000.0,2183526.0,6.932447891572509,1025.0,1025.0,6.922624694278526,1014.980515031707
2020,202,3.99,1121.35,CALIFORNIA,12.0,13000.0,16.38,0.6643692241702959,-0.59,839.0,69888.56,94067565.0,9.6,1.155,24242.0,8134730000.0,2183526.0,7.067362051471786,1173.049504950495,1173.049504950495,6.928143801291241,1020.597788016591
2020,1,3.99,1121.35,CALIFORNIA,12.0,13000.0,16.38,0.6643692241702959,-0.59,839.0,69888.56,94067565.0,9.6,1.155,24242.0,8134730000.0,2183526.0,6.258701535932703,447.0,522.5400000000001,6.922624694278526,1014.980515031707
2020,64,3.99,1121.35,CALIFORNIA,12.0,13000.0,16.38,0.6643692241702959,-0.59,839.0,69888.56,94067565.0,9.6,1.155,24242.0,8134730000.0,2183526.0,6.951383332832854,1044.59375,1044.59375,6.919848301603082,1012.1664388619457
2020,2484,3.99,1121.35,CALIFORNIA,12.0,13000.0,16.38,0.6643692241702959,-0.59,839.0,69888.56,94067565.0,9.6,1.155,24242.0,8134730000.0,2183526.0,7.176741014147136,1308.6364734299516,1308.6364734299516,6.795224396064762,893.5697506416099
2020,1117,3.99,1121.35,CALIFORNIA,12.0,13000.0,16.38,0.6643692241702959,-0.59,839.0,69888.56,94067565.0,9.6,1.155,24242.0,8134730000.0,2183526.0,7.122839222984332,1239.965980304387,1239.965980304387,6.839090512426091,933.6396148456676
2020,6904,3.99,1121.35,CALIFORNIA,12.0,13000.0,16.38,0.6643692241702959,-0.59,839.0,69888.56,94067565.0,9.6,1.155,24242.0,8134730000.0,2183526.0,7.276811999918147,1446.369640787949,1446.369640787949,6.8128112185778,909.4238058453415
2020,7669,3.99,1121.35,CALIFORNIA,12.0,13000.0,16.38,0.6643692241702959,-0.59,839.0,69888.56,94067565.0,9.6,1.155,24242.0,8134730000.0,2183526.0,6.9280884224397745,1020.541270048246,1020.541270048246,6.815427995133412,911.8066811059191
2020,10158,3.99,1121.35,CALIFORNIA,12.0,13000.0,16.38,0.6643692241702959,-0.59,839.0,69888.56,94067565.0,9.6,1.155,24242.0,8134730000.0,2183526.0,6.824396247837633,920.0207718054736,920.0207718054736,6.804888257340797,902.2469448223719
2020,4260,3.99,1121.35,CALIFORNIA,12.0,13000.0,16.38,0.6643692241702959,-0.59,839.0,69888.56,94067565.0,9.6,1.155,24242.0,8134730000.0,2183526.0,7.07288848780243,1179.550234741784,1179.550234741784,6.80543917661792,902.7441470035577
2020,121,3.99,1121.35,CALIFORNIA,12.0,13000.0,16.38,0.6643692241702959,-0.59,839.0,69888.56,94067565.0,9.6,1.155,24242.0,8134730000.0,2183526.0,7.051268709673375,1154.3223140495868,1154.3223140495868,6.9393175751514775,1032.0656673306432
2020,2044,3.99,1121.35,CALIFORNIA,12.0,13000.0,16.38,0.6643692241702959,-0.59,839.0,69888.56,94067565.0,9.6,1.155,24242.0,8134730000.0,2183526.0,6.97965670191757,1074.5494129158512,1074.5494129158512,6.799749203270401,897.62214272048
2020,8,1.75,621.66,CALIFORNIA,1.0,1000.0,1.05,0.5283665008521611,-2.46,18.0,265.9,1136875.0,8.0,1.055,117.0,39095000.0,18999.0,7.144604477352459,1267.25,1267.25,6.895258735773566,987.5812143502578
2020,87,3.99,1121.35,CALIFORNIA,12.0,13000.0,16.38,0.6643692241702959,-0.59,839.0,69888.56,94067565.0,9.6,1.155,24242.0,8134730000.0,2183526.0,7.4963845007109375,1801.5172413793105,1801.5172413793105,6.918515170147069,1010.8179869751019
2020,1561,3.99,1121.35,CALIFORNIA,12.0,13000.0,16.38,0.6643692241702959,-0.59,839.0,69888.56,94067565.0,9.6,1.155,24242.0,8134730000.0,2183526.0,6.732782438858595,839.4798206278027,839.4798206278027,6.8094073066541485,906.333469908521
2020,7,1.75,621.66,CALIFORNIA,1.0,1000.0,1.05,0.5283665008521611,-2.46,18.0,265.9,1136875.0,8.0,1.055,117.0,39095000.0,18999.0,6.944775771225816,1037.7142857142858,1037.7142857142858,6.892901169826599,985.2556688999604
2020,615,3.99,1121.35,CALIFORNIA,12.0,13000.0,16.38,0.6643692241702959,-0.59,839.0,69888.56,94067565.0,9.6,1.155,24242.0,8134730000.0,2183526.0,7.105783461690575,1218.9967479674797,1218.9967479674797,6.9299203597942185,1022.4125512342177
2020,10828,3.99,1121.35,CALIFORNIA,12.0,13000.0,16.38,0.6643692241702959,-0.59,839.0,69888.56,94067565.0,9.6,1.155,24242.0,8134730000.0,2183526.0,6.907849013044817,1000.0937384558551,1000.0937384558551,6.811497991167074,908.230309413175
2020,4,3.99,1121.35,CALIFORNIA,12.0,13000.0,16.38,0.6643692241702959,-0.59,839.0,69888.56,94067565.0,9.6,1.155,24242.0,8134730000.0,2183526.0,7.162785019158669,1290.5,1290.5,6.906113044543507,998.3591132904824
2020,5883,3.99,1121.35,CALIFORNIA,12.0,13000.0,16.38,0.6643692241702959,-0.59,839.0,69888.56,94067565.0,9.6,1.155,24242.0,8134730000.0,2183526.0,6.793093705093758,891.6678565357811,891.6678565357811,6.795901977966946,894.1754225059584
2020,6794,3.99,1121.35,CALIFORNIA,12.0,13000.0,16.38,0.6643692241702959,-0.59,839.0,69888.56,94067565.0,9.6,1.155,24242.0,8134730000.0,2183526.0,6.841230604625966,935.6398292611128,935.6398292611128,6.8140439972134415,910.5456154132936
2020,1865,3.99,1121.35,CALIFORNIA,12.0,13000.0,16.38,0.6643692241702959,-0.59,839.0,69888.56,94067565.0,9.6,1.155,24242.0,8134730000.0,2183526.0,7.0886795239762055,1198.324396782842,1198.324396782842,6.802071437047164,899.7090533884453
2020,201,3.99,1121.35,CALIFORNIA,12.0,13000.0,16.38,0.6643692241702959,-0.59,839.0,69888.56,94067565.0,9.6,1.155,24242.0,8134730000.0,2183526.0,7.04233400852996,1144.0547263681592,1144.0547263681592,6.929324995564036,1021.8040245382119
2020,11190,3.99,1121.35,CALIFORNIA,12.0,13000.0,16.38,0.6643692241702959,-0.59,839.0,69888.56,94067565.0,9.6,1.155,24242.0,8134730000.0,2183526.0,7.062948387333302,1167.883467381591,1167.883467381591,6.821399321365067,917.2676646895392
2020,55,3.99,1121.35,CALIFORNIA,12.0,13000.0,16.38,0.6643692241702959,-0.59,839.0,69888.56,94067565.0,9.6,1.155,24242.0,8134730000.0,2183526.0,6.849606000065939,943.5090909090908,943.5090909090908,6.916477718451405,1008.7605907879299
2020,7264,3.99,1121.35,CALIFORNIA,12.0,13000.0,16.38,0.6643692241702959,-0.59,839.0,69888.56,94067565.0,9.6,1.155,24242.0,8134730000.0,2183526.0,6.86751976695364,960.5631883259912,960.5631883259912,6.811268684357576,908.0220698949164
2020,3726,3.99,1121.35,CALIFORNIA,12.0,13000.0,16.38,0.6643692241702959,-0.59,839.0,69888.56,94067565.0,9.6,1.155,24242.0,8134730000.0,2183526.0,6.817035085822299,913.2732152442296,913.2732152442296,6.804422172462214,901.826519149278
2020,10273,3.99,1121.35,CALIFORNIA,12.0,13000.0,16.38,0.6643692241702959,-0.59,839.0,69888.56,94067565.0,9.6,1.155,24242.0,8134730000.0,2183526.0,6.925327612736832,1017.7276355494988,1017.7276355494988,6.805727401940575,903.0043782274155
2020,1068,3.99,1121.35,CALIFORNIA,12.0,13000.0,16.38,0.6643692241702959,-0.59,839.0,69888.56,94067565.0,9.6,1.155,24242.0,8134730000.0,2183526.0,6.786688416452075,885.9747191011236,885.9747191011236,6.849849569488761,943.7389288634039
2020,2849,3.99,1121.35,CALIFORNIA,12.0,13000.0,16.38,0.6643692241702959,-0.59,839.0,69888.56,94067565.0,9.6,1.155,24242.0,8134730000.0,2183526.0,6.760504165733082,863.0772200772201,863.0772200772201,6.7976510167153545,895.7407384678883
2020,2340,3.99,1121.35,CALIFORNIA,12.0,13000.0,16.38,0.6643692241702959,-0.59,839.0,69888.56,94067565.0,9.6,1.155,24242.0,8134730000.0,2183526.0,6.705046277765952,816.515811965812,816.515811965812,6.80442060554558,901.8251060634116
2020,2799,4.06,1024.07,CALIFORNIA,10.0,0.0,29.33,0.679082849306029,-0.52,1446.0,62549.7,89428650.0,10.1,1.175,32367.0,12142435000.0,2424663.0,6.901033560485685,993.3008217220436,993.3008217220436,6.804826148154137,902.1909087386588
2020,14249,4.06,1024.07,CALIFORNIA,10.0,0.0,29.33,0.679082849306029,-0.52,1446.0,62549.7,89428650.0,10.1,1.175,32367.0,12142435000.0,2424663.0,6.977160482694126,1071.8704470489158,1071.8704470489158,6.849335150834835,943.2535768017409
2020,9094,4.06,1024.07,CALIFORNIA,10.0,0.0,29.33,0.679082849306029,-0.52,1446.0,62549.7,89428650.0,10.1,1.175,32367.0,12142435000.0,2424663.0,7.004076603444305,1101.112821640642,1101.112821640642,6.792201856092756,890.8729779572236
2020,6318,4.06,1024.07,CALIFORNIA,10.0,0.0,29.33,0.679082849306029,-0.52,1446.0,62549.7,89428650.0,10.1,1.175,32367.0,12142435000.0,2424663.0,6.8904482530295805,982.8418803418804,982.8418803418804,6.83938192786463,933.9117314910355
2020,11402,4.06,1024.07,CALIFORNIA,10.0,0.0,29.33,0.679082849306029,-0.52,1446.0,62549.7,89428650.0,10.1,1.175,32367.0,12142435000.0,2424663.0,7.205445361141725,1346.744343097702,1346.744343097702,6.844947563767273,939.1240355923236
2020,5495,4.06,1024.07,CALIFORNIA,10.0,0.0,29.33,0.679082849306029,-0.52,1446.0,62549.7,89428650.0,10.1,1.175,32367.0,12142435000.0,2424663.0,6.860105165345012,953.4673339399454,953.4673339399454,6.82902025089815,924.2848015156801
2020,7697,4.06,1024.07,CALIFORNIA,10.0,0.0,29.33,0.679082849306029,-0.52,1446.0,62549.7,89428650.0,10.1,1.175,32367.0,12142435000.0,2424663.0,7.215779959319581,1360.7345719111345,1360.7345719111345,6.813527145371575,910.0751198335911
2020,11251,4.06,1024.07,CALIFORNIA,10.0,0.0,29.33,0.679082849306029,-0.52,1446.0,62549.7,89428650.0,10.1,1.175,32367.0,12142435000.0,2424663.0,6.9235057093749335,1015.875122211359,1015.875122211359,6.842094584449507,936.4485525056728
2020,1,4.06,1024.07,CALIFORNIA,10.0,0.0,29.33,0.679082849306029,-0.52,1446.0,62549.7,89428650.0,10.1,1.175,32367.0,12142435000.0,2424663.0,7.437206366871292,1698.0,1698.0,7.00146898864985,1098.2452838983438
2020,9467,4.06,1024.07,CALIFORNIA,10.0,0.0,29.33,0.679082849306029,-0.52,1446.0,62549.7,89428650.0,10.1,1.175,32367.0,12142435000.0,2424663.0,6.9651301171783055,1059.0527094116403,1059.0527094116403,6.805191373622672,902.5204720147983
2020,5512,4.06,1024.07,CALIFORNIA,10.0,0.0,29.33,0.679082849306029,-0.52,1446.0,62549.7,89428650.0,10.1,1.175,32367.0,12142435000.0,2424663.0,7.102103881382435,1214.5195936139332,1214.5195936139332,6.828789792296268,924.071816675619
2020,379,4.06,1024.07,CALIFORNIA,10.0,0.0,29.33,0.679082849306029,-0.52,1446.0,62549.7,89428650.0,10.1,1.175,32367.0,12142435000.0,2424663.0,7.364165951721678,1578.3984168865436,1578.3984168865436,6.953457724410395,1046.7628955277214
2020,262,4.06,1024.07,CALIFORNIA,10.0,0.0,29.33,0.679082849306029,-0.52,1446.0,62549.7,89428650.0,10.1,1.175,32367.0,12142435000.0,2424663.0,7.376715902654556,1598.3320610687024,1598.3320610687024,6.953430363592304,1046.7342556303595
2020,3711,4.06,1024.07,CALIFORNIA,10.0,0.0,29.33,0.679082849306029,-0.52,1446.0,62549.7,89428650.0,10.1,1.175,32367.0,12142435000.0,2424663.0,6.764043279156489,866.1371597952035,866.1371597952035,6.810424039548171,907.255437578336
2020,7894,4.06,1024.07,CALIFORNIA,10.0,0.0,29.33,0.679082849306029,-0.52,1446.0,62549.7,89428650.0,10.1,1.175,32367.0,12142435000.0,2424663.0,6.9809235611499005,1075.9115784139854,1075.9115784139854,6.799054071537196,896.9983939035623
2020,7885,4.06,1024.07,CALIFORNIA,10.0,0.0,29.33,0.679082849306029,-0.52,1446.0,62549.7,89428650.0,10.1,1.175,32367.0,12142435000.0,2424663.0,6.859025594911458,952.4385542168676,952.4385542168676,6.799054071537196,896.9983939035623
2020,1,4.06,1024.07,CALIFORNIA,10.0,0.0,29.33,0.679082849306029,-0.52,1446.0,62549.7,89428650.0,10.1,1.175,32367.0,12142435000.0,2424663.0,6.582025138892826,722.0,722.0,7.00146898864985,1098.2452838983438
2020,334,4.06,1024.07,CALIFORNIA,10.0,0.0,29.33,0.679082849306029,-0.52,1446.0,62549.7,89428650.0,10.1,1.175,32367.0,12142435000.0,2424663.0,7.096337139240366,1207.535928143713,1207.535928143713,6.948531531072924,1041.619019392397
2020,2059,4.06,1024.07,CALIFORNIA,10.0,0.0,29.33,0.679082849306029,-0.52,1446.0,62549.7,89428650.0,10.1,1.175,32367.0,12142435000.0,2424663.0,7.063123838969486,1168.0883924235063,1168.0883924235063,6.8128309045420625,909.4417089061016
2020,4746,4.06,1024.07,CALIFORNIA,10.0,0.0,29.33,0.679082849306029,-0.52,1446.0,62549.7,89428650.0,10.1,1.175,32367.0,12142435000.0,2424663.0,6.884210132537229,976.7298777918248,976.7298777918248,6.811204672699647,907.9639477570535
2020,2,4.06,1024.07,CALIFORNIA,10.0,0.0,29.33,0.679082849306029,-0.52,1446.0,62549.7,89428650.0,10.1,1.175,32367.0,12142435000.0,2424663.0,6.992555880674602,1088.5,1088.5,6.992356329162646,1088.2828098502673
2020,8583,4.06,1024.07,CALIFORNIA,10.0,0.0,29.33,0.679082849306029,-0.52,1446.0,62549.7,89428650.0,10.1,1.175,32367.0,12142435000.0,2424663.0,6.793623381754188,892.140277292322,892.140277292322,6.785456460087765,884.8839089605179
2020,8268,4.06,1024.07,CALIFORNIA,10.0,0.0,29.33,0.679082849306029,-0.52,1446.0,62549.7,89428650.0,10.1,1.175,32367.0,12142435000.0,2424663.0,7.045813345309573,1148.0422109337203,1148.0422109337203,6.790632456638328,889.4759389345364
2020,1,4.06,1024.07,CALIFORNIA,10.0,0.0,29.33,0.679082849306029,-0.52,1446.0,62549.7,89428650.0,10.1,1.175,32367.0,12142435000.0,2424663.0,7.700747794511798,2210.0,2210.0,7.00146898864985,1098.2452838983438
2020,9505,4.06,1024.07,CALIFORNIA,10.0,0.0,29.33,0.679082849306029,-0.52,1446.0,62549.7,89428650.0,10.1,1.175,32367.0,12142435000.0,2424663.0,6.93746585491816,1030.156338769069,1030.156338769069,6.804886640593737,902.2454861184558
2020,481,4.06,1024.07,CALIFORNIA,10.0,0.0,29.33,0.679082849306029,-0.52,1446.0,62549.7,89428650.0,10.1,1.175,32367.0,12142435000.0,2424663.0,7.449837796154814,1719.5841995841995,1719.5841995841995,6.967829608699512,1061.9154754891097
2020,13961,4.06,1024.07,CALIFORNIA,10.0,0.0,29.33,0.679082849306029,-0.52,1446.0,62549.7,89428650.0,10.1,1.175,32367.0,12142435000.0,2424663.0,7.31371034654776,1500.735119260798,1500.735119260798,6.849614007197314,943.5166457405817
2020,14687,4.06,1024.07,CALIFORNIA,10.0,0.0,29.33,0.679082849306029,-0.52,1446.0,62549.7,89428650.0,10.1,1.175,32367.0,12142435000.0,2424663.0,7.103657683919671,1216.4081841083953,1216.4081841083953,6.849335150834835,943.2535768017409
2020,1,4.06,1024.07,CALIFORNIA,10.0,0.0,29.33,0.679082849306029,-0.52,1446.0,62549.7,89428650.0,10.1,1.175,32367.0,12142435000.0,2424663.0,8.048149101665201,3128.0,3128.0,7.00146898864985,1098.2452838983438
2020,1412,4.06,1024.07,CALIFORNIA,10.0,0.0,29.33,0.679082849306029,-0.52,1446.0,62549.7,89428650.0,10.1,1.175,32367.0,12142435000.0,2424663.0,7.086177008084736,1195.3293201133145,1195.3293201133145,6.813349168841029,909.9131622339801
2020,5501,4.06,1024.07,CALIFORNIA,10.0,0.0,29.33,0.679082849306029,-0.52,1446.0,62549.7,89428650.0,10.1,1.175,32367.0,12142435000.0,2424663.0,7.070201937189983,1176.38556626068,1176.38556626068,6.82902025089815,924.2848015156801
2020,7951,4.06,1024.07,CALIFORNIA,10.0,0.0,29.33,0.679082849306029,-0.52,1446.0,62549.7,89428650.0,10.1,1.175,32367.0,12142435000.0,2424663.0,6.904247435788242,996.4983021003648,996.4983021003648,6.800107567019024,897.9438756016503
2020,1,4.06,1024.07,CALIFORNIA,10.0,0.0,29.33,0.679082849306029,-0.52,1446.0,62549.7,89428650.0,10.1,1.175,32367.0,12142435000.0,2424663.0,7.295735072749282,1474.0,1474.0,7.00146898864985,1098.2452838983438
2020,3905,4.06,1024.07,CALIFORNIA,10.0,0.0,29.33,0.679082849306029,-0.52,1446.0,62549.7,89428650.0,10.1,1.175,32367.0,12142435000.0,2424663.0,6.8806217127342535,973.2312419974392,973.2312419974392,6.802263878943974,899.8822117661855
2020,4610,4.06,1024.07,CALIFORNIA,10.0,0.0,29.33,0.679082849306029,-0.52,1446.0,62549.7,89428650.0,10.1,1.175,32367.0,12142435000.0,2424663.0,6.795486404978638,893.8039045553145,893.8039045553145,6.802578821828327,900.1656678994395
2020,13718,4.06,1024.07,CALIFORNIA,10.0,0.0,29.33,0.679082849306029,-0.52,1446.0,62549.7,89428650.0,10.1,1.175,32367.0,12142435000.0,2424663.0,6.969829652553047,1064.0414783496135,1064.0414783496135,6.849928056793044,943.8130032947909
2020,5602,4.06,1024.07,CALIFORNIA,10.0,0.0,29.33,0.679082849306029,-0.52,1446.0,62549.7,89428650.0,10.1,1.175,32367.0,12142435000.0,2424663.0,6.897987269957888,990.2795430203498,990.2795430203498,6.828994100040515,924.2606309914629
2020,6063,4.06,1024.07,CALIFORNIA,10.0,0.0,29.33,0.679082849306029,-0.52,1446.0,62549.7,89428650.0,10.1,1.175,32367.0,12142435000.0,2424663.0,6.738543845148174,844.3303645060201,844.3303645060201,6.827651637964383,923.0206786266285
2020,4570,4.06,1024.07,CALIFORNIA,10.0,0.0,29.33,0.679082849306029,-0.52,1446.0,62549.7,89428650.0,10.1,1.175,32367.0,12142435000.0,2424663.0,7.159042087139331,1285.6787746170678,1285.6787746170678,6.803955634895711,901.4058813289287
2020,1,4.06,1024.07,CALIFORNIA,10.0,0.0,29.33,0.679082849306029,-0.52,1446.0,62549.7,89428650.0,10.1,1.175,32367.0,12142435000.0,2424663.0,8.384118837190895,4377.0,4377.0,7.00146898864985,1098.2452838983438
2020,611,4.06,1024.07,CALIFORNIA,10.0,0.0,29.33,0.679082849306029,-0.52,1446.0,62549.7,89428650.0,10.1,1.175,32367.0,12142435000.0,2424663.0,7.894983003316981,2683.783960720131,2683.783960720131,6.974761520011103,1069.302151699477
2020,8255,4.06,1024.07,CALIFORNIA,10.0,0.0,29.33,0.679082849306029,-0.52,1446.0,62549.7,89428650.0,10.1,1.175,32367.0,12142435000.0,2424663.0,7.098931320603651,1210.6725620835855,1210.6725620835855,6.7926091549487975,891.2359034065666
2020,17923,4.06,1024.07,CALIFORNIA,10.0,0.0,29.33,0.679082849306029,-0.52,1446.0,62549.7,89428650.0,10.1,1.175,32367.0,12142435000.0,2424663.0,7.229860731727201,1380.030296267366,1380.030296267366,6.849335150834835,943.2535768017409
2020,1,4.06,1024.07,CALIFORNIA,10.0,0.0,29.33,0.679082849306029,-0.52,1446.0,62549.7,89428650.0,10.1,1.175,32367.0,12142435000.0,2424663.0,6.985641817639208,1081.0,1081.0,7.00146898864985,1098.2452838983438
2020,6060,4.06,1024.07,CALIFORNIA,10.0,0.0,29.33,0.679082849306029,-0.52,1446.0,62549.7,89428650.0,10.1,1.175,32367.0,12142435000.0,2424663.0,7.145173100094021,1267.970792079208,1267.970792079208,6.827651637964383,923.0206786266285
2020,7009,4.06,1024.07,CALIFORNIA,10.0,0.0,29.33,0.679082849306029,-0.52,1446.0,62549.7,89428650.0,10.1,1.175,32367.0,12142435000.0,2424663.0,7.064646589713418,1169.8684548437725,1169.8684548437725,6.8317896214564,926.8480362676546
2020,4325,2.14,1470.81,CALIFORNIA,37.0,65000.0,20.95,0.2606758244725627,-0.1,71.0,19167.04,252885765.0,8.9,1.07,25419.0,17315535000.0,3186261.0,7.166778084373656,1295.663352601156,1295.663352601156,6.876025526339731,968.7683537937809
2020,3423,2.14,1470.81,CALIFORNIA,37.0,65000.0,20.95,0.2606758244725627,-0.1,71.0,19167.04,252885765.0,8.9,1.07,25419.0,17315535000.0,3186261.0,7.799935171743195,2440.4437627811863,2440.4437627811863,6.975617893429838,1070.2182658507052
2020,3635,2.14,1470.81,CALIFORNIA,37.0,65000.0,20.95,0.2606758244725627,-0.1,71.0,19167.04,252885765.0,8.9,1.07,25419.0,17315535000.0,3186261.0,6.995594328028901,1091.8123796423658,1091.8123796423658,6.961954285753977,1055.6946716404138
2020,2450,2.14,1470.81,CALIFORNIA,37.0,65000.0,20.95,0.2606758244725627,-0.1,71.0,19167.04,252885765.0,8.9,1.07,25419.0,17315535000.0,3186261.0,7.044255830716444,1146.2555102040817,1146.2555102040817,6.893353761644175,985.7016884787167
2020,1,2.14,1470.81,CALIFORNIA,37.0,65000.0,20.95,0.2606758244725627,-0.1,71.0,19167.04,252885765.0,8.9,1.07,25419.0,17315535000.0,3186261.0,7.894318063841624,2682.0,2682.0,7.044725664931853,1146.7941867968157
2020,2530,2.14,1470.81,CALIFORNIA,37.0,65000.0,20.95,0.2606758244725627,-0.1,71.0,19167.04,252885765.0,8.9,1.07,25419.0,17315535000.0,3186261.0,7.288134166084508,1462.8387351778656,1462.8387351778656,6.89550532197628,987.8247682790618
2020,985,2.14,1470.81,CALIFORNIA,37.0,65000.0,20.95,0.2606758244725627,-0.1,71.0,19167.04,252885765.0,8.9,1.07,25419.0,17315535000.0,3186261.0,7.210707476999119,1353.8497461928937,1353.8497461928937,7.016253761836472,1114.6032175216187
2020,2187,2.14,1470.81,CALIFORNIA,37.0,65000.0,20.95,0.2606758244725627,-0.1,71.0,19167.04,252885765.0,8.9,1.07,25419.0,17315535000.0,3186261.0,7.072112755085466,1178.6355738454504,1178.6355738454504,6.902139678194281,994.4001372250018
2020,1,2.14,1470.81,CALIFORNIA,37.0,65000.0,20.95,0.2606758244725627,-0.1,71.0,19167.04,252885765.0,8.9,1.07,25419.0,17315535000.0,3186261.0,7.7706452341291765,2370.0,2370.0,7.044725664931853,1146.7941867968157
2020,983,2.14,1470.81,CALIFORNIA,37.0,65000.0,20.95,0.2606758244725627,-0.1,71.0,19167.04,252885765.0,8.9,1.07,25419.0,17315535000.0,3186261.0,7.096105591327057,1207.2563580874871,1207.2563580874871,7.016253761836472,1114.6032175216187
2020,6366,2.14,1470.81,CALIFORNIA,37.0,65000.0,20.95,0.2606758244725627,-0.1,71.0,19167.04,252885765.0,8.9,1.07,25419.0,17315535000.0,3186261.0,7.0279387544862475,1127.703738611373,1127.703738611373,6.959726136297668,1053.345044763783
2020,9027,2.14,1470.81,CALIFORNIA,37.0,65000.0,20.95,0.2606758244725627,-0.1,71.0,19167.04,252885765.0,8.9,1.07,25419.0,17315535000.0,3186261.0,7.048290928451721,1150.8901074554117,1150.8901074554117,6.884527375171355,977.0397873067411
2020,2,,,,,,,,,,,,,,,,,6.942156705699469,1035.0,1035.0,6.767632720813786,869.2516949746677
2020,1608,2.14,1470.81,CALIFORNIA,37.0,65000.0,20.95,0.2606758244725627,-0.1,71.0,19167.04,252885765.0,8.9,1.07,25419.0,17315535000.0,3186261.0,7.479151791777698,1770.738184079602,1770.738184079602,6.937670225216392,1030.366893642097
2020,3343,2.14,1470.81,CALIFORNIA,37.0,65000.0,20.95,0.2606758244725627,-0.1,71.0,19167.04,252885765.0,8.9,1.07,25419.0,17315535000.0,3186261.0,7.968844604845118,2889.5169009871374,2889.5169009871374,6.9680157383429355,1062.113147833679
2020,7316,2.14,1470.81,CALIFORNIA,37.0,65000.0,20.95,0.2606758244725627,-0.1,71.0,19167.04,252885765.0,8.9,1.07,25419.0,17315535000.0,3186261.0,7.034910334101464,1135.593083652269,1135.593083652269,6.90391248409725,996.1645792026509
2020,5599,2.14,1470.81,CALIFORNIA,37.0,65000.0,20.95,0.2606758244725627,-0.1,71.0,19167.04,252885765.0,8.9,1.07,25419.0,17315535000.0,3186261.0,6.974784945843571,1069.3272012859438,1069.3272012859438,6.937274138248582,1029.9588595572886
2020,5536,2.14,1470.81,CALIFORNIA,37.0,65000.0,20.95,0.2606758244725627,-0.1,71.0,19167.04,252885765.0,8.9,1.07,25419.0,17315535000.0,3186261.0,7.621866414248253,2042.3704841040465,2042.3704841040465,6.9394635410453285,1032.2163247134404
2020,10963,2.14,1470.81,CALIFORNIA,37.0,65000.0,20.95,0.2606758244725627,-0.1,71.0,19167.04,252885765.0,8.9,1.07,25419.0,17315535000.0,3186261.0,7.197249354663885,1335.7515278664598,1335.7515278664598,6.909880635282808,1002.1276164713123
2020,2,,,,,,,,,,,,,,,,,6.4457198193855785,630.0,630.0,6.767632720813786,869.2516949746677
2020,2,,,,,,,,,,,,,,,,,6.626055278207904,754.5,754.5,6.767632720813786,869.2516949746677
2020,1,,,,,,,,,,,,,,,,,6.884486652042782,977.0,977.0,6.848493256606864,942.4597912485415
2020,42,2.14,1470.81,CALIFORNIA,37.0,65000.0,20.95,0.2606758244725627,-0.1,71.0,19167.04,252885765.0,8.9,1.07,25419.0,17315535000.0,3186261.0,6.777049821611438,877.4761904761905,877.4761904761905,7.036779678571791,1137.7178836765734
2020,1,,,,,,,,,,,,,,,,,6.29156913955832,540.0,540.0,6.848493256606864,942.4597912485415
2020,12069,2.14,1470.81,CALIFORNIA,37.0,65000.0,20.95,0.2606758244725627,-0.1,71.0,19167.04,252885765.0,8.9,1.07,25419.0,17315535000.0,3186261.0,7.071617956832276,1178.052531278482,1178.052531278482,6.910905836873801,1003.155526115367
2020,8681,2.14,1470.81,CALIFORNIA,37.0,65000.0,20.95,0.2606758244725627,-0.1,71.0,19167.04,252885765.0,8.9,1.07,25419.0,17315535000.0,3186261.0,6.868481206497197,961.48715585762,961.48715585762,6.879591253015433,972.2288829394755
2020,6254,2.14,1470.81,CALIFORNIA,37.0,65000.0,20.95,0.2606758244725627,-0.1,71.0,19167.04,252885765.0,8.9,1.07,25419.0,17315535000.0,3186261.0,7.384043484053254,1610.0869843300288,1610.0869843300288,6.963764180166453,1057.6070976504234
2020,6383,2.14,1470.81,CALIFORNIA,37.0,65000.0,20.95,0.2606758244725627,-0.1,71.0,19167.04,252885765.0,8.9,1.07,25419.0,17315535000.0,3186261.0,7.255332564628987,1415.6337145542848,1415.6337145542848,6.957211081119486,1050.6991525317337
2020,6904,2.14,1470.81,CALIFORNIA,37.0,65000.0,20.95,0.2606758244725627,-0.1,71.0,19167.04,252885765.0,8.9,1.07,25419.0,17315535000.0,3186261.0,7.996070186914409,2969.266367323291,2969.266367323291,6.955686490967157,1049.0984874398864
2020,1,2.14,1470.81,CALIFORNIA,37.0,65000.0,20.95,0.2606758244725627,-0.1,71.0,19167.04,252885765.0,8.9,1.07,25419.0,17315535000.0,3186261.0,7.612336837167746,2023.0,2023.0,7.044725664931853,1146.7941867968157
2020,5415,2.14,1470.81,CALIFORNIA,37.0,65000.0,20.95,0.2606758244725627,-0.1,71.0,19167.04,252885765.0,8.9,1.07,25419.0,17315535000.0,3186261.0,7.5869839769664456,1972.3558633425669,1972.3558633425669,6.937304787105901,1029.9904271031717
2020,1,2.14,1470.81,CALIFORNIA,37.0,65000.0,20.95,0.2606758244725627,-0.1,71.0,19167.04,252885765.0,8.9,1.07,25419.0,17315535000.0,3186261.0,7.362645270417825,1576.0,1576.0,7.044725664931853,1146.7941867968157
2020,646,2.14,1470.81,CALIFORNIA,37.0,65000.0,20.95,0.2606758244725627,-0.1,71.0,19167.04,252885765.0,8.9,1.07,25419.0,17315535000.0,3186261.0,6.673082674508046,790.8297213622291,790.8297213622291,7.023922450006665,1123.1836201963204
2020,6033,2.14,1470.81,CALIFORNIA,37.0,65000.0,20.95,0.2606758244725627,-0.1,71.0,19167.04,252885765.0,8.9,1.07,25419.0,17315535000.0,3186261.0,7.289310533426939,1464.5605834576495,1464.5605834576495,6.955971323430951,1049.3973473073027
2020,2761,2.14,1470.81,CALIFORNIA,37.0,65000.0,20.95,0.2606758244725627,-0.1,71.0,19167.04,252885765.0,8.9,1.07,25419.0,17315535000.0,3186261.0,8.430262150997372,4583.701557406736,4583.701557406736,6.902671688209252,994.9293088067033
2020,1,2.14,1470.81,CALIFORNIA,37.0,65000.0,20.95,0.2606758244725627,-0.1,71.0,19167.04,252885765.0,8.9,1.07,25419.0,17315535000.0,3186261.0,8.552620886104929,7883.0,5180.313662906439,7.044725664931853,1146.7941867968157
2020,6124,2.14,1470.81,CALIFORNIA,37.0,65000.0,20.95,0.2606758244725627,-0.1,71.0,19167.04,252885765.0,8.9,1.07,25419.0,17315535000.0,3186261.0,7.882360269984726,2650.120182887002,2650.120182887002,6.962987720614372,1056.7862272446791
2020,1118,2.14,1470.81,CALIFORNIA,37.0,65000.0,20.95,0.2606758244725627,-0.1,71.0,19167.04,252885765.0,8.9,1.07,25419.0,17315535000.0,3186261.0,7.959180322055751,2861.726296958855,2861.726296958855,6.991101931036211,1086.918525789139
2020,899,2.14,1470.81,CALIFORNIA,37.0,65000.0,20.95,0.2606758244725627,-0.1,71.0,19167.04,252885765.0,8.9,1.07,25419.0,17315535000.0,3186261.0,7.731775078823707,2279.6451612903224,2279.6451612903224,7.034115667421728,1134.6910241327435
2020,3540,2.14,1470.81,CALIFORNIA,37.0,65000.0,20.95,0.2606758244725627,-0.1,71.0,19167.04,252885765.0,8.9,1.07,25419.0,17315535000.0,3186261.0,7.760861179470188,2346.9248587570623,2346.9248587570623,6.978368001987645,1073.165533057187
2020,2,,,,,,,,,,,,,,,,,6.953684210870537,1047.0,1047.0,6.767632720813786,869.2516949746677
2020,1,,,,,,,,,,,,,,,,,7.5256399750415355,1855.0,1855.0,6.848493256606864,942.4597912485415
2020,6,,,,,,,,,,,,,,,,,7.476472381163905,1766.0,1766.0,7.0019958787966745,1098.824090987712
2020,1,,,,,,,,,,,,,,,,,6.825460036255307,921.0,921.0,6.848493256606864,942.4597912485415
2020,1,,,,,,,,,,,,,,,,,6.535241271013659,689.0,689.0,6.848493256606864,942.4597912485415
2020,6216,2.14,1470.81,CALIFORNIA,37.0,65000.0,20.95,0.2606758244725627,-0.1,71.0,19167.04,252885765.0,8.9,1.07,25419.0,17315535000.0,3186261.0,7.392127612212619,1623.155888030888,1623.155888030888,6.967225039663662,1061.2736683018632
2020,7043,2.14,1470.81,CALIFORNIA,37.0,65000.0,20.95,0.2606758244725627,-0.1,71.0,19167.04,252885765.0,8.9,1.07,25419.0,17315535000.0,3186261.0,7.518379722109536,1841.581002413744,1841.581002413744,6.936620696328294,1029.2860611035787
2020,6232,2.14,1470.81,CALIFORNIA,37.0,65000.0,20.95,0.2606758244725627,-0.1,71.0,19167.04,252885765.0,8.9,1.07,25419.0,17315535000.0,3186261.0,7.661613764907892,2125.184210526316,2125.184210526316,6.966224705039499,1060.212570320758
2020,448,2.14,1470.81,CALIFORNIA,37.0,65000.0,20.95,0.2606758244725627,-0.1,71.0,19167.04,252885765.0,8.9,1.07,25419.0,17315535000.0,3186261.0,7.462096979254052,1740.794642857143,1740.794642857143,7.026206688420904,1125.7521718431499
2020,12830,2.14,1470.81,CALIFORNIA,37.0,65000.0,20.95,0.2606758244725627,-0.1,71.0,19167.04,252885765.0,8.9,1.07,25419.0,17315535000.0,3186261.0,7.536672791717666,1875.579189399844,1875.579189399844,6.910905836873801,1003.155526115367
2020,36,2.14,1470.81,CALIFORNIA,37.0,65000.0,20.95,0.2606758244725627,-0.1,71.0,19167.04,252885765.0,8.9,1.07,25419.0,17315535000.0,3186261.0,7.660323743258464,2122.4444444444443,2122.4444444444443,7.038714046742045,1139.9207788557485
2020,8245,2.14,1470.81,CALIFORNIA,37.0,65000.0,20.95,0.2606758244725627,-0.1,71.0,19167.04,252885765.0,8.9,1.07,25419.0,17315535000.0,3186261.0,7.742527616145315,2304.28938750758,2304.28938750758,6.903667872516255,995.9209356102378
2020,11789,2.14,1470.81,CALIFORNIA,37.0,65000.0,20.95,0.2606758244725627,-0.1,71.0,19167.04,252885765.0,8.9,1.07,25419.0,17315535000.0,3186261.0,6.743004864451614,848.1053524471965,848.1053524471965,6.910905836873801,1003.155526115367
2020,2,,,,,,,,,,,,,,,,,6.936828526467844,1029.5,1029.5,6.767632720813786,869.2516949746677
2020,1,,,,,,,,,,,,,,,,,6.943122422819428,1036.0,1036.0,6.848493256606864,942.4597912485415
2020,6871,2.14,1470.81,CALIFORNIA,37.0,65000.0,20.95,0.2606758244725627,-0.1,71.0,19167.04,252885765.0,8.9,1.07,25419.0,17315535000.0,3186261.0,7.296295054336741,1474.825644011061,1474.825644011061,6.956143517639777,1049.5780630119186
2020,10493,2.14,1470.81,CALIFORNIA,37.0,65000.0,20.95,0.2606758244725627,-0.1,71.0,19167.04,252885765.0,8.9,1.07,25419.0,17315535000.0,3186261.0,7.220183633672556,1366.7400171542934,1366.7400171542934,6.902699593907791,994.9570733914553
2020,11310,2.14,1470.81,CALIFORNIA,37.0,65000.0,20.95,0.2606758244725627,-0.1,71.0,19167.04,252885765.0,8.9,1.07,25419.0,17315535000.0,3186261.0,7.34202486817993,1543.8350132625994,1543.8350132625994,6.910999949757751,1003.2499404177115
2020,6814,2.14,1470.81,CALIFORNIA,37.0,65000.0,20.95,0.2606758244725627,-0.1,71.0,19167.04,252885765.0,8.9,1.07,25419.0,17315535000.0,3186261.0,7.401155284931739,1637.8755503375403,1637.8755503375403,6.955097805826023,1048.481080495722
2020,2204,2.14,1470.81,CALIFORNIA,37.0,65000.0,20.95,0.2606758244725627,-0.1,71.0,19167.04,252885765.0,8.9,1.07,25419.0,17315535000.0,3186261.0,6.643721200097582,767.9473684210526,767.9473684210526,6.9013792935212654,993.644298002509
2020,4227,2.14,1470.81,CALIFORNIA,37.0,65000.0,20.95,0.2606758244725627,-0.1,71.0,19167.04,252885765.0,8.9,1.07,25419.0,17315535000.0,3186261.0,6.511510836883661,672.8422048734327,672.8422048734327,6.875327771507321,968.0926267667496
2020,7097,2.14,1470.81,CALIFORNIA,37.0,65000.0,20.95,0.2606758244725627,-0.1,71.0,19167.04,252885765.0,8.9,1.07,25419.0,17315535000.0,3186261.0,6.686423000230239,801.4503311258278,801.4503311258278,6.909655669979223,1001.9021978844731
2020,8721,2.14,1470.81,CALIFORNIA,37.0,65000.0,20.95,0.2606758244725627,-0.1,71.0,19167.04,252885765.0,8.9,1.07,25419.0,17315535000.0,3186261.0,7.401895726936112,1639.0887512899897,1639.0887512899897,6.883841109497764,976.3695084599685
2020,4491,2.14,1470.81,CALIFORNIA,37.0,65000.0,20.95,0.2606758244725627,-0.1,71.0,19167.04,252885765.0,8.9,1.07,25419.0,17315535000.0,3186261.0,6.842846526770182,937.1529726118904,937.1529726118904,6.864821420167984,957.9747495576188
2020,5247,2.14,1470.81,CALIFORNIA,37.0,65000.0,20.95,0.2606758244725627,-0.1,71.0,19167.04,252885765.0,8.9,1.07,25419.0,17315535000.0,3186261.0,6.6418313416215655,766.4974271012007,766.4974271012007,6.911190259235529,1003.4408865588075
2020,11073,2.14,1470.81,CALIFORNIA,37.0,65000.0,20.95,0.2606758244725627,-0.1,71.0,19167.04,252885765.0,8.9,1.07,25419.0,17315535000.0,3186261.0,7.029140836691519,1129.0601463018152,1129.0601463018152,6.910111496646575,1002.3589957267571
2020,6,,,,,,,,,,,,,,,,,6.656726524178391,778.0,778.0,7.0019958787966745,1098.824090987712
2020,1,,,,,,,,,,,,,,,,,6.928537818164665,1021.0,1021.0,6.848493256606864,942.4597912485415
2020,5565,2.14,1470.81,CALIFORNIA,37.0,65000.0,20.95,0.2606758244725627,-0.1,71.0,19167.04,252885765.0,8.9,1.07,25419.0,17315535000.0,3186261.0,6.9260293351943725,1018.4420485175202,1018.4420485175202,6.938056608895646,1030.7650875162976
2020,3834,2.14,1470.81,CALIFORNIA,37.0,65000.0,20.95,0.2606758244725627,-0.1,71.0,19167.04,252885765.0,8.9,1.07,25419.0,17315535000.0,3186261.0,7.3029763024366945,1484.7123109024517,1484.7123109024517,6.957429266761294,1050.928425011748
2020,4360,2.14,1470.81,CALIFORNIA,37.0,65000.0,20.95,0.2606758244725627,-0.1,71.0,19167.04,252885765.0,8.9,1.07,25419.0,17315535000.0,3186261.0,6.6717115025600755,789.7461009174312,789.7461009174312,6.874233581127036,967.0339284417055
2020,3057,2.14,1470.81,CALIFORNIA,37.0,65000.0,20.95,0.2606758244725627,-0.1,71.0,19167.04,252885765.0,8.9,1.07,25419.0,17315535000.0,3186261.0,6.7251404505327095,833.0889761203795,833.0889761203795,6.929042429303912,1021.5153379848797
2020,8621,2.14,1470.81,CALIFORNIA,37.0,65000.0,20.95,0.2606758244725627,-0.1,71.0,19167.04,252885765.0,8.9,1.07,25419.0,17315535000.0,3186261.0,6.698143182750279,810.8987356455168,810.8987356455168,6.879407143417821,972.049902747542
2020,5871,2.14,1470.81,CALIFORNIA,37.0,65000.0,20.95,0.2606758244725627,-0.1,71.0,19167.04,252885765.0,8.9,1.07,25419.0,17315535000.0,3186261.0,6.67119259151391,789.3363992505535,789.3363992505535,6.931970973842487,1024.5112758765913
2020,4145,2.14,1470.81,CALIFORNIA,37.0,65000.0,20.95,0.2606758244725627,-0.1,71.0,19167.04,252885765.0,8.9,1.07,25419.0,17315535000.0,3186261.0,6.847911534348905,941.9117008443908,941.9117008443908,6.88808451670325,980.5214448155551
2020,8058,2.14,1470.81,CALIFORNIA,37.0,65000.0,20.95,0.2606758244725627,-0.1,71.0,19167.04,252885765.0,8.9,1.07,25419.0,17315535000.0,3186261.0,7.311445585627085,1497.3401588483496,1497.3401588483496,6.904866499198911,997.1153887261571
2020,4165,2.14,1470.81,CALIFORNIA,37.0,65000.0,20.95,0.2606758244725627,-0.1,71.0,19167.04,252885765.0,8.9,1.07,25419.0,17315535000.0,3186261.0,7.418536724101197,1666.593037214886,1666.593037214886,6.8814221717378405,974.0105855823499
2020,1,2.14,1470.81,CALIFORNIA,37.0,65000.0,20.95,0.2606758244725627,-0.1,71.0,19167.04,252885765.0,8.9,1.07,25419.0,17315535000.0,3186261.0,7.508238774678663,1823.0,1823.0,7.044725664931853,1146.7941867968157
2020,1,2.14,1470.81,CALIFORNIA,37.0,65000.0,20.95,0.2606758244725627,-0.1,71.0,19167.04,252885765.0,8.9,1.07,25419.0,17315535000.0,3186261.0,7.142036574706803,1264.0,1264.0,7.044725664931853,1146.7941867968157
2020,7192,2.14,1470.81,CALIFORNIA,37.0,65000.0,20.95,0.2606758244725627,-0.1,71.0,19167.04,252885765.0,8.9,1.07,25419.0,17315535000.0,3186261.0,7.06850699855129,1174.3933537263626,1174.3933537263626,6.90429562767868,996.5463263945431
2020,1250,2.14,1470.81,CALIFORNIA,37.0,65000.0,20.95,0.2606758244725627,-0.1,71.0,19167.04,252885765.0,8.9,1.07,25419.0,17315535000.0,3186261.0,7.154765345664788,1280.192,1280.192,6.971488464068666,1065.8079873546674
2020,4162,2.14,1470.81,CALIFORNIA,37.0,65000.0,20.95,0.2606758244725627,-0.1,71.0,19167.04,252885765.0,8.9,1.07,25419.0,17315535000.0,3186261.0,7.021891971668641,1120.905333974051,1120.905333974051,6.881936119876221,974.5113051705007
2020,2679,2.14,1470.81,CALIFORNIA,37.0,65000.0,20.95,0.2606758244725627,-0.1,71.0,19167.04,252885765.0,8.9,1.07,25419.0,17315535000.0,3186261.0,6.716604715383677,826.0082120194103,826.0082120194103,6.898002398203582,990.2945243259031
2020,8129,2.14,1470.81,CALIFORNIA,37.0,65000.0,20.95,0.2606758244725627,-0.1,71.0,19167.04,252885765.0,8.9,1.07,25419.0,17315535000.0,3186261.0,6.872553914981156,965.4109976626892,965.4109976626892,6.904584091466404,996.8338353884704
2020,5433,2.14,1470.81,CALIFORNIA,37.0,65000.0,20.95,0.2606758244725627,-0.1,71.0,19167.04,252885765.0,8.9,1.07,25419.0,17315535000.0,3186261.0,7.235425248882133,1387.7309037364255,1387.7309037364255,6.937304787105901,1029.9904271031717
2020,6507,2.14,1470.81,CALIFORNIA,37.0,65000.0,20.95,0.2606758244725627,-0.1,71.0,19167.04,252885765.0,8.9,1.07,25419.0,17315535000.0,3186261.0,6.644644616465366,768.6568311049639,768.6568311049639,6.95085896587245,1044.0461431364763
2020,4194,2.14,1470.81,CALIFORNIA,37.0,65000.0,20.95,0.2606758244725627,-0.1,71.0,19167.04,252885765.0,8.9,1.07,25419.0,17315535000.0,3186261.0,6.714288004755956,824.0968049594659,824.0968049594659,6.875876901323008,968.6243812802212
2020,4119,2.14,1470.81,CALIFORNIA,37.0,65000.0,20.95,0.2606758244725627,-0.1,71.0,19167.04,252885765.0,8.9,1.07,25419.0,17315535000.0,3186261.0,6.555044651396828,702.7805292546734,702.7805292546734,6.915289228376902,1007.5624009976034
2020,1819,2.14,1470.81,CALIFORNIA,37.0,65000.0,20.95,0.2606758244725627,-0.1,71.0,19167.04,252885765.0,8.9,1.07,25419.0,17315535000.0,3186261.0,6.664054844029319,783.7223749312809,783.7223749312809,6.920029815713776,1012.3501780280912
2020,4311,2.14,1470.81,CALIFORNIA,37.0,65000.0,20.95,0.2606758244725627,-0.1,71.0,19167.04,252885765.0,8.9,1.07,25419.0,17315535000.0,3186261.0,6.746617904556009,851.1751333797263,851.1751333797263,6.876025526339731,968.7683537937809
2020,1,2.14,1470.81,CALIFORNIA,37.0,65000.0,20.95,0.2606758244725627,-0.1,71.0,19167.04,252885765.0,8.9,1.07,25419.0,17315535000.0,3186261.0,7.017506142941256,1116.0,1116.0,7.044725664931853,1146.7941867968157
2020,5578,4.06,1024.07,CALIFORNIA,10.0,0.0,29.33,0.679082849306029,-0.52,1446.0,62549.7,89428650.0,10.1,1.175,32367.0,12142435000.0,2424663.0,7.2036889339817725,1344.3809609178918,1344.3809609178918,6.828718044844618,924.0055192559947
2020,1880,2.14,1470.81,CALIFORNIA,37.0,65000.0,20.95,0.2606758244725627,-0.1,71.0,19167.04,252885765.0,8.9,1.07,25419.0,17315535000.0,3186261.0,7.70692918940015,2223.703191489362,2223.703191489362,6.921267108169179,1013.6035264849907
2020,2,2.14,1470.81,CALIFORNIA,37.0,65000.0,20.95,0.2606758244725627,-0.1,71.0,19167.04,252885765.0,8.9,1.07,25419.0,17315535000.0,3186261.0,7.271008538280992,1438.0,1438.0,7.0302189202002365,1130.278023794756
2020,3400,2.14,1470.81,CALIFORNIA,37.0,65000.0,20.95,0.2606758244725627,-0.1,71.0,19167.04,252885765.0,8.9,1.07,25419.0,17315535000.0,3186261.0,6.89547637734644,987.7961764705882,987.7961764705882,6.975406871369168,1069.9924500137784
2020,1704,2.14,1470.81,CALIFORNIA,37.0,65000.0,20.95,0.2606758244725627,-0.1,71.0,19167.04,252885765.0,8.9,1.07,25419.0,17315535000.0,3186261.0,6.863908860255748,957.100938967136,957.100938967136,6.917738056144675,1010.0327713041142
2020,8104,2.14,1470.81,CALIFORNIA,37.0,65000.0,20.95,0.2606758244725627,-0.1,71.0,19167.04,252885765.0,8.9,1.07,25419.0,17315535000.0,3186261.0,7.185558539802558,1320.2264313919052,1320.2264313919052,6.905250448287603,997.4983037762179
2020,1648,2.14,1470.81,CALIFORNIA,37.0,65000.0,20.95,0.2606758244725627,-0.1,71.0,19167.04,252885765.0,8.9,1.07,25419.0,17315535000.0,3186261.0,6.733252348756212,839.8743932038835,839.8743932038835,6.928363744276287,1020.8222860280952
2020,6967,2.14,1470.81,CALIFORNIA,37.0,65000.0,20.95,0.2606758244725627,-0.1,71.0,19167.04,252885765.0,8.9,1.07,25419.0,17315535000.0,3186261.0,7.316326318937085,1504.6661403760586,1504.6661403760586,6.9486864082086255,1041.780354855877
2020,8867,2.14,1470.81,CALIFORNIA,37.0,65000.0,20.95,0.2606758244725627,-0.1,71.0,19167.04,252885765.0,8.9,1.07,25419.0,17315535000.0,3186261.0,7.032146359532129,1132.4586669674072,1132.4586669674072,6.882943291719316,975.4932999535838
2020,268,4.06,1024.07,CALIFORNIA,10.0,0.0,29.33,0.679082849306029,-0.52,1446.0,62549.7,89428650.0,10.1,1.175,32367.0,12142435000.0,2424663.0,6.977448402747661,1072.179104477612,1072.179104477612,6.955313221912394,1048.706964515368
2020,6480,4.06,1024.07,CALIFORNIA,10.0,0.0,29.33,0.679082849306029,-0.52,1446.0,62549.7,89428650.0,10.1,1.175,32367.0,12142435000.0,2424663.0,7.057196739674201,1161.1854938271606,1161.1854938271606,6.841588058588188,935.9743372073295
2020,14081,4.06,1024.07,CALIFORNIA,10.0,0.0,29.33,0.679082849306029,-0.52,1446.0,62549.7,89428650.0,10.1,1.175,32367.0,12142435000.0,2424663.0,7.133037866117141,1252.6766564874654,1252.6766564874654,6.849335150834835,943.2535768017409
2020,6674,4.06,1024.07,CALIFORNIA,10.0,0.0,29.33,0.679082849306029,-0.52,1446.0,62549.7,89428650.0,10.1,1.175,32367.0,12142435000.0,2424663.0,7.319587348901459,1509.5809109979025,1509.5809109979025,6.8449804618086425,939.1549314419011
2020,11363,4.06,1024.07,CALIFORNIA,10.0,0.0,29.33,0.679082849306029,-0.52,1446.0,62549.7,89428650.0,10.1,1.175,32367.0,12142435000.0,2424663.0,7.15974571836324,1286.5837366892547,1286.5837366892547,6.844947563767273,939.1240355923236
2020,8367,4.06,1024.07,CALIFORNIA,10.0,0.0,29.33,0.679082849306029,-0.52,1446.0,62549.7,89428650.0,10.1,1.175,32367.0,12142435000.0,2424663.0,7.183057432042822,1316.9285287438747,1316.9285287438747,6.786378350970697,885.7000515080264
2020,1,2.14,1470.81,CALIFORNIA,37.0,65000.0,20.95,0.2606758244725627,-0.1,71.0,19167.04,252885765.0,8.9,1.07,25419.0,17315535000.0,3186261.0,7.052721049232323,1156.0,1156.0,7.044725664931853,1146.7941867968157
2020,12123,2.14,1470.81,CALIFORNIA,37.0,65000.0,20.95,0.2606758244725627,-0.1,71.0,19167.04,252885765.0,8.9,1.07,25419.0,17315535000.0,3186261.0,7.3125064475646155,1498.9294729027467,1498.9294729027467,6.910905836873801,1003.155526115367
2020,5048,2.14,1470.81,CALIFORNIA,37.0,65000.0,20.95,0.2606758244725627,-0.1,71.0,19167.04,252885765.0,8.9,1.07,25419.0,17315535000.0,3186261.0,7.489068093000617,1788.38470681458,1788.38470681458,6.907027787966871,999.272773542164
2020,4770,2.24,1543.42,CALIFORNIA,0.0,0.0,0.0,0.2644464293358305,-0.28,110.0,3405.39,51241052.0,8.7,1.103,7880.0,4481700000.0,843808.0,7.071381854771276,1177.774423480084,1177.774423480084,6.909696488336543,1001.9430947210512
2020,8590,2.24,1543.42,CALIFORNIA,0.0,0.0,0.0,0.2644464293358305,-0.28,110.0,3405.39,51241052.0,8.7,1.103,7880.0,4481700000.0,843808.0,6.924793697671088,1017.1844004656576,1017.1844004656576,6.8837701645298806,976.3002424136162
2020,6323,2.24,1543.42,CALIFORNIA,0.0,0.0,0.0,0.2644464293358305,-0.28,110.0,3405.39,51241052.0,8.7,1.103,7880.0,4481700000.0,843808.0,6.862933586163561,956.1679582476672,956.1679582476672,6.899799711058091,992.0759938537036
2020,9681,2.24,1543.42,CALIFORNIA,0.0,0.0,0.0,0.2644464293358305,-0.28,110.0,3405.39,51241052.0,8.7,1.103,7880.0,4481700000.0,843808.0,7.098994364146864,1210.748889577523,1210.748889577523,6.884988066728813,977.4900049858329
2020,2,2.24,1543.42,CALIFORNIA,0.0,0.0,0.0,0.2644464293358305,-0.28,110.0,3405.39,51241052.0,8.7,1.103,7880.0,4481700000.0,843808.0,7.30081036701362,1481.5,1481.5,7.039563644695025,1140.8896647394758
2020,7062,2.24,1543.42,CALIFORNIA,0.0,0.0,0.0,0.2644464293358305,-0.28,110.0,3405.39,51241052.0,8.7,1.103,7880.0,4481700000.0,843808.0,7.285793692430289,1459.4190031152648,1459.4190031152648,6.895935262854964,988.2495658402961
2020,2195,1.77,1663.19,CALIFORNIA,0.0,0.0,0.0,0.2944086781339147,-0.32,89.0,2793.2200000000003,29567144.0,8.1,1.074,3276.0,1993900000.0,448083.0,7.446508014243338,1713.867881548975,1713.867881548975,6.993053254182977,1089.0415257229765
2020,2810,2.24,1543.42,CALIFORNIA,0.0,0.0,0.0,0.2644464293358305,-0.28,110.0,3405.39,51241052.0,8.7,1.103,7880.0,4481700000.0,843808.0,6.850190628148848,944.0608540925268,944.0608540925268,6.94999661279309,1043.1461948223193
2020,8076,2.24,1543.42,CALIFORNIA,0.0,0.0,0.0,0.2644464293358305,-0.28,110.0,3405.39,51241052.0,8.7,1.103,7880.0,4481700000.0,843808.0,7.206993647855938,1348.831104507182,1348.831104507182,6.89153344244081,983.909028867755
2020,1504,2.24,1543.42,CALIFORNIA,0.0,0.0,0.0,0.2644464293358305,-0.28,110.0,3405.39,51241052.0,8.7,1.103,7880.0,4481700000.0,843808.0,7.037416075478089,1138.442154255319,1138.442154255319,6.945974114817644,1038.95856936949
2020,4567,2.24,1543.42,CALIFORNIA,0.0,0.0,0.0,0.2644464293358305,-0.28,110.0,3405.39,51241052.0,8.7,1.103,7880.0,4481700000.0,843808.0,7.299043734799756,1478.8850448872345,1478.8850448872345,6.914843558903117,1007.113461239349
2020,7043,2.24,1543.42,CALIFORNIA,0.0,0.0,0.0,0.2644464293358305,-0.28,110.0,3405.39,51241052.0,8.7,1.103,7880.0,4481700000.0,843808.0,6.889843148108803,982.2473377821952,982.2473377821952,6.896403679134397,988.71258645981
2020,7841,2.24,1543.42,CALIFORNIA,0.0,0.0,0.0,0.2644464293358305,-0.28,110.0,3405.39,51241052.0,8.7,1.103,7880.0,4481700000.0,843808.0,6.7163903264569225,825.8311439867364,825.8311439867364,6.891577563874186,983.9524413021227
2020,5866,2.24,1543.42,CALIFORNIA,0.0,0.0,0.0,0.2644464293358305,-0.28,110.0,3405.39,51241052.0,8.7,1.103,7880.0,4481700000.0,843808.0,7.0977703434733295,1209.267814524378,1209.267814524378,6.898083872818297,990.37521147766
2020,5163,2.24,1543.42,CALIFORNIA,0.0,0.0,0.0,0.2644464293358305,-0.28,110.0,3405.39,51241052.0,8.7,1.103,7880.0,4481700000.0,843808.0,6.877010893331037,969.7234166182452,969.7234166182452,6.9073529497537045,999.5977516951185
2020,261,2.24,1543.42,CALIFORNIA,0.0,0.0,0.0,0.2644464293358305,-0.28,110.0,3405.39,51241052.0,8.7,1.103,7880.0,4481700000.0,843808.0,6.933288580987302,1025.8620689655172,1025.8620689655172,7.008822351900244,1106.3508454545217
2020,2153,2.24,1543.42,CALIFORNIA,0.0,0.0,0.0,0.2644464293358305,-0.28,110.0,3405.39,51241052.0,8.7,1.103,7880.0,4481700000.0,843808.0,6.672937954807997,790.7152810032512,790.7152810032512,6.945260493228773,1038.2174105893516
2020,4005,2.24,1543.42,CALIFORNIA,0.0,0.0,0.0,0.2644464293358305,-0.28,110.0,3405.39,51241052.0,8.7,1.103,7880.0,4481700000.0,843808.0,6.837906235841367,932.534581772784,932.534581772784,6.926632775251599,1019.0568027105569
2020,11780,2.24,1543.42,CALIFORNIA,0.0,0.0,0.0,0.2644464293358305,-0.28,110.0,3405.39,51241052.0,8.7,1.103,7880.0,4481700000.0,843808.0,7.104840545362174,1217.8478777589137,1217.8478777589137,6.885950871954483,978.4315906797502
2020,15493,2.24,1543.42,CALIFORNIA,0.0,0.0,0.0,0.2644464293358305,-0.28,110.0,3405.39,51241052.0,8.7,1.103,7880.0,4481700000.0,843808.0,7.1544939237357505,1279.844574969341,1279.844574969341,6.886341397590644,978.8137679192878
2020,598,2.24,1543.42,CALIFORNIA,0.0,0.0,0.0,0.2644464293358305,-0.28,110.0,3405.39,51241052.0,8.7,1.103,7880.0,4481700000.0,843808.0,7.676195288481898,2156.3996655518395,2156.3996655518395,7.002091416922649,1098.9290755970776
2020,232,1.77,1663.19,CALIFORNIA,0.0,0.0,0.0,0.2944086781339147,-0.32,89.0,2793.2200000000003,29567144.0,8.1,1.074,3276.0,1993900000.0,448083.0,7.692445757307933,2191.728448275862,2191.728448275862,6.996668290338724,1092.9855748584596
2020,2298,1.77,1663.19,CALIFORNIA,0.0,0.0,0.0,0.2944086781339147,-0.32,89.0,2793.2200000000003,29567144.0,8.1,1.074,3276.0,1993900000.0,448083.0,7.098602184362092,1210.2741514360314,1210.2741514360314,6.9974069657074995,1093.7932346435045
2020,1,1.77,1663.19,CALIFORNIA,0.0,0.0,0.0,0.2944086781339147,-0.32,89.0,2793.2200000000003,29567144.0,8.1,1.074,3276.0,1993900000.0,448083.0,7.380879035564116,1605.0,1605.0,7.05705312141991,1161.0187383684795
2020,2548,1.77,1663.19,CALIFORNIA,0.0,0.0,0.0,0.2944086781339147,-0.32,89.0,2793.2200000000003,29567144.0,8.1,1.074,3276.0,1993900000.0,448083.0,7.517581851404379,1840.1122448979593,1840.1122448979593,7.00000598889069,1096.639726064238
2020,4861,1.77,1663.19,CALIFORNIA,0.0,0.0,0.0,0.2944086781339147,-0.32,89.0,2793.2200000000003,29567144.0,8.1,1.074,3276.0,1993900000.0,448083.0,7.3743555456952254,1594.5638757457314,1594.5638757457314,6.908383766525798,1000.628685083339
2020,2,1.77,1663.19,CALIFORNIA,0.0,0.0,0.0,0.2944086781339147,-0.32,89.0,2793.2200000000003,29567144.0,8.1,1.074,3276.0,1993900000.0,448083.0,7.853216388156072,2574.0,2574.0,7.0520966734389505,1155.278446866458
2020,3110,1.77,1663.19,CALIFORNIA,0.0,0.0,0.0,0.2944086781339147,-0.32,89.0,2793.2200000000003,29567144.0,8.1,1.074,3276.0,1993900000.0,448083.0,8.492824458846954,4879.628938906752,4879.628938906752,7.006374266740954,1103.6457169123285
2020,2526,1.77,1663.19,CALIFORNIA,0.0,0.0,0.0,0.2944086781339147,-0.32,89.0,2793.2200000000003,29567144.0,8.1,1.074,3276.0,1993900000.0,448083.0,7.305399703001649,1488.3147268408552,1488.3147268408552,6.998081879658774,1094.5317001296735
2020,2586,1.77,1663.19,CALIFORNIA,0.0,0.0,0.0,0.2944086781339147,-0.32,89.0,2793.2200000000003,29567144.0,8.1,1.074,3276.0,1993900000.0,448083.0,7.724725480148086,2263.631090487239,2263.631090487239,7.00088480886645,1097.6038985666887
2020,3945,1.77,1663.19,CALIFORNIA,0.0,0.0,0.0,0.2944086781339147,-0.32,89.0,2793.2200000000003,29567144.0,8.1,1.074,3276.0,1993900000.0,448083.0,7.197990742746341,1336.742205323194,1336.742205323194,6.942897186363291,1035.766681308366
2020,4676,1.77,1663.19,CALIFORNIA,0.0,0.0,0.0,0.2944086781339147,-0.32,89.0,2793.2200000000003,29567144.0,8.1,1.074,3276.0,1993900000.0,448083.0,7.1119524693191805,1226.53999144568,1226.53999144568,6.91316969436911,1005.4290998245499
2020,49,4.82,724.38,CALIFORNIA,1.0,0.0,2.0,0.2934316496095483,-1.87,139.0,11909.09,18062395.0,13.4,1.112,4742.0,1121730000.0,473944.0,6.715482330109961,825.0816326530612,825.0816326530612,6.8028883778005005,900.4443626914767
2020,720,5.14,750.2,CALIFORNIA,0.0,0.0,0.0,0.5544446494549332,-2.67,1.0,2000.0,6531692.0,11.8,1.096,1518.0,385410000.0,152797.0,6.512745737110551,673.6736111111111,673.6736111111111,6.6408427989516925,765.7400860817938
2020,2228,5.3,654.12,CALIFORNIA,12.0,0.0,183.27,0.4809840203421378,-1.05,322.0,187196.11,45610265.0,12.8,1.251,11041.0,2691925000.0,906124.0,6.57995600547591,720.5076301615799,720.5076301615799,6.642230736091746,766.8036230774123
2020,967,5.14,750.2,CALIFORNIA,0.0,0.0,0.0,0.5544446494549332,-2.67,1.0,2000.0,6531692.0,11.8,1.096,1518.0,385410000.0,152797.0,6.604967617724043,738.7559462254395,738.7559462254395,6.630560494551755,757.9068542768197
2020,209,5.3,654.12,CALIFORNIA,12.0,0.0,183.27,0.4809840203421378,-1.05,322.0,187196.11,45610265.0,12.8,1.251,11041.0,2691925000.0,906124.0,6.952188734749247,1045.4354066985643,1045.4354066985643,6.850209578363177,944.0787444175644
2020,155,5.3,654.12,CALIFORNIA,12.0,0.0,183.27,0.4809840203421378,-1.05,322.0,187196.11,45610265.0,12.8,1.251,11041.0,2691925000.0,906124.0,6.803827428325807,901.2903225806452,901.2903225806452,6.857335968451402,950.8306475973958
2020,167,4.82,724.38,CALIFORNIA,1.0,0.0,2.0,0.2934316496095483,-1.87,139.0,11909.09,18062395.0,13.4,1.112,4742.0,1121730000.0,473944.0,6.832721959434557,927.7125748502992,927.7125748502992,6.788716550554995,887.7734180280213
2020,143,4.82,724.38,CALIFORNIA,1.0,0.0,2.0,0.2934316496095483,-1.87,139.0,11909.09,18062395.0,13.4,1.112,4742.0,1121730000.0,473944.0,6.8844580211027555,976.972027972028,976.972027972028,6.790639707074195,889.4823880461669
2020,2120,4.16,780.31,CALIFORNIA,4.0,0.0,6.08,0.3901196766613863,-2.54,503.0,415751.64,44416463.0,11.6,1.196,10264.0,2858960000.0,1009613.0,6.736043279006979,842.2216981132076,842.2216981132076,6.726142450987692,833.924150005923
2020,1955,5.14,750.2,CALIFORNIA,0.0,0.0,0.0,0.5544446494549332,-2.67,1.0,2000.0,6531692.0,11.8,1.096,1518.0,385410000.0,152797.0,6.637117239093498,762.8925831202046,762.8925831202046,6.626529426474894,754.8578296929049
2020,5832,5.3,654.12,CALIFORNIA,12.0,0.0,183.27,0.4809840203421378,-1.05,322.0,187196.11,45610265.0,12.8,1.251,11041.0,2691925000.0,906124.0,6.685192834512799,800.4650205761317,800.4650205761317,6.67294228125142,790.7187019955785
2020,87,4.82,724.38,CALIFORNIA,1.0,0.0,2.0,0.2934316496095483,-1.87,139.0,11909.09,18062395.0,13.4,1.112,4742.0,1121730000.0,473944.0,6.748436092994863,852.7241379310345,852.7241379310345,6.793526233658436,892.0536117730028
2020,891,4.82,724.38,CALIFORNIA,1.0,0.0,2.0,0.2934316496095483,-1.87,139.0,11909.09,18062395.0,13.4,1.112,4742.0,1121730000.0,473944.0,6.6335738794154855,760.1941638608305,760.1941638608305,6.7229092277272535,831.2322411628666
2020,2856,4.82,724.38,CALIFORNIA,1.0,0.0,2.0,0.2934316496095483,-1.87,139.0,11909.09,18062395.0,13.4,1.112,4742.0,1121730000.0,473944.0,6.87750180273736,970.1995798319329,970.1995798319329,6.691748994908563,805.7302385894706
2020,1082,5.3,654.12,CALIFORNIA,12.0,0.0,183.27,0.4809840203421378,-1.05,322.0,187196.11,45610265.0,12.8,1.251,11041.0,2691925000.0,906124.0,7.014528659292743,1112.6820702402958,1112.6820702402958,6.7952111212525335,893.5578887496897
2020,1572,4.82,724.38,CALIFORNIA,1.0,0.0,2.0,0.2934316496095483,-1.87,139.0,11909.09,18062395.0,13.4,1.112,4742.0,1121730000.0,473944.0,6.587413315893464,725.9007633587786,725.9007633587786,6.706303251687666,817.5427963592026
2020,65,5.3,654.12,CALIFORNIA,12.0,0.0,183.27,0.4809840203421378,-1.05,322.0,187196.11,45610265.0,12.8,1.251,11041.0,2691925000.0,906124.0,6.657675253347866,778.7384615384616,778.7384615384616,6.815168435801151,911.570043884648
2020,1524,5.3,654.12,CALIFORNIA,12.0,0.0,183.27,0.4809840203421378,-1.05,322.0,187196.11,45610265.0,12.8,1.251,11041.0,2691925000.0,906124.0,7.059016524068543,1163.3005249343832,1163.3005249343832,6.708447358315142,819.2975758320147
2020,50,5.3,654.12,CALIFORNIA,12.0,0.0,183.27,0.4809840203421378,-1.05,322.0,187196.11,45610265.0,12.8,1.251,11041.0,2691925000.0,906124.0,7.051769039121042,1154.9,1154.9,6.810339160599431,907.1784339585945
2020,206,4.82,724.38,CALIFORNIA,1.0,0.0,2.0,0.2934316496095483,-1.87,139.0,11909.09,18062395.0,13.4,1.112,4742.0,1121730000.0,473944.0,6.4983333237431,664.0339805825242,664.0339805825242,6.740561549308405,846.0356932409837
2020,12497,5.14,750.2,CALIFORNIA,0.0,0.0,0.0,0.5544446494549332,-2.67,1.0,2000.0,6531692.0,11.8,1.096,1518.0,385410000.0,152797.0,6.711013240961695,821.4024965991838,821.4024965991838,6.631860208998761,758.892557192209
2020,397,4.16,780.31,CALIFORNIA,4.0,0.0,6.08,0.3901196766613863,-2.54,503.0,415751.64,44416463.0,11.6,1.196,10264.0,2858960000.0,1009613.0,6.669603570875389,788.0831234256927,788.0831234256927,6.835176560709686,929.9925363729673
2020,559,4.82,724.38,CALIFORNIA,1.0,0.0,2.0,0.2934316496095483,-1.87,139.0,11909.09,18062395.0,13.4,1.112,4742.0,1121730000.0,473944.0,6.596195884636739,732.304114490161,732.304114490161,6.718618601594471,827.6733747289205
2020,575,5.3,654.12,CALIFORNIA,12.0,0.0,183.27,0.4809840203421378,-1.05,322.0,187196.11,45610265.0,12.8,1.251,11041.0,2691925000.0,906124.0,7.137296409035024,1258.0226086956525,1258.0226086956525,6.844603931243742,938.8013774711513
2020,79,5.14,750.2,CALIFORNIA,0.0,0.0,0.0,0.5544446494549332,-2.67,1.0,2000.0,6531692.0,11.8,1.096,1518.0,385410000.0,152797.0,6.5305085150685125,685.746835443038,685.746835443038,6.660658408081065,781.0650273935124
2020,1116,5.3,654.12,CALIFORNIA,12.0,0.0,183.27,0.4809840203421378,-1.05,322.0,187196.11,45610265.0,12.8,1.251,11041.0,2691925000.0,906124.0,6.975420626927699,1070.0071684587813,1070.0071684587813,6.771721601704257,872.8132380198055
2020,1120,5.3,654.12,CALIFORNIA,12.0,0.0,183.27,0.4809840203421378,-1.05,322.0,187196.11,45610265.0,12.8,1.251,11041.0,2691925000.0,906124.0,6.547599795189841,697.5678571428572,697.5678571428572,6.7646858991249,866.6939357079694
2020,320,4.16,780.31,CALIFORNIA,4.0,0.0,6.08,0.3901196766613863,-2.54,503.0,415751.64,44416463.0,11.6,1.196,10264.0,2858960000.0,1009613.0,6.828231707367489,923.55625,923.55625,6.8223289715046205,918.1207991988898
2020,169,5.3,654.12,CALIFORNIA,12.0,0.0,183.27,0.4809840203421378,-1.05,322.0,187196.11,45610265.0,12.8,1.251,11041.0,2691925000.0,906124.0,7.269629111286144,1436.01775147929,1436.01775147929,6.867430256760082,960.4772119770169
2020,72,4.82,724.38,CALIFORNIA,1.0,0.0,2.0,0.2934316496095483,-1.87,139.0,11909.09,18062395.0,13.4,1.112,4742.0,1121730000.0,473944.0,7.122799452039697,1239.9166666666667,1239.9166666666667,6.800931508373196,898.6840335759927
2020,5629,5.14,750.2,CALIFORNIA,0.0,0.0,0.0,0.5544446494549332,-2.67,1.0,2000.0,6531692.0,11.8,1.096,1518.0,385410000.0,152797.0,6.712429367474307,822.5665304672233,822.5665304672233,6.6287674092222675,756.5490802814015
2020,2323,4.82,724.38,CALIFORNIA,1.0,0.0,2.0,0.2934316496095483,-1.87,139.0,11909.09,18062395.0,13.4,1.112,4742.0,1121730000.0,473944.0,6.6716879587870475,789.7275075333621,789.7275075333621,6.692730508593955,806.521462080202
2020,93,5.3,654.12,CALIFORNIA,12.0,0.0,183.27,0.4809840203421378,-1.05,322.0,187196.11,45610265.0,12.8,1.251,11041.0,2691925000.0,906124.0,6.564613538757259,709.5376344086021,709.5376344086021,6.8191118604457275,915.171848716413
2020,1816,5.3,654.12,CALIFORNIA,12.0,0.0,183.27,0.4809840203421378,-1.05,322.0,187196.11,45610265.0,12.8,1.251,11041.0,2691925000.0,906124.0,6.564091607098823,709.1674008810572,709.1674008810572,6.662276549099357,782.3299238667271
2020,9,5.3,654.12,CALIFORNIA,12.0,0.0,183.27,0.4809840203421378,-1.05,322.0,187196.11,45610265.0,12.8,1.251,11041.0,2691925000.0,906124.0,6.6087500819751,741.5555555555555,741.5555555555555,6.703065054598234,814.899713376952
2020,144,5.3,654.12,CALIFORNIA,12.0,0.0,183.27,0.4809840203421378,-1.05,322.0,187196.11,45610265.0,12.8,1.251,11041.0,2691925000.0,906124.0,6.7231143678976055,831.4027777777778,831.4027777777778,6.857162305174597,950.6655375686373
2020,125,1.77,1663.19,CALIFORNIA,0.0,0.0,0.0,0.2944086781339147,-0.32,89.0,2793.2200000000003,29567144.0,8.1,1.074,3276.0,1993900000.0,448083.0,6.662877235521921,782.8,782.8,7.0066754180841215,1103.9781313533733
2020,57,5.3,654.12,CALIFORNIA,12.0,0.0,183.27,0.4809840203421378,-1.05,322.0,187196.11,45610265.0,12.8,1.251,11041.0,2691925000.0,906124.0,7.262124056991301,1425.280701754386,1425.280701754386,6.816041742584563,912.3664718999048
2020,432,4.82,724.38,CALIFORNIA,1.0,0.0,2.0,0.2934316496095483,-1.87,139.0,11909.09,18062395.0,13.4,1.112,4742.0,1121730000.0,473944.0,6.674716285354652,792.1226851851852,792.1226851851852,6.7156106765225285,825.187535716681
2020,10612,4.82,724.38,CALIFORNIA,1.0,0.0,2.0,0.2934316496095483,-1.87,139.0,11909.09,18062395.0,13.4,1.112,4742.0,1121730000.0,473944.0,6.691931859268183,805.8775914059555,805.8775914059555,6.695757594354124,808.9665706228672
2020,27,4.82,724.38,CALIFORNIA,1.0,0.0,2.0,0.2934316496095483,-1.87,139.0,11909.09,18062395.0,13.4,1.112,4742.0,1121730000.0,473944.0,6.403328889458177,603.8518518518518,603.8518518518518,6.805331837357531,902.6472523148926
2020,165,4.82,724.38,CALIFORNIA,1.0,0.0,2.0,0.2934316496095483,-1.87,139.0,11909.09,18062395.0,13.4,1.112,4742.0,1121730000.0,473944.0,6.7977915923778856,895.8666666666667,895.8666666666667,6.788716550554995,887.7734180280213
2020,197,4.82,724.38,CALIFORNIA,1.0,0.0,2.0,0.2934316496095483,-1.87,139.0,11909.09,18062395.0,13.4,1.112,4742.0,1121730000.0,473944.0,6.57302061819573,715.5279187817259,715.5279187817259,6.741631763680625,846.9416174794046
2020,11,4.82,724.38,CALIFORNIA,1.0,0.0,2.0,0.2934316496095483,-1.87,139.0,11909.09,18062395.0,13.4,1.112,4742.0,1121730000.0,473944.0,6.9248805285076,1017.2727272727273,1017.2727272727273,6.789701364274603,888.64814011846
2020,3275,5.3,654.12,CALIFORNIA,12.0,0.0,183.27,0.4809840203421378,-1.05,322.0,187196.11,45610265.0,12.8,1.251,11041.0,2691925000.0,906124.0,6.584896823123091,724.0763358778626,724.0763358778626,6.6367501655542664,762.6125968305882
2020,1377,4.82,724.38,CALIFORNIA,1.0,0.0,2.0,0.2934316496095483,-1.87,139.0,11909.09,18062395.0,13.4,1.112,4742.0,1121730000.0,473944.0,7.10543755634844,1218.575163398693,1218.575163398693,6.711749220490671,822.007254539164
2020,188,5.14,750.2,CALIFORNIA,0.0,0.0,0.0,0.5544446494549332,-2.67,1.0,2000.0,6531692.0,11.8,1.096,1518.0,385410000.0,152797.0,6.573613303914712,715.9521276595744,715.9521276595744,6.6554320635665825,776.9935611822511
2020,644,4.82,724.38,CALIFORNIA,1.0,0.0,2.0,0.2934316496095483,-1.87,139.0,11909.09,18062395.0,13.4,1.112,4742.0,1121730000.0,473944.0,6.729844477384409,837.0170807453416,837.0170807453416,6.722710978773314,831.06746657431
2020,2436,5.3,654.12,CALIFORNIA,12.0,0.0,183.27,0.4809840203421378,-1.05,322.0,187196.11,45610265.0,12.8,1.251,11041.0,2691925000.0,906124.0,6.633032116260655,759.7824302134647,759.7824302134647,6.639335592748978,764.5868271921787
2020,552,4.82,724.38,CALIFORNIA,1.0,0.0,2.0,0.2934316496095483,-1.87,139.0,11909.09,18062395.0,13.4,1.112,4742.0,1121730000.0,473944.0,6.766606959363339,868.3605072463768,868.3605072463768,6.718778908978437,827.806067517934
2020,741,4.82,724.38,CALIFORNIA,1.0,0.0,2.0,0.2934316496095483,-1.87,139.0,11909.09,18062395.0,13.4,1.112,4742.0,1121730000.0,473944.0,7.186291403455817,1321.1943319838056,1321.1943319838056,6.727946233056407,835.4297248906472
2020,276,4.82,724.38,CALIFORNIA,1.0,0.0,2.0,0.2934316496095483,-1.87,139.0,11909.09,18062395.0,13.4,1.112,4742.0,1121730000.0,473944.0,6.666624842218689,785.7391304347826,785.7391304347826,6.721580509748393,830.1285013812579
2020,12512,4.82,724.38,CALIFORNIA,1.0,0.0,2.0,0.2934316496095483,-1.87,139.0,11909.09,18062395.0,13.4,1.112,4742.0,1121730000.0,473944.0,6.658098044571568,779.0677749360614,779.0677749360614,6.69628419359445,809.3926839900474
2020,1,4.82,724.38,CALIFORNIA,1.0,0.0,2.0,0.2934316496095483,-1.87,139.0,11909.09,18062395.0,13.4,1.112,4742.0,1121730000.0,473944.0,6.692083742506628,806.0,806.0,6.794152070783104,892.6120667731532
2020,5,5.3,654.12,CALIFORNIA,12.0,0.0,183.27,0.4809840203421378,-1.05,322.0,187196.11,45610265.0,12.8,1.251,11041.0,2691925000.0,906124.0,6.667465568832957,786.4,786.4,6.698349847456558,811.0663371125985
2020,10234,4.82,724.38,CALIFORNIA,1.0,0.0,2.0,0.2934316496095483,-1.87,139.0,11909.09,18062395.0,13.4,1.112,4742.0,1121730000.0,473944.0,6.766525438391638,868.2897205393785,868.2897205393785,6.695930938193477,809.1068121487788
2020,3152,5.3,654.12,CALIFORNIA,12.0,0.0,183.27,0.4809840203421378,-1.05,322.0,187196.11,45610265.0,12.8,1.251,11041.0,2691925000.0,906124.0,6.538923710619694,691.5418781725888,691.5418781725888,6.636132215522147,762.141485928372
2020,1,,,,,,,,,,,,,,,,,6.9865664594064265,1082.0,1082.0,6.848493256606864,942.4597912485415
2020,125,5.3,654.12,CALIFORNIA,12.0,0.0,183.27,0.4809840203421378,-1.05,322.0,187196.11,45610265.0,12.8,1.251,11041.0,2691925000.0,906124.0,7.063486423502561,1168.512,1168.512,6.863123368847552,956.349439589593
2020,531,5.3,654.12,CALIFORNIA,12.0,0.0,183.27,0.4809840203421378,-1.05,322.0,187196.11,45610265.0,12.8,1.251,11041.0,2691925000.0,906124.0,7.1477370592398985,1271.225988700565,1271.225988700565,6.84371058247982,937.9630749250429
2020,1393,4.82,724.38,CALIFORNIA,1.0,0.0,2.0,0.2934316496095483,-1.87,139.0,11909.09,18062395.0,13.4,1.112,4742.0,1121730000.0,473944.0,6.705983475009891,817.2814070351759,817.2814070351759,6.711674094093972,821.9455024157063
2020,24,5.3,654.12,CALIFORNIA,12.0,0.0,183.27,0.4809840203421378,-1.05,322.0,187196.11,45610265.0,12.8,1.251,11041.0,2691925000.0,906124.0,7.130365354690203,1249.3333333333333,1249.3333333333333,6.78037736902452,880.400897455754
2020,11362,4.82,724.38,CALIFORNIA,1.0,0.0,2.0,0.2934316496095483,-1.87,139.0,11909.09,18062395.0,13.4,1.112,4742.0,1121730000.0,473944.0,6.760494847733633,863.0691779616265,863.0691779616265,6.69628419359445,809.3926839900474
2020,8514,4.82,724.38,CALIFORNIA,1.0,0.0,2.0,0.2934316496095483,-1.87,139.0,11909.09,18062395.0,13.4,1.112,4742.0,1121730000.0,473944.0,6.723326923755455,831.579516091144,831.579516091144,6.69557866274434,808.8218338814994
2020,1127,5.3,654.12,CALIFORNIA,12.0,0.0,183.27,0.4809840203421378,-1.05,322.0,187196.11,45610265.0,12.8,1.251,11041.0,2691925000.0,906124.0,6.92208074912678,1014.4285714285714,1014.4285714285714,6.742534214259585,847.7062854180596
2020,6133,5.3,654.12,CALIFORNIA,12.0,0.0,183.27,0.4809840203421378,-1.05,322.0,187196.11,45610265.0,12.8,1.251,11041.0,2691925000.0,906124.0,6.67475592397908,792.154084461112,792.154084461112,6.673863363820454,791.4473547321472
2020,3539,5.3,654.12,CALIFORNIA,12.0,0.0,183.27,0.4809840203421378,-1.05,322.0,187196.11,45610265.0,12.8,1.251,11041.0,2691925000.0,906124.0,6.734295610948293,840.751059621362,840.751059621362,6.650549681030381,773.2092271889632
2020,12995,5.3,654.12,CALIFORNIA,12.0,0.0,183.27,0.4809840203421378,-1.05,322.0,187196.11,45610265.0,12.8,1.251,11041.0,2691925000.0,906124.0,6.808627023132909,905.6265486725664,905.6265486725664,6.72128868840815,829.8862875127179
2020,9499,5.3,654.12,CALIFORNIA,12.0,0.0,183.27,0.4809840203421378,-1.05,322.0,187196.11,45610265.0,12.8,1.251,11041.0,2691925000.0,906124.0,6.614381918131838,745.7436572270765,745.7436572270765,6.718668013354556,827.7142725375489
2020,8470,5.3,654.12,CALIFORNIA,12.0,0.0,183.27,0.4809840203421378,-1.05,322.0,187196.11,45610265.0,12.8,1.251,11041.0,2691925000.0,906124.0,6.833851863146286,928.7613931523024,928.7613931523024,6.718383560720026,827.4788605154602
2020,9120,5.3,654.12,CALIFORNIA,12.0,0.0,183.27,0.4809840203421378,-1.05,322.0,187196.11,45610265.0,12.8,1.251,11041.0,2691925000.0,906124.0,6.865014984626144,958.1601973684212,958.1601973684212,6.718484355557279,827.5622703161039
2020,12051,5.3,654.12,CALIFORNIA,12.0,0.0,183.27,0.4809840203421378,-1.05,322.0,187196.11,45610265.0,12.8,1.251,11041.0,2691925000.0,906124.0,6.931047817427162,1023.5659281387436,1023.5659281387436,6.72101357739569,829.6580080584687
2020,15159,5.3,654.12,CALIFORNIA,12.0,0.0,183.27,0.4809840203421378,-1.05,322.0,187196.11,45610265.0,12.8,1.251,11041.0,2691925000.0,906124.0,6.903067814153462,995.3235041889308,995.3235041889308,6.721478725801895,830.044011926195
2020,11453,5.3,654.12,CALIFORNIA,12.0,0.0,183.27,0.4809840203421378,-1.05,322.0,187196.11,45610265.0,12.8,1.251,11041.0,2691925000.0,906124.0,6.723107750198938,831.3972758229285,831.3972758229285,6.72101357739569,829.6580080584687
2020,8450,5.3,654.12,CALIFORNIA,12.0,0.0,183.27,0.4809840203421378,-1.05,322.0,187196.11,45610265.0,12.8,1.251,11041.0,2691925000.0,906124.0,6.9680475935892545,1062.1469822485208,1062.1469822485208,6.718383560720026,827.4788605154602
2020,4883,1.67,1834.87,CALIFORNIA,0.0,0.0,0.0,0.4022206435745153,-1.46,225.0,10028.42,17070404.0,7.8,1.1,2993.0,1514125000.0,281924.0,7.006114999652641,1103.3596149907844,1103.3596149907844,6.887587621651766,980.0343495893786
2020,4028,1.67,1834.87,CALIFORNIA,0.0,0.0,0.0,0.4022206435745153,-1.46,225.0,10028.42,17070404.0,7.8,1.1,2993.0,1514125000.0,281924.0,6.803170970879536,900.6988579940418,900.6988579940418,6.904495738019312,996.7457655736292
2020,2824,1.67,1834.87,CALIFORNIA,0.0,0.0,0.0,0.4022206435745153,-1.46,225.0,10028.42,17070404.0,7.8,1.1,2993.0,1514125000.0,281924.0,6.98238633364874,1077.4865439093485,1077.4865439093485,6.933398733197029,1025.975076163171
2020,7328,1.67,1834.87,CALIFORNIA,0.0,0.0,0.0,0.4022206435745153,-1.46,225.0,10028.42,17070404.0,7.8,1.1,2993.0,1514125000.0,281924.0,7.057758411410115,1161.83788209607,1161.83788209607,6.8607773460493,954.1084517333538
2020,8,1.67,1834.87,CALIFORNIA,0.0,0.0,0.0,0.4022206435745153,-1.46,225.0,10028.42,17070404.0,7.8,1.1,2993.0,1514125000.0,281924.0,7.1072207029417696,1220.75,1220.75,7.0444810769445905,1146.5137290145626
2020,7785,1.67,1834.87,CALIFORNIA,0.0,0.0,0.0,0.4022206435745153,-1.46,225.0,10028.42,17070404.0,7.8,1.1,2993.0,1514125000.0,281924.0,6.946434246682606,1039.43673731535,1039.43673731535,6.856198634511218,949.7498503607096
2020,326,1.67,1834.87,CALIFORNIA,0.0,0.0,0.0,0.4022206435745153,-1.46,225.0,10028.42,17070404.0,7.8,1.1,2993.0,1514125000.0,281924.0,7.254644151582504,1414.659509202454,1414.659509202454,6.992530327995692,1088.472186264366
2020,526,1.67,1834.87,CALIFORNIA,0.0,0.0,0.0,0.4022206435745153,-1.46,225.0,10028.42,17070404.0,7.8,1.1,2993.0,1514125000.0,281924.0,7.240616985923833,1394.954372623574,1394.954372623574,6.986271567021479,1081.6809734810438
2020,1038,1.77,1663.19,CALIFORNIA,0.0,0.0,0.0,0.2944086781339147,-0.32,89.0,2793.2200000000003,29567144.0,8.1,1.074,3276.0,1993900000.0,448083.0,7.001576349211635,1098.3631984585743,1098.3631984585743,6.96414780266957,1058.0128973645126
2020,2887,1.67,1834.87,CALIFORNIA,0.0,0.0,0.0,0.4022206435745153,-1.46,225.0,10028.42,17070404.0,7.8,1.1,2993.0,1514125000.0,281924.0,7.101380905639808,1213.6418427433323,1213.6418427433323,6.933242177945406,1025.8144669493993
2020,16,1.77,1663.19,CALIFORNIA,0.0,0.0,0.0,0.2944086781339147,-0.32,89.0,2793.2200000000003,29567144.0,8.1,1.074,3276.0,1993900000.0,448083.0,6.729226520426879,836.5,836.5,7.0165668051702195,1114.952191247737
2020,1265,1.67,1834.87,CALIFORNIA,0.0,0.0,0.0,0.4022206435745153,-1.46,225.0,10028.42,17070404.0,7.8,1.1,2993.0,1514125000.0,281924.0,7.061524858531925,1166.2221343873518,1166.2221343873518,6.920742020483009,1013.071435464022
2020,215,1.67,1834.87,CALIFORNIA,0.0,0.0,0.0,0.4022206435745153,-1.46,225.0,10028.42,17070404.0,7.8,1.1,2993.0,1514125000.0,281924.0,7.310005923909223,1495.186046511628,1495.186046511628,7.001410051658634,1098.1805585330712
2020,2515,1.67,1834.87,CALIFORNIA,0.0,0.0,0.0,0.4022206435745153,-1.46,225.0,10028.42,17070404.0,7.8,1.1,2993.0,1514125000.0,281924.0,6.638878962422285,764.237773359841,764.237773359841,6.930599831387956,1023.1074875878811
2020,1184,1.77,1663.19,CALIFORNIA,0.0,0.0,0.0,0.2944086781339147,-0.32,89.0,2793.2200000000003,29567144.0,8.1,1.074,3276.0,1993900000.0,448083.0,6.5231082800091595,680.6908783783783,680.6908783783783,6.965016108474579,1058.931975067576
2020,9,1.67,1834.87,CALIFORNIA,0.0,0.0,0.0,0.4022206435745153,-1.46,225.0,10028.42,17070404.0,7.8,1.1,2993.0,1514125000.0,281924.0,8.167572671493984,3524.777777777778,3524.777777777778,7.044500613487568,1146.5361281481037
2020,8838,1.77,1663.19,CALIFORNIA,0.0,0.0,0.0,0.2944086781339147,-0.32,89.0,2793.2200000000003,29567144.0,8.1,1.074,3276.0,1993900000.0,448083.0,6.762018843436582,864.3854944557593,864.3854944557593,6.875978588484384,968.7228829520857
2020,338,1.77,1663.19,CALIFORNIA,0.0,0.0,0.0,0.2944086781339147,-0.32,89.0,2793.2200000000003,29567144.0,8.1,1.074,3276.0,1993900000.0,448083.0,7.201102487224354,1340.9082840236686,1340.9082840236686,6.990589531723167,1086.3617321457118
2020,285,1.77,1663.19,CALIFORNIA,0.0,0.0,0.0,0.2944086781339147,-0.32,89.0,2793.2200000000003,29567144.0,8.1,1.074,3276.0,1993900000.0,448083.0,7.530702092408311,1864.4140350877192,1864.4140350877192,6.995181351912686,1091.3615802972745
2020,3088,1.67,1834.87,CALIFORNIA,0.0,0.0,0.0,0.4022206435745153,-1.46,225.0,10028.42,17070404.0,7.8,1.1,2993.0,1514125000.0,281924.0,6.823730018474375,919.4080310880828,919.4080310880828,6.932937314247579,1025.5017810234365
2020,5324,1.67,1834.87,CALIFORNIA,0.0,0.0,0.0,0.4022206435745153,-1.46,225.0,10028.42,17070404.0,7.8,1.1,2993.0,1514125000.0,281924.0,6.8788358553148266,971.4947407963936,971.4947407963936,6.872423215575642,965.2848272645965
2020,1001,1.67,1834.87,CALIFORNIA,0.0,0.0,0.0,0.4022206435745153,-1.46,225.0,10028.42,17070404.0,7.8,1.1,2993.0,1514125000.0,281924.0,6.596679483617174,732.6583416583417,732.6583416583417,6.915730367643555,1008.0069743884666
2020,10558,1.67,1834.87,CALIFORNIA,0.0,0.0,0.0,0.4022206435745153,-1.46,225.0,10028.42,17070404.0,7.8,1.1,2993.0,1514125000.0,281924.0,6.880653686430994,973.2623602955103,973.2623602955103,6.857319878922335,950.8153493031256
2020,3,1.67,1834.87,CALIFORNIA,0.0,0.0,0.0,0.4022206435745153,-1.46,225.0,10028.42,17070404.0,7.8,1.1,2993.0,1514125000.0,281924.0,7.677554811063165,2159.3333333333335,2159.3333333333335,7.04684537480654,1149.2276359507443
2020,2597,1.67,1834.87,CALIFORNIA,0.0,0.0,0.0,0.4022206435745153,-1.46,225.0,10028.42,17070404.0,7.8,1.1,2993.0,1514125000.0,281924.0,7.0618418168106505,1166.591836734694,1166.591836734694,6.930975249935779,1023.4916532220785
2020,28,3.21,1442.49,CALIFORNIA,3.0,0.0,2.0,0.3290826226069132,-0.44,146.0,185234.3,27384056.0,11.1,1.102,2450.0,1385420000.0,440506.0,6.8281321261403045,923.4642857142856,923.4642857142856,6.95146470137558,1044.6787505293166
2020,868,1.67,1834.87,CALIFORNIA,0.0,0.0,0.0,0.4022206435745153,-1.46,225.0,10028.42,17070404.0,7.8,1.1,2993.0,1514125000.0,281924.0,6.765086812607991,867.0414746543779,867.0414746543779,6.950394762637685,1043.56160601014
2020,9,1.67,1834.87,CALIFORNIA,0.0,0.0,0.0,0.4022206435745153,-1.46,225.0,10028.42,17070404.0,7.8,1.1,2993.0,1514125000.0,281924.0,8.552620886104929,6218.555555555556,5180.313662906439,7.044500613487568,1146.5361281481037
2020,489,1.67,1834.87,CALIFORNIA,0.0,0.0,0.0,0.4022206435745153,-1.46,225.0,10028.42,17070404.0,7.8,1.1,2993.0,1514125000.0,281924.0,6.984659513233256,1079.9386503067485,1079.9386503067485,6.986567439640856,1082.0010606141723
2020,5436,1.77,1663.19,CALIFORNIA,0.0,0.0,0.0,0.2944086781339147,-0.32,89.0,2793.2200000000003,29567144.0,8.1,1.074,3276.0,1993900000.0,448083.0,6.715679014583645,825.2439293598234,825.2439293598234,6.896547383650048,988.8546791325998
2020,10415,1.77,1663.19,CALIFORNIA,0.0,0.0,0.0,0.2944086781339147,-0.32,89.0,2793.2200000000003,29567144.0,8.1,1.074,3276.0,1993900000.0,448083.0,6.863580936138388,956.7871339414306,956.7871339414306,6.878188942167527,970.8664713158437
2020,1,1.77,1663.19,CALIFORNIA,0.0,0.0,0.0,0.2944086781339147,-0.32,89.0,2793.2200000000003,29567144.0,8.1,1.074,3276.0,1993900000.0,448083.0,6.648984550024776,772.0,772.0,7.05705312141991,1161.0187383684795
2020,5535,1.77,1663.19,CALIFORNIA,0.0,0.0,0.0,0.2944086781339147,-0.32,89.0,2793.2200000000003,29567144.0,8.1,1.074,3276.0,1993900000.0,448083.0,6.599599582711972,734.8009033423667,734.8009033423667,6.895284821295523,987.6069762577146
2020,1448,1.77,1663.19,CALIFORNIA,0.0,0.0,0.0,0.2944086781339147,-0.32,89.0,2793.2200000000003,29567144.0,8.1,1.074,3276.0,1993900000.0,448083.0,7.651092918820541,2102.942679558011,2102.942679558011,6.975853818496557,1070.470786953337
2020,250,1.67,1834.87,CALIFORNIA,0.0,0.0,0.0,0.4022206435745153,-1.46,225.0,10028.42,17070404.0,7.8,1.1,2993.0,1514125000.0,281924.0,6.567903738941461,711.876,711.876,6.995073685863368,1091.2440840328395
2020,1911,1.77,1663.19,CALIFORNIA,0.0,0.0,0.0,0.2944086781339147,-0.32,89.0,2793.2200000000003,29567144.0,8.1,1.074,3276.0,1993900000.0,448083.0,7.353308171799116,1561.353218210361,1561.353218210361,6.987569728377049,1083.0860817511739
2020,1,1.77,1663.19,CALIFORNIA,0.0,0.0,0.0,0.2944086781339147,-0.32,89.0,2793.2200000000003,29567144.0,8.1,1.074,3276.0,1993900000.0,448083.0,7.830822995135316,2517.0,2517.0,7.05705312141991,1161.0187383684795
2020,2359,1.67,1834.87,CALIFORNIA,0.0,0.0,0.0,0.4022206435745153,-1.46,225.0,10028.42,17070404.0,7.8,1.1,2993.0,1514125000.0,281924.0,7.120534838653603,1237.111911827045,1237.111911827045,6.934138029274887,1026.733855959863
2020,518,5.3,654.12,CALIFORNIA,12.0,0.0,183.27,0.4809840203421378,-1.05,322.0,187196.11,45610265.0,12.8,1.251,11041.0,2691925000.0,906124.0,6.795401253674859,893.7277992277992,893.7277992277992,6.840171834407157,934.6497259128217
2020,1,5.3,654.12,CALIFORNIA,12.0,0.0,183.27,0.4809840203421378,-1.05,322.0,187196.11,45610265.0,12.8,1.251,11041.0,2691925000.0,906124.0,6.576469569048224,718.0,718.0,6.737953162864992,843.8317807853359
2020,2,5.3,654.12,CALIFORNIA,12.0,0.0,183.27,0.4809840203421378,-1.05,322.0,187196.11,45610265.0,12.8,1.251,11041.0,2691925000.0,906124.0,6.619406317542652,749.5,749.5,6.698505334756557,811.192457432276
2020,2528,5.3,654.12,CALIFORNIA,12.0,0.0,183.27,0.4809840203421378,-1.05,322.0,187196.11,45610265.0,12.8,1.251,11041.0,2691925000.0,906124.0,6.76944167412674,870.8255537974684,870.8255537974684,6.639352132217495,764.5994731565144
2020,1826,2.72,1665.85,CALIFORNIA,2.0,0.0,3.42,0.4079326357351419,0.25,475.0,156529.9,729068982.0,12.3,1.171,55477.0,37157885000.0,9996634.0,7.509470892762394,1825.2475355969332,1825.2475355969332,6.935363963173496,1027.9933356604226
2020,21,4.93,513.33,CALIFORNIA,0.0,0.0,0.0,0.2401906997319825,-3.53,59.0,51362.6,931741.0,12.1,1.129,153.0,62125000.0,13225.0,6.826338611985611,921.809523809524,921.809523809524,6.907958678178334,1000.2034198832158
2020,314,1.75,621.66,CALIFORNIA,1.0,1000.0,1.05,0.5283665008521611,-2.46,18.0,265.9,1136875.0,8.0,1.055,117.0,39095000.0,18999.0,6.90478590660345,997.0350318471336,997.0350318471336,6.885800258072885,978.284236397079
2020,2524,1.75,621.66,CALIFORNIA,1.0,1000.0,1.05,0.5283665008521611,-2.46,18.0,265.9,1136875.0,8.0,1.055,117.0,39095000.0,18999.0,7.050089875617599,1152.9623613312203,1152.9623613312203,6.85859530536765,952.0288180247895
2020,319,5.3,654.12,CALIFORNIA,12.0,0.0,183.27,0.4809840203421378,-1.05,322.0,187196.11,45610265.0,12.8,1.251,11041.0,2691925000.0,906124.0,6.6666576259049055,785.7648902821317,785.7648902821317,6.823135714388901,918.8617854730669
2020,355,4.93,513.33,CALIFORNIA,0.0,0.0,0.0,0.2401906997319825,-3.53,59.0,51362.6,931741.0,12.1,1.129,153.0,62125000.0,13225.0,7.105430198370985,1218.566197183099,1218.566197183099,6.880450547998886,973.0646733851939
2020,167,5.3,654.12,CALIFORNIA,12.0,0.0,183.27,0.4809840203421378,-1.05,322.0,187196.11,45610265.0,12.8,1.251,11041.0,2691925000.0,906124.0,7.295519740700337,1473.682634730539,1473.682634730539,6.867430256760082,960.4772119770169
2020,9,,,,,,,,,,,,,,,,,7.098559276457431,1210.2222222222222,1210.2222222222222,7.020969828727089,1119.8721754653036
2020,204,5.3,654.12,CALIFORNIA,12.0,0.0,183.27,0.4809840203421378,-1.05,322.0,187196.11,45610265.0,12.8,1.251,11041.0,2691925000.0,906124.0,6.995191402355555,1091.3725490196075,1091.3725490196075,6.8508357446555195,944.6700798224632
2020,162,1.75,621.66,CALIFORNIA,1.0,1000.0,1.05,0.5283665008521611,-2.46,18.0,265.9,1136875.0,8.0,1.055,117.0,39095000.0,18999.0,6.89544525265593,987.7654320987656,987.7654320987656,6.900982951500201,993.2505530472098
2020,366,5.3,654.12,CALIFORNIA,12.0,0.0,183.27,0.4809840203421378,-1.05,322.0,187196.11,45610265.0,12.8,1.251,11041.0,2691925000.0,906124.0,6.876659284937466,969.3825136612022,969.3825136612022,6.8235947293500665,919.2836535943251
2020,18,5.3,654.12,CALIFORNIA,12.0,0.0,183.27,0.4809840203421378,-1.05,322.0,187196.11,45610265.0,12.8,1.251,11041.0,2691925000.0,906124.0,6.461294550170453,639.8888888888889,639.8888888888889,6.702431727689849,814.3837788556878
2020,372,4.93,513.33,CALIFORNIA,0.0,0.0,0.0,0.2401906997319825,-3.53,59.0,51362.6,931741.0,12.1,1.129,153.0,62125000.0,13225.0,7.547748351722752,1896.467741935484,1896.467741935484,6.8804180044342855,973.033006907408
2020,4,1.75,621.66,CALIFORNIA,1.0,1000.0,1.05,0.5283665008521611,-2.46,18.0,265.9,1136875.0,8.0,1.055,117.0,39095000.0,18999.0,6.731614581263264,838.5,838.5,6.891132623089118,983.514738113641
2020,138,5.3,654.12,CALIFORNIA,12.0,0.0,183.27,0.4809840203421378,-1.05,322.0,187196.11,45610265.0,12.8,1.251,11041.0,2691925000.0,906124.0,7.38248053364514,1607.572463768116,1607.572463768116,6.866051783200448,959.1541316608008
2020,668,2.72,1665.85,CALIFORNIA,2.0,0.0,3.42,0.4079326357351419,0.25,475.0,156529.9,729068982.0,12.3,1.171,55477.0,37157885000.0,9996634.0,7.206956824642321,1348.7814371257484,1348.7814371257484,7.093921206912795,1204.622124251974
2020,4951,2.72,1665.85,CALIFORNIA,2.0,0.0,3.42,0.4079326357351419,0.25,475.0,156529.9,729068982.0,12.3,1.171,55477.0,37157885000.0,9996634.0,6.900964957106594,993.2326802666128,993.2326802666128,6.949353655822243,1042.4757122735582
2020,10633,2.72,1665.85,CALIFORNIA,2.0,0.0,3.42,0.4079326357351419,0.25,475.0,156529.9,729068982.0,12.3,1.171,55477.0,37157885000.0,9996634.0,6.887520518453981,979.9685883570016,979.9685883570016,6.894521792888421,986.8536915051574
2020,15537,2.72,1665.85,CALIFORNIA,2.0,0.0,3.42,0.4079326357351419,0.25,475.0,156529.9,729068982.0,12.3,1.171,55477.0,37157885000.0,9996634.0,7.132747927411307,1252.3135096865549,1252.3135096865549,6.8977528212697985,990.0474004944659
2020,1,2.72,1665.85,CALIFORNIA,2.0,0.0,3.42,0.4079326357351419,0.25,475.0,156529.9,729068982.0,12.3,1.171,55477.0,37157885000.0,9996634.0,7.601402334583733,2001.0,2001.0,7.039121528936182,1140.3853709259288
2020,108,4.93,513.33,CALIFORNIA,0.0,0.0,0.0,0.2401906997319825,-3.53,59.0,51362.6,931741.0,12.1,1.129,153.0,62125000.0,13225.0,7.318324622240748,1507.675925925926,1507.675925925926,6.899453231489514,991.7323193328953
2020,2253,2.72,1665.85,CALIFORNIA,2.0,0.0,3.42,0.4079326357351419,0.25,475.0,156529.9,729068982.0,12.3,1.171,55477.0,37157885000.0,9996634.0,6.945484132486436,1038.4496227252553,1038.4496227252553,6.925914138648686,1018.3247342687768
2020,230,2.72,1665.85,CALIFORNIA,2.0,0.0,3.42,0.4079326357351419,0.25,475.0,156529.9,729068982.0,12.3,1.171,55477.0,37157885000.0,9996634.0,7.243192818998711,1398.5521739130436,1398.5521739130436,7.0831825697684305,1191.7553339077422
2020,336,1.75,621.66,CALIFORNIA,1.0,1000.0,1.05,0.5283665008521611,-2.46,18.0,265.9,1136875.0,8.0,1.055,117.0,39095000.0,18999.0,6.979117563414118,1073.970238095238,1073.970238095238,6.882952453871617,975.5022376127105
2020,2169,4.93,513.33,CALIFORNIA,0.0,0.0,0.0,0.2401906997319825,-3.53,59.0,51362.6,931741.0,12.1,1.129,153.0,62125000.0,13225.0,7.748069911891226,2317.095896726602,2317.095896726602,6.883975513002207,976.5007447626491
2020,28,1.75,621.66,CALIFORNIA,1.0,1000.0,1.05,0.5283665008521611,-2.46,18.0,265.9,1136875.0,8.0,1.055,117.0,39095000.0,18999.0,6.975380549061783,1069.9642857142858,1069.9642857142858,6.9035507196332055,995.8042674354815
2020,9292,2.72,1665.85,CALIFORNIA,2.0,0.0,3.42,0.4079326357351419,0.25,475.0,156529.9,729068982.0,12.3,1.171,55477.0,37157885000.0,9996634.0,6.893036859710252,985.3893671975892,985.3893671975892,6.8845712173271565,977.0826237763355
2020,12451,2.72,1665.85,CALIFORNIA,2.0,0.0,3.42,0.4079326357351419,0.25,475.0,156529.9,729068982.0,12.3,1.171,55477.0,37157885000.0,9996634.0,7.261824058962097,1424.853184483174,1424.853184483174,6.8977528212697985,990.0474004944659
2020,6679,2.72,1665.85,CALIFORNIA,2.0,0.0,3.42,0.4079326357351419,0.25,475.0,156529.9,729068982.0,12.3,1.171,55477.0,37157885000.0,9996634.0,6.987938347887303,1083.4854020062885,1083.4854020062885,6.925228695249673,1017.6269694680778
2020,430,2.72,1665.85,CALIFORNIA,2.0,0.0,3.42,0.4079326357351419,0.25,475.0,156529.9,729068982.0,12.3,1.171,55477.0,37157885000.0,9996634.0,7.199005976310943,1338.1,1338.1,7.0705306870715985,1176.7723664530972
2020,22,5.3,654.12,CALIFORNIA,12.0,0.0,183.27,0.4809840203421378,-1.05,322.0,187196.11,45610265.0,12.8,1.251,11041.0,2691925000.0,906124.0,6.530347405019932,685.6363636363636,685.6363636363636,6.7412426738140265,846.6121451797658
2020,7374,5.3,654.12,CALIFORNIA,12.0,0.0,183.27,0.4809840203421378,-1.05,322.0,187196.11,45610265.0,12.8,1.251,11041.0,2691925000.0,906124.0,6.688700691680492,803.2778681855167,803.2778681855167,6.6966546566254195,809.6925896055444
2020,1,,,,,,,,,,,,,,,,,6.577861357721047,719.0,719.0,6.848493256606864,942.4597912485415
2020,3792,5.3,654.12,CALIFORNIA,12.0,0.0,183.27,0.4809840203421378,-1.05,322.0,187196.11,45610265.0,12.8,1.251,11041.0,2691925000.0,906124.0,6.790982907274618,889.7877109704641,889.7877109704641,6.659580654983439,780.2236856015918
2020,8468,5.3,654.12,CALIFORNIA,12.0,0.0,183.27,0.4809840203421378,-1.05,322.0,187196.11,45610265.0,12.8,1.251,11041.0,2691925000.0,906124.0,6.989351483035899,1085.0175956542278,1085.0175956542278,6.718383560720026,827.4788605154602
2020,277,3.99,1121.35,CALIFORNIA,12.0,13000.0,16.38,0.6643692241702959,-0.59,839.0,69888.56,94067565.0,9.6,1.155,24242.0,8134730000.0,2183526.0,6.66425244727421,783.8772563176896,783.8772563176896,6.917845847150568,1010.1416496204647
2020,27,2.72,1665.85,CALIFORNIA,2.0,0.0,3.42,0.4079326357351419,0.25,475.0,156529.9,729068982.0,12.3,1.171,55477.0,37157885000.0,9996634.0,7.097273102646687,1208.6666666666667,1208.6666666666667,7.088926688572192,1198.6206167542705
2020,1133,2.72,1665.85,CALIFORNIA,2.0,0.0,3.42,0.4079326357351419,0.25,475.0,156529.9,729068982.0,12.3,1.171,55477.0,37157885000.0,9996634.0,6.801710013883468,899.3839364518976,899.3839364518976,6.899046187732056,991.3287230294917
2020,3,3.99,1121.35,CALIFORNIA,12.0,13000.0,16.38,0.6643692241702959,-0.59,839.0,69888.56,94067565.0,9.6,1.155,24242.0,8134730000.0,2183526.0,6.603040073974116,737.3333333333334,737.3333333333334,6.905701639381046,997.9484676739403
2020,489,4.61,765.84,CALIFORNIA,0.0,0.0,0.0,0.4070530675151219,-3.24,85.0,773.81,6201866.0,11.1,1.121,1979.0,549005000.0,156434.0,7.366702354795368,1582.4069529652352,1582.4069529652352,6.818239628959881,914.3739550395813
2020,879,4.16,780.31,CALIFORNIA,4.0,0.0,6.08,0.3901196766613863,-2.54,503.0,415751.64,44416463.0,11.6,1.196,10264.0,2858960000.0,1009613.0,7.276991386940676,1446.6291240045507,1446.6291240045507,6.83285141848013,927.8326834092077
2020,39,4.82,724.38,CALIFORNIA,1.0,0.0,2.0,0.2934316496095483,-1.87,139.0,11909.09,18062395.0,13.4,1.112,4742.0,1121730000.0,473944.0,6.9330230857163855,1025.5897435897436,1025.5897435897436,6.805417310694509,902.724407884987
2020,604,4.61,765.84,CALIFORNIA,0.0,0.0,0.0,0.4070530675151219,-3.24,85.0,773.81,6201866.0,11.1,1.121,1979.0,549005000.0,156434.0,7.562930635076741,1925.4801324503312,1925.4801324503312,6.817521153288385,913.7172355449761
2020,80,4.16,780.31,CALIFORNIA,4.0,0.0,6.08,0.3901196766613863,-2.54,503.0,415751.64,44416463.0,11.6,1.196,10264.0,2858960000.0,1009613.0,7.243852445273267,1399.475,1399.475,6.846340918217589,940.4334802951662
2020,153,4.16,780.31,CALIFORNIA,4.0,0.0,6.08,0.3901196766613863,-2.54,503.0,415751.64,44416463.0,11.6,1.196,10264.0,2858960000.0,1009613.0,6.70876218790021,819.5555555555555,819.5555555555555,6.859395487060443,952.7909189249149
2020,1,,,,,,,,,,,,,,,,,6.626717749249025,755.0,755.0,6.848493256606864,942.4597912485415
2020,52,4.16,780.31,CALIFORNIA,4.0,0.0,6.08,0.3901196766613863,-2.54,503.0,415751.64,44416463.0,11.6,1.196,10264.0,2858960000.0,1009613.0,6.596043194884307,732.1923076923077,732.1923076923077,6.846458432963728,940.5440015906779
2020,578,4.16,780.31,CALIFORNIA,4.0,0.0,6.08,0.3901196766613863,-2.54,503.0,415751.64,44416463.0,11.6,1.196,10264.0,2858960000.0,1009613.0,6.841190253737668,935.6020761245676,935.6020761245676,6.852184322593859,945.9449004554056
2020,2592,4.61,765.84,CALIFORNIA,0.0,0.0,0.0,0.4070530675151219,-3.24,85.0,773.81,6201866.0,11.1,1.121,1979.0,549005000.0,156434.0,6.831803311892838,926.860725308642,926.860725308642,6.7421681047921425,847.3959889260649
2020,11964,4.16,780.31,CALIFORNIA,4.0,0.0,6.08,0.3901196766613863,-2.54,503.0,415751.64,44416463.0,11.6,1.196,10264.0,2858960000.0,1009613.0,6.890652484297112,983.042627883651,983.042627883651,6.760270770604544,862.8758055639988
2020,4440,4.16,780.31,CALIFORNIA,4.0,0.0,6.08,0.3901196766613863,-2.54,503.0,415751.64,44416463.0,11.6,1.196,10264.0,2858960000.0,1009613.0,6.7077397242237975,818.718018018018,818.718018018018,6.730590098517101,837.641411097197
2020,3329,4.61,765.84,CALIFORNIA,0.0,0.0,0.0,0.4070530675151219,-3.24,85.0,773.81,6201866.0,11.1,1.121,1979.0,549005000.0,156434.0,7.272279898182953,1439.829378191649,1439.829378191649,6.742589218401889,847.7529140575871
2020,489,4.82,724.38,CALIFORNIA,1.0,0.0,2.0,0.2934316496095483,-1.87,139.0,11909.09,18062395.0,13.4,1.112,4742.0,1121730000.0,473944.0,6.657672344511523,778.7361963190184,778.7361963190184,6.717012130652262,826.3448089396703
2020,259,4.16,780.31,CALIFORNIA,4.0,0.0,6.08,0.3901196766613863,-2.54,503.0,415751.64,44416463.0,11.6,1.196,10264.0,2858960000.0,1009613.0,6.801059681164419,898.7992277992278,898.7992277992278,6.825351005051761,920.8995877356689
2020,4217,4.82,724.38,CALIFORNIA,1.0,0.0,2.0,0.2934316496095483,-1.87,139.0,11909.09,18062395.0,13.4,1.112,4742.0,1121730000.0,473944.0,6.643254800356694,767.589281479725,767.589281479725,6.688958933228918,803.4853346930956
2020,13776,4.16,780.31,CALIFORNIA,4.0,0.0,6.08,0.3901196766613863,-2.54,503.0,415751.64,44416463.0,11.6,1.196,10264.0,2858960000.0,1009613.0,6.972971379744227,1067.389663182346,1067.389663182346,6.760735919010751,863.2772642314031
2020,1496,3.41,897.88,CALIFORNIA,1.0,0.0,2.0,0.4781578118977718,-2.53,185.0,3556.57,9115222.0,12.5,1.102,3019.0,825045000.0,282963.0,6.66750347863602,786.4298128342245,786.4298128342245,6.698310801243684,811.0346686620155
2020,44,4.16,780.31,CALIFORNIA,4.0,0.0,6.08,0.3901196766613863,-2.54,503.0,415751.64,44416463.0,11.6,1.196,10264.0,2858960000.0,1009613.0,7.13427494299072,1254.2272727272727,1254.2272727272727,6.8529472153435345,946.6668303040657
2020,1099,4.16,780.31,CALIFORNIA,4.0,0.0,6.08,0.3901196766613863,-2.54,503.0,415751.64,44416463.0,11.6,1.196,10264.0,2858960000.0,1009613.0,6.742804448708582,847.9353958143768,847.9353958143768,6.786282815163711,885.6154394806613
2020,97,1.66,421.53,CALIFORNIA,0.0,0.0,0.0,0.4185896475041226,-2.1,38.0,7196.41,661568.0,11.1,1.037,165.0,49665000.0,17133.0,7.3278279518498,1522.0721649484535,1522.0721649484535,6.9708332115250355,1065.1098427154361
2020,4,4.16,780.31,CALIFORNIA,4.0,0.0,6.08,0.3901196766613863,-2.54,503.0,415751.64,44416463.0,11.6,1.196,10264.0,2858960000.0,1009613.0,6.68586094706836,801.0,801.0,6.830895471592485,926.0196656210971
2020,1325,4.16,780.31,CALIFORNIA,4.0,0.0,6.08,0.3901196766613863,-2.54,503.0,415751.64,44416463.0,11.6,1.196,10264.0,2858960000.0,1009613.0,6.836760944988252,931.4671698113208,931.4671698113208,6.753439825536858,857.001634248348
2020,595,4.16,780.31,CALIFORNIA,4.0,0.0,6.08,0.3901196766613863,-2.54,503.0,415751.64,44416463.0,11.6,1.196,10264.0,2858960000.0,1009613.0,7.3483571419748595,1553.6420168067227,1553.6420168067227,6.851767086913206,945.5503008172532
2020,1,4.16,780.31,CALIFORNIA,4.0,0.0,6.08,0.3901196766613863,-2.54,503.0,415751.64,44416463.0,11.6,1.196,10264.0,2858960000.0,1009613.0,6.258701535932703,356.0,522.5400000000001,6.889071924036424,981.4900970289488
2020,143,4.16,780.31,CALIFORNIA,4.0,0.0,6.08,0.3901196766613863,-2.54,503.0,415751.64,44416463.0,11.6,1.196,10264.0,2858960000.0,1009613.0,7.193937976184183,1331.3356643356644,1331.3356643356644,6.859783928014609,953.1610938294754
2020,2,,,,,,,,,,,,,,,,,8.552620886104929,5214.0,5180.313662906439,6.767632720813786,869.2516949746677
2020,2713,4.16,780.31,CALIFORNIA,4.0,0.0,6.08,0.3901196766613863,-2.54,503.0,415751.64,44416463.0,11.6,1.196,10264.0,2858960000.0,1009613.0,6.793529767024116,892.056763730188,892.056763730188,6.719997975573665,828.8158336031707
2020,3017,4.16,780.31,CALIFORNIA,4.0,0.0,6.08,0.3901196766613863,-2.54,503.0,415751.64,44416463.0,11.6,1.196,10264.0,2858960000.0,1009613.0,6.820089817634508,916.0672853828306,916.0672853828306,6.717300758589054,826.5833495600407
2020,65,4.82,724.38,CALIFORNIA,1.0,0.0,2.0,0.2934316496095483,-1.87,139.0,11909.09,18062395.0,13.4,1.112,4742.0,1121730000.0,473944.0,6.914410010135914,1006.6769230769232,1006.6769230769232,6.802608499714205,900.1923833098298
2020,259,4.16,780.31,CALIFORNIA,4.0,0.0,6.08,0.3901196766613863,-2.54,503.0,415751.64,44416463.0,11.6,1.196,10264.0,2858960000.0,1009613.0,7.271566858610302,1438.8030888030887,1438.8030888030887,6.825351005051761,920.8995877356689
2020,8268,3.41,897.88,CALIFORNIA,1.0,0.0,2.0,0.4781578118977718,-2.53,185.0,3556.57,9115222.0,12.5,1.102,3019.0,825045000.0,282963.0,6.73299548079121,839.6586840832124,839.6586840832124,6.693033090699804,806.7655379672467
2020,3726,4.61,765.84,CALIFORNIA,0.0,0.0,0.0,0.4070530675151219,-3.24,85.0,773.81,6201866.0,11.1,1.121,1979.0,549005000.0,156434.0,7.019127158730466,1117.8105206655932,1117.8105206655932,6.734141484371876,840.6214875244315
2020,6556,4.61,765.84,CALIFORNIA,0.0,0.0,0.0,0.4070530675151219,-3.24,85.0,773.81,6201866.0,11.1,1.121,1979.0,549005000.0,156434.0,6.832799291665169,927.7843197071384,927.7843197071384,6.729225837710494,836.4994289079394
2020,6547,4.61,765.84,CALIFORNIA,0.0,0.0,0.0,0.4070530675151219,-3.24,85.0,773.81,6201866.0,11.1,1.121,1979.0,549005000.0,156434.0,6.792188245015439,890.8608522987628,890.8608522987628,6.729225837710494,836.4994289079394
2020,1292,4.16,780.31,CALIFORNIA,4.0,0.0,6.08,0.3901196766613863,-2.54,503.0,415751.64,44416463.0,11.6,1.196,10264.0,2858960000.0,1009613.0,6.621932158722119,751.3955108359133,751.3955108359133,6.755643316218402,858.8921114229872
2020,101,4.16,780.31,CALIFORNIA,4.0,0.0,6.08,0.3901196766613863,-2.54,503.0,415751.64,44416463.0,11.6,1.196,10264.0,2858960000.0,1009613.0,7.277288780343429,1447.0594059405942,1447.0594059405942,6.85051156795866,944.3638894289408
2020,1,4.16,780.31,CALIFORNIA,4.0,0.0,6.08,0.3901196766613863,-2.54,503.0,415751.64,44416463.0,11.6,1.196,10264.0,2858960000.0,1009613.0,8.012349639327795,3018.0,3018.0,6.889071924036424,981.4900970289488
2020,698,4.61,765.84,CALIFORNIA,0.0,0.0,0.0,0.4070530675151219,-3.24,85.0,773.81,6201866.0,11.1,1.121,1979.0,549005000.0,156434.0,7.304575679185132,1487.0888252148998,1487.0888252148998,6.810105581510823,906.9665607923196
2020,2142,4.61,765.84,CALIFORNIA,0.0,0.0,0.0,0.4070530675151219,-3.24,85.0,773.81,6201866.0,11.1,1.121,1979.0,549005000.0,156434.0,7.349668160103596,1555.6802054154996,1555.6802054154996,6.759161498589004,861.9191722613692
2020,53,4.61,765.84,CALIFORNIA,0.0,0.0,0.0,0.4070530675151219,-3.24,85.0,773.81,6201866.0,11.1,1.121,1979.0,549005000.0,156434.0,7.48038573793858,1772.9245283018868,1772.9245283018868,6.862997302732277,956.2288839300492
2020,951,4.16,780.31,CALIFORNIA,4.0,0.0,6.08,0.3901196766613863,-2.54,503.0,415751.64,44416463.0,11.6,1.196,10264.0,2858960000.0,1009613.0,6.6517294540239975,774.1219768664564,774.1219768664564,6.827464872358527,922.8483062074877
2020,1124,4.82,724.38,CALIFORNIA,1.0,0.0,2.0,0.2934316496095483,-1.87,139.0,11909.09,18062395.0,13.4,1.112,4742.0,1121730000.0,473944.0,6.6773937925366775,794.2464412811388,794.2464412811388,6.712703562123128,822.7921047323915
2020,1800,4.16,780.31,CALIFORNIA,4.0,0.0,6.08,0.3901196766613863,-2.54,503.0,415751.64,44416463.0,11.6,1.196,10264.0,2858960000.0,1009613.0,6.625222887098102,753.8722222222223,753.8722222222223,6.734013077579221,840.5135529452966
2020,1,4.16,780.31,CALIFORNIA,4.0,0.0,6.08,0.3901196766613863,-2.54,503.0,415751.64,44416463.0,11.6,1.196,10264.0,2858960000.0,1009613.0,7.149131598557407,1273.0,1273.0,6.889071924036424,981.4900970289488
2020,294,4.16,780.31,CALIFORNIA,4.0,0.0,6.08,0.3901196766613863,-2.54,503.0,415751.64,44416463.0,11.6,1.196,10264.0,2858960000.0,1009613.0,6.625351767389468,753.969387755102,753.969387755102,6.822597928783409,918.3677676811384
2020,424,4.16,780.31,CALIFORNIA,4.0,0.0,6.08,0.3901196766613863,-2.54,503.0,415751.64,44416463.0,11.6,1.196,10264.0,2858960000.0,1009613.0,7.425228569290481,1677.7830188679245,1677.7830188679245,6.836544802716986,931.2658621379604
2020,29,4.16,780.31,CALIFORNIA,4.0,0.0,6.08,0.3901196766613863,-2.54,503.0,415751.64,44416463.0,11.6,1.196,10264.0,2858960000.0,1009613.0,6.986247713985693,1081.655172413793,1081.655172413793,6.847639323925653,941.6553375556009
2020,216,4.61,765.84,CALIFORNIA,0.0,0.0,0.0,0.4070530675151219,-3.24,85.0,773.81,6201866.0,11.1,1.121,1979.0,549005000.0,156434.0,7.345110761325165,1548.6064814814815,1548.6064814814815,6.830510222918964,925.6629864827557
2020,4217,4.16,780.31,CALIFORNIA,4.0,0.0,6.08,0.3901196766613863,-2.54,503.0,415751.64,44416463.0,11.6,1.196,10264.0,2858960000.0,1009613.0,6.786468275454785,885.7797012093905,885.7797012093905,6.730441678403883,837.5170974896737
2020,685,4.16,780.31,CALIFORNIA,4.0,0.0,6.08,0.3901196766613863,-2.54,503.0,415751.64,44416463.0,11.6,1.196,10264.0,2858960000.0,1009613.0,6.7474014577877535,851.8423357664234,851.8423357664234,6.8495026309448575,943.4115662442379
2020,6325,4.16,780.31,CALIFORNIA,4.0,0.0,6.08,0.3901196766613863,-2.54,503.0,415751.64,44416463.0,11.6,1.196,10264.0,2858960000.0,1009613.0,6.862573663356488,955.8238735177864,955.8238735177864,6.74598692634886,850.6382298251307
2020,395,4.16,780.31,CALIFORNIA,4.0,0.0,6.08,0.3901196766613863,-2.54,503.0,415751.64,44416463.0,11.6,1.196,10264.0,2858960000.0,1009613.0,6.74476267067442,849.5974683544304,849.5974683544304,6.83214195217855,927.1746508403919
2020,2,3.41,897.88,CALIFORNIA,1.0,0.0,2.0,0.4781578118977718,-2.53,185.0,3556.57,9115222.0,12.5,1.102,3019.0,825045000.0,282963.0,6.804060042643372,901.5,901.5,6.776539340119371,877.0283694331254
2020,4167,4.16,780.31,CALIFORNIA,4.0,0.0,6.08,0.3901196766613863,-2.54,503.0,415751.64,44416463.0,11.6,1.196,10264.0,2858960000.0,1009613.0,6.6928444839983685,806.6133909287257,806.6133909287257,6.73090689885333,837.9068182161838
2020,1321,4.16,780.31,CALIFORNIA,4.0,0.0,6.08,0.3901196766613863,-2.54,503.0,415751.64,44416463.0,11.6,1.196,10264.0,2858960000.0,1009613.0,7.446801046732323,1714.3701741105224,1714.3701741105224,6.753439825536858,857.001634248348
2020,58,3.41,897.88,CALIFORNIA,1.0,0.0,2.0,0.4781578118977718,-2.53,185.0,3556.57,9115222.0,12.5,1.102,3019.0,825045000.0,282963.0,6.683101967864275,798.7931034482758,798.7931034482758,6.7881892842786495,887.3054484267951
2020,9,4.82,724.38,CALIFORNIA,1.0,0.0,2.0,0.2934316496095483,-1.87,139.0,11909.09,18062395.0,13.4,1.112,4742.0,1121730000.0,473944.0,6.526657527322267,683.1111111111111,683.1111111111111,6.789358621660465,888.3436147217633
2020,426,4.16,780.31,CALIFORNIA,4.0,0.0,6.08,0.3901196766613863,-2.54,503.0,415751.64,44416463.0,11.6,1.196,10264.0,2858960000.0,1009613.0,7.253659753028701,1413.2676056338028,1413.2676056338028,6.836136785418867,930.8859670642111
2020,126,4.16,780.31,CALIFORNIA,4.0,0.0,6.08,0.3901196766613863,-2.54,503.0,415751.64,44416463.0,11.6,1.196,10264.0,2858960000.0,1009613.0,6.892198387684284,984.563492063492,984.563492063492,6.862511035304663,955.7640140051619
2020,119,4.61,765.84,CALIFORNIA,0.0,0.0,0.0,0.4070530675151219,-3.24,85.0,773.81,6201866.0,11.1,1.121,1979.0,549005000.0,156434.0,7.255413221086519,1415.7478991596638,1415.7478991596638,6.850649096097743,944.4937749685248
2020,67,4.82,724.38,CALIFORNIA,1.0,0.0,2.0,0.2934316496095483,-1.87,139.0,11909.09,18062395.0,13.4,1.112,4742.0,1121730000.0,473944.0,6.601067873251113,735.8805970149253,735.8805970149253,6.802524756273584,900.1170012588507
2020,577,4.16,780.31,CALIFORNIA,4.0,0.0,6.08,0.3901196766613863,-2.54,503.0,415751.64,44416463.0,11.6,1.196,10264.0,2858960000.0,1009613.0,7.2457391232295265,1402.1178509532062,1402.1178509532062,6.852184322593859,945.9449004554056
2020,475,4.16,780.31,CALIFORNIA,4.0,0.0,6.08,0.3901196766613863,-2.54,503.0,415751.64,44416463.0,11.6,1.196,10264.0,2858960000.0,1009613.0,6.777696946042032,878.0442105263157,878.0442105263157,6.839903422699373,934.3988886490442
2020,3624,4.16,780.31,CALIFORNIA,4.0,0.0,6.08,0.3901196766613863,-2.54,503.0,415751.64,44416463.0,11.6,1.196,10264.0,2858960000.0,1009613.0,6.661367672199995,781.6192052980133,781.6192052980133,6.72810089970239,835.5589479971453
2020,3778,4.16,780.31,CALIFORNIA,4.0,0.0,6.08,0.3901196766613863,-2.54,503.0,415751.64,44416463.0,11.6,1.196,10264.0,2858960000.0,1009613.0,6.645454035292162,769.279248279513,769.279248279513,6.7341023423938084,840.5885845805509
2020,5346,4.16,780.31,CALIFORNIA,4.0,0.0,6.08,0.3901196766613863,-2.54,503.0,415751.64,44416463.0,11.6,1.196,10264.0,2858960000.0,1009613.0,6.95236430240208,1045.6189674523007,1045.6189674523007,6.741602663944711,846.9169720605905
2020,5151,4.16,780.31,CALIFORNIA,4.0,0.0,6.08,0.3901196766613863,-2.54,503.0,415751.64,44416463.0,11.6,1.196,10264.0,2858960000.0,1009613.0,6.660120651504282,780.6451174529218,780.6451174529218,6.7392899309778365,844.9605424807287
2020,3243,4.16,780.31,CALIFORNIA,4.0,0.0,6.08,0.3901196766613863,-2.54,503.0,415751.64,44416463.0,11.6,1.196,10264.0,2858960000.0,1009613.0,6.789114104647264,888.1264261486278,888.1264261486278,6.723260561312064,831.5243322736685
2020,4557,4.16,780.31,CALIFORNIA,4.0,0.0,6.08,0.3901196766613863,-2.54,503.0,415751.64,44416463.0,11.6,1.196,10264.0,2858960000.0,1009613.0,6.765300653802743,867.2269036646917,867.2269036646917,6.730300839593918,837.3991508842622
2020,9263,4.16,780.31,CALIFORNIA,4.0,0.0,6.08,0.3901196766613863,-2.54,503.0,415751.64,44416463.0,11.6,1.196,10264.0,2858960000.0,1009613.0,7.1912046937431775,1327.7017165065313,1327.7017165065313,6.755872531865371,859.0890054987236
2020,10351,4.16,780.31,CALIFORNIA,4.0,0.0,6.08,0.3901196766613863,-2.54,503.0,415751.64,44416463.0,11.6,1.196,10264.0,2858960000.0,1009613.0,6.979351245162141,1074.2212346633175,1074.2212346633175,6.758936703723315,861.7254390327394
2020,90,4.16,780.31,CALIFORNIA,4.0,0.0,6.08,0.3901196766613863,-2.54,503.0,415751.64,44416463.0,11.6,1.196,10264.0,2858960000.0,1009613.0,6.809738105240212,906.6333333333332,906.6333333333332,6.846018384393993,940.1302075994093
2020,15253,4.16,780.31,CALIFORNIA,4.0,0.0,6.08,0.3901196766613863,-2.54,503.0,415751.64,44416463.0,11.6,1.196,10264.0,2858960000.0,1009613.0,6.789055093376452,888.0740182259227,888.0740182259227,6.760735919010751,863.2772642314031
2020,2521,4.16,780.31,CALIFORNIA,4.0,0.0,6.08,0.3901196766613863,-2.54,503.0,415751.64,44416463.0,11.6,1.196,10264.0,2858960000.0,1009613.0,6.859306429029622,952.70606902023,952.70606902023,6.720323958165877,829.0860571787731
2020,2853,4.16,780.31,CALIFORNIA,4.0,0.0,6.08,0.3901196766613863,-2.54,503.0,415751.64,44416463.0,11.6,1.196,10264.0,2858960000.0,1009613.0,6.752139745965617,855.888187872415,855.888187872415,6.717230424583156,826.5252146863111
2020,5360,4.16,780.31,CALIFORNIA,4.0,0.0,6.08,0.3901196766613863,-2.54,503.0,415751.64,44416463.0,11.6,1.196,10264.0,2858960000.0,1009613.0,6.701285379366593,813.4507462686568,813.4507462686568,6.742252636536527,847.4676238148619
2020,14193,4.16,780.31,CALIFORNIA,4.0,0.0,6.08,0.3901196766613863,-2.54,503.0,415751.64,44416463.0,11.6,1.196,10264.0,2858960000.0,1009613.0,6.734237803031278,840.7024589586416,840.7024589586416,6.760735919010751,863.2772642314031
2020,2030,4.16,780.31,CALIFORNIA,4.0,0.0,6.08,0.3901196766613863,-2.54,503.0,415751.64,44416463.0,11.6,1.196,10264.0,2858960000.0,1009613.0,6.740232253214445,845.7571428571429,845.7571428571429,6.727719127824884,835.2400159723135
2020,1,4.16,780.31,CALIFORNIA,4.0,0.0,6.08,0.3901196766613863,-2.54,503.0,415751.64,44416463.0,11.6,1.196,10264.0,2858960000.0,1009613.0,7.943427767876373,2817.0,2817.0,6.889071924036424,981.4900970289488
2020,3903,4.16,780.31,CALIFORNIA,4.0,0.0,6.08,0.3901196766613863,-2.54,503.0,415751.64,44416463.0,11.6,1.196,10264.0,2858960000.0,1009613.0,7.104259876952462,1217.1409172431463,1217.1409172431463,6.730105159870099,837.2353048808847
2020,1567,4.16,780.31,CALIFORNIA,4.0,0.0,6.08,0.3901196766613863,-2.54,503.0,415751.64,44416463.0,11.6,1.196,10264.0,2858960000.0,1009613.0,6.833314327141764,928.2622846202936,928.2622846202936,6.743500117303056,848.5254830681756
2020,2,4.16,780.31,CALIFORNIA,4.0,0.0,6.08,0.3901196766613863,-2.54,503.0,415751.64,44416463.0,11.6,1.196,10264.0,2858960000.0,1009613.0,6.856461984594587,950.0,950.0,6.842807297769542,937.1162097584178
2020,1,4.16,780.31,CALIFORNIA,4.0,0.0,6.08,0.3901196766613863,-2.54,503.0,415751.64,44416463.0,11.6,1.196,10264.0,2858960000.0,1009613.0,7.094234845924755,1205.0,1205.0,6.889071924036424,981.4900970289488
2020,1,4.16,780.31,CALIFORNIA,4.0,0.0,6.08,0.3901196766613863,-2.54,503.0,415751.64,44416463.0,11.6,1.196,10264.0,2858960000.0,1009613.0,6.838405200847344,933.0,933.0,6.889071924036424,981.4900970289488
2020,3911,3.21,1442.49,CALIFORNIA,3.0,0.0,2.0,0.3290826226069132,-0.44,146.0,185234.3,27384056.0,11.1,1.102,2450.0,1385420000.0,440506.0,6.929070591364355,1021.5441063666582,1021.5441063666582,6.848916376614295,942.8586492188612
2020,5492,3.21,1442.49,CALIFORNIA,3.0,0.0,2.0,0.3290826226069132,-0.44,146.0,185234.3,27384056.0,11.1,1.102,2450.0,1385420000.0,440506.0,6.7011117765077834,813.3095411507647,813.3095411507647,6.822148249305942,917.9548893816516
2020,8338,3.21,1442.49,CALIFORNIA,3.0,0.0,2.0,0.3290826226069132,-0.44,146.0,185234.3,27384056.0,11.1,1.102,2450.0,1385420000.0,440506.0,6.787079661346703,886.3214200047973,886.3214200047973,6.801048761106733,898.7894129134021
2020,4539,3.21,1442.49,CALIFORNIA,3.0,0.0,2.0,0.3290826226069132,-0.44,146.0,185234.3,27384056.0,11.1,1.102,2450.0,1385420000.0,440506.0,7.093461349327829,1204.068296981714,1204.068296981714,6.8344717030534845,929.3372549806774
2020,3682,3.21,1442.49,CALIFORNIA,3.0,0.0,2.0,0.3290826226069132,-0.44,146.0,185234.3,27384056.0,11.1,1.102,2450.0,1385420000.0,440506.0,7.453635982227886,1726.1279196089083,1726.1279196089083,6.8596650857637,953.0478247503147
2020,144,3.21,1442.49,CALIFORNIA,3.0,0.0,2.0,0.3290826226069132,-0.44,146.0,185234.3,27384056.0,11.1,1.102,2450.0,1385420000.0,440506.0,8.448227105284841,4666.791666666667,4666.791666666667,6.927912082579333,1020.3613238094244
2020,1524,3.21,1442.49,CALIFORNIA,3.0,0.0,2.0,0.3290826226069132,-0.44,146.0,185234.3,27384056.0,11.1,1.102,2450.0,1385420000.0,440506.0,7.609563011195124,2017.3963254593175,2017.3963254593175,6.850657335029159,944.501556620016
2020,2,3.21,1442.49,CALIFORNIA,3.0,0.0,2.0,0.3290826226069132,-0.44,146.0,185234.3,27384056.0,11.1,1.102,2450.0,1385420000.0,440506.0,8.134614187094774,3410.5,3410.5,6.963398593616604,1057.220521388344
2020,4386,3.21,1442.49,CALIFORNIA,3.0,0.0,2.0,0.3290826226069132,-0.44,146.0,185234.3,27384056.0,11.1,1.102,2450.0,1385420000.0,440506.0,7.9128325327297695,2732.1183310533515,2732.1183310533515,6.839725283584955,934.2324504835212
2020,1998,3.21,1442.49,CALIFORNIA,3.0,0.0,2.0,0.3290826226069132,-0.44,146.0,185234.3,27384056.0,11.1,1.102,2450.0,1385420000.0,440506.0,7.706850640328764,2223.528528528529,2223.528528528529,6.86330002039779,956.5183951233544
2020,159,3.21,1442.49,CALIFORNIA,3.0,0.0,2.0,0.3290826226069132,-0.44,146.0,185234.3,27384056.0,11.1,1.102,2450.0,1385420000.0,440506.0,7.130204249508309,1249.132075471698,1249.132075471698,6.921120349377011,1013.4547821707417
2020,1171,3.21,1442.49,CALIFORNIA,3.0,0.0,2.0,0.3290826226069132,-0.44,146.0,185234.3,27384056.0,11.1,1.102,2450.0,1385420000.0,440506.0,6.7665182953827925,868.2835183603758,868.2835183603758,6.850019859406164,943.8996517720068
2020,2152,3.21,1442.49,CALIFORNIA,3.0,0.0,2.0,0.3290826226069132,-0.44,146.0,185234.3,27384056.0,11.1,1.102,2450.0,1385420000.0,440506.0,6.68635683512266,801.3973048327138,801.3973048327138,6.8679334590680785,960.9606479497091
2020,5,3.21,1442.49,CALIFORNIA,3.0,0.0,2.0,0.3290826226069132,-0.44,146.0,185234.3,27384056.0,11.1,1.102,2450.0,1385420000.0,440506.0,7.6174645478410605,2033.4,2033.4,6.948420611320557,1041.5034896760874
2020,1914,3.21,1442.49,CALIFORNIA,3.0,0.0,2.0,0.3290826226069132,-0.44,146.0,185234.3,27384056.0,11.1,1.102,2450.0,1385420000.0,440506.0,6.765177568317159,867.1201671891328,867.1201671891328,6.8636422461105475,956.8457963322519
2020,72,3.21,1442.49,CALIFORNIA,3.0,0.0,2.0,0.3290826226069132,-0.44,146.0,185234.3,27384056.0,11.1,1.102,2450.0,1385420000.0,440506.0,7.227450663172778,1376.7083333333333,1376.7083333333333,6.940462717991157,1033.2482068987988
2020,3701,3.21,1442.49,CALIFORNIA,3.0,0.0,2.0,0.3290826226069132,-0.44,146.0,185234.3,27384056.0,11.1,1.102,2450.0,1385420000.0,440506.0,6.76597347855822,867.8105917319643,867.8105917319643,6.8579418330121245,951.4068967368629
2020,5227,3.21,1442.49,CALIFORNIA,3.0,0.0,2.0,0.3290826226069132,-0.44,146.0,185234.3,27384056.0,11.1,1.102,2450.0,1385420000.0,440506.0,7.332987126675499,1529.9450927874498,1529.9450927874498,6.821900895488778,917.7278578154977
2020,3547,3.21,1442.49,CALIFORNIA,3.0,0.0,2.0,0.3290826226069132,-0.44,146.0,185234.3,27384056.0,11.1,1.102,2450.0,1385420000.0,440506.0,7.033683481862398,1134.2007330138144,1134.2007330138144,6.871223201078441,964.12716622189
2020,2193,3.21,1442.49,CALIFORNIA,3.0,0.0,2.0,0.3290826226069132,-0.44,146.0,185234.3,27384056.0,11.1,1.102,2450.0,1385420000.0,440506.0,8.21279803967731,3687.846785225718,3687.846785225718,6.869604478725173,962.5677744781719
2020,25,3.21,1442.49,CALIFORNIA,3.0,0.0,2.0,0.3290826226069132,-0.44,146.0,185234.3,27384056.0,11.1,1.102,2450.0,1385420000.0,440506.0,6.906754778648554,999.0,999.0,6.953742491008499,1047.0610210825876
2020,4075,3.21,1442.49,CALIFORNIA,3.0,0.0,2.0,0.3290826226069132,-0.44,146.0,185234.3,27384056.0,11.1,1.102,2450.0,1385420000.0,440506.0,6.767383224145848,869.0348466257668,869.0348466257668,6.843882117226989,938.1239819841354
2020,2576,3.21,1442.49,CALIFORNIA,3.0,0.0,2.0,0.3290826226069132,-0.44,146.0,185234.3,27384056.0,11.1,1.102,2450.0,1385420000.0,440506.0,6.691058777263061,805.174301242236,805.174301242236,6.8635428621213554,956.750705905282
2020,170,3.21,1442.49,CALIFORNIA,3.0,0.0,2.0,0.3290826226069132,-0.44,146.0,185234.3,27384056.0,11.1,1.102,2450.0,1385420000.0,440506.0,6.971227054878678,1065.529411764706,1065.529411764706,6.920380623506514,1012.7053806598057
2020,5863,-5.22,2127.91,CALIFORNIA,7.0,0.0,5.0,0.2534470308902714,-3.61,74.0,86540.14,150498469.0,6.9,1.12,4949.0,5659715000.0,762727.0,7.198284735028624,1337.1352549889136,1337.1352549889136,6.926953472101704,1019.3836634260638
2020,923,-5.22,2127.91,CALIFORNIA,7.0,0.0,5.0,0.2534470308902714,-3.61,74.0,86540.14,150498469.0,6.9,1.12,4949.0,5659715000.0,762727.0,7.146073254991229,1269.112676056338,1269.112676056338,7.038264629095229,1139.4085934429613
2020,9286,-5.22,2127.91,CALIFORNIA,7.0,0.0,5.0,0.2534470308902714,-3.61,74.0,86540.14,150498469.0,6.9,1.12,4949.0,5659715000.0,762727.0,7.888567180454138,2666.6203962954987,2666.6203962954987,6.923602031573208,1015.9729782490816
2020,6266,-5.22,2127.91,CALIFORNIA,7.0,0.0,5.0,0.2534470308902714,-3.61,74.0,86540.14,150498469.0,6.9,1.12,4949.0,5659715000.0,762727.0,6.946289359786695,1039.286147462496,1039.286147462496,6.9295006280410725,1021.9835022706856
2020,9804,-5.22,2127.91,CALIFORNIA,7.0,0.0,5.0,0.2534470308902714,-3.61,74.0,86540.14,150498469.0,6.9,1.12,4949.0,5659715000.0,762727.0,6.922806273051242,1015.1648306813546,1015.1648306813546,6.922730258759479,1015.087666578553
2020,1,-5.22,2127.91,CALIFORNIA,7.0,0.0,5.0,0.2534470308902714,-3.61,74.0,86540.14,150498469.0,6.9,1.12,4949.0,5659715000.0,762727.0,7.480428306074208,1773.0,1773.0,7.096968351836532,1208.2983806413754
2020,930,-5.22,2127.91,CALIFORNIA,7.0,0.0,5.0,0.2534470308902714,-3.61,74.0,86540.14,150498469.0,6.9,1.12,4949.0,5659715000.0,762727.0,7.236763476923316,1389.589247311828,1389.589247311828,7.03854183266164,1139.7244853498212
2020,3475,-5.22,2127.91,CALIFORNIA,7.0,0.0,5.0,0.2534470308902714,-3.61,74.0,86540.14,150498469.0,6.9,1.12,4949.0,5659715000.0,762727.0,7.273201627045122,1441.1571223021583,1441.1571223021583,6.996398608852533,1092.6908566260577
2020,415,-5.22,2127.91,CALIFORNIA,7.0,0.0,5.0,0.2534470308902714,-3.61,74.0,86540.14,150498469.0,6.9,1.12,4949.0,5659715000.0,762727.0,7.516544732657657,1838.2048192771083,1838.2048192771083,7.0686446582889015,1174.5550315352964
2020,55,-5.22,2127.91,CALIFORNIA,7.0,0.0,5.0,0.2534470308902714,-3.61,74.0,86540.14,150498469.0,6.9,1.12,4949.0,5659715000.0,762727.0,7.513540607920253,1832.6909090909091,1832.6909090909091,7.065077159803752,1170.3722736669274
2020,5479,-2.98,2191.5,CALIFORNIA,5.0,0.0,2.5,0.3329610393433237,-1.52,123.0,406009.89,337195139.0,7.1,1.21,13375.0,13084425000.0,1924802.0,7.884872297917162,2656.785727322504,2656.785727322504,6.967237729440873,1061.2871357137233
2020,6945,-2.98,2191.5,CALIFORNIA,5.0,0.0,2.5,0.3329610393433237,-1.52,123.0,406009.89,337195139.0,7.1,1.21,13375.0,13084425000.0,1924802.0,7.538881065356929,1879.7255579553637,1879.7255579553637,6.920129208330575,1012.4508031620173
2020,8266,-5.22,2127.91,CALIFORNIA,7.0,0.0,5.0,0.2534470308902714,-3.61,74.0,86540.14,150498469.0,6.9,1.12,4949.0,5659715000.0,762727.0,7.477020808216584,1766.968787805468,1766.968787805468,6.921280201438695,1013.6167979560292
2020,2170,-5.22,2127.91,CALIFORNIA,7.0,0.0,5.0,0.2534470308902714,-3.61,74.0,86540.14,150498469.0,6.9,1.12,4949.0,5659715000.0,762727.0,8.552620886104929,6204.227188940092,5180.313662906439,6.981914343885574,1076.9781012899696
2020,2110,-5.22,2127.91,CALIFORNIA,7.0,0.0,5.0,0.2534470308902714,-3.61,74.0,86540.14,150498469.0,6.9,1.12,4949.0,5659715000.0,762727.0,8.208448513394803,3671.841232227488,3671.841232227488,6.983679553059481,1078.8808718143764
2020,4702,-5.22,2127.91,CALIFORNIA,7.0,0.0,5.0,0.2534470308902714,-3.61,74.0,86540.14,150498469.0,6.9,1.12,4949.0,5659715000.0,762727.0,7.149038538273238,1272.8815397703106,1272.8815397703106,6.937917465408216,1030.621673245111
2020,1,-2.98,2191.5,CALIFORNIA,5.0,0.0,2.5,0.3329610393433237,-1.52,123.0,406009.89,337195139.0,7.1,1.21,13375.0,13084425000.0,1924802.0,6.616065185132817,747.0,747.0,7.0893597344424935,1199.1397868665374
2020,922,-5.22,2127.91,CALIFORNIA,7.0,0.0,5.0,0.2534470308902714,-3.61,74.0,86540.14,150498469.0,6.9,1.12,4949.0,5659715000.0,762727.0,7.312617168314077,1499.0954446854664,1499.0954446854664,7.038264629095229,1139.4085934429613
2020,714,-5.22,2127.91,CALIFORNIA,7.0,0.0,5.0,0.2534470308902714,-3.61,74.0,86540.14,150498469.0,6.9,1.12,4949.0,5659715000.0,762727.0,7.2486634406351484,1406.2240896358544,1406.2240896358544,7.05450708803297,1158.066505733925
2020,4210,-2.98,2191.5,CALIFORNIA,5.0,0.0,2.5,0.3329610393433237,-1.52,123.0,406009.89,337195139.0,7.1,1.21,13375.0,13084425000.0,1924802.0,7.05921452202048,1163.5308788598577,1163.5308788598577,6.97878077873677,1073.6086022752397
2020,1513,-2.98,2191.5,CALIFORNIA,5.0,0.0,2.5,0.3329610393433237,-1.52,123.0,406009.89,337195139.0,7.1,1.21,13375.0,13084425000.0,1924802.0,6.986284207375484,1081.694646397885,1081.694646397885,6.91795174297669,1010.2486250689785
2020,2567,-2.98,2191.5,CALIFORNIA,5.0,0.0,2.5,0.3329610393433237,-1.52,123.0,406009.89,337195139.0,7.1,1.21,13375.0,13084425000.0,1924802.0,6.76884778252757,870.3085313595637,870.3085313595637,6.911432465932304,1003.683956096696
2020,9124,-5.22,2127.91,CALIFORNIA,7.0,0.0,5.0,0.2534470308902714,-3.61,74.0,86540.14,150498469.0,6.9,1.12,4949.0,5659715000.0,762727.0,7.018570847101074,1117.1888426128892,1117.1888426128892,6.922984628478487,1015.3459069859459
2020,257,-5.22,2127.91,CALIFORNIA,7.0,0.0,5.0,0.2534470308902714,-3.61,74.0,86540.14,150498469.0,6.9,1.12,4949.0,5659715000.0,762727.0,7.66652441592521,2135.6459143968873,2135.6459143968873,7.067242628044324,1172.9094237226884
2020,6150,-5.22,2127.91,CALIFORNIA,7.0,0.0,5.0,0.2534470308902714,-3.61,74.0,86540.14,150498469.0,6.9,1.12,4949.0,5659715000.0,762727.0,7.118151520974081,1234.1669918699188,1234.1669918699188,6.931433826630454,1023.9611102742455
2020,7424,-5.22,2127.91,CALIFORNIA,7.0,0.0,5.0,0.2534470308902714,-3.61,74.0,86540.14,150498469.0,6.9,1.12,4949.0,5659715000.0,762727.0,7.8954863231335795,2685.1351023706898,2685.1351023706898,6.9239431320036555,1016.3195861799821
2020,2422,-5.22,2127.91,CALIFORNIA,7.0,0.0,5.0,0.2534470308902714,-3.61,74.0,86540.14,150498469.0,6.9,1.12,4949.0,5659715000.0,762727.0,6.8483987936984505,942.3707679603632,942.3707679603632,6.9783370274057335,1073.132292718284
2020,1933,-5.22,2127.91,CALIFORNIA,7.0,0.0,5.0,0.2534470308902714,-3.61,74.0,86540.14,150498469.0,6.9,1.12,4949.0,5659715000.0,762727.0,7.159525601488079,1286.3005690636317,1286.3005690636317,6.98536356094403,1080.6992463578104
2020,7667,-5.22,2127.91,CALIFORNIA,7.0,0.0,5.0,0.2534470308902714,-3.61,74.0,86540.14,150498469.0,6.9,1.12,4949.0,5659715000.0,762727.0,7.006002200235563,1103.2351636885353,1103.2351636885353,6.923807748875736,1016.1820029688718
2020,7626,-5.22,2127.91,CALIFORNIA,7.0,0.0,5.0,0.2534470308902714,-3.61,74.0,86540.14,150498469.0,6.9,1.12,4949.0,5659715000.0,762727.0,7.258466078803577,1420.0765801206398,1420.0765801206398,6.923392894610779,1015.7605229634017
2020,48,-5.22,2127.91,CALIFORNIA,7.0,0.0,5.0,0.2534470308902714,-3.61,74.0,86540.14,150498469.0,6.9,1.12,4949.0,5659715000.0,762727.0,7.921830400005986,2756.8125,2756.8125,7.065697458076532,1171.098478775395
2020,10727,-5.22,2127.91,CALIFORNIA,7.0,0.0,5.0,0.2534470308902714,-3.61,74.0,86540.14,150498469.0,6.9,1.12,4949.0,5659715000.0,762727.0,6.971744946488045,1066.0813834250023,1066.0813834250023,6.9229274724670145,1015.2878755220773
2020,1845,-2.98,2191.5,CALIFORNIA,5.0,0.0,2.5,0.3329610393433237,-1.52,123.0,406009.89,337195139.0,7.1,1.21,13375.0,13084425000.0,1924802.0,6.639877959335728,765.0016260162602,765.0016260162602,6.934876704351131,1027.4925588521564
2020,4621,-2.98,2191.5,CALIFORNIA,5.0,0.0,2.5,0.3329610393433237,-1.52,123.0,406009.89,337195139.0,7.1,1.21,13375.0,13084425000.0,1924802.0,6.817887393483308,914.0519368102142,914.0519368102142,6.942449275282479,1035.3028538191627
2020,10237,-2.98,2191.5,CALIFORNIA,5.0,0.0,2.5,0.3329610393433237,-1.52,123.0,406009.89,337195139.0,7.1,1.21,13375.0,13084425000.0,1924802.0,6.9140365750377715,1006.3010647650678,1006.3010647650678,6.914677541672108,1006.9462769293245
2020,1419,-2.98,2191.5,CALIFORNIA,5.0,0.0,2.5,0.3329610393433237,-1.52,123.0,406009.89,337195139.0,7.1,1.21,13375.0,13084425000.0,1924802.0,6.62025172007672,750.1338971106413,750.1338971106413,6.922872072357455,1015.231630020557
2020,134,-6.6,2407.04,CALIFORNIA,16.0,0.0,4.5,0.2609166237006778,-4.23,10.0,1.6,209160216.0,7.9,1.18,4672.0,5060540000.0,874826.0,7.791340861065354,2419.5597014925374,2419.5597014925374,7.206267835269213,1347.852461112974
2020,201,-6.6,2407.04,CALIFORNIA,16.0,0.0,4.5,0.2609166237006778,-4.23,10.0,1.6,209160216.0,7.9,1.18,4672.0,5060540000.0,874826.0,7.641927418538281,2083.7562189054725,2083.7562189054725,7.1953915825524355,1333.272309554529
2020,1,-6.6,2407.04,CALIFORNIA,16.0,0.0,4.5,0.2609166237006778,-4.23,10.0,1.6,209160216.0,7.9,1.18,4672.0,5060540000.0,874826.0,7.701652362642226,2212.0,2212.0,7.223228311219876,1370.9076411135848
2020,3,-6.6,2407.04,CALIFORNIA,16.0,0.0,4.5,0.2609166237006778,-4.23,10.0,1.6,209160216.0,7.9,1.18,4672.0,5060540000.0,874826.0,7.6246189861593985,2048.0,2048.0,7.199944449058652,1339.3563598212263
2020,1401,-6.6,2407.04,CALIFORNIA,16.0,0.0,4.5,0.2609166237006778,-4.23,10.0,1.6,209160216.0,7.9,1.18,4672.0,5060540000.0,874826.0,7.518390193001462,1841.6002855103495,1841.6002855103495,7.140957133349093,1262.636322261342
2020,46,-6.6,2407.04,CALIFORNIA,16.0,0.0,4.5,0.2609166237006778,-4.23,10.0,1.6,209160216.0,7.9,1.18,4672.0,5060540000.0,874826.0,8.16268360326496,3507.586956521739,3507.586956521739,7.20737717301588,1349.3485143857833
2020,598,-6.6,2407.04,CALIFORNIA,16.0,0.0,4.5,0.2609166237006778,-4.23,10.0,1.6,209160216.0,7.9,1.18,4672.0,5060540000.0,874826.0,8.525807818202761,5043.259197324414,5043.259197324414,7.205953741814624,1347.4291759562147
2020,6066,-6.6,2407.04,CALIFORNIA,16.0,0.0,4.5,0.2609166237006778,-4.23,10.0,1.6,209160216.0,7.9,1.18,4672.0,5060540000.0,874826.0,7.4579342822891475,1733.5633036597428,1733.5633036597428,6.993785680353321,1089.8394604154626
2020,3,-6.6,2407.04,CALIFORNIA,16.0,0.0,4.5,0.2609166237006778,-4.23,10.0,1.6,209160216.0,7.9,1.18,4672.0,5060540000.0,874826.0,8.552620886104929,6227.333333333333,5180.313662906439,7.199944449058652,1339.3563598212263
2020,13225,-6.6,2407.04,CALIFORNIA,16.0,0.0,4.5,0.2609166237006778,-4.23,10.0,1.6,209160216.0,7.9,1.18,4672.0,5060540000.0,874826.0,7.048987135818708,1151.6916446124765,1151.6916446124765,6.995900839799876,1092.1470842812578
2020,4107,-6.6,2407.04,CALIFORNIA,16.0,0.0,4.5,0.2609166237006778,-4.23,10.0,1.6,209160216.0,7.9,1.18,4672.0,5060540000.0,874826.0,7.798773802526571,2437.611151692233,2437.611151692233,7.02174659982476,1120.742397742292
2020,1485,-6.6,2407.04,CALIFORNIA,16.0,0.0,4.5,0.2609166237006778,-4.23,10.0,1.6,209160216.0,7.9,1.18,4672.0,5060540000.0,874826.0,8.552620886104929,6452.9414141414145,5180.313662906439,7.138250175265998,1259.2230405523135
2020,10006,-6.6,2407.04,CALIFORNIA,16.0,0.0,4.5,0.2609166237006778,-4.23,10.0,1.6,209160216.0,7.9,1.18,4672.0,5060540000.0,874826.0,7.227057377262824,1376.16699980012,1376.16699980012,6.993188210752833,1089.188508949672
2020,2017,-6.6,2407.04,CALIFORNIA,16.0,0.0,4.5,0.2609166237006778,-4.23,10.0,1.6,209160216.0,7.9,1.18,4672.0,5060540000.0,874826.0,8.088771240294077,3257.682201289043,3257.682201289043,7.128041641526255,1246.4336113863258
2020,3742,-6.6,2407.04,CALIFORNIA,16.0,0.0,4.5,0.2609166237006778,-4.23,10.0,1.6,209160216.0,7.9,1.18,4672.0,5060540000.0,874826.0,8.193124164935815,3616.0016034206305,3616.0016034206305,7.046676431161792,1149.0334976449603
2020,1,-6.6,2407.04,CALIFORNIA,16.0,0.0,4.5,0.2609166237006778,-4.23,10.0,1.6,209160216.0,7.9,1.18,4672.0,5060540000.0,874826.0,8.552620886104929,9238.0,5180.313662906439,7.223228311219876,1370.9076411135848
2020,5567,-6.6,2407.04,CALIFORNIA,16.0,0.0,4.5,0.2609166237006778,-4.23,10.0,1.6,209160216.0,7.9,1.18,4672.0,5060540000.0,874826.0,7.661570783316748,2125.0928686904977,2125.0928686904977,6.9995145653076385,1096.100943836728
2020,9036,-6.6,2407.04,CALIFORNIA,16.0,0.0,4.5,0.2609166237006778,-4.23,10.0,1.6,209160216.0,7.9,1.18,4672.0,5060540000.0,874826.0,7.279133734863465,1449.731629039398,1449.731629039398,6.99138682254971,1087.2282237660684
2020,1810,-6.6,2407.04,CALIFORNIA,16.0,0.0,4.5,0.2609166237006778,-4.23,10.0,1.6,209160216.0,7.9,1.18,4672.0,5060540000.0,874826.0,8.55082489821561,5171.018232044199,5171.018232044199,7.127885963566935,1246.2395842485435
2020,3972,-6.6,2407.04,CALIFORNIA,16.0,0.0,4.5,0.2609166237006778,-4.23,10.0,1.6,209160216.0,7.9,1.18,4672.0,5060540000.0,874826.0,7.041197764079477,1142.7555387714,1142.7555387714,7.026355366292526,1125.9195587230877
2020,6074,-6.6,2407.04,CALIFORNIA,16.0,0.0,4.5,0.2609166237006778,-4.23,10.0,1.6,209160216.0,7.9,1.18,4672.0,5060540000.0,874826.0,7.533381556766932,1869.4163648337176,1869.4163648337176,6.992582075020291,1088.5285129187193
2020,1,-6.6,2407.04,CALIFORNIA,16.0,0.0,4.5,0.2609166237006778,-4.23,10.0,1.6,209160216.0,7.9,1.18,4672.0,5060540000.0,874826.0,8.268475388982598,3899.0,3899.0,7.223228311219876,1370.9076411135848
2020,5436,-6.6,2407.04,CALIFORNIA,16.0,0.0,4.5,0.2609166237006778,-4.23,10.0,1.6,209160216.0,7.9,1.18,4672.0,5060540000.0,874826.0,7.43138358648761,1688.1416482707873,1688.1416482707873,7.003057435609046,1099.9911745402464
2020,3764,-6.6,2407.04,CALIFORNIA,16.0,0.0,4.5,0.2609166237006778,-4.23,10.0,1.6,209160216.0,7.9,1.18,4672.0,5060540000.0,874826.0,7.182576174200554,1316.2948990435707,1316.2948990435707,7.0467977195019715,1149.172870462678
2020,608,-6.6,2407.04,CALIFORNIA,16.0,0.0,4.5,0.2609166237006778,-4.23,10.0,1.6,209160216.0,7.9,1.18,4672.0,5060540000.0,874826.0,8.229217654855445,3748.899671052632,3748.899671052632,7.205778870467383,1347.1935698018867
2020,6178,-6.6,2407.04,CALIFORNIA,16.0,0.0,4.5,0.2609166237006778,-4.23,10.0,1.6,209160216.0,7.9,1.18,4672.0,5060540000.0,874826.0,6.9777556496775,1072.5085788280996,1072.5085788280996,6.993283203824107,1089.2919792257353
2020,1,-6.6,2407.04,CALIFORNIA,16.0,0.0,4.5,0.2609166237006778,-4.23,10.0,1.6,209160216.0,7.9,1.18,4672.0,5060540000.0,874826.0,8.552620886104929,5746.0,5180.313662906439,7.223228311219876,1370.9076411135848
2020,1,,,,,,,,,,,,,,,,,7.506042178518122,1819.0,1819.0,6.848493256606864,942.4597912485415
2020,5,-6.6,2407.04,CALIFORNIA,16.0,0.0,4.5,0.2609166237006778,-4.23,10.0,1.6,209160216.0,7.9,1.18,4672.0,5060540000.0,874826.0,6.258701535932703,472.8,522.5400000000001,7.192568638252901,1329.5138635263654
2020,1,-6.6,2407.04,CALIFORNIA,16.0,0.0,4.5,0.2609166237006778,-4.23,10.0,1.6,209160216.0,7.9,1.18,4672.0,5060540000.0,874826.0,7.877397186353287,2637.0,2637.0,7.223228311219876,1370.9076411135848
2020,3331,-2.98,2191.5,CALIFORNIA,5.0,0.0,2.5,0.3329610393433237,-1.52,123.0,406009.89,337195139.0,7.1,1.21,13375.0,13084425000.0,1924802.0,7.799139544719404,2438.5028519963976,2438.5028519963976,6.9839920057934215,1079.2180237616517
2020,1,-2.98,2191.5,CALIFORNIA,5.0,0.0,2.5,0.3329610393433237,-1.52,123.0,406009.89,337195139.0,7.1,1.21,13375.0,13084425000.0,1924802.0,8.552620886104929,6666.0,5180.313662906439,7.0893597344424935,1199.1397868665374
2020,6536,-5.22,2127.91,CALIFORNIA,7.0,0.0,5.0,0.2534470308902714,-3.61,74.0,86540.14,150498469.0,6.9,1.12,4949.0,5659715000.0,762727.0,7.044794263572209,1146.872858017136,1146.872858017136,6.928404289426562,1020.8636762601676
2020,169,-2.98,2191.5,CALIFORNIA,5.0,0.0,2.5,0.3329610393433237,-1.52,123.0,406009.89,337195139.0,7.1,1.21,13375.0,13084425000.0,1924802.0,8.01742065501823,3033.343195266272,3033.343195266272,7.1236641226707,1240.989249841983
2020,643,-2.98,2191.5,CALIFORNIA,5.0,0.0,2.5,0.3329610393433237,-1.52,123.0,406009.89,337195139.0,7.1,1.21,13375.0,13084425000.0,1924802.0,7.740575818644342,2299.796267496112,2299.796267496112,7.122711859661957,1239.808064174079
2020,4979,-2.98,2191.5,CALIFORNIA,5.0,0.0,2.5,0.3329610393433237,-1.52,123.0,406009.89,337195139.0,7.1,1.21,13375.0,13084425000.0,1924802.0,7.183869038825105,1317.9977907210284,1317.9977907210284,6.954508681885524,1047.8635771009176
2020,3308,-5.22,2127.91,CALIFORNIA,7.0,0.0,5.0,0.2534470308902714,-3.61,74.0,86540.14,150498469.0,6.9,1.12,4949.0,5659715000.0,762727.0,6.944923205277485,1037.867291414752,1037.867291414752,6.994433596204621,1090.545813481201
2020,5712,-5.22,2127.91,CALIFORNIA,7.0,0.0,5.0,0.2534470308902714,-3.61,74.0,86540.14,150498469.0,6.9,1.12,4949.0,5659715000.0,762727.0,7.369924553154537,1587.5140056022408,1587.5140056022408,6.926664485982149,1019.0891182586156
2020,7536,-5.22,2127.91,CALIFORNIA,7.0,0.0,5.0,0.2534470308902714,-3.61,74.0,86540.14,150498469.0,6.9,1.12,4949.0,5659715000.0,762727.0,7.054184459371563,1157.692940552017,1157.692940552017,6.923297380515695,1015.6635081494438
2020,4774,-5.22,2127.91,CALIFORNIA,7.0,0.0,5.0,0.2534470308902714,-3.61,74.0,86540.14,150498469.0,6.9,1.12,4949.0,5659715000.0,762727.0,7.071946353862994,1178.4394637620444,1178.4394637620444,6.937132336280678,1029.8128197187566
2020,8650,0.01,2036.42,CALIFORNIA,13.0,0.0,7.0,0.3825609952082829,-4.11,186.0,554.5,136360934.0,8.9,1.25,13962.0,10417410000.0,1680614.0,7.256039314034097,1416.6345664739883,1416.6345664739883,6.882524356683288,975.0847172236089
2020,2913,0.01,2036.42,CALIFORNIA,13.0,0.0,7.0,0.3825609952082829,-4.11,186.0,554.5,136360934.0,8.9,1.25,13962.0,10417410000.0,1680614.0,7.143971132995101,1266.4476484723652,1266.4476484723652,6.932172575021765,1024.7178393790145
2020,4101,1.38,1591.2,CALIFORNIA,0.0,0.0,0.0,0.4758932141617134,-3.15,24.0,380004.4,10431615.0,8.9,1.109,1072.0,686460000.0,137465.0,7.016547573084578,1114.930748597903,1114.930748597903,6.871427600857001,964.3242537428066
2020,4946,1.08,1436.25,CALIFORNIA,2.0,0.0,1.0,0.4443501872867702,-4.32,180.0,259.44,71307929.0,9.0,1.171,13870.0,8916550000.0,1166165.0,7.163628335372106,1291.5887585928022,1291.5887585928022,6.912337587367996,1004.5928232155264
2020,6860,1.08,1436.25,CALIFORNIA,2.0,0.0,1.0,0.4443501872867702,-4.32,180.0,259.44,71307929.0,9.0,1.171,13870.0,8916550000.0,1166165.0,7.643202148905348,2086.414139941691,2086.414139941691,6.898048893601889,990.3405695346893
2020,5019,1.08,1436.25,CALIFORNIA,2.0,0.0,1.0,0.4443501872867702,-4.32,180.0,259.44,71307929.0,9.0,1.171,13870.0,8916550000.0,1166165.0,7.847189939445318,2558.534568639171,2558.534568639171,6.909473601625369,1001.7197998055447
2020,556,1.38,1591.2,CALIFORNIA,0.0,0.0,0.0,0.4758932141617134,-3.15,24.0,380004.4,10431615.0,8.9,1.109,1072.0,686460000.0,137465.0,7.8712027759795715,2620.7158273381297,2620.7158273381297,6.934374678103552,1026.9768600764119
2020,12109,1.08,1436.25,CALIFORNIA,2.0,0.0,1.0,0.4443501872867702,-4.32,180.0,259.44,71307929.0,9.0,1.171,13870.0,8916550000.0,1166165.0,6.944053919557166,1036.9654802213229,1036.9654802213229,6.878847584778141,971.5061359751451
2020,6510,2.27,1186.64,CALIFORNIA,0.0,0.0,0.0,0.4812910823258399,-3.73,128.0,1909.85,31087660.0,9.7,1.18,5941.0,2449225000.0,452887.0,7.07915230038101,1186.9619047619049,1186.9619047619049,6.807562883725129,904.6633483539939
2020,473,1.08,1436.25,CALIFORNIA,2.0,0.0,1.0,0.4443501872867702,-4.32,180.0,259.44,71307929.0,9.0,1.171,13870.0,8916550000.0,1166165.0,7.1376548154980695,1258.4735729386891,1258.4735729386891,7.0198124962240875,1118.5768606969532
2020,9,2.27,1186.64,CALIFORNIA,0.0,0.0,0.0,0.4812910823258399,-3.73,128.0,1909.85,31087660.0,9.7,1.18,5941.0,2449225000.0,452887.0,7.145634174340108,1268.5555555555557,1268.5555555555557,6.8746448693908375,967.4317399491662
2020,16781,1.08,1436.25,CALIFORNIA,2.0,0.0,1.0,0.4443501872867702,-4.32,180.0,259.44,71307929.0,9.0,1.171,13870.0,8916550000.0,1166165.0,7.080114127256586,1188.1041058339788,1188.1041058339788,6.879131621213867,971.7821183079571
2020,339,1.08,1436.25,CALIFORNIA,2.0,0.0,1.0,0.4443501872867702,-4.32,180.0,259.44,71307929.0,9.0,1.171,13870.0,8916550000.0,1166165.0,7.297208912367583,1476.174041297935,1476.174041297935,7.014609505990727,1112.7720305480284
2020,1352,1.38,1591.2,CALIFORNIA,0.0,0.0,0.0,0.4758932141617134,-3.15,24.0,380004.4,10431615.0,8.9,1.109,1072.0,686460000.0,137465.0,7.782733264773477,2398.8224852071007,2398.8224852071007,6.886888785289312,979.3497052044901
2020,29,1.08,1436.25,CALIFORNIA,2.0,0.0,1.0,0.4443501872867702,-4.32,180.0,259.44,71307929.0,9.0,1.171,13870.0,8916550000.0,1166165.0,7.3384847453703195,1538.3793103448277,1538.3793103448277,7.010022964744422,1107.6799421953963
2020,3609,1.08,1436.25,CALIFORNIA,2.0,0.0,1.0,0.4443501872867702,-4.32,180.0,259.44,71307929.0,9.0,1.171,13870.0,8916550000.0,1166165.0,7.304974606175853,1487.6821834303132,1487.6821834303132,6.9295203854413,1022.0036942072356
2020,5727,1.08,1436.25,CALIFORNIA,2.0,0.0,1.0,0.4443501872867702,-4.32,180.0,259.44,71307929.0,9.0,1.171,13870.0,8916550000.0,1166165.0,7.026126078157904,1125.6614283219835,1125.6614283219835,6.890845520286097,983.2324088062237
2020,4557,1.08,1436.25,CALIFORNIA,2.0,0.0,1.0,0.4443501872867702,-4.32,180.0,259.44,71307929.0,9.0,1.171,13870.0,8916550000.0,1166165.0,6.852626172090989,946.3629580864604,946.3629580864604,6.906156275937463,998.4022746795756
2020,3630,1.08,1436.25,CALIFORNIA,2.0,0.0,1.0,0.4443501872867702,-4.32,180.0,259.44,71307929.0,9.0,1.171,13870.0,8916550000.0,1166165.0,6.780651043040837,880.6418732782369,880.6418732782369,6.928142482499637,1020.5964420616848
2020,9888,1.08,1436.25,CALIFORNIA,2.0,0.0,1.0,0.4443501872867702,-4.32,180.0,259.44,71307929.0,9.0,1.171,13870.0,8916550000.0,1166165.0,7.029222100089995,1129.1519012944984,1129.1519012944984,6.87635213842604,969.0848169244921
2020,4,1.08,1436.25,CALIFORNIA,2.0,0.0,1.0,0.4443501872867702,-4.32,180.0,259.44,71307929.0,9.0,1.171,13870.0,8916550000.0,1166165.0,6.91844790852088,1010.75,1010.75,6.991289575193909,1087.1224988369734
2020,7635,1.08,1436.25,CALIFORNIA,2.0,0.0,1.0,0.4443501872867702,-4.32,180.0,259.44,71307929.0,9.0,1.171,13870.0,8916550000.0,1166165.0,7.012983605156757,1110.964243614931,1110.964243614931,6.885274494987227,977.770025846608
2020,800,1.08,1436.25,CALIFORNIA,2.0,0.0,1.0,0.4443501872867702,-4.32,180.0,259.44,71307929.0,9.0,1.171,13870.0,8916550000.0,1166165.0,7.12343000795255,1240.69875,1240.69875,7.01078448845468,1108.5237879982685
2020,9106,1.08,1436.25,CALIFORNIA,2.0,0.0,1.0,0.4443501872867702,-4.32,180.0,259.44,71307929.0,9.0,1.171,13870.0,8916550000.0,1166165.0,7.4346669902639935,1693.6936086097078,1693.6936086097078,6.877425670472814,970.1257191524845
2020,348,1.08,1436.25,CALIFORNIA,2.0,0.0,1.0,0.4443501872867702,-4.32,180.0,259.44,71307929.0,9.0,1.171,13870.0,8916550000.0,1166165.0,8.237492972154387,3780.051724137931,3780.051724137931,7.00981535373336,1107.4499995128056
2020,6219,1.08,1436.25,CALIFORNIA,2.0,0.0,1.0,0.4443501872867702,-4.32,180.0,259.44,71307929.0,9.0,1.171,13870.0,8916550000.0,1166165.0,7.174992310888072,1306.3500562791446,1306.3500562791446,6.900796865137886,993.065739861066
2020,9333,1.08,1436.25,CALIFORNIA,2.0,0.0,1.0,0.4443501872867702,-4.32,180.0,259.44,71307929.0,9.0,1.171,13870.0,8916550000.0,1166165.0,7.110109749401647,1224.2819029251043,1224.2819029251043,6.8773298057292775,970.032722756829
2020,13215,2.27,1186.64,CALIFORNIA,0.0,0.0,0.0,0.4812910823258399,-3.73,128.0,1909.85,31087660.0,9.7,1.18,5941.0,2449225000.0,452887.0,6.894304955151204,986.6397275822928,986.6397275822928,6.803700474739682,901.1759078048912
2020,10819,2.27,1186.64,CALIFORNIA,0.0,0.0,0.0,0.4812910823258399,-3.73,128.0,1909.85,31087660.0,9.7,1.18,5941.0,2449225000.0,452887.0,7.159725785964767,1286.5580922451245,1286.5580922451245,6.803671428180223,901.1497321254607
2020,5,2.27,1186.64,CALIFORNIA,0.0,0.0,0.0,0.4812910823258399,-3.73,128.0,1909.85,31087660.0,9.7,1.18,5941.0,2449225000.0,452887.0,6.9440872082295275,1037.0,1037.0,6.869169822173085,962.149479002186
2020,11587,0.01,2036.42,CALIFORNIA,13.0,0.0,7.0,0.3825609952082829,-4.11,186.0,554.5,136360934.0,8.9,1.25,13962.0,10417410000.0,1680614.0,6.940841775193427,1033.639941313541,1033.639941313541,6.887282559134308,979.7354234413967
2020,1,0.01,2036.42,CALIFORNIA,13.0,0.0,7.0,0.3825609952082829,-4.11,186.0,554.5,136360934.0,8.9,1.25,13962.0,10417410000.0,1680614.0,6.473890696352274,648.0,648.0,7.058328631452114,1162.5005742642174
2020,8018,0.01,2036.42,CALIFORNIA,13.0,0.0,7.0,0.3825609952082829,-4.11,186.0,554.5,136360934.0,8.9,1.25,13962.0,10417410000.0,1680614.0,6.775004965976967,875.6837116487902,875.6837116487902,6.874454116868272,967.2472175039809
2020,12019,0.01,2036.42,CALIFORNIA,13.0,0.0,7.0,0.3825609952082829,-4.11,186.0,554.5,136360934.0,8.9,1.25,13962.0,10417410000.0,1680614.0,7.151258981246922,1275.7110408519843,1275.7110408519843,6.887440238653461,979.8899198320008
2020,7614,0.01,2036.42,CALIFORNIA,13.0,0.0,7.0,0.3825609952082829,-4.11,186.0,554.5,136360934.0,8.9,1.25,13962.0,10417410000.0,1680614.0,6.979048173905342,1073.895718413449,1073.895718413449,6.87266056863277,965.5139677618698
2020,3308,0.01,2036.42,CALIFORNIA,13.0,0.0,7.0,0.3825609952082829,-4.11,186.0,554.5,136360934.0,8.9,1.25,13962.0,10417410000.0,1680614.0,7.33977636413975,1540.3675937122127,1540.3675937122127,6.967130560092605,1061.1734043574304
2020,9272,0.01,2036.42,CALIFORNIA,13.0,0.0,7.0,0.3825609952082829,-4.11,186.0,554.5,136360934.0,8.9,1.25,13962.0,10417410000.0,1680614.0,6.890716088287823,983.1051553062986,983.1051553062986,6.8858215989679925,978.3051140811262
2020,5805,0.01,2036.42,CALIFORNIA,13.0,0.0,7.0,0.3825609952082829,-4.11,186.0,554.5,136360934.0,8.9,1.25,13962.0,10417410000.0,1680614.0,6.8616651614942175,954.9559000861326,954.9559000861326,6.882347719382609,974.9124961020094
2020,9477,0.01,2036.42,CALIFORNIA,13.0,0.0,7.0,0.3825609952082829,-4.11,186.0,554.5,136360934.0,8.9,1.25,13962.0,10417410000.0,1680614.0,7.040874140605741,1142.3857760894798,1142.3857760894798,6.884462352744228,976.976259873747
2020,5135,1.08,1436.25,CALIFORNIA,2.0,0.0,1.0,0.4443501872867702,-4.32,180.0,259.44,71307929.0,9.0,1.171,13870.0,8916550000.0,1166165.0,7.029729196044483,1129.724634858812,1129.724634858812,6.904407724640699,996.6580424716431
2020,91,1.08,1436.25,CALIFORNIA,2.0,0.0,1.0,0.4443501872867702,-4.32,180.0,259.44,71307929.0,9.0,1.171,13870.0,8916550000.0,1166165.0,7.353103039467933,1561.032967032967,1561.032967032967,7.012033102890684,1109.9087712777382
2020,8041,1.08,1436.25,CALIFORNIA,2.0,0.0,1.0,0.4443501872867702,-4.32,180.0,259.44,71307929.0,9.0,1.171,13870.0,8916550000.0,1166165.0,7.6837299938560495,2172.708867056336,2172.708867056336,6.883296943090451,975.838345505965
2020,13036,0.01,2036.42,CALIFORNIA,13.0,0.0,7.0,0.3825609952082829,-4.11,186.0,554.5,136360934.0,8.9,1.25,13962.0,10417410000.0,1680614.0,7.094163416530231,1204.9139306535749,1204.9139306535749,6.887695133101537,980.139720167298
2020,7969,0.01,2036.42,CALIFORNIA,13.0,0.0,7.0,0.3825609952082829,-4.11,186.0,554.5,136360934.0,8.9,1.25,13962.0,10417410000.0,1680614.0,6.936050379629415,1028.699209436567,1028.699209436567,6.8744471008003485,967.2404312556109
2020,3879,0.01,2036.42,CALIFORNIA,13.0,0.0,7.0,0.3825609952082829,-4.11,186.0,554.5,136360934.0,8.9,1.25,13962.0,10417410000.0,1680614.0,7.355283251011418,1564.4400618716163,1564.4400618716163,6.993753180911299,1089.8040418166509
2020,11491,1.08,1436.25,CALIFORNIA,2.0,0.0,1.0,0.4443501872867702,-4.32,180.0,259.44,71307929.0,9.0,1.171,13870.0,8916550000.0,1166165.0,7.035781039955438,1136.5822817857454,1136.5822817857454,6.878689905258989,971.352961431333
2020,6563,0.01,2036.42,CALIFORNIA,13.0,0.0,7.0,0.3825609952082829,-4.11,186.0,554.5,136360934.0,8.9,1.25,13962.0,10417410000.0,1680614.0,6.860116493471033,953.478134999238,953.478134999238,6.881926319348155,974.5017544919051
2020,4024,1.08,1436.25,CALIFORNIA,2.0,0.0,1.0,0.4443501872867702,-4.32,180.0,259.44,71307929.0,9.0,1.171,13870.0,8916550000.0,1166165.0,7.513680912266526,1832.9480616302187,1832.9480616302187,6.920846238936279,1013.1770217039998
2020,14816,1.38,1591.2,CALIFORNIA,0.0,0.0,0.0,0.4758932141617134,-3.15,24.0,380004.4,10431615.0,8.9,1.109,1072.0,686460000.0,137465.0,7.292540925703426,1469.2993385529155,1469.2993385529155,6.851770166140537,945.5532123860648
2020,4805,1.38,1591.2,CALIFORNIA,0.0,0.0,0.0,0.4758932141617134,-3.15,24.0,380004.4,10431615.0,8.9,1.109,1072.0,686460000.0,137465.0,7.053324153265528,1156.697398543184,1156.697398543184,6.860223268977351,953.579948545366
2020,8793,0.01,2036.42,CALIFORNIA,13.0,0.0,7.0,0.3825609952082829,-4.11,186.0,554.5,136360934.0,8.9,1.25,13962.0,10417410000.0,1680614.0,6.841222701586024,935.6324348913907,935.6324348913907,6.885445559963995,977.9373023605323
2020,10295,1.08,1436.25,CALIFORNIA,2.0,0.0,1.0,0.4443501872867702,-4.32,180.0,259.44,71307929.0,9.0,1.171,13870.0,8916550000.0,1166165.0,6.9474987941437965,1040.5438562408935,1040.5438562408935,6.875219041420488,967.9873716936794
2020,19,1.38,1591.2,CALIFORNIA,0.0,0.0,0.0,0.4758932141617134,-3.15,24.0,380004.4,10431615.0,8.9,1.109,1072.0,686460000.0,137465.0,8.552620886104929,9144.526315789471,5180.313662906439,6.968968377610372,1063.1254406231399
2020,6197,1.08,1436.25,CALIFORNIA,2.0,0.0,1.0,0.4443501872867702,-4.32,180.0,259.44,71307929.0,9.0,1.171,13870.0,8916550000.0,1166165.0,7.8000928617648855,2440.8286267548815,2440.8286267548815,6.899627318353313,991.9049819308052
2020,4547,1.08,1436.25,CALIFORNIA,2.0,0.0,1.0,0.4443501872867702,-4.32,180.0,259.44,71307929.0,9.0,1.171,13870.0,8916550000.0,1166165.0,6.951155973506345,1044.356278865186,1044.356278865186,6.906156275937463,998.4022746795756
2020,15533,1.08,1436.25,CALIFORNIA,2.0,0.0,1.0,0.4443501872867702,-4.32,180.0,259.44,71307929.0,9.0,1.171,13870.0,8916550000.0,1166165.0,6.904292521091619,996.543230541428,996.543230541428,6.879131621213867,971.7821183079571
2020,10250,0.01,2036.42,CALIFORNIA,13.0,0.0,7.0,0.3825609952082829,-4.11,186.0,554.5,136360934.0,8.9,1.25,13962.0,10417410000.0,1680614.0,7.327138814660909,1521.0236097560976,1521.0236097560976,6.8834739899927975,976.0111299572526
2020,131,1.38,1591.2,CALIFORNIA,0.0,0.0,0.0,0.4758932141617134,-3.15,24.0,380004.4,10431615.0,8.9,1.109,1072.0,686460000.0,137465.0,7.659038131079094,2119.7175572519086,2119.7175572519086,6.957035902742263,1050.5151088799475
2020,11544,0.01,2036.42,CALIFORNIA,13.0,0.0,7.0,0.3825609952082829,-4.11,186.0,554.5,136360934.0,8.9,1.25,13962.0,10417410000.0,1680614.0,7.006317818633338,1103.58341995842,1103.58341995842,6.887282559134308,979.7354234413967
2020,64,1.08,1436.25,CALIFORNIA,2.0,0.0,1.0,0.4443501872867702,-4.32,180.0,259.44,71307929.0,9.0,1.171,13870.0,8916550000.0,1166165.0,7.139771848383182,1261.140625,1261.140625,7.016446389441543,1114.8179415502384
2020,4113,2.27,1186.64,CALIFORNIA,0.0,0.0,0.0,0.4812910823258399,-3.73,128.0,1909.85,31087660.0,9.7,1.18,5941.0,2449225000.0,452887.0,6.757641177402143,860.6097738876732,860.6097738876732,6.812347174617547,909.0018911219892
2020,1926,1.08,1436.25,CALIFORNIA,2.0,0.0,1.0,0.4443501872867702,-4.32,180.0,259.44,71307929.0,9.0,1.171,13870.0,8916550000.0,1166165.0,6.886414428728955,978.8852544132918,978.8852544132918,6.906439463593599,998.6850499169611
2020,39,1.38,1591.2,CALIFORNIA,0.0,0.0,0.0,0.4758932141617134,-3.15,24.0,380004.4,10431615.0,8.9,1.109,1072.0,686460000.0,137465.0,8.552620886104929,7455.153846153846,5180.313662906439,6.964069867404694,1057.9304440621665
2020,2188,1.38,1591.2,CALIFORNIA,0.0,0.0,0.0,0.4758932141617134,-3.15,24.0,380004.4,10431615.0,8.9,1.109,1072.0,686460000.0,137465.0,8.116428672686094,3349.0388482632543,3349.0388482632543,6.886891349899465,979.3522168579087
2020,56,1.38,1591.2,CALIFORNIA,0.0,0.0,0.0,0.4758932141617134,-3.15,24.0,380004.4,10431615.0,8.9,1.109,1072.0,686460000.0,137465.0,7.8979335505533,2691.714285714286,2691.714285714286,6.959940142692055,1053.5704914615153
2020,8234,0.01,2036.42,CALIFORNIA,13.0,0.0,7.0,0.3825609952082829,-4.11,186.0,554.5,136360934.0,8.9,1.25,13962.0,10417410000.0,1680614.0,6.970816513209122,1065.0920573232936,1065.0920573232936,6.879276100988076,971.9225313121655
2020,4828,0.01,2036.42,CALIFORNIA,13.0,0.0,7.0,0.3825609952082829,-4.11,186.0,554.5,136360934.0,8.9,1.25,13962.0,10417410000.0,1680614.0,6.870717368194047,963.6396023198012,963.6396023198012,6.919019690323813,1011.328093713297
2020,4560,0.01,2036.42,CALIFORNIA,13.0,0.0,7.0,0.3825609952082829,-4.11,186.0,554.5,136360934.0,8.9,1.25,13962.0,10417410000.0,1680614.0,6.843496718651882,937.7625,937.7625,6.941779664863697,1034.6098362934226
2020,6056,0.01,2036.42,CALIFORNIA,13.0,0.0,7.0,0.3825609952082829,-4.11,186.0,554.5,136360934.0,8.9,1.25,13962.0,10417410000.0,1680614.0,6.825399793217663,920.9445178335536,920.9445178335536,6.882142893009866,974.7128287609579
2020,8944,1.08,1436.25,CALIFORNIA,2.0,0.0,1.0,0.4443501872867702,-4.32,180.0,259.44,71307929.0,9.0,1.171,13870.0,8916550000.0,1166165.0,7.174801698377227,1306.1010733452597,1306.1010733452597,6.876518425533707,969.2459766348019
2020,8515,1.08,1436.25,CALIFORNIA,2.0,0.0,1.0,0.4443501872867702,-4.32,180.0,259.44,71307929.0,9.0,1.171,13870.0,8916550000.0,1166165.0,7.1720098916645805,1302.459776864357,1302.459776864357,6.873041626581743,965.8819546418397
2020,6510,2.27,1186.64,CALIFORNIA,0.0,0.0,0.0,0.4812910823258399,-3.73,128.0,1909.85,31087660.0,9.7,1.18,5941.0,2449225000.0,452887.0,6.886296414522636,978.7697388632872,978.7697388632872,6.807562883725129,904.6633483539939
2020,281,0.01,2036.42,CALIFORNIA,13.0,0.0,7.0,0.3825609952082829,-4.11,186.0,554.5,136360934.0,8.9,1.25,13962.0,10417410000.0,1680614.0,7.643934678754368,2087.943060498221,2087.943060498221,7.0632713220358,1168.2606783856654
2020,11694,0.01,2036.42,CALIFORNIA,13.0,0.0,7.0,0.3825609952082829,-4.11,186.0,554.5,136360934.0,8.9,1.25,13962.0,10417410000.0,1680614.0,6.931792765395565,1024.3287155806397,1024.3287155806397,6.887282559134308,979.7354234413967
2020,6379,0.01,2036.42,CALIFORNIA,13.0,0.0,7.0,0.3825609952082829,-4.11,186.0,554.5,136360934.0,8.9,1.25,13962.0,10417410000.0,1680614.0,7.195673959276412,1333.648847781784,1333.648847781784,6.881229427966759,973.8228692001745
2020,5645,2.27,1186.64,CALIFORNIA,0.0,0.0,0.0,0.4812910823258399,-3.73,128.0,1909.85,31087660.0,9.7,1.18,5941.0,2449225000.0,452887.0,6.802301067369191,899.9156775907883,899.9156775907883,6.803699100898095,901.1746697328022
2020,4995,2.27,1186.64,CALIFORNIA,0.0,0.0,0.0,0.4812910823258399,-3.73,128.0,1909.85,31087660.0,9.7,1.18,5941.0,2449225000.0,452887.0,6.897704538683705,989.9995995995996,989.9995995995996,6.806981291262386,904.1373559407091
2020,12499,2.27,1186.64,CALIFORNIA,0.0,0.0,0.0,0.4812910823258399,-3.73,128.0,1909.85,31087660.0,9.7,1.18,5941.0,2449225000.0,452887.0,6.959948452379814,1053.5792463397072,1053.5792463397072,6.803700474739682,901.1759078048912
2020,235,2.27,1186.64,CALIFORNIA,0.0,0.0,0.0,0.4812910823258399,-3.73,128.0,1909.85,31087660.0,9.7,1.18,5941.0,2449225000.0,452887.0,7.074509482351523,1181.463829787234,1181.463829787234,6.9031024693426115,995.3579979109232
2020,2329,1.08,1436.25,CALIFORNIA,2.0,0.0,1.0,0.4443501872867702,-4.32,180.0,259.44,71307929.0,9.0,1.171,13870.0,8916550000.0,1166165.0,7.340552888132753,1541.5641906397595,1541.5641906397595,6.907895740195816,1000.1404710788167
2020,3462,1.08,1436.25,CALIFORNIA,2.0,0.0,1.0,0.4443501872867702,-4.32,180.0,259.44,71307929.0,9.0,1.171,13870.0,8916550000.0,1166165.0,7.337285692360711,1536.5358174465628,1536.5358174465628,6.936145345235067,1028.7969051188165
2020,3068,1.08,1436.25,CALIFORNIA,2.0,0.0,1.0,0.4443501872867702,-4.32,180.0,259.44,71307929.0,9.0,1.171,13870.0,8916550000.0,1166165.0,7.14582109647137,1268.7926988265972,1268.7926988265972,6.906968838125625,999.2138683070466
2020,6540,1.08,1436.25,CALIFORNIA,2.0,0.0,1.0,0.4443501872867702,-4.32,180.0,259.44,71307929.0,9.0,1.171,13870.0,8916550000.0,1166165.0,7.314316625960071,1501.645259938838,1501.645259938838,6.901357977778407,993.6231179618946
2020,460,1.38,1591.2,CALIFORNIA,0.0,0.0,0.0,0.4758932141617134,-3.15,24.0,380004.4,10431615.0,8.9,1.109,1072.0,686460000.0,137465.0,7.4345347005683715,1693.4695652173914,1693.4695652173914,6.938413329873502,1031.1328486364089
2020,3856,0.01,2036.42,CALIFORNIA,13.0,0.0,7.0,0.3825609952082829,-4.11,186.0,554.5,136360934.0,8.9,1.25,13962.0,10417410000.0,1680614.0,7.117294468525645,1233.1096991701245,1233.1096991701245,6.994799554047831,1090.944980309686
2020,6431,0.01,2036.42,CALIFORNIA,13.0,0.0,7.0,0.3825609952082829,-4.11,186.0,554.5,136360934.0,8.9,1.25,13962.0,10417410000.0,1680614.0,7.362124674471264,1575.1797543150365,1575.1797543150365,6.880740530070174,973.3468856109445
2020,4007,0.01,2036.42,CALIFORNIA,13.0,0.0,7.0,0.3825609952082829,-4.11,186.0,554.5,136360934.0,8.9,1.25,13962.0,10417410000.0,1680614.0,6.940806706489746,1033.6036935363115,1033.6036935363115,6.985335248958823,1080.6686500498577
2020,8411,0.01,2036.42,CALIFORNIA,13.0,0.0,7.0,0.3825609952082829,-4.11,186.0,554.5,136360934.0,8.9,1.25,13962.0,10417410000.0,1680614.0,7.252154891144404,1411.1424325288313,1411.1424325288313,6.881593429178727,974.1774064268807
2020,2024,0.01,2036.42,CALIFORNIA,13.0,0.0,7.0,0.3825609952082829,-4.11,186.0,554.5,136360934.0,8.9,1.25,13962.0,10417410000.0,1680614.0,7.228675602640877,1378.3957509881425,1378.3957509881425,6.93365192742979,1026.234880024444
2020,1000,0.01,2036.42,CALIFORNIA,13.0,0.0,7.0,0.3825609952082829,-4.11,186.0,554.5,136360934.0,8.9,1.25,13962.0,10417410000.0,1680614.0,7.222742645558516,1370.242,1370.242,6.99555488313689,1091.769314070319
2020,2464,0.01,2036.42,CALIFORNIA,13.0,0.0,7.0,0.3825609952082829,-4.11,186.0,554.5,136360934.0,8.9,1.25,13962.0,10417410000.0,1680614.0,7.22494463378195,1373.2625811688313,1373.2625811688313,6.92022207642132,1012.5448319011471
2020,2435,0.01,2036.42,CALIFORNIA,13.0,0.0,7.0,0.3825609952082829,-4.11,186.0,554.5,136360934.0,8.9,1.25,13962.0,10417410000.0,1680614.0,7.349970826862094,1556.1511293634496,1556.1511293634496,6.9201291159905916,1012.4507096723311
2020,4132,0.01,2036.42,CALIFORNIA,13.0,0.0,7.0,0.3825609952082829,-4.11,186.0,554.5,136360934.0,8.9,1.25,13962.0,10417410000.0,1680614.0,7.650939023141479,2102.619070667957,2102.619070667957,6.986085815667986,1081.4800684359416
2020,9273,0.01,2036.42,CALIFORNIA,13.0,0.0,7.0,0.3825609952082829,-4.11,186.0,554.5,136360934.0,8.9,1.25,13962.0,10417410000.0,1680614.0,7.816943961002495,2482.307775261512,2482.307775261512,6.88610649800158,978.583871969723
2020,148,0.01,2036.42,CALIFORNIA,13.0,0.0,7.0,0.3825609952082829,-4.11,186.0,554.5,136360934.0,8.9,1.25,13962.0,10417410000.0,1680614.0,7.227530004525082,1376.8175675675675,1376.8175675675675,7.074322878329713,1181.2433844536051
2020,1,0.01,2036.42,CALIFORNIA,13.0,0.0,7.0,0.3825609952082829,-4.11,186.0,554.5,136360934.0,8.9,1.25,13962.0,10417410000.0,1680614.0,6.556778356158042,704.0,704.0,7.058328631452114,1162.5005742642174
2020,4296,0.01,2036.42,CALIFORNIA,13.0,0.0,7.0,0.3825609952082829,-4.11,186.0,554.5,136360934.0,8.9,1.25,13962.0,10417410000.0,1680614.0,7.658513562905562,2118.6059124767226,2118.6059124767226,6.978717488378387,1073.5406553522541
2020,5651,0.01,2036.42,CALIFORNIA,13.0,0.0,7.0,0.3825609952082829,-4.11,186.0,554.5,136360934.0,8.9,1.25,13962.0,10417410000.0,1680614.0,7.338782803272714,1538.8379047956114,1538.8379047956114,6.903259648352844,995.5144595917855
2020,2799,0.01,2036.42,CALIFORNIA,13.0,0.0,7.0,0.3825609952082829,-4.11,186.0,554.5,136360934.0,8.9,1.25,13962.0,10417410000.0,1680614.0,6.995753396564384,1091.9860664523044,1091.9860664523044,6.9260256365826125,1018.4382817027484
2020,3277,0.01,2036.42,CALIFORNIA,13.0,0.0,7.0,0.3825609952082829,-4.11,186.0,554.5,136360934.0,8.9,1.25,13962.0,10417410000.0,1680614.0,7.167929169523117,1297.155630149527,1297.155630149527,6.963467025415843,1057.292871366307
2020,2813,0.01,2036.42,CALIFORNIA,13.0,0.0,7.0,0.3825609952082829,-4.11,186.0,554.5,136360934.0,8.9,1.25,13962.0,10417410000.0,1680614.0,7.342383812883675,1544.3892641308212,1544.3892641308212,6.926399215545557,1018.8188198959564
2020,513,0.01,2036.42,CALIFORNIA,13.0,0.0,7.0,0.3825609952082829,-4.11,186.0,554.5,136360934.0,8.9,1.25,13962.0,10417410000.0,1680614.0,7.704388412286657,2218.0604288499026,2218.0604288499026,7.0760136399618645,1183.242274793637
2020,3027,0.01,2036.42,CALIFORNIA,13.0,0.0,7.0,0.3825609952082829,-4.11,186.0,554.5,136360934.0,8.9,1.25,13962.0,10417410000.0,1680614.0,7.9290165595056985,2776.694747274529,2776.694747274529,6.956706292872223,1050.1689057905471
2020,3388,0.01,2036.42,CALIFORNIA,13.0,0.0,7.0,0.3825609952082829,-4.11,186.0,554.5,136360934.0,8.9,1.25,13962.0,10417410000.0,1680614.0,7.129954110280976,1248.8196576151122,1248.8196576151122,6.976015798574462,1070.6441959388244
2020,4384,0.01,2036.42,CALIFORNIA,13.0,0.0,7.0,0.3825609952082829,-4.11,186.0,554.5,136360934.0,8.9,1.25,13962.0,10417410000.0,1680614.0,7.575886168889311,1950.5880474452551,1950.5880474452551,6.976397744303896,1071.0532020212977
2020,3976,0.01,2036.42,CALIFORNIA,13.0,0.0,7.0,0.3825609952082829,-4.11,186.0,554.5,136360934.0,8.9,1.25,13962.0,10417410000.0,1680614.0,7.62164385976669,2041.9159959758551,2041.9159959758551,6.987412515819569,1082.9158204022528
2020,798,0.01,2036.42,CALIFORNIA,13.0,0.0,7.0,0.3825609952082829,-4.11,186.0,554.5,136360934.0,8.9,1.25,13962.0,10417410000.0,1680614.0,7.595257483923479,1988.7418546365911,1988.7418546365911,7.062893072793478,1167.8188682316766
2020,907,0.01,2036.42,CALIFORNIA,13.0,0.0,7.0,0.3825609952082829,-4.11,186.0,554.5,136360934.0,8.9,1.25,13962.0,10417410000.0,1680614.0,7.163394410595357,1291.286659316428,1291.286659316428,7.035812007966038,1136.6174800229016
2020,1,0.01,2036.42,CALIFORNIA,13.0,0.0,7.0,0.3825609952082829,-4.11,186.0,554.5,136360934.0,8.9,1.25,13962.0,10417410000.0,1680614.0,7.421177528595393,1671.0,1671.0,7.058328631452114,1162.5005742642174
2020,3303,1.08,1436.25,CALIFORNIA,2.0,0.0,1.0,0.4443501872867702,-4.32,180.0,259.44,71307929.0,9.0,1.171,13870.0,8916550000.0,1166165.0,6.925835766258382,1018.2449288525582,1018.2449288525582,6.914186298152642,1006.4517425746759
2020,6185,1.08,1436.25,CALIFORNIA,2.0,0.0,1.0,0.4443501872867702,-4.32,180.0,259.44,71307929.0,9.0,1.171,13870.0,8916550000.0,1166165.0,7.103753563255365,1216.5248181083266,1216.5248181083266,6.896295582330303,988.6057155653517
2020,6307,1.08,1436.25,CALIFORNIA,2.0,0.0,1.0,0.4443501872867702,-4.32,180.0,259.44,71307929.0,9.0,1.171,13870.0,8916550000.0,1166165.0,6.871573254940448,964.4647217377516,964.4647217377516,6.899615496184896,991.8932555323705
2020,3336,1.08,1436.25,CALIFORNIA,2.0,0.0,1.0,0.4443501872867702,-4.32,180.0,259.44,71307929.0,9.0,1.171,13870.0,8916550000.0,1166165.0,6.982962017774245,1078.1070143884892,1078.1070143884892,6.916482012933261,1008.7649229012866
2020,8364,1.08,1436.25,CALIFORNIA,2.0,0.0,1.0,0.4443501872867702,-4.32,180.0,259.44,71307929.0,9.0,1.171,13870.0,8916550000.0,1166165.0,6.851931740530841,945.7060019129603,945.7060019129603,6.875390330227861,968.1531912972451
2020,6919,-2.12,1662.17,CALIFORNIA,3.0,0.0,2.82,0.2489225141897964,-2.7,19.0,4945.68,29348325.0,6.8,1.14,2545.0,2654345000.0,261341.0,7.507895031773401,1822.3734643734645,1822.3734643734645,6.972034432582019,1066.3900438348403
2020,6192,-2.12,1662.17,CALIFORNIA,3.0,0.0,2.82,0.2489225141897964,-2.7,19.0,4945.68,29348325.0,6.8,1.14,2545.0,2654345000.0,261341.0,7.2381800583441365,1391.5591085271317,1391.5591085271317,6.9703078446714,1064.550416273515
2020,2718,-2.12,1662.17,CALIFORNIA,3.0,0.0,2.82,0.2489225141897964,-2.7,19.0,4945.68,29348325.0,6.8,1.14,2545.0,2654345000.0,261341.0,7.986815012100445,2941.912067696836,2941.912067696836,7.058437142944582,1162.6267257808465
2020,1,-2.12,1662.17,CALIFORNIA,3.0,0.0,2.82,0.2489225141897964,-2.7,19.0,4945.68,29348325.0,6.8,1.14,2545.0,2654345000.0,261341.0,8.552620886104929,16558.0,5180.313662906439,7.144395438510943,1266.9851232138224
2020,3322,-2.12,1662.17,CALIFORNIA,3.0,0.0,2.82,0.2489225141897964,-2.7,19.0,4945.68,29348325.0,6.8,1.14,2545.0,2654345000.0,261341.0,8.172617202493164,3542.603552077062,3542.603552077062,7.062933475145849,1167.8660518142542
2020,52,0.22,1566.69,CALIFORNIA,2.0,0.0,1.0,0.2819282273578825,-2.98,98.0,55322.65,29572422.0,8.0,1.158,4682.0,2573700000.0,488501.0,7.614701050364437,2027.7884615384617,2027.7884615384617,6.985639727326809,1080.9977403746584
2020,981,0.22,1566.69,CALIFORNIA,2.0,0.0,1.0,0.2819282273578825,-2.98,98.0,55322.65,29572422.0,8.0,1.158,4682.0,2573700000.0,488501.0,7.285447858033353,1458.9143730886851,1458.9143730886851,6.936867268860882,1029.5398860662688
2020,468,-2.12,1662.17,CALIFORNIA,3.0,0.0,2.82,0.2489225141897964,-2.7,19.0,4945.68,29348325.0,6.8,1.14,2545.0,2654345000.0,261341.0,7.534376780127482,1871.2777777777776,1871.2777777777776,7.079413544042769,1187.2720315438373
2020,2277,-2.12,1662.17,CALIFORNIA,3.0,0.0,2.82,0.2489225141897964,-2.7,19.0,4945.68,29348325.0,6.8,1.14,2545.0,2654345000.0,261341.0,7.395329536964942,1628.361440491875,1628.361440491875,7.0509857209522515,1153.9957000703855
2020,6797,0.22,1566.69,CALIFORNIA,2.0,0.0,1.0,0.2819282273578825,-2.98,98.0,55322.65,29572422.0,8.0,1.158,4682.0,2573700000.0,488501.0,6.86367270875405,956.8749448286007,956.8749448286007,6.870030781325076,962.9782071010457
2020,265,-2.12,1662.17,CALIFORNIA,3.0,0.0,2.82,0.2489225141897964,-2.7,19.0,4945.68,29348325.0,6.8,1.14,2545.0,2654345000.0,261341.0,7.26629753501174,1431.2415094339622,1431.2415094339622,7.078916030352515,1186.6814943664344
2020,2334,-2.12,1662.17,CALIFORNIA,3.0,0.0,2.82,0.2489225141897964,-2.7,19.0,4945.68,29348325.0,6.8,1.14,2545.0,2654345000.0,261341.0,7.357518765569994,1567.9413024850044,1567.9413024850044,7.051342126469233,1154.407063806262
2020,1645,0.22,1566.69,CALIFORNIA,2.0,0.0,1.0,0.2819282273578825,-2.98,98.0,55322.65,29572422.0,8.0,1.158,4682.0,2573700000.0,488501.0,7.008726662799937,1106.2449848024316,1106.2449848024316,6.911883156548788,1004.1364089881018
2020,243,-2.12,1662.17,CALIFORNIA,3.0,0.0,2.82,0.2489225141897964,-2.7,19.0,4945.68,29348325.0,6.8,1.14,2545.0,2654345000.0,261341.0,7.306732997088798,1490.3004115226338,1490.3004115226338,7.07785400672012,1185.4218795640284
2020,546,-2.12,1662.17,CALIFORNIA,3.0,0.0,2.82,0.2489225141897964,-2.7,19.0,4945.68,29348325.0,6.8,1.14,2545.0,2654345000.0,261341.0,7.731155246227618,2278.2326007326005,2278.2326007326005,7.085759311798191,1194.8301397552543
2020,197,-2.12,1662.17,CALIFORNIA,3.0,0.0,2.82,0.2489225141897964,-2.7,19.0,4945.68,29348325.0,6.8,1.14,2545.0,2654345000.0,261341.0,7.530379229836854,1863.8121827411169,1863.8121827411169,7.0811820893877435,1189.373633810121
2020,1581,-2.12,1662.17,CALIFORNIA,3.0,0.0,2.82,0.2489225141897964,-2.7,19.0,4945.68,29348325.0,6.8,1.14,2545.0,2654345000.0,261341.0,7.636603813750972,2072.692599620493,2072.692599620493,7.045800582094655,1148.0275583177547
2020,41,-2.12,1662.17,CALIFORNIA,3.0,0.0,2.82,0.2489225141897964,-2.7,19.0,4945.68,29348325.0,6.8,1.14,2545.0,2654345000.0,261341.0,7.399860421428045,1635.7560975609756,1635.7560975609756,7.104835220855315,1217.8413933367976
2020,7811,-2.12,1662.17,CALIFORNIA,3.0,0.0,2.82,0.2489225141897964,-2.7,19.0,4945.68,29348325.0,6.8,1.14,2545.0,2654345000.0,261341.0,7.726167358033346,2266.897324286263,2266.897324286263,6.965972083697861,1059.9447718260535
2020,1,-2.12,1662.17,CALIFORNIA,3.0,0.0,2.82,0.2489225141897964,-2.7,19.0,4945.68,29348325.0,6.8,1.14,2545.0,2654345000.0,261341.0,8.552620886104929,5958.0,5180.313662906439,7.144395438510943,1266.9851232138224
2020,4281,-2.12,1662.17,CALIFORNIA,3.0,0.0,2.82,0.2489225141897964,-2.7,19.0,4945.68,29348325.0,6.8,1.14,2545.0,2654345000.0,261341.0,7.272307223317835,1439.8687222611538,1439.8687222611538,7.00082337385617,1097.536469331175
2020,179,-2.12,1662.17,CALIFORNIA,3.0,0.0,2.82,0.2489225141897964,-2.7,19.0,4945.68,29348325.0,6.8,1.14,2545.0,2654345000.0,261341.0,8.076836444277545,3219.0335195530724,3219.0335195530724,7.083808484375649,1192.501504474634
2020,5612,-2.12,1662.17,CALIFORNIA,3.0,0.0,2.82,0.2489225141897964,-2.7,19.0,4945.68,29348325.0,6.8,1.14,2545.0,2654345000.0,261341.0,7.23192310128405,1382.8793656450464,1382.8793656450464,6.967768879377936,1061.8509880408715
2020,2957,-2.12,1662.17,CALIFORNIA,3.0,0.0,2.82,0.2489225141897964,-2.7,19.0,4945.68,29348325.0,6.8,1.14,2545.0,2654345000.0,261341.0,7.350656473269473,1557.2184646601286,1557.2184646601286,7.065017079022953,1170.3019588992038
2020,15,-2.12,1662.17,CALIFORNIA,3.0,0.0,2.82,0.2489225141897964,-2.7,19.0,4945.68,29348325.0,6.8,1.14,2545.0,2654345000.0,261341.0,7.707482231604638,2224.9333333333334,2224.9333333333334,7.109294170046739,1223.283810947422
2020,1066,0.22,1566.69,CALIFORNIA,2.0,0.0,1.0,0.2819282273578825,-2.98,98.0,55322.65,29572422.0,8.0,1.158,4682.0,2573700000.0,488501.0,7.296560807735284,1475.2176360225142,1475.2176360225142,6.922134724818773,1014.4833273904234
2020,7141,0.22,1566.69,CALIFORNIA,2.0,0.0,1.0,0.2819282273578825,-2.98,98.0,55322.65,29572422.0,8.0,1.158,4682.0,2573700000.0,488501.0,7.177075677483558,1309.074499369836,1309.074499369836,6.863413859111789,956.6272901454889
2020,1,0.22,1566.69,CALIFORNIA,2.0,0.0,1.0,0.2819282273578825,-2.98,98.0,55322.65,29572422.0,8.0,1.158,4682.0,2573700000.0,488501.0,7.189922170745808,1326.0,1326.0,7.014179987597601,1112.2941771243163
2020,8582,0.22,1566.69,CALIFORNIA,2.0,0.0,1.0,0.2819282273578825,-2.98,98.0,55322.65,29572422.0,8.0,1.158,4682.0,2573700000.0,488501.0,6.979142562705843,1073.9970869261244,1073.9970869261244,6.856324102290585,949.86902084126
2020,331,-2.12,1662.17,CALIFORNIA,3.0,0.0,2.82,0.2489225141897964,-2.7,19.0,4945.68,29348325.0,6.8,1.14,2545.0,2654345000.0,261341.0,7.438415518158949,1700.0543806646526,1700.0543806646526,7.0773236584567325,1184.7933598107318
2020,671,-2.12,1662.17,CALIFORNIA,3.0,0.0,2.82,0.2489225141897964,-2.7,19.0,4945.68,29348325.0,6.8,1.14,2545.0,2654345000.0,261341.0,8.46356664137526,4738.929955290611,4738.929955290611,7.0699522304265665,1176.091851501206
2020,4377,-2.12,1662.17,CALIFORNIA,3.0,0.0,2.82,0.2489225141897964,-2.7,19.0,4945.68,29348325.0,6.8,1.14,2545.0,2654345000.0,261341.0,7.510033943082585,1826.2755311857436,1826.2755311857436,6.996384321283447,1092.6752448414813
2020,199,-2.12,1662.17,CALIFORNIA,3.0,0.0,2.82,0.2489225141897964,-2.7,19.0,4945.68,29348325.0,6.8,1.14,2545.0,2654345000.0,261341.0,7.6736343956579285,2150.884422110553,2150.884422110553,7.080632750860178,1188.7204444768581
2020,15,-2.12,1662.17,CALIFORNIA,3.0,0.0,2.82,0.2489225141897964,-2.7,19.0,4945.68,29348325.0,6.8,1.14,2545.0,2654345000.0,261341.0,7.135846570020281,1256.2,1256.2,7.109294170046739,1223.283810947422
2020,1663,-2.12,1662.17,CALIFORNIA,3.0,0.0,2.82,0.2489225141897964,-2.7,19.0,4945.68,29348325.0,6.8,1.14,2545.0,2654345000.0,261341.0,7.837632667428477,2534.198436560433,2534.198436560433,7.0470559017846925,1149.4696048417466
2020,1,-2.12,1662.17,CALIFORNIA,3.0,0.0,2.82,0.2489225141897964,-2.7,19.0,4945.68,29348325.0,6.8,1.14,2545.0,2654345000.0,261341.0,8.29054350077274,3986.0,3986.0,7.144395438510943,1266.9851232138224
2020,508,-2.12,1662.17,CALIFORNIA,3.0,0.0,2.82,0.2489225141897964,-2.7,19.0,4945.68,29348325.0,6.8,1.14,2545.0,2654345000.0,261341.0,7.918319862877758,2747.1515748031497,2747.1515748031497,7.083730104068897,1192.4080395038648
2020,81,-2.12,1662.17,CALIFORNIA,3.0,0.0,2.82,0.2489225141897964,-2.7,19.0,4945.68,29348325.0,6.8,1.14,2545.0,2654345000.0,261341.0,7.156763895915264,1282.7530864197531,1282.7530864197531,7.095662569178361,1206.721635237479
2020,31,0.22,1566.69,CALIFORNIA,2.0,0.0,1.0,0.2819282273578825,-2.98,98.0,55322.65,29572422.0,8.0,1.158,4682.0,2573700000.0,488501.0,7.286655592953706,1460.6774193548388,1460.6774193548388,6.987531511274979,1083.0446901307764
2020,476,-2.12,1662.17,CALIFORNIA,3.0,0.0,2.82,0.2489225141897964,-2.7,19.0,4945.68,29348325.0,6.8,1.14,2545.0,2654345000.0,261341.0,7.3977082746337635,1632.2394957983192,1632.2394957983192,7.079984964546591,1187.9506569980597
2020,240,-2.98,2191.5,CALIFORNIA,5.0,0.0,2.5,0.3329610393433237,-1.52,123.0,406009.89,337195139.0,7.1,1.21,13375.0,13084425000.0,1924802.0,6.829352198607027,924.5916666666668,924.5916666666668,7.116103468902585,1231.6419402069062
2020,6920,-0.47,1864.19,CALIFORNIA,5.0,0.0,2.0,0.2672760842804646,-1.77,39.0,554.23,15313067.0,9.7,1.102,1760.0,1164380000.0,271768.0,7.3083148292127325,1492.6596820809248,1492.6596820809248,6.903309203753256,995.5637939318284
2020,911,3.21,1442.49,CALIFORNIA,3.0,0.0,2.0,0.3290826226069132,-0.44,146.0,185234.3,27384056.0,11.1,1.102,2450.0,1385420000.0,440506.0,7.3539914472728105,1562.4204171240394,1562.4204171240394,6.875260723199688,968.0277199704626
2020,1875,-0.47,1864.19,CALIFORNIA,5.0,0.0,2.0,0.2672760842804646,-1.77,39.0,554.23,15313067.0,9.7,1.102,1760.0,1164380000.0,271768.0,7.2780788945918315,1448.2032,1448.2032,6.959194937888641,1052.785658137644
2020,3640,-0.47,1864.19,CALIFORNIA,5.0,0.0,2.0,0.2672760842804646,-1.77,39.0,554.23,15313067.0,9.7,1.102,1760.0,1164380000.0,271768.0,7.2581250021131885,1419.5923076923077,1419.5923076923077,6.9550614247014035,1048.4429362687404
2020,208,-0.47,1864.19,CALIFORNIA,5.0,0.0,2.0,0.2672760842804646,-1.77,39.0,554.23,15313067.0,9.7,1.102,1760.0,1164380000.0,271768.0,7.379278186232662,1602.4326923076924,1602.4326923076924,6.9773608768186,1072.0852651121215
2020,7321,-2.98,2191.5,CALIFORNIA,5.0,0.0,2.5,0.3329610393433237,-1.52,123.0,406009.89,337195139.0,7.1,1.21,13375.0,13084425000.0,1924802.0,6.931837099435324,1024.37412921732,1024.37412921732,6.90238050553706,994.6396448065383
2020,1437,-0.47,1864.19,CALIFORNIA,5.0,0.0,2.0,0.2672760842804646,-1.77,39.0,554.23,15313067.0,9.7,1.102,1760.0,1164380000.0,271768.0,6.995397748834377,1091.597773138483,1091.597773138483,6.952960241631289,1046.2422785231238
2020,1114,3.21,1442.49,CALIFORNIA,3.0,0.0,2.0,0.3290826226069132,-0.44,146.0,185234.3,27384056.0,11.1,1.102,2450.0,1385420000.0,440506.0,6.845051578617725,939.221723518851,939.221723518851,6.8482383047431235,942.2195399958157
2020,4,-2.98,2191.5,CALIFORNIA,5.0,0.0,2.5,0.3329610393433237,-1.52,123.0,406009.89,337195139.0,7.1,1.21,13375.0,13084425000.0,1924802.0,7.570700950808961,1940.5,1940.5,7.122543780365374,1239.5996956184654
2020,10795,-2.98,2191.5,CALIFORNIA,5.0,0.0,2.5,0.3329610393433237,-1.52,123.0,406009.89,337195139.0,7.1,1.21,13375.0,13084425000.0,1924802.0,7.0625397286884875,1167.4062992125985,1167.4062992125985,6.917586082794043,1009.8792849028279
2020,182,-0.47,1864.19,CALIFORNIA,5.0,0.0,2.0,0.2672760842804646,-1.77,39.0,554.23,15313067.0,9.7,1.102,1760.0,1164380000.0,271768.0,7.464774291619733,1745.4615384615386,1745.4615384615386,6.985707746155026,1081.0712710749715
2020,2265,-0.47,1864.19,CALIFORNIA,5.0,0.0,2.0,0.2672760842804646,-1.77,39.0,554.23,15313067.0,9.7,1.102,1760.0,1164380000.0,271768.0,7.155787062582498,1281.5006622516555,1281.5006622516555,6.965813956437285,1059.777178913776
2020,626,-0.47,1864.19,CALIFORNIA,5.0,0.0,2.0,0.2672760842804646,-1.77,39.0,554.23,15313067.0,9.7,1.102,1760.0,1164380000.0,271768.0,6.720439803660005,829.1821086261981,829.1821086261981,6.954726998104433,1048.092367688442
2020,11897,-2.98,2191.5,CALIFORNIA,5.0,0.0,2.5,0.3329610393433237,-1.52,123.0,406009.89,337195139.0,7.1,1.21,13375.0,13084425000.0,1924802.0,7.137685999948664,1258.5128183575691,1258.5128183575691,6.91932782918288,1011.639771215745
2020,10958,1.93,1403.82,CALIFORNIA,0.0,0.0,0.0,0.4068568289658204,-0.44,6.0,2422.75,2203403.0,9.9,1.221,1034.0,549670000.0,64533.0,6.979502678998221,1074.383920423435,1074.383920423435,6.947073180846112,1040.1010811710162
2020,3641,-2.98,2191.5,CALIFORNIA,5.0,0.0,2.5,0.3329610393433237,-1.52,123.0,406009.89,337195139.0,7.1,1.21,13375.0,13084425000.0,1924802.0,7.896080331360553,2686.7305685251304,2686.7305685251304,6.9980409495768106,1094.4869017742817
2020,2,-2.98,2191.5,CALIFORNIA,5.0,0.0,2.5,0.3329610393433237,-1.52,123.0,406009.89,337195139.0,7.1,1.21,13375.0,13084425000.0,1924802.0,6.943122422819428,1036.0,1036.0,7.127168280541859,1245.3455001266261
2020,6074,-2.98,2191.5,CALIFORNIA,5.0,0.0,2.5,0.3329610393433237,-1.52,123.0,406009.89,337195139.0,7.1,1.21,13375.0,13084425000.0,1924802.0,7.409036719896308,1650.8353638459005,1650.8353638459005,6.922411274170248,1014.7639208938828
2020,2749,-0.47,1864.19,CALIFORNIA,5.0,0.0,2.0,0.2672760842804646,-1.77,39.0,554.23,15313067.0,9.7,1.102,1760.0,1164380000.0,271768.0,7.657471020377728,2116.3983266642417,2116.3983266642417,6.968514385721363,1062.6428998391873
2020,10387,-2.98,2191.5,CALIFORNIA,5.0,0.0,2.5,0.3329610393433237,-1.52,123.0,406009.89,337195139.0,7.1,1.21,13375.0,13084425000.0,1924802.0,6.872329508606858,965.1943775873688,965.1943775873688,6.9151246693098445,1007.3966111103819
2020,10515,-2.98,2191.5,CALIFORNIA,5.0,0.0,2.5,0.3329610393433237,-1.52,123.0,406009.89,337195139.0,7.1,1.21,13375.0,13084425000.0,1924802.0,7.244474003801539,1400.3451260104612,1400.3451260104612,6.916411608186047,1008.6939035619705
2020,92,3.21,1442.49,CALIFORNIA,3.0,0.0,2.0,0.3290826226069132,-0.44,146.0,185234.3,27384056.0,11.1,1.102,2450.0,1385420000.0,440506.0,6.961893435951519,1055.6304347826087,1055.6304347826087,6.934174287835711,1026.7710845267525
2020,153,-0.47,1864.19,CALIFORNIA,5.0,0.0,2.0,0.2672760842804646,-1.77,39.0,554.23,15313067.0,9.7,1.102,1760.0,1164380000.0,271768.0,7.195040213761661,1332.8039215686274,1332.8039215686274,6.9932853167313365,1089.2942808010648
2020,60,1.93,1403.82,CALIFORNIA,0.0,0.0,0.0,0.4068568289658204,-0.44,6.0,2422.75,2203403.0,9.9,1.221,1034.0,549670000.0,64533.0,8.398687394630944,4441.233333333334,4441.233333333334,7.107362548967447,1220.923170817351
2020,856,1.93,1403.82,CALIFORNIA,0.0,0.0,0.0,0.4068568289658204,-0.44,6.0,2422.75,2203403.0,9.9,1.221,1034.0,549670000.0,64533.0,7.310403338820957,1495.7803738317757,1495.7803738317757,7.031544739033162,1131.7775615231687
2020,1185,-2.98,2191.5,CALIFORNIA,5.0,0.0,2.5,0.3329610393433237,-1.52,123.0,406009.89,337195139.0,7.1,1.21,13375.0,13084425000.0,1924802.0,7.459341811858403,1736.005063291139,1736.005063291139,6.9720818092048065,1066.4405669904902
2020,4606,-2.98,2191.5,CALIFORNIA,5.0,0.0,2.5,0.3329610393433237,-1.52,123.0,406009.89,337195139.0,7.1,1.21,13375.0,13084425000.0,1924802.0,6.792826530061296,891.4296569691707,891.4296569691707,6.942844279913572,1035.7118840200985
2020,8610,-2.98,2191.5,CALIFORNIA,5.0,0.0,2.5,0.3329610393433237,-1.52,123.0,406009.89,337195139.0,7.1,1.21,13375.0,13084425000.0,1924802.0,6.784565186347827,884.0955865272938,884.0955865272938,6.883560746495809,976.0958089429615
2020,2,-2.98,2191.5,CALIFORNIA,5.0,0.0,2.5,0.3329610393433237,-1.52,123.0,406009.89,337195139.0,7.1,1.21,13375.0,13084425000.0,1924802.0,7.018849326487724,1117.5,1117.5,7.127168280541859,1245.3455001266261
2020,2191,-2.98,2191.5,CALIFORNIA,5.0,0.0,2.5,0.3329610393433237,-1.52,123.0,406009.89,337195139.0,7.1,1.21,13375.0,13084425000.0,1924802.0,6.809355621474556,906.2866271109084,906.2866271109084,6.926838076902943,1019.2660382324309
2020,8656,-0.47,1864.19,CALIFORNIA,5.0,0.0,2.0,0.2672760842804646,-1.77,39.0,554.23,15313067.0,9.7,1.102,1760.0,1164380000.0,271768.0,7.209109860049772,1351.68853974122,1351.68853974122,6.895345512673607,987.6669173050432
2020,1,-0.47,1864.19,CALIFORNIA,5.0,0.0,2.0,0.2672760842804646,-1.77,39.0,554.23,15313067.0,9.7,1.102,1760.0,1164380000.0,271768.0,7.859026979751538,2589.0,2589.0,7.068833779388992,1174.7771856813335
2020,6093,-0.47,1864.19,CALIFORNIA,5.0,0.0,2.0,0.2672760842804646,-1.77,39.0,554.23,15313067.0,9.7,1.102,1760.0,1164380000.0,271768.0,6.967808126743367,1061.8926637124569,1061.8926637124569,6.900621012238798,992.8911217257285
2020,111,-0.47,1864.19,CALIFORNIA,5.0,0.0,2.0,0.2672760842804646,-1.77,39.0,554.23,15313067.0,9.7,1.102,1760.0,1164380000.0,271768.0,6.886273946150639,978.7477477477478,978.7477477477478,6.995892510973701,1092.1379880159166
2020,1860,-0.47,1864.19,CALIFORNIA,5.0,0.0,2.0,0.2672760842804646,-1.77,39.0,554.23,15313067.0,9.7,1.102,1760.0,1164380000.0,271768.0,7.285545608244737,1459.0569892473118,1459.0569892473118,6.957381354180423,1050.8780735248388
2020,3278,-0.47,1864.19,CALIFORNIA,5.0,0.0,2.0,0.2672760842804646,-1.77,39.0,554.23,15313067.0,9.7,1.102,1760.0,1164380000.0,271768.0,7.414408574315139,1659.7272727272727,1659.7272727272727,6.97266273019106,1067.0602646767154
2020,9217,-2.98,2191.5,CALIFORNIA,5.0,0.0,2.5,0.3329610393433237,-1.52,123.0,406009.89,337195139.0,7.1,1.21,13375.0,13084425000.0,1924802.0,7.531193457301113,1865.330367798633,1865.330367798633,6.908545517445338,1000.7905507838794
2020,1,-2.98,2191.5,CALIFORNIA,5.0,0.0,2.5,0.3329610393433237,-1.52,123.0,406009.89,337195139.0,7.1,1.21,13375.0,13084425000.0,1924802.0,8.552620886104929,32088.0,5180.313662906439,7.0893597344424935,1199.1397868665374
2020,2251,-0.47,1864.19,CALIFORNIA,5.0,0.0,2.0,0.2672760842804646,-1.77,39.0,554.23,15313067.0,9.7,1.102,1760.0,1164380000.0,271768.0,7.36214621368107,1575.2136828076411,1575.2136828076411,6.96510438087696,1059.0254536627033
2020,120,1.93,1403.82,CALIFORNIA,0.0,0.0,0.0,0.4068568289658204,-0.44,6.0,2422.75,2203403.0,9.9,1.221,1034.0,549670000.0,64533.0,7.3428493055359985,1545.1083333333331,1545.1083333333331,7.103797262386885,1216.5779803479134
2020,10976,-0.47,1864.19,CALIFORNIA,5.0,0.0,2.0,0.2672760842804646,-1.77,39.0,554.23,15313067.0,9.7,1.102,1760.0,1164380000.0,271768.0,7.084631094373111,1193.4828717201167,1193.4828717201167,6.896884676600357,989.1882691003613
2020,2,-2.98,2191.5,CALIFORNIA,5.0,0.0,2.5,0.3329610393433237,-1.52,123.0,406009.89,337195139.0,7.1,1.21,13375.0,13084425000.0,1924802.0,8.552620886104929,8050.5,5180.313662906439,7.127168280541859,1245.3455001266261
2020,1277,-2.98,2191.5,CALIFORNIA,5.0,0.0,2.5,0.3329610393433237,-1.52,123.0,406009.89,337195139.0,7.1,1.21,13375.0,13084425000.0,1924802.0,6.798704852509828,896.6851996867658,896.6851996867658,6.957945902901193,1051.4715128938901
2020,6015,-2.98,2191.5,CALIFORNIA,5.0,0.0,2.5,0.3329610393433237,-1.52,123.0,406009.89,337195139.0,7.1,1.21,13375.0,13084425000.0,1924802.0,6.782230884860706,882.0342477140482,882.0342477140482,6.922625387995197,1014.9812191408549
2020,3698,-2.98,2191.5,CALIFORNIA,5.0,0.0,2.5,0.3329610393433237,-1.52,123.0,406009.89,337195139.0,7.1,1.21,13375.0,13084425000.0,1924802.0,6.953907595872157,1047.2339102217416,1047.2339102217416,7.001050757063258,1097.7860590686498
2020,3,-2.98,2191.5,CALIFORNIA,5.0,0.0,2.5,0.3329610393433237,-1.52,123.0,406009.89,337195139.0,7.1,1.21,13375.0,13084425000.0,1924802.0,6.845170403790516,939.3333333333334,939.3333333333334,7.11020945438495,1224.4039760173412
2020,3581,-2.98,2191.5,CALIFORNIA,5.0,0.0,2.5,0.3329610393433237,-1.52,123.0,406009.89,337195139.0,7.1,1.21,13375.0,13084425000.0,1924802.0,6.710938329217957,821.3409662105557,821.3409662105557,7.001121342816855,1097.863549859759
2020,2660,-2.98,2191.5,CALIFORNIA,5.0,0.0,2.5,0.3329610393433237,-1.52,123.0,406009.89,337195139.0,7.1,1.21,13375.0,13084425000.0,1924802.0,6.8754697400142355,968.23007518797,968.23007518797,6.91366497715833,1005.9271948922495
2020,6672,-2.98,2191.5,CALIFORNIA,5.0,0.0,2.5,0.3329610393433237,-1.52,123.0,406009.89,337195139.0,7.1,1.21,13375.0,13084425000.0,1924802.0,6.836206954714737,930.9512889688248,930.9512889688248,6.9314859205828405,1024.0144538449963
2020,2316,-2.98,2191.5,CALIFORNIA,5.0,0.0,2.5,0.3329610393433237,-1.52,123.0,406009.89,337195139.0,7.1,1.21,13375.0,13084425000.0,1924802.0,6.8854460932021935,977.9378238341968,977.9378238341968,6.937197986503281,1029.8804293788808
2020,10716,-2.98,2191.5,CALIFORNIA,5.0,0.0,2.5,0.3329610393433237,-1.52,123.0,406009.89,337195139.0,7.1,1.21,13375.0,13084425000.0,1924802.0,7.235945567727574,1388.4531541620008,1388.4531541620008,6.917586082794043,1009.8792849028279
2020,6012,-2.98,2191.5,CALIFORNIA,5.0,0.0,2.5,0.3329610393433237,-1.52,123.0,406009.89,337195139.0,7.1,1.21,13375.0,13084425000.0,1924802.0,6.863728825156312,956.9286427145709,956.9286427145709,6.922405605840225,1014.7581688933857
2020,5651,-2.98,2191.5,CALIFORNIA,5.0,0.0,2.5,0.3329610393433237,-1.52,123.0,406009.89,337195139.0,7.1,1.21,13375.0,13084425000.0,1924802.0,6.684267260276479,799.7244735445054,799.7244735445054,6.949643772226847,1042.7781954546347
2020,10927,-2.98,2191.5,CALIFORNIA,5.0,0.0,2.5,0.3329610393433237,-1.52,123.0,406009.89,337195139.0,7.1,1.21,13375.0,13084425000.0,1924802.0,6.8582334250277315,951.6843598425918,951.6843598425918,6.918621563781797,1010.9255372960181
2020,11848,-2.98,2191.5,CALIFORNIA,5.0,0.0,2.5,0.3329610393433237,-1.52,123.0,406009.89,337195139.0,7.1,1.21,13375.0,13084425000.0,1924802.0,6.915488969946697,1007.763673193788,1007.763673193788,6.91932782918288,1011.639771215745
2020,11117,-2.98,2191.5,CALIFORNIA,5.0,0.0,2.5,0.3329610393433237,-1.52,123.0,406009.89,337195139.0,7.1,1.21,13375.0,13084425000.0,1924802.0,7.111879342160305,1226.4503013402896,1226.4503013402896,6.91887737014062,1011.1841715554882
2020,3235,-2.98,2191.5,CALIFORNIA,5.0,0.0,2.5,0.3329610393433237,-1.52,123.0,406009.89,337195139.0,7.1,1.21,13375.0,13084425000.0,1924802.0,7.079936466258786,1187.8930448222566,1187.8930448222566,6.965967739441603,1059.9401671643475
2020,9701,-2.98,2191.5,CALIFORNIA,5.0,0.0,2.5,0.3329610393433237,-1.52,123.0,406009.89,337195139.0,7.1,1.21,13375.0,13084425000.0,1924802.0,6.918457928576417,1010.760127821874,1010.760127821874,6.914110887977168,1006.3758487337823
2020,4675,-2.98,2191.5,CALIFORNIA,5.0,0.0,2.5,0.3329610393433237,-1.52,123.0,406009.89,337195139.0,7.1,1.21,13375.0,13084425000.0,1924802.0,6.8224343343411755,918.217540106952,918.217540106952,6.938948616809149,1031.6849483318954
2020,7024,-2.98,2191.5,CALIFORNIA,5.0,0.0,2.5,0.3329610393433237,-1.52,123.0,406009.89,337195139.0,7.1,1.21,13375.0,13084425000.0,1924802.0,6.827847160295895,923.2011674259682,923.2011674259682,6.910097251578669,1002.3447171564969
2020,2795,-2.98,2191.5,CALIFORNIA,5.0,0.0,2.5,0.3329610393433237,-1.52,123.0,406009.89,337195139.0,7.1,1.21,13375.0,13084425000.0,1924802.0,6.790828227492871,889.6500894454383,889.6500894454383,6.925531971628978,1017.9356384945078
2020,3869,-2.98,2191.5,CALIFORNIA,5.0,0.0,2.5,0.3329610393433237,-1.52,123.0,406009.89,337195139.0,7.1,1.21,13375.0,13084425000.0,1924802.0,6.771540823336814,872.6554665288188,872.6554665288188,6.999250873934657,1095.8119495782423
2020,8034,-2.98,2191.5,CALIFORNIA,5.0,0.0,2.5,0.3329610393433237,-1.52,123.0,406009.89,337195139.0,7.1,1.21,13375.0,13084425000.0,1924802.0,6.874941312643065,967.71857107294,967.71857107294,6.8873687660976195,979.819887097726
2020,3345,-2.98,2191.5,CALIFORNIA,5.0,0.0,2.5,0.3329610393433237,-1.52,123.0,406009.89,337195139.0,7.1,1.21,13375.0,13084425000.0,1924802.0,6.816850478389577,913.1046337817638,913.1046337817638,6.983952631543308,1079.1755311978188
2020,111,-2.98,2191.5,CALIFORNIA,5.0,0.0,2.5,0.3329610393433237,-1.52,123.0,406009.89,337195139.0,7.1,1.21,13375.0,13084425000.0,1924802.0,6.798573658378677,896.5675675675676,896.5675675675676,7.12565703244992,1243.4648955037505
2020,4009,-2.98,2191.5,CALIFORNIA,5.0,0.0,2.5,0.3329610393433237,-1.52,123.0,406009.89,337195139.0,7.1,1.21,13375.0,13084425000.0,1924802.0,7.173242049805989,1304.065602394612,1304.065602394612,6.974728130779981,1069.2664491188395
2020,6112,-2.98,2191.5,CALIFORNIA,5.0,0.0,2.5,0.3329610393433237,-1.52,123.0,406009.89,337195139.0,7.1,1.21,13375.0,13084425000.0,1924802.0,6.906307896951406,998.553664921466,998.553664921466,6.927403175038286,1019.8421863448348
2020,3709,-2.98,2191.5,CALIFORNIA,5.0,0.0,2.5,0.3329610393433237,-1.52,123.0,406009.89,337195139.0,7.1,1.21,13375.0,13084425000.0,1924802.0,7.352607521469569,1560.2596387166352,1560.2596387166352,7.0045715537081294,1101.6579526174455
2020,1511,-2.98,2191.5,CALIFORNIA,5.0,0.0,2.5,0.3329610393433237,-1.52,123.0,406009.89,337195139.0,7.1,1.21,13375.0,13084425000.0,1924802.0,6.890053527350732,982.4540039708802,982.4540039708802,6.91795174297669,1010.2486250689785
2020,101,-2.98,2191.5,CALIFORNIA,5.0,0.0,2.5,0.3329610393433237,-1.52,123.0,406009.89,337195139.0,7.1,1.21,13375.0,13084425000.0,1924802.0,7.807848205109258,2459.831683168317,2459.831683168317,7.126227724223941,1244.1747332209059
2020,13,-2.98,2191.5,CALIFORNIA,5.0,0.0,2.5,0.3329610393433237,-1.52,123.0,406009.89,337195139.0,7.1,1.21,13375.0,13084425000.0,1924802.0,7.76249788581892,2350.769230769231,2350.769230769231,7.1421692237693835,1264.1676795361227
2020,8983,-2.98,2191.5,CALIFORNIA,5.0,0.0,2.5,0.3329610393433237,-1.52,123.0,406009.89,337195139.0,7.1,1.21,13375.0,13084425000.0,1924802.0,6.998453217491097,1094.938216631415,1094.938216631415,6.8925930687917925,984.9521573673327
2020,4,-2.98,2191.5,CALIFORNIA,5.0,0.0,2.5,0.3329610393433237,-1.52,123.0,406009.89,337195139.0,7.1,1.21,13375.0,13084425000.0,1924802.0,7.7575856441560225,2339.25,2339.25,7.122543780365374,1239.5996956184654
2020,179,3.36,932.44,CALIFORNIA,1.0,0.0,2.0,0.5594632416812678,-4.22,32.0,19.04,31111615.0,11.5,1.141,9748.0,3496290000.0,780676.0,7.116394144093465,1232.0,1232.0,6.857359097512782,950.852639672133
2020,2164,3.36,932.44,CALIFORNIA,1.0,0.0,2.0,0.5594632416812678,-4.22,32.0,19.04,31111615.0,11.5,1.141,9748.0,3496290000.0,780676.0,6.798643641358243,896.630314232902,896.630314232902,6.791355408996236,890.1192201647151
2020,6349,3.36,932.44,CALIFORNIA,1.0,0.0,2.0,0.5594632416812678,-4.22,32.0,19.04,31111615.0,11.5,1.141,9748.0,3496290000.0,780676.0,6.817080158911854,913.3143802173572,913.3143802173572,6.760822952919053,863.352401895372
2020,4546,3.36,932.44,CALIFORNIA,1.0,0.0,2.0,0.5594632416812678,-4.22,32.0,19.04,31111615.0,11.5,1.141,9748.0,3496290000.0,780676.0,6.668065281377056,786.8717553893533,786.8717553893533,6.754337858043224,857.7715952471691
2020,9983,3.36,932.44,CALIFORNIA,1.0,0.0,2.0,0.5594632416812678,-4.22,32.0,19.04,31111615.0,11.5,1.141,9748.0,3496290000.0,780676.0,6.768146930941186,869.6987879394972,869.6987879394972,6.773367021822413,874.2505646598347
2020,6616,3.36,932.44,CALIFORNIA,1.0,0.0,2.0,0.5594632416812678,-4.22,32.0,19.04,31111615.0,11.5,1.141,9748.0,3496290000.0,780676.0,6.867391506497597,960.4399939540508,960.4399939540508,6.762986426174222,865.2222636953138
2020,9463,3.36,932.44,CALIFORNIA,1.0,0.0,2.0,0.5594632416812678,-4.22,32.0,19.04,31111615.0,11.5,1.141,9748.0,3496290000.0,780676.0,6.9239424827635005,1016.318926344711,1016.318926344711,6.773214767836517,874.1174666593016
2020,5077,3.36,932.44,CALIFORNIA,1.0,0.0,2.0,0.5594632416812678,-4.22,32.0,19.04,31111615.0,11.5,1.141,9748.0,3496290000.0,780676.0,6.725654615654305,833.5174315540673,833.5174315540673,6.753306001497747,856.886954501753
2020,5641,3.36,932.44,CALIFORNIA,1.0,0.0,2.0,0.5594632416812678,-4.22,32.0,19.04,31111615.0,11.5,1.141,9748.0,3496290000.0,780676.0,7.019569345043787,1118.304910476866,1118.304910476866,6.761040067241588,863.5398684173153
2020,3246,3.36,932.44,CALIFORNIA,1.0,0.0,2.0,0.5594632416812678,-4.22,32.0,19.04,31111615.0,11.5,1.141,9748.0,3496290000.0,780676.0,6.844546085439408,938.7470733210104,938.7470733210104,6.781191852667859,881.1182616873717
2020,6017,3.36,932.44,CALIFORNIA,1.0,0.0,2.0,0.5594632416812678,-4.22,32.0,19.04,31111615.0,11.5,1.141,9748.0,3496290000.0,780676.0,7.09459227536555,1205.430779458202,1205.430779458202,6.760387208607845,862.9762829494754
2020,1285,3.36,932.44,CALIFORNIA,1.0,0.0,2.0,0.5594632416812678,-4.22,32.0,19.04,31111615.0,11.5,1.141,9748.0,3496290000.0,780676.0,7.203916669838798,1344.687159533074,1344.687159533074,6.808617877819977,905.6182664722504
2020,23,3.07,431.96,CALIFORNIA,1.0,0.0,1.0,0.4493649596986779,-1.54,48.0,5161.969999999999,1341160.0,7.8,1.115,782.0,238710000.0,45350.0,7.402318956358582,1639.7826086956522,1639.7826086956522,7.0402474781674655,1141.6701100975029
2020,1436,3.07,431.96,CALIFORNIA,1.0,0.0,1.0,0.4493649596986779,-1.54,48.0,5161.969999999999,1341160.0,7.8,1.115,782.0,238710000.0,45350.0,7.299677845951752,1479.8231197771588,1479.8231197771588,6.952946736247334,1046.2281487148566
2020,4955,3.07,431.96,CALIFORNIA,1.0,0.0,1.0,0.4493649596986779,-1.54,48.0,5161.969999999999,1341160.0,7.8,1.115,782.0,238710000.0,45350.0,7.1370116126473695,1257.6643794147326,1257.6643794147326,6.894145362738459,986.4822799317164
2020,141,3.07,431.96,CALIFORNIA,1.0,0.0,1.0,0.4493649596986779,-1.54,48.0,5161.969999999999,1341160.0,7.8,1.115,782.0,238710000.0,45350.0,7.209445165280003,1352.1418439716313,1352.1418439716313,7.034867487554405,1135.5444284521316
2020,170,3.07,431.96,CALIFORNIA,1.0,0.0,1.0,0.4493649596986779,-1.54,48.0,5161.969999999999,1341160.0,7.8,1.115,782.0,238710000.0,45350.0,7.339656099398409,1540.1823529411763,1540.1823529411763,7.036932004034883,1137.8912002800032
2020,15,3.07,431.96,CALIFORNIA,1.0,0.0,1.0,0.4493649596986779,-1.54,48.0,5161.969999999999,1341160.0,7.8,1.115,782.0,238710000.0,45350.0,7.48226906243086,1776.2666666666669,1776.2666666666669,7.031531351919102,1131.7624103892774
2020,161,3.36,932.44,CALIFORNIA,1.0,0.0,2.0,0.5594632416812678,-4.22,32.0,19.04,31111615.0,11.5,1.141,9748.0,3496290000.0,780676.0,7.289877587729703,1465.391304347826,1465.391304347826,6.865320203000883,958.4526901014096
2020,1927,3.07,431.96,CALIFORNIA,1.0,0.0,1.0,0.4493649596986779,-1.54,48.0,5161.969999999999,1341160.0,7.8,1.115,782.0,238710000.0,45350.0,7.273297126568373,1441.2947586922678,1441.2947586922678,6.945334751125298,1038.294509292956
2020,29,3.07,431.96,CALIFORNIA,1.0,0.0,1.0,0.4493649596986779,-1.54,48.0,5161.969999999999,1341160.0,7.8,1.115,782.0,238710000.0,45350.0,7.122421620763522,1239.448275862069,1239.448275862069,7.028758541681497,1128.6285947371302
2020,64,3.36,932.44,CALIFORNIA,1.0,0.0,2.0,0.5594632416812678,-4.22,32.0,19.04,31111615.0,11.5,1.141,9748.0,3496290000.0,780676.0,7.005505660888285,1102.6875,1102.6875,6.850620925897536,944.4671687645423
2020,357,3.36,932.44,CALIFORNIA,1.0,0.0,2.0,0.5594632416812678,-4.22,32.0,19.04,31111615.0,11.5,1.141,9748.0,3496290000.0,780676.0,6.881255993323578,973.8487394957984,973.8487394957984,6.838316443981992,932.9171935195033
2020,81,3.07,431.96,CALIFORNIA,1.0,0.0,1.0,0.4493649596986779,-1.54,48.0,5161.969999999999,1341160.0,7.8,1.115,782.0,238710000.0,45350.0,7.258177381255104,1419.6666666666667,1419.6666666666667,7.029171974857916,1129.095303711889
2020,159,3.07,431.96,CALIFORNIA,1.0,0.0,1.0,0.4493649596986779,-1.54,48.0,5161.969999999999,1341160.0,7.8,1.115,782.0,238710000.0,45350.0,7.042429100547147,1144.1635220125786,1144.1635220125786,7.036659705243629,1137.58139606316
2020,758,3.36,932.44,CALIFORNIA,1.0,0.0,2.0,0.5594632416812678,-4.22,32.0,19.04,31111615.0,11.5,1.141,9748.0,3496290000.0,780676.0,7.133780163393072,1253.6068601583113,1253.6068601583113,6.840961840727015,935.3883968420797
2020,744,3.36,932.44,CALIFORNIA,1.0,0.0,2.0,0.5594632416812678,-4.22,32.0,19.04,31111615.0,11.5,1.141,9748.0,3496290000.0,780676.0,6.896733742872998,989.0389784946236,989.0389784946236,6.843383579916577,937.6564087383628
2020,7063,3.36,932.44,CALIFORNIA,1.0,0.0,2.0,0.5594632416812678,-4.22,32.0,19.04,31111615.0,11.5,1.141,9748.0,3496290000.0,780676.0,6.840759562355722,935.199207135778,935.199207135778,6.765319558057345,867.2432980978377
2020,6721,3.36,932.44,CALIFORNIA,1.0,0.0,2.0,0.5594632416812678,-4.22,32.0,19.04,31111615.0,11.5,1.141,9748.0,3496290000.0,780676.0,6.880816894039545,973.4212170807916,973.4212170807916,6.765350847837812,867.2704343747886
2020,518,3.07,431.96,CALIFORNIA,1.0,0.0,1.0,0.4493649596986779,-1.54,48.0,5161.969999999999,1341160.0,7.8,1.115,782.0,238710000.0,45350.0,7.3232331546705565,1515.0945945945946,1515.0945945945946,7.016088368487304,1114.418884806602
2020,441,3.07,431.96,CALIFORNIA,1.0,0.0,1.0,0.4493649596986779,-1.54,48.0,5161.969999999999,1341160.0,7.8,1.115,782.0,238710000.0,45350.0,7.293395537324982,1470.5555555555557,1470.5555555555557,7.017984564883547,1116.5340466272228
2020,1354,3.07,431.96,CALIFORNIA,1.0,0.0,1.0,0.4493649596986779,-1.54,48.0,5161.969999999999,1341160.0,7.8,1.115,782.0,238710000.0,45350.0,7.321169018124336,1511.970457902511,1511.970457902511,6.956633726704137,1050.0927018221591
2020,108,3.07,431.96,CALIFORNIA,1.0,0.0,1.0,0.4493649596986779,-1.54,48.0,5161.969999999999,1341160.0,7.8,1.115,782.0,238710000.0,45350.0,7.4374626268402535,1698.4351851851852,1698.4351851851852,7.03218943927072,1132.5074540416047
2020,730,3.07,431.96,CALIFORNIA,1.0,0.0,1.0,0.4493649596986779,-1.54,48.0,5161.969999999999,1341160.0,7.8,1.115,782.0,238710000.0,45350.0,7.158569429938206,1285.0712328767124,1285.0712328767124,6.994554970319262,1090.6781855468969
2020,2,,,,,,,,,,,,,,,,,7.151485463904735,1276.0,1276.0,6.767632720813786,869.2516949746677
2020,166,3.07,431.96,CALIFORNIA,1.0,0.0,1.0,0.4493649596986779,-1.54,48.0,5161.969999999999,1341160.0,7.8,1.115,782.0,238710000.0,45350.0,7.233181360802225,1384.620481927711,1384.620481927711,7.036646661186764,1137.566557483519
2020,4272,3.07,431.96,CALIFORNIA,1.0,0.0,1.0,0.4493649596986779,-1.54,48.0,5161.969999999999,1341160.0,7.8,1.115,782.0,238710000.0,45350.0,7.162785381936436,1290.500468164794,1290.500468164794,6.899488903686427,991.7676972344752
2020,24,3.36,932.44,CALIFORNIA,1.0,0.0,2.0,0.5594632416812678,-4.22,32.0,19.04,31111615.0,11.5,1.141,9748.0,3496290000.0,780676.0,6.630738353348858,758.0416666666666,758.0416666666666,6.842452196169064,936.7834973693457
2020,191,3.07,431.96,CALIFORNIA,1.0,0.0,1.0,0.4493649596986779,-1.54,48.0,5161.969999999999,1341160.0,7.8,1.115,782.0,238710000.0,45350.0,7.426916743516518,1680.6178010471203,1680.6178010471203,7.035821231868849,1136.6279641204233
2020,477,3.07,431.96,CALIFORNIA,1.0,0.0,1.0,0.4493649596986779,-1.54,48.0,5161.969999999999,1341160.0,7.8,1.115,782.0,238710000.0,45350.0,7.092739256241855,1203.1991614255764,1203.1991614255764,7.016492222653067,1114.8690384077215
2020,137,3.07,431.96,CALIFORNIA,1.0,0.0,1.0,0.4493649596986779,-1.54,48.0,5161.969999999999,1341160.0,7.8,1.115,782.0,238710000.0,45350.0,6.942057966736995,1034.897810218978,1034.897810218978,7.034333776476235,1134.9385375106478
2020,1047,3.36,932.44,CALIFORNIA,1.0,0.0,2.0,0.5594632416812678,-4.22,32.0,19.04,31111615.0,11.5,1.141,9748.0,3496290000.0,780676.0,7.007029978326113,1104.3696275071634,1104.3696275071634,6.830438400400697,925.5965054234472
2020,1,3.36,932.44,CALIFORNIA,1.0,0.0,2.0,0.5594632416812678,-4.22,32.0,19.04,31111615.0,11.5,1.141,9748.0,3496290000.0,780676.0,6.608000625296087,741.0,741.0,6.816333618467721,912.6328085363839
2020,6935,3.41,897.88,CALIFORNIA,1.0,0.0,2.0,0.4781578118977718,-2.53,185.0,3556.57,9115222.0,12.5,1.102,3019.0,825045000.0,282963.0,6.760613170776416,863.1713049747657,863.1713049747657,6.691273375556201,805.3471088144044
2020,64,3.41,897.88,CALIFORNIA,1.0,0.0,2.0,0.4781578118977718,-2.53,185.0,3556.57,9115222.0,12.5,1.102,3019.0,825045000.0,282963.0,6.874973789457758,967.75,967.75,6.786852586983364,886.1201819814987
2020,2573,3.36,932.44,CALIFORNIA,1.0,0.0,2.0,0.5594632416812678,-4.22,32.0,19.04,31111615.0,11.5,1.141,9748.0,3496290000.0,780676.0,7.188643141472137,1324.3050913330742,1324.3050913330742,6.787807771474807,886.9669946036395
2020,28,1.34,603.02,CALIFORNIA,1.0,0.0,1.5,0.2314961179111801,-1.93,98.0,5237.05,2316248.0,10.6,1.072,697.0,198605000.0,55397.0,6.981105310910498,1076.107142857143,1076.107142857143,6.965737900236255,1059.696579352697
2020,200,1.66,421.53,CALIFORNIA,0.0,0.0,0.0,0.4185896475041226,-2.1,38.0,7196.41,661568.0,11.1,1.037,165.0,49665000.0,17133.0,7.421820649097956,1672.075,1672.075,6.963894606419791,1057.7450463775458
2020,7300,4.77,1000.64,CALIFORNIA,0.0,0.0,0.0,0.5011534508550874,-3.05,227.0,112.25,22651130.0,11.0,1.106,6075.0,1830985000.0,553710.0,6.748038383052209,852.3850684931507,852.3850684931507,6.659877164478932,780.4550636341775
2020,39,1.34,603.02,CALIFORNIA,1.0,0.0,1.5,0.2314961179111801,-1.93,98.0,5237.05,2316248.0,10.6,1.072,697.0,198605000.0,55397.0,7.260288323753534,1422.6666666666667,1422.6666666666667,6.95982352278136,1053.4476313289979
2020,367,1.34,603.02,CALIFORNIA,1.0,0.0,1.5,0.2314961179111801,-1.93,98.0,5237.05,2316248.0,10.6,1.072,697.0,198605000.0,55397.0,7.202569892426765,1342.8773841961852,1342.8773841961852,6.924808367612474,1017.1993226106449
2020,432,1.66,421.53,CALIFORNIA,0.0,0.0,0.0,0.4185896475041226,-2.1,38.0,7196.41,661568.0,11.1,1.037,165.0,49665000.0,17133.0,7.174905083014383,1306.236111111111,1306.236111111111,6.946811073962826,1039.8284992426888
2020,23,3.41,897.88,CALIFORNIA,1.0,0.0,2.0,0.4781578118977718,-2.53,185.0,3556.57,9115222.0,12.5,1.102,3019.0,825045000.0,282963.0,6.861301513740631,954.608695652174,954.608695652174,6.793978839361972,892.4574517087866
2020,99,4.77,1000.64,CALIFORNIA,0.0,0.0,0.0,0.5011534508550874,-3.05,227.0,112.25,22651130.0,11.0,1.106,6075.0,1830985000.0,553710.0,6.828077824460866,923.4141414141416,923.4141414141416,6.725089956800047,833.0469114103461
2020,1,,,,,,,,,,,,,,,,,7.7501841622578365,2322.0,2322.0,6.848493256606864,942.4597912485415
2020,2027,3.41,897.88,CALIFORNIA,1.0,0.0,2.0,0.4781578118977718,-2.53,185.0,3556.57,9115222.0,12.5,1.102,3019.0,825045000.0,282963.0,6.644659123659555,768.6679822397632,768.6679822397632,6.694246286826626,807.7448967501813
2020,1369,4.77,1000.64,CALIFORNIA,0.0,0.0,0.0,0.5011534508550874,-3.05,227.0,112.25,22651130.0,11.0,1.106,6075.0,1830985000.0,553710.0,6.787569889566998,886.7560262965668,886.7560262965668,6.6546863452210365,776.4143588170622
2020,21,3.41,897.88,CALIFORNIA,1.0,0.0,2.0,0.4781578118977718,-2.53,185.0,3556.57,9115222.0,12.5,1.102,3019.0,825045000.0,282963.0,7.039785545480393,1141.142857142857,1141.142857142857,6.792203948606682,890.8748421232865
2020,57,1.66,421.53,CALIFORNIA,0.0,0.0,0.0,0.4185896475041226,-2.1,38.0,7196.41,661568.0,11.1,1.037,165.0,49665000.0,17133.0,7.244540749748433,1400.438596491228,1400.438596491228,6.976599646457714,1071.269471801572
2020,220,4.77,1000.64,CALIFORNIA,0.0,0.0,0.0,0.5011534508550874,-3.05,227.0,112.25,22651130.0,11.0,1.106,6075.0,1830985000.0,553710.0,6.613079107774599,744.7727272727273,744.7727272727273,6.703131657055938,814.9539895080867
2020,2456,3.36,932.44,CALIFORNIA,1.0,0.0,2.0,0.5594632416812678,-4.22,32.0,19.04,31111615.0,11.5,1.141,9748.0,3496290000.0,780676.0,6.884736254981642,977.2438925081432,977.2438925081432,6.7868691602368925,886.1348679976287
2020,2050,1.34,603.02,CALIFORNIA,1.0,0.0,1.5,0.2314961179111801,-1.93,98.0,5237.05,2316248.0,10.6,1.072,697.0,198605000.0,55397.0,7.217427326490166,1362.9780487804878,1362.9780487804878,6.913414423600418,1005.6751878265208
2020,1625,3.41,897.88,CALIFORNIA,1.0,0.0,2.0,0.4781578118977718,-2.53,185.0,3556.57,9115222.0,12.5,1.102,3019.0,825045000.0,282963.0,6.716829426561463,826.1938461538462,826.1938461538462,6.694758425164723,808.1586798272539
2020,149,4.77,1000.64,CALIFORNIA,0.0,0.0,0.0,0.5011534508550874,-3.05,227.0,112.25,22651130.0,11.0,1.106,6075.0,1830985000.0,553710.0,6.883469462833503,976.006711409396,976.006711409396,6.733637419274728,840.1978663479517
2020,1186,3.41,897.88,CALIFORNIA,1.0,0.0,2.0,0.4781578118977718,-2.53,185.0,3556.57,9115222.0,12.5,1.102,3019.0,825045000.0,282963.0,6.726631655307191,834.3322091062395,834.3322091062395,6.702686315446893,814.5911373896723
2020,12,1.66,421.53,CALIFORNIA,0.0,0.0,0.0,0.4185896475041226,-2.1,38.0,7196.41,661568.0,11.1,1.037,165.0,49665000.0,17133.0,7.2875036391411845,1461.9166666666667,1461.9166666666667,6.979952903080044,1074.867742843612
2020,1940,4.77,1000.64,CALIFORNIA,0.0,0.0,0.0,0.5011534508550874,-3.05,227.0,112.25,22651130.0,11.0,1.106,6075.0,1830985000.0,553710.0,6.792818703774561,891.4226804123712,891.4226804123712,6.635849818261619,761.9262896474614
2020,1012,1.34,603.02,CALIFORNIA,1.0,0.0,1.5,0.2314961179111801,-1.93,98.0,5237.05,2316248.0,10.6,1.072,697.0,198605000.0,55397.0,7.151724726790357,1276.3053359683795,1276.3053359683795,6.915900293482858,1008.1782753734329
2020,785,4.77,1000.64,CALIFORNIA,0.0,0.0,0.0,0.5011534508550874,-3.05,227.0,112.25,22651130.0,11.0,1.106,6075.0,1830985000.0,553710.0,6.597529705449919,733.2815286624203,733.2815286624203,6.690227692176743,804.5054108794893
2020,840,1.34,603.02,CALIFORNIA,1.0,0.0,1.5,0.2314961179111801,-1.93,98.0,5237.05,2316248.0,10.6,1.072,697.0,198605000.0,55397.0,7.110929331935108,1225.2857142857142,1225.2857142857142,6.914690515235068,1006.9593406949872
2020,5754,3.36,932.44,CALIFORNIA,1.0,0.0,2.0,0.5594632416812678,-4.22,32.0,19.04,31111615.0,11.5,1.141,9748.0,3496290000.0,780676.0,6.759155667885137,861.9141466805701,861.9141466805701,6.760480162447781,863.0565036371015
2020,373,3.41,897.88,CALIFORNIA,1.0,0.0,2.0,0.4781578118977718,-2.53,185.0,3556.57,9115222.0,12.5,1.102,3019.0,825045000.0,282963.0,6.689482553686186,803.9061662198392,803.9061662198392,6.748501815517095,852.7801829538371
2020,2382,3.41,897.88,CALIFORNIA,1.0,0.0,2.0,0.4781578118977718,-2.53,185.0,3556.57,9115222.0,12.5,1.102,3019.0,825045000.0,282963.0,6.663543848136556,783.3219983207389,783.3219983207389,6.690980807570193,805.111524496636
2020,674,1.34,603.02,CALIFORNIA,1.0,0.0,1.5,0.2314961179111801,-1.93,98.0,5237.05,2316248.0,10.6,1.072,697.0,198605000.0,55397.0,6.891586693369515,983.9614243323442,983.9614243323442,6.917207355466811,1009.4968884369964
2020,10110,3.36,932.44,CALIFORNIA,1.0,0.0,2.0,0.5594632416812678,-4.22,32.0,19.04,31111615.0,11.5,1.141,9748.0,3496290000.0,780676.0,6.7723110788787855,873.3278931750742,873.3278931750742,6.7736185972759895,874.4705323102493
2020,9149,3.36,932.44,CALIFORNIA,1.0,0.0,2.0,0.5594632416812678,-4.22,32.0,19.04,31111615.0,11.5,1.141,9748.0,3496290000.0,780676.0,6.802016386894773,899.6595256312165,899.6595256312165,6.773150571171811,874.0613530345539
2020,2499,1.66,421.53,CALIFORNIA,0.0,0.0,0.0,0.4185896475041226,-2.1,38.0,7196.41,661568.0,11.1,1.037,165.0,49665000.0,17133.0,7.276067844587946,1445.2937174869949,1445.2937174869949,6.928805969213357,1021.2738189314903
2020,7167,3.41,897.88,CALIFORNIA,1.0,0.0,2.0,0.4781578118977718,-2.53,185.0,3556.57,9115222.0,12.5,1.102,3019.0,825045000.0,282963.0,6.798515023861566,896.514999302358,896.514999302358,6.692068305045539,805.9875575024025
2020,3112,3.41,897.88,CALIFORNIA,1.0,0.0,2.0,0.4781578118977718,-2.53,185.0,3556.57,9115222.0,12.5,1.102,3019.0,825045000.0,282963.0,6.527972481024674,684.0099614395887,684.0099614395887,6.690808644942528,804.972926312072
2020,110,1.66,421.53,CALIFORNIA,0.0,0.0,0.0,0.4185896475041226,-2.1,38.0,7196.41,661568.0,11.1,1.037,165.0,49665000.0,17133.0,7.300742865579189,1481.4,1481.4,6.972028959767551,1066.3842076959495
2020,763,1.34,603.02,CALIFORNIA,1.0,0.0,1.5,0.2314961179111801,-1.93,98.0,5237.05,2316248.0,10.6,1.072,697.0,198605000.0,55397.0,6.86977437362049,962.7313237221496,962.7313237221496,6.914627933347768,1006.8963252508455
2020,6,1.34,603.02,CALIFORNIA,1.0,0.0,1.5,0.2314961179111801,-1.93,98.0,5237.05,2316248.0,10.6,1.072,697.0,198605000.0,55397.0,7.01571242048723,1114.0,1114.0,6.959853758222813,1053.4794832647056
2020,4797,3.41,897.88,CALIFORNIA,1.0,0.0,2.0,0.4781578118977718,-2.53,185.0,3556.57,9115222.0,12.5,1.102,3019.0,825045000.0,282963.0,6.671572900295681,789.6366479049406,789.6366479049406,6.6836352236220975,799.219178063273
2020,10087,4.77,1000.64,CALIFORNIA,0.0,0.0,0.0,0.5011534508550874,-3.05,227.0,112.25,22651130.0,11.0,1.106,6075.0,1830985000.0,553710.0,6.721224538924903,829.8330524437395,829.8330524437395,6.667538183770181,786.4571064599988
2020,5679,4.77,1000.64,CALIFORNIA,0.0,0.0,0.0,0.5011534508550874,-3.05,227.0,112.25,22651130.0,11.0,1.106,6075.0,1830985000.0,553710.0,6.647305521580969,770.7048776192992,770.7048776192992,6.646742041441569,770.2707230576458
2020,1,4.77,1000.64,CALIFORNIA,0.0,0.0,0.0,0.5011534508550874,-3.05,227.0,112.25,22651130.0,11.0,1.106,6075.0,1830985000.0,553710.0,7.176254532017144,1308.0,1308.0,6.6892890803320135,803.7506468423335
2020,4428,4.77,1000.64,CALIFORNIA,0.0,0.0,0.0,0.5011534508550874,-3.05,227.0,112.25,22651130.0,11.0,1.106,6075.0,1830985000.0,553710.0,6.7261193949199765,833.9049232158989,833.9049232158989,6.637389459785718,763.1002865365722
2020,12754,4.77,1000.64,CALIFORNIA,0.0,0.0,0.0,0.5011534508550874,-3.05,227.0,112.25,22651130.0,11.0,1.106,6075.0,1830985000.0,553710.0,6.789217616891705,888.2183628665516,888.2183628665516,6.668041214163708,786.8528178068266
2020,6616,4.77,1000.64,CALIFORNIA,0.0,0.0,0.0,0.5011534508550874,-3.05,227.0,112.25,22651130.0,11.0,1.106,6075.0,1830985000.0,553710.0,6.9991088122897125,1095.6562877871827,1095.6562877871827,6.657032529752574,778.238108766161
2020,2458,4.77,1000.64,CALIFORNIA,0.0,0.0,0.0,0.5011534508550874,-3.05,227.0,112.25,22651130.0,11.0,1.106,6075.0,1830985000.0,553710.0,6.826966089885692,922.3881204231084,922.3881204231084,6.634493472561915,760.893554732112
2020,4484,4.77,1000.64,CALIFORNIA,0.0,0.0,0.0,0.5011534508550874,-3.05,227.0,112.25,22651130.0,11.0,1.106,6075.0,1830985000.0,553710.0,6.727864307402094,835.3612845673506,835.3612845673506,6.637576957420812,763.2433794500098
2020,2563,4.77,1000.64,CALIFORNIA,0.0,0.0,0.0,0.5011534508550874,-3.05,227.0,112.25,22651130.0,11.0,1.106,6075.0,1830985000.0,553710.0,6.701676087898021,813.7686305111198,813.7686305111198,6.634591439624793,760.9681008903063
2020,7393,4.77,1000.64,CALIFORNIA,0.0,0.0,0.0,0.5011534508550874,-3.05,227.0,112.25,22651130.0,11.0,1.106,6075.0,1830985000.0,553710.0,6.883572065910256,976.106857838496,976.106857838496,6.6647418308423205,784.2609668495036
2020,5324,4.77,1000.64,CALIFORNIA,0.0,0.0,0.0,0.5011534508550874,-3.05,227.0,112.25,22651130.0,11.0,1.106,6075.0,1830985000.0,553710.0,6.880399911406476,973.0154019534184,973.0154019534184,6.643998055708356,768.1600083927055
2020,355,1.34,603.02,CALIFORNIA,1.0,0.0,1.5,0.2314961179111801,-1.93,98.0,5237.05,2316248.0,10.6,1.072,697.0,198605000.0,55397.0,7.0526601282285695,1155.9295774647887,1155.9295774647887,6.925264020538834,1017.6629180699764
2020,622,3.41,897.88,CALIFORNIA,1.0,0.0,2.0,0.4781578118977718,-2.53,185.0,3556.57,9115222.0,12.5,1.102,3019.0,825045000.0,282963.0,6.566482470508233,710.8649517684887,710.8649517684887,6.7413503265788925,846.7032902238835
2020,4237,3.36,932.44,CALIFORNIA,1.0,0.0,2.0,0.5594632416812678,-4.22,32.0,19.04,31111615.0,11.5,1.141,9748.0,3496290000.0,780676.0,6.927665033315235,1020.1092754307292,1020.1092754307292,6.756714815338711,859.8129067924338
2020,5323,4.77,1000.64,CALIFORNIA,0.0,0.0,0.0,0.5011534508550874,-3.05,227.0,112.25,22651130.0,11.0,1.106,6075.0,1830985000.0,553710.0,6.748171115656511,852.4982152921285,852.4982152921285,6.643998055708356,768.1600083927055
2020,3278,4.77,1000.64,CALIFORNIA,0.0,0.0,0.0,0.5011534508550874,-3.05,227.0,112.25,22651130.0,11.0,1.106,6075.0,1830985000.0,553710.0,6.766124584254944,867.9417327638804,867.9417327638804,6.634989244961497,761.2708782811404
2020,81,3.41,897.88,CALIFORNIA,1.0,0.0,2.0,0.4781578118977718,-2.53,185.0,3556.57,9115222.0,12.5,1.102,3019.0,825045000.0,282963.0,6.824212626480454,919.8518518518518,919.8518518518518,6.779816127867331,879.9069188707989
2020,6776,1.34,603.02,CALIFORNIA,1.0,0.0,1.5,0.2314961179111801,-1.93,98.0,5237.05,2316248.0,10.6,1.072,697.0,198605000.0,55397.0,7.11375074977075,1228.7476387249114,1228.7476387249114,6.879613554577413,972.2505654039428
2020,517,1.34,603.02,CALIFORNIA,1.0,0.0,1.5,0.2314961179111801,-1.93,98.0,5237.05,2316248.0,10.6,1.072,697.0,198605000.0,55397.0,7.054220797465489,1157.7350096711798,1157.7350096711798,6.921450849475365,1013.789784432017
2020,121,3.41,897.88,CALIFORNIA,1.0,0.0,2.0,0.4781578118977718,-2.53,185.0,3556.57,9115222.0,12.5,1.102,3019.0,825045000.0,282963.0,6.809732332040953,906.6280991735536,906.6280991735536,6.780347459759287,880.3745657055847
2020,312,1.34,603.02,CALIFORNIA,1.0,0.0,1.5,0.2314961179111801,-1.93,98.0,5237.05,2316248.0,10.6,1.072,697.0,198605000.0,55397.0,7.2212480066990326,1368.195512820513,1368.195512820513,6.9280048781713965,1020.456013235899
2020,9749,3.36,932.44,CALIFORNIA,1.0,0.0,2.0,0.5594632416812678,-4.22,32.0,19.04,31111615.0,11.5,1.141,9748.0,3496290000.0,780676.0,6.8703553382348455,963.2907990563136,963.2907990563136,6.773028559704483,873.9547140320578
2020,7108,3.36,932.44,CALIFORNIA,1.0,0.0,2.0,0.5594632416812678,-4.22,32.0,19.04,31111615.0,11.5,1.141,9748.0,3496290000.0,780676.0,6.989227508534508,1084.883089476646,1084.883089476646,6.765597034710397,867.4839712546224
2020,878,1.34,603.02,CALIFORNIA,1.0,0.0,1.5,0.2314961179111801,-1.93,98.0,5237.05,2316248.0,10.6,1.072,697.0,198605000.0,55397.0,7.037676946842478,1138.739179954442,1138.739179954442,6.914645936441684,1006.914452663127
2020,5734,4.77,1000.64,CALIFORNIA,0.0,0.0,0.0,0.5011534508550874,-3.05,227.0,112.25,22651130.0,11.0,1.106,6075.0,1830985000.0,553710.0,6.6735219486226365,791.1771886989885,791.1771886989885,6.646394170813235,770.0028150985848
2020,1,4.77,1000.64,CALIFORNIA,0.0,0.0,0.0,0.5011534508550874,-3.05,227.0,112.25,22651130.0,11.0,1.106,6075.0,1830985000.0,553710.0,6.258701535932703,256.0,522.5400000000001,6.6892890803320135,803.7506468423335
2020,7809,4.77,1000.64,CALIFORNIA,0.0,0.0,0.0,0.5011534508550874,-3.05,227.0,112.25,22651130.0,11.0,1.106,6075.0,1830985000.0,553710.0,6.809782497539132,906.6735817646304,906.6735817646304,6.666527068188179,785.6623093086869
2020,2213,1.34,603.02,CALIFORNIA,1.0,0.0,1.5,0.2314961179111801,-1.93,98.0,5237.05,2316248.0,10.6,1.072,697.0,198605000.0,55397.0,7.010984967521628,1108.746046091279,1108.746046091279,6.91190896392631,1004.162323449883
2020,16,4.77,1000.64,CALIFORNIA,0.0,0.0,0.0,0.5011534508550874,-3.05,227.0,112.25,22651130.0,11.0,1.106,6075.0,1830985000.0,553710.0,7.2813856635702825,1453.0,1453.0,6.694132896389242,807.6533113955936
2020,1887,4.77,1000.64,CALIFORNIA,0.0,0.0,0.0,0.5011534508550874,-3.05,227.0,112.25,22651130.0,11.0,1.106,6075.0,1830985000.0,553710.0,6.703783551396268,815.4854266030736,815.4854266030736,6.635898252593929,761.96319393228
2020,16,4.77,1000.64,CALIFORNIA,0.0,0.0,0.0,0.5011534508550874,-3.05,227.0,112.25,22651130.0,11.0,1.106,6075.0,1830985000.0,553710.0,6.824713286280006,920.3125,920.3125,6.694132896389242,807.6533113955936
2020,1824,3.41,897.88,CALIFORNIA,1.0,0.0,2.0,0.4781578118977718,-2.53,185.0,3556.57,9115222.0,12.5,1.102,3019.0,825045000.0,282963.0,6.570902926266305,714.0142543859649,714.0142543859649,6.692408205404064,806.2615595262193
2020,261,1.66,421.53,CALIFORNIA,0.0,0.0,0.0,0.4185896475041226,-2.1,38.0,7196.41,661568.0,11.1,1.037,165.0,49665000.0,17133.0,7.19888828665328,1337.942528735632,1337.942528735632,6.95849073380411,1052.044543155774
2020,4700,3.36,932.44,CALIFORNIA,1.0,0.0,2.0,0.5594632416812678,-4.22,32.0,19.04,31111615.0,11.5,1.141,9748.0,3496290000.0,780676.0,6.8632790093411815,956.4982978723403,956.4982978723403,6.755405790189001,858.6881264169107
2020,5956,0.22,1566.69,CALIFORNIA,2.0,0.0,1.0,0.2819282273578825,-2.98,98.0,55322.65,29572422.0,8.0,1.158,4682.0,2573700000.0,488501.0,6.909265554999385,1001.5114170584284,1001.5114170584284,6.863612583350402,956.8174140658489
2020,7471,0.22,1566.69,CALIFORNIA,2.0,0.0,1.0,0.2819282273578825,-2.98,98.0,55322.65,29572422.0,8.0,1.158,4682.0,2573700000.0,488501.0,6.998244350048636,1094.7095435684648,1094.7095435684648,6.862659698737924,955.9061117269775
2020,8823,0.22,1566.69,CALIFORNIA,2.0,0.0,1.0,0.2819282273578825,-2.98,98.0,55322.65,29572422.0,8.0,1.158,4682.0,2573700000.0,488501.0,7.316898077157847,1505.5266916014962,1505.5266916014962,6.856440311770706,949.979411040425
2020,5348,0.22,1566.69,CALIFORNIA,2.0,0.0,1.0,0.2819282273578825,-2.98,98.0,55322.65,29572422.0,8.0,1.158,4682.0,2573700000.0,488501.0,7.055423996099653,1159.128833208676,1159.128833208676,6.868803626678524,961.7972087017165
2020,5060,0.22,1566.69,CALIFORNIA,2.0,0.0,1.0,0.2819282273578825,-2.98,98.0,55322.65,29572422.0,8.0,1.158,4682.0,2573700000.0,488501.0,6.817827976766427,913.997628458498,913.997628458498,6.872793957574431,965.6427652380771
2020,7612,0.22,1566.69,CALIFORNIA,2.0,0.0,1.0,0.2819282273578825,-2.98,98.0,55322.65,29572422.0,8.0,1.158,4682.0,2573700000.0,488501.0,7.219870135083076,1366.311613242249,1366.311613242249,6.862606660738444,955.8554137235927
2020,284,3.42,1161.98,CALIFORNIA,0.0,0.0,0.0,0.2899943017796431,-2.44,141.0,14756.88,3395421.0,9.1,1.131,504.0,193380000.0,91362.0,7.400870057979613,1637.4084507042253,1637.4084507042253,6.912171848750156,1004.4263371864782
2020,63,0.22,1566.69,CALIFORNIA,2.0,0.0,1.0,0.2819282273578825,-2.98,98.0,55322.65,29572422.0,8.0,1.158,4682.0,2573700000.0,488501.0,7.384856675251062,1611.3968253968253,1611.3968253968253,6.984884785008676,1080.1819574079304
2020,221,3.42,1161.98,CALIFORNIA,0.0,0.0,0.0,0.2899943017796431,-2.44,141.0,14756.88,3395421.0,9.1,1.131,504.0,193380000.0,91362.0,7.354486807725516,1563.1945701357463,1563.1945701357463,6.918857331713932,1011.163909218612
2020,7,0.22,1566.69,CALIFORNIA,2.0,0.0,1.0,0.2819282273578825,-2.98,98.0,55322.65,29572422.0,8.0,1.158,4682.0,2573700000.0,488501.0,6.877148785246334,969.8571428571428,969.8571428571428,6.988201571491022,1083.7706384772205
2020,32,3.42,1161.98,CALIFORNIA,0.0,0.0,0.0,0.2899943017796431,-2.44,141.0,14756.88,3395421.0,9.1,1.131,504.0,193380000.0,91362.0,7.479052571691398,1770.5625,1770.5625,6.960448030358633,1054.1057228271989
2020,1,3.42,1161.98,CALIFORNIA,0.0,0.0,0.0,0.2899943017796431,-2.44,141.0,14756.88,3395421.0,9.1,1.131,504.0,193380000.0,91362.0,7.171656822768514,1302.0,1302.0,6.957912575050085,1051.436470191816
2020,176,0.22,1566.69,CALIFORNIA,2.0,0.0,1.0,0.2819282273578825,-2.98,98.0,55322.65,29572422.0,8.0,1.158,4682.0,2573700000.0,488501.0,7.010896287901619,1108.6477272727273,1108.6477272727273,6.975011395260026,1069.5693772259392
2020,100,3.42,1161.98,CALIFORNIA,0.0,0.0,0.0,0.2899943017796431,-2.44,141.0,14756.88,3395421.0,9.1,1.131,504.0,193380000.0,91362.0,7.572703582183379,1944.39,1944.39,6.948373401192742,1041.4543213238512
2020,534,0.22,1566.69,CALIFORNIA,2.0,0.0,1.0,0.2819282273578825,-2.98,98.0,55322.65,29572422.0,8.0,1.158,4682.0,2573700000.0,488501.0,7.167835173080636,1297.0337078651685,1297.0337078651685,6.968165981302633,1062.2727348446551
2020,2363,4.02,470.91,CALIFORNIA,0.0,0.0,0.0,0.4131308067436727,-2.2,49.0,8881.98,1879722.0,9.8,1.123,677.0,180185000.0,68200.0,6.8842540216176165,976.7727465086754,976.7727465086754,6.8418560386849165,936.2251933114698
2020,1147,4.02,470.91,CALIFORNIA,0.0,0.0,0.0,0.4131308067436727,-2.2,49.0,8881.98,1879722.0,9.8,1.123,677.0,180185000.0,68200.0,6.932575469714293,1025.1307759372276,1025.1307759372276,6.861675132603043,954.9654221028088
2020,94,4.02,470.91,CALIFORNIA,0.0,0.0,0.0,0.4131308067436727,-2.2,49.0,8881.98,1879722.0,9.8,1.123,677.0,180185000.0,68200.0,7.111729024003308,1226.2659574468084,1226.2659574468084,6.9122798335955915,1004.5348058656318
2020,2566,0.22,1566.69,CALIFORNIA,2.0,0.0,1.0,0.2819282273578825,-2.98,98.0,55322.65,29572422.0,8.0,1.158,4682.0,2573700000.0,488501.0,7.129441182317263,1248.179267342167,1248.179267342167,6.916026098840438,1008.3051175804175
2020,644,4.02,470.91,CALIFORNIA,0.0,0.0,0.0,0.4131308067436727,-2.2,49.0,8881.98,1879722.0,9.8,1.123,677.0,180185000.0,68200.0,7.241549798846299,1396.2562111801242,1396.2562111801242,6.887224399795368,979.6784443337834
2020,99,3.42,1161.98,CALIFORNIA,0.0,0.0,0.0,0.2899943017796431,-2.44,141.0,14756.88,3395421.0,9.1,1.131,504.0,193380000.0,91362.0,7.597482476647594,1993.171717171717,1993.171717171717,6.948547118217608,1041.6352553852932
2020,224,3.42,1161.98,CALIFORNIA,0.0,0.0,0.0,0.2899943017796431,-2.44,141.0,14756.88,3395421.0,9.1,1.131,504.0,193380000.0,91362.0,7.204497744330539,1345.46875,1345.46875,6.917195573162879,1009.484994307909
2020,10,3.42,1161.98,CALIFORNIA,0.0,0.0,0.0,0.2899943017796431,-2.44,141.0,14756.88,3395421.0,9.1,1.131,504.0,193380000.0,91362.0,7.267874285323424,1433.5,1433.5,6.962121741216283,1055.8714682820753
2020,50,0.22,1566.69,CALIFORNIA,2.0,0.0,1.0,0.2819282273578825,-2.98,98.0,55322.65,29572422.0,8.0,1.158,4682.0,2573700000.0,488501.0,7.2113057793182564,1354.66,1354.66,6.985639727326809,1080.9977403746584
2020,111,3.42,1161.98,CALIFORNIA,0.0,0.0,0.0,0.2899943017796431,-2.44,141.0,14756.88,3395421.0,9.1,1.131,504.0,193380000.0,91362.0,7.666669111353485,2135.954954954955,2135.954954954955,6.948160616497823,1041.2327393592775
2020,20,0.22,1566.69,CALIFORNIA,2.0,0.0,1.0,0.2819282273578825,-2.98,98.0,55322.65,29572422.0,8.0,1.158,4682.0,2573700000.0,488501.0,6.896492086703426,988.8,988.8,6.986613555136472,1082.05095877987
2020,19,4.02,470.91,CALIFORNIA,0.0,0.0,0.0,0.4131308067436727,-2.2,49.0,8881.98,1879722.0,9.8,1.123,677.0,180185000.0,68200.0,7.12600265303252,1243.8947368421052,1243.8947368421052,6.923768323619067,1016.1419405223235
2020,1749,0.22,1566.69,CALIFORNIA,2.0,0.0,1.0,0.2819282273578825,-2.98,98.0,55322.65,29572422.0,8.0,1.158,4682.0,2573700000.0,488501.0,7.088145297456931,1197.6843910806174,1197.6843910806174,6.906200097257788,998.4460269441009
2020,3268,3.42,1161.98,CALIFORNIA,0.0,0.0,0.0,0.2899943017796431,-2.44,141.0,14756.88,3395421.0,9.1,1.131,504.0,193380000.0,91362.0,7.023738790849624,1122.9773561811503,1122.9773561811503,6.844416554800642,938.62548468786
2020,125,0.22,1566.69,CALIFORNIA,2.0,0.0,1.0,0.2819282273578825,-2.98,98.0,55322.65,29572422.0,8.0,1.158,4682.0,2573700000.0,488501.0,7.126633747748972,1244.68,1244.68,6.983399345773972,1078.5786038847127
2020,1,,,,,,,,,,,,,,,,,6.964135612418245,1058.0,1058.0,6.848493256606864,942.4597912485415
2020,348,0.22,1566.69,CALIFORNIA,2.0,0.0,1.0,0.2819282273578825,-2.98,98.0,55322.65,29572422.0,8.0,1.158,4682.0,2573700000.0,488501.0,7.6929641608071995,2192.864942528736,2192.864942528736,6.966157054071937,1060.1408483406124
2020,966,0.22,1566.69,CALIFORNIA,2.0,0.0,1.0,0.2819282273578825,-2.98,98.0,55322.65,29572422.0,8.0,1.158,4682.0,2573700000.0,488501.0,7.771352586695315,2371.67701863354,2371.67701863354,6.9478389037377415,1040.8978153783587
2020,82,4.02,470.91,CALIFORNIA,0.0,0.0,0.0,0.4131308067436727,-2.2,49.0,8881.98,1879722.0,9.8,1.123,677.0,180185000.0,68200.0,7.286433917243352,1460.3536585365853,1460.3536585365853,6.9121315704334885,1004.3858813991505
2020,199,0.22,1566.69,CALIFORNIA,2.0,0.0,1.0,0.2819282273578825,-2.98,98.0,55322.65,29572422.0,8.0,1.158,4682.0,2573700000.0,488501.0,6.895540275139055,987.859296482412,987.859296482412,6.97118639655724,1065.4860900080816
2020,838,3.42,1161.98,CALIFORNIA,0.0,0.0,0.0,0.2899943017796431,-2.44,141.0,14756.88,3395421.0,9.1,1.131,504.0,193380000.0,91362.0,7.415669987564875,1661.822195704057,1661.822195704057,6.892048577770717,984.4160057395775
2020,1861,0.22,1566.69,CALIFORNIA,2.0,0.0,1.0,0.2819282273578825,-2.98,98.0,55322.65,29572422.0,8.0,1.158,4682.0,2573700000.0,488501.0,7.036674830937872,1137.5986029016658,1137.5986029016658,6.910265182195445,1002.5130556572697
2020,4148,0.22,1566.69,CALIFORNIA,2.0,0.0,1.0,0.2819282273578825,-2.98,98.0,55322.65,29572422.0,8.0,1.158,4682.0,2573700000.0,488501.0,7.494311142829153,1797.7859209257474,1797.7859209257474,6.896412436784363,988.7212452964748
2020,166,3.42,1161.98,CALIFORNIA,0.0,0.0,0.0,0.2899943017796431,-2.44,141.0,14756.88,3395421.0,9.1,1.131,504.0,193380000.0,91362.0,7.308805031247407,1493.3915662650602,1493.3915662650602,6.938995173880528,1031.7329816798124
2020,223,0.22,1566.69,CALIFORNIA,2.0,0.0,1.0,0.2819282273578825,-2.98,98.0,55322.65,29572422.0,8.0,1.158,4682.0,2573700000.0,488501.0,7.440515257879838,1703.627802690583,1703.627802690583,6.970191406375672,1064.4264690535683
2020,2935,4.02,470.91,CALIFORNIA,0.0,0.0,0.0,0.4131308067436727,-2.2,49.0,8881.98,1879722.0,9.8,1.123,677.0,180185000.0,68200.0,7.275632556979784,1444.6647359454855,1444.6647359454855,6.8334219351540435,928.3621784542081
2020,542,0.22,1566.69,CALIFORNIA,2.0,0.0,1.0,0.2819282273578825,-2.98,98.0,55322.65,29572422.0,8.0,1.158,4682.0,2573700000.0,488501.0,7.736104043336366,2289.5350553505536,2289.5350553505536,6.9680619250349904,1062.1622044594383
2020,2362,4.02,470.91,CALIFORNIA,0.0,0.0,0.0,0.4131308067436727,-2.2,49.0,8881.98,1879722.0,9.8,1.123,677.0,180185000.0,68200.0,7.150216539852971,1274.3818797629128,1274.3818797629128,6.842361947177682,936.6989574184454
2020,318,3.42,1161.98,CALIFORNIA,0.0,0.0,0.0,0.2899943017796431,-2.44,141.0,14756.88,3395421.0,9.1,1.131,504.0,193380000.0,91362.0,7.362188233386876,1575.2798742138364,1575.2798742138364,6.908407346556029,1000.6522802161687
2020,230,3.42,1161.98,CALIFORNIA,0.0,0.0,0.0,0.2899943017796431,-2.44,141.0,14756.88,3395421.0,9.1,1.131,504.0,193380000.0,91362.0,7.6076276209516625,2013.495652173913,2013.495652173913,6.916846754004481,1009.1329280090833
2020,560,4.02,470.91,CALIFORNIA,0.0,0.0,0.0,0.4131308067436727,-2.2,49.0,8881.98,1879722.0,9.8,1.123,677.0,180185000.0,68200.0,7.254198052354621,1414.0285714285717,1414.0285714285717,6.892892229928183,985.246860853738
2020,694,4.02,470.91,CALIFORNIA,0.0,0.0,0.0,0.4131308067436727,-2.2,49.0,8881.98,1879722.0,9.8,1.123,677.0,180185000.0,68200.0,7.05125911537766,1154.3112391930836,1154.3112391930836,6.884376619545813,976.892504164587
2020,210,3.42,1161.98,CALIFORNIA,0.0,0.0,0.0,0.2899943017796431,-2.44,141.0,14756.88,3395421.0,9.1,1.131,504.0,193380000.0,91362.0,7.195958644108708,1334.0285714285717,1334.0285714285717,6.922476100113137,1014.8297060541341
2020,931,3.42,1161.98,CALIFORNIA,0.0,0.0,0.0,0.2899943017796431,-2.44,141.0,14756.88,3395421.0,9.1,1.131,504.0,193380000.0,91362.0,7.468419466057943,1751.8356605800216,1751.8356605800216,6.8856474244911885,978.134733138163
2020,691,4.02,470.91,CALIFORNIA,0.0,0.0,0.0,0.4131308067436727,-2.2,49.0,8881.98,1879722.0,9.8,1.123,677.0,180185000.0,68200.0,7.242684046796311,1397.8408104196817,1397.8408104196817,6.884355756246918,976.8721231768917
2020,589,0.22,1566.69,CALIFORNIA,2.0,0.0,1.0,0.2819282273578825,-2.98,98.0,55322.65,29572422.0,8.0,1.158,4682.0,2573700000.0,488501.0,7.050253564210931,1153.151103565365,1153.151103565365,6.965251145043174,1059.1808920565234
2020,50,3.42,1161.98,CALIFORNIA,0.0,0.0,0.0,0.2899943017796431,-2.44,141.0,14756.88,3395421.0,9.1,1.131,504.0,193380000.0,91362.0,7.243698804431656,1399.26,1399.26,6.956025672046054,1049.4543821496893
2020,403,4.02,470.91,CALIFORNIA,0.0,0.0,0.0,0.4131308067436727,-2.2,49.0,8881.98,1879722.0,9.8,1.123,677.0,180185000.0,68200.0,7.005789019253503,1103.0,1103.0,6.894325284705937,986.6597857325221
2020,474,0.22,1566.69,CALIFORNIA,2.0,0.0,1.0,0.2819282273578825,-2.98,98.0,55322.65,29572422.0,8.0,1.158,4682.0,2573700000.0,488501.0,7.552158655057517,1904.850210970464,1904.850210970464,6.967420722722998,1061.4813619004658
2020,170,3.42,1161.98,CALIFORNIA,0.0,0.0,0.0,0.2899943017796431,-2.44,141.0,14756.88,3395421.0,9.1,1.131,504.0,193380000.0,91362.0,7.473847528284458,1761.370588235294,1761.370588235294,6.938759652831224,1031.4900154583183
2020,1976,4.02,470.91,CALIFORNIA,0.0,0.0,0.0,0.4131308067436727,-2.2,49.0,8881.98,1879722.0,9.8,1.123,677.0,180185000.0,68200.0,7.186613106955202,1321.6194331983806,1321.6194331983806,6.853623216998942,947.3069950002895
2020,246,3.42,1161.98,CALIFORNIA,0.0,0.0,0.0,0.2899943017796431,-2.44,141.0,14756.88,3395421.0,9.1,1.131,504.0,193380000.0,91362.0,7.337577164326747,1536.9837398373984,1536.9837398373984,6.915123088389382,1007.3950184977248
2020,351,3.42,1161.98,CALIFORNIA,0.0,0.0,0.0,0.2899943017796431,-2.44,141.0,14756.88,3395421.0,9.1,1.131,504.0,193380000.0,91362.0,7.286509737733442,1460.4643874643875,1460.4643874643875,6.905676926667688,997.9238059642424
2020,1130,3.42,1161.98,CALIFORNIA,0.0,0.0,0.0,0.2899943017796431,-2.44,141.0,14756.88,3395421.0,9.1,1.131,504.0,193380000.0,91362.0,7.17645883579186,1308.2672566371682,1308.2672566371682,6.871441892743002,964.338035853595
2020,91,0.22,1566.69,CALIFORNIA,2.0,0.0,1.0,0.2819282273578825,-2.98,98.0,55322.65,29572422.0,8.0,1.158,4682.0,2573700000.0,488501.0,6.935242161394123,1027.868131868132,1027.868131868132,6.981447552608181,1076.4754946216747
2020,7277,0.22,1566.69,CALIFORNIA,2.0,0.0,1.0,0.2819282273578825,-2.98,98.0,55322.65,29572422.0,8.0,1.158,4682.0,2573700000.0,488501.0,7.255683271055967,1416.1302734643398,1416.1302734643398,6.8634153611180295,956.6287270067274
2020,8151,0.22,1566.69,CALIFORNIA,2.0,0.0,1.0,0.2819282273578825,-2.98,98.0,55322.65,29572422.0,8.0,1.158,4682.0,2573700000.0,488501.0,7.398710289335276,1633.8758434547908,1633.8758434547908,6.858427504973682,951.8690806164316
2020,3,0.22,1566.69,CALIFORNIA,2.0,0.0,1.0,0.2819282273578825,-2.98,98.0,55322.65,29572422.0,8.0,1.158,4682.0,2573700000.0,488501.0,8.316952033319332,4092.6666666666665,4092.6666666666665,6.998517757408705,1095.00888613418
2020,3,3.42,1161.98,CALIFORNIA,0.0,0.0,0.0,0.2899943017796431,-2.44,141.0,14756.88,3395421.0,9.1,1.131,504.0,193380000.0,91362.0,7.357981280619198,1568.6666666666667,1568.6666666666667,6.958970172273431,1052.5490547126622
2020,4969,3.42,1161.98,CALIFORNIA,0.0,0.0,0.0,0.2899943017796431,-2.44,141.0,14756.88,3395421.0,9.1,1.131,504.0,193380000.0,91362.0,7.036189733641128,1137.0468907224797,1137.0468907224797,6.83131255451426,926.4059731643947
2020,398,4.02,470.91,CALIFORNIA,0.0,0.0,0.0,0.4131308067436727,-2.2,49.0,8881.98,1879722.0,9.8,1.123,677.0,180185000.0,68200.0,7.215504132428446,1360.359296482412,1360.359296482412,6.894177157560084,986.5136454584714
2020,45,0.22,1566.69,CALIFORNIA,2.0,0.0,1.0,0.2819282273578825,-2.98,98.0,55322.65,29572422.0,8.0,1.158,4682.0,2573700000.0,488501.0,7.143880864519516,1266.3333333333333,1266.3333333333333,6.987163493987023,1082.6461842941949
2020,71,3.42,1161.98,CALIFORNIA,0.0,0.0,0.0,0.2899943017796431,-2.44,141.0,14756.88,3395421.0,9.1,1.131,504.0,193380000.0,91362.0,7.418451316887454,1666.4507042253522,1666.4507042253522,6.953122058618683,1046.4115919952467
2020,2514,3.42,1161.98,CALIFORNIA,0.0,0.0,0.0,0.2899943017796431,-2.44,141.0,14756.88,3395421.0,9.1,1.131,504.0,193380000.0,91362.0,7.1392618532228935,1260.497613365155,1260.497613365155,6.84959808578461,943.501623742258
2020,6745,0.22,1566.69,CALIFORNIA,2.0,0.0,1.0,0.2819282273578825,-2.98,98.0,55322.65,29572422.0,8.0,1.158,4682.0,2573700000.0,488501.0,7.048632015349267,1151.2827279466271,1151.2827279466271,6.871367636707316,964.2664305925858
2020,36,4.02,470.91,CALIFORNIA,0.0,0.0,0.0,0.4131308067436727,-2.2,49.0,8881.98,1879722.0,9.8,1.123,677.0,180185000.0,68200.0,7.42932299928003,1684.6666666666667,1684.6666666666667,6.919495570174115,1011.8094789068124
2020,71,3.42,1161.98,CALIFORNIA,0.0,0.0,0.0,0.2899943017796431,-2.44,141.0,14756.88,3395421.0,9.1,1.131,504.0,193380000.0,91362.0,7.710539732315755,2231.7464788732395,2231.7464788732395,6.953122058618683,1046.4115919952467
2020,1252,0.22,1566.69,CALIFORNIA,2.0,0.0,1.0,0.2819282273578825,-2.98,98.0,55322.65,29572422.0,8.0,1.158,4682.0,2573700000.0,488501.0,7.513713605288175,1833.0079872204471,1833.0079872204471,6.916260617069707,1008.5416112411087
2020,3918,4.74,851.51,CALIFORNIA,0.0,0.0,0.0,0.2819631217748707,-1.63,95.0,142569.63999999998,5378485.0,8.5,1.095,932.0,292440000.0,136324.0,6.740609863404729,846.0765696784074,846.0765696784074,6.79402263320461,892.4965367058225
2020,5880,4.74,851.51,CALIFORNIA,0.0,0.0,0.0,0.2819631217748707,-1.63,95.0,142569.63999999998,5378485.0,8.5,1.095,932.0,292440000.0,136324.0,6.803485249404974,900.9819727891156,900.9819727891156,6.790334143748902,889.2106363706731
2020,19,4.74,851.51,CALIFORNIA,0.0,0.0,0.0,0.2819631217748707,-1.63,95.0,142569.63999999998,5378485.0,8.5,1.095,932.0,292440000.0,136324.0,7.842196086650588,2545.7894736842104,2545.7894736842104,6.975368929627518,1069.9518534068295
2020,12,4.74,851.51,CALIFORNIA,0.0,0.0,0.0,0.2819631217748707,-1.63,95.0,142569.63999999998,5378485.0,8.5,1.095,932.0,292440000.0,136324.0,7.454623494095057,1727.8333333333333,1727.8333333333333,6.970068527164419,1064.2956812043333
2020,2,4.74,851.51,CALIFORNIA,0.0,0.0,0.0,0.2819631217748707,-1.63,95.0,142569.63999999998,5378485.0,8.5,1.095,932.0,292440000.0,136324.0,6.767918333794338,869.5,869.5,6.964182859380305,1058.049988466752
2020,3965,4.74,851.51,CALIFORNIA,0.0,0.0,0.0,0.2819631217748707,-1.63,95.0,142569.63999999998,5378485.0,8.5,1.095,932.0,292440000.0,136324.0,6.784316113605322,883.8754098360656,883.8754098360656,6.793158175596044,891.7253446634884
2020,2702,4.74,851.51,CALIFORNIA,0.0,0.0,0.0,0.2819631217748707,-1.63,95.0,142569.63999999998,5378485.0,8.5,1.095,932.0,292440000.0,136324.0,6.874042713760926,966.8493708364176,966.8493708364176,6.816591104986133,912.8678294369013
2020,521,4.74,851.51,CALIFORNIA,0.0,0.0,0.0,0.2819631217748707,-1.63,95.0,142569.63999999998,5378485.0,8.5,1.095,932.0,292440000.0,136324.0,7.139454829455349,1260.7408829174665,1260.7408829174665,6.902776967052872,995.034059327728
2020,326,4.74,851.51,CALIFORNIA,0.0,0.0,0.0,0.2819631217748707,-1.63,95.0,142569.63999999998,5378485.0,8.5,1.095,932.0,292440000.0,136324.0,6.868089313344446,961.1104294478528,961.1104294478528,6.905202063768525,997.4500414680919
2020,113,4.74,851.51,CALIFORNIA,0.0,0.0,0.0,0.2819631217748707,-1.63,95.0,142569.63999999998,5378485.0,8.5,1.095,932.0,292440000.0,136324.0,7.044086950702651,1146.0619469026549,1146.0619469026549,6.932481953724704,1025.034914300625
2020,103,6.35,252.75,CALIFORNIA,0.0,0.0,0.0,0.4117296722988997,-1.95,60.0,331214.44,403924.0,8.2,1.034,81.0,20755000.0,16095.0,7.263465680229188,1427.1941747572816,1427.1941747572816,6.948749430626394,1041.8460124415524
2020,256,4.74,851.51,CALIFORNIA,0.0,0.0,0.0,0.2819631217748707,-1.63,95.0,142569.63999999998,5378485.0,8.5,1.095,932.0,292440000.0,136324.0,6.915909443238006,1008.1875,1008.1875,6.908570797231371,1000.8158508746557
2020,3691,7.44,501.87,CALIFORNIA,0.0,0.0,0.0,0.2090543261335847,-1.8,21.0,4.3999999999999995,783182.0,9.7,1.051,199.0,55065000.0,27616.0,6.861144072132131,954.4584123543756,954.4584123543756,6.88723413589918,979.6879826312528
2020,590,4.74,851.51,CALIFORNIA,0.0,0.0,0.0,0.2819631217748707,-1.63,95.0,142569.63999999998,5378485.0,8.5,1.095,932.0,292440000.0,136324.0,6.987037854281963,1082.5101694915254,1082.5101694915254,6.901310385222777,993.5758300236638
2020,43,4.74,851.51,CALIFORNIA,0.0,0.0,0.0,0.2819631217748707,-1.63,95.0,142569.63999999998,5378485.0,8.5,1.095,932.0,292440000.0,136324.0,6.7475319342266,851.953488372093,851.953488372093,6.951058579546601,1044.2545698248073
2020,2,7.44,501.87,CALIFORNIA,0.0,0.0,0.0,0.2090543261335847,-1.8,21.0,4.3999999999999995,783182.0,9.7,1.051,199.0,55065000.0,27616.0,7.317212408359839,1506.0,1506.0,6.960187277391392,1053.8308974645072
2020,3063,4.74,851.51,CALIFORNIA,0.0,0.0,0.0,0.2819631217748707,-1.63,95.0,142569.63999999998,5378485.0,8.5,1.095,932.0,292440000.0,136324.0,6.759044288012162,861.8181521384264,861.8181521384264,6.811625898693124,908.3464863349284
2020,356,4.74,851.51,CALIFORNIA,0.0,0.0,0.0,0.2819631217748707,-1.63,95.0,142569.63999999998,5378485.0,8.5,1.095,932.0,292440000.0,136324.0,7.454500473033642,1727.620786516854,1727.620786516854,6.904371013803383,996.6214549919681
2020,161,7.44,501.87,CALIFORNIA,0.0,0.0,0.0,0.2090543261335847,-1.8,21.0,4.3999999999999995,783182.0,9.7,1.051,199.0,55065000.0,27616.0,7.1310727282187045,1250.2173913043478,1250.2173913043478,6.941530332872632,1034.3519071192975
2020,18,4.74,851.51,CALIFORNIA,0.0,0.0,0.0,0.2819631217748707,-1.63,95.0,142569.63999999998,5378485.0,8.5,1.095,932.0,292440000.0,136324.0,7.598622083682517,1995.4444444444443,1995.4444444444443,6.972578303647109,1066.9701802691918
2020,71,4.74,851.51,CALIFORNIA,0.0,0.0,0.0,0.2819631217748707,-1.63,95.0,142569.63999999998,5378485.0,8.5,1.095,932.0,292440000.0,136324.0,7.077747621283596,1185.2957746478874,1185.2957746478874,6.943692172222127,1036.5904285633844
2020,319,4.74,851.51,CALIFORNIA,0.0,0.0,0.0,0.2819631217748707,-1.63,95.0,142569.63999999998,5378485.0,8.5,1.095,932.0,292440000.0,136324.0,6.918180372191535,1010.4796238244514,1010.4796238244514,6.904870978727738,997.1198553432889
2020,105,7.44,501.87,CALIFORNIA,0.0,0.0,0.0,0.2090543261335847,-1.8,21.0,4.3999999999999995,783182.0,9.7,1.051,199.0,55065000.0,27616.0,6.966931232938189,1060.9619047619049,1060.9619047619049,6.941276210875654,1034.0890889424368
2020,226,4.74,851.51,CALIFORNIA,0.0,0.0,0.0,0.2819631217748707,-1.63,95.0,142569.63999999998,5378485.0,8.5,1.095,932.0,292440000.0,136324.0,7.352236858829523,1559.6814159292037,1559.6814159292037,6.909725787573527,1001.9724513192889
2020,10,4.74,851.51,CALIFORNIA,0.0,0.0,0.0,0.2819631217748707,-1.63,95.0,142569.63999999998,5378485.0,8.5,1.095,932.0,292440000.0,136324.0,7.413307020245419,1657.9,1657.9,6.970068527164419,1064.2956812043333
2020,323,4.74,851.51,CALIFORNIA,0.0,0.0,0.0,0.2819631217748707,-1.63,95.0,142569.63999999998,5378485.0,8.5,1.095,932.0,292440000.0,136324.0,6.8155109827852405,911.8823529411764,911.8823529411764,6.905341424884529,997.5890569054778
2020,103,6.35,252.75,CALIFORNIA,0.0,0.0,0.0,0.4117296722988997,-1.95,60.0,331214.44,403924.0,8.2,1.034,81.0,20755000.0,16095.0,7.074429156947218,1181.368932038835,1181.368932038835,6.948749430626394,1041.8460124415524
2020,119,4.74,851.51,CALIFORNIA,0.0,0.0,0.0,0.2819631217748707,-1.63,95.0,142569.63999999998,5378485.0,8.5,1.095,932.0,292440000.0,136324.0,7.266117034747656,1430.9831932773109,1430.9831932773109,6.932965889645976,1025.5310855640782
2020,53,4.74,851.51,CALIFORNIA,0.0,0.0,0.0,0.2819631217748707,-1.63,95.0,142569.63999999998,5378485.0,8.5,1.095,932.0,292440000.0,136324.0,7.332702331576032,1529.5094339622642,1529.5094339622642,6.950500397482541,1043.6718483011
2020,46,4.74,851.51,CALIFORNIA,0.0,0.0,0.0,0.2819631217748707,-1.63,95.0,142569.63999999998,5378485.0,8.5,1.095,932.0,292440000.0,136324.0,6.9929552337279715,1088.9347826086955,1088.9347826086955,6.951376835566217,1044.5869630179275
2020,53,4.74,851.51,CALIFORNIA,0.0,0.0,0.0,0.2819631217748707,-1.63,95.0,142569.63999999998,5378485.0,8.5,1.095,932.0,292440000.0,136324.0,7.0977985190252335,1209.301886792453,1209.301886792453,6.950500397482541,1043.6718483011
2020,66,4.74,851.51,CALIFORNIA,0.0,0.0,0.0,0.2819631217748707,-1.63,95.0,142569.63999999998,5378485.0,8.5,1.095,932.0,292440000.0,136324.0,7.316165540813756,1504.4242424242425,1504.4242424242425,6.947095700666588,1040.1245043243825
2020,17,4.74,851.51,CALIFORNIA,0.0,0.0,0.0,0.2819631217748707,-1.63,95.0,142569.63999999998,5378485.0,8.5,1.095,932.0,292440000.0,136324.0,7.363764381214669,1577.764705882353,1577.764705882353,6.971645174294581,1065.9750234529383
2020,267,4.74,851.51,CALIFORNIA,0.0,0.0,0.0,0.2819631217748707,-1.63,95.0,142569.63999999998,5378485.0,8.5,1.095,932.0,292440000.0,136324.0,7.199309060170521,1338.505617977528,1338.505617977528,6.907424989234805,999.6697647923218
2020,679,4.74,851.51,CALIFORNIA,0.0,0.0,0.0,0.2819631217748707,-1.63,95.0,142569.63999999998,5378485.0,8.5,1.095,932.0,292440000.0,136324.0,6.7387508400056335,844.5051546391752,844.5051546391752,6.8961321439612036,988.4441526626653
2020,175,6.35,252.75,CALIFORNIA,0.0,0.0,0.0,0.4117296722988997,-1.95,60.0,331214.44,403924.0,8.2,1.034,81.0,20755000.0,16095.0,7.367318886066913,1583.3828571428571,1583.3828571428571,6.948998655026246,1042.1056982474165
2020,34,4.74,851.51,CALIFORNIA,0.0,0.0,0.0,0.2819631217748707,-1.63,95.0,142569.63999999998,5378485.0,8.5,1.095,932.0,292440000.0,136324.0,6.53860791884207,691.3235294117648,691.3235294117648,6.9543014984538445,1047.6464996172876
2020,99,4.74,851.51,CALIFORNIA,0.0,0.0,0.0,0.2819631217748707,-1.63,95.0,142569.63999999998,5378485.0,8.5,1.095,932.0,292440000.0,136324.0,6.762425846655318,864.7373737373738,864.7373737373738,6.932438848011219,1024.9907303915934
2020,385,7.44,501.87,CALIFORNIA,0.0,0.0,0.0,0.2090543261335847,-1.8,21.0,4.3999999999999995,783182.0,9.7,1.051,199.0,55065000.0,27616.0,7.0896416761728185,1199.477922077922,1199.477922077922,6.91899723085132,1011.3053800728645
2020,10,2.04,358.0,CALIFORNIA,0.0,0.0,0.0,0.2702035058507855,-2.45,173.0,252339.22,1660424.0,10.0,1.055,380.0,85340000.0,43999.0,7.3724322467221475,1591.5,1591.5,6.936045463266981,1028.6941519908503
2020,32,4.74,851.51,CALIFORNIA,0.0,0.0,0.0,0.2819631217748707,-1.63,95.0,142569.63999999998,5378485.0,8.5,1.095,932.0,292440000.0,136324.0,7.043405519013221,1145.28125,1145.28125,6.961830623628004,1055.5641302646188
2020,697,4.74,851.51,CALIFORNIA,0.0,0.0,0.0,0.2819631217748707,-1.63,95.0,142569.63999999998,5378485.0,8.5,1.095,932.0,292440000.0,136324.0,7.161125459804326,1288.3601147776185,1288.3601147776185,6.894947996731894,987.2743819850037
2020,43,4.74,851.51,CALIFORNIA,0.0,0.0,0.0,0.2819631217748707,-1.63,95.0,142569.63999999998,5378485.0,8.5,1.095,932.0,292440000.0,136324.0,7.023531133639153,1122.7441860465117,1122.7441860465117,6.951058579546601,1044.2545698248073
2020,411,4.74,851.51,CALIFORNIA,0.0,0.0,0.0,0.2819631217748707,-1.63,95.0,142569.63999999998,5378485.0,8.5,1.095,932.0,292440000.0,136324.0,7.124601672488027,1242.153284671533,1242.153284671533,6.9035792091107195,995.8326377828932
2020,28,3.42,1161.98,CALIFORNIA,0.0,0.0,0.0,0.2899943017796431,-2.44,141.0,14756.88,3395421.0,9.1,1.131,504.0,193380000.0,91362.0,7.439139546712682,1701.2857142857142,1701.2857142857142,6.961185886130525,1054.8837878335485
2020,24,4.74,851.51,CALIFORNIA,0.0,0.0,0.0,0.2819631217748707,-1.63,95.0,142569.63999999998,5378485.0,8.5,1.095,932.0,292440000.0,136324.0,7.651971770513887,2104.7916666666665,2104.7916666666665,6.976087598724428,1070.7210711124444
2020,489,4.74,851.51,CALIFORNIA,0.0,0.0,0.0,0.2819631217748707,-1.63,95.0,142569.63999999998,5378485.0,8.5,1.095,932.0,292440000.0,136324.0,7.183909503949286,1318.0511247443762,1318.0511247443762,6.902757068339577,995.0142596272576
2020,13,6.35,252.75,CALIFORNIA,0.0,0.0,0.0,0.4117296722988997,-1.95,60.0,331214.44,403924.0,8.2,1.034,81.0,20755000.0,16095.0,7.728144887248297,2271.3846153846152,2271.3846153846152,6.95258000708213,1045.8445366844244
2020,95,1.38,370.0,CALIFORNIA,1.0,0.0,2.0,0.4611369719543586,-1.52,21.0,17.39,1579109.0,9.4,1.015,629.0,190485000.0,40584.0,7.307103471233967,1490.8526315789477,1490.8526315789477,6.977061884201581,1071.7647674486436
2020,5020,2.43,1066.46,CALIFORNIA,1.0,0.0,2.0,0.3226771300501668,-1.9,150.0,363.81,23905563.0,7.4,1.098,7526.0,3395560000.0,405951.0,7.271125172010075,1438.167729083665,1438.167729083665,6.913625425450732,1005.8874095407667
2020,6963,2.43,1066.46,CALIFORNIA,1.0,0.0,2.0,0.3226771300501668,-1.9,150.0,363.81,23905563.0,7.4,1.098,7526.0,3395560000.0,405951.0,7.171508011135031,1301.806261668821,1301.806261668821,6.903052681599061,995.3084425158186
2020,1,2.43,1066.46,CALIFORNIA,1.0,0.0,2.0,0.3226771300501668,-1.9,150.0,363.81,23905563.0,7.4,1.098,7526.0,3395560000.0,405951.0,6.258701535932703,276.0,522.5400000000001,7.121519252314506,1238.3303413140347
2020,1902,1.42,1458.21,CALIFORNIA,0.0,0.0,0.0,0.5048293283054294,-3.09,40.0,44.76,14957942.0,7.8,1.088,2080.0,857700000.0,217768.0,6.697806365806471,810.6256572029442,810.6256572029442,6.869852664897817,962.8067001378257
2020,18,1.42,1458.21,CALIFORNIA,0.0,0.0,0.0,0.5048293283054294,-3.09,40.0,44.76,14957942.0,7.8,1.088,2080.0,857700000.0,217768.0,7.118916213526175,1235.111111111111,1235.111111111111,6.922095569349278,1014.4436055971122
2020,47,1.42,1458.21,CALIFORNIA,0.0,0.0,0.0,0.5048293283054294,-3.09,40.0,44.76,14957942.0,7.8,1.088,2080.0,857700000.0,217768.0,7.183208629144733,1317.127659574468,1317.127659574468,6.916446006364818,1008.7286013919573
2020,13695,4.33,1113.91,CALIFORNIA,8.0,0.0,9.27,0.5523641569616408,-4.04,94.0,7111.66,92219821.0,9.4,1.155,20432.0,7342640000.0,1586727.0,7.02429199045113,1123.5987586710478,1123.5987586710478,6.75110683330753,855.0045865493099
2020,8312,4.33,1113.91,CALIFORNIA,8.0,0.0,9.27,0.5523641569616408,-4.04,94.0,7111.66,92219821.0,9.4,1.155,20432.0,7342640000.0,1586727.0,6.836239764190602,930.981833493744,930.981833493744,6.740490966880437,845.975980094982
2020,189,1.42,1458.21,CALIFORNIA,0.0,0.0,0.0,0.5048293283054294,-3.09,40.0,44.76,14957942.0,7.8,1.088,2080.0,857700000.0,217768.0,7.301033553601211,1481.8306878306878,1481.8306878306878,6.911143767213599,1003.3942356475601
2020,93,2.21,957.11,CALIFORNIA,1.0,0.0,0.5,0.300075940378122,-1.79,250.0,1961.26,7822988.0,8.5,1.072,3462.0,1546350000.0,191250.0,7.398299192968324,1633.2043010752689,1633.2043010752689,7.007958582416807,1105.3956259603578
2020,1402,2.21,957.11,CALIFORNIA,1.0,0.0,0.5,0.300075940378122,-1.79,250.0,1961.26,7822988.0,8.5,1.072,3462.0,1546350000.0,191250.0,7.248742475940286,1406.3352353780317,1406.3352353780317,6.944242402766871,1037.160949224123
2020,91,4.33,1113.91,CALIFORNIA,8.0,0.0,9.27,0.5523641569616408,-4.04,94.0,7111.66,92219821.0,9.4,1.155,20432.0,7342640000.0,1586727.0,7.17424458251428,1305.3736263736264,1305.3736263736264,6.856581239542614,950.113298956222
2020,6530,1.42,1458.21,CALIFORNIA,0.0,0.0,0.0,0.5048293283054294,-3.09,40.0,44.76,14957942.0,7.8,1.088,2080.0,857700000.0,217768.0,6.912142120501886,1004.3964777947932,1004.3964777947932,6.833739976282738,928.6574827662499
2020,5040,1.42,1458.21,CALIFORNIA,0.0,0.0,0.0,0.5048293283054294,-3.09,40.0,44.76,14957942.0,7.8,1.088,2080.0,857700000.0,217768.0,7.001214359835075,1097.9656746031746,1097.9656746031746,6.8388433400248445,933.4088734177988
2020,911,2.21,957.11,CALIFORNIA,1.0,0.0,0.5,0.300075940378122,-1.79,250.0,1961.26,7822988.0,8.5,1.072,3462.0,1546350000.0,191250.0,7.13659061448903,1257.1350164654227,1257.1350164654227,6.954990117536417,1048.3681774407562
2020,4568,2.27,1186.64,CALIFORNIA,0.0,0.0,0.0,0.4812910823258399,-3.73,128.0,1909.85,31087660.0,9.7,1.18,5941.0,2449225000.0,452887.0,6.906681585441464,998.9268826619964,998.9268826619964,6.804118997399033,901.553149278914
2020,8712,4.33,1113.91,CALIFORNIA,8.0,0.0,9.27,0.5523641569616408,-4.04,94.0,7111.66,92219821.0,9.4,1.155,20432.0,7342640000.0,1586727.0,6.7381753423758886,844.0192837465564,844.0192837465564,6.744314819212743,849.2170600759515
2020,1253,2.21,957.11,CALIFORNIA,1.0,0.0,0.5,0.300075940378122,-1.79,250.0,1961.26,7822988.0,8.5,1.072,3462.0,1546350000.0,191250.0,7.279825078168828,1450.73423782921,1450.73423782921,6.943878016357724,1036.7830907175603
2020,15917,4.33,1113.91,CALIFORNIA,8.0,0.0,9.27,0.5523641569616408,-4.04,94.0,7111.66,92219821.0,9.4,1.155,20432.0,7342640000.0,1586727.0,6.9483894214684,1041.4710058428095,1041.4710058428095,6.75110683330753,855.0045865493099
2020,41,2.27,1186.64,CALIFORNIA,0.0,0.0,0.0,0.4812910823258399,-3.73,128.0,1909.85,31087660.0,9.7,1.18,5941.0,2449225000.0,452887.0,6.798892703304967,896.8536585365854,896.8536585365854,6.904855807352542,997.1047277786013
2020,1527,4.33,1113.91,CALIFORNIA,8.0,0.0,9.27,0.5523641569616408,-4.04,94.0,7111.66,92219821.0,9.4,1.155,20432.0,7342640000.0,1586727.0,6.847775832099714,941.7838899803536,941.7838899803536,6.749256626777699,853.4241140313922
2020,706,1.42,1458.21,CALIFORNIA,0.0,0.0,0.0,0.5048293283054294,-3.09,40.0,44.76,14957942.0,7.8,1.088,2080.0,857700000.0,217768.0,6.820481699193883,916.4263456090652,916.4263456090652,6.880960560135316,973.5610747527525
2020,11781,4.33,1113.91,CALIFORNIA,8.0,0.0,9.27,0.5523641569616408,-4.04,94.0,7111.66,92219821.0,9.4,1.155,20432.0,7342640000.0,1586727.0,7.042242616803293,1143.9501740089977,1143.9501740089977,6.750349178967651,854.3570339551883
2020,284,1.38,370.0,CALIFORNIA,1.0,0.0,2.0,0.4611369719543586,-1.52,21.0,17.39,1579109.0,9.4,1.015,629.0,190485000.0,40584.0,7.496279152517368,1801.3274647887324,1801.3274647887324,6.966017635984619,1059.9930558339622
2020,18120,4.33,1113.91,CALIFORNIA,8.0,0.0,9.27,0.5523641569616408,-4.04,94.0,7111.66,92219821.0,9.4,1.155,20432.0,7342640000.0,1586727.0,6.998453394637708,1094.9384105960264,1094.9384105960264,6.75110683330753,855.0045865493099
2020,1732,2.43,1066.46,CALIFORNIA,1.0,0.0,2.0,0.3226771300501668,-1.9,150.0,363.81,23905563.0,7.4,1.098,7526.0,3395560000.0,405951.0,7.043063095141123,1144.8891454965358,1144.8891454965358,6.96928687806007,1063.4641004828602
2020,7040,4.33,1113.91,CALIFORNIA,8.0,0.0,9.27,0.5523641569616408,-4.04,94.0,7111.66,92219821.0,9.4,1.155,20432.0,7342640000.0,1586727.0,6.815736395664404,912.0879261363636,912.0879261363636,6.72733861508053,834.9222569611527
2020,807,2.21,957.11,CALIFORNIA,1.0,0.0,0.5,0.300075940378122,-1.79,250.0,1961.26,7822988.0,8.5,1.072,3462.0,1546350000.0,191250.0,7.209598686505237,1352.3494423791822,1352.3494423791822,6.965091582444313,1059.0118998834969
2020,803,2.21,957.11,CALIFORNIA,1.0,0.0,0.5,0.300075940378122,-1.79,250.0,1961.26,7822988.0,8.5,1.072,3462.0,1546350000.0,191250.0,7.222089589342905,1369.3474470734743,1369.3474470734743,6.965091582444313,1059.0118998834969
2020,293,2.21,957.11,CALIFORNIA,1.0,0.0,0.5,0.300075940378122,-1.79,250.0,1961.26,7822988.0,8.5,1.072,3462.0,1546350000.0,191250.0,7.20110470868252,1340.9112627986349,1340.9112627986349,6.985209397622001,1080.5326550133452
2020,427,2.21,957.11,CALIFORNIA,1.0,0.0,0.5,0.300075940378122,-1.79,250.0,1961.26,7822988.0,8.5,1.072,3462.0,1546350000.0,191250.0,7.105311484999326,1218.4215456674474,1218.4215456674474,6.976991537636087,1071.689375130062
2020,62,1.42,1458.21,CALIFORNIA,0.0,0.0,0.0,0.5048293283054294,-3.09,40.0,44.76,14957942.0,7.8,1.088,2080.0,857700000.0,217768.0,7.25115050095224,1409.725806451613,1409.725806451613,6.915219447549273,1007.4920949124107
2020,455,4.33,1113.91,CALIFORNIA,8.0,0.0,9.27,0.5523641569616408,-4.04,94.0,7111.66,92219821.0,9.4,1.155,20432.0,7342640000.0,1586727.0,7.172448190990909,1303.0307692307692,1303.0307692307692,6.86652591907771,959.609008874727
2020,48,4.33,1113.91,CALIFORNIA,8.0,0.0,9.27,0.5523641569616408,-4.04,94.0,7111.66,92219821.0,9.4,1.155,20432.0,7342640000.0,1586727.0,6.887595087767598,980.0416666666666,980.0416666666666,6.856382945139057,949.9249154846054
2020,2180,1.38,370.0,CALIFORNIA,1.0,0.0,2.0,0.4611369719543586,-1.52,21.0,17.39,1579109.0,9.4,1.015,629.0,190485000.0,40584.0,6.968037046563965,1062.1357798165138,1062.1357798165138,6.921736597232847,1014.0795139822903
2020,283,4.33,1113.91,CALIFORNIA,8.0,0.0,9.27,0.5523641569616408,-4.04,94.0,7111.66,92219821.0,9.4,1.155,20432.0,7342640000.0,1586727.0,6.848841427944852,942.7879858657244,942.7879858657244,6.858103149009936,951.5603862695604
2020,1843,1.38,370.0,CALIFORNIA,1.0,0.0,2.0,0.4611369719543586,-1.52,21.0,17.39,1579109.0,9.4,1.015,629.0,190485000.0,40584.0,7.223552893626773,1371.352685838307,1371.352685838307,6.924115290277296,1016.4945690673496
2020,1,,,,,,,,,,,,,,,,,6.444131256700441,629.0,629.0,6.848493256606864,942.4597912485415
2020,233,5.29,813.41,CALIFORNIA,0.0,0.0,0.0,0.5510496917532831,-3.73,20.0,22.56,3574328.0,11.4,1.095,958.0,283430000.0,99479.0,6.722671111407381,831.0343347639486,831.0343347639486,6.724884496723117,832.8757711096935
2020,202,1.38,370.0,CALIFORNIA,1.0,0.0,2.0,0.4611369719543586,-1.52,21.0,17.39,1579109.0,9.4,1.015,629.0,190485000.0,40584.0,8.06531654835188,3182.1633663366338,3182.1633663366338,6.974330866237767,1068.8417518365964
2020,16943,2.43,1066.46,CALIFORNIA,1.0,0.0,2.0,0.3226771300501668,-1.9,150.0,363.81,23905563.0,7.4,1.098,7526.0,3395560000.0,405951.0,6.930058096704383,1022.553384878711,1022.553384878711,6.884315766823198,976.8330594047119
2020,3818,2.43,1066.46,CALIFORNIA,1.0,0.0,2.0,0.3226771300501668,-1.9,150.0,363.81,23905563.0,7.4,1.098,7526.0,3395560000.0,405951.0,7.351610007241324,1558.704033525406,1558.704033525406,6.937716605208648,1030.4146831588748
2020,181,2.21,957.11,CALIFORNIA,1.0,0.0,0.5,0.300075940378122,-1.79,250.0,1961.26,7822988.0,8.5,1.072,3462.0,1546350000.0,191250.0,7.495922473069912,1800.6850828729282,1800.6850828729282,6.996988552759743,1093.3356731234687
2020,76,1.42,1458.21,CALIFORNIA,0.0,0.0,0.0,0.5048293283054294,-3.09,40.0,44.76,14957942.0,7.8,1.088,2080.0,857700000.0,217768.0,6.57149091549065,714.4342105263158,714.4342105263158,6.910710435750392,1002.9595275484039
2020,1130,4.33,1113.91,CALIFORNIA,8.0,0.0,9.27,0.5523641569616408,-4.04,94.0,7111.66,92219821.0,9.4,1.155,20432.0,7342640000.0,1586727.0,6.9225453644547725,1014.9,1014.9,6.7753800420377965,876.0122212500806
2020,100,2.21,957.11,CALIFORNIA,1.0,0.0,0.5,0.300075940378122,-1.79,250.0,1961.26,7822988.0,8.5,1.072,3462.0,1546350000.0,191250.0,7.52478786007311,1853.42,1853.42,7.0066991818915,1104.0043663887582
2020,1900,2.43,1066.46,CALIFORNIA,1.0,0.0,2.0,0.3226771300501668,-1.9,150.0,363.81,23905563.0,7.4,1.098,7526.0,3395560000.0,405951.0,7.340897672475138,1542.095789473684,1542.095789473684,6.970639558048885,1064.903600462321
2020,102,5.29,813.41,CALIFORNIA,0.0,0.0,0.0,0.5510496917532831,-3.73,20.0,22.56,3574328.0,11.4,1.095,958.0,283430000.0,99479.0,7.161005740437515,1288.2058823529412,1288.2058823529412,6.732986845610217,839.6514335098075
2020,5428,4.33,1113.91,CALIFORNIA,8.0,0.0,9.27,0.5523641569616408,-4.04,94.0,7111.66,92219821.0,9.4,1.155,20432.0,7342640000.0,1586727.0,6.633759760463296,760.3354826823876,760.3354826823876,6.714705846110563,824.4412186349048
2020,7750,2.43,1066.46,CALIFORNIA,1.0,0.0,2.0,0.3226771300501668,-1.9,150.0,363.81,23905563.0,7.4,1.098,7526.0,3395560000.0,405951.0,6.949237205376863,1042.3543225806452,1042.3543225806452,6.889720652401321,982.1270240687383
2020,8812,4.33,1113.91,CALIFORNIA,8.0,0.0,9.27,0.5523641569616408,-4.04,94.0,7111.66,92219821.0,9.4,1.155,20432.0,7342640000.0,1586727.0,6.874226777441619,967.0273490694508,967.0273490694508,6.744442674424363,849.325643844231
2020,854,2.43,1066.46,CALIFORNIA,1.0,0.0,2.0,0.3226771300501668,-1.9,150.0,363.81,23905563.0,7.4,1.098,7526.0,3395560000.0,405951.0,7.286062579933228,1459.811475409836,1459.811475409836,7.025077414901626,1124.4816072687076
2020,330,2.21,957.11,CALIFORNIA,1.0,0.0,0.5,0.300075940378122,-1.79,250.0,1961.26,7822988.0,8.5,1.072,3462.0,1546350000.0,191250.0,7.588085827800785,1974.530303030303,1974.530303030303,6.982241664483796,1077.3306761057079
2020,1312,1.38,370.0,CALIFORNIA,1.0,0.0,2.0,0.4611369719543586,-1.52,21.0,17.39,1579109.0,9.4,1.015,629.0,190485000.0,40584.0,7.138082720353234,1259.0121951219512,1259.0121951219512,6.930798676287336,1023.31094752112
2020,2293,1.38,370.0,CALIFORNIA,1.0,0.0,2.0,0.4611369719543586,-1.52,21.0,17.39,1579109.0,9.4,1.015,629.0,190485000.0,40584.0,7.091610039814954,1201.841255996511,1201.841255996511,6.920986699595762,1013.3193432116939
2020,9114,2.21,957.11,CALIFORNIA,1.0,0.0,0.5,0.300075940378122,-1.79,250.0,1961.26,7822988.0,8.5,1.072,3462.0,1546350000.0,191250.0,7.255005612531434,1415.170945797674,1415.170945797674,6.888712361336957,981.1372532386952
2020,106,5.29,813.41,CALIFORNIA,0.0,0.0,0.0,0.5510496917532831,-3.73,20.0,22.56,3574328.0,11.4,1.095,958.0,283430000.0,99479.0,7.214934715715891,1359.5849056603774,1359.5849056603774,6.732965495687555,839.6335072080025
2020,580,1.38,370.0,CALIFORNIA,1.0,0.0,2.0,0.4611369719543586,-1.52,21.0,17.39,1579109.0,9.4,1.015,629.0,190485000.0,40584.0,7.296212196543889,1474.703448275862,1474.703448275862,6.951331001708137,1044.5390866645002
2020,11109,4.33,1113.91,CALIFORNIA,8.0,0.0,9.27,0.5523641569616408,-4.04,94.0,7111.66,92219821.0,9.4,1.155,20432.0,7342640000.0,1586727.0,6.816489264453614,912.7748672247728,912.7748672247728,6.749788599447811,853.8782331148327
2020,1383,2.21,957.11,CALIFORNIA,1.0,0.0,0.5,0.300075940378122,-1.79,250.0,1961.26,7822988.0,8.5,1.072,3462.0,1546350000.0,191250.0,7.420563751222345,1669.9746926970354,1669.9746926970354,6.944391857443852,1037.3159693627204
2020,3600,4.33,1113.91,CALIFORNIA,8.0,0.0,9.27,0.5523641569616408,-4.04,94.0,7111.66,92219821.0,9.4,1.155,20432.0,7342640000.0,1586727.0,6.763435423417474,865.6108333333333,865.6108333333333,6.718120370907129,827.2611051657365
2020,105,5.29,813.41,CALIFORNIA,0.0,0.0,0.0,0.5510496917532831,-3.73,20.0,22.56,3574328.0,11.4,1.095,958.0,283430000.0,99479.0,7.194386799797739,1331.9333333333334,1331.9333333333334,6.732861614377521,839.546289509548
2020,79,1.38,370.0,CALIFORNIA,1.0,0.0,2.0,0.4611369719543586,-1.52,21.0,17.39,1579109.0,9.4,1.015,629.0,190485000.0,40584.0,6.8349395581720485,929.772151898734,929.772151898734,6.9742860822596455,1068.793885922788
2020,61,5.29,813.41,CALIFORNIA,0.0,0.0,0.0,0.5510496917532831,-3.73,20.0,22.56,3574328.0,11.4,1.095,958.0,283430000.0,99479.0,6.801775263641579,899.4426229508197,899.4426229508197,6.73408279092955,840.5721500035442
2020,6554,2.43,1066.46,CALIFORNIA,1.0,0.0,2.0,0.3226771300501668,-1.9,150.0,363.81,23905563.0,7.4,1.098,7526.0,3395560000.0,405951.0,6.92423065170639,1016.6118400976504,1016.6118400976504,6.9033043833114585,995.5589948860705
2020,8574,2.43,1066.46,CALIFORNIA,1.0,0.0,2.0,0.3226771300501668,-1.9,150.0,363.81,23905563.0,7.4,1.098,7526.0,3395560000.0,405951.0,6.820307010335387,916.2662701189644,916.2662701189644,6.8873047488924,979.7571637746428
2020,12,1.42,1458.21,CALIFORNIA,0.0,0.0,0.0,0.5048293283054294,-3.09,40.0,44.76,14957942.0,7.8,1.088,2080.0,857700000.0,217768.0,7.119635638017636,1236.0,1236.0,6.924821075134593,1017.212248775666
2020,9,4.33,1113.91,CALIFORNIA,8.0,0.0,9.27,0.5523641569616408,-4.04,94.0,7111.66,92219821.0,9.4,1.155,20432.0,7342640000.0,1586727.0,7.157648945372261,1283.888888888889,1283.888888888889,6.804595144968077,901.9825238340203
2020,291,2.43,1066.46,CALIFORNIA,1.0,0.0,2.0,0.3226771300501668,-1.9,150.0,363.81,23905563.0,7.4,1.098,7526.0,3395560000.0,405951.0,6.888803629707616,981.2268041237112,981.2268041237112,7.047997556890888,1150.5525185501538
2020,7738,2.21,957.11,CALIFORNIA,1.0,0.0,0.5,0.300075940378122,-1.79,250.0,1961.26,7822988.0,8.5,1.072,3462.0,1546350000.0,191250.0,7.3124248609560825,1498.807185319204,1498.807185319204,6.890544361027826,982.9363438468683
2020,2188,4.33,1113.91,CALIFORNIA,8.0,0.0,9.27,0.5523641569616408,-4.04,94.0,7111.66,92219821.0,9.4,1.155,20432.0,7342640000.0,1586727.0,7.259093291998374,1420.967550274223,1420.967550274223,6.72196841803118,830.4505775666923
2020,802,2.21,957.11,CALIFORNIA,1.0,0.0,0.5,0.300075940378122,-1.79,250.0,1961.26,7822988.0,8.5,1.072,3462.0,1546350000.0,191250.0,7.409901198222529,1652.2630922693268,1652.2630922693268,6.965091582444313,1059.0118998834969
2020,1323,1.38,370.0,CALIFORNIA,1.0,0.0,2.0,0.4611369719543586,-1.52,21.0,17.39,1579109.0,9.4,1.015,629.0,190485000.0,40584.0,7.2744098896106975,1442.899470899471,1442.899470899471,6.930539963937576,1023.0462385845643
2020,145,3.36,932.44,CALIFORNIA,1.0,0.0,2.0,0.5594632416812678,-4.22,32.0,19.04,31111615.0,11.5,1.141,9748.0,3496290000.0,780676.0,6.835399616789997,930.2,930.2,6.863105436956865,956.3322905897411
2020,14118,2.27,1186.64,CALIFORNIA,0.0,0.0,0.0,0.4812910823258399,-3.73,128.0,1909.85,31087660.0,9.7,1.18,5941.0,2449225000.0,452887.0,6.882555661912779,975.1152429522596,975.1152429522596,6.803700474739682,901.1759078048912
2020,9890,2.27,1186.64,CALIFORNIA,0.0,0.0,0.0,0.4812910823258399,-3.73,128.0,1909.85,31087660.0,9.7,1.18,5941.0,2449225000.0,452887.0,7.101253359789611,1213.4870576339738,1213.4870576339738,6.803852000119764,901.3124691728368
2020,558,1.38,370.0,CALIFORNIA,1.0,0.0,2.0,0.4611369719543586,-1.52,21.0,17.39,1579109.0,9.4,1.015,629.0,190485000.0,40584.0,7.251891365510216,1410.7706093189963,1410.7706093189963,6.953525245782596,1046.8335767810172
2020,340,4.33,1113.91,CALIFORNIA,8.0,0.0,9.27,0.5523641569616408,-4.04,94.0,7111.66,92219821.0,9.4,1.155,20432.0,7342640000.0,1586727.0,7.301665652221996,1482.7676470588235,1482.7676470588235,6.858197519306241,951.6501895424792
2020,8185,1.42,1458.21,CALIFORNIA,0.0,0.0,0.0,0.5048293283054294,-3.09,40.0,44.76,14957942.0,7.8,1.088,2080.0,857700000.0,217768.0,6.833485308838317,928.4210140500916,928.4210140500916,6.829253355113791,924.5002813130153
2020,993,4.99,515.38,CALIFORNIA,0.0,0.0,0.0,0.5226502131059924,-1.86,19.0,1360.45,3200163.0,10.6,1.116,1437.0,427705000.0,82001.0,6.911520588147989,1003.7724068479356,1003.7724068479356,6.806196196387739,903.427800907039
2020,1844,4.33,1113.91,CALIFORNIA,8.0,0.0,9.27,0.5523641569616408,-4.04,94.0,7111.66,92219821.0,9.4,1.155,20432.0,7342640000.0,1586727.0,7.326450272359473,1519.9766811279826,1519.9766811279826,6.728163550177547,835.611297802112
2020,1921,1.42,1458.21,CALIFORNIA,0.0,0.0,0.0,0.5048293283054294,-3.09,40.0,44.76,14957942.0,7.8,1.088,2080.0,857700000.0,217768.0,6.953703104067296,1047.0197813638729,1047.0197813638729,6.870012475904463,962.9605795412647
2020,7305,1.42,1458.21,CALIFORNIA,0.0,0.0,0.0,0.5048293283054294,-3.09,40.0,44.76,14957942.0,7.8,1.088,2080.0,857700000.0,217768.0,6.805444636590562,902.7490759753592,902.7490759753592,6.830910570509145,926.0336476204102
2020,49,1.42,1458.21,CALIFORNIA,0.0,0.0,0.0,0.5048293283054294,-3.09,40.0,44.76,14957942.0,7.8,1.088,2080.0,857700000.0,217768.0,6.81568474381687,912.0408163265306,912.0408163265306,6.916855884428752,1009.1421418629258
2020,47,1.42,1458.21,CALIFORNIA,0.0,0.0,0.0,0.5048293283054294,-3.09,40.0,44.76,14957942.0,7.8,1.088,2080.0,857700000.0,217768.0,7.117947234191494,1233.914893617021,1233.914893617021,6.916446006364818,1008.7286013919573
2020,31,1.38,370.0,CALIFORNIA,1.0,0.0,2.0,0.4611369719543586,-1.52,21.0,17.39,1579109.0,9.4,1.015,629.0,190485000.0,40584.0,7.097682249758568,1209.1612903225807,1209.1612903225807,6.9788247291458285,1073.6557888494058
2020,292,2.43,1066.46,CALIFORNIA,1.0,0.0,2.0,0.3226771300501668,-1.9,150.0,363.81,23905563.0,7.4,1.098,7526.0,3395560000.0,405951.0,7.362221444436599,1575.332191780822,1575.332191780822,7.047997556890888,1150.5525185501538
2020,482,2.43,1066.46,CALIFORNIA,1.0,0.0,2.0,0.3226771300501668,-1.9,150.0,363.81,23905563.0,7.4,1.098,7526.0,3395560000.0,405951.0,7.2290431643624595,1378.902489626556,1378.902489626556,7.047321948505823,1149.7754581449844
2020,1357,2.21,957.11,CALIFORNIA,1.0,0.0,0.5,0.300075940378122,-1.79,250.0,1961.26,7822988.0,8.5,1.072,3462.0,1546350000.0,191250.0,7.322399451824522,1513.8319823139277,1513.8319823139277,6.944321983394571,1037.243490427784
2020,5,2.39,903.03,CALIFORNIA,0.0,0.0,0.0,0.3053165997169049,-1.69,119.0,873.89,4304596.0,8.1,1.075,1530.0,631310000.0,102267.0,7.107425474110705,1221.0,1221.0,7.040729320423164,1142.2203475517983
2020,2224,2.43,1066.46,CALIFORNIA,1.0,0.0,2.0,0.3226771300501668,-1.9,150.0,363.81,23905563.0,7.4,1.098,7526.0,3395560000.0,405951.0,7.219427401088914,1365.7068345323742,1365.7068345323742,6.96279981309954,1056.587667826997
2020,153,2.43,1066.46,CALIFORNIA,1.0,0.0,2.0,0.3226771300501668,-1.9,150.0,363.81,23905563.0,7.4,1.098,7526.0,3395560000.0,405951.0,7.3235416666274045,1515.562091503268,1515.562091503268,7.057710454511335,1161.782165290374
2020,71,2.43,1066.46,CALIFORNIA,1.0,0.0,2.0,0.3226771300501668,-1.9,150.0,363.81,23905563.0,7.4,1.098,7526.0,3395560000.0,405951.0,7.1822022654775495,1315.8028169014085,1315.8028169014085,7.068589668221606,1174.4904444509107
2020,53,2.43,1066.46,CALIFORNIA,1.0,0.0,2.0,0.3226771300501668,-1.9,150.0,363.81,23905563.0,7.4,1.098,7526.0,3395560000.0,405951.0,7.34067647336498,1541.754716981132,1541.754716981132,7.071744410966009,1178.2015103101244
2020,217,2.21,957.11,CALIFORNIA,1.0,0.0,0.5,0.300075940378122,-1.79,250.0,1961.26,7822988.0,8.5,1.072,3462.0,1546350000.0,191250.0,7.201998727756036,1342.110599078341,1342.110599078341,6.990472483671408,1086.2345830628806
2020,105,2.21,957.11,CALIFORNIA,1.0,0.0,0.5,0.300075940378122,-1.79,250.0,1961.26,7822988.0,8.5,1.072,3462.0,1546350000.0,191250.0,7.180287454808441,1313.2857142857142,1313.2857142857142,7.006662477065905,1103.9638448447065
2020,1540,2.43,1066.46,CALIFORNIA,1.0,0.0,2.0,0.3226771300501668,-1.9,150.0,363.81,23905563.0,7.4,1.098,7526.0,3395560000.0,405951.0,7.477409933317532,1767.6564935064937,1767.6564935064937,6.972303360599902,1066.676864560955
2020,157,2.39,903.03,CALIFORNIA,0.0,0.0,0.0,0.3053165997169049,-1.69,119.0,873.89,4304596.0,8.1,1.075,1530.0,631310000.0,102267.0,8.015201048786581,3026.6178343949045,3026.6178343949045,7.014773987868588,1112.955076434697
2020,2695,2.21,957.11,CALIFORNIA,1.0,0.0,0.5,0.300075940378122,-1.79,250.0,1961.26,7822988.0,8.5,1.072,3462.0,1546350000.0,191250.0,7.050974977649563,1153.983302411874,1153.983302411874,6.943568676082673,1036.462421551611
2020,856,2.39,903.03,CALIFORNIA,0.0,0.0,0.0,0.3053165997169049,-1.69,119.0,873.89,4304596.0,8.1,1.075,1530.0,631310000.0,102267.0,7.459980674248347,1737.1144859813085,1737.1144859813085,6.9651439197765805,1059.067327191622
2020,265,2.21,957.11,CALIFORNIA,1.0,0.0,0.5,0.300075940378122,-1.79,250.0,1961.26,7822988.0,8.5,1.072,3462.0,1546350000.0,191250.0,7.160552883542678,1287.622641509434,1287.622641509434,6.985528229166644,1080.8772178346096
2020,148,2.43,1066.46,CALIFORNIA,1.0,0.0,2.0,0.3226771300501668,-1.9,150.0,363.81,23905563.0,7.4,1.098,7526.0,3395560000.0,405951.0,7.402101261725955,1639.4256756756756,1639.4256756756756,7.058271064227463,1162.4336542587196
2020,4249,4.33,1113.91,CALIFORNIA,8.0,0.0,9.27,0.5523641569616408,-4.04,94.0,7111.66,92219821.0,9.4,1.155,20432.0,7342640000.0,1586727.0,6.771987045640387,873.0449517533538,873.0449517533538,6.712668123015983,822.7629462315126
2020,6967,2.43,1066.46,CALIFORNIA,1.0,0.0,2.0,0.3226771300501668,-1.9,150.0,363.81,23905563.0,7.4,1.098,7526.0,3395560000.0,405951.0,7.500509966511965,1808.9646906846565,1808.9646906846565,6.903052681599061,995.3084425158186
2020,21546,2.43,1066.46,CALIFORNIA,1.0,0.0,2.0,0.3226771300501668,-1.9,150.0,363.81,23905563.0,7.4,1.098,7526.0,3395560000.0,405951.0,6.851562490475784,945.3568643831802,945.3568643831802,6.884315766823198,976.8330594047119
2020,11938,4.33,1113.91,CALIFORNIA,8.0,0.0,9.27,0.5523641569616408,-4.04,94.0,7111.66,92219821.0,9.4,1.155,20432.0,7342640000.0,1586727.0,6.879500144104021,972.14030825934,972.14030825934,6.750349178967651,854.3570339551883
2020,14817,4.33,1113.91,CALIFORNIA,8.0,0.0,9.27,0.5523641569616408,-4.04,94.0,7111.66,92219821.0,9.4,1.155,20432.0,7342640000.0,1586727.0,6.87274553202551,965.5960045893232,965.5960045893232,6.75110683330753,855.0045865493099
2020,1,4.33,1113.91,CALIFORNIA,8.0,0.0,9.27,0.5523641569616408,-4.04,94.0,7111.66,92219821.0,9.4,1.155,20432.0,7342640000.0,1586727.0,6.760414691083428,863.0,863.0,6.787444665574627,886.6449901190365
2020,14673,2.21,957.11,CALIFORNIA,1.0,0.0,0.5,0.300075940378122,-1.79,250.0,1961.26,7822988.0,8.5,1.072,3462.0,1546350000.0,191250.0,7.328052976527427,1522.4147072854903,1522.4147072854903,6.887277566906724,979.7305323914001
2020,10037,2.43,1066.46,CALIFORNIA,1.0,0.0,2.0,0.3226771300501668,-1.9,150.0,363.81,23905563.0,7.4,1.098,7526.0,3395560000.0,405951.0,6.958476141952238,1052.0291919896383,1052.0291919896383,6.883065593860963,975.6126121692515
2020,5192,1.42,1458.21,CALIFORNIA,0.0,0.0,0.0,0.5048293283054294,-3.09,40.0,44.76,14957942.0,7.8,1.088,2080.0,857700000.0,217768.0,6.651269982211834,773.7663713405238,773.7663713405238,6.834563087504084,929.4221858357662
2020,1,1.42,1458.21,CALIFORNIA,0.0,0.0,0.0,0.5048293283054294,-3.09,40.0,44.76,14957942.0,7.8,1.088,2080.0,857700000.0,217768.0,6.258701535932703,445.0,522.5400000000001,6.935473488857367,1028.1059334995905
2020,394,4.33,1113.91,CALIFORNIA,8.0,0.0,9.27,0.5523641569616408,-4.04,94.0,7111.66,92219821.0,9.4,1.155,20432.0,7342640000.0,1586727.0,6.962668789123485,1056.4492385786805,1056.4492385786805,6.862641146557156,955.8883777484975
2020,316,4.33,1113.91,CALIFORNIA,8.0,0.0,9.27,0.5523641569616408,-4.04,94.0,7111.66,92219821.0,9.4,1.155,20432.0,7342640000.0,1586727.0,6.8616284952438695,954.9208860759494,954.9208860759494,6.856725261881958,950.2501463504842
2020,3146,4.33,1113.91,CALIFORNIA,8.0,0.0,9.27,0.5523641569616408,-4.04,94.0,7111.66,92219821.0,9.4,1.155,20432.0,7342640000.0,1586727.0,6.661094748844648,781.4059122695486,781.4059122695486,6.704791524476874,816.3078283705066
2020,2770,4.33,1113.91,CALIFORNIA,8.0,0.0,9.27,0.5523641569616408,-4.04,94.0,7111.66,92219821.0,9.4,1.155,20432.0,7342640000.0,1586727.0,7.024340967538907,1123.6537906137185,1123.6537906137185,6.712406898142323,822.5480481544145
2020,2583,4.33,1113.91,CALIFORNIA,8.0,0.0,9.27,0.5523641569616408,-4.04,94.0,7111.66,92219821.0,9.4,1.155,20432.0,7342640000.0,1586727.0,6.70303751845054,814.8772744870306,814.8772744870306,6.707408888152754,818.4472013660734
2020,5286,4.33,1113.91,CALIFORNIA,8.0,0.0,9.27,0.5523641569616408,-4.04,94.0,7111.66,92219821.0,9.4,1.155,20432.0,7342640000.0,1586727.0,7.045458646362204,1147.6350737797957,1147.6350737797957,6.713782242846502,823.6801135680137
2020,5459,4.33,1113.91,CALIFORNIA,8.0,0.0,9.27,0.5523641569616408,-4.04,94.0,7111.66,92219821.0,9.4,1.155,20432.0,7342640000.0,1586727.0,6.9894321713831395,1085.1051474629053,1085.1051474629053,6.715875405208786,825.4060154465774
2020,7048,4.33,1113.91,CALIFORNIA,8.0,0.0,9.27,0.5523641569616408,-4.04,94.0,7111.66,92219821.0,9.4,1.155,20432.0,7342640000.0,1586727.0,6.655204761940634,776.816969353008,776.816969353008,6.72733861508053,834.9222569611527
2020,6491,4.33,1113.91,CALIFORNIA,8.0,0.0,9.27,0.5523641569616408,-4.04,94.0,7111.66,92219821.0,9.4,1.155,20432.0,7342640000.0,1586727.0,6.863198722472269,956.4215067015868,956.4215067015868,6.72091128355254,829.5731434929596
2020,9794,4.33,1113.91,CALIFORNIA,8.0,0.0,9.27,0.5523641569616408,-4.04,94.0,7111.66,92219821.0,9.4,1.155,20432.0,7342640000.0,1586727.0,6.76956964616124,870.9370022462732,870.9370022462732,6.743681947490049,848.6797846433468
2020,10325,4.33,1113.91,CALIFORNIA,8.0,0.0,9.27,0.5523641569616408,-4.04,94.0,7111.66,92219821.0,9.4,1.155,20432.0,7342640000.0,1586727.0,6.731820681585186,838.6728329297821,838.6728329297821,6.747330410845413,851.7818171229683
2020,3689,4.33,1113.91,CALIFORNIA,8.0,0.0,9.27,0.5523641569616408,-4.04,94.0,7111.66,92219821.0,9.4,1.155,20432.0,7342640000.0,1586727.0,6.607854650549458,740.8918406072106,740.8918406072106,6.719089691372574,828.0633750507328
2020,1878,4.33,1113.91,CALIFORNIA,8.0,0.0,9.27,0.5523641569616408,-4.04,94.0,7111.66,92219821.0,9.4,1.155,20432.0,7342640000.0,1586727.0,6.755576119110337,858.8343982960596,858.8343982960596,6.725290927810787,833.2143465143633
2020,7506,4.33,1113.91,CALIFORNIA,8.0,0.0,9.27,0.5523641569616408,-4.04,94.0,7111.66,92219821.0,9.4,1.155,20432.0,7342640000.0,1586727.0,6.758866179043941,861.6646682653877,861.6646682653877,6.737453404981676,843.4101745599885
2020,3758,4.33,1113.91,CALIFORNIA,8.0,0.0,9.27,0.5523641569616408,-4.04,94.0,7111.66,92219821.0,9.4,1.155,20432.0,7342640000.0,1586727.0,6.7524313903700905,856.1378392762108,856.1378392762108,6.718554538598698,827.6203531913911
2020,10201,4.33,1113.91,CALIFORNIA,8.0,0.0,9.27,0.5523641569616408,-4.04,94.0,7111.66,92219821.0,9.4,1.155,20432.0,7342640000.0,1586727.0,6.740592010114035,846.0614645622978,846.0614645622978,6.745563054084426,850.2777442777501
2020,7552,4.33,1113.91,CALIFORNIA,8.0,0.0,9.27,0.5523641569616408,-4.04,94.0,7111.66,92219821.0,9.4,1.155,20432.0,7342640000.0,1586727.0,6.870911199142976,963.8264036016948,963.8264036016948,6.737235952740496,843.2267930663776
2020,209,4.33,1113.91,CALIFORNIA,8.0,0.0,9.27,0.5523641569616408,-4.04,94.0,7111.66,92219821.0,9.4,1.155,20432.0,7342640000.0,1586727.0,7.26930682966834,1435.5550239234449,1435.5550239234449,6.8695640134006135,962.5288246488311
2020,10593,4.33,1113.91,CALIFORNIA,8.0,0.0,9.27,0.5523641569616408,-4.04,94.0,7111.66,92219821.0,9.4,1.155,20432.0,7342640000.0,1586727.0,6.962047668299998,1055.793259699802,1055.793259699802,6.74739448126067,851.8363928860275
2020,1719,4.33,1113.91,CALIFORNIA,8.0,0.0,9.27,0.5523641569616408,-4.04,94.0,7111.66,92219821.0,9.4,1.155,20432.0,7342640000.0,1586727.0,6.687653200083024,802.4368819080861,802.4368819080861,6.7311610858140725,838.1198302749888
2020,6610,4.33,1113.91,CALIFORNIA,8.0,0.0,9.27,0.5523641569616408,-4.04,94.0,7111.66,92219821.0,9.4,1.155,20432.0,7342640000.0,1586727.0,6.747228135141019,851.6947049924357,851.6947049924357,6.723958822681807,832.1051563528055
2020,6241,4.33,1113.91,CALIFORNIA,8.0,0.0,9.27,0.5523641569616408,-4.04,94.0,7111.66,92219821.0,9.4,1.155,20432.0,7342640000.0,1586727.0,6.673771660466202,791.3747796827431,791.3747796827431,6.720917093965296,829.5779636693384
2020,9197,4.33,1113.91,CALIFORNIA,8.0,0.0,9.27,0.5523641569616408,-4.04,94.0,7111.66,92219821.0,9.4,1.155,20432.0,7342640000.0,1586727.0,6.89781959845114,990.1135152767208,990.1135152767208,6.743180745187622,848.2545309592251
2020,2,5.29,813.41,CALIFORNIA,0.0,0.0,0.0,0.5510496917532831,-3.73,20.0,22.56,3574328.0,11.4,1.095,958.0,283430000.0,99479.0,6.258701535932703,474.5,522.5400000000001,6.71163033128337,821.9095325574357
2020,93,4.33,1113.91,CALIFORNIA,8.0,0.0,9.27,0.5523641569616408,-4.04,94.0,7111.66,92219821.0,9.4,1.155,20432.0,7342640000.0,1586727.0,7.53013381876131,1863.354838709677,1863.354838709677,6.857274998641029,950.772677400349
2020,6235,4.33,1113.91,CALIFORNIA,8.0,0.0,9.27,0.5523641569616408,-4.04,94.0,7111.66,92219821.0,9.4,1.155,20432.0,7342640000.0,1586727.0,6.639622959741385,764.8065757818765,764.8065757818765,6.720917093965296,829.5779636693384
2020,2493,4.33,1113.91,CALIFORNIA,8.0,0.0,9.27,0.5523641569616408,-4.04,94.0,7111.66,92219821.0,9.4,1.155,20432.0,7342640000.0,1586727.0,6.85980471411577,953.1809065383072,953.1809065383072,6.708770787653891,819.5626035617663
2020,5318,4.33,1113.91,CALIFORNIA,8.0,0.0,9.27,0.5523641569616408,-4.04,94.0,7111.66,92219821.0,9.4,1.155,20432.0,7342640000.0,1586727.0,6.666212726523629,785.415381722452,785.415381722452,6.714133869753891,823.9697925855088
2020,9820,4.33,1113.91,CALIFORNIA,8.0,0.0,9.27,0.5523641569616408,-4.04,94.0,7111.66,92219821.0,9.4,1.155,20432.0,7342640000.0,1586727.0,6.81779391536111,913.96649694501,913.96649694501,6.743681947490049,848.6797846433468
2020,7346,4.33,1113.91,CALIFORNIA,8.0,0.0,9.27,0.5523641569616408,-4.04,94.0,7111.66,92219821.0,9.4,1.155,20432.0,7342640000.0,1586727.0,7.2394319935963445,1393.302341410291,1393.302341410291,6.733434187273118,840.0271286040999
2020,1,4.33,1113.91,CALIFORNIA,8.0,0.0,9.27,0.5523641569616408,-4.04,94.0,7111.66,92219821.0,9.4,1.155,20432.0,7342640000.0,1586727.0,6.648984550024776,772.0,772.0,6.787444665574627,886.6449901190365
2020,5824,4.99,515.38,CALIFORNIA,0.0,0.0,0.0,0.5226502131059924,-1.86,19.0,1360.45,3200163.0,10.6,1.116,1437.0,427705000.0,82001.0,6.880644691358329,973.2536057692308,973.2536057692308,6.756834260796239,859.9156136722873
2020,16,2.2,246.96,CALIFORNIA,0.0,0.0,0.0,0.2439027138935122,-2.0,34.0,47175.0,91114.0,8.3,1.002,31.0,8615000.0,3229.0,7.105478452949436,1218.625,1218.625,6.975814688946933,1070.428900733058
2020,813,3.19,385.97,CALIFORNIA,0.0,0.0,0.0,0.493022781046983,-3.25,9.0,629.36,1495139.0,16.4,1.1,199.0,55365000.0,21868.0,6.8619328469574805,955.2115621156212,955.2115621156212,6.796157603252096,894.4040255704276
2020,54,3.23,421.96,CALIFORNIA,0.0,0.0,0.0,0.4820679049012049,-3.48,25.0,591834.59,1054825.0,9.0,1.108,195.0,50975000.0,28889.0,6.8335105453402365,928.4444444444443,928.4444444444443,6.84358916190917,937.8491938271312
2020,120,1.77,911.06,CALIFORNIA,2.0,15000.0,2.73,0.5106048083207178,-1.98,210.0,25495.32,8910788.0,9.4,1.113,2195.0,685645000.0,210222.0,7.398107750700464,1632.8916666666669,1632.8916666666669,6.883067734057764,975.6147001744775
2020,4,3.11,489.11,CALIFORNIA,0.0,0.0,0.0,0.2594350309899302,-1.94,114.0,360985.56,895325.0,11.0,1.108,239.0,61465000.0,19761.0,7.578656850594762,1956.0,1956.0,6.939196928500417,1031.941159575078
2020,448,1.77,911.06,CALIFORNIA,2.0,15000.0,2.73,0.5106048083207178,-1.98,210.0,25495.32,8910788.0,9.4,1.113,2195.0,685645000.0,210222.0,7.31007258079957,1495.2857142857142,1495.2857142857142,6.858123541696919,951.5797913405236
2020,653,1.77,911.06,CALIFORNIA,2.0,15000.0,2.73,0.5106048083207178,-1.98,210.0,25495.32,8910788.0,9.4,1.113,2195.0,685645000.0,210222.0,6.859145573261106,952.5528330781012,952.5528330781012,6.844114920527974,938.3424057677772
2020,589,4.99,515.38,CALIFORNIA,0.0,0.0,0.0,0.5226502131059924,-1.86,19.0,1360.45,3200163.0,10.6,1.116,1437.0,427705000.0,82001.0,7.445281684373861,1711.76740237691,1711.76740237691,6.842939041764258,937.2396773242812
2020,181,4.99,515.38,CALIFORNIA,0.0,0.0,0.0,0.5226502131059924,-1.86,19.0,1360.45,3200163.0,10.6,1.116,1437.0,427705000.0,82001.0,7.124909660251064,1242.53591160221,1242.53591160221,6.869833325104725,962.7880798355151
2020,24,3.23,421.96,CALIFORNIA,0.0,0.0,0.0,0.4820679049012049,-3.48,25.0,591834.59,1054825.0,9.0,1.108,195.0,50975000.0,28889.0,7.565814859961987,1931.0416666666667,1931.0416666666667,6.845984655929697,940.0984989860129
2020,77,4.99,515.38,CALIFORNIA,0.0,0.0,0.0,0.5226502131059924,-1.86,19.0,1360.45,3200163.0,10.6,1.116,1437.0,427705000.0,82001.0,7.39083056813887,1621.051948051948,1621.051948051948,6.867151445539459,960.2094574813785
2020,93,3.11,489.11,CALIFORNIA,0.0,0.0,0.0,0.2594350309899302,-1.94,114.0,360985.56,895325.0,11.0,1.108,239.0,61465000.0,19761.0,7.255902567756598,1416.4408602150538,1416.4408602150538,6.935799239676702,1028.4408944037234
2020,16,2.39,903.03,CALIFORNIA,0.0,0.0,0.0,0.3053165997169049,-1.69,119.0,873.89,4304596.0,8.1,1.075,1530.0,631310000.0,102267.0,7.1307488190452215,1249.8125,1249.8125,7.0411110679491715,1142.656470582779
2020,44,4.99,515.38,CALIFORNIA,0.0,0.0,0.0,0.5226502131059924,-1.86,19.0,1360.45,3200163.0,10.6,1.116,1437.0,427705000.0,82001.0,7.200509692605809,1340.1136363636365,1340.1136363636365,6.868031347489421,961.0547194746903
2020,6362,1.77,911.06,CALIFORNIA,2.0,15000.0,2.73,0.5106048083207178,-1.98,210.0,25495.32,8910788.0,9.4,1.113,2195.0,685645000.0,210222.0,6.916447196532717,1008.7298019490726,1008.7298019490726,6.7869232533357255,886.1828030750895
2020,6060,1.77,911.06,CALIFORNIA,2.0,15000.0,2.73,0.5106048083207178,-1.98,210.0,25495.32,8910788.0,9.4,1.113,2195.0,685645000.0,210222.0,7.039945797789506,1141.3257425742574,1141.3257425742574,6.786316236069547,885.6450380454743
2020,106,1.77,911.06,CALIFORNIA,2.0,15000.0,2.73,0.5106048083207178,-1.98,210.0,25495.32,8910788.0,9.4,1.113,2195.0,685645000.0,210222.0,7.034437799838132,1135.0566037735848,1135.0566037735848,6.880744310415036,973.3505652047975
2020,1390,3.19,385.97,CALIFORNIA,0.0,0.0,0.0,0.493022781046983,-3.25,9.0,629.36,1495139.0,16.4,1.1,199.0,55365000.0,21868.0,6.952657800127478,1045.9258992805755,1045.9258992805755,6.805702617604088,902.981998140395
2020,59,3.11,489.11,CALIFORNIA,0.0,0.0,0.0,0.2594350309899302,-1.94,114.0,360985.56,895325.0,11.0,1.108,239.0,61465000.0,19761.0,7.321961730994316,1513.1694915254238,1513.1694915254238,6.944258725817354,1037.1778789928283
2020,125,4.99,515.38,CALIFORNIA,0.0,0.0,0.0,0.5226502131059924,-1.86,19.0,1360.45,3200163.0,10.6,1.116,1437.0,427705000.0,82001.0,7.208434521104536,1350.776,1350.776,6.873047359477771,965.8874919585336
2020,119,2.2,246.96,CALIFORNIA,0.0,0.0,0.0,0.2439027138935122,-2.0,34.0,47175.0,91114.0,8.3,1.002,31.0,8615000.0,3229.0,7.299672444124856,1479.81512605042,1479.81512605042,6.968042103456127,1062.1411509361944
2020,135,1.42,1458.21,CALIFORNIA,0.0,0.0,0.0,0.5048293283054294,-3.09,40.0,44.76,14957942.0,7.8,1.088,2080.0,857700000.0,217768.0,6.80129127404547,899.0074074074074,899.0074074074074,6.909953225064193,1002.2003633362193
2020,819,1.77,911.06,CALIFORNIA,2.0,15000.0,2.73,0.5106048083207178,-1.98,210.0,25495.32,8910788.0,9.4,1.113,2195.0,685645000.0,210222.0,7.191330026813908,1327.868131868132,1327.868131868132,6.833234085735422,928.1878025374357
2020,56,3.23,421.96,CALIFORNIA,0.0,0.0,0.0,0.4820679049012049,-3.48,25.0,591834.59,1054825.0,9.0,1.108,195.0,50975000.0,28889.0,7.100896072378205,1213.053571428571,1213.053571428571,6.8426980615908235,937.0138483555346
2020,4,1.77,911.06,CALIFORNIA,2.0,15000.0,2.73,0.5106048083207178,-1.98,210.0,25495.32,8910788.0,9.4,1.113,2195.0,685645000.0,210222.0,7.9722935873164955,2899.5,2899.5,6.8822253798260355,974.7932330349827
2020,54,1.77,911.06,CALIFORNIA,2.0,15000.0,2.73,0.5106048083207178,-1.98,210.0,25495.32,8910788.0,9.4,1.113,2195.0,685645000.0,210222.0,7.259220378924686,1421.148148148148,1421.148148148148,6.890513387138153,982.9058989564995
2020,496,1.77,911.06,CALIFORNIA,2.0,15000.0,2.73,0.5106048083207178,-1.98,210.0,25495.32,8910788.0,9.4,1.113,2195.0,685645000.0,210222.0,7.312771361562244,1499.326612903226,1499.326612903226,6.858399181207287,951.8421204807613
2020,27,3.23,421.96,CALIFORNIA,0.0,0.0,0.0,0.4820679049012049,-3.48,25.0,591834.59,1054825.0,9.0,1.108,195.0,50975000.0,28889.0,7.212594871315463,1356.4074074074074,1356.4074074074074,6.844909953315798,939.0887153775627
2020,8,2.2,246.96,CALIFORNIA,0.0,0.0,0.0,0.2439027138935122,-2.0,34.0,47175.0,91114.0,8.3,1.002,31.0,8615000.0,3229.0,7.14775594736277,1271.25,1271.25,6.974210708581163,1068.713330032001
2020,5484,2.39,903.03,CALIFORNIA,0.0,0.0,0.0,0.3053165997169049,-1.69,119.0,873.89,4304596.0,8.1,1.075,1530.0,631310000.0,102267.0,7.200646408410989,1340.2968636032094,1340.2968636032094,6.905076267316156,997.3245736833268
2020,3471,2.39,903.03,CALIFORNIA,0.0,0.0,0.0,0.3053165997169049,-1.69,119.0,873.89,4304596.0,8.1,1.075,1530.0,631310000.0,102267.0,7.354141483585417,1562.6548545087871,1562.6548545087871,6.940370908052878,1033.1533487992208
2020,383,3.11,489.11,CALIFORNIA,0.0,0.0,0.0,0.2594350309899302,-1.94,114.0,360985.56,895325.0,11.0,1.108,239.0,61465000.0,19761.0,7.323098332106244,1514.8903394255874,1514.8903394255874,6.91158821038214,1003.8402864757263
2020,2006,1.77,911.06,CALIFORNIA,2.0,15000.0,2.73,0.5106048083207178,-1.98,210.0,25495.32,8910788.0,9.4,1.113,2195.0,685645000.0,210222.0,6.861058112396057,954.376370887338,954.376370887338,6.7951165877270725,893.473421564816
2020,5538,2.39,903.03,CALIFORNIA,0.0,0.0,0.0,0.3053165997169049,-1.69,119.0,873.89,4304596.0,8.1,1.075,1530.0,631310000.0,102267.0,7.202159560412456,1342.3264716504152,1342.3264716504152,6.902667628080313,994.925269273625
2020,44,3.19,385.97,CALIFORNIA,0.0,0.0,0.0,0.493022781046983,-3.25,9.0,629.36,1495139.0,16.4,1.1,199.0,55365000.0,21868.0,6.886067239048426,978.5454545454544,978.5454545454544,6.82611474676708,921.6031858158439
2020,376,3.23,421.96,CALIFORNIA,0.0,0.0,0.0,0.4820679049012049,-3.48,25.0,591834.59,1054825.0,9.0,1.108,195.0,50975000.0,28889.0,6.683377588772135,799.0132978723404,799.0132978723404,6.826451112463105,921.9132336547052
2020,1975,5.29,813.41,CALIFORNIA,0.0,0.0,0.0,0.5510496917532831,-3.73,20.0,22.56,3574328.0,11.4,1.095,958.0,283430000.0,99479.0,6.801872545417026,899.5301265822785,899.5301265822785,6.695865528367693,809.0538903439772
2020,1691,1.77,911.06,CALIFORNIA,2.0,15000.0,2.73,0.5106048083207178,-1.98,210.0,25495.32,8910788.0,9.4,1.113,2195.0,685645000.0,210222.0,7.081969945683681,1190.3110585452396,1190.3110585452396,6.799556894388729,897.4495386072338
2020,157,3.19,385.97,CALIFORNIA,0.0,0.0,0.0,0.493022781046983,-3.25,9.0,629.36,1495139.0,16.4,1.1,199.0,55365000.0,21868.0,6.955288967127902,1048.6815286624203,1048.6815286624203,6.820227322109207,916.1932573943556
2020,165,3.11,489.11,CALIFORNIA,0.0,0.0,0.0,0.2594350309899302,-1.94,114.0,360985.56,895325.0,11.0,1.108,239.0,61465000.0,19761.0,7.4231486365683494,1674.2969696969697,1674.2969696969697,6.93544445055101,1028.0760794779835
2020,85,5.29,813.41,CALIFORNIA,0.0,0.0,0.0,0.5510496917532831,-3.73,20.0,22.56,3574328.0,11.4,1.095,958.0,283430000.0,99479.0,7.062897064140863,1167.8235294117646,1167.8235294117646,6.732505452646599,839.2473284922842
2020,10,1.77,911.06,CALIFORNIA,2.0,15000.0,2.73,0.5106048083207178,-1.98,210.0,25495.32,8910788.0,9.4,1.113,2195.0,685645000.0,210222.0,6.957782772581785,1051.3,1051.3,6.883403354585099,975.9421914479487
2020,5220,2.39,903.03,CALIFORNIA,0.0,0.0,0.0,0.3053165997169049,-1.69,119.0,873.89,4304596.0,8.1,1.075,1530.0,631310000.0,102267.0,7.426816095674268,1680.4486590038314,1680.4486590038314,6.907642030405331,999.8867578355718
2020,113,2.39,903.03,CALIFORNIA,0.0,0.0,0.0,0.3053165997169049,-1.69,119.0,873.89,4304596.0,8.1,1.075,1530.0,631310000.0,102267.0,7.377858460794475,1600.1592920353985,1600.1592920353985,7.018492930780325,1117.101798759803
2020,5712,4.99,515.38,CALIFORNIA,0.0,0.0,0.0,0.5226502131059924,-1.86,19.0,1360.45,3200163.0,10.6,1.116,1437.0,427705000.0,82001.0,6.773625267845549,874.4763655462185,874.4763655462185,6.756656229903843,859.7625357549033
2020,256,4.99,515.38,CALIFORNIA,0.0,0.0,0.0,0.5226502131059924,-1.86,19.0,1360.45,3200163.0,10.6,1.116,1437.0,427705000.0,82001.0,7.331390248325623,1527.50390625,1527.50390625,6.861103682462484,954.4198628729143
2020,2701,3.23,421.96,CALIFORNIA,0.0,0.0,0.0,0.4820679049012049,-3.48,25.0,591834.59,1054825.0,9.0,1.108,195.0,50975000.0,28889.0,6.768551511046694,870.0507219548315,870.0507219548315,6.797932342603151,895.9927689760638
2020,2734,1.77,911.06,CALIFORNIA,2.0,15000.0,2.73,0.5106048083207178,-1.98,210.0,25495.32,8910788.0,9.4,1.113,2195.0,685645000.0,210222.0,7.009770006214142,1107.3997805413314,1107.3997805413314,6.795131957749382,893.4871543767747
2020,5634,1.77,911.06,CALIFORNIA,2.0,15000.0,2.73,0.5106048083207178,-1.98,210.0,25495.32,8910788.0,9.4,1.113,2195.0,685645000.0,210222.0,7.081920213866111,1190.251863684771,1190.251863684771,6.783666382932756,883.301315395148
2020,211,1.77,911.06,CALIFORNIA,2.0,15000.0,2.73,0.5106048083207178,-1.98,210.0,25495.32,8910788.0,9.4,1.113,2195.0,685645000.0,210222.0,6.934327986454389,1026.9289099526063,1026.9289099526063,6.870271092193524,963.2096490381833
2020,3619,1.77,911.06,CALIFORNIA,2.0,15000.0,2.73,0.5106048083207178,-1.98,210.0,25495.32,8910788.0,9.4,1.113,2195.0,685645000.0,210222.0,6.920837063979371,1013.16772589113,1013.16772589113,6.792635903057845,891.2597426005235
2020,74,3.23,421.96,CALIFORNIA,0.0,0.0,0.0,0.4820679049012049,-3.48,25.0,591834.59,1054825.0,9.0,1.108,195.0,50975000.0,28889.0,6.890636614201579,983.027027027027,983.027027027027,6.837334372470369,932.0014518565433
2020,1492,3.11,489.11,CALIFORNIA,0.0,0.0,0.0,0.2594350309899302,-1.94,114.0,360985.56,895325.0,11.0,1.108,239.0,61465000.0,19761.0,7.225003311566501,1373.343163538874,1373.343163538874,6.914492415530118,1006.759882103695
2020,26,4.99,515.38,CALIFORNIA,0.0,0.0,0.0,0.5226502131059924,-1.86,19.0,1360.45,3200163.0,10.6,1.116,1437.0,427705000.0,82001.0,7.128002331799465,1246.3846153846157,1246.3846153846157,6.8674595531801765,960.5053509330933
2020,7839,1.77,911.06,CALIFORNIA,2.0,15000.0,2.73,0.5106048083207178,-1.98,210.0,25495.32,8910788.0,9.4,1.113,2195.0,685645000.0,210222.0,6.962928179174421,1056.7233065442022,1056.7233065442022,6.788755360927834,887.8078735139824
2020,63,1.77,911.06,CALIFORNIA,2.0,15000.0,2.73,0.5106048083207178,-1.98,210.0,25495.32,8910788.0,9.4,1.113,2195.0,685645000.0,210222.0,6.983701696214031,1078.904761904762,1078.904761904762,6.889559301550021,981.9685698210274
2020,389,2.39,903.03,CALIFORNIA,0.0,0.0,0.0,0.3053165997169049,-1.69,119.0,873.89,4304596.0,8.1,1.075,1530.0,631310000.0,102267.0,7.228410837628585,1378.030848329049,1378.030848329049,6.984606171398077,1079.8810459336364
2020,360,2.39,903.03,CALIFORNIA,0.0,0.0,0.0,0.3053165997169049,-1.69,119.0,873.89,4304596.0,8.1,1.075,1530.0,631310000.0,102267.0,7.214420607189189,1358.8861111111112,1358.8861111111112,6.986693164517717,1082.1371036160965
2020,66,1.77,911.06,CALIFORNIA,2.0,15000.0,2.73,0.5106048083207178,-1.98,210.0,25495.32,8910788.0,9.4,1.113,2195.0,685645000.0,210222.0,7.109780428657731,1223.878787878788,1223.878787878788,6.889653858735019,982.0614263948054
2020,130,3.19,385.97,CALIFORNIA,0.0,0.0,0.0,0.493022781046983,-3.25,9.0,629.36,1495139.0,16.4,1.1,199.0,55365000.0,21868.0,7.034625109512393,1135.2692307692307,1135.2692307692307,6.820763994720043,916.6850851852793
2020,163,4.99,515.38,CALIFORNIA,0.0,0.0,0.0,0.5226502131059924,-1.86,19.0,1360.45,3200163.0,10.6,1.116,1437.0,427705000.0,82001.0,7.161384000634202,1288.6932515337423,1288.6932515337423,6.876519909360136,969.247414828665
2020,824,5.29,813.41,CALIFORNIA,0.0,0.0,0.0,0.5510496917532831,-3.73,20.0,22.56,3574328.0,11.4,1.095,958.0,283430000.0,99479.0,6.830364291063203,925.5279126213592,925.5279126213592,6.710410096257724,820.9072214098491
2020,133,3.11,489.11,CALIFORNIA,0.0,0.0,0.0,0.2594350309899302,-1.94,114.0,360985.56,895325.0,11.0,1.108,239.0,61465000.0,19761.0,7.348848767740248,1554.406015037594,1554.406015037594,6.937776327036676,1030.4762232450057
2020,24,3.11,489.11,CALIFORNIA,0.0,0.0,0.0,0.2594350309899302,-1.94,114.0,360985.56,895325.0,11.0,1.108,239.0,61465000.0,19761.0,7.511456302698327,1828.875,1828.875,6.94867307722361,1041.766466990147
2020,32,2.39,903.03,CALIFORNIA,0.0,0.0,0.0,0.3053165997169049,-1.69,119.0,873.89,4304596.0,8.1,1.075,1530.0,631310000.0,102267.0,7.140601605757732,1262.1875,1262.1875,7.035927291497843,1136.74852085359
2020,986,3.19,385.97,CALIFORNIA,0.0,0.0,0.0,0.493022781046983,-3.25,9.0,629.36,1495139.0,16.4,1.1,199.0,55365000.0,21868.0,6.810159222831965,907.0152129817444,907.0152129817444,6.802941131293978,900.4918655302503
2020,1527,3.23,421.96,CALIFORNIA,0.0,0.0,0.0,0.4820679049012049,-3.48,25.0,591834.59,1054825.0,9.0,1.108,195.0,50975000.0,28889.0,6.7988762470477555,896.8388998035364,896.8388998035364,6.8092399135572075,906.1817686393586
2020,6554,5.29,813.41,CALIFORNIA,0.0,0.0,0.0,0.5510496917532831,-3.73,20.0,22.56,3574328.0,11.4,1.095,958.0,283430000.0,99479.0,6.821118287473409,917.009917607568,917.009917607568,6.690396194759009,804.6409835405204
2020,8084,5.29,813.41,CALIFORNIA,0.0,0.0,0.0,0.5510496917532831,-3.73,20.0,22.56,3574328.0,11.4,1.095,958.0,283430000.0,99479.0,6.912205406990425,1004.4600445324096,1004.4600445324096,6.690510481399314,804.7329485102648
2020,8263,4.18,614.25,CALIFORNIA,2.0,0.0,3.0,0.4745554763058366,-1.61,261.0,57592.91,8165870.0,8.9,1.112,2438.0,679150000.0,182190.0,7.080291122862421,1188.3144136512162,1188.3144136512162,6.72538270193033,833.290817536382
2020,6934,4.18,614.25,CALIFORNIA,2.0,0.0,3.0,0.4745554763058366,-1.61,261.0,57592.91,8165870.0,8.9,1.112,2438.0,679150000.0,182190.0,6.974845794111885,1069.392269974041,1069.392269974041,6.721053258324396,829.6909303119256
2020,9133,4.18,614.25,CALIFORNIA,2.0,0.0,3.0,0.4745554763058366,-1.61,261.0,57592.91,8165870.0,8.9,1.112,2438.0,679150000.0,182190.0,7.0852029388529205,1194.1655534873537,1194.1655534873537,6.725879239286906,833.7046802968381
2020,95,-2.81,217.07,CALIFORNIA,0.0,0.0,0.0,0.2700667798527521,-2.37,37.0,2755.2200000000003,459550.0,8.8,1.0,71.0,11085000.0,8677.0,7.096076346525881,1207.221052631579,1207.221052631579,6.967663491657649,1061.7390878825117
2020,4755,4.18,614.25,CALIFORNIA,2.0,0.0,3.0,0.4745554763058366,-1.61,261.0,57592.91,8165870.0,8.9,1.112,2438.0,679150000.0,182190.0,6.942687305494844,1035.549316508938,1035.549316508938,6.717443491599788,826.7013387104191
2020,299,4.18,614.25,CALIFORNIA,2.0,0.0,3.0,0.4745554763058366,-1.61,261.0,57592.91,8165870.0,8.9,1.112,2438.0,679150000.0,182190.0,7.443307449015132,1708.391304347826,1708.391304347826,6.812907358779074,909.5112422360874
2020,75,2.7,323.32,CALIFORNIA,0.0,0.0,0.0,0.2667658135050876,-2.93,160.0,130817.91,1175128.0,7.4,1.028,284.0,59880000.0,32319.0,6.968110060473377,1062.2133333333334,1062.2133333333334,6.975530582091502,1070.1248277407644
2020,27,6.35,252.75,CALIFORNIA,0.0,0.0,0.0,0.4117296722988997,-1.95,60.0,331214.44,403924.0,8.2,1.034,81.0,20755000.0,16095.0,7.423745321926612,1675.2962962962963,1675.2962962962963,6.953540791015943,1046.84985017973
2020,17,4.18,614.25,CALIFORNIA,2.0,0.0,3.0,0.4745554763058366,-1.61,261.0,57592.91,8165870.0,8.9,1.112,2438.0,679150000.0,182190.0,7.452470689648722,1724.1176470588234,1724.1176470588234,6.813902971953471,910.4172145352616
2020,921,4.18,614.25,CALIFORNIA,2.0,0.0,3.0,0.4745554763058366,-1.61,261.0,57592.91,8165870.0,8.9,1.112,2438.0,679150000.0,182190.0,7.033213454094873,1133.6677524429967,1133.6677524429967,6.7782506047839854,878.5304819810942
2020,42,2.04,358.0,CALIFORNIA,0.0,0.0,0.0,0.2702035058507855,-2.45,173.0,252339.22,1660424.0,10.0,1.055,380.0,85340000.0,43999.0,7.250804479339057,1409.2380952380952,1409.2380952380952,6.941826214945023,1034.657998586414
2020,31,-2.81,217.07,CALIFORNIA,0.0,0.0,0.0,0.2700667798527521,-2.37,37.0,2755.2200000000003,459550.0,8.8,1.0,71.0,11085000.0,8677.0,7.00470634054235,1101.8064516129032,1101.8064516129032,6.969731037792916,1063.936553328119
2020,131,4.18,614.25,CALIFORNIA,2.0,0.0,3.0,0.4745554763058366,-1.61,261.0,57592.91,8165870.0,8.9,1.112,2438.0,679150000.0,182190.0,7.271247391151414,1438.3435114503816,1438.3435114503816,6.834732683440848,929.5798254291612
2020,84,4.18,614.25,CALIFORNIA,2.0,0.0,3.0,0.4745554763058366,-1.61,261.0,57592.91,8165870.0,8.9,1.112,2438.0,679150000.0,182190.0,7.208397645677234,1350.7261904761904,1350.7261904761904,6.826496084748973,921.9546951324961
2020,2434,4.18,614.25,CALIFORNIA,2.0,0.0,3.0,0.4745554763058366,-1.61,261.0,57592.91,8165870.0,8.9,1.112,2438.0,679150000.0,182190.0,6.888598843844857,981.0258833196384,981.0258833196384,6.72320053382957,831.4744194594549
2020,1122,3.11,489.11,CALIFORNIA,0.0,0.0,0.0,0.2594350309899302,-1.94,114.0,360985.56,895325.0,11.0,1.108,239.0,61465000.0,19761.0,7.298246084650763,1477.7058823529412,1477.7058823529412,6.914778894096595,1007.0483385478282
2020,2082,4.17,450.88,CALIFORNIA,0.0,0.0,0.0,0.4816317537392376,-2.18,177.0,93804.02,2026350.0,9.1,1.07,684.0,173960000.0,65690.0,6.881269272478292,973.8616714697406,973.8616714697406,6.816295555365868,912.5980715619412
2020,3966,4.17,450.88,CALIFORNIA,0.0,0.0,0.0,0.4816317537392376,-2.18,177.0,93804.02,2026350.0,9.1,1.07,684.0,173960000.0,65690.0,7.077800792379117,1185.3587997982854,1185.3587997982854,6.804148865893559,901.5800777163727
2020,199,2.04,358.0,CALIFORNIA,0.0,0.0,0.0,0.2702035058507855,-2.45,173.0,252339.22,1660424.0,10.0,1.055,380.0,85340000.0,43999.0,6.8453077026234235,939.4623115577888,939.4623115577888,6.912944098064134,1005.2023043177907
2020,220,6.35,252.75,CALIFORNIA,0.0,0.0,0.0,0.4117296722988997,-1.95,60.0,331214.44,403924.0,8.2,1.034,81.0,20755000.0,16095.0,7.333135901656779,1530.1727272727271,1530.1727272727271,6.940144652304666,1032.919618357696
2020,615,2.04,358.0,CALIFORNIA,0.0,0.0,0.0,0.2702035058507855,-2.45,173.0,252339.22,1660424.0,10.0,1.055,380.0,85340000.0,43999.0,7.079502150162449,1187.3772357723578,1187.3772357723578,6.900456530973758,992.7278231681257
2020,511,2.04,358.0,CALIFORNIA,0.0,0.0,0.0,0.2702035058507855,-2.45,173.0,252339.22,1660424.0,10.0,1.055,380.0,85340000.0,43999.0,7.115319787729776,1230.6771037181995,1230.6771037181995,6.902906898169487,995.1633536136201
2020,391,4.18,614.25,CALIFORNIA,2.0,0.0,3.0,0.4745554763058366,-1.61,261.0,57592.91,8165870.0,8.9,1.112,2438.0,679150000.0,182190.0,7.378701558422696,1601.5089514066497,1601.5089514066497,6.811178570156302,907.9402478980656
2020,13,4.17,450.88,CALIFORNIA,0.0,0.0,0.0,0.4816317537392376,-2.18,177.0,93804.02,2026350.0,9.1,1.07,684.0,173960000.0,65690.0,7.122928691414462,1240.076923076923,1240.076923076923,6.876157417384276,968.8961340902375
2020,6,2.04,358.0,CALIFORNIA,0.0,0.0,0.0,0.2702035058507855,-2.45,173.0,252339.22,1660424.0,10.0,1.055,380.0,85340000.0,43999.0,6.941995662136838,1034.8333333333333,1034.8333333333333,6.932326994652377,1024.876088147297
2020,471,2.04,358.0,CALIFORNIA,0.0,0.0,0.0,0.2702035058507855,-2.45,173.0,252339.22,1660424.0,10.0,1.055,380.0,85340000.0,43999.0,7.172390358590617,1302.9554140127389,1302.9554140127389,6.902351611114629,994.6109056836763
2020,57,4.18,614.25,CALIFORNIA,2.0,0.0,3.0,0.4745554763058366,-1.61,261.0,57592.91,8165870.0,8.9,1.112,2438.0,679150000.0,182190.0,7.306142768151522,1489.421052631579,1489.421052631579,6.832938609146636,927.9135852861726
2020,46,2.04,358.0,CALIFORNIA,0.0,0.0,0.0,0.2702035058507855,-2.45,173.0,252339.22,1660424.0,10.0,1.055,380.0,85340000.0,43999.0,7.326379797801252,1519.8695652173913,1519.8695652173913,6.941930646969637,1034.7660556582002
2020,379,4.17,450.88,CALIFORNIA,0.0,0.0,0.0,0.4816317537392376,-2.18,177.0,93804.02,2026350.0,9.1,1.07,684.0,173960000.0,65690.0,6.817527412973568,913.7229551451188,913.7229551451188,6.860574979607872,953.9153917363312
2020,75,2.04,358.0,CALIFORNIA,0.0,0.0,0.0,0.2702035058507855,-2.45,173.0,252339.22,1660424.0,10.0,1.055,380.0,85340000.0,43999.0,7.194366778575242,1331.9066666666668,1331.9066666666668,6.931369444354136,1023.8951874492583
2020,108,2.04,358.0,CALIFORNIA,0.0,0.0,0.0,0.2702035058507855,-2.45,173.0,252339.22,1660424.0,10.0,1.055,380.0,85340000.0,43999.0,6.8628450780111425,956.0833333333334,956.0833333333334,6.924745632756732,1017.1355107595143
2020,131,2.04,358.0,CALIFORNIA,0.0,0.0,0.0,0.2702035058507855,-2.45,173.0,252339.22,1660424.0,10.0,1.055,380.0,85340000.0,43999.0,7.1245765969535855,1242.12213740458,1242.12213740458,6.925923788146462,1018.3345606384449
2020,65,4.18,614.25,CALIFORNIA,2.0,0.0,3.0,0.4745554763058366,-1.61,261.0,57592.91,8165870.0,8.9,1.112,2438.0,679150000.0,182190.0,7.287581686073739,1462.0307692307692,1462.0307692307692,6.831621251596673,926.6919961303972
2020,413,6.35,252.75,CALIFORNIA,0.0,0.0,0.0,0.4117296722988997,-1.95,60.0,331214.44,403924.0,8.2,1.034,81.0,20755000.0,16095.0,7.137318855726241,1258.050847457627,1258.050847457627,6.929210651005082,1021.6871934873137
2020,174,2.04,358.0,CALIFORNIA,0.0,0.0,0.0,0.2702035058507855,-2.45,173.0,252339.22,1660424.0,10.0,1.055,380.0,85340000.0,43999.0,7.178216646725795,1310.5689655172414,1310.5689655172414,6.920721583972253,1013.0507320302886
2020,42,6.35,252.75,CALIFORNIA,0.0,0.0,0.0,0.4117296722988997,-1.95,60.0,331214.44,403924.0,8.2,1.034,81.0,20755000.0,16095.0,7.42751232713932,1681.6190476190477,1681.6190476190477,6.954372282851535,1047.720659268398
2020,214,4.18,614.25,CALIFORNIA,2.0,0.0,3.0,0.4745554763058366,-1.61,261.0,57592.91,8165870.0,8.9,1.112,2438.0,679150000.0,182190.0,7.425750466992518,1678.6588785046729,1678.6588785046729,6.824003067710453,919.6591090253742
2020,154,6.35,252.75,CALIFORNIA,0.0,0.0,0.0,0.4117296722988997,-1.95,60.0,331214.44,403924.0,8.2,1.034,81.0,20755000.0,16095.0,7.4772920066446416,1767.448051948052,1767.448051948052,6.950780916049272,1043.9646586995793
2020,71,2.04,358.0,CALIFORNIA,0.0,0.0,0.0,0.2702035058507855,-2.45,173.0,252339.22,1660424.0,10.0,1.055,380.0,85340000.0,43999.0,7.446363206577478,1713.619718309859,1713.619718309859,6.933643484808732,1026.2262159488089
2020,428,4.18,614.25,CALIFORNIA,2.0,0.0,3.0,0.4745554763058366,-1.61,261.0,57592.91,8165870.0,8.9,1.112,2438.0,679150000.0,182190.0,7.384675644974699,1611.1051401869158,1611.1051401869158,6.810518004063508,907.3406914011689
2020,323,6.35,252.75,CALIFORNIA,0.0,0.0,0.0,0.4117296722988997,-1.95,60.0,331214.44,403924.0,8.2,1.034,81.0,20755000.0,16095.0,7.1913523939574,1327.8978328173375,1327.8978328173375,6.9307971093620075,1023.3093440705339
2020,41,-2.81,217.07,CALIFORNIA,0.0,0.0,0.0,0.2700667798527521,-2.37,37.0,2755.2200000000003,459550.0,8.8,1.0,71.0,11085000.0,8677.0,7.07786846967422,1185.439024390244,1185.439024390244,6.970281834260362,1064.5227272397199
2020,599,4.17,450.88,CALIFORNIA,0.0,0.0,0.0,0.4816317537392376,-2.18,177.0,93804.02,2026350.0,9.1,1.07,684.0,173960000.0,65690.0,6.888965494180438,981.3856427378964,981.3856427378964,6.853242545991927,946.9464513211668
2020,299,4.18,614.25,CALIFORNIA,2.0,0.0,3.0,0.4745554763058366,-1.61,261.0,57592.91,8165870.0,8.9,1.112,2438.0,679150000.0,182190.0,7.16421586334821,1292.3478260869565,1292.3478260869565,6.812907358779074,909.5112422360874
2020,510,2.04,358.0,CALIFORNIA,0.0,0.0,0.0,0.2702035058507855,-2.45,173.0,252339.22,1660424.0,10.0,1.055,380.0,85340000.0,43999.0,7.375894426062706,1597.0196078431372,1597.0196078431372,6.902750754223474,995.007977011533
2020,67,2.04,358.0,CALIFORNIA,0.0,0.0,0.0,0.2702035058507855,-2.45,173.0,252339.22,1660424.0,10.0,1.055,380.0,85340000.0,43999.0,7.064618693924544,1169.8358208955224,1169.8358208955224,6.934930199651069,1027.547526345014
2020,129,4.17,450.88,CALIFORNIA,0.0,0.0,0.0,0.4816317537392376,-2.18,177.0,93804.02,2026350.0,9.1,1.07,684.0,173960000.0,65690.0,7.3761539387826405,1597.4341085271317,1597.4341085271317,6.8760506057912085,968.7926502773727
2020,133,4.17,450.88,CALIFORNIA,0.0,0.0,0.0,0.4816317537392376,-2.18,177.0,93804.02,2026350.0,9.1,1.07,684.0,173960000.0,65690.0,7.1384432319253115,1259.466165413534,1259.466165413534,6.875877655233046,968.62511153614
2020,295,4.18,614.25,CALIFORNIA,2.0,0.0,3.0,0.4745554763058366,-1.61,261.0,57592.91,8165870.0,8.9,1.112,2438.0,679150000.0,182190.0,7.518476547058949,1841.7593220338983,1841.7593220338983,6.812907358779074,909.5112422360874
2020,110,4.17,450.88,CALIFORNIA,0.0,0.0,0.0,0.4816317537392376,-2.18,177.0,93804.02,2026350.0,9.1,1.07,684.0,173960000.0,65690.0,7.003569463985905,1100.5545454545454,1100.5545454545454,6.871549421732783,964.4417357236687
2020,855,2.04,358.0,CALIFORNIA,0.0,0.0,0.0,0.2702035058507855,-2.45,173.0,252339.22,1660424.0,10.0,1.055,380.0,85340000.0,43999.0,7.085156368038948,1194.1099415204678,1194.1099415204678,6.896700003984689,989.0056099819061
2020,117,4.18,614.25,CALIFORNIA,2.0,0.0,3.0,0.4745554763058366,-1.61,261.0,57592.91,8165870.0,8.9,1.112,2438.0,679150000.0,182190.0,7.3597450647189895,1571.4358974358977,1571.4358974358977,6.8315034658648495,926.582851463426
2020,2260,2.04,358.0,CALIFORNIA,0.0,0.0,0.0,0.2702035058507855,-2.45,173.0,252339.22,1660424.0,10.0,1.055,380.0,85340000.0,43999.0,7.239027546347823,1392.7389380530974,1392.7389380530974,6.894979295520524,987.3052829607846
2020,3,2.7,323.32,CALIFORNIA,0.0,0.0,0.0,0.2667658135050876,-2.93,160.0,130817.91,1175128.0,7.4,1.028,284.0,59880000.0,32319.0,7.341267799645458,1542.6666666666667,1542.6666666666667,6.991002670812162,1086.8106433670514
2020,220,4.18,614.25,CALIFORNIA,2.0,0.0,3.0,0.4745554763058366,-1.61,261.0,57592.91,8165870.0,8.9,1.112,2438.0,679150000.0,182190.0,7.49007246807972,1790.1818181818182,1790.1818181818182,6.820149672828668,916.1221184090657
2020,115,4.18,614.25,CALIFORNIA,2.0,0.0,3.0,0.4745554763058366,-1.61,261.0,57592.91,8165870.0,8.9,1.112,2438.0,679150000.0,182190.0,7.09582117498799,1206.9130434782608,1206.9130434782608,6.830754418875043,925.8890572424064
2020,1424,4.18,614.25,CALIFORNIA,2.0,0.0,3.0,0.4745554763058366,-1.61,261.0,57592.91,8165870.0,8.9,1.112,2438.0,679150000.0,182190.0,7.330672085385659,1526.4073033707866,1526.4073033707866,6.753829272262784,857.3354557275417
2020,16,4.17,450.88,CALIFORNIA,0.0,0.0,0.0,0.4816317537392376,-2.18,177.0,93804.02,2026350.0,9.1,1.07,684.0,173960000.0,65690.0,6.951353416449144,1044.5625,1044.5625,6.877220376825577,969.9265789471307
2020,38,4.17,450.88,CALIFORNIA,0.0,0.0,0.0,0.4816317537392376,-2.18,177.0,93804.02,2026350.0,9.1,1.07,684.0,173960000.0,65690.0,7.194634397573784,1332.2631578947369,1332.2631578947369,6.879526548411473,972.1659772898108
2020,26,6.35,252.75,CALIFORNIA,0.0,0.0,0.0,0.4117296722988997,-1.95,60.0,331214.44,403924.0,8.2,1.034,81.0,20755000.0,16095.0,7.203348285012908,1343.923076923077,1343.923076923077,6.953066991586969,1046.353970801453
2020,12,4.17,450.88,CALIFORNIA,0.0,0.0,0.0,0.4816317537392376,-2.18,177.0,93804.02,2026350.0,9.1,1.07,684.0,173960000.0,65690.0,6.649955581012225,772.75,772.75,6.874234397667866,967.034718064715
2020,5750,4.17,450.88,CALIFORNIA,0.0,0.0,0.0,0.4816317537392376,-2.18,177.0,93804.02,2026350.0,9.1,1.07,684.0,173960000.0,65690.0,6.9847662383570315,1080.0539130434784,1080.0539130434784,6.802889144744111,900.4450532817924
2020,98,4.18,614.25,CALIFORNIA,2.0,0.0,3.0,0.4745554763058366,-1.61,261.0,57592.91,8165870.0,8.9,1.112,2438.0,679150000.0,182190.0,7.394072813948521,1626.3163265306123,1626.3163265306123,6.825339407936781,920.8889080191917
2020,16,2.04,358.0,CALIFORNIA,0.0,0.0,0.0,0.2702035058507855,-2.45,173.0,252339.22,1660424.0,10.0,1.055,380.0,85340000.0,43999.0,7.148444009512096,1272.125,1272.125,6.93766493223284,1030.3614399415098
2020,49,2.04,358.0,CALIFORNIA,0.0,0.0,0.0,0.2702035058507855,-2.45,173.0,252339.22,1660424.0,10.0,1.055,380.0,85340000.0,43999.0,7.396084855532532,1629.591836734694,1629.591836734694,6.940826912719987,1033.6245789815282
2020,183,4.18,614.25,CALIFORNIA,2.0,0.0,3.0,0.4745554763058366,-1.61,261.0,57592.91,8165870.0,8.9,1.112,2438.0,679150000.0,182190.0,7.250588971588946,1408.9344262295083,1408.9344262295083,6.828020442244832,923.3611553846329
2020,1468,4.18,614.25,CALIFORNIA,2.0,0.0,3.0,0.4745554763058366,-1.61,261.0,57592.91,8165870.0,8.9,1.112,2438.0,679150000.0,182190.0,7.30648750865059,1489.934604904632,1489.934604904632,6.751780430452466,855.5807092132237
2020,33,4.18,614.25,CALIFORNIA,2.0,0.0,3.0,0.4745554763058366,-1.61,261.0,57592.91,8165870.0,8.9,1.112,2438.0,679150000.0,182190.0,6.8619017078904045,955.181818181818,955.181818181818,6.827794762936708,923.1527953900912
2020,113,4.17,450.88,CALIFORNIA,0.0,0.0,0.0,0.4816317537392376,-2.18,177.0,93804.02,2026350.0,9.1,1.07,684.0,173960000.0,65690.0,6.74045659481725,845.9469026548672,845.9469026548672,6.8728570937314775,965.7037341360046
2020,437,6.35,252.75,CALIFORNIA,0.0,0.0,0.0,0.4117296722988997,-1.95,60.0,331214.44,403924.0,8.2,1.034,81.0,20755000.0,16095.0,7.223552687193852,1371.3524027459955,1371.3524027459955,6.929210651005082,1021.6871934873137
2020,35,4.17,450.88,CALIFORNIA,0.0,0.0,0.0,0.4816317537392376,-2.18,177.0,93804.02,2026350.0,9.1,1.07,684.0,173960000.0,65690.0,7.139411069599858,1260.6857142857143,1260.6857142857143,6.879702024982789,972.336584610612
2020,931,6.35,252.75,CALIFORNIA,0.0,0.0,0.0,0.4117296722988997,-1.95,60.0,331214.44,403924.0,8.2,1.034,81.0,20755000.0,16095.0,7.1104137446145,1224.654135338346,1224.654135338346,6.91709763361797,1009.3861306483833
2020,1962,2.04,358.0,CALIFORNIA,0.0,0.0,0.0,0.2702035058507855,-2.45,173.0,252339.22,1660424.0,10.0,1.055,380.0,85340000.0,43999.0,7.123586533588876,1240.8929663608562,1240.8929663608562,6.897701450358327,989.9965421634333
2020,200,4.18,614.25,CALIFORNIA,2.0,0.0,3.0,0.4745554763058366,-1.61,261.0,57592.91,8165870.0,8.9,1.112,2438.0,679150000.0,182190.0,7.453683532840264,1726.21,1726.21,6.824652580187253,920.2566331197605
2020,2072,2.04,358.0,CALIFORNIA,0.0,0.0,0.0,0.2702035058507855,-2.45,173.0,252339.22,1660424.0,10.0,1.055,380.0,85340000.0,43999.0,6.988462600915515,1084.053571428571,1084.053571428571,6.896394142613122,988.7031576261537
2020,933,-2.81,217.07,CALIFORNIA,0.0,0.0,0.0,0.2700667798527521,-2.37,37.0,2755.2200000000003,459550.0,8.8,1.0,71.0,11085000.0,8677.0,6.90225356993985,994.513397642015,994.513397642015,6.944623166526143,1037.5559377199995
2020,1060,3.11,489.11,CALIFORNIA,0.0,0.0,0.0,0.2594350309899302,-1.94,114.0,360985.56,895325.0,11.0,1.108,239.0,61465000.0,19761.0,7.352927798429281,1560.7594339622642,1560.7594339622642,6.912248104094448,1004.502932983018
2020,142,-2.81,217.07,CALIFORNIA,0.0,0.0,0.0,0.2700667798527521,-2.37,37.0,2755.2200000000003,459550.0,8.8,1.0,71.0,11085000.0,8677.0,6.9707499152806305,1065.0211267605634,1065.0211267605634,6.968962274368318,1063.1189521310423
2020,105,3.11,489.11,CALIFORNIA,0.0,0.0,0.0,0.2594350309899302,-1.94,114.0,360985.56,895325.0,11.0,1.108,239.0,61465000.0,19761.0,7.315820179303166,1503.904761904762,1503.904761904762,6.936945496475228,1029.6204276656765
2020,273,3.11,489.11,CALIFORNIA,0.0,0.0,0.0,0.2594350309899302,-1.94,114.0,360985.56,895325.0,11.0,1.108,239.0,61465000.0,19761.0,7.753046417673366,2328.6556776556777,2328.6556776556777,6.916224243042808,1008.5049271885902
2020,209,4.93,513.33,CALIFORNIA,0.0,0.0,0.0,0.2401906997319825,-3.53,59.0,51362.6,931741.0,12.1,1.129,153.0,62125000.0,13225.0,7.13541683837498,1255.6602870813397,1255.6602870813397,6.892571412360734,984.9308270498111
2020,29,-2.81,217.07,CALIFORNIA,0.0,0.0,0.0,0.2700667798527521,-2.37,37.0,2755.2200000000003,459550.0,8.8,1.0,71.0,11085000.0,8677.0,7.087314403080181,1196.6896551724135,1196.6896551724135,6.969888276302552,1064.1038582791575
2020,109,2.7,323.32,CALIFORNIA,0.0,0.0,0.0,0.2667658135050876,-2.93,160.0,130817.91,1175128.0,7.4,1.028,284.0,59880000.0,32319.0,7.307958863095361,1492.1284403669724,1492.1284403669724,6.966651553592215,1060.665217120914
2020,27,-2.81,217.07,CALIFORNIA,0.0,0.0,0.0,0.2700667798527521,-2.37,37.0,2755.2200000000003,459550.0,8.8,1.0,71.0,11085000.0,8677.0,7.217524947897923,1363.111111111111,1363.111111111111,6.972767450526491,1067.1720134366387
2020,51,2.39,903.03,CALIFORNIA,0.0,0.0,0.0,0.3053165997169049,-1.69,119.0,873.89,4304596.0,8.1,1.075,1530.0,631310000.0,102267.0,7.614186385233692,2026.7450980392157,2026.7450980392157,7.027296107591514,1126.9792561237196
2020,35,-2.81,217.07,CALIFORNIA,0.0,0.0,0.0,0.2700667798527521,-2.37,37.0,2755.2200000000003,459550.0,8.8,1.0,71.0,11085000.0,8677.0,6.969898075519007,1064.1142857142856,1064.1142857142856,6.968583942640788,1062.7168165764294
2020,108,2.7,323.32,CALIFORNIA,0.0,0.0,0.0,0.2667658135050876,-2.93,160.0,130817.91,1175128.0,7.4,1.028,284.0,59880000.0,32319.0,6.972380601907879,1066.7592592592594,1066.7592592592594,6.966561417765118,1060.569617492836
2020,699,2.7,323.32,CALIFORNIA,0.0,0.0,0.0,0.2667658135050876,-2.93,160.0,130817.91,1175128.0,7.4,1.028,284.0,59880000.0,32319.0,7.403852367570075,1642.2989985693848,1642.2989985693848,6.958023107820834,1051.5526948013282
2020,26,-2.81,217.07,CALIFORNIA,0.0,0.0,0.0,0.2700667798527521,-2.37,37.0,2755.2200000000003,459550.0,8.8,1.0,71.0,11085000.0,8677.0,7.0587581525186645,1163.0,1163.0,6.9735349223671586,1067.9913522756267
2020,25,-2.81,217.07,CALIFORNIA,0.0,0.0,0.0,0.2700667798527521,-2.37,37.0,2755.2200000000003,459550.0,8.8,1.0,71.0,11085000.0,8677.0,6.862255694910771,955.52,955.52,6.9750257095690085,1069.5846874820606
2020,41,2.7,323.32,CALIFORNIA,0.0,0.0,0.0,0.2667658135050876,-2.93,160.0,130817.91,1175128.0,7.4,1.028,284.0,59880000.0,32319.0,7.2379885816712255,1391.2926829268292,1391.2926829268292,6.991341940369167,1087.1794276876835
2020,427,2.2,246.96,CALIFORNIA,0.0,0.0,0.0,0.2439027138935122,-2.0,34.0,47175.0,91114.0,8.3,1.002,31.0,8615000.0,3229.0,7.07347014987844,1180.2365339578455,1180.2365339578455,6.954860915739343,1048.2327351381189
2020,9,2.7,323.32,CALIFORNIA,0.0,0.0,0.0,0.2667658135050876,-2.93,160.0,130817.91,1175128.0,7.4,1.028,284.0,59880000.0,32319.0,6.883804058159624,976.3333333333334,976.3333333333334,6.989007697541491,1084.6446464546
2020,339,-2.76,228.6,CALIFORNIA,0.0,0.0,0.0,0.2052669848911618,-2.0,40.0,52.3,107899.0,11.7,1.033,13.0,4885000.0,1179.0,7.515477916188349,1836.244837758112,1836.244837758112,6.9368928369268374,1029.5662097465004
2020,74,2.7,323.32,CALIFORNIA,0.0,0.0,0.0,0.2667658135050876,-2.93,160.0,130817.91,1175128.0,7.4,1.028,284.0,59880000.0,32319.0,7.471824456305518,1757.8108108108108,1757.8108108108108,6.975534201215954,1070.1287006627033
2020,1002,3.11,489.11,CALIFORNIA,0.0,0.0,0.0,0.2594350309899302,-1.94,114.0,360985.56,895325.0,11.0,1.108,239.0,61465000.0,19761.0,7.2113239613820985,1354.6846307385229,1354.6846307385229,6.911274204480049,1003.5251241850149
2020,4,2.7,323.32,CALIFORNIA,0.0,0.0,0.0,0.2667658135050876,-2.93,160.0,130817.91,1175128.0,7.4,1.028,284.0,59880000.0,32319.0,7.459482894068554,1736.25,1736.25,6.98781707708719,1083.3540148315512
2020,140,2.2,246.96,CALIFORNIA,0.0,0.0,0.0,0.2439027138935122,-2.0,34.0,47175.0,91114.0,8.3,1.002,31.0,8615000.0,3229.0,7.256266994248918,1416.9571428571428,1416.9571428571428,6.967361773085191,1061.4187898029627
2020,258,2.2,246.96,CALIFORNIA,0.0,0.0,0.0,0.2439027138935122,-2.0,34.0,47175.0,91114.0,8.3,1.002,31.0,8615000.0,3229.0,7.273420694991544,1441.4728682170542,1441.4728682170542,6.960601225462754,1054.2672190330595
2020,97,2.2,246.96,CALIFORNIA,0.0,0.0,0.0,0.2439027138935122,-2.0,34.0,47175.0,91114.0,8.3,1.002,31.0,8615000.0,3229.0,7.707336110524373,2224.6082474226805,2224.6082474226805,6.965973253187424,1059.9460114211263
2020,86,2.7,323.32,CALIFORNIA,0.0,0.0,0.0,0.2667658135050876,-2.93,160.0,130817.91,1175128.0,7.4,1.028,284.0,59880000.0,32319.0,7.159002521543601,1285.6279069767445,1285.6279069767445,6.968991291068529,1063.1498007825264
2020,55,3.11,489.11,CALIFORNIA,0.0,0.0,0.0,0.2594350309899302,-1.94,114.0,360985.56,895325.0,11.0,1.108,239.0,61465000.0,19761.0,7.3034148942324535,1485.3636363636365,1485.3636363636365,6.945011016847694,1037.958432172827
2020,3299,2.7,323.32,CALIFORNIA,0.0,0.0,0.0,0.2667658135050876,-2.93,160.0,130817.91,1175128.0,7.4,1.028,284.0,59880000.0,32319.0,7.076402632855293,1183.702637162777,1183.702637162777,6.941137716750712,1033.9458835957298
2020,4,2.7,323.32,CALIFORNIA,0.0,0.0,0.0,0.2667658135050876,-2.93,160.0,130817.91,1175128.0,7.4,1.028,284.0,59880000.0,32319.0,6.864064590357404,957.25,957.25,6.98781707708719,1083.3540148315512
2020,32,4.93,513.33,CALIFORNIA,0.0,0.0,0.0,0.2401906997319825,-3.53,59.0,51362.6,931741.0,12.1,1.129,153.0,62125000.0,13225.0,6.9919528049703255,1087.84375,1087.84375,6.905551777132367,997.7989240782584
2020,278,-2.81,217.07,CALIFORNIA,0.0,0.0,0.0,0.2700667798527521,-2.37,37.0,2755.2200000000003,459550.0,8.8,1.0,71.0,11085000.0,8677.0,6.895795556552521,988.1115107913668,988.1115107913668,6.9584120176637985,1051.9617335291705
2020,6,3.11,489.11,CALIFORNIA,0.0,0.0,0.0,0.2594350309899302,-1.94,114.0,360985.56,895325.0,11.0,1.108,239.0,61465000.0,19761.0,7.452692432376896,1724.5,1724.5,6.938189736756515,1030.9023202020007
2020,6,2.7,323.32,CALIFORNIA,0.0,0.0,0.0,0.2667658135050876,-2.93,160.0,130817.91,1175128.0,7.4,1.028,284.0,59880000.0,32319.0,7.429520842786462,1685.0,1685.0,6.984793031326515,1080.0828512826804
2020,2301,3.11,489.11,CALIFORNIA,0.0,0.0,0.0,0.2594350309899302,-1.94,114.0,360985.56,895325.0,11.0,1.108,239.0,61465000.0,19761.0,7.388437509849286,1617.1773142112124,1617.1773142112124,6.9007570456061,993.0261972355612
2020,1094,2.43,1066.46,CALIFORNIA,1.0,0.0,2.0,0.3226771300501668,-1.9,150.0,363.81,23905563.0,7.4,1.098,7526.0,3395560000.0,405951.0,7.743169408971688,2305.76873857404,2305.76873857404,6.990861385864268,1086.6571042285727
2020,781,2.43,1066.46,CALIFORNIA,1.0,0.0,2.0,0.3226771300501668,-1.9,150.0,363.81,23905563.0,7.4,1.098,7526.0,3395560000.0,405951.0,7.761013755498873,2347.282970550576,2347.282970550576,7.034664112239573,1135.3135102288188
2020,1382,2.43,1066.46,CALIFORNIA,1.0,0.0,2.0,0.3226771300501668,-1.9,150.0,363.81,23905563.0,7.4,1.098,7526.0,3395560000.0,405951.0,7.658240166682524,2118.0267727930536,2118.0267727930536,6.985079946271352,1080.3927876549374
2020,914,2.43,1066.46,CALIFORNIA,1.0,0.0,2.0,0.3226771300501668,-1.9,150.0,363.81,23905563.0,7.4,1.098,7526.0,3395560000.0,405951.0,7.5326435324688426,1868.0371991247264,1868.0371991247264,7.020340624976075,1119.1677693225784
2020,2020,2.43,1066.46,CALIFORNIA,1.0,0.0,2.0,0.3226771300501668,-1.9,150.0,363.81,23905563.0,7.4,1.098,7526.0,3395560000.0,405951.0,7.988114699253187,2945.738118811881,2945.738118811881,6.968018971214474,1062.1165815145955
2020,725,2.43,1066.46,CALIFORNIA,1.0,0.0,2.0,0.3226771300501668,-1.9,150.0,363.81,23905563.0,7.4,1.098,7526.0,3395560000.0,405951.0,8.168885117836725,3529.406896551724,3529.406896551724,7.043598002167886,1145.5017185655404
2020,538,2.43,1066.46,CALIFORNIA,1.0,0.0,2.0,0.3226771300501668,-1.9,150.0,363.81,23905563.0,7.4,1.098,7526.0,3395560000.0,405951.0,7.628350362504028,2055.656133828996,2055.656133828996,7.048438132085556,1151.0595351312531
2020,10720,2.21,957.11,CALIFORNIA,1.0,0.0,0.5,0.300075940378122,-1.79,250.0,1961.26,7822988.0,8.5,1.072,3462.0,1546350000.0,191250.0,7.35167133409172,1558.7996268656716,1558.7996268656716,6.887108477615918,979.5648844555374
2020,58,2.21,957.11,CALIFORNIA,1.0,0.0,0.5,0.300075940378122,-1.79,250.0,1961.26,7822988.0,8.5,1.072,3462.0,1546350000.0,191250.0,7.5349468428446995,1872.344827586207,1872.344827586207,7.0186608631339205,1117.289412046804
2020,33,2.21,957.11,CALIFORNIA,1.0,0.0,0.5,0.300075940378122,-1.79,250.0,1961.26,7822988.0,8.5,1.072,3462.0,1546350000.0,191250.0,7.467544212100227,1750.3030303030305,1750.3030303030305,7.024524127967944,1123.8596183732716
2020,2,,,,,,,,,,,,,,,,,7.1127348596686755,1227.5,1227.5,6.767632720813786,869.2516949746677
2020,17,2.21,957.11,CALIFORNIA,1.0,0.0,0.5,0.300075940378122,-1.79,250.0,1961.26,7822988.0,8.5,1.072,3462.0,1546350000.0,191250.0,7.655529895379898,2112.294117647059,2112.294117647059,7.025852450440146,1125.353458290874
2020,17,2.39,903.03,CALIFORNIA,0.0,0.0,0.0,0.3053165997169049,-1.69,119.0,873.89,4304596.0,8.1,1.075,1530.0,631310000.0,102267.0,8.552620886104929,5481.529411764706,5180.313662906439,7.040649029126233,1142.1286408803853
2020,10119,2.39,903.03,CALIFORNIA,0.0,0.0,0.0,0.3053165997169049,-1.69,119.0,873.89,4304596.0,8.1,1.075,1530.0,631310000.0,102267.0,7.759318646906333,2343.3074414467833,2343.3074414467833,6.900369191867694,992.6411229936975
2020,26,2.39,903.03,CALIFORNIA,0.0,0.0,0.0,0.3053165997169049,-1.69,119.0,873.89,4304596.0,8.1,1.075,1530.0,631310000.0,102267.0,8.48447926314908,4839.076923076923,4839.076923076923,7.0481556769725024,1150.7344583920813
2020,1,0.22,1566.69,CALIFORNIA,2.0,0.0,1.0,0.2819282273578825,-2.98,98.0,55322.65,29572422.0,8.0,1.158,4682.0,2573700000.0,488501.0,7.1569563646156364,1283.0,1283.0,7.014179987597601,1112.2941771243163
2020,1,,,,,,,,,,,,,,,,,7.0707241072602764,1177.0,1177.0,6.848493256606864,942.4597912485415
2020,1,3.36,1412.49,CALIFORNIA,21.0,390000.0,88.67,0.4780618412644435,0.8,407.0,22633.53,233308848.0,9.4,1.166,32881.0,19387215000.0,3301182.0,8.552620886104929,10807.0,5180.313662906439,6.997601732936314,1094.0062904681847
2020,1,3.36,1412.49,CALIFORNIA,21.0,390000.0,88.67,0.4780618412644435,0.8,407.0,22633.53,233308848.0,9.4,1.166,32881.0,19387215000.0,3301182.0,6.507277712385012,670.0,670.0,6.997601732936314,1094.0062904681847
2020,2,3.36,1412.49,CALIFORNIA,21.0,390000.0,88.67,0.4780618412644435,0.8,407.0,22633.53,233308848.0,9.4,1.166,32881.0,19387215000.0,3301182.0,6.54965074223381,699.0,699.0,7.032873643889564,1133.2825860167354
2020,1,,,,,,,,,,,,,,,,,7.1853870155804165,1320.0,1320.0,6.848493256606864,942.4597912485415
2020,1,,,,,,,,,,,,,,,,,8.088561805276234,3257.0,3257.0,6.848493256606864,942.4597912485415
2020,1,,,,,,,,,,,,,,,,,7.154615356913663,1280.0,1280.0,6.848493256606864,942.4597912485415
2020,1,3.36,1412.49,CALIFORNIA,21.0,390000.0,88.67,0.4780618412644435,0.8,407.0,22633.53,233308848.0,9.4,1.166,32881.0,19387215000.0,3301182.0,8.552620886104929,7071.0,5180.313662906439,6.997601732936314,1094.0062904681847
2020,1,,,,,,,,,,,,,,,,,7.916807490937603,2743.0,2743.0,6.848493256606864,942.4597912485415
2020,1,3.36,1412.49,CALIFORNIA,21.0,390000.0,88.67,0.4780618412644435,0.8,407.0,22633.53,233308848.0,9.4,1.166,32881.0,19387215000.0,3301182.0,6.698268054115413,811.0,811.0,6.997601732936314,1094.0062904681847
2020,1,2.24,1543.42,CALIFORNIA,0.0,0.0,0.0,0.2644464293358305,-0.28,110.0,3405.39,51241052.0,8.7,1.103,7880.0,4481700000.0,843808.0,6.258701535932703,343.0,522.5400000000001,7.052959405659506,1156.275572870802
2020,1,4.16,780.31,CALIFORNIA,4.0,0.0,6.08,0.3901196766613863,-2.54,503.0,415751.64,44416463.0,11.6,1.196,10264.0,2858960000.0,1009613.0,6.424869023905388,617.0,617.0,6.889071924036424,981.4900970289488
2020,1,-5.22,2127.91,CALIFORNIA,7.0,0.0,5.0,0.2534470308902714,-3.61,74.0,86540.14,150498469.0,6.9,1.12,4949.0,5659715000.0,762727.0,7.651595573857601,2104.0,2104.0,7.096968351836532,1208.2983806413754
