zip,yr,prem_per_unit,y_pred,residual,abs_err
90001,2021,824.5268218623481,904.05383,-79.52701114546437,79.52701114546437
90002,2021,820.5156418554477,904.05383,-83.53819115236479,83.53819115236479
90003,2021,893.9401174168297,904.05383,-10.113715590982792,10.113715590982792
90004,2021,3064.7611940298507,904.05383,2160.707361022038,2160.707361022038
90005,2021,4406.956375838926,904.05383,3502.9025428311134,3502.9025428311134
90006,2021,1353.493220338983,904.05383,449.43938733117056,449.43938733117056
90007,2021,1361.0958904109589,904.05383,457.0420574031464,457.0420574031464
90008,2021,1565.5995611629182,904.05383,661.5457281551057,661.5457281551057
90011,2021,929.9641732283465,904.05383,25.910340220533953,25.910340220533953
90012,2021,1155.6717948717949,904.05383,251.61796186398237,251.61796186398237
90015,2021,1231.3194444444443,904.05383,327.26561143663184,327.26561143663184
90016,2021,1151.0582271900182,904.05383,247.00439418220571,247.00439418220571
90017,2021,1143.4,904.05383,239.3461669921876,239.3461669921876
90018,2021,1219.4129659643436,904.05383,315.3591329565311,315.3591329565311
90019,2021,1606.8654537286614,904.05383,702.8116207208489,702.8116207208489
90020,2021,8043.449640287769,904.05383,7139.395807279957,7139.395807279957
90021,2021,867.3333333333334,904.05383,-36.72049967447913,36.72049967447913
90022,2021,705.2117898106162,904.05383,-198.8420431971963,198.8420431971963
90023,2021,803.6103559870551,904.05383,-100.44347702075743,100.44347702075743
90024,2021,4665.306860902256,904.05383,3761.253027894443,3761.253027894443
90025,2021,1850.168753726893,904.05383,946.1149207190806,946.1149207190806
90026,2021,1456.827761627907,904.05383,552.7739286200945,552.7739286200945
90027,2021,2973.6192109777016,904.05383,2069.565377969889,2069.565377969889
90028,2021,1512.9288888888889,904.05383,608.8750558810764,608.8750558810764
90029,2021,1317.927950310559,904.05383,413.8741173027465,413.8741173027465
90031,2021,1003.2981691368788,904.05383,99.24433612906626,99.24433612906626
90032,2021,897.0004071661238,904.05383,-7.05342584168875,7.05342584168875
90033,2021,866.3573797678275,904.05383,-37.696453239984976,37.696453239984976
90034,2021,1564.4551176792556,904.05383,660.4012846714431,660.4012846714431
90035,2021,2086.4868875086268,904.05383,1182.4330545008143,1182.4330545008143
90036,2021,2729.9939836699614,904.05383,1825.9401506621489,1825.9401506621489
90037,2021,1057.6820809248554,904.05383,153.62824791704293,153.62824791704293
90038,2021,1545.7077922077922,904.05383,641.6539591999797,641.6539591999797
90039,2021,1476.0275106240215,904.05383,571.973677616209,571.973677616209
90040,2021,740.3564727954972,904.05383,-163.6973602123153,163.6973602123153
90041,2021,1248.9676982154958,904.05383,344.91386520768333,344.91386520768333
90042,2021,1037.0997425997425,904.05383,133.04590959193,133.04590959193
90043,2021,1249.0921585648148,904.05383,345.0383255570023,345.0383255570023
90044,2021,972.514085914086,904.05383,68.46025290627347,68.46025290627347
90045,2021,1224.415407854985,904.05383,320.3615748471725,320.3615748471725
90046,2021,3575.2295843520783,904.05383,2671.175751344266,2671.175751344266
90047,2021,999.0351369405478,904.05383,94.98130393273527,94.98130393273527
90048,2021,2570.426431718062,904.05383,1666.3725987102493,1666.3725987102493
90049,2021,6261.373910235712,904.05383,5357.3200772279,5357.3200772279
90056,2021,1944.1033402922756,904.05383,1040.049507284463,1040.049507284463
90057,2021,1228.9274193548388,904.05383,324.8735863470263,324.8735863470263
90058,2021,831.84375,904.05383,-72.2100830078125,72.2100830078125
90059,2021,858.4426173347036,904.05383,-45.61121567310886,45.61121567310886
90061,2021,887.6701680672269,904.05383,-16.383664940585618,16.383664940585618
90062,2021,1087.7941409342834,904.05383,183.7403079264709,183.7403079264709
90063,2021,781.701939435182,904.05383,-122.3518935726305,122.3518935726305
90064,2021,2000.6066904196357,904.05383,1096.5528574118232,1096.5528574118232
90065,2021,1190.6870675073044,904.05383,286.6332344994919,286.6332344994919
90066,2021,1353.9019509754878,904.05383,449.8481179676753,449.8481179676753
90067,2021,13198.9375,904.05383,12294.883666992188,12294.883666992188
90068,2021,3408.895174324636,904.05383,2504.8413413168237,2504.8413413168237
90069,2021,6445.496428571429,904.05383,5541.442595563616,5541.442595563616
90077,2021,9113.371267150927,904.05383,8209.317434143115,8209.317434143115
90094,2021,1919.009118541033,904.05383,1014.9552855332206,1014.9552855332206
90201,2021,724.0599410415984,904.05383,-179.99389196621405,179.99389196621405
90210,2021,12005.499899578228,904.05383,11101.446066570415,11101.446066570415
90211,2021,2594.5401459854015,904.05383,1690.486312977589,1690.486312977589
90212,2021,3884.2133051742344,904.05383,2980.159472166422,2980.159472166422
90220,2021,911.8553727401992,904.05383,7.801539732386686,7.801539732386686
90221,2021,879.75843388328,904.05383,-24.295399124532537,24.295399124532537
90222,2021,865.7254612546126,904.05383,-38.32837175319992,38.32837175319992
90230,2021,1113.3983488132094,904.05383,209.3445158053969,209.3445158053969
90232,2021,1293.9328323156412,904.05383,389.87899930782874,389.87899930782874
90240,2021,1047.6247230837396,904.05383,143.57089007592708,143.57089007592708
90241,2021,985.7434791135516,904.05383,81.68964610573914,81.68964610573914
90242,2021,811.3799332417043,904.05383,-92.6738997661082,92.6738997661082
90245,2021,1259.1301652892562,904.05383,355.0763322814437,355.0763322814437
90247,2021,879.835086042065,904.05383,-24.218746965747528,24.218746965747528
90248,2021,903.4706896551724,904.05383,-0.5831433526401497,0.5831433526401497
90249,2021,838.7643282897753,904.05383,-65.28950471803716,65.28950471803716
90250,2021,850.4655088062623,904.05383,-53.58832420155022,53.58832420155022
90254,2021,1932.7765346235255,904.05383,1028.722701615713,1028.722701615713
90255,2021,789.691862335156,904.05383,-114.36197067265653,114.36197067265653
90260,2021,798.0525272547077,904.05383,-106.00130575310482,106.00130575310482
90262,2021,783.8052008358486,904.05383,-120.24863217196389,120.24863217196389
90265,2021,7427.434756995582,904.05383,6523.380923987769,6523.380923987769
90266,2021,2304.8521078092604,904.05383,1400.7982748014479,1400.7982748014479
90270,2021,694.6353488372093,904.05383,-209.41848417060316,209.41848417060316
90272,2021,5580.420884479569,904.05383,4676.367051471757,4676.367051471757
90274,2021,2620.6941735112937,904.05383,1716.6403405034812,1716.6403405034812
90275,2021,1683.8642321251016,904.05383,779.8103991172891,779.8103991172891
90277,2021,1441.6908328340323,904.05383,537.6369998262198,537.6369998262198
90278,2021,1133.007988262145,904.05383,228.9541552543326,228.9541552543326
90280,2021,741.7814279456856,904.05383,-162.27240506212695,162.27240506212695
90290,2021,2280.039655172414,904.05383,1375.9858221646014,1375.9858221646014
90291,2021,2076.553235369941,904.05383,1172.4994023621284,1172.4994023621284
90292,2021,3329.4591836734694,904.05383,2425.405350665657,2425.405350665657
90293,2021,2127.9792387543253,904.05383,1223.9254057465128,1223.9254057465128
90301,2021,886.381956649092,904.05383,-17.67187635872051,17.67187635872051
90302,2021,1045.3930799773111,904.05383,141.33924696949862,141.33924696949862
90303,2021,1007.2986264953478,904.05383,103.24479348753528,103.24479348753528
90304,2021,850.6542397660819,904.05383,-53.3995932417306,53.3995932417306
90305,2021,1188.6641495864797,904.05383,284.61031657866715,284.61031657866715
90401,2021,4531.6,904.05383,3627.546166992188,3627.546166992188
90402,2021,5456.9529737206085,904.05383,4552.899140712796,4552.899140712796
90403,2021,2629.852598091198,904.05383,1725.7987650833857,1725.7987650833857
90404,2021,1272.169590643275,904.05383,368.1157576354624,368.1157576354624
90405,2021,1764.2612881806108,904.05383,860.2074551727983,860.2074551727983
90501,2021,989.7232250300842,904.05383,85.66939202227172,85.66939202227172
90502,2021,835.1021629084215,904.05383,-68.95167009939098,68.95167009939098
90503,2021,1022.2782829035624,904.05383,118.2244498957499,118.2244498957499
90504,2021,891.6712905236908,904.05383,-12.3825424841217,12.3825424841217
90505,2021,1135.4000583600816,904.05383,231.34622535226913,231.34622535226913
90601,2021,1202.672265699561,904.05383,298.61843269174847,298.61843269174847
90602,2021,1084.8838827838829,904.05383,180.83004977607038,180.83004977607038
90603,2021,1066.89661426844,904.05383,162.8427812606276,162.8427812606276
90604,2021,869.5187718073971,904.05383,-34.535061200415385,34.535061200415385
90605,2021,996.276612038597,904.05383,92.22277903078452,92.22277903078452
90606,2021,797.6754731861199,904.05383,-106.37835982169258,106.37835982169258
90620,2021,900.5831502636204,1313.3596,-412.7764688770046,412.7764688770046
90621,2021,1123.857298871496,1313.3596,-189.5023202691291,189.5023202691291
90623,2021,1106.1870676691728,1313.3596,-207.17255147145215,207.17255147145215
90630,2021,1085.4590350477924,1313.3596,-227.90058409283256,227.90058409283256
90631,2021,1203.960085796885,1313.3596,-109.3995333437399,109.3995333437399
90638,2021,962.1581598062954,904.05383,58.10432679848293,58.10432679848293
90640,2021,918.8578519855596,904.05383,14.804018977747091,14.804018977747091
90650,2021,731.6339102181553,904.05383,-172.41992278965722,172.41992278965722
90660,2021,787.8691475265018,904.05383,-116.18468548131068,116.18468548131068
90670,2021,811.2284363922804,904.05383,-92.8253966155321,92.8253966155321
90680,2021,793.0843263061412,1313.3596,-520.2752928344838,520.2752928344838
90701,2021,904.854764107308,904.05383,0.8009310994955285,0.8009310994955285
90703,2021,1024.7219270928742,904.05383,120.66809408506174,120.66809408506174
90704,2021,2448.3948339483395,904.05383,1544.341000940527,1544.341000940527
90706,2021,826.1467176004527,904.05383,-77.90711540735981,77.90711540735981
90710,2021,1003.4761431411532,904.05383,99.42231013334072,99.42231013334072
90712,2021,794.5598484848484,904.05383,-109.49398452296407,109.49398452296407
90713,2021,764.2942813765183,904.05383,-139.75955163129424,139.75955163129424
90715,2021,775.5230885692657,904.05383,-128.53074443854678,128.53074443854678
90716,2021,707.5633971291866,904.05383,-196.49043587862593,196.49043587862593
90717,2021,1009.23221525986,904.05383,105.17838225204753,105.17838225204753
90720,2021,1331.7932454695222,1313.3596,18.433626328897162,18.433626328897162
90723,2021,717.1325910931174,904.05383,-186.9212419146951,186.9212419146951
90731,2021,1052.1825617821094,904.05383,148.12872877429686,148.12872877429686
90732,2021,1158.5733189305968,904.05383,254.51948592278427,254.51948592278427
90740,2021,1342.738020010532,1313.3596,29.378400869906955,29.378400869906955
90742,2021,2435.551219512195,1313.3596,1122.19160037157,1122.19160037157
90743,2021,1994.5454545454545,1313.3596,681.1858354048295,681.1858354048295
90744,2021,886.2799700299701,904.05383,-17.77386297784244,17.77386297784244
90745,2021,868.4195506198347,904.05383,-35.634282387977805,35.634282387977805
90746,2021,1219.8489592599185,904.05383,315.795126252106,315.795126252106
90755,2021,1175.3287804878048,904.05383,271.2749474799923,271.2749474799923
90802,2021,930.6391509433962,904.05383,26.585317935583703,26.585317935583703
90803,2021,1573.312003102579,904.05383,669.2581700947665,669.2581700947665
90804,2021,859.7898193760262,904.05383,-44.26401363178627,44.26401363178627
90805,2021,755.2398873239437,904.05383,-148.81394568386884,148.81394568386884
90806,2021,831.9526014709888,904.05383,-72.10123153682366,72.10123153682366
90807,2021,1080.743171276413,904.05383,176.68933826860052,176.68933826860052
90808,2021,900.0682417003337,904.05383,-3.985591307478785,3.985591307478785
90810,2021,804.5213815789474,904.05383,-99.5324514288651,99.5324514288651
90813,2021,838.4425087108013,904.05383,-65.61132429701115,65.61132429701115
90814,2021,1232.9286343612334,904.05383,328.87480135342093,328.87480135342093
90815,2021,998.8798240791645,904.05383,94.82599107135195,94.82599107135195
91001,2021,1460.9674163466814,904.05383,556.9135833388689,556.9135833388689
91006,2021,1532.5419460587095,904.05383,628.488113050897,628.488113050897
91007,2021,1547.283848498041,904.05383,643.2300154902284,643.2300154902284
91008,2021,4628.171821305842,904.05383,3724.1179882980296,3724.1179882980296
91010,2021,1002.5886663409868,904.05383,98.53483333317433,98.53483333317433
91011,2021,2692.3136063866714,904.05383,1788.2597733788589,1788.2597733788589
91016,2021,1175.7153808514108,904.05383,271.6615478435983,271.6615478435983
91020,2021,1061.045958795563,904.05383,156.9921257877504,156.9921257877504
91024,2021,1647.2908242612752,904.05383,743.2369912534627,743.2369912534627
91030,2021,1645.9582165605095,904.05383,741.904383552697,741.904383552697
91040,2021,1350.5466754733598,904.05383,446.49284246554726,446.49284246554726
91042,2021,1174.4871575342463,904.05383,270.4333245264338,270.4333245264338
91101,2021,1249.8618784530386,904.05383,345.80804544522607,345.80804544522607
91103,2021,1641.4850924269529,904.05383,737.4312594191404,737.4312594191404
91104,2021,1159.751740506329,904.05383,255.69790749851654,255.69790749851654
91105,2021,2704.445652173913,904.05383,1800.3918191661005,1800.3918191661005
91106,2021,2486.47828117702,904.05383,1582.4244481692076,1582.4244481692076
91107,2021,1451.0958904109589,904.05383,547.0420574031464,547.0420574031464
91108,2021,2279.072317880795,904.05383,1375.0184848729823,1375.0184848729823
91201,2021,1320.8416385135135,904.05383,416.78780550570104,416.78780550570104
91202,2021,1612.8439609902475,904.05383,708.790127982435,708.790127982435
91203,2021,989.919191919192,904.05383,85.86535891137953,85.86535891137953
91204,2021,989.1094224924012,904.05383,85.05558948458872,85.05558948458872
91205,2021,1073.572301425662,904.05383,169.5184684178496,169.5184684178496
91206,2021,1764.1403846153846,904.05383,860.0865516075721,860.0865516075721
91207,2021,2053.546703296703,904.05383,1149.4928702888906,1149.4928702888906
91208,2021,1745.8153424657537,904.05383,841.7615094579412,841.7615094579412
91214,2021,1252.8656928095306,904.05383,348.81185980171813,348.81185980171813
91301,2021,2212.2275574112737,904.05383,1308.1737244034612,1308.1737244034612
91302,2021,4351.414072119613,904.05383,3447.3602391118,3447.3602391118
91303,2021,1150.1827956989248,904.05383,246.1289626911123,246.1289626911123
91304,2021,1599.9004492102597,904.05383,695.8466162024472,695.8466162024472
91306,2021,1223.821444936612,904.05383,319.7676119287994,319.7676119287994
91307,2021,1759.109698176804,904.05383,855.0558651689914,855.0558651689914
91311,2021,1968.4712058051568,904.05383,1064.4173727973443,1064.4173727973443
91316,2021,2835.846173212487,904.05383,1931.7923402046745,1931.7923402046745
91320,2021,1522.138749877343,1201.0638,321.0749071039054,321.0749071039054
91321,2021,1656.5819020763906,904.05383,752.5280690685781,752.5280690685781
91324,2021,1574.614770459082,904.05383,670.5609374512694,670.5609374512694
91325,2021,1720.298054800251,904.05383,816.2442217924386,816.2442217924386
91326,2021,2042.46371561191,904.05383,1138.4098826040974,1138.4098826040974
91331,2021,969.9358974358976,904.05383,65.88206442808507,65.88206442808507
91335,2021,1147.9067155355876,904.05383,243.85288252777514,243.85288252777514
91340,2021,979.3585199004976,904.05383,75.30468689268514,75.30468689268514
91342,2021,1266.9658541038984,904.05383,362.91202109608594,362.91202109608594
91343,2021,1292.4562764456982,904.05383,388.4024434378857,388.4024434378857
91344,2021,1565.422671196138,904.05383,661.3688381883255,661.3688381883255
91345,2021,1102.1125710227273,904.05383,198.05873801491475,198.05873801491475
91350,2021,1331.1190028687308,904.05383,427.06516986091833,427.06516986091833
91351,2021,1258.1751135331515,904.05383,354.121280525339,354.121280525339
91352,2021,1172.7625404530745,904.05383,268.708707445262,268.708707445262
91354,2021,1417.5709698996654,904.05383,513.5171368918529,513.5171368918529
91355,2021,1411.0105794270833,904.05383,506.95674641927076,506.95674641927076
91356,2021,3180.145702533016,904.05383,2276.0918695252035,2276.0918695252035
91360,2021,1314.8746365105007,1201.0638,113.81079373706325,113.81079373706325
91361,2021,2630.9657419083646,1201.0638,1429.9018991349271,1429.9018991349271
91362,2021,2231.86643653744,1201.0638,1030.8025937640027,1030.8025937640027
91364,2021,2191.415026296018,904.05383,1287.3611932882054,1287.3611932882054
91367,2021,1880.520842539402,904.05383,976.4670095315896,976.4670095315896
91377,2021,1849.5711875843456,1201.0638,648.5073448109081,648.5073448109081
91381,2021,2183.916732962079,904.05383,1279.8628999542666,1279.8628999542666
91384,2021,1522.717070289427,904.05383,618.6632372816146,618.6632372816146
91387,2021,1786.6607225211376,904.05383,882.6068895133251,882.6068895133251
91390,2021,1857.7310513447433,904.05383,953.6772183369308,953.6772183369308
91401,2021,1592.8424848766867,904.05383,688.7886518688742,688.7886518688742
91402,2021,1041.582354476638,904.05383,137.5285214688256,137.5285214688256
91403,2021,2585.1476769911505,904.05383,1681.093843983338,1681.093843983338
91405,2021,1186.3841260224174,904.05383,282.3302930146049,282.3302930146049
91406,2021,1183.2501223690651,904.05383,279.19628936125264,279.19628936125264
91411,2021,1260.634980988593,904.05383,356.58114798078054,356.58114798078054
91423,2021,2527.186973354589,904.05383,1623.1331403467766,1623.1331403467766
91436,2021,3685.604077761972,904.05383,2781.5502447541594,2781.5502447541594
91501,2021,1651.3458376156218,904.05383,747.2920046078093,747.2920046078093
91502,2021,972.8920454545456,904.05383,68.83821244673311,68.83821244673311
91504,2021,1319.3302872062663,904.05383,415.27645419845385,415.27645419845385
91505,2021,1072.9255189255189,904.05383,168.87168591770637,168.87168591770637
91506,2021,1080.2979328165377,904.05383,176.2440998087252,176.2440998087252
91601,2021,1240.0123456790122,904.05383,335.95851267119974,335.95851267119974
91602,2021,2577.5749867514573,904.05383,1673.5211537436448,1673.5211537436448
91604,2021,2980.6076672104405,904.05383,2076.553834202628,2076.553834202628
91605,2021,1088.6732776617955,904.05383,184.619444653983,184.619444653983
91606,2021,1101.3222314737718,904.05383,197.2683984659593,197.2683984659593
91607,2021,1767.4914303521346,904.05383,863.4375973443221,863.4375973443221
91701,2021,1263.5031062791213,803.2749,460.2282039353713,460.2282039353713
91702,2021,953.2178539757612,904.05383,49.16402096794866,49.16402096794866
91706,2021,798.9280778090607,904.05383,-105.12575519875179,105.12575519875179
91708,2021,962.4010126582278,803.2749,159.12611031447784,159.12611031447784
91709,2021,1429.3553795706243,803.2749,626.0804772268743,626.0804772268743
91710,2021,1090.842277249292,803.2749,287.567374905542,287.567374905542
91711,2021,1532.843286684218,904.05383,628.7894536764054,628.7894536764054
91722,2021,864.7985311300283,904.05383,-39.25530187778418,39.25530187778418
91723,2021,978.0118213660244,904.05383,73.95798835821188,73.95798835821188
91724,2021,1270.0246486046035,904.05383,365.970815596791,365.970815596791
91730,2021,1002.62001979708,803.2749,199.34511745332998,199.34511745332998
91731,2021,740.9203619909503,904.05383,-163.13347101686225,163.13347101686225
91732,2021,822.6780269058296,904.05383,-81.3758061019829,81.3758061019829
91733,2021,802.8937198067633,904.05383,-101.16011320104917,101.16011320104917
91737,2021,1750.385487113873,803.2749,947.1105847701231,947.1105847701231
91739,2021,1528.0062143966857,803.2749,724.7313120529357,724.7313120529357
91740,2021,978.6020341917334,904.05383,74.54820118392092,74.54820118392092
91741,2021,1439.9360391661403,904.05383,535.8822061583278,535.8822061583278
91744,2021,921.6423517169616,904.05383,17.58851870914907,17.58851870914907
91745,2021,1209.25542997543,904.05383,305.20159696761743,305.20159696761743
91746,2021,894.5925736235596,904.05383,-9.461259384252912,9.461259384252912
91748,2021,1219.4689722493376,904.05383,315.41513924152514,315.41513924152514
91750,2021,1349.7466590027302,904.05383,445.6928259949177,445.6928259949177
91752,2021,1194.3259697338667,1084.1104,110.21561817136671,110.21561817136671
91754,2021,891.7387645821381,904.05383,-12.31506842567444,12.31506842567444
91755,2021,850.6283513097072,904.05383,-53.42548169810527,53.42548169810527
91759,2021,1491.6073619631902,803.2749,688.3324596194402,688.3324596194402
91761,2021,976.1182339206114,803.2749,172.84333157686137,172.84333157686137
91762,2021,921.8231744115872,803.2749,118.54827206783716,118.54827206783716
91763,2021,916.2060278902384,803.2749,112.93112554648837,112.93112554648837
91764,2021,914.9652406417111,803.2749,111.69033829796115,111.69033829796115
91765,2021,1626.2602799650044,904.05383,722.2064469571919,722.2064469571919
91766,2021,1018.280219046347,904.05383,114.22638603853454,114.22638603853454
91767,2021,919.8519961051608,904.05383,15.798163097348265,15.798163097348265
91768,2021,943.8309982486866,904.05383,39.77716524087407,39.77716524087407
91770,2021,819.4627910298528,904.05383,-84.59104197795966,84.59104197795966
91773,2021,1360.742737948084,904.05383,456.6889049402714,456.6889049402714
91775,2021,1018.5385685884692,904.05383,114.48473558065666,114.48473558065666
91776,2021,812.4462740720066,904.05383,-91.60755893580586,91.60755893580586
91780,2021,905.7820406813296,904.05383,1.7282076735170904,1.7282076735170904
91784,2021,1495.5119887165022,803.2749,692.2370863727522,692.2370863727522
91786,2021,1031.715530189246,803.2749,228.440627845496,228.440627845496
91789,2021,1443.1337870892269,904.05383,539.0799540814144,539.0799540814144
91790,2021,922.5930833443751,904.05383,18.539250336562645,18.539250336562645
91791,2021,1302.7531172069826,904.05383,398.69928419917005,398.69928419917005
91792,2021,1025.5581212280242,904.05383,121.50428822021172,121.50428822021172
91801,2021,899.1480962391964,904.05383,-4.905736768616066,4.905736768616066
91803,2021,861.5056264066017,904.05383,-42.548206601210836,42.548206601210836
91901,2021,1875.1069587628865,825.51117,1049.5957893292928,1049.5957893292928
91902,2021,1638.129069234296,825.51117,812.6178998007022,812.6178998007022
91905,2021,1582.8693467336684,825.51117,757.3581773000747,757.3581773000747
91906,2021,1314.601895734597,825.51117,489.0907263010033,489.0907263010033
91910,2021,1205.118211175262,825.51117,379.60704174166835,379.60704174166835
91911,2021,1023.0552072800808,825.51117,197.54403784648707,197.54403784648707
91913,2021,1237.6472035076465,825.51117,412.13603407405276,412.13603407405276
91914,2021,1769.941866812227,825.51117,944.4306973786333,944.4306973786333
91915,2021,1344.7957564941505,825.51117,519.2845870605568,519.2845870605568
91916,2021,1670.879069767442,825.51117,845.3679003338482,845.3679003338482
91917,2021,1704.7866666666666,825.51117,879.2754972330729,879.2754972330729
91931,2021,1350.571428571429,825.51117,525.0602591378351,525.0602591378351
91932,2021,963.5255387071028,825.51117,138.01436927350903,138.01436927350903
91934,2021,943.8623853211008,825.51117,118.35121588750701,118.35121588750701
91935,2021,2077.90522875817,825.51117,1252.3940593245761,1252.3940593245761
91941,2021,1469.8682150971977,825.51117,644.3570456636039,644.3570456636039
91942,2021,994.9028880866426,825.51117,169.39171865304888,169.39171865304888
91945,2021,973.438146551724,825.51117,147.92697711813025,147.92697711813025
91948,2021,1095.465909090909,825.51117,269.95473965731526,269.95473965731526
91950,2021,926.2109120521172,825.51117,100.69974261852349,100.69974261852349
91962,2021,1639.4268292682927,825.51117,813.915659834699,813.915659834699
91963,2021,1499.098591549296,825.51117,673.5874221157023,673.5874221157023
91977,2021,1120.3187626774848,825.51117,294.807593243891,294.807593243891
91978,2021,1392.1730038022813,825.51117,566.6618343686876,566.6618343686876
91980,2021,1525.0,825.51117,699.4888305664062,699.4888305664062
92003,2021,2223.609798775153,825.51117,1398.0986293415594,1398.0986293415594
92004,2021,1298.853826311264,825.51117,473.34265687767015,473.34265687767015
92007,2021,1608.229461756374,825.51117,782.7182923227801,782.7182923227801
92008,2021,1550.4603689438477,825.51117,724.949199510254,724.949199510254
92009,2021,1974.2601273148148,825.51117,1148.748957881221,1148.748957881221
92010,2021,1353.921925447608,825.51117,528.4107560140142,528.4107560140142
92011,2021,1692.2279900332226,825.51117,866.7168205996288,866.7168205996288
92014,2021,2673.5754666666667,825.51117,1848.064297233073,1848.064297233073
92019,2021,1552.4640611515226,825.51117,726.9528917179289,726.9528917179289
92020,2021,1313.2249475341027,825.51117,487.713778100509,487.713778100509
92021,2021,1326.0517263025738,825.51117,500.54055686898005,500.54055686898005
92024,2021,1861.2368467051217,825.51117,1035.725677271528,1035.725677271528
92025,2021,1536.8856456043957,825.51117,711.3744761708019,711.3744761708019
92026,2021,1400.1608339538348,825.51117,574.649664520241,574.649664520241
92027,2021,1274.7869186375467,825.51117,449.27574920395296,449.27574920395296
92028,2021,1625.365895605813,825.51117,799.8547261722192,799.8547261722192
92029,2021,1712.172079207921,825.51117,886.6609097743271,886.6609097743271
92036,2021,1736.567781690141,825.51117,911.0566122565472,911.0566122565472
92037,2021,3154.6101958749514,825.51117,2329.0990264413576,2329.0990264413576
92040,2021,1346.4893006263048,825.51117,520.9781311927111,520.9781311927111
92054,2021,1290.0110916520723,825.51117,464.49992221847856,464.49992221847856
92056,2021,1204.500788185514,825.51117,378.98961875192026,378.98961875192026
92057,2021,1267.9596449487556,825.51117,442.4484755151618,442.4484755151618
92058,2021,1119.131831455987,825.51117,293.62066202239316,293.62066202239316
92059,2021,2194.9117647058824,825.51117,1369.4005952722887,1369.4005952722887
92060,2021,1464.2782608695652,825.51117,638.7670914359715,638.7670914359715
92061,2021,2047.9460674157303,825.51117,1222.4348979821366,1222.4348979821366
92064,2021,1853.9515489913545,825.51117,1028.4403795577607,1028.4403795577607
92065,2021,1584.5088,825.51117,758.9976305664063,758.9976305664063
92066,2021,1515.5409836065571,825.51117,690.0298141729634,690.0298141729634
92067,2021,6642.738944800244,825.51117,5817.22777536665,5817.22777536665
92069,2021,1324.4500894946991,825.51117,498.93892006110536,498.93892006110536
92070,2021,2301.1768292682927,825.51117,1475.665659834699,1475.665659834699
92071,2021,1090.8730451675572,825.51117,265.3618757339634,265.3618757339634
92075,2021,2056.5812182741115,825.51117,1231.0700488405178,1231.0700488405178
92078,2021,1628.189799950605,825.51117,802.6786305170112,802.6786305170112
92081,2021,1286.3218344965103,825.51117,460.81066506291654,460.81066506291654
92082,2021,1878.7755728797545,825.51117,1053.2644034461607,1053.2644034461607
92083,2021,1062.8169585647158,825.51117,237.30578913112208,237.30578913112208
92084,2021,1424.5374952895363,825.51117,599.0263258559426,599.0263258559426
92086,2021,1673.42774566474,825.51117,847.9165762311463,847.9165762311463
92091,2021,4509.920873124147,825.51117,3684.409703690553,3684.409703690553
92101,2021,1424.235807860262,825.51117,598.7246384266682,598.7246384266682
92102,2021,940.4585601935876,825.51117,114.94739075999382,114.94739075999382
92103,2021,1674.247221469233,825.51117,848.7360520356392,848.7360520356392
92104,2021,1002.7139013452914,825.51117,177.2027319116977,177.2027319116977
92105,2021,806.6310517529215,825.51117,-18.880117680672242,18.880117680672242
92106,2021,1741.2126449852171,825.51117,915.7014755516234,915.7014755516234
92107,2021,1270.2388753056234,825.51117,444.7277058720297,444.7277058720297
92108,2021,948.1745152354572,825.51117,122.66334580186344,122.66334580186344
92109,2021,1456.463845981643,825.51117,630.9526765480493,630.9526765480493
92110,2021,1209.0322916666669,825.51117,383.52112223307313,383.52112223307313
92111,2021,994.3695231958762,825.51117,168.8583537622825,168.8583537622825
92113,2021,811.1112480739599,825.51117,-14.399921359633822,14.399921359633822
92114,2021,962.2062948739356,825.51117,136.69512544034183,136.69512544034183
92115,2021,1016.017042837402,825.51117,190.5058734038082,190.5058734038082
92116,2021,1186.4549504950496,825.51117,360.94378106145587,360.94378106145587
92117,2021,1078.8831758034023,825.51117,253.37200636980856,253.37200636980856
92118,2021,2176.3008526187577,825.51117,1350.789683185164,1350.789683185164
92119,2021,1191.269943019943,825.51117,365.7587735863492,365.7587735863492
92120,2021,1288.9934313865483,825.51117,463.48226195295456,463.48226195295456
92121,2021,1747.1666666666667,825.51117,921.655497233073,921.655497233073
92122,2021,1382.247818499127,825.51117,556.7366490655334,556.7366490655334
92123,2021,1026.6814094775214,825.51117,201.1702400439276,201.1702400439276
92124,2021,1395.3418275418276,825.51117,569.8306581082338,569.8306581082338
92126,2021,1082.5162930872104,825.51117,257.0051236536167,257.0051236536167
92127,2021,1995.5901266323704,825.51117,1170.0789571987766,1170.0789571987766
92128,2021,1452.0671249060251,825.51117,626.5559554724314,626.5559554724314
92129,2021,1494.6846580737558,825.51117,669.1734886401621,669.1734886401621
92130,2021,2147.4352752252653,825.51117,1321.9241057916715,1321.9241057916715
92131,2021,1944.399801340949,825.51117,1118.8886319073551,1118.8886319073551
92139,2021,981.6602513747056,825.51117,156.14908194111183,156.14908194111183
92154,2021,1067.9618685391067,825.51117,242.45069910551297,242.45069910551297
92173,2021,958.52881925014,825.51117,133.01764981654628,133.01764981654628
92201,2021,1075.0061835045922,1084.1104,-9.104168057907827,9.104168057907827
92203,2021,1229.3787094730171,1084.1104,145.26835791051712,145.26835791051712
92210,2021,4515.701233744581,1084.1104,3431.5908821820813,3431.5908821820813
92211,2021,1354.6920285988688,1084.1104,270.5816770363688,270.5816770363688
92220,2021,1045.791233619521,1084.1104,-38.31911794297889,38.31911794297889
92223,2021,1080.6418642132833,1084.1104,-3.46848734921673,3.46848734921673
92225,2021,937.3282871972318,1084.1104,-146.78206436526818,146.78206436526818
92227,2021,997.1270718232043,966.55005,30.577022995079346,30.577022995079346
92230,2021,944.984555984556,1084.1104,-139.12579557794402,139.12579557794402
92231,2021,1091.351703189412,966.55005,124.80165436128709,124.80165436128709
92233,2021,941.775641025641,966.55005,-24.774407802484006,24.774407802484006
92234,2021,1180.2307089259716,1084.1104,96.12035736347161,96.12035736347161
92236,2021,951.3639505274646,1084.1104,-132.74640103503543,132.74640103503543
92239,2021,924.2954545454544,1084.1104,-159.8148970170456,159.8148970170456
92240,2021,1012.8465801139962,1084.1104,-71.2637714485038,71.2637714485038
92241,2021,1156.5242718446602,1084.1104,72.41392028216023,72.41392028216023
92242,2021,1204.8181818181818,803.2749,401.54327947443176,401.54327947443176
92243,2021,1171.0561198140815,966.55005,204.5060709859565,204.5060709859565
92249,2021,1049.267857142857,966.55005,82.71780831473211,82.71780831473211
92250,2021,1087.389210019268,966.55005,120.83916119114292,120.83916119114292
92251,2021,1047.9511937460384,966.55005,81.40114491791337,81.40114491791337
92252,2021,1019.8371040723982,803.2749,216.56220172864823,216.56220172864823
92253,2021,1938.8029988944168,1084.1104,854.6926473319168,854.6926473319168
92254,2021,924.75,1084.1104,-159.3603515625,159.3603515625
92256,2021,1108.051599587203,803.2749,304.7766972434531,304.7766972434531
92257,2021,817.5696202531645,966.55005,-148.98042857496046,148.98042857496046
92258,2021,1045.6764705882354,1084.1104,-38.43388097426464,38.43388097426464
92259,2021,890.5066666666667,966.55005,-76.04338216145834,76.04338216145834
92260,2021,2168.8711366323255,1084.1104,1084.7607850698255,1084.7607850698255
92262,2021,1690.8776276276276,1084.1104,606.7672760651276,606.7672760651276
92264,2021,2106.347222222222,1084.1104,1022.2368706597222,1022.2368706597222
92266,2021,1188.64,966.55005,222.0899511718751,222.0899511718751
92268,2021,1708.0192307692307,803.2749,904.7443284254807,904.7443284254807
92270,2021,2628.053127806046,1084.1104,1543.9427762435462,1543.9427762435462
92273,2021,891.266129032258,966.55005,-75.28391979586695,75.28391979586695
92274,2021,1172.1940085592012,1084.1104,88.08365699670117,88.08365699670117
92275,2021,1130.58407079646,966.55005,164.03402196833508,164.03402196833508
92276,2021,1066.1827027027027,1084.1104,-17.927648859797273,17.927648859797273
92277,2021,899.9044834307992,803.2749,96.62958108704925,96.62958108704925
92281,2021,915.439114391144,966.55005,-51.11093443698098,51.11093443698098
92282,2021,1192.6322869955156,1084.1104,108.52193543301564,108.52193543301564
92283,2021,1178.8135593220338,966.55005,212.26351049390883,212.26351049390883
92284,2021,1029.601959306707,803.2749,226.32705696295693,226.32705696295693
92285,2021,1046.2978723404256,803.2749,243.02296999667556,243.02296999667556
92301,2021,966.5530604133544,803.2749,163.2781580696044,163.2781580696044
92305,2021,1136.904214559387,803.2749,333.6293122156369,333.6293122156369
92307,2021,1195.2093281510272,803.2749,391.9344258072772,391.9344258072772
92308,2021,1075.3257895795614,803.2749,272.0508872358114,272.0508872358114
92309,2021,1500.7058823529412,803.2749,697.4309800091912,697.4309800091912
92311,2021,960.4696629213483,803.2749,157.19476057759834,157.19476057759834
92313,2021,1127.8792822185972,803.2749,324.60437987484715,324.60437987484715
92314,2021,1159.7800485633347,803.2749,356.50514621958473,356.50514621958473
92315,2021,1338.6311847480708,803.2749,535.3562824043208,535.3562824043208
92316,2021,1028.3460225781046,803.2749,225.07112023435457,225.07112023435457
92317,2021,1608.351145038168,803.2749,805.0762426944179,805.0762426944179
92318,2021,782.8260869565217,803.2749,-20.44881538722825,20.44881538722825
92320,2021,1002.770746018441,1084.1104,-81.33960554405905,81.33960554405905
92321,2021,1409.401913875598,803.2749,606.127011531848,606.127011531848
92322,2021,1068.5101449275362,803.2749,265.2352425837862,265.2352425837862
92324,2021,1060.543685242229,803.2749,257.268782898479,257.268782898479
92325,2021,1077.9777070063694,803.2749,274.7028046626194,274.7028046626194
92327,2021,900.6923076923077,803.2749,97.41740534855774,97.41740534855774
92329,2021,1186.0,803.2749,382.72509765625,382.72509765625
92333,2021,1487.2998065764025,803.2749,684.0249042326525,684.0249042326525
92335,2021,880.7180995968181,803.2749,77.44319725306809,77.44319725306809
92336,2021,1164.7329767023298,803.2749,361.4580743585798,361.4580743585798
92337,2021,1122.2490396927017,803.2749,318.9741373489517,318.9741373489517
92339,2021,1091.857142857143,803.2749,288.5822405133929,288.5822405133929
92341,2021,1166.250936329588,803.2749,362.97603398583806,362.97603398583806
92342,2021,1208.9011933174224,803.2749,405.62629097367244,405.62629097367244
92344,2021,1314.242322349249,803.2749,510.967420005499,510.967420005499
92345,2021,1008.0496862594442,803.2749,204.77478391569423,204.77478391569423
92346,2021,1256.421923374613,803.2749,453.147021030863,453.147021030863
92347,2021,1055.6923076923076,803.2749,252.41740534855762,252.41740534855762
92352,2021,1787.1693515908175,803.2749,983.8944492470675,983.8944492470675
92354,2021,1238.9841924398625,803.2749,435.70929009611245,435.70929009611245
92356,2021,1019.078491335372,803.2749,215.80358899162195,215.80358899162195
92358,2021,1405.8413793103448,803.2749,602.5664769665948,602.5664769665948
92359,2021,1134.775928297055,803.2749,331.5010259533051,331.5010259533051
92363,2021,1131.1182926829267,803.2749,327.8433903391767,327.8433903391767
92365,2021,1283.063725490196,803.2749,479.788823146446,479.788823146446
92368,2021,1180.5373134328358,803.2749,377.26241108908584,377.26241108908584
92371,2021,1436.4344882516923,803.2749,633.1595859079423,633.1595859079423
92372,2021,1378.52045256745,803.2749,575.2455502237001,575.2455502237001
92373,2021,1599.2407973228576,803.2749,795.9658949791076,795.9658949791076
92374,2021,1093.1341368584758,803.2749,289.8592345147258,289.8592345147258
92376,2021,971.4276961976076,803.2749,168.1527938538576,168.1527938538576
92377,2021,1262.219990548204,803.2749,458.9450882044539,458.9450882044539
92378,2021,1242.4083333333333,803.2749,439.1334309895833,439.1334309895833
92382,2021,1165.2666984732823,803.2749,361.9917961295323,361.9917961295323
92384,2021,1201.3333333333333,748.5389,452.794453938802,452.794453938802
92385,2021,1755.3176470588237,803.2749,952.0427447150737,952.0427447150737
92386,2021,930.3575870646766,803.2749,127.08268472092664,127.08268472092664
92389,2021,1091.6666666666667,748.5389,343.1277872721355,343.1277872721355
92391,2021,1188.1690590111643,803.2749,384.89415666741434,384.89415666741434
92392,2021,1067.3719386381986,803.2749,264.09703629444857,264.09703629444857
92393,2021,1119.0,803.2749,315.72509765625,315.72509765625
92394,2021,969.9136678771872,803.2749,166.6387655334372,166.6387655334372
92395,2021,1001.6355261263856,803.2749,198.36062378263557,198.36062378263557
92397,2021,1312.8705570291777,803.2749,509.5956546854277,509.5956546854277
92398,2021,1212.1592039800994,803.2749,408.8843016363494,408.8843016363494
92399,2021,1286.8021878672814,803.2749,483.5272855235314,483.5272855235314
92401,2021,982.0892857142856,803.2749,178.81438337053555,178.81438337053555
92404,2021,1020.3829001367988,803.2749,217.10799779304875,217.10799779304875
92405,2021,975.5312665606784,803.2749,172.25636421692843,172.25636421692843
92407,2021,1118.7531602155807,803.2749,315.4782578718307,315.4782578718307
92408,2021,935.0337711069418,803.2749,131.7588687631918,131.7588687631918
92410,2021,926.5539643730352,803.2749,123.27906202928523,123.27906202928523
92411,2021,864.1634372367313,803.2749,60.88853489298128,60.88853489298128
92501,2021,1064.984561403509,1084.1104,-19.125790158991094,19.125790158991094
92503,2021,1166.3330786329536,1084.1104,82.22272707045363,82.22272707045363
92504,2021,1183.4073224043716,1084.1104,99.2969708418716,99.2969708418716
92505,2021,1052.1221194544598,1084.1104,-31.988232108040165,31.988232108040165
92506,2021,1442.5315135182127,1084.1104,358.4211619557127,358.4211619557127
92507,2021,1012.689885664028,1084.1104,-71.420465898472,71.420465898472
92508,2021,1472.891421087099,1084.1104,388.78106952459893,388.78106952459893
92509,2021,1092.9916761587665,1084.1104,8.881324596266495,8.881324596266495
92530,2021,1146.2234671012427,1084.1104,62.113115538742704,62.113115538742704
92532,2021,1366.9648663801158,1084.1104,282.85451481761584,282.85451481761584
92536,2021,1750.6336898395723,1084.1104,666.5233382770723,666.5233382770723
92539,2021,1720.468,1084.1104,636.3576484375001,636.3576484375001
92543,2021,925.3499214248296,1084.1104,-158.76043013767037,158.76043013767037
92544,2021,1155.2154522613066,1084.1104,71.10510069880661,71.10510069880661
92545,2021,1032.20812761109,1084.1104,-51.90222395140995,51.90222395140995
92548,2021,1271.328313253012,1084.1104,187.21796169051208,187.21796169051208
92549,2021,1304.7598619329387,1084.1104,220.64951037043875,220.64951037043875
92551,2021,1059.016045009377,1084.1104,-25.094306553123033,25.094306553123033
92553,2021,955.4802031628766,1084.1104,-128.6301483996234,128.6301483996234
92555,2021,1252.7865546218488,1084.1104,168.67620305934884,168.67620305934884
92557,2021,1109.6488958990535,1084.1104,25.538544336553514,25.538544336553514
92561,2021,1902.4458077709612,1084.1104,818.3354562084612,818.3354562084612
92562,2021,1643.9896191294388,1084.1104,559.8792675669388,559.8792675669388
92563,2021,1314.3686974789916,1084.1104,230.25834591649163,230.25834591649163
92567,2021,1289.5064377682404,1084.1104,205.3960862057404,205.3960862057404
92570,2021,1275.9061275382971,1084.1104,191.79577597579714,191.79577597579714
92571,2021,1078.8108141858145,1084.1104,-5.299537376685521,5.299537376685521
92582,2021,1061.4657842157842,1084.1104,-22.644567346715803,22.644567346715803
92583,2021,967.7701569554936,1084.1104,-116.34019460700642,116.34019460700642
92584,2021,1151.3553958822718,1084.1104,67.24504431977175,67.24504431977175
92585,2021,1060.8454514710857,1084.1104,-23.264900091414347,23.264900091414347
92586,2021,898.7852590292531,1084.1104,-185.3250925332469,185.3250925332469
92587,2021,1398.1319444444443,1084.1104,314.02159288194434,314.02159288194434
92590,2021,2892.2573770491804,1084.1104,1808.1470254866804,1808.1470254866804
92591,2021,1299.4167461832062,1084.1104,215.30639462070621,215.30639462070621
92592,2021,1508.4039621493,1084.1104,424.2936105868,424.2936105868
92595,2021,1404.9375102779147,1084.1104,320.8271587154147,320.8271587154147
92596,2021,1242.391241641537,1084.1104,158.2808900790369,158.2808900790369
92602,2021,1414.9427497789566,1313.3596,101.58313063833157,101.58313063833157
92603,2021,2786.825921591574,1313.3596,1473.4663024509491,1473.4663024509491
92604,2021,1174.7646408839778,1313.3596,-138.5949782566472,138.5949782566472
92606,2021,1229.4127176994734,1313.3596,-83.94690144115157,83.94690144115157
92610,2021,1634.2524654832348,1313.3596,320.8928463426098,320.8928463426098
92612,2021,1429.4338308457711,1313.3596,116.07421170514613,116.07421170514613
92614,2021,1253.8805289557683,1313.3596,-59.47909018485666,59.47909018485666
92617,2021,1334.000998003992,1313.3596,20.64137886336698,20.64137886336698
92618,2021,1251.4646113764654,1313.3596,-61.89500776415957,61.89500776415957
92620,2021,1253.701167315175,1313.3596,-59.6584518254499,59.6584518254499
92624,2021,1893.7968847352024,1313.3596,580.4372655945774,580.4372655945774
92625,2021,3209.623595505618,1313.3596,1896.2639763649931,1896.2639763649931
92626,2021,1231.1855004805711,1313.3596,-82.17411866005386,82.17411866005386
92627,2021,1169.4394666666667,1313.3596,-143.9201524739583,143.9201524739583
92629,2021,2270.553111587983,1313.3596,957.193492447358,957.193492447358
92630,2021,1442.4726618705035,1313.3596,129.11304272987854,129.11304272987854
92637,2021,979.6744186046512,1313.3596,-333.68520053597376,333.68520053597376
92646,2021,1268.164086430996,1313.3596,-45.195532709629106,45.195532709629106
92647,2021,1026.848069164265,1313.3596,-286.5115499763599,286.5115499763599
92648,2021,1733.432779097387,1313.3596,420.0731599567621,420.0731599567621
92649,2021,1531.0942955112218,1313.3596,217.73467637059684,217.73467637059684
92651,2021,3296.712896768659,1313.3596,1983.353277628034,1983.353277628034
92653,2021,2145.6108237901735,1313.3596,832.2512046495485,832.2512046495485
92655,2021,848.8668730650155,1313.3596,-464.4927460756095,464.4927460756095
92656,2021,1620.354720744681,1313.3596,306.9951016040559,306.9951016040559
92657,2021,5441.091666666666,1313.3596,4127.732047526041,4127.732047526041
92660,2021,2982.392137751787,1313.3596,1669.0325186111618,1669.0325186111618
92661,2021,3185.4112399643177,1313.3596,1872.0516208236927,1872.0516208236927
92662,2021,2395.0360655737704,1313.3596,1081.6764464331454,1081.6764464331454
92663,2021,2571.032599609919,1313.3596,1257.672980469294,1257.672980469294
92672,2021,1782.120083146786,1313.3596,468.7604640061611,468.7604640061611
92673,2021,2042.440846470672,1313.3596,729.0812273300471,729.0812273300471
92675,2021,2339.878068091845,1313.3596,1026.5184489512199,1026.5184489512199
92676,2021,1737.7767857142858,1313.3596,424.4171665736608,424.4171665736608
92677,2021,2080.5733426813117,1313.3596,767.2137235406867,767.2137235406867
92678,2021,2102.8055555555557,1313.3596,789.4459364149307,789.4459364149307
92679,2021,2580.283139178418,1313.3596,1266.923520037793,1266.923520037793
92683,2021,902.7985629971772,1313.3596,-410.5610561434478,410.5610561434478
92688,2021,1621.7314720070165,1313.3596,308.37185286639146,308.37185286639146
92691,2021,1474.3809932322945,1313.3596,161.0213740916695,161.0213740916695
92692,2021,1676.8028405081157,1313.3596,363.44322136749065,363.44322136749065
92694,2021,1833.629746382003,1313.3596,520.2701272413781,520.2701272413781
92701,2021,832.3157894736842,1313.3596,-481.04382966694084,481.04382966694084
92703,2021,715.6738005644403,1313.3596,-597.6858185761847,597.6858185761847
92704,2021,852.3229517396184,1313.3596,-461.03666740100664,461.03666740100664
92705,2021,1765.8842709529276,1313.3596,452.52465181230264,452.52465181230264
92706,2021,1001.1856446610544,1313.3596,-312.1739744795706,312.1739744795706
92707,2021,818.4796978281397,1313.3596,-494.8799213124853,494.8799213124853
92708,2021,1204.2343395884327,1313.3596,-109.1252795521923,109.1252795521923
92780,2021,1097.4840970350403,1313.3596,-215.87552210558465,215.87552210558465
92782,2021,1609.8751950078004,1313.3596,296.51557586717536,296.51557586717536
92801,2021,847.6571363220494,1313.3596,-465.7024828185756,465.7024828185756
92802,2021,887.6502124877411,1313.3596,-425.7094066528839,425.7094066528839
92804,2021,867.8268715799278,1313.3596,-445.5327475606972,445.5327475606972
92805,2021,851.9573604060914,1313.3596,-461.4022587345336,461.4022587345336
92806,2021,999.3196073737132,1313.3596,-314.0400117669118,314.0400117669118
92807,2021,1642.433746898263,1313.3596,329.07412775763805,329.07412775763805
92808,2021,1819.3501083554056,1313.3596,505.9904892147806,505.9904892147806
92821,2021,1277.2316886726894,1313.3596,-36.127930467935585,36.127930467935585
92823,2021,1429.1902866242035,1313.3596,115.83066748357851,115.83066748357851
92831,2021,1205.035432128322,1313.3596,-108.3241870123029,108.3241870123029
92832,2021,892.6273338312174,1313.3596,-420.73228530940764,420.73228530940764
92833,2021,1041.8466847424206,1313.3596,-271.5129343982044,271.5129343982044
92835,2021,1501.222876057374,1313.3596,187.86325691674892,187.86325691674892
92840,2021,813.6208791208791,1313.3596,-499.73874001974593,499.73874001974593
92841,2021,873.849457177322,1313.3596,-439.51016196330295,439.51016196330295
92843,2021,752.9236566982738,1313.3596,-560.4359624423512,560.4359624423512
92844,2021,831.8360927152318,1313.3596,-481.52352642539324,481.52352642539324
92845,2021,908.0204984859072,1313.3596,-405.3391206547178,405.3391206547178
92860,2021,1457.0171275646744,1084.1104,372.9067760021744,372.9067760021744
92861,2021,2400.893198724761,1313.3596,1087.533579584136,1087.533579584136
92865,2021,1063.058892815077,1313.3596,-250.3007263255481,250.3007263255481
92866,2021,1042.788145539906,1313.3596,-270.57147360071895,270.57147360071895
92867,2021,1425.068405511811,1313.3596,111.70878637118608,111.70878637118608
92868,2021,902.2274909963986,1313.3596,-411.1321281442264,411.1321281442264
92869,2021,1623.3408277244737,1313.3596,309.9812085838487,309.9812085838487
92870,2021,1221.6078188373142,1313.3596,-91.7518003033108,91.7518003033108
92879,2021,1246.095646842428,1084.1104,161.9852952799281,161.9852952799281
92880,2021,1385.6347407407409,1084.1104,301.5243891782409,301.5243891782409
92881,2021,1644.871942011477,1084.1104,560.7615904489769,560.7615904489769
92882,2021,1400.021769662921,1084.1104,315.9114181004211,315.9114181004211
92883,2021,1437.2306715901225,1084.1104,353.1203200276225,353.1203200276225
92886,2021,1629.234698080567,1313.3596,315.8750789399419,315.8750789399419
92887,2021,1930.8385542168676,1313.3596,617.4789350762426,617.4789350762426
93001,2021,1289.65929941618,1201.0638,88.59545664274242,88.59545664274242
93003,2021,1103.042807424594,1201.0638,-98.0210353488435,98.0210353488435
93004,2021,1032.5022924901186,1201.0638,-168.56155028331887,168.56155028331887
93010,2021,1314.919855967078,1201.0638,113.85601319364059,113.85601319364059
93012,2021,1585.7897313933968,1201.0638,384.7258886199593,384.7258886199593
93013,2021,2024.6830154405088,1242.0563,782.6267410264463,782.6267410264463
93015,2021,1011.7228629579377,1201.0638,-189.34097981549985,189.34097981549985
93021,2021,1499.0978220286247,1201.0638,298.0339792551872,298.0339792551872
93022,2021,1262.66534914361,1201.0638,61.6015063701725,61.6015063701725
93023,2021,1631.926791958042,1201.0638,430.86294918460453,430.86294918460453
93030,2021,1053.265945330296,1201.0638,-147.79789744314144,147.79789744314144
93033,2021,878.5006388959878,1201.0638,-322.5632038774497,322.5632038774497
93035,2021,1305.7694392681688,1201.0638,104.70559649473125,104.70559649473125
93036,2021,1041.7413594470047,1201.0638,-159.3224833264328,159.3224833264328
93040,2021,1086.6308724832215,1201.0638,-114.43297029021596,114.43297029021596
93041,2021,845.4226135310473,1201.0638,-355.6412292423902,355.6412292423902
93060,2021,996.547466095646,1201.0638,-204.51637667779153,204.51637667779153
93063,2021,1313.365179929042,1201.0638,112.30133715560441,112.30133715560441
93065,2021,1405.2203226428433,1201.0638,204.15647986940576,204.15647986940576
93066,2021,2405.996649916248,1201.0638,1204.9328071428104,1204.9328071428104
93067,2021,2730.0299145299145,1242.0563,1487.973640115852,1487.973640115852
93101,2021,1311.9614217598612,1242.0563,69.9051473457987,69.9051473457987
93103,2021,2081.6650980392155,1242.0563,839.608823625153,839.608823625153
93105,2021,1768.523416546317,1242.0563,526.4671421322546,526.4671421322546
93108,2021,5708.136738056013,1242.0563,4466.080463641951,4466.080463641951
93109,2021,1621.4318633293603,1242.0563,379.37558891529784,379.37558891529784
93110,2021,2636.262364760433,1242.0563,1394.2060903463703,1394.2060903463703
93111,2021,1486.81829700963,1242.0563,244.7620225955675,244.7620225955675
93117,2021,1283.8616726963185,1242.0563,41.805398282255965,41.805398282255965
93201,2021,847.8928571428571,887.72046,-39.82760184151789,39.82760184151789
93202,2021,723.2387448840382,718.4915,4.747228770756919,4.747228770756919
93203,2021,782.8385949310805,872.4549,-89.61630008845077,89.61630008845077
93204,2021,803.7848484848485,718.4915,85.2933323715672,85.2933323715672
93205,2021,1133.8620689655172,872.4549,261.40717394598596,261.40717394598596
93206,2021,972.7077922077922,872.4549,100.25289718826093,100.25289718826093
93207,2021,947.0823529411764,887.72046,59.361893956801396,59.361893956801396
93208,2021,1117.05,887.72046,229.32954101562495,229.32954101562495
93210,2021,934.085553997195,1232.2417,-298.156145221555,298.156145221555
93212,2021,805.8603830645161,718.4915,87.36886695123485,87.36886695123485
93215,2021,857.2424499491008,872.4549,-15.212445070430476,15.212445070430476
93218,2021,909.5505617977528,887.72046,21.830102813377835,21.830102813377835
93219,2021,810.5669642857143,887.72046,-77.15349469866067,77.15349469866067
93221,2021,1057.2825407844498,887.72046,169.5620818000748,169.5620818000748
93222,2021,1240.9658273381294,872.4549,368.5109323185982,368.5109323185982
93223,2021,768.2980891719745,887.72046,-119.42236981240046,119.42236981240046
93224,2021,882.0655737704918,872.4549,9.610678750960574,9.610678750960574
93225,2021,1260.201555411536,872.4549,387.74666039200474,387.74666039200474
93226,2021,1289.16,872.4549,416.70510498046883,416.70510498046883
93227,2021,709.6990291262136,887.72046,-178.02142985816135,178.02142985816135
93230,2021,896.4250254482813,718.4915,177.93350933500005,177.93350933500005
93234,2021,862.3761904761905,1232.2417,-369.86550874255954,369.86550874255954
93235,2021,777.950354609929,887.72046,-109.77010437444596,109.77010437444596
93238,2021,1381.500857632933,872.4549,509.0459626134018,509.0459626134018
93239,2021,751.7341772151899,718.4915,33.24266110190865,33.24266110190865
93240,2021,1170.60958296362,872.4549,298.15468794408866,298.15468794408866
93241,2021,731.2462620932278,872.4549,-141.2086329263035,141.2086329263035
93242,2021,995.0771604938273,1232.2417,-237.16453872492275,237.16453872492275
93243,2021,1522.497076023392,872.4549,650.0421810038608,650.0421810038608
93244,2021,1278.8783783783783,887.72046,391.15791939400333,391.15791939400333
93245,2021,909.4346214928534,718.4915,190.9431053795721,190.9431053795721
93247,2021,858.3214897260274,887.72046,-29.39896925834762,29.39896925834762
93249,2021,766.421052631579,872.4549,-106.03384238795229,106.03384238795229
93250,2021,771.128587196468,872.4549,-101.3263078230633,101.3263078230633
93251,2021,776.3,872.4549,-96.1548950195313,96.1548950195313
93252,2021,917.0805369127517,872.4549,44.625641893220404,44.625641893220404
93254,2021,908.6774193548388,1242.0563,-333.3788550592237,333.3788550592237
93255,2021,1502.15873015873,872.4549,629.7038351391986,629.7038351391986
93256,2021,830.9599109131403,887.72046,-56.760548071234666,56.760548071234666
93257,2021,860.129106258029,887.72046,-27.59135272634603,27.59135272634603
93258,2021,583.28,887.72046,-304.440458984375,304.440458984375
93260,2021,965.8953488372092,887.72046,78.17488985283421,78.17488985283421
93261,2021,754.3857868020305,887.72046,-133.33467218234455,133.33467218234455
93262,2021,1052.5,887.72046,164.779541015625,164.779541015625
93263,2021,784.158518947064,872.4549,-88.2963760724673,88.2963760724673
93265,2021,1339.3577296489918,887.72046,451.63727066461684,451.63727066461684
93266,2021,757.0744680851063,718.4915,38.58295197182508,38.58295197182508
93267,2021,896.1679389312977,887.72046,8.447479946922726,8.447479946922726
93268,2021,835.9253430185634,872.4549,-36.5295520009679,36.5295520009679
93270,2021,920.904424778761,887.72046,33.18396579438604,33.18396579438604
93271,2021,1456.4417989417989,887.72046,568.7213399574239,568.7213399574239
93272,2021,854.0467625899281,887.72046,-33.67369639444689,33.67369639444689
93274,2021,831.232890625,887.72046,-56.48756835937502,56.48756835937502
93276,2021,757.75,872.4549,-114.70489501953125,114.70489501953125
93277,2021,927.2017467248908,887.72046,39.48128774051577,39.48128774051577
93280,2021,748.3459493274945,872.4549,-124.10894569203674,124.10894569203674
93283,2021,1255.4961240310076,872.4549,383.0412290114764,383.0412290114764
93285,2021,1391.8342857142857,872.4549,519.3793906947544,519.3793906947544
93286,2021,879.60529986053,887.72046,-8.115159123845046,8.115159123845046
93287,2021,1473.0,872.4549,600.5451049804688,600.5451049804688
93291,2021,923.8431827956988,887.72046,36.122723811323795,36.122723811323795
93292,2021,880.6330160888284,887.72046,-7.087442895546587,7.087442895546587
93301,2021,1085.1529209621992,872.4549,212.69802594266798,212.69802594266798
93304,2021,846.2140569964778,872.4549,-26.24083802305347,26.24083802305347
93305,2021,899.8813888888889,872.4549,27.426493869357614,27.426493869357614
93306,2021,973.2873106344684,872.4549,100.83241561493719,100.83241561493719
93307,2021,795.8982327848872,872.4549,-76.55666223464402,76.55666223464402
93308,2021,1003.3336048405864,872.4549,130.87870982105517,130.87870982105517
93309,2021,1023.4493787142086,872.4549,150.99448369467734,150.99448369467734
93311,2021,1103.6256791307128,872.4549,231.17078411118155,231.17078411118155
93312,2021,1081.637049288786,872.4549,209.18215426925485,209.18215426925485
93313,2021,905.9677612964074,872.4549,33.51286627687614,33.51286627687614
93314,2021,1159.391124871001,872.4549,286.93622985146976,286.93622985146976
93401,2021,1197.7580169191422,1007.4329,190.32509455586091,190.32509455586091
93402,2021,979.4530209617756,1007.4329,-27.979901401505685,27.979901401505685
93405,2021,1186.1494212556995,1007.4329,178.71649889241826,178.71649889241826
93420,2021,1261.085741163822,1007.4329,253.65281880054067,253.65281880054067
93422,2021,1139.7493966721706,1007.4329,132.31647430888938,132.31647430888938
93424,2021,1582.304109589041,1007.4329,574.8711872257597,574.8711872257597
93426,2021,1536.9717514124293,1007.4329,529.538829049148,529.538829049148
93427,2021,1177.095643939394,1242.0563,-64.9606304746685,64.9606304746685
93428,2021,1344.8499145299145,1007.4329,337.41699216663324,337.41699216663324
93429,2021,985.8235294117648,1242.0563,-256.23274500229775,256.23274500229775
93430,2021,1241.2878315132605,1007.4329,233.85490914997922,233.85490914997922
93432,2021,1751.6136363636365,1007.4329,744.1807140003552,744.1807140003552
93433,2021,822.4329532048762,1007.4329,-184.99996915840507,184.99996915840507
93434,2021,731.8449675324675,1242.0563,-510.21130688159496,510.21130688159496
93435,2021,3363.181818181818,1007.4329,2355.7488958185368,2355.7488958185368
93436,2021,937.0101545752004,1242.0563,-305.04611983886207,305.04611983886207
93440,2021,1382.766081871345,1242.0563,140.70980745728252,140.70980745728252
93441,2021,1898.5529010238909,1242.0563,656.4966266098284,656.4966266098284
93442,2021,1000.5209734229908,1007.4329,-6.911948940290472,6.911948940290472
93444,2021,1044.900492072171,1007.4329,37.46756970888964,37.46756970888964
93445,2021,786.5688976377953,1007.4329,-220.86402472548593,220.86402472548593
93446,2021,1069.172248353716,1007.4329,61.739325990434736,61.739325990434736
93449,2021,1280.6270992366412,1007.4329,273.19417687336,273.19417687336
93450,2021,934.3870967741937,1101.1644,-166.77733193674385,166.77733193674385
93451,2021,929.3429203539824,1007.4329,-78.09000200929881,78.09000200929881
93452,2021,2952.0,1007.4329,1944.5670776367188,1944.5670776367188
93453,2021,1209.7600806451612,1007.4329,202.32715828187997,202.32715828187997
93454,2021,880.2599377175306,1242.0563,-361.79633669653185,361.79633669653185
93455,2021,1020.0056201181176,1242.0563,-222.05065429594492,222.05065429594492
93458,2021,782.944355270198,1242.0563,-459.1119191438645,459.1119191438645
93460,2021,2259.9896765313147,1242.0563,1017.9334021172522,1017.9334021172522
93461,2021,774.304347826087,1007.4329,-233.12857453719425,233.12857453719425
93463,2021,1638.952033368092,1242.0563,396.8957589540296,396.8957589540296
93465,2021,1358.5185185185185,1007.4329,351.0855961552372,351.0855961552372
93501,2021,963.0244821092278,872.4549,90.5695870896966,90.5695870896966
93505,2021,948.5017301038064,872.4549,76.04683508427513,76.04683508427513
93510,2021,2067.900055218111,904.05383,1163.8462222102985,1163.8462222102985
93512,2021,1055.5238095238096,1063.7181,-8.194330124627868,8.194330124627868
93513,2021,1075.2724358974358,748.5389,326.73355650290455,326.73355650290455
93514,2021,1241.322213500785,748.5389,492.78333410625373,492.78333410625373
93516,2021,845.6031746031746,872.4549,-26.85172041635667,26.85172041635667
93517,2021,1361.7154696132598,1063.7181,297.99732996482226,297.99732996482226
93518,2021,1601.3067484662577,872.4549,728.8518534467264,728.8518534467264
93523,2021,1189.3014354066986,872.4549,316.84654038716735,316.84654038716735
93526,2021,1076.7317073170732,748.5389,328.19282792254194,328.19282792254194
93527,2021,1091.3907103825136,872.4549,218.93581536298234,218.93581536298234
93528,2021,729.1052631578947,872.4549,-143.34963186163657,143.34963186163657
93529,2021,2060.3209549071616,1063.7181,996.6028152587241,996.6028152587241
93530,2021,762.4,748.5389,13.861120605468727,13.861120605468727
93531,2021,1721.1724137931035,872.4549,848.7175187735722,848.7175187735722
93532,2021,1421.6777108433737,904.05383,517.6238778355612,517.6238778355612
93534,2021,1063.9129904452125,904.05383,159.85915743739997,159.85915743739997
93535,2021,1058.341163310962,904.05383,154.28733030314947,154.28733030314947
93536,2021,1357.7960627895009,904.05383,453.74222978168837,453.74222978168837
93541,2021,1678.1272727272728,1063.7181,614.4091330788353,614.4091330788353
93543,2021,1102.9362092703077,904.05383,198.8823762624952,198.8823762624952
93544,2021,1521.7956521739131,904.05383,617.7418191661006,617.7418191661006
93545,2021,1170.431952662722,748.5389,421.89307326819085,421.89307326819085
93546,2021,2522.521522428636,1063.7181,1458.8033827801987,1458.8033827801987
93549,2021,1166.037037037037,748.5389,417.4981576425057,417.4981576425057
93550,2021,1058.1363734601252,904.05383,154.08254045231274,154.08254045231274
93551,2021,1568.5187200519777,904.05383,664.4648870441652,664.4648870441652
93552,2021,1173.6892400300978,904.05383,269.63540702228534,269.63540702228534
93553,2021,1422.0677083333333,904.05383,518.0138753255208,518.0138753255208
93554,2021,793.4545454545455,872.4549,-79.00034956498575,79.00034956498575
93555,2021,872.8683297758805,872.4549,0.4134347563492611,0.4134347563492611
93560,2021,969.381514762516,872.4549,96.92661974298471,96.92661974298471
93561,2021,1209.3943480300188,872.4549,336.93945301048757,336.93945301048757
93562,2021,824.1095406360424,803.2749,20.834638292292425,20.834638292292425
93563,2021,1491.375,904.05383,587.3211669921875,587.3211669921875
93591,2021,966.4224738675958,904.05383,62.36864085978334,62.36864085978334
93601,2021,1750.9435483870968,983.4843,767.4592344222531,767.4592344222531
93602,2021,1519.2483311081442,1232.2417,287.00663188939416,287.00663188939416
93603,2021,1257.1,887.72046,369.3795410156249,369.3795410156249
93604,2021,2192.7175697865355,983.4843,1209.2332558216917,1209.2332558216917
93605,2021,1247.2745098039215,1232.2417,15.032810585171546,15.032810585171546
93606,2021,877.6050955414013,1232.2417,-354.6366036773487,354.6366036773487
93608,2021,872.8269230769231,1232.2417,-359.4147761418269,359.4147761418269
93609,2021,999.2284263959392,1232.2417,-233.0132728228108,233.0132728228108
93610,2021,1012.3582988332706,983.4843,28.873984868426874,28.873984868426874
93611,2021,1071.763164462191,1232.2417,-160.47853475655893,160.47853475655893
93612,2021,890.3933138882657,1232.2417,-341.84838533048435,341.84838533048435
93614,2021,1628.999099639856,983.4843,645.5147856750123,645.5147856750123
93615,2021,826.335403726708,887.72046,-61.38505525766698,61.38505525766698
93616,2021,959.031007751938,1232.2417,-273.210691466812,273.210691466812
93618,2021,816.2754560147772,887.72046,-71.4450029695978,71.4450029695978
93619,2021,1180.3784731967444,1232.2417,-51.86322602200562,51.86322602200562
93620,2021,852.3064729194188,852.24097,0.0655061225437521,0.0655061225437521
93621,2021,1485.6875,1232.2417,253.44580078125,253.44580078125
93622,2021,905.428694900605,1232.2417,-326.813004318145,326.813004318145
93623,2021,1787.0824742268042,1074.7295,712.3529820393042,712.3529820393042
93624,2021,980.25,1232.2417,-251.99169921875,251.99169921875
93625,2021,1004.961038961039,1232.2417,-227.28066025771102,227.28066025771102
93626,2021,1703.6353135313532,1232.2417,471.3936143126032,471.3936143126032
93628,2021,1426.5238095238096,1232.2417,194.28211030505963,194.28211030505963
93630,2021,956.2693275800071,1232.2417,-275.97237163874286,275.97237163874286
93631,2021,980.0154639175256,1232.2417,-252.2262353012244,252.2262353012244
93633,2021,1089.6,887.72046,201.8795410156249,201.8795410156249
93634,2021,1567.7235023041474,1232.2417,335.48180308539736,335.48180308539736
93635,2021,895.3176565749942,852.24097,43.0766897781192,43.0766897781192
93636,2021,1227.460253043686,983.4843,243.9759390788422,243.9759390788422
93637,2021,994.6764015262696,983.4843,11.192087561425865,11.192087561425865
93638,2021,975.5029567854436,983.4843,-7.981357179400106,7.981357179400106
93640,2021,787.3436090225564,1232.2417,-444.8980901961936,444.8980901961936
93641,2021,1553.6176470588234,1232.2417,321.3759478400734,321.3759478400734
93643,2021,1635.821637426901,983.4843,652.3373234620572,652.3373234620572
93644,2021,1732.9190189726978,983.4843,749.4347050078541,749.4347050078541
93645,2021,2060.5636363636363,983.4843,1077.0793223987926,1077.0793223987926
93646,2021,841.32805907173,1232.2417,-390.91364014702003,390.91364014702003
93647,2021,847.3210099188458,887.72046,-40.39944906552921,40.39944906552921
93648,2021,807.1405644714997,1232.2417,-425.1011347472503,425.1011347472503
93650,2021,809.5704697986578,1232.2417,-422.67122942009223,422.67122942009223
93651,2021,1944.0,1232.2417,711.75830078125,711.75830078125
93652,2021,1113.8709677419354,1232.2417,-118.37073147681463,118.37073147681463
93653,2021,1800.72,983.4843,817.2356860351563,817.2356860351563
93654,2021,950.853732035234,1232.2417,-281.387967183516,281.387967183516
93656,2021,903.449567723343,1232.2417,-328.79213149540703,328.79213149540703
93657,2021,1053.1942730580604,1232.2417,-179.0474261606896,179.0474261606896
93660,2021,897.3802469135802,1232.2417,-334.8614523051698,334.8614523051698
93662,2021,870.973279735162,1232.2417,-361.268419483588,361.268419483588
93664,2021,1742.1712490180676,1232.2417,509.92954979931756,509.92954979931756
93665,2021,755.1290322580645,852.24097,-97.11193453881049,97.11193453881049
93666,2021,639.1666666666666,887.72046,-248.55379231770837,248.55379231770837
93667,2021,1516.3860911270983,1232.2417,284.1443919083483,284.1443919083483
93668,2021,1032.6290322580646,1232.2417,-199.61266696068537,199.61266696068537
93669,2021,1563.9338842975208,983.4843,580.449570332677,580.449570332677
93673,2021,742.8840579710145,887.72046,-144.8364010133605,144.8364010133605
93675,2021,1541.8608695652174,1232.2417,309.6191703464674,309.6191703464674
93701,2021,954.1735537190084,1232.2417,-278.0681454997416,278.0681454997416
93702,2021,829.4764737696051,1232.2417,-402.76522544914485,402.76522544914485
93703,2021,821.0535292574127,1232.2417,-411.1881699613373,411.1881699613373
93704,2021,1121.9265662762596,1232.2417,-110.31513294249044,110.31513294249044
93705,2021,842.7055286129971,1232.2417,-389.5361706057529,389.5361706057529
93706,2021,950.1148339932988,1232.2417,-282.1268652254512,282.1268652254512
93710,2021,939.4627425044092,1232.2417,-292.7789567143408,292.7789567143408
93711,2021,1429.6740916955018,1232.2417,197.43239247675183,197.43239247675183
93720,2021,1170.4721711354175,1232.2417,-61.76952808333249,61.76952808333249
93721,2021,933.3626373626372,1232.2417,-298.8790618561128,298.8790618561128
93722,2021,964.5003280839896,1232.2417,-267.74137113476036,267.74137113476036
93723,2021,1024.778939507095,1232.2417,-207.46275971165505,207.46275971165505
93725,2021,915.3572931276298,1232.2417,-316.88440609112024,316.88440609112024
93726,2021,879.4107043300502,1232.2417,-352.8309948886998,352.8309948886998
93727,2021,906.216730558598,1232.2417,-326.024968660152,326.024968660152
93728,2021,913.373112518266,1232.2417,-318.868586700484,318.868586700484
93730,2021,1339.3788490661282,1232.2417,107.13714984737817,107.13714984737817
93737,2021,985.2139099941554,1232.2417,-247.02778922459458,247.02778922459458
93901,2021,1112.6664981036663,1101.1644,11.5020693927288,11.5020693927288
93905,2021,892.2415528396837,1101.1644,-208.92287587125384,208.92287587125384
93906,2021,975.4454828660436,1101.1644,-125.71894584489394,125.71894584489394
93907,2021,1352.116575192097,1101.1644,250.9521464811594,250.9521464811594
93908,2021,1986.4728767123288,1101.1644,885.3084480013913,885.3084480013913
93920,2021,4732.891891891892,1101.1644,3631.727463180954,3631.727463180954
93921,2021,2186.8783958602844,1101.1644,1085.713967149347,1085.713967149347
93923,2021,3045.7834549878344,1101.1644,1944.6190262768969,1944.6190262768969
93924,2021,2576.408580183861,1101.1644,1475.2441514729235,1475.2441514729235
93925,2021,1458.3677419354838,1101.1644,357.20331322454626,357.20331322454626
93926,2021,967.5916095890412,1101.1644,-133.57281912189626,133.57281912189626
93927,2021,891.8771851187809,1101.1644,-209.28724359215664,209.28724359215664
93928,2021,2078.8,1101.1644,977.6355712890627,977.6355712890627
93930,2021,970.0792280345352,1101.1644,-131.08520067640234,131.08520067640234
93932,2021,1629.922077922078,1101.1644,528.7576492111405,528.7576492111405
93933,2021,954.5361256544504,1101.1644,-146.62830305648708,146.62830305648708
93940,2021,1717.580235204856,1101.1644,616.4158064939186,616.4158064939186
93950,2021,1269.8754907459338,1101.1644,168.7110620349963,168.7110620349963
93953,2021,4245.6348491670415,1101.1644,3144.470420456104,3144.470420456104
93954,2021,1032.12,1101.1644,-69.04442871093761,69.04442871093761
93955,2021,945.5807400147024,1101.1644,-155.58368869623507,155.58368869623507
93960,2021,897.0673114119923,1101.1644,-204.09711729894525,204.09711729894525
93962,2021,1170.9147727272727,1101.1644,69.75034401633525,69.75034401633525
94002,2021,1454.4724864130435,1038.5593,415.9131602411685,415.9131602411685
94005,2021,1385.9049676025918,1038.5593,347.3456414307168,347.3456414307168
94010,2021,2925.734457210351,1038.5593,1887.1751310384761,1887.1751310384761
94014,2021,1109.2454574434173,1038.5593,70.68613127154231,70.68613127154231
94015,2021,1078.2236545938204,1038.5593,39.664328421945356,39.664328421945356
94018,2021,1504.0126984126985,1038.5593,465.45337224082346,465.45337224082346
94019,2021,1557.6890173410404,1038.5593,519.1296911691654,519.1296911691654
94020,2021,2058.5882352941176,1038.5593,1020.0289091222426,1020.0289091222426
94021,2021,1921.2075471698113,1038.5593,882.6482209979363,882.6482209979363
94022,2021,2964.8690432884687,1402.6327,1562.2363528587812,1562.2363528587812
94024,2021,2082.3711935344204,1402.6327,679.7385031047329,679.7385031047329
94025,2021,1973.589298626175,1038.5593,935.0299724542999,935.0299724542999
94027,2021,7274.383778885364,1038.5593,6235.824452713489,6235.824452713489
94028,2021,3933.959643359925,1038.5593,2895.40031718805,2895.40031718805
94030,2021,1368.4654769492245,1038.5593,329.90615077734947,329.90615077734947
94037,2021,1650.573593073593,1038.5593,612.014266901718,612.014266901718
94038,2021,1511.5955369595538,1038.5593,473.0362107876788,473.0362107876788
94040,2021,1253.0996441281138,1402.6327,-149.53304630157368,149.53304630157368
94041,2021,1183.1155878467634,1402.6327,-219.51710258292405,219.51710258292405
94043,2021,951.007418976962,1402.6327,-451.62527145272554,451.62527145272554
94044,2021,1209.2850733202013,1038.5593,170.72574714832626,170.72574714832626
94060,2021,2298.834677419354,1038.5593,1260.2753512474792,1260.2753512474792
94061,2021,1335.251021408727,1038.5593,296.69169523685196,296.69169523685196
94062,2021,2996.773172367539,1038.5593,1958.2138461956638,1958.2138461956638
94063,2021,1000.6148732862484,1038.5593,-37.94445288562656,37.94445288562656
94065,2021,1374.726851851852,1038.5593,336.16752567997696,336.16752567997696
94066,2021,1181.7377626941652,1038.5593,143.1784365222902,143.1784365222902
94070,2021,1544.1079373436885,1038.5593,505.5486111718135,505.5486111718135
94074,2021,3206.1458333333335,1038.5593,2167.5865071614585,2167.5865071614585
94080,2021,1130.8884532810605,1038.5593,92.32912710918549,92.32912710918549
94085,2021,821.4140369967356,1402.6327,-581.2186534329519,581.2186534329519
94086,2021,988.3351457155284,1402.6327,-414.29754471415913,414.29754471415913
94087,2021,1091.6035921091373,1402.6327,-311.02909832055025,311.02909832055025
94089,2021,807.1404375441073,1402.6327,-595.4922528855802,595.4922528855802
94102,2021,2390.8613138686133,846.6658,1544.1955423842383,1544.1955423842383
94103,2021,2229.1633663366338,846.6658,1382.4975948522588,1382.4975948522588
94107,2021,1984.3787772312016,846.6658,1137.7130057468266,1137.7130057468266
94108,2021,4219.717391304348,846.6658,3373.051619819973,3373.051619819973
94109,2021,5879.940374787053,846.6658,5033.274603302678,5033.274603302678
94110,2021,1878.100625823452,846.6658,1031.434854339077,1031.434854339077
94111,2021,17186.4,846.6658,16339.734228515626,16339.734228515626
94112,2021,1240.102894377936,846.6658,393.4371228935611,393.4371228935611
94114,2021,2646.495386109762,846.6658,1799.829614625387,1799.829614625387
94115,2021,6733.032150033489,846.6658,5886.366378549114,5886.366378549114
94116,2021,1462.2660083782166,846.6658,615.6002368938416,615.6002368938416
94117,2021,3508.408910891089,846.6658,2661.743139406714,2661.743139406714
94118,2021,3912.59169550173,846.6658,3065.925924017355,3065.925924017355
94121,2021,2253.887430318288,846.6658,1407.221658833913,1407.221658833913
94122,2021,1557.5808595480726,846.6658,710.9150880636976,710.9150880636976
94123,2021,5542.981651376147,846.6658,4696.315879891772,4696.315879891772
94124,2021,1208.832327802916,846.6658,362.1665563185411,362.1665563185411
94127,2021,2020.5415091237876,846.6658,1173.8757376394126,1173.8757376394126
94131,2021,1830.5485881921525,846.6658,983.8828167077775,983.8828167077775
94132,2021,1395.6342433077127,846.6658,548.9684718233377,548.9684718233377
94133,2021,4033.810766721044,846.6658,3187.144995236669,3187.144995236669
94134,2021,1144.8404838709678,846.6658,298.1747123865928,298.1747123865928
94158,2021,919.6666666666666,846.6658,73.00089518229163,73.00089518229163
94301,2021,2697.9353383458647,1402.6327,1295.3026479161772,1295.3026479161772
94303,2021,1229.2138701775873,1038.5593,190.6545440057123,190.6545440057123
94304,2021,5261.251461988304,1402.6327,3858.6187715586166,3858.6187715586166
94305,2021,2675.8993710691825,1402.6327,1273.266680639495,1273.266680639495
94306,2021,1420.037834574361,1402.6327,17.405144144673613,17.405144144673613
94401,2021,1106.716322815534,1038.5593,68.15699664365911,68.15699664365911
94402,2021,1732.33526824978,1038.5593,693.775942077905,693.775942077905
94403,2021,1254.2147320834997,1038.5593,215.6554059116247,215.6554059116247
94404,2021,1261.2879581151833,1038.5593,222.7286319433083,222.7286319433083
94501,2021,1530.6823299632354,897.98126,632.7010677562041,632.7010677562041
94502,2021,1383.455046503617,897.98126,485.4737842965858,485.4737842965858
94503,2021,1234.2981595092024,1362.5087,-128.21050748298512,128.21050748298512
94505,2021,1407.9945794017265,996.4187,411.57587822985147,411.57587822985147
94506,2021,2378.8394717534848,996.4187,1382.4207705816098,1382.4207705816098
94507,2021,2935.556570067487,996.4187,1939.137868895612,1939.137868895612
94508,2021,3035.029411764706,1362.5087,1672.5207447725184,1672.5207447725184
94509,2021,1133.9678477690288,996.4187,137.54914659715382,137.54914659715382
94510,2021,1320.1880578639582,824.02576,496.1623010280207,496.1623010280207
94511,2021,1410.294695481336,996.4187,413.875994309461,413.875994309461
94512,2021,1218.571428571429,824.02576,394.5456717354914,394.5456717354914
94513,2021,1305.8643442622952,996.4187,309.44564309042016,309.44564309042016
94514,2021,1653.0709677419354,996.4187,656.6522665700604,656.6522665700604
94515,2021,2756.549920760697,1362.5087,1394.0412537685097,1394.0412537685097
94516,2021,1732.1290322580646,996.4187,735.7103310861896,735.7103310861896
94517,2021,1671.9488888888889,996.4187,675.5301877170139,675.5301877170139
94518,2021,1244.4626552387615,996.4187,248.0439540668865,248.0439540668865
94519,2021,1043.184957114581,996.4187,46.76625594270604,46.76625594270604
94520,2021,967.9476905954368,996.4187,-28.471010576438175,28.471010576438175
94521,2021,1255.98549254337,996.4187,259.5667913714949,259.5667913714949
94522,2021,1286.75,996.4187,290.331298828125,290.331298828125
94523,2021,1230.6016483516485,996.4187,234.18294717977346,234.18294717977346
94525,2021,1380.2965260545905,996.4187,383.87782488271546,383.87782488271546
94526,2021,1925.9312817118905,996.4187,929.5125805400155,929.5125805400155
94528,2021,4122.469740634006,996.4187,3126.0510394621306,3126.0510394621306
94530,2021,1424.752189425884,996.4187,428.3334882540089,428.3334882540089
94531,2021,1315.6516410469465,996.4187,319.23293987507145,319.23293987507145
94533,2021,1091.9897270545891,824.02576,267.96397021865164,267.96397021865164
94534,2021,1450.0432727946627,824.02576,626.0175159587252,626.0175159587252
94535,2021,1411.3333333333333,824.02576,587.3075764973958,587.3075764973958
94536,2021,1137.448533890194,897.98126,239.46727168316283,239.46727168316283
94538,2021,960.3501823211368,897.98126,62.36892011410555,62.36892011410555
94539,2021,1400.22947386059,897.98126,502.24821165355866,502.24821165355866
94541,2021,1176.9120649044753,897.98126,278.93080269744405,278.93080269744405
94542,2021,1759.1729028364514,897.98126,861.1916406294201,861.1916406294201
94544,2021,1080.4708423326133,897.98126,182.48958012558205,182.48958012558205
94545,2021,1053.5244827586207,897.98126,155.54322055158946,155.54322055158946
94546,2021,1258.7098817567569,897.98126,360.72861954972564,360.72861954972564
94547,2021,1251.4924242424242,996.4187,255.07372307054925,255.07372307054925
94548,2021,1637.3829787234042,996.4187,640.9642775515292,640.9642775515292
94549,2021,2461.3692174128737,996.4187,1464.9505162409987,1464.9505162409987
94550,2021,1327.480364873222,897.98126,429.49910266619077,429.49910266619077
94551,2021,1134.25921299188,897.98126,236.27795078484883,236.27795078484883
94552,2021,1783.85401459854,897.98126,885.8727523915088,885.8727523915088
94553,2021,1255.3908466022797,996.4187,258.9721454304047,258.9721454304047
94555,2021,1045.4473039215686,897.98126,147.46604171453737,147.46604171453737
94556,2021,2081.67374136229,996.4187,1085.255040190415,1085.255040190415
94558,2021,1668.4513618677042,1362.5087,305.94269487551674,305.94269487551674
94559,2021,1289.053809817211,1362.5087,-73.4548571749765,73.4548571749765
94560,2021,1024.4960674157303,897.98126,126.51480520869904,126.51480520869904
94561,2021,1127.430122624731,996.4187,131.01142145285598,131.01142145285598
94562,2021,8029.368421052632,1362.5087,6666.859754060444,6666.859754060444
94563,2021,2756.4034637588197,996.4187,1759.9847625869447,1759.9847625869447
94564,2021,1156.8679701230228,996.4187,160.44926895114781,160.44926895114781
94565,2021,1089.6498183440626,996.4187,93.23111717218762,93.23111717218762
94566,2021,1689.605273475789,897.98126,791.6240112687578,791.6240112687578
94567,2021,1995.5669291338584,1362.5087,633.0582621416709,633.0582621416709
94568,2021,1237.7091630031894,897.98126,339.7279007961581,339.7279007961581
94569,2021,1420.71875,996.4187,424.300048828125,424.300048828125
94571,2021,956.7755491881568,824.02576,132.7497923522193,132.7497923522193
94572,2021,1061.9937984496123,996.4187,65.57509727773731,65.57509727773731
94573,2021,8230.137931034482,1362.5087,6867.629264042294,6867.629264042294
94574,2021,3451.9505102040816,1362.5087,2089.441843211894,2089.441843211894
94576,2021,2556.684210526316,1362.5087,1194.1755435341283,1194.1755435341283
94577,2021,1166.848698613476,897.98126,268.86743640644477,268.86743640644477
94578,2021,1051.2201166180755,897.98126,153.23885441104426,153.23885441104426
94579,2021,1017.801724137931,897.98126,119.8204619308998,119.8204619308998
94580,2021,1001.894858654323,897.98126,103.91359644729175,103.91359644729175
94582,2021,1451.5341446923596,996.4187,455.11544352048463,455.11544352048463
94583,2021,1450.9801875732708,996.4187,454.56148640139577,454.56148640139577
94585,2021,1084.721298861188,824.02576,260.69554202525046,260.69554202525046
94586,2021,2373.6749116607775,897.98126,1475.6936494537463,1475.6936494537463
94587,2021,1130.7943171087647,897.98126,232.8130549017335,232.8130549017335
94588,2021,1476.0785052598524,897.98126,578.0972430528211,578.0972430528211
94589,2021,993.5121471954268,824.02576,169.4863903594893,169.4863903594893
94590,2021,1085.0621637776449,824.02576,261.03640694170736,261.03640694170736
94591,2021,1163.2865055791924,824.02576,339.2607487432549,339.2607487432549
94592,2021,1317.6101694915253,824.02576,493.5844126555878,493.5844126555878
94595,2021,1715.7584293640632,996.4187,719.3397281921882,719.3397281921882
94596,2021,1737.0322019147084,996.4187,740.6135007428334,740.6135007428334
94597,2021,1402.4855753646675,996.4187,406.0668741927925,406.0668741927925
94598,2021,1664.2411728584586,996.4187,667.8224716865836,667.8224716865836
94599,2021,1818.4773218142548,1362.5087,455.96865482206726,455.96865482206726
94601,2021,1329.9242738589212,897.98126,431.94301165188995,431.94301165188995
94602,2021,1722.998280443958,897.98126,825.0170182369268,825.0170182369268
94603,2021,1109.6826613900569,897.98126,211.70139918302561,211.70139918302561
94605,2021,1564.125655698617,897.98126,666.1443934915858,666.1443934915858
94606,2021,1492.0425321463897,897.98126,594.0612699393585,594.0612699393585
94607,2021,1460.526777020448,897.98126,562.5455148134167,562.5455148134167
94608,2021,1471.0732,897.98126,573.0919377929688,573.0919377929688
94609,2021,1680.5512396694214,897.98126,782.5699774623902,782.5699774623902
94610,2021,2293.6984667802385,897.98126,1395.7172045732073,1395.7172045732073
94611,2021,2732.2154013015183,897.98126,1834.234139094487,1834.234139094487
94612,2021,1492.2364864864865,897.98126,594.2552242794552,594.2552242794552
94618,2021,2390.317531095987,897.98126,1492.3362688889556,1492.3362688889556
94619,2021,1693.4228460451975,897.98126,795.4415838381663,795.4415838381663
94621,2021,1166.426429567643,897.98126,268.4451673606118,268.4451673606118
94702,2021,1411.825221916131,897.98126,513.8439597090999,513.8439597090999
94703,2021,1708.8005677785663,897.98126,810.8193055715351,810.8193055715351
94704,2021,2414.2529644268775,897.98126,1516.2717022198462,1516.2717022198462
94705,2021,3143.4744744744744,897.98126,2245.493212267443,2245.493212267443
94706,2021,1361.0236197224683,897.98126,463.04235751543706,463.04235751543706
94707,2021,2169.9822161422708,897.98126,1272.0009539352395,1272.0009539352395
94708,2021,2288.594655911268,897.98126,1390.6133937042368,1390.6133937042368
94709,2021,2193.7414880201763,897.98126,1295.760225813145,1295.760225813145
94710,2021,1392.55421686747,897.98126,494.57295466043865,494.57295466043865
94801,2021,1099.1936545944327,996.4187,102.7749534225577,102.7749534225577
94803,2021,1354.001948051948,996.4187,357.5832468800729,357.5832468800729
94804,2021,1040.405358821686,996.4187,43.98665764981092,43.98665764981092
94805,2021,1185.4031147050016,996.4187,188.9844135331266,188.9844135331266
94806,2021,1022.7896744962442,996.4187,26.370973324369174,26.370973324369174
94901,2021,2015.6621253405997,1327.1764,688.4857337390372,688.4857337390372
94903,2021,1550.845718901454,1327.1764,223.6693272998914,223.6693272998914
94904,2021,3289.0679824561403,1327.1764,1961.8915908545778,1961.8915908545778
94920,2021,4049.361251862891,1327.1764,2722.1848602613286,2722.1848602613286
94922,2021,2930.0,974.8565,1955.1434936523438,1955.1434936523438
94923,2021,1627.680473372781,974.8565,652.8239670251248,652.8239670251248
94924,2021,2187.722943722944,1327.1764,860.5465521213814,860.5465521213814
94925,2021,1813.8467248908296,1327.1764,486.6703332892671,486.6703332892671
94928,2021,1053.1245910965724,974.8565,78.26808474891618,78.26808474891618
94929,2021,1545.996282527881,1327.1764,218.81989092631852,218.81989092631852
94930,2021,1762.5871050384287,1327.1764,435.4107134368662,435.4107134368662
94931,2021,1210.802976190476,974.8565,235.94646984281985,235.94646984281985
94933,2021,1758.668049792531,1327.1764,431.49165819096856,431.49165819096856
94937,2021,2579.8464351005487,1327.1764,1252.6700434989862,1252.6700434989862
94938,2021,2091.3960396039606,1327.1764,764.2196480023981,764.2196480023981
94939,2021,2325.607634543179,1327.1764,998.4312429416163,998.4312429416163
94940,2021,1928.813953488372,1327.1764,601.6375618868094,601.6375618868094
94941,2021,2522.020096056623,1327.1764,1194.8437044550606,1194.8437044550606
94945,2021,1605.9135917795422,1327.1764,278.73720017797973,278.73720017797973
94946,2021,3711.0111731843576,1327.1764,2383.834781582795,2383.834781582795
94947,2021,1523.25026718917,1327.1764,196.07387558760752,196.07387558760752
94949,2021,1734.2688316036156,1327.1764,407.0924400020531,407.0924400020531
94950,2021,2709.866666666667,1327.1764,1382.6902750651043,1382.6902750651043
94951,2021,1664.8220973782772,974.8565,689.965591030621,689.965591030621
94952,2021,1436.183347233806,974.8565,461.32684088614974,461.32684088614974
94954,2021,1189.55656424581,974.8565,214.70005789815377,214.70005789815377
94956,2021,1957.215384615385,1327.1764,630.0389930138224,630.0389930138224
94957,2021,5367.147928994083,1327.1764,4039.97153739252,4039.97153739252
94960,2021,2081.5160118101294,1327.1764,754.3396202085669,754.3396202085669
94963,2021,2505.575,1327.1764,1178.3986083984373,1178.3986083984373
94964,2021,1234.375,1327.1764,-92.8013916015625,92.8013916015625
94965,2021,2801.582983822648,1327.1764,1474.4065922210857,1474.4065922210857
94970,2021,2647.622529644269,1327.1764,1320.4461380427065,1320.4461380427065
94971,2021,1386.0506329113923,1327.1764,58.87424130982981,58.87424130982981
94972,2021,1799.0,974.8565,824.1434936523438,824.1434936523438
94973,2021,1827.8316008316008,1327.1764,500.6552092300383,500.6552092300383
95002,2021,985.9180327868852,1402.6327,-416.7146576428023,416.7146576428023
95003,2021,1625.4319620253164,1042.298,583.1339883925039,583.1339883925039
95004,2021,1769.029315960912,1101.1644,667.8648872499746,667.8648872499746
95005,2021,1607.34740990991,1042.298,565.0494362770976,565.0494362770976
95006,2021,1536.9233333333334,1042.298,494.6253597005209,494.6253597005209
95007,2021,1800.7514124293784,1042.298,758.4534387965659,758.4534387965659
95008,2021,1122.1138356164383,1402.6327,-280.51885481324916,280.51885481324916
95010,2021,1210.8336798336798,1042.298,168.53570620086725,168.53570620086725
95012,2021,1058.591726618705,1101.1644,-42.572702092232475,42.572702092232475
95013,2021,2057.0,1402.6327,654.3673095703125,654.3673095703125
95014,2021,1275.042469963677,1402.6327,-127.59022046601058,127.59022046601058
95017,2021,1644.0258620689656,1042.298,601.7278884361531,601.7278884361531
95018,2021,1430.685534591195,1042.298,388.38756095838244,388.38756095838244
95019,2021,914.1837060702876,1042.298,-128.1142675625249,128.1142675625249
95020,2021,1389.4233042030794,1402.6327,-13.209386226608103,13.209386226608103
95023,2021,1175.4895353886236,1405.8882,-230.3986482051264,230.3986482051264
95030,2021,2977.434279415817,1402.6327,1574.8015889861294,1574.8015889861294
95032,2021,1837.4488852188272,1402.6327,434.8161947891397,434.8161947891397
95033,2021,2407.8705501618124,1042.298,1365.572576529,1365.572576529
95035,2021,1049.0155219247188,1402.6327,-353.61716850496873,353.61716850496873
95037,2021,1562.0679123589111,1402.6327,159.43522192922364,159.43522192922364
95039,2021,1189.2717391304348,1101.1644,88.10731041949725,88.10731041949725
95041,2021,1444.993288590604,1042.298,402.6953149577914,402.6953149577914
95043,2021,2249.6969696969695,1405.8882,843.8087861032195,843.8087861032195
95045,2021,1651.1204954954956,1405.8882,245.23231190174556,245.23231190174556
95046,2021,1884.6708648194792,1402.6327,482.0381743897917,482.0381743897917
95050,2021,965.8338401390096,1402.6327,-436.79885029067793,436.79885029067793
95051,2021,950.695231432902,1402.6327,-451.9374589967855,451.9374589967855
95054,2021,990.4777777777778,1402.6327,-412.15491265190974,412.15491265190974
95060,2021,1473.9265729993892,1042.298,431.62859936657674,431.62859936657674
95062,2021,1168.6856171039844,1042.298,126.38764347117194,126.38764347117194
95064,2021,1112.75,1042.298,70.4520263671875,70.4520263671875
95065,2021,1622.1542979177789,1042.298,579.8563242849664,579.8563242849664
95066,2021,1875.89615149664,1042.298,833.5981778638275,833.5981778638275
95070,2021,2040.101510705358,1402.6327,637.4688202756704,637.4688202756704
95073,2021,1716.6156897311591,1042.298,674.3177160983466,674.3177160983466
95075,2021,1654.1507936507935,1405.8882,248.2626100570435,248.2626100570435
95076,2021,1324.219811149446,1042.298,281.92183751663356,281.92183751663356
95110,2021,966.4302416212004,1402.6327,-436.20244880848713,436.20244880848713
95111,2021,957.6664445184938,1402.6327,-444.9662459111937,444.9662459111937
95112,2021,1137.4768856447688,1402.6327,-265.1558047849187,265.1558047849187
95113,2021,964.6666666666666,1402.6327,-437.96602376302087,437.96602376302087
95116,2021,889.6916784203103,1402.6327,-512.9410120093772,512.9410120093772
95117,2021,1045.557598499062,1402.6327,-357.0750919306256,357.0750919306256
95118,2021,1021.7330412449012,1402.6327,-380.8996491847863,380.8996491847863
95119,2021,1078.238481228669,1402.6327,-324.3942092010186,324.3942092010186
95120,2021,1551.7567314006942,1402.6327,149.1240409710067,149.1240409710067
95121,2021,1044.6170035075995,1402.6327,-358.015686922088,358.015686922088
95122,2021,861.582411795682,1402.6327,-541.0502786340055,541.0502786340055
95123,2021,1043.4065085493658,1402.6327,-359.22618188032175,359.22618188032175
95124,2021,1104.6096215849311,1402.6327,-298.0230688447564,298.0230688447564
95125,2021,1336.279751172016,1402.6327,-66.35293925767155,66.35293925767155
95126,2021,1288.7215661901805,1402.6327,-113.91112423950699,113.91112423950699
95127,2021,1107.872132848988,1402.6327,-294.76055758069947,294.76055758069947
95128,2021,1000.9914310197088,1402.6327,-401.6412594099787,401.6412594099787
95129,2021,1000.99813646789,1402.6327,-401.63455396179745,401.63455396179745
95130,2021,972.511143062545,1402.6327,-430.1215473671425,430.1215473671425
95131,2021,958.2768346826848,1402.6327,-444.3558557470027,444.3558557470027
95132,2021,1056.8150426921145,1402.6327,-345.817647737573,345.817647737573
95133,2021,992.138526826311,1402.6327,-410.4941636033765,410.4941636033765
95134,2021,974.4563106796116,1402.6327,-428.17637975007585,428.17637975007585
95135,2021,1449.2194752774974,1402.6327,46.586784847809895,46.586784847809895
95136,2021,1090.7155003270111,1402.6327,-311.9171901026764,311.9171901026764
95138,2021,1721.1573246682913,1402.6327,318.52463423860377,318.52463423860377
95139,2021,1078.199339933993,1402.6327,-324.4333504956944,324.4333504956944
95140,2021,2818.252747252747,1402.6327,1415.6200568230597,1415.6200568230597
95141,2021,3042.6923076923076,1402.6327,1640.0596172626201,1640.0596172626201
95148,2021,1216.1715152195889,1402.6327,-186.46117521009865,186.46117521009865
95150,2021,1741.5,1402.6327,338.8673095703125,338.8673095703125
95202,2021,1312.2114285714283,779.94934,532.2620877511158,532.2620877511158
95203,2021,964.8322813345357,779.94934,184.88294051422315,184.88294051422315
95204,2021,978.4454474708172,779.94934,198.49610665050466,198.49610665050466
95205,2021,842.162876326619,779.94934,62.21353550630647,62.21353550630647
95206,2021,932.004884720594,779.94934,152.05554390028146,152.05554390028146
95207,2021,1027.016551309058,779.94934,247.06721048874556,247.06721048874556
95209,2021,1089.782695124503,779.94934,309.8333543041906,309.8333543041906
95210,2021,889.0854584387776,779.94934,109.13611761846505,109.13611761846505
95212,2021,1196.1933837761746,779.94934,416.24404295586214,416.24404295586214
95215,2021,1009.5421832476565,779.94934,229.59284242734395,229.59284242734395
95219,2021,1273.5709185329438,779.94934,493.6215777126313,493.6215777126313
95220,2021,1458.1467889908256,779.94934,678.1974481705131,678.1974481705131
95221,2021,1743.95,1409.8633,334.08671875000005,334.08671875000005
95222,2021,1734.7348484848485,1409.8633,324.8715672348485,324.8715672348485
95223,2021,1426.6035215543411,1409.8633,16.740240304341114,16.740240304341114
95224,2021,1535.7185185185183,1409.8633,125.8552372685183,125.8552372685183
95225,2021,1709.2485207100592,1409.8633,299.3852394600592,299.3852394600592
95226,2021,2160.3571428571427,1409.8633,750.4938616071427,750.4938616071427
95227,2021,1685.0,779.94934,905.0506591796875,905.0506591796875
95228,2021,1646.8626543209878,1409.8633,236.99937307098776,236.99937307098776
95229,2021,1500.3333333333333,1409.8633,90.47005208333326,90.47005208333326
95230,2021,1191.7230769230769,779.94934,411.77373610276436,411.77373610276436
95231,2021,1039.0696378830085,779.94934,259.12029706269595,259.12029706269595
95232,2021,1619.780487804878,1409.8633,209.91720655487802,209.91720655487802
95233,2021,1364.9483870967742,1409.8633,-44.91489415322576,44.91489415322576
95236,2021,1352.7142857142858,779.94934,572.7649448939733,572.7649448939733
95237,2021,1049.8832020997374,779.94934,269.93386127942495,269.93386127942495
95240,2021,998.450670765791,779.94934,218.50132994547846,218.50132994547846
95242,2021,1029.2432200970595,779.94934,249.29387927674702,249.29387927674702
95245,2021,1690.9962894248608,1409.8633,281.13300817486083,281.13300817486083
95246,2021,1655.9324324324325,1409.8633,246.0691511824325,246.0691511824325
95247,2021,1650.5520527859237,1409.8633,240.6887715359237,240.6887715359237
95248,2021,1842.6415094339625,1409.8633,432.7782281839625,432.7782281839625
95249,2021,1457.512960436562,1409.8633,47.649679186562025,47.649679186562025
95251,2021,1515.4642857142858,1409.8633,105.60100446428578,105.60100446428578
95252,2021,1519.4438439849623,1409.8633,109.58056273496231,109.58056273496231
95253,2021,869.64,779.94934,89.69065917968749,89.69065917968749
95254,2021,2037.0561224489795,1409.8633,627.1928411989795,627.1928411989795
95255,2021,1342.422310756972,1409.8633,-67.44097049302809,67.44097049302809
95257,2021,1143.0434782608695,1409.8633,-266.8198029891305,266.8198029891305
95258,2021,1170.1281809613572,779.94934,390.1788401410447,390.1788401410447
95301,2021,930.063633786848,852.24097,77.82266698997296,77.82266698997296
95303,2021,1021.8888888888888,852.24097,169.6479220920138,169.6479220920138
95304,2021,1438.861111111111,779.94934,658.9117702907986,658.9117702907986
95305,2021,1311.3793103448277,1222.143,89.23636600889017,89.23636600889017
95306,2021,1867.190243902439,1074.7295,792.4607517149391,792.4607517149391
95307,2021,918.659355723098,853.02527,65.63408716841047,65.63408716841047
95309,2021,1807.3684210526317,1222.143,585.2254767166942,585.2254767166942
95310,2021,1492.9162011173185,1222.143,270.77325678138095,270.77325678138095
95311,2021,1426.1617312072892,1074.7295,351.4322390197892,351.4322390197892
95312,2021,1031.8695652173913,852.24097,179.62859842051625,179.62859842051625
95313,2021,1004.5102040816328,853.02527,151.48493552694526,151.48493552694526
95315,2021,833.3349681216282,852.24097,-18.905998675246792,18.905998675246792
95316,2021,958.3857651245552,853.02527,105.36049656986768,105.36049656986768
95317,2021,1202.857142857143,852.24097,350.6161760602679,350.6161760602679
95318,2021,1581.603448275862,1074.7295,506.8739560883621,506.8739560883621
95319,2021,778.1136363636364,853.02527,-74.91163219105113,74.91163219105113
95320,2021,1065.1812297734627,779.94934,285.23188895315025,285.23188895315025
95321,2021,1461.79150390625,1222.143,239.6485595703125,239.6485595703125
95322,2021,898.3355582524272,852.24097,46.09459145555218,46.09459145555218
95323,2021,1012.6190476190476,853.02527,159.5937790643601,159.5937790643601
95324,2021,898.1325,852.24097,45.89153320312505,45.89153320312505
95325,2021,1845.1666666666667,1074.7295,770.4371744791667,770.4371744791667
95326,2021,980.2262328418911,853.02527,127.20096428720365,127.20096428720365
95327,2021,1452.0605759682223,1222.143,229.91763163228484,229.91763163228484
95328,2021,797.8647959183673,853.02527,-55.16047263632015,55.16047263632015
95329,2021,1396.2544378698226,1222.143,174.1114935338851,174.1114935338851
95330,2021,930.8364970489712,779.94934,150.88715622865868,150.88715622865868
95333,2021,918.040650406504,852.24097,65.79968360962903,65.79968360962903
95334,2021,837.2972098665589,852.24097,-14.943756930316113,14.943756930316113
95335,2021,1087.5936139332366,1222.143,-134.5493304027009,134.5493304027009
95336,2021,936.2309577492402,779.94934,156.28161692892775,156.28161692892775
95337,2021,959.742945736434,779.94934,179.79360491612147,179.79360491612147
95338,2021,1621.9837925445704,1074.7295,547.2543003570704,547.2543003570704
95340,2021,947.379385368507,852.24097,95.13841857163197,95.13841857163197
95341,2021,728.0309369475546,852.24097,-124.21002984932045,124.21002984932045
95345,2021,1619.3090909090909,1074.7295,544.5795987215909,544.5795987215909
95346,2021,1066.8318356867778,1222.143,-155.31110864915968,155.31110864915968
95347,2021,893.6,1222.143,-328.5429443359375,328.5429443359375
95348,2021,840.8900730215117,852.24097,-11.35089377536326,11.35089377536326
95350,2021,896.0340417158599,853.02527,43.00877316117237,43.00877316117237
95351,2021,826.8930620761606,853.02527,-26.132206478526882,26.132206478526882
95354,2021,898.0132227700583,853.02527,44.98795421537079,44.98795421537079
95355,2021,969.2044975404076,853.02527,116.1792289857201,116.1792289857201
95356,2021,1164.5338078291816,853.02527,311.50853927449407,311.50853927449407
95357,2021,1005.739006514658,853.02527,152.71373795997044,152.71373795997044
95358,2021,897.1032884572942,853.02527,44.078019902606684,44.078019902606684
95360,2021,877.3561430793158,853.02527,24.330874524628257,24.330874524628257
95361,2021,1060.2814715719064,853.02527,207.25620301721892,207.25620301721892
95363,2021,1059.049225159526,853.02527,206.02395660483853,206.02395660483853
95364,2021,1364.6864864864865,1222.143,142.543542150549,142.543542150549
95365,2021,762.3129890453835,852.24097,-89.92797775149154,89.92797775149154
95366,2021,1115.655365910685,779.94934,335.7060250903726,335.7060250903726
95367,2021,919.430838155684,853.02527,66.4055696009965,66.4055696009965
95368,2021,930.7871302226288,853.02527,77.76186166794128,77.76186166794128
95369,2021,1060.5555555555557,852.24097,208.31458875868066,208.31458875868066
95370,2021,1409.786695906433,1222.143,187.6437515704954,187.6437515704954
95372,2021,1336.2566539923955,1222.143,114.11370965645801,114.11370965645801
95374,2021,1045.3700787401574,852.24097,193.1291119432824,193.1291119432824
95375,2021,1460.378125,1222.143,238.23518066406245,238.23518066406245
95376,2021,1036.8513938165231,779.94934,256.9020529962106,256.9020529962106
95377,2021,1146.8675889328065,779.94934,366.918248112494,366.918248112494
95379,2021,1294.390868596882,1222.143,72.2479242609445,72.2479242609445
95380,2021,851.8359496291185,853.02527,-1.189318925568955,1.189318925568955
95382,2021,980.449518011162,853.02527,127.42424945647451,127.42424945647451
95383,2021,1267.1020134228188,1222.143,44.9590690868813,44.9590690868813
95385,2021,1652.857142857143,853.02527,799.8318743024554,799.8318743024554
95386,2021,880.0914826498423,853.02527,27.066214095154805,27.066214095154805
95387,2021,968.2666666666668,853.02527,115.24139811197927,115.24139811197927
95388,2021,783.2094411285947,852.24097,-69.03152566828032,69.03152566828032
95389,2021,1450.4097222222222,1074.7295,375.6802300347222,375.6802300347222
95391,2021,1024.2653386454183,779.94934,244.3159978251058,244.3159978251058
95401,2021,1111.3546724309942,974.8565,136.498166083338,136.498166083338
95403,2021,1250.997521200261,974.8565,276.1410148526047,276.1410148526047
95404,2021,1687.4745013599274,974.8565,712.6179950122712,712.6179950122712
95405,2021,1293.1353482260183,974.8565,318.2788418783621,318.2788418783621
95407,2021,1010.9329327389028,974.8565,36.076426391246514,36.076426391246514
95409,2021,1478.3189300411525,974.8565,503.46242369349625,503.46242369349625
95410,2021,1830.4965753424656,708.6613,1121.8352594244968,1121.8352594244968
95412,2021,1816.4920634920632,974.8565,841.6355571444069,841.6355571444069
95415,2021,1770.5201793721974,708.6613,1061.8588634542286,1061.8588634542286
95416,2021,1082.5,974.8565,107.64349365234375,107.64349365234375
95417,2021,2034.483870967742,708.6613,1325.8225550497732,1325.8225550497732
95419,2021,1238.2717391304348,974.8565,263.4152327827785,263.4152327827785
95420,2021,2138.75,708.6613,1430.0886840820312,1430.0886840820312
95421,2021,1506.405156537753,974.8565,531.5486501900969,531.5486501900969
95422,2021,1084.4485596707818,949.1977,135.25086679968808,135.25086679968808
95423,2021,1154.6294277929155,949.1977,205.43173492182177,205.43173492182177
95424,2021,1385.551724137931,949.1977,436.3540312668372,436.3540312668372
95425,2021,1429.955367449019,974.8565,455.0988611013627,455.0988611013627
95426,2021,1591.3457364341086,949.1977,642.1480435630149,642.1480435630149
95427,2021,2142.116504854369,708.6613,1433.4551889364002,1433.4551889364002
95428,2021,1548.2850678733032,708.6613,839.6237519553345,839.6237519553345
95429,2021,1463.0,708.6613,754.3386840820312,754.3386840820312
95430,2021,1494.0,974.8565,519.1434936523438,519.1434936523438
95432,2021,2466.5315315315315,708.6613,1757.8702156135628,1757.8702156135628
95433,2021,1001.55,974.8565,26.693493652343705,26.693493652343705
95435,2021,1447.8235294117646,949.1977,498.6258365406709,498.6258365406709
95436,2021,1355.9361344537815,974.8565,381.07962810612526,381.07962810612526
95437,2021,1233.03346397347,708.6613,524.3721480555012,524.3721480555012
95439,2021,1406.328125,974.8565,431.47161865234375,431.47161865234375
95441,2021,2580.0583333333334,974.8565,1605.2018269856771,1605.2018269856771
95442,2021,2568.911975435005,974.8565,1594.0554690873487,1594.0554690873487
95443,2021,1660.9753086419753,949.1977,711.7776157708815,711.7776157708815
95444,2021,1114.953846153846,974.8565,140.09733980618967,140.09733980618967
95445,2021,1840.8031026252984,708.6613,1132.1417867073296,1132.1417867073296
95446,2021,1276.1532769556025,974.8565,301.2967706079462,301.2967706079462
95448,2021,2078.1481122942887,974.8565,1103.2916059466324,1103.2916059466324
95449,2021,1703.9772727272727,708.6613,995.315956809304,995.315956809304
95450,2021,1890.7056277056276,974.8565,915.8491213579714,915.8491213579714
95451,2021,1639.2813018930588,949.1977,690.083609021965,690.083609021965
95452,2021,2693.5468164794006,974.8565,1718.6903101317444,1718.6903101317444
95453,2021,1432.7961328289198,949.1977,483.59843995782603,483.59843995782603
95454,2021,1939.29392971246,708.6613,1230.6326137944914,1230.6326137944914
95456,2021,2256.6738197424893,708.6613,1548.0125038245205,1548.0125038245205
95457,2021,1616.51356238698,949.1977,667.3158695158863,667.3158695158863
95458,2021,1284.931185944363,949.1977,335.7334930732693,335.7334930732693
95459,2021,1459.516129032258,708.6613,750.8548131142893,750.8548131142893
95460,2021,1869.808102345416,708.6613,1161.1467864274473,1161.1467864274473
95461,2021,1609.570596797671,949.1977,660.3729039265772,660.3729039265772
95462,2021,1322.2806722689077,974.8565,347.4241659212514,347.4241659212514
95463,2021,1830.0588235294117,708.6613,1121.397507611443,1121.397507611443
95464,2021,1249.8762376237623,949.1977,300.6785447526686,300.6785447526686
95465,2021,2212.0231092436975,974.8565,1237.1666028960412,1237.1666028960412
95466,2021,2100.1657458563536,708.6613,1391.5044299383849,1391.5044299383849
95467,2021,1499.604870775348,949.1977,550.4071779042542,550.4071779042542
95468,2021,1738.2520325203252,708.6613,1029.5907166023565,1029.5907166023565
95469,2021,1624.3532763532764,708.6613,915.6919604353077,915.6919604353077
95470,2021,1539.54375,708.6613,830.8824340820313,830.8824340820313
95471,2021,1132.563829787234,974.8565,157.70732343957775,157.70732343957775
95472,2021,1587.3124742692466,974.8565,612.4559679215904,612.4559679215904
95476,2021,1870.253362680362,974.8565,895.3968563327057,895.3968563327057
95480,2021,3787.3333333333335,974.8565,2812.4768269856772,2812.4768269856772
95481,2021,1249.8,708.6613,541.1386840820312,541.1386840820312
95482,2021,1296.9264120922833,708.6613,588.2650961743145,588.2650961743145
95485,2021,1566.937343358396,949.1977,617.7396504873022,617.7396504873022
95486,2021,1364.5111111111112,974.8565,389.6546047634549,389.6546047634549
95488,2021,1722.3181818181818,708.6613,1013.656865900213,1013.656865900213
95490,2021,1445.0341310317772,708.6613,736.3728151138084,736.3728151138084
95492,2021,1283.8828229027963,974.8565,309.02631655514006,309.02631655514006
95493,2021,1990.078947368421,949.1977,1040.8812544973273,1040.8812544973273
95494,2021,2559.75,708.6613,1851.0886840820312,1851.0886840820312
95497,2021,2006.3383162863888,974.8565,1031.4818099387326,1031.4818099387326
95501,2021,932.638027452974,941.1332,-8.495151257963471,8.495151257963471
95503,2021,1000.9316109422492,941.1332,59.79843223131172,59.79843223131172
95511,2021,2733.684210526316,941.1332,1792.5510318153783,1792.5510318153783
95514,2021,1919.6153846153843,941.1332,978.4822059044468,978.4822059044468
95519,2021,977.2223899371068,941.1332,36.089211226169255,36.089211226169255
95521,2021,1062.897342555515,941.1332,121.76416384457752,121.76416384457752
95524,2021,1397.7801147227533,941.1332,456.6469360118158,456.6469360118158
95525,2021,1079.5045045045044,941.1332,138.37132579356694,138.37132579356694
95526,2021,1251.7142857142858,941.1332,310.5811070033483,310.5811070033483
95527,2021,1502.0857142857142,1327.818,174.26772112165168,174.26772112165168
95528,2021,1136.0671936758893,941.1332,194.93401496495176,194.93401496495176
95531,2021,1059.566092715232,1123.1969,-63.63080669883061,63.63080669883061
95536,2021,1195.8978224455611,941.1332,254.76464373462363,254.76464373462363
95537,2021,850.74,941.1332,-90.39317871093749,90.39317871093749
95540,2021,948.1679116596298,941.1332,7.0347329486922945,7.0347329486922945
95542,2021,1947.8119658119656,941.1332,1006.6787871010281,1006.6787871010281
95543,2021,1462.0377358490566,1123.1969,338.8408364349941,338.8408364349941
95545,2021,2001.25,941.1332,1060.1168212890625,1060.1168212890625
95546,2021,1442.720588235294,941.1332,501.5874095243564,501.5874095243564
95547,2021,1116.0,941.1332,174.8668212890625,174.8668212890625
95548,2021,1224.377358490566,1123.1969,101.18045907650344,101.18045907650344
95549,2021,1775.9017857142858,941.1332,834.7686070033483,834.7686070033483
95550,2021,1812.5454545454545,941.1332,871.412275834517,871.412275834517
95551,2021,1039.6934984520124,941.1332,98.56031974107486,98.56031974107486
95552,2021,1292.620253164557,1327.818,-35.19773999950553,35.19773999950553
95553,2021,1476.8166666666666,941.1332,535.6834879557291,535.6834879557291
95554,2021,1794.3333333333333,941.1332,853.2001546223958,853.2001546223958
95555,2021,1275.2,941.1332,334.06682128906255,334.06682128906255
95556,2021,1426.7454545454543,941.1332,485.6122758345168,485.6122758345168
95558,2021,1687.125,941.1332,745.9918212890625,745.9918212890625
95559,2021,1745.3333333333333,941.1332,804.2001546223958,804.2001546223958
95560,2021,1436.7756653992396,941.1332,495.64248668830214,495.64248668830214
95562,2021,925.7388167388168,941.1332,-15.394361972120691,15.394361972120691
95563,2021,1767.0591715976332,1327.818,439.24117843357067,439.24117843357067
95564,2021,775.0285714285715,941.1332,-166.10460728236603,166.10460728236603
95565,2021,971.8173913043478,941.1332,30.68421259341028,30.68421259341028
95567,2021,1341.1896103896104,1123.1969,217.99271097554788,217.99271097554788
95568,2021,1693.2,1208.3921,484.80791015625005,484.80791015625005
95569,2021,1253.3225806451612,941.1332,312.1894019342237,312.1894019342237
95570,2021,1432.6676176890155,941.1332,491.534438978078,491.534438978078
95571,2021,1290.2558139534883,941.1332,349.1226352425508,349.1226352425508
95573,2021,1458.48635235732,941.1332,517.3531736463824,517.3531736463824
95585,2021,1852.6206896551723,708.6613,1143.9593737372036,1143.9593737372036
95587,2021,2452.375,941.1332,1511.2418212890625,1511.2418212890625
95589,2021,1473.611788617886,941.1332,532.4786099069486,532.4786099069486
95595,2021,2475.4444444444443,1327.818,1147.6264512803818,1147.6264512803818
95601,2021,1794.362637362637,1301.4935,492.8691070891996,492.8691070891996
95602,2021,1630.1416850110063,1569.9628,60.1789164563188,60.1789164563188
95603,2021,1446.245774849613,1569.9628,-123.7169937050744,123.7169937050744
95605,2021,870.9548319327731,1020.1614,-149.20654502035188,149.20654502035188
95606,2021,1477.421052631579,1020.1614,457.25967567845396,457.25967567845396
95607,2021,1539.8837209302326,1020.1614,519.7223439771076,519.7223439771076
95608,2021,1210.9001308329698,792.65735,418.2427822001573,418.2427822001573
95610,2021,1004.0215749730312,792.65735,211.3642263402187,211.3642263402187
95612,2021,1600.042105263158,1020.1614,579.880728310033,579.880728310033
95613,2021,1874.0105263157895,1583.1947,290.81582416735205,290.81582416735205
95614,2021,1527.6381019830028,1583.1947,-55.5566001654347,55.5566001654347
95615,2021,1410.6236559139784,792.65735,617.9663072811659,617.9663072811659
95616,2021,1086.2786860198626,1020.1614,66.11730906673756,66.11730906673756
95618,2021,1193.38090512108,1020.1614,173.2195281679551,173.2195281679551
95619,2021,1410.025,1583.1947,-173.1697021484374,173.1697021484374
95620,2021,1088.328816430235,824.02576,264.30305959429757,264.30305959429757
95621,2021,912.3448354401548,792.65735,119.68748680734234,119.68748680734234
95623,2021,1601.4352459016393,1583.1947,18.24054375320179,18.24054375320179
95624,2021,1130.633161778384,792.65735,337.97581314557146,337.97581314557146
95625,2021,1016.825,824.02576,192.79924316406255,192.79924316406255
95626,2021,1015.5878159429684,792.65735,222.9304673101559,222.9304673101559
95627,2021,1034.6413502109704,1020.1614,14.479973257845359,14.479973257845359
95628,2021,1241.5838875326206,792.65735,448.92653889980807,448.92653889980807
95629,2021,1999.0664335664335,1301.4935,697.572903292996,697.572903292996
95630,2021,1211.6404998917983,792.65735,418.9831512589858,418.9831512589858
95631,2021,1094.868043602983,1569.9628,-475.0947249517044,475.0947249517044
95632,2021,1002.4760495914342,792.65735,209.81870095862166,209.81870095862166
95633,2021,1451.2558139534883,1583.1947,-131.9388881949492,131.9388881949492
95634,2021,1440.3458177278403,1583.1947,-142.8488844205972,142.8488844205972
95635,2021,1404.456081081081,1583.1947,-178.73862106735646,178.73862106735646
95636,2021,1221.5811764705882,1583.1947,-361.61352567784934,361.61352567784934
95637,2021,1590.6363636363635,1020.1614,570.4749866832385,570.4749866832385
95638,2021,1434.7019438444925,792.65735,642.04459521168,642.04459521168
95639,2021,985.9,792.65735,193.24265136718748,193.24265136718748
95640,2021,1220.6507936507935,1301.4935,-80.842736622644,80.842736622644
95641,2021,1012.6443661971832,792.65735,219.98701756437072,219.98701756437072
95642,2021,1593.7267759562842,1301.4935,292.2332456828467,292.2332456828467
95645,2021,892.0954356846473,704.0537,188.04172474714733,188.04172474714733
95646,2021,3095.0050505050503,1301.4935,1793.5115202316128,1793.5115202316128
95648,2021,1121.106319702602,1569.9628,-448.8564488520856,448.8564488520856
95650,2021,1777.715977888918,1569.9628,207.7532093342304,207.7532093342304
95651,2021,1845.8333333333333,1583.1947,262.63863118489576,262.63863118489576
95653,2021,793.038961038961,1020.1614,-227.12241591416398,227.12241591416398
95655,2021,1113.10777385159,792.65735,320.4504252187776,320.4504252187776
95656,2021,2095.3655913978496,1583.1947,512.1708892494121,512.1708892494121
95658,2021,1743.4506820566633,1569.9628,173.48791350197575,173.48791350197575
95659,2021,1463.2222222222222,704.0537,759.1685112847222,759.1685112847222
95660,2021,815.2916061046511,792.65735,22.634257471838623,22.634257471838623
95661,2021,1145.520981278244,1569.9628,-424.4417872764434,424.4417872764434
95662,2021,1061.7164534027856,792.65735,269.05910476997315,269.05910476997315
95663,2021,1662.231591448931,1569.9628,92.26882289424361,92.26882289424361
95664,2021,1849.5507692307692,1583.1947,266.3560670823317,266.3560670823317
95665,2021,1424.076404494382,1301.4935,122.5828742209444,122.5828742209444
95666,2021,1332.4701332187365,1301.4935,30.976602945298964,30.976602945298964
95667,2021,1560.336887921654,1583.1947,-22.857814226783603,22.857814226783603
95668,2021,1449.2666666666669,704.0537,745.2129557291669,745.2129557291669
95669,2021,1748.792929292929,1301.4935,447.2993990194916,447.2993990194916
95670,2021,991.2028791130186,792.65735,198.54553048020614,198.54553048020614
95672,2021,1821.3256846780164,1583.1947,238.1309825295789,238.1309825295789
95673,2021,935.917332598512,792.65735,143.25998396569946,143.25998396569946
95674,2021,1407.5545454545454,704.0537,703.5008345170454,703.5008345170454
95675,2021,949.0120481927712,1301.4935,-352.4814820806663,352.4814820806663
95676,2021,965.4032258064516,704.0537,261.3495148689516,261.3495148689516
95677,2021,1111.7319836833358,1569.9628,-458.2307848713517,458.2307848713517
95678,2021,995.439155291098,1569.9628,-574.5236132635895,574.5236132635895
95679,2021,1308.7692307692307,1020.1614,288.6078538161057,288.6078538161057
95680,2021,1695.7272727272727,792.65735,903.0699240944602,903.0699240944602
95681,2021,1171.6184210526317,1569.9628,-398.3443475020558,398.3443475020558
95682,2021,1703.2381447317136,1583.1947,120.04344258327615,120.04344258327615
95683,2021,1574.1819000450248,792.65735,781.5245514122123,781.5245514122123
95684,2021,1780.4466019417475,1583.1947,197.25189979331003,197.25189979331003
95685,2021,1679.7246376811595,1301.4935,378.231107407722,378.231107407722
95686,2021,1020.2534246575342,779.94934,240.3040838372217,240.3040838372217
95687,2021,1081.0219826086957,824.02576,256.9962257727582,256.9962257727582
95688,2021,1335.025530119211,824.02576,510.9997732832735,510.9997732832735
95689,2021,1659.467372134039,1301.4935,357.9738418606014,357.9738418606014
95690,2021,1573.2658959537573,792.65735,780.6085473209448,780.6085473209448
95691,2021,1003.9010422906432,1020.1614,-16.260334662481796,16.260334662481796
95692,2021,1105.672672672673,1217.079,-111.40630681951461,111.40630681951461
95693,2021,1708.8453159041394,792.65735,916.1879672713269,916.1879672713269
95694,2021,1147.482552342971,1020.1614,127.32117538984608,127.32117538984608
95695,2021,985.232272168329,1020.1614,-34.92910478479598,34.92910478479598
95697,2021,1052.9803921568628,1020.1614,32.81901520373776,32.81901520373776
95698,2021,1329.042553191489,1020.1614,308.8811762383641,308.8811762383641
95699,2021,1490.525,1301.4935,189.0314697265626,189.0314697265626
95701,2021,1705.512987012987,1569.9628,135.55021845829947,135.55021845829947
95703,2021,1364.9383983572895,1569.9628,-205.02437019739796,205.02437019739796
95709,2021,1525.0175566934895,1583.1947,-58.177145454948004,58.177145454948004
95712,2021,1534.0,1384.4004,149.599609375,149.599609375
95713,2021,1382.797708241516,1569.9628,-187.16506031317158,187.16506031317158
95714,2021,1688.1656050955414,1569.9628,118.20283654085392,118.20283654085392
95715,2021,1424.551282051282,1569.9628,-145.4114865034055,145.4114865034055
95717,2021,1546.303571428571,1569.9628,-23.659197126116396,23.659197126116396
95720,2021,1573.91592920354,1583.1947,-9.278772944897582,9.278772944897582
95721,2021,1521.2574257425742,1583.1947,-61.93727640586326,61.93727640586326
95722,2021,1770.7174603174603,1569.9628,200.75469176277284,200.75469176277284
95724,2021,3020.0573248407645,1384.4004,1635.6569342157645,1635.6569342157645
95726,2021,1228.9186428310836,1583.1947,-354.2760593173539,354.2760593173539
95728,2021,2049.316513761468,1384.4004,664.9161231364678,664.9161231364678
95735,2021,1423.345588235294,1583.1947,-159.84911391314358,159.84911391314358
95736,2021,1808.4153846153847,1569.9628,238.4526160606972,238.4526160606972
95742,2021,937.2684010152284,792.65735,144.6110523824159,144.6110523824159
95746,2021,2018.4505257093476,1569.9628,448.48775715466013,448.48775715466013
95747,2021,1026.4763950398583,1569.9628,-543.4863735148292,543.4863735148292
95757,2021,1053.6146685015783,792.65735,260.9573198687658,260.9573198687658
95758,2021,1050.7693032015063,792.65735,258.1119545686938,258.1119545686938
95762,2021,1707.6313428839203,1583.1947,124.4366407354828,124.4366407354828
95765,2021,1148.6710269426003,1569.9628,-421.2917416120872,421.2917416120872
95776,2021,848.727865290603,1020.1614,-171.43351166252205,171.43351166252205
95811,2021,1174.7068965517242,792.65735,382.0495479189117,382.0495479189117
95814,2021,1023.006153846154,792.65735,230.3488052133415,230.3488052133415
95815,2021,843.7264824588638,792.65735,51.06913382605126,51.06913382605126
95816,2021,1205.4486350574712,792.65735,412.79128642465867,412.79128642465867
95817,2021,879.7623574144486,792.65735,87.10500878163612,87.10500878163612
95818,2021,1224.5051430708809,792.65735,431.8477944380684,431.8477944380684
95819,2021,1166.0624090247452,792.65735,373.4050603919327,373.4050603919327
95820,2021,843.7822128851541,792.65735,51.12486425234158,51.12486425234158
95821,2021,1035.3374636683493,792.65735,242.6801150355368,242.6801150355368
95822,2021,935.901609289061,792.65735,143.24426065624846,143.24426065624846
95823,2021,900.9892309158488,792.65735,108.3318822830363,108.3318822830363
95824,2021,791.6906474820144,792.65735,-0.9667011507981442,0.9667011507981442
95825,2021,915.997406639004,792.65735,123.3400580061915,123.3400580061915
95826,2021,931.7607858754812,792.65735,139.10343724266875,139.10343724266875
95827,2021,925.2766237181172,792.65735,132.6192750853047,132.6192750853047
95828,2021,912.7245026686074,792.65735,120.06715403579494,120.06715403579494
95829,2021,1037.5667731629394,792.65735,244.9094245301269,244.9094245301269
95830,2021,1516.9333333333334,792.65735,724.2759847005209,724.2759847005209
95831,2021,1133.6168861934996,792.65735,340.95953756068707,340.95953756068707
95832,2021,863.2393310265282,792.65735,70.58198239371575,70.58198239371575
95833,2021,911.4389307340128,792.65735,118.78158210120034,118.78158210120034
95834,2021,844.5790591805767,792.65735,51.92171054776418,51.92171054776418
95835,2021,1070.6042071197412,792.65735,277.9468584869287,277.9468584869287
95837,2021,2077.78021978022,792.65735,1285.1228711474073,1285.1228711474073
95838,2021,819.6405716060889,792.65735,26.983222973276384,26.983222973276384
95841,2021,1018.6304,792.65735,225.9730513671875,225.9730513671875
95842,2021,846.0797921692337,792.65735,53.422443536421156,53.422443536421156
95843,2021,985.7660683846384,792.65735,193.1087197518259,193.1087197518259
95864,2021,1503.5777687296418,792.65735,710.9204200968293,710.9204200968293
95901,2021,1062.4645787975214,1217.079,-154.61440069466607,154.61440069466607
95910,2021,1429.2,1100.5748,328.62517089843755,328.62517089843755
95912,2021,1024.3007246376812,922.67194,101.62878860252499,101.62878860252499
95913,2021,1089.6792452830189,1705.5027,-615.8234402638561,615.8234402638561
95914,2021,1799.8050847457628,861.49286,938.312225859044,938.312225859044
95915,2021,1520.6666666666667,1489.6628,31.003824869791742,31.003824869791742
95916,2021,1398.1296296296296,861.49286,536.6367707429108,536.6367707429108
95917,2021,1066.104134762634,861.49286,204.61127587591523,204.61127587591523
95918,2021,2044.8764607679464,1217.079,827.7974812757589,827.7974812757589
95919,2021,1343.331550802139,1217.079,126.25257130995146,126.25257130995146
95920,2021,1400.7916666666667,1705.5027,-304.71101888020826,304.71101888020826
95922,2021,1895.9358974358977,1217.079,678.8569179437102,678.8569179437102
95923,2021,1558.125,1489.6628,68.462158203125,68.462158203125
95924,2021,1501.3333333333333,1384.4004,116.93294270833326,116.93294270833326
95925,2021,1430.090909090909,1217.079,213.0119295987215,213.0119295987215
95926,2021,1099.106065318818,861.49286,237.61320643209933,237.61320643209933
95928,2021,1259.5654848632023,861.49286,398.07262597648355,398.07262597648355
95930,2021,1252.467889908257,861.49286,390.97503102153814,390.97503102153814
95932,2021,1110.9446002805048,922.67194,188.27266424534855,188.27266424534855
95934,2021,1704.9655172413793,1489.6628,215.3026754445043,215.3026754445043
95935,2021,1539.2204724409448,1217.079,322.14149294875733,322.14149294875733
95936,2021,1804.0521739130436,1100.5748,703.4773448114811,703.4773448114811
95937,2021,1000.9513888888888,1020.1614,-19.2099880642362,19.2099880642362
95938,2021,1483.8474576271187,861.49286,622.3545987404,622.3545987404
95939,2021,1361.1836734693877,1705.5027,-344.3190120774873,344.3190120774873
95940,2021,2156.0,861.49286,1294.5071411132812,1294.5071411132812
95941,2021,1442.7,861.49286,581.2071411132813,581.2071411132813
95942,2021,1708.6301886792453,861.49286,847.1373297925265,847.1373297925265
95943,2021,1554.88,1705.5027,-150.6226855468749,150.6226855468749
95944,2021,1356.2222222222222,1100.5748,255.64739312065967,255.64739312065967
95945,2021,1536.8558912926874,1384.4004,152.45550066768737,152.45550066768737
95946,2021,1762.5105774728415,1384.4004,378.11018684784153,378.11018684784153
95947,2021,1743.5751295336788,1489.6628,253.91228773680382,253.91228773680382
95948,2021,1049.48095703125,861.49286,187.98809814453125,187.98809814453125
95949,2021,1514.8179061886926,1384.4004,130.41751556369263,130.41751556369263
95950,2021,1065.9782608695652,922.67194,143.306324834409,143.306324834409
95951,2021,880.9503916449086,1705.5027,-824.5522939019664,824.5522939019664
95953,2021,978.4488692232056,704.0537,274.39515828570563,274.39515828570563
95954,2021,1407.4080495356038,861.49286,545.9151906488851,545.9151906488851
95955,2021,1105.2407407407406,922.67194,182.5688047055844,182.5688047055844
95956,2021,1955.8231707317073,1489.6628,466.16032893483225,466.16032893483225
95957,2021,1268.5411764705882,704.0537,564.4874655330882,564.4874655330882
95958,2021,1326.6666666666667,861.49286,465.173807779948,465.173807779948
95959,2021,1873.854820415879,1384.4004,489.454429790879,489.454429790879
95960,2021,1844.417391304348,1384.4004,460.01700067934803,460.01700067934803
95961,2021,943.4357950765136,1217.079,-273.6431844156739,273.6431844156739
95962,2021,1695.6627450980393,1217.079,478.5837656058518,478.5837656058518
95963,2021,962.3952312138728,1705.5027,-743.1074543330022,743.1074543330022
95965,2021,1288.7513631406762,861.49286,427.2585042539574,427.2585042539574
95966,2021,1368.5498108448928,861.49286,507.05695195817407,507.05695195817407
95968,2021,1206.7488372093023,861.49286,345.2559783225836,345.2559783225836
95969,2021,1291.3705982905983,861.49286,429.87773940387956,429.87773940387956
95970,2021,1022.8157894736842,1705.5027,-682.6868960731908,682.6868960731908
95971,2021,1644.4541858932105,1489.6628,154.79134409633548,154.79134409633548
95972,2021,1333.4347826086955,1217.079,116.35580311650801,116.35580311650801
95973,2021,1159.934597037409,861.49286,298.4417381506903,298.4417381506903
95974,2021,1222.753846153846,861.49286,361.26098726712735,361.26098726712735
95975,2021,1560.2512437810944,1384.4004,175.85085315609444,175.85085315609444
95977,2021,1555.457627118644,1384.4004,171.05723649364404,171.05723649364404
95978,2021,1360.686567164179,861.49286,499.19370827746025,499.19370827746025
95979,2021,1396.4341085271317,922.67194,473.76217249197543,473.76217249197543
95981,2021,1488.3609467455622,1217.079,271.28196725337466,271.28196725337466
95982,2021,1018.476076555024,704.0537,314.42236561752395,314.42236561752395
95983,2021,1809.9782608695652,1489.6628,320.31541907269025,320.31541907269025
95984,2021,2137.346153846154,1489.6628,647.6833120492788,647.6833120492788
95986,2021,1460.9354838709678,1384.4004,76.5350932459678,76.5350932459678
95987,2021,979.529756097561,922.67194,56.8578200624047,56.8578200624047
95988,2021,974.0032425421532,1705.5027,-731.4994430047218,731.4994430047218
95991,2021,992.4812971342384,704.0537,288.4275861967384,288.4275861967384
95993,2021,1099.155142503098,704.0537,395.101431565598,395.101431565598
96001,2021,1372.241217516843,1044.0111,328.2301091184056,328.2301091184056
96002,2021,1213.5641172265905,1044.0111,169.553008828153,169.553008828153
96003,2021,1387.2672695576375,1044.0111,343.2561611592,343.2561611592
96006,2021,1395.62,923.4508,472.1691943359374,472.1691943359374
96007,2021,1179.6833471760797,1044.0111,135.67223877764218,135.67223877764218
96008,2021,2015.493333333333,1044.0111,971.4822249348956,971.4822249348956
96009,2021,1167.1463414634147,1043.5454,123.60093130716473,123.60093130716473
96010,2021,2040.25,1327.818,712.4320068359375,712.4320068359375
96011,2021,1771.3529411764705,1044.0111,727.341832778033,727.341832778033
96013,2021,1288.9493136219642,1044.0111,244.93820522352667,244.93820522352667
96014,2021,1657.4102564102564,1208.3921,449.01816656650635,449.01816656650635
96015,2021,1227.8709677419354,923.4508,304.4201620778729,304.4201620778729
96016,2021,1736.7175572519084,1044.0111,692.7064488534709,692.7064488534709
96017,2021,1704.5060240963855,1044.0111,660.494915697948,660.494915697948
96019,2021,1146.578839869281,1044.0111,102.56773147084346,102.56773147084346
96020,2021,1684.2962962962963,1489.6628,194.6334544994213,194.6334544994213
96021,2021,1073.9788408463662,1019.3482,54.63063527995996,54.63063527995996
96022,2021,1370.7458009526197,1019.3482,351.3975953862134,351.3975953862134
96023,2021,1040.7253886010362,1208.3921,-167.66670124271377,167.66670124271377
96024,2021,1703.3720930232555,1327.818,375.554099859193,375.554099859193
96025,2021,1391.5794542536116,1208.3921,183.18736440986163,183.18736440986163
96027,2021,1476.1846758349704,1208.3921,267.79258599122045,267.79258599122045
96028,2021,1851.0843672456576,1044.0111,807.0732588472201,807.0732588472201
96029,2021,1432.857142857143,1019.3482,413.50893729073664,413.50893729073664
96031,2021,930.8571428571428,1208.3921,-277.5349469866072,277.5349469866072
96032,2021,1572.644820295983,1208.3921,364.252730452233,364.252730452233
96033,2021,1975.0,1044.0111,930.9888916015625,930.9888916015625
96034,2021,1694.32,1208.3921,485.92791015624994,485.92791015624994
96035,2021,1027.1497461928934,1019.3482,7.801540626487167,7.801540626487167
96037,2021,1565.5405405405406,1208.3921,357.14845069679063,357.14845069679063
96038,2021,1099.2135922330096,1208.3921,-109.17849761074035,109.17849761074035
96039,2021,1476.2637362637363,1208.3921,267.8716464199863,267.8716464199863
96040,2021,1776.2028985507247,1044.0111,732.1917901522872,732.1917901522872
96041,2021,1442.9486552567237,1327.818,115.13066209266117,115.13066209266117
96044,2021,1582.1685393258426,1208.3921,373.77644948209263,373.77644948209263
96046,2021,1846.813953488372,1327.818,518.9959603243094,518.9959603243094
96047,2021,1863.6708860759493,1044.0111,819.6597776775118,819.6597776775118
96048,2021,1969.576923076923,1327.818,641.7589299128606,641.7589299128606
96050,2021,1973.0142857142855,1208.3921,764.6221958705355,764.6221958705355
96051,2021,1774.44,1044.0111,730.4288916015626,730.4288916015626
96052,2021,1585.5981012658228,1327.818,257.78010810176033,257.78010810176033
96054,2021,1390.7073170731708,923.4508,467.25651140910827,467.25651140910827
96055,2021,1126.7726523887973,1019.3482,107.42444682239102,107.42444682239102
96056,2021,1483.1040268456377,1044.0111,439.0929184472002,439.0929184472002
96057,2021,1879.8603773584905,1208.3921,671.4682875147405,671.4682875147405
96058,2021,1430.4714285714283,1208.3921,222.0793387276783,222.0793387276783
96059,2021,1908.9922480620155,1019.3482,889.6440424956093,889.6440424956093
96061,2021,1549.5839416058395,1019.3482,530.2357360394333,530.2357360394333
96062,2021,2173.4152823920267,1044.0111,1129.4041739935892,1129.4041739935892
96063,2021,1351.2803738317757,1019.3482,331.93216826536946,331.93216826536946
96064,2021,1379.35599078341,1208.3921,170.9639009396601,170.9639009396601
96065,2021,1934.0775862068965,1044.0111,890.066477808459,890.066477808459
96067,2021,1615.476357267951,1208.3921,407.084267424201,407.084267424201
96068,2021,1471.3333333333333,1043.5454,427.78792317708326,427.78792317708326
96069,2021,2054.214611872146,1044.0111,1010.2035034737087,1010.2035034737087
96071,2021,1498.8454545454545,1044.0111,454.83434614701696,454.83434614701696
96073,2021,1744.3681660899654,1044.0111,700.3570576915279,700.3570576915279
96074,2021,1254.4117647058824,1019.3482,235.06355913947618,235.06355913947618
96075,2021,1478.1842105263158,1019.3482,458.8360049599096,458.8360049599096
96076,2021,1733.4761904761904,1327.818,405.65819731212787,405.65819731212787
96078,2021,755.2307692307693,1019.3482,-264.11743633563697,264.11743633563697
96080,2021,1220.850893942024,1019.3482,201.5026883756177,201.5026883756177
96084,2021,1945.5656565656568,1044.0111,901.5545481672193,901.5545481672193
96085,2021,1547.642857142857,1208.3921,339.2507672991071,339.2507672991071
96086,2021,1839.5,1208.3921,631.10791015625,631.10791015625
96087,2021,1655.3463687150838,1044.0111,611.3352603166463,611.3352603166463
96088,2021,1749.468493150685,1044.0111,705.4573847522474,705.4573847522474
96089,2021,1183.1935483870968,1044.0111,139.18243998865933,139.18243998865933
96090,2021,934.0526315789474,1019.3482,-85.29557398745885,85.29557398745885
96091,2021,1559.447004608295,1327.818,231.62901144423245,231.62901144423245
96092,2021,1416.5,1019.3482,397.15179443359375,397.15179443359375
96093,2021,1387.720510095643,1327.818,59.90251693158052,59.90251693158052
96094,2021,1428.8273779567187,1208.3921,220.4352881129687,220.4352881129687
96096,2021,2054.285714285714,1044.0111,1010.2746058872767,1010.2746058872767
96097,2021,1261.2926477654971,1208.3921,52.90055792174712,52.90055792174712
96101,2021,1078.8248175182482,923.4508,155.3740118541857,155.3740118541857
96103,2021,1856.4191449814127,1489.6628,366.7563031845377,366.7563031845377
96104,2021,1132.3243243243244,923.4508,208.87351866026188,208.87351866026188
96105,2021,1817.095238095238,1489.6628,327.4323962983631,327.4323962983631
96106,2021,2733.890909090909,1489.6628,1244.2280672940342,1244.2280672940342
96107,2021,1399.2484848484848,1063.7181,335.53034520004735,335.53034520004735
96108,2021,1406.4242424242425,923.4508,482.97343676018,482.97343676018
96109,2021,1714.3628318584072,1043.5454,670.8174217021572,670.8174217021572
96110,2021,1421.571428571429,923.4508,498.1206229073664,498.1206229073664
96111,2021,2455.72,1384.4004,1071.3196093749998,1071.3196093749998
96112,2021,1145.4444444444443,923.4508,221.99363878038184,221.99363878038184
96113,2021,1271.7787610619469,1043.5454,228.23335090569685,228.23335090569685
96114,2021,1974.997138769671,1043.5454,931.451728613421,931.451728613421
96115,2021,1326.3333333333333,923.4508,402.88252766927076,402.88252766927076
96116,2021,1144.76,923.4508,221.3091943359375,221.3091943359375
96117,2021,1633.404761904762,1043.5454,589.8593517485119,589.8593517485119
96118,2021,1455.5829383886255,1100.5748,355.008109287063,355.008109287063
96119,2021,1159.0,1043.5454,115.45458984375,115.45458984375
96120,2021,2058.625748502994,1279.7704,778.8553627608067,778.8553627608067
96121,2021,1913.0666666666664,1043.5454,869.5212565104164,869.5212565104164
96122,2021,1580.452122408687,1489.6628,90.78928061181205,90.78928061181205
96123,2021,1873.75,1043.5454,830.20458984375,830.20458984375
96124,2021,1731.9130434782608,1100.5748,631.3382143766983,631.3382143766983
96125,2021,1670.3558052434455,1100.5748,569.780976141883,569.780976141883
96126,2021,2463.2772277227723,1100.5748,1362.7023986212098,1362.7023986212098
96128,2021,1466.0853658536585,1043.5454,422.53995569740846,422.53995569740846
96129,2021,1645.7457627118645,1489.6628,156.08292091498947,156.08292091498947
96130,2021,1361.3633104272485,1043.5454,317.8179002709985,317.8179002709985
96132,2021,1176.0,1043.5454,132.45458984375,132.45458984375
96133,2021,1256.6875,1063.7181,192.9693603515625,192.9693603515625
96134,2021,1151.383211678832,923.4508,227.9324060147694,227.9324060147694
96135,2021,1919.2857142857144,1489.6628,429.62287248883945,429.62287248883945
96136,2021,2033.3333333333333,1043.5454,989.7879231770833,989.7879231770833
96137,2021,1851.864538395168,1489.6628,362.201696598293,362.201696598293
96140,2021,2529.0135135135133,1569.9628,959.0507449588258,959.0507449588258
96141,2021,2669.5169082125603,1569.9628,1099.5541396578728,1099.5541396578728
96142,2021,2329.8297101449275,1569.9628,759.86694159024,759.86694159024
96143,2021,1920.4637362637363,1569.9628,350.50096770904884,350.50096770904884
96145,2021,3144.74582278481,1569.9628,1574.7830542301226,1574.7830542301226
96146,2021,3308.320703653586,1569.9628,1738.3579350988985,1738.3579350988985
96148,2021,2193.417122040073,1569.9628,623.4543534853856,623.4543534853856
96150,2021,1783.600329248217,1583.1947,200.4056270997794,200.4056270997794
96151,2021,2127.0555555555557,1583.1947,543.8608534071182,543.8608534071182
96155,2021,1553.4,1583.1947,-29.79470214843741,29.79470214843741
96158,2021,2407.6470588235293,1583.1947,824.4523566750918,824.4523566750918
96160,2021,5254.7692307692305,1384.4004,3870.3688401442305,3870.3688401442305
96161,2021,2671.1131270010674,1384.4004,1286.7127363760674,1286.7127363760674
96162,2021,4200.0344827586205,1384.4004,2815.6340921336205,2815.6340921336205
