county_fips5,state,yr,hpi_change,y_pred,residual,abs_err,actual_pos,pred_pos
1001,ALABAMA,2020,0.58,0.81652856,-0.23652855873107914,0.23652855873107914,1,1
1003,ALABAMA,2020,4.38,4.524804,-0.14480411529541026,0.14480411529541026,1,1
1005,ALABAMA,2020,7.05,6.5979376,0.45206241607666,0.45206241607666,1,1
1007,ALABAMA,2020,1.62,1.6268787,-0.006878738403320206,0.006878738403320206,1,1
1009,ALABAMA,2020,3.78,2.9037168,0.8762831974029539,0.8762831974029539,1,1
1013,ALABAMA,2020,3.23,2.061847,1.1681530284881592,1.1681530284881592,1,1
1015,ALABAMA,2020,3.11,3.2858534,-0.1758533859252931,0.1758533859252931,1,1
1017,ALABAMA,2020,2.6,2.0903242,0.5096758365631104,0.5096758365631104,1,1
1019,ALABAMA,2020,4.53,4.2143683,0.31563165664672876,0.31563165664672876,1,1
1021,ALABAMA,2020,4.15,4.134031,0.01596918106079137,0.01596918106079137,1,1
1023,ALABAMA,2020,-3.59,-3.8742533,0.28425327301025405,0.28425327301025405,0,0
1025,ALABAMA,2020,3.43,3.0153942,0.4146057891845705,0.4146057891845705,1,1
1027,ALABAMA,2020,3.04,2.440377,0.5996230030059815,0.5996230030059815,1,1
1029,ALABAMA,2020,6.39,6.4537134,-0.06371341705322298,0.06371341705322298,1,1
1031,ALABAMA,2020,1.73,1.6543821,0.07561789035797117,0.07561789035797117,1,1
1033,ALABAMA,2020,2.95,3.222581,-0.27258090972900373,0.27258090972900373,1,1
1035,ALABAMA,2020,21.03,17.235731,3.7942688751220714,3.7942688751220714,1,1
1039,ALABAMA,2020,3.53,3.7406282,-0.21062824249267598,0.21062824249267598,1,1
1041,ALABAMA,2020,-1.92,-1.8016051,-0.11839489459991448,0.11839489459991448,0,0
1043,ALABAMA,2020,5.19,4.5823436,0.6076564216613773,0.6076564216613773,1,1
1045,ALABAMA,2020,0.44,0.5860658,-0.1460658288002014,0.1460658288002014,1,1
1047,ALABAMA,2020,5.2,5.6069875,-0.4069874763488768,0.4069874763488768,1,1
1049,ALABAMA,2020,4.92,3.5012445,1.4187554550170898,1.4187554550170898,1,1
1051,ALABAMA,2020,3.07,3.5570405,-0.4870404529571535,0.4870404529571535,1,1
1053,ALABAMA,2020,3.23,2.3868186,0.8431813526153564,0.8431813526153564,1,1
1055,ALABAMA,2020,3.45,3.6749275,-0.22492747306823713,0.22492747306823713,1,1
1057,ALABAMA,2020,3.99,4.273688,-0.2836878395080564,0.2836878395080564,1,1
1059,ALABAMA,2020,2.41,0.9845308,1.4254691934585573,1.4254691934585573,1,1
1061,ALABAMA,2020,3.29,2.4834116,0.8065884494781494,0.8065884494781494,1,1
1065,ALABAMA,2020,11.0,9.880482,1.1195182800292969,1.1195182800292969,1,1
1067,ALABAMA,2020,-3.91,-3.599723,-0.3102768993377687,0.3102768993377687,0,0
1069,ALABAMA,2020,2.6,3.604166,-1.004166030883789,1.004166030883789,1,1
1071,ALABAMA,2020,3.33,1.4064497,1.9235503244400025,1.9235503244400025,1,1
1073,ALABAMA,2020,3.5,3.588941,-0.08894109725952148,0.08894109725952148,1,1
1075,ALABAMA,2020,4.29,6.0251775,-1.7351774787902832,1.7351774787902832,1,1
1077,ALABAMA,2020,3.0,2.6723142,0.3276858329772949,0.3276858329772949,1,1
1079,ALABAMA,2020,5.29,3.2037637,2.086236276626587,2.086236276626587,1,1
1081,ALABAMA,2020,2.89,2.9906285,-0.10062848091125476,0.10062848091125476,1,1
1083,ALABAMA,2020,5.89,5.1643195,0.7256804847717282,0.7256804847717282,1,1
1085,ALABAMA,2020,2.2,2.2810693,-0.08106927871704084,0.08106927871704084,1,1
1087,ALABAMA,2020,1.63,3.0122328,-1.382232780456543,1.382232780456543,1,1
1089,ALABAMA,2020,7.17,7.5649467,-0.3949466514587403,0.3949466514587403,1,1
1091,ALABAMA,2020,3.01,2.769108,0.24089194297790506,0.24089194297790506,1,1
1093,ALABAMA,2020,4.65,4.9357944,-0.28579435348510707,0.28579435348510707,1,1
1095,ALABAMA,2020,4.16,3.3509483,0.8090516662597658,0.8090516662597658,1,1
1097,ALABAMA,2020,4.73,4.223621,0.5063791084289555,0.5063791084289555,1,1
1099,ALABAMA,2020,1.85,1.1429144,0.7070855855941773,0.7070855855941773,1,1
1101,ALABAMA,2020,3.9,4.3442726,-0.4442726135253907,0.4442726135253907,1,1
1103,ALABAMA,2020,5.66,5.870967,-0.21096691131591783,0.21096691131591783,1,1
1107,ALABAMA,2020,8.25,7.593835,0.6561651229858398,0.6561651229858398,1,1
1109,ALABAMA,2020,2.44,2.429602,0.010398092269897408,0.010398092269897408,1,1
1111,ALABAMA,2020,5.09,4.980955,0.10904487609863267,0.10904487609863267,1,1
1113,ALABAMA,2020,3.51,3.5313256,-0.02132557868957541,0.02132557868957541,1,1
1115,ALABAMA,2020,3.89,3.622064,0.26793588638305676,0.26793588638305676,1,1
1117,ALABAMA,2020,5.04,6.2249823,-1.1849822616577148,1.1849822616577148,1,1
1119,ALABAMA,2020,7.43,7.4474564,-0.017456359863281534,0.017456359863281534,1,1
1121,ALABAMA,2020,3.76,3.2955394,0.46446062088012674,0.46446062088012674,1,1
1123,ALABAMA,2020,3.52,2.2152562,1.3047437858581543,1.3047437858581543,1,1
1125,ALABAMA,2020,4.2,5.1666036,-0.9666035652160643,0.9666035652160643,1,1
1127,ALABAMA,2020,3.47,3.4600048,0.009995193481445508,0.009995193481445508,1,1
1129,ALABAMA,2020,0.43,0.35209647,0.07790353178977966,0.07790353178977966,1,1
1131,ALABAMA,2020,1.58,2.8744369,-1.294436855316162,1.294436855316162,1,1
1133,ALABAMA,2020,4.82,4.5310345,0.2889655303955081,0.2889655303955081,1,1
2020,ALASKA,2020,1.4,1.41838,-0.018380022048950284,0.018380022048950284,1,1
2090,ALASKA,2020,3.52,4.0866985,-0.5666985321044922,0.5666985321044922,1,1
2110,ALASKA,2020,1.8,1.3799822,0.4200177669525147,0.4200177669525147,1,1
2122,ALASKA,2020,3.32,3.1519616,0.16803843498229964,0.16803843498229964,1,1
2130,ALASKA,2020,0.26,-0.38823393,0.6482339298725128,0.6482339298725128,1,0
2150,ALASKA,2020,1.32,2.351282,-1.0312818813323974,1.0312818813323974,1,1
2170,ALASKA,2020,3.64,4.0181904,-0.3781903839111327,0.3781903839111327,1,1
2220,ALASKA,2020,3.8,3.9079895,-0.10798950195312518,0.10798950195312518,1,1
4001,ARIZONA,2020,3.73,4.5212445,-0.7912445259094238,0.7912445259094238,1,1
4003,ARIZONA,2020,5.43,5.720126,-0.2901261520385745,0.2901261520385745,1,1
4005,ARIZONA,2020,4.77,3.2355993,1.534400720596313,1.534400720596313,1,1
4007,ARIZONA,2020,6.39,6.329064,0.06093610763549773,0.06093610763549773,1,1
4009,ARIZONA,2020,5.8,5.0257835,0.7742164611816404,0.7742164611816404,1,1
4012,ARIZONA,2020,6.51,5.470847,1.0391528701782224,1.0391528701782224,1,1
4013,ARIZONA,2020,7.19,11.084492,-3.8944917297363277,3.8944917297363277,1,1
4015,ARIZONA,2020,7.0,5.1373286,1.8626713752746582,1.8626713752746582,1,1
4017,ARIZONA,2020,7.69,8.688875,-0.9988751983642574,0.9988751983642574,1,1
4019,ARIZONA,2020,5.49,6.143115,-0.6531150436401365,0.6531150436401365,1,1
4021,ARIZONA,2020,6.25,7.022388,-0.7723879814147949,0.7723879814147949,1,1
4023,ARIZONA,2020,4.61,4.288153,0.3218468284606937,0.3218468284606937,1,1
4025,ARIZONA,2020,5.09,5.3670607,-0.2770606613159181,0.2770606613159181,1,1
4027,ARIZONA,2020,6.2,6.72344,-0.5234401702880858,0.5234401702880858,1,1
5001,ARKANSAS,2020,1.5,2.673684,-1.1736838817596436,1.1736838817596436,1,1
5003,ARKANSAS,2020,2.99,3.0535572,-0.06355715751647928,0.06355715751647928,1,1
5005,ARKANSAS,2020,3.25,3.0369885,0.2130115032196045,0.2130115032196045,1,1
5007,ARKANSAS,2020,4.32,4.1499887,0.17001134872436552,0.17001134872436552,1,1
5009,ARKANSAS,2020,1.76,1.9449797,-0.1849796676635742,0.1849796676635742,1,1
5011,ARKANSAS,2020,14.56,12.396968,2.1630321121215825,2.1630321121215825,1,1
5015,ARKANSAS,2020,0.82,0.56596845,0.2540315461158752,0.2540315461158752,1,1
5017,ARKANSAS,2020,-1.0,-0.81023854,-0.1897614598274231,0.1897614598274231,0,0
5019,ARKANSAS,2020,3.52,3.2044725,0.315527458190918,0.315527458190918,1,1
5021,ARKANSAS,2020,0.0,21.605806,-21.605806350708008,21.605806350708008,0,1
5023,ARKANSAS,2020,3.09,3.8031278,-0.7131277656555177,0.7131277656555177,1,1
5025,ARKANSAS,2020,9.38,8.429217,0.9507826614379891,0.9507826614379891,1,1
5027,ARKANSAS,2020,4.37,4.8386164,-0.46861637115478505,0.46861637115478505,1,1
5029,ARKANSAS,2020,-2.2,-1.6704394,-0.5295606374740602,0.5295606374740602,0,0
5031,ARKANSAS,2020,2.13,2.7922828,-0.6622828197479249,0.6622828197479249,1,1
5033,ARKANSAS,2020,1.38,1.5687712,-0.18877124309539806,0.18877124309539806,1,1
5035,ARKANSAS,2020,4.58,4.7600164,-0.18001644134521477,0.18001644134521477,1,1
5037,ARKANSAS,2020,4.5,4.6053176,-0.10531759262084961,0.10531759262084961,1,1
5041,ARKANSAS,2020,6.71,5.222179,1.4878210639953613,1.4878210639953613,1,1
5043,ARKANSAS,2020,2.14,2.312723,-0.17272292137145984,0.17272292137145984,1,1
5045,ARKANSAS,2020,3.13,3.7735794,-0.6435793590545655,0.6435793590545655,1,1
5047,ARKANSAS,2020,2.24,1.8612877,0.37871228694915793,0.37871228694915793,1,1
5049,ARKANSAS,2020,0.78,1.0792358,-0.29923579216003415,0.29923579216003415,1,1
5051,ARKANSAS,2020,3.19,2.9527159,0.23728412628173823,0.23728412628173823,1,1
5053,ARKANSAS,2020,2.13,1.4827547,0.6472452926635741,0.6472452926635741,1,1
5055,ARKANSAS,2020,1.56,1.5437857,0.01621430873870855,0.01621430873870855,1,1
5057,ARKANSAS,2020,9.87,9.315435,0.5545645904541008,0.5545645904541008,1,1
5059,ARKANSAS,2020,2.8,3.0643866,-0.26438660621643084,0.26438660621643084,1,1
5061,ARKANSAS,2020,-0.6,-0.4923789,-0.1076211094856262,0.1076211094856262,0,0
5063,ARKANSAS,2020,0.54,1.1927413,-0.6527412748336792,0.6527412748336792,1,1
5065,ARKANSAS,2020,6.77,6.5010715,0.26892854690551715,0.26892854690551715,1,1
5067,ARKANSAS,2020,-1.27,-1.9800043,0.7100043106079101,0.7100043106079101,0,0
5069,ARKANSAS,2020,2.65,3.0534244,-0.40342435836792,0.40342435836792,1,1
5071,ARKANSAS,2020,2.12,2.6431155,-0.5231155204772948,0.5231155204772948,1,1
5075,ARKANSAS,2020,-1.4,-1.209952,-0.19004800319671622,0.19004800319671622,0,0
5079,ARKANSAS,2020,-1.61,-2.1826982,0.5726982498168944,0.5726982498168944,0,0
5081,ARKANSAS,2020,-0.6,-0.67042077,0.07042076587677004,0.07042076587677004,0,0
5083,ARKANSAS,2020,0.34,-0.22511892,0.5651189202070237,0.5651189202070237,1,0
5085,ARKANSAS,2020,3.26,3.1586475,0.10135246276855447,0.10135246276855447,1,1
5087,ARKANSAS,2020,4.21,3.4985344,0.7114655590057373,0.7114655590057373,1,1
5089,ARKANSAS,2020,5.2,4.612845,0.587155055999756,0.587155055999756,1,1
5091,ARKANSAS,2020,6.13,5.365271,0.7647289085388183,0.7647289085388183,1,1
5093,ARKANSAS,2020,7.27,6.576866,0.6931338500976558,0.6931338500976558,1,1
5097,ARKANSAS,2020,2.16,1.980522,0.17947796344757094,0.17947796344757094,1,1
5101,ARKANSAS,2020,12.75,12.234565,0.5154352188110352,0.5154352188110352,1,1
5103,ARKANSAS,2020,2.48,1.7533538,0.7266461658477783,0.7266461658477783,1,1
5105,ARKANSAS,2020,-0.31,-0.89185935,0.5818593525886535,0.5818593525886535,0,0
5107,ARKANSAS,2020,-15.13,-13.069343,-2.060657386779786,2.060657386779786,0,0
5109,ARKANSAS,2020,0.64,-0.05277904,0.6927790412306786,0.6927790412306786,1,0
5111,ARKANSAS,2020,5.37,5.178913,0.19108688354492198,0.19108688354492198,1,1
5113,ARKANSAS,2020,-2.82,-3.3209128,0.5009128379821779,0.5009128379821779,0,0
5115,ARKANSAS,2020,2.71,3.14433,-0.4343300247192383,0.4343300247192383,1,1
5119,ARKANSAS,2020,2.78,2.5490522,0.23094776153564434,0.23094776153564434,1,1
5121,ARKANSAS,2020,0.47,-0.27739328,0.7473932814598083,0.7473932814598083,1,0
5123,ARKANSAS,2020,10.35,11.0062275,-0.6562274932861332,0.6562274932861332,1,1
5125,ARKANSAS,2020,2.77,2.2445617,0.5254383277893067,0.5254383277893067,1,1
5127,ARKANSAS,2020,-5.07,-4.776978,-0.2930219841003421,0.2930219841003421,0,0
5129,ARKANSAS,2020,-1.2,-3.0057213,1.8057213306427002,1.8057213306427002,0,0
5131,ARKANSAS,2020,2.15,2.3373318,-0.18733177185058603,0.18733177185058603,1,1
5133,ARKANSAS,2020,2.66,1.5323862,1.1276138162612916,1.1276138162612916,1,1
5135,ARKANSAS,2020,5.8,4.2448897,1.5551102638244627,1.5551102638244627,1,1
5137,ARKANSAS,2020,7.64,6.870592,0.7694078826904294,0.7694078826904294,1,1
5139,ARKANSAS,2020,3.06,1.4863093,1.573690710067749,1.573690710067749,1,1
5141,ARKANSAS,2020,6.88,6.560207,0.3197931098937987,0.3197931098937987,1,1
5143,ARKANSAS,2020,2.75,3.4289548,-0.6789548397064209,0.6789548397064209,1,1
5145,ARKANSAS,2020,3.32,1.9393463,1.3806536865234373,1.3806536865234373,1,1
5147,ARKANSAS,2020,0.44,-0.19431517,0.6343151652812957,0.6343151652812957,1,0
5149,ARKANSAS,2020,-0.67,-0.61907274,-0.05092726469039921,0.05092726469039921,0,0
6001,CALIFORNIA,2020,0.01,-0.5531533,0.5631532764434815,0.5631532764434815,1,0
6003,CALIFORNIA,2020,-2.76,-3.1724663,0.4124662780761721,0.4124662780761721,0,0
6005,CALIFORNIA,2020,1.38,0.25950733,1.120492671728134,1.120492671728134,1,1
6007,CALIFORNIA,2020,1.77,0.16483088,1.6051691216230393,1.6051691216230393,1,1
6009,CALIFORNIA,2020,3.07,1.8296461,1.2403538894653319,1.2403538894653319,1,1
6011,CALIFORNIA,2020,3.19,3.3324828,-0.1424828147888184,0.1424828147888184,1,1
6013,CALIFORNIA,2020,1.08,-0.42982686,1.509826855659485,1.509826855659485,1,0
6015,CALIFORNIA,2020,7.44,6.8142595,0.6257404708862309,0.6257404708862309,1,1
6017,CALIFORNIA,2020,2.21,0.35168383,1.8583161747455597,1.8583161747455597,1,1
6019,CALIFORNIA,2020,4.16,4.810646,-0.6506460571289061,0.6506460571289061,1,1
6021,CALIFORNIA,2020,3.23,2.916227,0.3137728977203369,0.3137728977203369,1,1
6023,CALIFORNIA,2020,4.74,2.331436,2.408564081192017,2.408564081192017,1,1
6025,CALIFORNIA,2020,4.55,1.870013,2.679987001419067,2.679987001419067,1,1
6027,CALIFORNIA,2020,1.75,1.2252915,0.5247085094451904,0.5247085094451904,1,1
6029,CALIFORNIA,2020,5.3,4.6657844,0.6342156410217283,0.6342156410217283,1,1
6031,CALIFORNIA,2020,5.14,4.4279633,0.7120367431640622,0.7120367431640622,1,1
6033,CALIFORNIA,2020,4.02,2.9340837,1.0859162998199459,1.0859162998199459,1,1
6035,CALIFORNIA,2020,2.7,1.7796549,0.9203451395034792,0.9203451395034792,1,1
6037,CALIFORNIA,2020,2.72,1.9296043,0.7903957080841066,0.7903957080841066,1,1
6039,CALIFORNIA,2020,4.61,4.0655107,0.5444892501831058,0.5444892501831058,1,1
6041,CALIFORNIA,2020,-2.12,-3.242781,1.1227809238433837,1.1227809238433837,0,0
6043,CALIFORNIA,2020,1.66,0.5405355,1.1194644904136657,1.1194644904136657,1,1
6045,CALIFORNIA,2020,3.42,0.26427662,3.155723376274109,3.155723376274109,1,1
6047,CALIFORNIA,2020,3.41,2.6121469,0.7978531455993654,0.7978531455993654,1,1
6049,CALIFORNIA,2020,-2.81,-3.0028496,0.19284957885742182,0.19284957885742182,0,0
6051,CALIFORNIA,2020,4.93,2.2351189,2.694881134033203,2.694881134033203,1,1
6053,CALIFORNIA,2020,3.21,0.482433,2.7275670087337494,2.7275670087337494,1,1
6055,CALIFORNIA,2020,1.38,0.5582533,0.8217467117309569,0.8217467117309569,1,1
6057,CALIFORNIA,2020,2.39,0.7993467,1.5906533145904542,1.5906533145904542,1,1
6059,CALIFORNIA,2020,2.14,0.78333616,1.3566638374328615,1.3566638374328615,1,1
6061,CALIFORNIA,2020,2.43,0.9162077,1.5137923288345339,1.5137923288345339,1,1
6063,CALIFORNIA,2020,3.11,4.37365,-1.263650074005127,1.263650074005127,1,1
6065,CALIFORNIA,2020,4.06,3.9056282,0.15437179565429648,0.15437179565429648,1,1
6067,CALIFORNIA,2020,4.33,2.4157956,1.9142044353485108,1.9142044353485108,1,1
6069,CALIFORNIA,2020,1.93,0.006441161,1.9235588389635085,1.9235588389635085,1,1
6071,CALIFORNIA,2020,3.99,2.8739898,1.1160101795196535,1.1160101795196535,1,1
6073,CALIFORNIA,2020,3.36,2.8304572,0.5295427894592284,0.5295427894592284,1,1
6075,CALIFORNIA,2020,-6.6,-9.864496,3.264496231079102,3.264496231079102,0,0
6077,CALIFORNIA,2020,3.36,1.3742342,1.985765800476074,1.985765800476074,1,1
6079,CALIFORNIA,2020,1.67,0.37083864,1.2991613578796386,1.2991613578796386,1,1
6081,CALIFORNIA,2020,-5.22,-7.793626,2.573625831604004,2.573625831604004,0,0
6083,CALIFORNIA,2020,1.77,-0.021423342,1.7914233417063952,1.7914233417063952,1,0
6085,CALIFORNIA,2020,-2.98,-6.628947,3.6489467811584473,3.6489467811584473,0,0
6087,CALIFORNIA,2020,-0.47,-2.6050239,2.1350238609313967,2.1350238609313967,0,0
6089,CALIFORNIA,2020,4.18,3.4523914,0.7276086139678952,0.7276086139678952,1,1
6091,CALIFORNIA,2020,2.2,2.6979613,-0.4979613304138182,0.4979613304138182,1,1
6093,CALIFORNIA,2020,2.04,2.1186986,-0.07869859695434567,0.07869859695434567,1,1
6095,CALIFORNIA,2020,2.27,-0.6159578,2.885957796573639,2.885957796573639,1,0
6097,CALIFORNIA,2020,0.22,-1.593415,1.8134150218963623,1.8134150218963623,1,0
6099,CALIFORNIA,2020,4.77,2.3432024,2.426797647476196,2.426797647476196,1,1
6101,CALIFORNIA,2020,5.29,4.882692,0.4073081398010254,0.4073081398010254,1,1
6103,CALIFORNIA,2020,4.17,3.0675204,1.1024796199798583,1.1024796199798583,1,1
6105,CALIFORNIA,2020,6.35,2.490084,3.8599160671234127,3.8599160671234127,1,1
6107,CALIFORNIA,2020,4.82,3.9998107,0.8201893043518069,0.8201893043518069,1,1
6109,CALIFORNIA,2020,1.34,0.27579477,1.0642052257061005,1.0642052257061005,1,1
6111,CALIFORNIA,2020,2.24,0.012830727,2.227169273197651,2.227169273197651,1,1
6113,CALIFORNIA,2020,1.42,-0.23197915,1.6519791465997695,1.6519791465997695,1,0
6115,CALIFORNIA,2020,4.99,4.5427933,0.44720672607421896,0.44720672607421896,1,1
8001,COLORADO,2020,3.06,1.2371335,1.822866497039795,1.822866497039795,1,1
8003,COLORADO,2020,1.22,0.3848556,0.8351444017887115,0.8351444017887115,1,1
8005,COLORADO,2020,2.66,1.1677879,1.4922120904922487,1.4922120904922487,1,1
8007,COLORADO,2020,0.49,0.80850095,-0.3185009455680847,0.3185009455680847,1,1
8013,COLORADO,2020,1.06,-0.020311175,1.080311174914241,1.080311174914241,1,0
8014,COLORADO,2020,2.43,2.117602,0.31239789009094254,0.31239789009094254,1,1
8015,COLORADO,2020,2.82,2.3254824,0.49451763153076156,0.49451763153076156,1,1
8019,COLORADO,2020,4.13,4.1708593,-0.04085933685302745,0.04085933685302745,1,1
8027,COLORADO,2020,9.9,9.161251,0.738748931884766,0.738748931884766,1,1
8029,COLORADO,2020,3.41,2.276087,1.1339129543304445,1.1339129543304445,1,1
8031,COLORADO,2020,2.43,1.3730385,1.0569614696502687,1.0569614696502687,1,1
8035,COLORADO,2020,1.7,1.6510423,0.048957657814025834,0.048957657814025834,1,1
8037,COLORADO,2020,3.52,1.84587,1.674129981994629,1.674129981994629,1,1
8039,COLORADO,2020,1.51,1.0417312,0.46826876163482667,0.46826876163482667,1,1
8041,COLORADO,2020,6.02,5.478718,0.5412821960449214,0.5412821960449214,1,1
8043,COLORADO,2020,7.05,5.8462973,1.2037027359008787,1.2037027359008787,1,1
8045,COLORADO,2020,4.31,2.825398,1.4846020317077633,1.4846020317077633,1,1
8047,COLORADO,2020,1.98,1.5905281,0.38947186946868895,0.38947186946868895,1,1
8049,COLORADO,2020,3.52,1.2702032,2.2497967672348023,2.2497967672348023,1,1
8051,COLORADO,2020,3.24,2.519394,0.7206060791015627,0.7206060791015627,1,1
8053,COLORADO,2020,-1.82,-2.583676,0.7636760997772216,0.7636760997772216,0,0
8055,COLORADO,2020,2.52,2.354869,0.16513111114501955,0.16513111114501955,1,1
8057,COLORADO,2020,-14.95,-14.954959,0.004958915710449929,0.004958915710449929,0,0
8059,COLORADO,2020,3.0,1.6505185,1.349481463432312,1.349481463432312,1,1
8063,COLORADO,2020,5.6,6.1086845,-0.5086845397949222,0.5086845397949222,1,1
8065,COLORADO,2020,5.53,4.829685,0.7003147888183596,0.7003147888183596,1,1
8067,COLORADO,2020,0.43,-1.1779854,1.6079854297637939,1.6079854297637939,1,0
8069,COLORADO,2020,1.65,0.3727772,1.2772228062152862,1.2772228062152862,1,1
8071,COLORADO,2020,3.11,2.8873208,0.22267924308776843,0.22267924308776843,1,1
8073,COLORADO,2020,4.14,3.5707867,0.5692132854461667,0.5692132854461667,1,1
8075,COLORADO,2020,4.91,4.177526,0.7324740028381349,0.7324740028381349,1,1
8077,COLORADO,2020,4.59,2.563435,2.0265649223327635,2.0265649223327635,1,1
8081,COLORADO,2020,3.19,2.5150754,0.674924554824829,0.674924554824829,1,1
8083,COLORADO,2020,5.36,4.1488233,1.211176738739014,1.211176738739014,1,1
8085,COLORADO,2020,5.22,3.8990426,1.32095739364624,1.32095739364624,1,1
8087,COLORADO,2020,1.4,1.0003043,0.39969565868377677,0.39969565868377677,1,1
8089,COLORADO,2020,10.0,9.137151,0.862849235534668,0.862849235534668,1,1
8091,COLORADO,2020,3.03,2.3334157,0.696584253311157,0.696584253311157,1,1
8093,COLORADO,2020,4.09,3.5674634,0.5225366020202635,0.5225366020202635,1,1
8095,COLORADO,2020,5.64,7.853772,-2.2137721633911136,2.2137721633911136,1,1
8097,COLORADO,2020,6.15,5.149112,1.000887775421143,1.000887775421143,1,1
8099,COLORADO,2020,5.93,6.93569,-1.0056899261474612,1.0056899261474612,1,1
8101,COLORADO,2020,7.16,5.825916,1.3340841865539552,1.3340841865539552,1,1
8103,COLORADO,2020,1.27,0.9278499,0.3421501111984253,0.3421501111984253,1,1
8105,COLORADO,2020,5.56,4.847186,0.7128139114379879,0.7128139114379879,1,1
8107,COLORADO,2020,4.64,3.3007107,1.3392893218994137,1.3392893218994137,1,1
8109,COLORADO,2020,-0.81,-1.1943847,0.3843846940994262,0.3843846940994262,0,0
8113,COLORADO,2020,2.49,1.9984796,0.4915203952789309,0.4915203952789309,1,1
8117,COLORADO,2020,1.78,0.48930568,1.2906943249702454,1.2906943249702454,1,1
8119,COLORADO,2020,4.45,3.596236,0.8537640094757082,0.8537640094757082,1,1
8121,COLORADO,2020,6.1,7.0746665,-0.9746665000915531,0.9746665000915531,1,1
8123,COLORADO,2020,2.34,1.6801095,0.6598904991149901,0.6598904991149901,1,1
8125,COLORADO,2020,3.24,1.7886266,1.4513734483718874,1.4513734483718874,1,1
9001,CONNECTICUT,2020,2.36,3.5214934,-1.161493434906006,1.161493434906006,1,1
9003,CONNECTICUT,2020,2.93,4.0622206,-1.1322205734252928,1.1322205734252928,1,1
9005,CONNECTICUT,2020,5.23,5.422487,-0.19248678207397418,0.19248678207397418,1,1
9007,CONNECTICUT,2020,3.3,3.5407467,-0.24074668884277362,0.24074668884277362,1,1
9009,CONNECTICUT,2020,3.41,4.525067,-1.11506685256958,1.11506685256958,1,1
9011,CONNECTICUT,2020,4.19,5.4764314,-1.2864313697814937,1.2864313697814937,1,1
9013,CONNECTICUT,2020,2.24,3.3025358,-1.0625357723236082,1.0625357723236082,1,1
9015,CONNECTICUT,2020,4.91,4.7989845,0.11101547241210952,0.11101547241210952,1,1
10001,DELAWARE,2020,5.02,4.277527,0.7424731445312496,0.7424731445312496,1,1
10003,DELAWARE,2020,3.38,2.931311,0.44868910789489735,0.44868910789489735,1,1
10005,DELAWARE,2020,2.52,2.6574244,-0.13742444992065428,0.13742444992065428,1,1
11001,DISTRICT OF COLUMBIA,2020,2.09,1.5666878,0.5233121776580809,0.5233121776580809,1,1
12001,FLORIDA,2020,5.23,4.624788,0.6052121925354008,0.6052121925354008,1,1
12003,FLORIDA,2020,3.76,3.505627,0.2543730831146238,0.2543730831146238,1,1
12005,FLORIDA,2020,6.2,5.2619553,0.9380447387695314,0.9380447387695314,1,1
12007,FLORIDA,2020,3.3,2.6940901,0.6059098720550535,0.6059098720550535,1,1
12009,FLORIDA,2020,5.65,4.47496,1.175040149688721,1.175040149688721,1,1
12011,FLORIDA,2020,4.37,3.5614073,0.8085926723480226,0.8085926723480226,1,1
12013,FLORIDA,2020,4.4,3.859756,0.5402440071105961,0.5402440071105961,1,1
12015,FLORIDA,2020,3.67,2.7553968,0.914603157043457,0.914603157043457,1,1
12017,FLORIDA,2020,7.31,6.6127477,0.6972523307800289,0.6972523307800289,1,1
12019,FLORIDA,2020,3.92,3.5587556,0.36124436378478997,0.36124436378478997,1,1
12021,FLORIDA,2020,3.93,3.0979695,0.8320304679870607,0.8320304679870607,1,1
12023,FLORIDA,2020,5.59,4.985352,0.6046479606628417,0.6046479606628417,1,1
12027,FLORIDA,2020,3.43,3.8671744,-0.43717438697814925,0.43717438697814925,1,1
12029,FLORIDA,2020,2.92,-0.85244644,3.772446436882019,3.772446436882019,1,0
12031,FLORIDA,2020,5.14,3.685718,1.4542819404602048,1.4542819404602048,1,1
12033,FLORIDA,2020,6.76,6.1564965,0.6035034751892088,0.6035034751892088,1,1
12035,FLORIDA,2020,4.43,3.7343144,0.6956855583190915,0.6956855583190915,1,1
12037,FLORIDA,2020,6.65,5.4282064,1.2217935562133793,1.2217935562133793,1,1
12039,FLORIDA,2020,4.54,4.03001,0.5099897766113282,0.5099897766113282,1,1
12041,FLORIDA,2020,4.66,3.9652524,0.6947476005554201,0.6947476005554201,1,1
12045,FLORIDA,2020,7.71,6.73508,0.9749202346801757,0.9749202346801757,1,1
12047,FLORIDA,2020,19.59,17.760553,1.8294466400146483,1.8294466400146483,1,1
12049,FLORIDA,2020,5.88,4.446914,1.4330858039855956,1.4330858039855956,1,1
12051,FLORIDA,2020,6.09,4.4583383,1.631661739349365,1.631661739349365,1,1
12053,FLORIDA,2020,7.44,6.766265,0.6737350845336918,0.6737350845336918,1,1
12055,FLORIDA,2020,6.55,7.0480843,-0.4980842590332033,0.4980842590332033,1,1
12057,FLORIDA,2020,5.53,4.626762,0.9032380867004397,0.9032380867004397,1,1
12059,FLORIDA,2020,8.51,7.622708,0.8872921562194822,0.8872921562194822,1,1
12061,FLORIDA,2020,5.63,4.9576116,0.6723884391784667,0.6723884391784667,1,1
12063,FLORIDA,2020,6.95,5.040632,1.9093682289123537,1.9093682289123537,1,1
12065,FLORIDA,2020,7.93,6.2981687,1.6318313407897946,1.6318313407897946,1,1
12069,FLORIDA,2020,4.87,3.356298,1.5137020301818849,1.5137020301818849,1,1
12071,FLORIDA,2020,4.47,3.1822162,1.2877838325500486,1.2877838325500486,1,1
12073,FLORIDA,2020,4.84,4.6408916,0.1991084480285643,0.1991084480285643,1,1
12075,FLORIDA,2020,5.7,5.1244774,0.5755226135253908,0.5755226135253908,1,1
12077,FLORIDA,2020,1.23,-2.4531121,3.6831121253967285,3.6831121253967285,1,0
12079,FLORIDA,2020,4.74,3.1230109,1.6169891262054445,1.6169891262054445,1,1
12081,FLORIDA,2020,5.15,4.913218,0.2367819786071781,0.2367819786071781,1,1
12083,FLORIDA,2020,4.99,5.7633657,-0.7733657455444334,0.7733657455444334,1,1
12085,FLORIDA,2020,4.08,3.3225677,0.7574322986602784,0.7574322986602784,1,1
12086,FLORIDA,2020,4.16,3.6962364,0.4637636280059816,0.4637636280059816,1,1
12087,FLORIDA,2020,3.59,2.2406917,1.349308338165283,1.349308338165283,1,1
12089,FLORIDA,2020,5.12,5.2615767,-0.14157665252685536,0.14157665252685536,1,1
12091,FLORIDA,2020,6.91,6.874351,0.035648975372314595,0.035648975372314595,1,1
12093,FLORIDA,2020,7.58,7.1822696,0.39773042678833015,0.39773042678833015,1,1
12095,FLORIDA,2020,4.03,2.249457,1.7805431175231936,1.7805431175231936,1,1
12097,FLORIDA,2020,5.35,3.9388485,1.4111515045166012,1.4111515045166012,1,1
12099,FLORIDA,2020,5.16,4.894482,0.26551786422729506,0.26551786422729506,1,1
12101,FLORIDA,2020,5.93,5.4059186,0.5240814018249509,0.5240814018249509,1,1
12103,FLORIDA,2020,6.36,5.4535074,0.9064925765991214,0.9064925765991214,1,1
12105,FLORIDA,2020,7.19,5.7319117,1.4580883407592777,1.4580883407592777,1,1
12107,FLORIDA,2020,8.17,7.0231876,1.1468123626708984,1.1468123626708984,1,1
12109,FLORIDA,2020,4.23,4.394856,-0.1648559761047359,0.1648559761047359,1,1
12111,FLORIDA,2020,5.16,4.576479,0.5835210418701173,0.5835210418701173,1,1
12113,FLORIDA,2020,5.23,4.471387,0.7586130905151371,0.7586130905151371,1,1
12115,FLORIDA,2020,4.68,4.3123603,0.36763971328735323,0.36763971328735323,1,1
12117,FLORIDA,2020,4.31,3.652281,0.6577189540863033,0.6577189540863033,1,1
12119,FLORIDA,2020,3.17,3.1422575,0.02774254798889153,0.02774254798889153,1,1
12121,FLORIDA,2020,1.2,0.5355904,0.664409589767456,0.664409589767456,1,1
12123,FLORIDA,2020,6.21,5.2729926,0.9370073890686035,0.9370073890686035,1,1
12125,FLORIDA,2020,3.95,2.5265453,1.4234547138214113,1.4234547138214113,1,1
12127,FLORIDA,2020,5.92,4.9762506,0.9437493515014648,0.9437493515014648,1,1
12129,FLORIDA,2020,6.14,5.6492395,0.490760459899902,0.490760459899902,1,1
12131,FLORIDA,2020,5.84,5.4943123,0.34568771362304673,0.34568771362304673,1,1
12133,FLORIDA,2020,1.73,1.8675779,-0.13757791042327883,0.13757791042327883,1,1
13001,GEORGIA,2020,-4.01,-2.2821357,-1.7278642749786375,1.7278642749786375,0,0
13005,GEORGIA,2020,1.45,2.5710237,-1.12102370262146,1.12102370262146,1,1
13009,GEORGIA,2020,3.37,3.7125988,-0.3425988006591796,0.3425988006591796,1,1
13011,GEORGIA,2020,2.7,2.072324,0.6276759624481203,0.6276759624481203,1,1
13013,GEORGIA,2020,6.44,6.6927967,-0.2527967071533199,0.2527967071533199,1,1
13015,GEORGIA,2020,4.68,5.4792814,-0.7992814254760745,0.7992814254760745,1,1
13017,GEORGIA,2020,4.92,4.4389124,0.4810876083374023,0.4810876083374023,1,1
13019,GEORGIA,2020,6.18,6.8882003,-0.7082002830505374,0.7082002830505374,1,1
13021,GEORGIA,2020,4.44,4.520684,-0.08068376541137656,0.08068376541137656,1,1
13023,GEORGIA,2020,7.8,7.917299,-0.11729879379272479,0.11729879379272479,1,1
13025,GEORGIA,2020,3.43,4.3646007,-0.9346006584167479,0.9346006584167479,1,1
13027,GEORGIA,2020,-0.02,0.5562406,-0.5762406182289124,0.5762406182289124,0,1
13029,GEORGIA,2020,5.11,5.149052,-0.03905214309692351,0.03905214309692351,1,1
13031,GEORGIA,2020,4.15,4.3792963,-0.2292963027954098,0.2292963027954098,1,1
13033,GEORGIA,2020,3.62,3.0949428,0.525057191848755,0.525057191848755,1,1
13035,GEORGIA,2020,5.12,4.856956,0.26304399490356456,0.26304399490356456,1,1
13039,GEORGIA,2020,3.44,3.6370034,-0.19700342178344732,0.19700342178344732,1,1
13043,GEORGIA,2020,-2.13,-2.9876835,0.8576835346221925,0.8576835346221925,0,0
13045,GEORGIA,2020,6.12,6.1414776,-0.02147758483886708,0.02147758483886708,1,1
13047,GEORGIA,2020,5.33,4.761885,0.5681148338317872,0.5681148338317872,1,1
13051,GEORGIA,2020,3.89,2.814999,1.0750008964538575,1.0750008964538575,1,1
13055,GEORGIA,2020,5.0,4.5193534,0.48064661026000977,0.48064661026000977,1,1
13057,GEORGIA,2020,4.7,4.992958,-0.2929580688476561,0.2929580688476561,1,1
13059,GEORGIA,2020,5.81,4.6879177,1.1220822906494137,1.1220822906494137,1,1
13063,GEORGIA,2020,6.34,5.928173,0.411826934814453,0.411826934814453,1,1
13067,GEORGIA,2020,4.93,4.958563,-0.02856285095214872,0.02856285095214872,1,1
13069,GEORGIA,2020,1.84,2.6024528,-0.7624527549743652,0.7624527549743652,1,1
13071,GEORGIA,2020,3.1,2.6494567,0.4505432605743409,0.4505432605743409,1,1
13073,GEORGIA,2020,5.89,6.3486705,-0.45867048263549837,0.45867048263549837,1,1
13075,GEORGIA,2020,-1.85,-2.4307036,0.5807036399841308,0.5807036399841308,0,0
13077,GEORGIA,2020,3.28,4.0343094,-0.7543093872070314,0.7543093872070314,1,1
13079,GEORGIA,2020,3.32,3.4057148,-0.08571475028991715,0.08571475028991715,1,1
13081,GEORGIA,2020,8.53,7.3368573,1.1931426811218255,1.1931426811218255,1,1
13083,GEORGIA,2020,6.71,6.5317273,0.17827268600463864,0.17827268600463864,1,1
13085,GEORGIA,2020,3.78,4.936438,-1.1564380836486818,1.1564380836486818,1,1
13087,GEORGIA,2020,4.36,4.4806185,-0.12061847686767546,0.12061847686767546,1,1
13089,GEORGIA,2020,2.55,1.4391488,1.110851216316223,1.110851216316223,1,1
13091,GEORGIA,2020,10.58,11.265486,-0.6854857635498046,0.6854857635498046,1,1
13093,GEORGIA,2020,11.18,14.210121,-3.0301211547851565,3.0301211547851565,1,1
13095,GEORGIA,2020,4.07,4.528985,-0.45898502349853487,0.45898502349853487,1,1
13097,GEORGIA,2020,7.91,6.092289,1.8177110290527345,1.8177110290527345,1,1
13099,GEORGIA,2020,-2.96,-2.2513247,-0.7086753463745117,0.7086753463745117,0,0
13103,GEORGIA,2020,3.73,3.6765847,0.05341527938842772,0.05341527938842772,1,1
13105,GEORGIA,2020,2.85,2.3777423,0.4722577095031739,0.4722577095031739,1,1
13107,GEORGIA,2020,3.23,2.8719862,0.35801384925842283,0.35801384925842283,1,1
13109,GEORGIA,2020,-3.68,-2.3422647,-1.337735347747803,1.337735347747803,0,0
13111,GEORGIA,2020,6.33,7.4451003,-1.1151003074645995,1.1151003074645995,1,1
13113,GEORGIA,2020,3.36,3.66057,-0.30056990623474134,0.30056990623474134,1,1
13115,GEORGIA,2020,5.11,5.617777,-0.5077768707275387,0.5077768707275387,1,1
13117,GEORGIA,2020,3.65,3.4668207,0.18317928314208975,0.18317928314208975,1,1
13119,GEORGIA,2020,5.14,3.2682474,1.8717526340484616,1.8717526340484616,1,1
13121,GEORGIA,2020,3.36,3.3430176,0.016982421874999876,0.016982421874999876,1,1
13123,GEORGIA,2020,6.62,6.1476,0.4723998260498048,0.4723998260498048,1,1
13127,GEORGIA,2020,5.89,4.5612054,1.3287946128845212,1.3287946128845212,1,1
13129,GEORGIA,2020,6.71,5.344562,1.36543794631958,1.36543794631958,1,1
13131,GEORGIA,2020,6.2,6.5179577,-0.3179576873779295,0.3179576873779295,1,1
13133,GEORGIA,2020,6.8,6.7076764,0.092323589324951,0.092323589324951,1,1
13135,GEORGIA,2020,4.46,4.1480613,0.31193872451782223,0.31193872451782223,1,1
13137,GEORGIA,2020,4.66,4.448638,0.21136203765869155,0.21136203765869155,1,1
13139,GEORGIA,2020,5.15,4.4800496,0.6699503898620609,0.6699503898620609,1,1
13143,GEORGIA,2020,2.41,2.9590528,-0.549052801132202,0.549052801132202,1,1
13145,GEORGIA,2020,4.58,4.662227,-0.0822271537780761,0.0822271537780761,1,1
13147,GEORGIA,2020,4.59,4.3837333,0.20626672744750962,0.20626672744750962,1,1
13149,GEORGIA,2020,6.49,6.9543037,-0.4643037414550779,0.4643037414550779,1,1
13151,GEORGIA,2020,5.6,6.5410037,-0.9410037040710453,0.9410037040710453,1,1
13153,GEORGIA,2020,4.9,5.2709227,-0.37092266082763636,0.37092266082763636,1,1
13155,GEORGIA,2020,1.57,0.5252066,1.0447933745384217,1.0447933745384217,1,1
13157,GEORGIA,2020,4.42,3.2795937,1.1404062938690185,1.1404062938690185,1,1
13159,GEORGIA,2020,5.43,5.205896,0.22410409927368136,0.22410409927368136,1,1
13161,GEORGIA,2020,4.9,5.566435,-0.6664348602294918,0.6664348602294918,1,1
13163,GEORGIA,2020,6.7,6.288293,0.41170711517334,0.41170711517334,1,1
13169,GEORGIA,2020,3.88,3.454397,0.42560303688049306,0.42560303688049306,1,1
13171,GEORGIA,2020,5.7,5.5861125,0.11388750076293963,0.11388750076293963,1,1
13175,GEORGIA,2020,0.5,-0.20746368,0.7074636816978455,0.7074636816978455,1,0
13177,GEORGIA,2020,5.12,5.5553904,-0.4353903579711913,0.4353903579711913,1,1
13179,GEORGIA,2020,5.83,5.0900326,0.7399674224853516,0.7399674224853516,1,1
13181,GEORGIA,2020,6.46,6.1698685,0.2901315307617187,0.2901315307617187,1,1
13185,GEORGIA,2020,2.93,3.3374965,-0.40749651908874496,0.40749651908874496,1,1
13187,GEORGIA,2020,4.65,5.5090313,-0.8590312957763668,0.8590312957763668,1,1
13189,GEORGIA,2020,5.54,5.632238,-0.0922379112243652,0.0922379112243652,1,1
13191,GEORGIA,2020,0.57,0.45426533,0.11573467373847957,0.11573467373847957,1,1
13193,GEORGIA,2020,20.87,18.665733,2.2042666625976572,2.2042666625976572,1,1
13195,GEORGIA,2020,3.18,4.424497,-1.2444971275329588,1.2444971275329588,1,1
13199,GEORGIA,2020,2.05,1.8554935,0.19450645446777326,0.19450645446777326,1,1
13201,GEORGIA,2020,-3.17,-2.701953,-0.4680470657348632,0.4680470657348632,0,0
13205,GEORGIA,2020,-2.82,-2.378024,-0.4419758987426756,0.4419758987426756,0,0
13207,GEORGIA,2020,3.58,3.3211055,0.2588945198059083,0.2588945198059083,1,1
13209,GEORGIA,2020,-4.42,-4.72563,0.30562980651855476,0.30562980651855476,0,0
13211,GEORGIA,2020,3.38,4.1501846,-0.7701846313476564,0.7701846313476564,1,1
13213,GEORGIA,2020,4.16,4.333612,-0.17361196517944322,0.17361196517944322,1,1
13215,GEORGIA,2020,4.42,4.6836586,-0.2636585998535157,0.2636585998535157,1,1
13217,GEORGIA,2020,4.5,5.495098,-0.9950981140136719,0.9950981140136719,1,1
13219,GEORGIA,2020,3.03,2.8564212,0.17357876777648906,0.17357876777648906,1,1
13221,GEORGIA,2020,5.52,5.673911,-0.15391109466552777,0.15391109466552777,1,1
13223,GEORGIA,2020,5.81,6.4564366,-0.6464366340637211,0.6464366340637211,1,1
13225,GEORGIA,2020,1.96,1.7683885,0.19161149024963375,0.19161149024963375,1,1
13227,GEORGIA,2020,3.97,3.5677395,0.40226051330566426,0.40226051330566426,1,1
13229,GEORGIA,2020,3.22,3.0288718,0.19112822532653828,0.19112822532653828,1,1
13231,GEORGIA,2020,5.55,4.769346,0.7806537628173826,0.7806537628173826,1,1
13233,GEORGIA,2020,5.76,7.537323,-1.7773229980468752,1.7773229980468752,1,1
13235,GEORGIA,2020,0.81,-0.25593692,1.0659369206428528,1.0659369206428528,1,0
13237,GEORGIA,2020,5.02,5.2628436,-0.2428436088562016,0.2428436088562016,1,1
13241,GEORGIA,2020,8.28,7.702945,0.5770547676086419,0.5770547676086419,1,1
13245,GEORGIA,2020,6.27,6.2192535,0.050746459960937074,0.050746459960937074,1,1
13247,GEORGIA,2020,7.47,7.371687,0.09831306457519506,0.09831306457519506,1,1
13249,GEORGIA,2020,-0.21,0.98422736,-1.1942273592948913,1.1942273592948913,0,1
13251,GEORGIA,2020,13.44,13.293418,0.14658206939697216,0.14658206939697216,1,1
13253,GEORGIA,2020,-6.21,-4.580932,-1.6290678596496582,1.6290678596496582,0,0
13255,GEORGIA,2020,9.07,9.540457,-0.47045677185058565,0.47045677185058565,1,1
13257,GEORGIA,2020,5.58,5.2004685,0.3795314598083497,0.3795314598083497,1,1
13261,GEORGIA,2020,4.25,3.7625546,0.4874453544616699,0.4874453544616699,1,1
13263,GEORGIA,2020,3.17,3.5964713,-0.4264713096618653,0.4264713096618653,1,1
13267,GEORGIA,2020,3.22,3.7023413,-0.48234131813049297,0.48234131813049297,1,1
13273,GEORGIA,2020,-1.63,-1.4559337,-0.17406630992889394,0.17406630992889394,0,0
13275,GEORGIA,2020,3.3,3.269641,0.030359077453613104,0.030359077453613104,1,1
13277,GEORGIA,2020,4.67,4.1416306,0.5283693504333495,0.5283693504333495,1,1
13279,GEORGIA,2020,1.5,0.96249145,0.5375085473060608,0.5375085473060608,1,1
13281,GEORGIA,2020,1.44,0.20966023,1.2303397679328918,1.2303397679328918,1,1
13285,GEORGIA,2020,4.54,3.7417285,0.7982714557647705,0.7982714557647705,1,1
13287,GEORGIA,2020,9.87,11.145532,-1.275531654357911,1.275531654357911,1,1
13291,GEORGIA,2020,5.79,4.5828786,1.207121410369873,1.207121410369873,1,1
13293,GEORGIA,2020,5.4,4.509435,0.8905648231506351,0.8905648231506351,1,1
13295,GEORGIA,2020,5.09,4.82055,0.2694500350952147,0.2694500350952147,1,1
13297,GEORGIA,2020,6.3,7.733326,-1.4333259582519533,1.4333259582519533,1,1
13299,GEORGIA,2020,1.08,0.48022136,0.5997786390781403,0.5997786390781403,1,1
13303,GEORGIA,2020,6.3,6.196853,0.10314683914184553,0.10314683914184553,1,1
13305,GEORGIA,2020,3.54,2.5484357,0.9915643119812012,0.9915643119812012,1,1
13311,GEORGIA,2020,2.26,1.8488619,0.4111380672454832,0.4111380672454832,1,1
13313,GEORGIA,2020,6.07,5.709659,0.36034090042114286,0.36034090042114286,1,1
13315,GEORGIA,2020,-1.58,0.1765695,-1.7565695065259934,1.7565695065259934,0,1
13317,GEORGIA,2020,20.81,18.301565,2.508434829711913,2.508434829711913,1,1
13319,GEORGIA,2020,0.32,1.8745514,-1.5545514154434203,1.5545514154434203,1,1
13321,GEORGIA,2020,-0.94,-0.29462644,-0.6453735554218292,0.6453735554218292,0,0
15001,HAWAII,2020,3.32,0.28849596,3.03150404214859,3.03150404214859,1,1
15003,HAWAII,2020,-1.31,-2.7116385,1.4016384506225585,1.4016384506225585,0,0
15007,HAWAII,2020,2.83,1.4148492,1.4151508378982545,1.4151508378982545,1,1
15009,HAWAII,2020,1.37,-1.6307591,3.000759119987488,3.000759119987488,1,0
16001,IDAHO,2020,9.04,8.475745,0.5642547988891593,0.5642547988891593,1,1
16003,IDAHO,2020,13.25,13.733866,-0.48386573791503906,0.48386573791503906,1,1
16005,IDAHO,2020,8.56,8.085641,0.47435909271240284,0.47435909271240284,1,1
16007,IDAHO,2020,2.8,2.285812,0.5141880989074705,0.5141880989074705,1,1
16009,IDAHO,2020,7.88,7.9300327,-0.05003273010253917,0.05003273010253917,1,1
16011,IDAHO,2020,9.15,10.162947,-1.0129467010498043,1.0129467010498043,1,1
16013,IDAHO,2020,6.78,5.879864,0.9001357841491702,0.9001357841491702,1,1
16015,IDAHO,2020,9.55,10.436274,-0.8862735748291009,0.8862735748291009,1,1
16017,IDAHO,2020,10.18,9.266311,0.9136893081665036,0.9136893081665036,1,1
16019,IDAHO,2020,10.28,9.615254,0.6647455978393548,0.6647455978393548,1,1
16021,IDAHO,2020,6.68,7.3869214,-0.7069214057922366,0.7069214057922366,1,1
16023,IDAHO,2020,2.36,1.8955309,0.464469060897827,0.464469060897827,1,1
16027,IDAHO,2020,11.18,8.989218,2.190782241821289,2.190782241821289,1,1
16029,IDAHO,2020,5.69,5.3545337,0.3354663276672367,0.3354663276672367,1,1
16031,IDAHO,2020,6.29,4.7076316,1.5823684120178223,1.5823684120178223,1,1
16035,IDAHO,2020,5.21,4.4700594,0.7399406051635742,0.7399406051635742,1,1
16037,IDAHO,2020,9.14,10.1651745,-1.0251744842529291,1.0251744842529291,1,1
16039,IDAHO,2020,12.93,12.220972,0.7090279388427732,0.7090279388427732,1,1
16041,IDAHO,2020,6.25,6.6655865,-0.4155864715576172,0.4155864715576172,1,1
16043,IDAHO,2020,11.2,11.354231,-0.1542308807373054,0.1542308807373054,1,1
16045,IDAHO,2020,13.2,12.660996,0.5390035629272454,0.5390035629272454,1,1
16047,IDAHO,2020,7.23,7.3184376,-0.08843757629394489,0.08843757629394489,1,1
16049,IDAHO,2020,7.97,7.14027,0.8297297668457029,0.8297297668457029,1,1
16051,IDAHO,2020,7.89,7.2791862,0.6108137512207028,0.6108137512207028,1,1
16053,IDAHO,2020,7.67,7.9652996,-0.29529960632324226,0.29529960632324226,1,1
16055,IDAHO,2020,9.54,8.346369,1.1936312103271476,1.1936312103271476,1,1
16057,IDAHO,2020,4.68,4.2618876,0.4181124496459958,0.4181124496459958,1,1
16059,IDAHO,2020,7.56,7.131377,0.428622779846191,0.428622779846191,1,1
16061,IDAHO,2020,1.9,3.1073804,-1.2073803901672364,1.2073803901672364,1,1
16063,IDAHO,2020,16.45,14.544807,1.905192565917968,1.905192565917968,1,1
16065,IDAHO,2020,7.34,6.597294,0.7427061462402342,0.7427061462402342,1,1
16067,IDAHO,2020,4.5,2.8377554,1.6622445583343506,1.6622445583343506,1,1
16069,IDAHO,2020,6.13,5.8480186,0.2819813537597655,0.2819813537597655,1,1
16071,IDAHO,2020,7.44,7.0199127,0.4200872802734379,0.4200872802734379,1,1
16073,IDAHO,2020,10.84,11.515543,-0.6755429840087892,0.6755429840087892,1,1
16075,IDAHO,2020,9.2,8.949576,0.25042362213134695,0.25042362213134695,1,1
16077,IDAHO,2020,5.61,4.9341784,0.6758216476440433,0.6758216476440433,1,1
16079,IDAHO,2020,11.94,11.868506,0.07149356842040966,0.07149356842040966,1,1
16081,IDAHO,2020,6.2,8.792451,-2.5924509048461912,2.5924509048461912,1,1
16083,IDAHO,2020,7.9,7.522743,0.3772567749023441,0.3772567749023441,1,1
16085,IDAHO,2020,6.17,5.1902685,0.9797314834594726,0.9797314834594726,1,1
16087,IDAHO,2020,9.86,8.991791,0.8682092285156244,0.8682092285156244,1,1
17001,ILLINOIS,2020,2.54,1.9403495,0.5996505403518677,0.5996505403518677,1,1
17005,ILLINOIS,2020,5.11,4.331381,0.7786191558837894,0.7786191558837894,1,1
17007,ILLINOIS,2020,1.47,2.25854,-0.7885399150848389,0.7885399150848389,1,1
17009,ILLINOIS,2020,0.71,0.69704485,0.012955150604248011,0.012955150604248011,1,1
17011,ILLINOIS,2020,-2.09,-1.3769625,-0.7130374574661253,0.7130374574661253,0,0
17015,ILLINOIS,2020,4.03,3.9073782,0.12262180328369165,0.12262180328369165,1,1
17017,ILLINOIS,2020,1.24,2.2590194,-1.0190193748474121,1.0190193748474121,1,1
17019,ILLINOIS,2020,1.49,2.1725178,-0.6825177764892578,0.6825177764892578,1,1
17021,ILLINOIS,2020,0.0,0.6992298,-0.6992297768592834,0.6992297768592834,0,1
17023,ILLINOIS,2020,4.65,4.182958,0.4670418739318851,0.4670418739318851,1,1
17025,ILLINOIS,2020,2.36,1.0877345,1.2722655391693114,1.2722655391693114,1,1
17027,ILLINOIS,2020,-0.21,0.27195358,-0.48195358276367184,0.48195358276367184,0,1
17029,ILLINOIS,2020,1.19,1.8155328,-0.6255328035354615,0.6255328035354615,1,1
17031,ILLINOIS,2020,0.85,2.372324,-1.522323989868164,1.522323989868164,1,1
17033,ILLINOIS,2020,-0.48,-0.60864496,0.12864496231079103,0.12864496231079103,0,0
17035,ILLINOIS,2020,1.84,1.139619,0.7003810071945191,0.7003810071945191,1,1
17037,ILLINOIS,2020,1.62,2.2320015,-0.6120015430450438,0.6120015430450438,1,1
17039,ILLINOIS,2020,-0.26,0.13842599,-0.39842599093914033,0.39842599093914033,0,1
17041,ILLINOIS,2020,1.4,-0.1221697,1.5221697032451629,1.5221697032451629,1,0
17043,ILLINOIS,2020,0.88,1.2857566,-0.40575658798217773,0.40575658798217773,1,1
17045,ILLINOIS,2020,2.61,2.2110844,0.3989156341552733,0.3989156341552733,1,1
17049,ILLINOIS,2020,2.22,1.6336588,0.5863412332534792,0.5863412332534792,1,1
17051,ILLINOIS,2020,1.45,1.0760671,0.3739329099655151,0.3739329099655151,1,1
17053,ILLINOIS,2020,-0.91,-0.2524158,-0.6575841939449311,0.6575841939449311,0,0
17055,ILLINOIS,2020,-0.43,-0.79972196,0.36972195625305176,0.36972195625305176,0,0
17057,ILLINOIS,2020,-2.24,-1.6777374,-0.5622626447677614,0.5622626447677614,0,0
17059,ILLINOIS,2020,-0.99,-1.1192496,0.12924958229064942,0.12924958229064942,0,0
17061,ILLINOIS,2020,0.77,1.2471614,-0.4771613883972168,0.4771613883972168,1,1
17063,ILLINOIS,2020,2.59,3.2226348,-0.632634792327881,0.632634792327881,1,1
17067,ILLINOIS,2020,2.02,1.4594862,0.5605137538909912,0.5605137538909912,1,1
17071,ILLINOIS,2020,4.03,3.3125353,0.7174647140502932,0.7174647140502932,1,1
17073,ILLINOIS,2020,0.83,1.9570713,-1.127071304321289,1.127071304321289,1,1
17075,ILLINOIS,2020,4.89,4.470161,0.41983903884887663,0.41983903884887663,1,1
17077,ILLINOIS,2020,0.6,-1.8959892,2.495989179611206,2.495989179611206,1,0
17079,ILLINOIS,2020,5.07,5.0212154,0.04878456115722685,0.04878456115722685,1,1
17081,ILLINOIS,2020,4.54,3.081811,1.4581890487670899,1.4581890487670899,1,1
17083,ILLINOIS,2020,1.03,1.5833734,-0.5533734273910522,0.5533734273910522,1,1
17085,ILLINOIS,2020,1.17,0.9298943,0.24010567188262932,0.24010567188262932,1,1
17087,ILLINOIS,2020,3.02,3.0091538,0.010846157073974627,0.010846157073974627,1,1
17089,ILLINOIS,2020,1.08,0.55863166,0.5213683414459229,0.5213683414459229,1,1
17091,ILLINOIS,2020,2.64,2.4909697,0.1490303421020509,0.1490303421020509,1,1
17093,ILLINOIS,2020,1.41,1.196447,0.21355298519134513,0.21355298519134513,1,1
17095,ILLINOIS,2020,4.39,4.28675,0.10325016021728484,0.10325016021728484,1,1
17097,ILLINOIS,2020,0.39,0.9165977,-0.5265977239608765,0.5265977239608765,1,1
17099,ILLINOIS,2020,0.98,1.0341008,-0.0541007709503174,0.0541007709503174,1,1
17101,ILLINOIS,2020,0.34,0.81917316,-0.4791731572151184,0.4791731572151184,1,1
17103,ILLINOIS,2020,2.3,3.0403798,-0.7403797626495363,0.7403797626495363,1,1
17105,ILLINOIS,2020,0.79,0.6162862,0.17371378183364872,0.17371378183364872,1,1
17107,ILLINOIS,2020,1.78,2.4983902,-0.7183901977539062,0.7183901977539062,1,1
17109,ILLINOIS,2020,1.74,2.6307938,-0.8907938098907471,0.8907938098907471,1,1
17111,ILLINOIS,2020,1.94,0.5704097,1.3695902848243713,1.3695902848243713,1,1
17113,ILLINOIS,2020,1.49,1.9508256,-0.460825572013855,0.460825572013855,1,1
17115,ILLINOIS,2020,1.78,1.689525,0.0904749917984009,0.0904749917984009,1,1
17117,ILLINOIS,2020,1.87,2.3075738,-0.4375737953186034,0.4375737953186034,1,1
17119,ILLINOIS,2020,2.12,1.501419,0.6185810518264772,0.6185810518264772,1,1
17121,ILLINOIS,2020,3.9,3.7414184,0.15858163833618155,0.15858163833618155,1,1
17123,ILLINOIS,2020,0.17,-0.2600959,0.4300958943367005,0.4300958943367005,1,0
17125,ILLINOIS,2020,-2.0,-1.6728032,-0.3271968364715576,0.3271968364715576,0,0
17127,ILLINOIS,2020,-4.19,-4.1749372,-0.015062751770019922,0.015062751770019922,0,0
17129,ILLINOIS,2020,0.28,0.6462377,-0.36623767137527463,0.36623767137527463,1,1
17131,ILLINOIS,2020,1.66,2.0663671,-0.4063671493530274,0.4063671493530274,1,1
17133,ILLINOIS,2020,1.56,1.7627217,-0.20272165775299067,0.20272165775299067,1,1
17135,ILLINOIS,2020,2.25,1.1837907,1.066209316253662,1.066209316253662,1,1
17137,ILLINOIS,2020,1.17,1.2305962,-0.060596184730529856,0.060596184730529856,1,1
17139,ILLINOIS,2020,6.38,6.686335,-0.30633508682250987,0.30633508682250987,1,1
17141,ILLINOIS,2020,-0.33,0.5845709,-0.9145708847045899,0.9145708847045899,0,1
17143,ILLINOIS,2020,2.1,2.407797,-0.30779709815978995,0.30779709815978995,1,1
17145,ILLINOIS,2020,-0.56,-0.34390068,-0.21609931945800787,0.21609931945800787,0,0
17147,ILLINOIS,2020,1.23,1.2821771,-0.052177090644836444,0.052177090644836444,1,1
17149,ILLINOIS,2020,-0.06,-0.39654154,0.3365415358543396,0.3365415358543396,0,0
17155,ILLINOIS,2020,-5.11,-4.6762156,-0.4337843513488773,0.4337843513488773,0,0
17157,ILLINOIS,2020,3.4,2.3564842,1.0435158252716064,1.0435158252716064,1,1
17159,ILLINOIS,2020,3.0,2.8687346,0.13126540184020996,0.13126540184020996,1,1
17161,ILLINOIS,2020,1.16,2.043663,-0.8836630249023438,0.8836630249023438,1,1
17163,ILLINOIS,2020,2.07,2.2721026,-0.2021025943756105,0.2021025943756105,1,1
17165,ILLINOIS,2020,4.9,4.7364297,0.1635703086853031,0.1635703086853031,1,1
17167,ILLINOIS,2020,0.97,1.5957346,-0.6257345962524414,0.6257345962524414,1,1
17169,ILLINOIS,2020,2.69,3.4837615,-0.7937615489959717,0.7937615489959717,1,1
17171,ILLINOIS,2020,2.62,2.8816128,-0.26161277770996083,0.26161277770996083,1,1
17173,ILLINOIS,2020,4.07,2.8360515,1.2339485359191897,1.2339485359191897,1,1
17175,ILLINOIS,2020,3.1,4.1919913,-1.0919913291931151,1.0919913291931151,1,1
17177,ILLINOIS,2020,5.2,5.060771,0.1392290115356447,0.1392290115356447,1,1
17179,ILLINOIS,2020,2.34,2.9924219,-0.652421865463257,0.652421865463257,1,1
17181,ILLINOIS,2020,0.39,-0.1109666,0.5009666004776955,0.5009666004776955,1,0
17183,ILLINOIS,2020,2.15,2.132593,0.01740708351135245,0.01740708351135245,1,1
17185,ILLINOIS,2020,2.33,2.5045524,-0.17455236434936516,0.17455236434936516,1,1
17187,ILLINOIS,2020,6.51,5.182721,1.3272788619995115,1.3272788619995115,1,1
17189,ILLINOIS,2020,5.04,4.38297,0.657030143737793,0.657030143737793,1,1
17191,ILLINOIS,2020,-3.56,-3.9864895,0.4264895343780517,0.4264895343780517,0,0
17193,ILLINOIS,2020,2.0,-0.20498353,2.2049835324287415,2.2049835324287415,1,0
17195,ILLINOIS,2020,3.83,3.937505,-0.10750500679016106,0.10750500679016106,1,1
17197,ILLINOIS,2020,1.23,1.201096,0.02890394210815428,0.02890394210815428,1,1
17199,ILLINOIS,2020,2.29,2.44005,-0.15004988670349118,0.15004988670349118,1,1
17201,ILLINOIS,2020,1.84,2.1251807,-0.2851807212829589,0.2851807212829589,1,1
17203,ILLINOIS,2020,2.64,3.2922606,-0.6522606468200682,0.6522606468200682,1,1
18001,INDIANA,2020,1.53,0.8794133,0.6505866932868958,0.6505866932868958,1,1
18003,INDIANA,2020,5.71,4.346952,1.363048038482666,1.363048038482666,1,1
18005,INDIANA,2020,4.17,4.2133403,-0.04334028244018562,0.04334028244018562,1,1
18007,INDIANA,2020,7.07,5.98879,1.0812099647521975,1.0812099647521975,1,1
18009,INDIANA,2020,6.66,5.8287735,0.8312265014648439,0.8312265014648439,1,1
18011,INDIANA,2020,4.65,4.796322,-0.14632186889648402,0.14632186889648402,1,1
18013,INDIANA,2020,3.19,2.720403,0.4695970439910888,0.4695970439910888,1,1
18015,INDIANA,2020,1.58,1.1504405,0.42955954551696784,0.42955954551696784,1,1
18017,INDIANA,2020,6.07,4.830703,1.2392972183227542,1.2392972183227542,1,1
18019,INDIANA,2020,4.82,4.5778284,0.24217159271240263,0.24217159271240263,1,1
18021,INDIANA,2020,5.04,4.63977,0.40022996902465824,0.40022996902465824,1,1
18023,INDIANA,2020,8.45,7.964141,0.4858591079711907,0.4858591079711907,1,1
18025,INDIANA,2020,3.93,3.7613773,0.1686226654052736,0.1686226654052736,1,1
18027,INDIANA,2020,-2.26,-2.63036,0.37035988807678244,0.37035988807678244,0,0
18029,INDIANA,2020,3.71,3.3228188,0.38718124389648434,0.38718124389648434,1,1
18031,INDIANA,2020,6.3,6.4146404,-0.11464042663574237,0.11464042663574237,1,1
18033,INDIANA,2020,4.31,5.051197,-0.7411970520019535,0.7411970520019535,1,1
18035,INDIANA,2020,3.87,2.1875377,1.682462329864502,1.682462329864502,1,1
18037,INDIANA,2020,3.12,3.2720585,-0.15205848693847646,0.15205848693847646,1,1
18039,INDIANA,2020,4.41,3.4105923,0.9994076824188234,0.9994076824188234,1,1
18041,INDIANA,2020,5.91,7.2157626,-1.3057626152038573,1.3057626152038573,1,1
18043,INDIANA,2020,4.74,4.3472753,0.3927247428894045,0.3927247428894045,1,1
18045,INDIANA,2020,2.63,2.4980755,0.1319245147705077,0.1319245147705077,1,1
18047,INDIANA,2020,3.18,1.2046875,1.975312523841858,1.975312523841858,1,1
18049,INDIANA,2020,4.67,4.3146386,0.3553613853454589,0.3553613853454589,1,1
18051,INDIANA,2020,3.04,3.3878427,-0.34784265518188473,0.34784265518188473,1,1
18053,INDIANA,2020,6.31,6.0608506,0.24914937973022422,0.24914937973022422,1,1
18055,INDIANA,2020,3.07,2.9904447,0.07955533981323226,0.07955533981323226,1,1
18057,INDIANA,2020,2.57,3.375998,-0.8059980201721193,0.8059980201721193,1,1
18059,INDIANA,2020,3.51,3.158204,0.3517959213256834,0.3517959213256834,1,1
18061,INDIANA,2020,2.82,3.6210072,-0.8010072040557863,0.8010072040557863,1,1
18063,INDIANA,2020,4.5,4.603492,-0.10349178314208984,0.10349178314208984,1,1
18065,INDIANA,2020,2.3,2.0066476,0.29335241317749006,0.29335241317749006,1,1
18067,INDIANA,2020,4.5,4.778913,-0.2789130210876465,0.2789130210876465,1,1
18069,INDIANA,2020,4.27,5.3453045,-1.0753044891357426,1.0753044891357426,1,1
18071,INDIANA,2020,2.4,1.5285003,0.8714996814727782,0.8714996814727782,1,1
18073,INDIANA,2020,2.94,2.290463,0.6495370292663574,0.6495370292663574,1,1
18075,INDIANA,2020,2.93,2.909808,0.020192079544067543,0.020192079544067543,1,1
18077,INDIANA,2020,3.95,3.5226057,0.42739434242248553,0.42739434242248553,1,1
18079,INDIANA,2020,4.93,4.192204,0.7377960014343259,0.7377960014343259,1,1
18081,INDIANA,2020,4.63,3.879346,0.7506541061401366,0.7506541061401366,1,1
18083,INDIANA,2020,1.39,1.574484,-0.18448399066925059,0.18448399066925059,1,1
18085,INDIANA,2020,3.01,2.7034867,0.3065133190155027,0.3065133190155027,1,1
18087,INDIANA,2020,2.22,2.5494564,-0.3294563579559324,0.3294563579559324,1,1
18089,INDIANA,2020,3.61,3.025993,0.5840068912506102,0.5840068912506102,1,1
18091,INDIANA,2020,3.59,2.9304082,0.6595917606353758,0.6595917606353758,1,1
18093,INDIANA,2020,5.84,5.514165,0.3258350753784178,0.3258350753784178,1,1
18095,INDIANA,2020,4.81,3.7789593,1.0310407257080074,1.0310407257080074,1,1
18097,INDIANA,2020,5.19,3.7064493,1.4835507297515873,1.4835507297515873,1,1
18099,INDIANA,2020,3.55,3.032958,0.5170419692993162,0.5170419692993162,1,1
18101,INDIANA,2020,0.41,-0.47704276,0.8870427644252776,0.8870427644252776,1,0
18103,INDIANA,2020,4.96,4.5907907,0.36920925140380856,0.36920925140380856,1,1
18105,INDIANA,2020,3.5,3.1120033,0.3879966735839844,0.3879966735839844,1,1
18107,INDIANA,2020,3.78,4.9288387,-1.1488387298583986,1.1488387298583986,1,1
18109,INDIANA,2020,4.5,4.1428113,0.35718870162963867,0.35718870162963867,1,1
18111,INDIANA,2020,5.22,3.780541,1.4394590568542478,1.4394590568542478,1,1
18113,INDIANA,2020,4.49,3.991093,0.4989070796966555,0.4989070796966555,1,1
18115,INDIANA,2020,2.52,2.3942327,0.12576725006103517,0.12576725006103517,1,1
18117,INDIANA,2020,2.74,2.3903735,0.34962653160095236,0.34962653160095236,1,1
18119,INDIANA,2020,5.94,7.094024,-1.1540241813659664,1.1540241813659664,1,1
18121,INDIANA,2020,6.6,6.414512,0.1854878425598141,0.1854878425598141,1,1
18123,INDIANA,2020,3.81,2.5812676,1.2287324047088624,1.2287324047088624,1,1
18125,INDIANA,2020,1.57,0.14637512,1.4236248803138734,1.4236248803138734,1,1
18127,INDIANA,2020,3.67,3.1767254,0.49327461242675774,0.49327461242675774,1,1
18129,INDIANA,2020,3.92,3.910033,0.009967012405395437,0.009967012405395437,1,1
18131,INDIANA,2020,5.4,4.53952,0.8604802131652836,0.8604802131652836,1,1
18133,INDIANA,2020,5.44,5.1262894,0.31371063232421914,0.31371063232421914,1,1
18135,INDIANA,2020,2.89,2.6964078,0.19359220504760755,0.19359220504760755,1,1
18137,INDIANA,2020,3.82,2.817268,1.0027321052551268,1.0027321052551268,1,1
18139,INDIANA,2020,5.37,5.184857,0.18514310836792003,0.18514310836792003,1,1
18141,INDIANA,2020,4.36,2.7578323,1.602167711257935,1.602167711257935,1,1
18143,INDIANA,2020,3.48,2.3005712,1.1794287967681885,1.1794287967681885,1,1
18145,INDIANA,2020,6.19,5.8184566,0.37154335021972695,0.37154335021972695,1,1
18147,INDIANA,2020,5.64,4.9170475,0.7229524993896481,0.7229524993896481,1,1
18149,INDIANA,2020,3.65,3.4365194,0.21348061561584464,0.21348061561584464,1,1
18151,INDIANA,2020,3.87,4.9057403,-1.0357402610778808,1.0357402610778808,1,1
18153,INDIANA,2020,4.51,4.1550074,0.35499263763427713,0.35499263763427713,1,1
18155,INDIANA,2020,-0.31,-0.14140557,-0.16859443247318268,0.16859443247318268,0,0
18157,INDIANA,2020,3.66,4.048423,-0.3884228134155272,0.3884228134155272,1,1
18159,INDIANA,2020,4.72,4.5150447,0.20495531082153295,0.20495531082153295,1,1
18161,INDIANA,2020,2.01,1.5422316,0.4677684402465818,0.4677684402465818,1,1
18163,INDIANA,2020,2.22,1.4167444,0.8032556486129763,0.8032556486129763,1,1
18165,INDIANA,2020,2.93,2.2552772,0.6747228431701662,0.6747228431701662,1,1
18167,INDIANA,2020,3.36,3.4670968,-0.10709680557250989,0.10709680557250989,1,1
18169,INDIANA,2020,4.13,2.9693978,1.160602216720581,1.160602216720581,1,1
18171,INDIANA,2020,5.01,3.9683056,1.041694412231445,1.041694412231445,1,1
18173,INDIANA,2020,3.13,3.2555466,-0.12554656982421886,0.12554656982421886,1,1
18175,INDIANA,2020,6.2,4.621564,1.578436088562012,1.578436088562012,1,1
18177,INDIANA,2020,3.55,3.6225724,-0.07257242202758807,0.07257242202758807,1,1
18179,INDIANA,2020,2.87,3.0505972,-0.1805971908569335,0.1805971908569335,1,1
18181,INDIANA,2020,4.77,3.9763122,0.7936878395080562,0.7936878395080562,1,1
18183,INDIANA,2020,2.59,2.6341817,-0.044181737899780416,0.044181737899780416,1,1
19001,IOWA,2020,5.02,4.0794554,0.9405446243286129,0.9405446243286129,1,1
19005,IOWA,2020,3.6,3.8938732,-0.2938732147216796,0.2938732147216796,1,1
19007,IOWA,2020,3.02,2.2332847,0.7867152881622315,0.7867152881622315,1,1
19009,IOWA,2020,1.56,0.3559276,1.204072413444519,1.204072413444519,1,1
19011,IOWA,2020,3.33,3.9867609,-0.6567608547210693,0.6567608547210693,1,1
19013,IOWA,2020,1.25,1.9848821,-0.734882116317749,0.734882116317749,1,1
19015,IOWA,2020,1.42,2.3146517,-0.8946517276763917,0.8946517276763917,1,1
19017,IOWA,2020,-0.48,0.17555173,-0.6555517274141311,0.6555517274141311,0,1
19019,IOWA,2020,3.44,4.325941,-0.8859410858154297,0.8859410858154297,1,1
19021,IOWA,2020,2.35,3.5777757,-1.2277757167816161,1.2277757167816161,1,1
19023,IOWA,2020,-1.28,-1.2931391,0.01313910007476804,0.01313910007476804,0,0
19025,IOWA,2020,7.24,7.207426,0.032573928833008026,0.032573928833008026,1,1
19027,IOWA,2020,1.79,1.5810548,0.20894519329071048,0.20894519329071048,1,1
19029,IOWA,2020,2.67,2.6973143,-0.02731426239013679,0.02731426239013679,1,1
19031,IOWA,2020,0.4,1.2713213,-0.8713212966918945,0.8713212966918945,1,1
19033,IOWA,2020,2.17,2.7199948,-0.5499947834014893,0.5499947834014893,1,1
19035,IOWA,2020,0.78,1.784608,-1.004608006477356,1.004608006477356,1,1
19037,IOWA,2020,-1.75,-2.569317,0.819317102432251,0.819317102432251,0,0
19039,IOWA,2020,4.0,3.8526714,0.14732861518859863,0.14732861518859863,1,1
19041,IOWA,2020,0.59,1.9114976,-1.3214975929260255,1.3214975929260255,1,1
19043,IOWA,2020,3.04,1.7037055,1.3362944507598877,1.3362944507598877,1,1
19045,IOWA,2020,2.41,3.3685856,-0.9585855865478514,0.9585855865478514,1,1
19047,IOWA,2020,1.32,0.6595746,0.6604253721237183,0.6604253721237183,1,1
19049,IOWA,2020,0.13,2.0430188,-1.9130188179016114,1.9130188179016114,1,1
19051,IOWA,2020,2.69,3.2934616,-0.603461561203003,0.603461561203003,1,1
19053,IOWA,2020,8.95,10.46357,-1.513569641113282,1.513569641113282,1,1
19055,IOWA,2020,0.62,1.5228282,-0.902828221321106,0.902828221321106,1,1
19057,IOWA,2020,0.47,0.3981636,0.07183641314506528,0.07183641314506528,1,1
19059,IOWA,2020,1.13,2.0825615,-0.952561492919922,0.952561492919922,1,1
19061,IOWA,2020,1.83,2.1018434,-0.27184335708618157,0.27184335708618157,1,1
19063,IOWA,2020,-0.32,-0.28057238,-0.039427615404129035,0.039427615404129035,0,0
19065,IOWA,2020,0.5,0.29816997,0.20183002948760986,0.20183002948760986,1,1
19067,IOWA,2020,5.19,4.7735353,0.41646474838256875,0.41646474838256875,1,1
19069,IOWA,2020,4.0,6.21145,-2.2114500999450684,2.2114500999450684,1,1
19071,IOWA,2020,-0.75,-1.5592006,0.809200644493103,0.809200644493103,0,0
19073,IOWA,2020,-1.87,-2.4058583,0.535858278274536,0.535858278274536,0,0
19075,IOWA,2020,3.4,3.6407833,-0.24078330993652353,0.24078330993652353,1,1
19077,IOWA,2020,4.96,4.364029,0.5959710693359375,0.5959710693359375,1,1
19079,IOWA,2020,-1.2,-1.3427418,0.1427418470382691,0.1427418470382691,0,0
19081,IOWA,2020,1.28,1.472428,-0.19242796421051023,0.19242796421051023,1,1
19083,IOWA,2020,2.2,1.5292118,0.6707882404327394,0.6707882404327394,1,1
19085,IOWA,2020,3.63,3.8885355,-0.258535499572754,0.258535499572754,1,1
19087,IOWA,2020,2.94,3.8873847,-0.9473846530914307,0.9473846530914307,1,1
19089,IOWA,2020,5.42,4.9433246,0.47667543411254876,0.47667543411254876,1,1
19091,IOWA,2020,-0.61,-0.24199213,-0.3680078691244125,0.3680078691244125,0,0
19093,IOWA,2020,2.47,2.2481422,0.22185775756835957,0.22185775756835957,1,1
19095,IOWA,2020,2.84,4.063341,-1.2233411407470705,1.2233411407470705,1,1
19097,IOWA,2020,1.76,1.4495137,0.3104863262176514,0.3104863262176514,1,1
19099,IOWA,2020,0.95,1.0661702,-0.1161702156066895,0.1161702156066895,1,1
19101,IOWA,2020,-1.5,-1.902029,0.40202903747558594,0.40202903747558594,0,0
19103,IOWA,2020,0.91,1.7816525,-0.8716524505615234,0.8716524505615234,1,1
19105,IOWA,2020,1.35,1.415287,-0.06528701782226554,0.06528701782226554,1,1
19107,IOWA,2020,-0.04,-0.21199575,0.17199575066566467,0.17199575066566467,0,0
19109,IOWA,2020,1.66,2.4077384,-0.7477384471893311,0.7477384471893311,1,1
19111,IOWA,2020,5.1,5.8459377,-0.7459377288818363,0.7459377288818363,1,1
19113,IOWA,2020,2.01,1.9081954,0.10180462360382059,0.10180462360382059,1,1
19115,IOWA,2020,-0.11,-0.064146034,-0.04585396558046341,0.04585396558046341,0,0
19117,IOWA,2020,1.7,1.8660297,-0.16602973937988286,0.16602973937988286,1,1
19119,IOWA,2020,3.14,3.468833,-0.3288329696655272,0.3288329696655272,1,1
19121,IOWA,2020,-0.67,-0.21512091,-0.4548790884017945,0.4548790884017945,0,0
19123,IOWA,2020,1.82,2.994958,-1.17495792388916,1.17495792388916,1,1
19125,IOWA,2020,0.49,0.6170763,-0.12707627773284913,0.12707627773284913,1,1
19127,IOWA,2020,2.05,2.6425974,-0.5925974369049074,0.5925974369049074,1,1
19129,IOWA,2020,3.4,3.9841778,-0.5841778278350831,0.5841778278350831,1,1
19131,IOWA,2020,0.81,0.35084015,0.459159848690033,0.459159848690033,1,1
19133,IOWA,2020,2.88,2.5459197,0.33408034324645985,0.33408034324645985,1,1
19135,IOWA,2020,6.23,6.287204,-0.05720378875732379,0.05720378875732379,1,1
19137,IOWA,2020,-3.16,-2.87709,-0.28291002273559585,0.28291002273559585,0,0
19139,IOWA,2020,2.31,3.3569334,-1.0469333553314208,1.0469333553314208,1,1
19141,IOWA,2020,0.18,0.29883763,-0.11883763194084168,0.11883763194084168,1,1
19143,IOWA,2020,-10.12,-9.542553,-0.5774470520019523,0.5774470520019523,0,0
19145,IOWA,2020,4.7,4.662161,0.03783912658691424,0.03783912658691424,1,1
19147,IOWA,2020,6.86,7.73308,-0.87307991027832,0.87307991027832,1,1
19149,IOWA,2020,1.11,1.4251498,-0.3151497983932494,0.3151497983932494,1,1
19151,IOWA,2020,3.4,4.049687,-0.6496869087219239,0.6496869087219239,1,1
19153,IOWA,2020,1.89,2.410342,-0.5203419780731202,0.5203419780731202,1,1
19155,IOWA,2020,4.71,5.0230184,-0.3130183601379395,0.3130183601379395,1,1
19157,IOWA,2020,2.12,2.2119403,-0.09194028854370107,0.09194028854370107,1,1
19159,IOWA,2020,8.13,10.23922,-2.109219665527343,2.109219665527343,1,1
19161,IOWA,2020,1.33,0.9846148,0.3453852105140687,0.3453852105140687,1,1
19163,IOWA,2020,2.17,2.1392534,0.030746622085571218,0.030746622085571218,1,1
19165,IOWA,2020,2.96,3.3216197,-0.3616197490692139,0.3616197490692139,1,1
19167,IOWA,2020,1.51,1.3119043,0.19809568881988526,0.19809568881988526,1,1
19169,IOWA,2020,0.61,1.6719176,-1.0619175577163698,1.0619175577163698,1,1
19171,IOWA,2020,3.37,3.8316517,-0.4616516876220702,0.4616516876220702,1,1
19173,IOWA,2020,0.05,0.0780043,-0.02800430059432983,0.02800430059432983,1,1
19175,IOWA,2020,6.38,5.553522,0.8264778900146483,0.8264778900146483,1,1
19179,IOWA,2020,0.55,0.97769904,-0.4276990413665771,0.4276990413665771,1,1
19181,IOWA,2020,0.52,1.0762436,-0.5562436389923096,0.5562436389923096,1,1
19183,IOWA,2020,0.63,1.7156228,-1.0856227827072145,1.0856227827072145,1,1
19185,IOWA,2020,-0.17,0.26193735,-0.4319373500347138,0.4319373500347138,0,1
19187,IOWA,2020,1.03,1.694715,-0.6647150230407715,0.6647150230407715,1,1
19189,IOWA,2020,2.61,2.8098762,-0.19987620353698743,0.19987620353698743,1,1
19191,IOWA,2020,1.55,2.913813,-1.3638131141662597,1.3638131141662597,1,1
19193,IOWA,2020,2.71,2.6731036,0.03689642906188961,0.03689642906188961,1,1
19195,IOWA,2020,2.78,2.665446,0.11455395698547344,0.11455395698547344,1,1
19197,IOWA,2020,2.06,2.500966,-0.4409660720825195,0.4409660720825195,1,1
20001,KANSAS,2020,0.55,0.7529232,-0.20292319059371944,0.20292319059371944,1,1
20003,KANSAS,2020,-1.92,0.32098055,-2.2409805488586425,2.2409805488586425,0,1
20005,KANSAS,2020,2.78,3.1584334,-0.3784334373474123,0.3784334373474123,1,1
20009,KANSAS,2020,0.71,1.3247032,-0.6147032165527344,0.6147032165527344,1,1
20011,KANSAS,2020,-3.9,-3.8286247,-0.07137527465820304,0.07137527465820304,0,0
20013,KANSAS,2020,3.51,3.2708035,0.23919654846191385,0.23919654846191385,1,1
20015,KANSAS,2020,4.89,5.311352,-0.4213517761230472,0.4213517761230472,1,1
20021,KANSAS,2020,8.37,8.598945,-0.22894466400146563,0.22894466400146563,1,1
20023,KANSAS,2020,-6.06,-6.175914,0.11591381072998086,0.11591381072998086,0,0
20027,KANSAS,2020,9.28,9.473622,-0.19362232208252017,0.19362232208252017,1,1
20029,KANSAS,2020,10.47,10.649683,-0.17968299865722592,0.17968299865722592,1,1
20031,KANSAS,2020,1.3,1.5339614,-0.23396141529083248,0.23396141529083248,1,1
20035,KANSAS,2020,4.91,4.938262,-0.02826198577880845,0.02826198577880845,1,1
20037,KANSAS,2020,1.48,1.6417028,-0.16170277118682863,0.16170277118682863,1,1
20041,KANSAS,2020,4.12,4.4070973,-0.28709733963012685,0.28709733963012685,1,1
20043,KANSAS,2020,3.02,2.5156798,0.5043201637268067,0.5043201637268067,1,1
20045,KANSAS,2020,4.38,3.675529,0.7044709968566893,0.7044709968566893,1,1
20051,KANSAS,2020,3.24,4.083685,-0.8436849212646482,0.8436849212646482,1,1
20053,KANSAS,2020,7.34,7.519198,-0.17919794082641616,0.17919794082641616,1,1
20055,KANSAS,2020,2.76,3.3804173,-0.6204173469543459,0.6204173469543459,1,1
20057,KANSAS,2020,3.47,3.9700775,-0.5000775146484373,0.5000775146484373,1,1
20059,KANSAS,2020,2.83,2.158395,0.6716049480438233,0.6716049480438233,1,1
20061,KANSAS,2020,5.08,5.9709234,-0.8909234237670898,0.8909234237670898,1,1
20067,KANSAS,2020,0.44,0.4833896,-0.04338958621025085,0.04338958621025085,1,1
20069,KANSAS,2020,8.82,8.6768465,0.1431534957885745,0.1431534957885745,1,1
20079,KANSAS,2020,1.62,2.3007345,-0.680734519958496,0.680734519958496,1,1
20081,KANSAS,2020,8.29,9.48855,-1.1985501861572274,1.1985501861572274,1,1
20085,KANSAS,2020,2.8,1.4232455,1.3767544507980345,1.3767544507980345,1,1
20087,KANSAS,2020,2.83,0.65412927,2.1758707332611085,2.1758707332611085,1,1
20091,KANSAS,2020,4.53,4.772867,-0.2428672027587888,0.2428672027587888,1,1
20093,KANSAS,2020,1.08,1.2844907,-0.20449070453643792,0.20449070453643792,1,1
20095,KANSAS,2020,7.91,7.7031894,0.20681062698364272,0.20681062698364272,1,1
20099,KANSAS,2020,10.44,10.60449,-0.16449028015136768,0.16449028015136768,1,1
20103,KANSAS,2020,4.32,4.227645,0.09235507965087919,0.09235507965087919,1,1
20107,KANSAS,2020,4.52,4.573899,-0.05389879226684613,0.05389879226684613,1,1
20109,KANSAS,2020,-0.2,1.3373218,-1.5373217582702636,1.5373217582702636,0,1
20111,KANSAS,2020,5.12,5.213417,-0.09341705322265614,0.09341705322265614,1,1
20113,KANSAS,2020,1.11,1.9611077,-0.8511077308654784,0.8511077308654784,1,1
20115,KANSAS,2020,4.21,4.2658315,-0.05583147048950199,0.05583147048950199,1,1
20117,KANSAS,2020,-2.96,-3.2614288,0.30142883300781254,0.30142883300781254,0,0
20119,KANSAS,2020,7.15,9.632279,-2.4822793960571286,2.4822793960571286,1,1
20121,KANSAS,2020,3.8,3.4837863,0.3162136554718016,0.3162136554718016,1,1
20123,KANSAS,2020,-4.87,-4.207168,-0.6628318977355958,0.6628318977355958,0,0
20125,KANSAS,2020,1.67,1.8916907,-0.22169073104858406,0.22169073104858406,1,1
20131,KANSAS,2020,1.39,-0.14448574,1.534485741853714,1.534485741853714,1,0
20133,KANSAS,2020,4.75,5.791421,-1.0414209365844727,1.0414209365844727,1,1
20139,KANSAS,2020,6.89,7.0054913,-0.11549125671386751,0.11549125671386751,1,1
20143,KANSAS,2020,6.7,8.399016,-1.6990163803100584,1.6990163803100584,1,1
20145,KANSAS,2020,3.65,4.8851833,-1.235183334350586,1.235183334350586,1,1
20149,KANSAS,2020,0.03,0.4880911,-0.4580911111831665,0.4580911111831665,1,1
20151,KANSAS,2020,3.04,4.9854546,-1.9454545593261718,1.9454545593261718,1,1
20155,KANSAS,2020,1.56,2.2966182,-0.7366182231903076,0.7366182231903076,1,1
20159,KANSAS,2020,7.15,7.454462,-0.3044620513916012,0.3044620513916012,1,1
20161,KANSAS,2020,2.53,3.073603,-0.5436029148101809,0.5436029148101809,1,1
20163,KANSAS,2020,6.76,8.237186,-1.4771864318847658,1.4771864318847658,1,1
20167,KANSAS,2020,8.1,8.600776,-0.5007757186889652,0.5007757186889652,1,1
20169,KANSAS,2020,2.67,2.6628656,0.007134361267089773,0.007134361267089773,1,1
20171,KANSAS,2020,6.64,8.133079,-1.4930785751342777,1.4930785751342777,1,1
20173,KANSAS,2020,5.55,4.6278925,0.9221075057983397,0.9221075057983397,1,1
20175,KANSAS,2020,0.7,1.8107796,-1.1107795715332032,1.1107795715332032,1,1
20177,KANSAS,2020,4.47,4.470591,-0.0005910682678225143,0.0005910682678225143,1,1
20181,KANSAS,2020,6.77,6.252369,0.5176310729980464,0.5176310729980464,1,1
20189,KANSAS,2020,2.15,1.7171538,0.43284621238708487,0.43284621238708487,1,1
20191,KANSAS,2020,1.32,0.93852824,0.3814717602729798,0.3814717602729798,1,1
20193,KANSAS,2020,1.69,3.2858927,-1.5958927249908448,1.5958927249908448,1,1
20197,KANSAS,2020,-4.7,-5.314227,0.6142271041870115,0.6142271041870115,0,0
20209,KANSAS,2020,7.9,6.844208,1.0557922363281254,1.0557922363281254,1,1
21001,KENTUCKY,2020,1.9,2.0741045,-0.17410454750061044,0.17410454750061044,1,1
21003,KENTUCKY,2020,3.72,3.6899862,0.0300137710571291,0.0300137710571291,1,1
21005,KENTUCKY,2020,4.62,4.376489,0.24351083755493175,0.24351083755493175,1,1
21007,KENTUCKY,2020,11.54,11.34233,0.19767002105712805,0.19767002105712805,1,1
21009,KENTUCKY,2020,3.47,4.158076,-0.6880758094787596,0.6880758094787596,1,1
21011,KENTUCKY,2020,5.11,4.7677965,0.3422034835815433,0.3422034835815433,1,1
21013,KENTUCKY,2020,2.35,2.8069625,-0.456962490081787,0.456962490081787,1,1
21015,KENTUCKY,2020,4.03,4.1863966,-0.15639659881591772,0.15639659881591772,1,1
21017,KENTUCKY,2020,3.45,3.1146042,0.3353957653045656,0.3353957653045656,1,1
21019,KENTUCKY,2020,1.84,2.3214457,-0.48144570350646965,0.48144570350646965,1,1
21021,KENTUCKY,2020,5.47,5.496474,-0.02647378921508814,0.02647378921508814,1,1
21023,KENTUCKY,2020,3.33,3.2035558,0.12644417762756355,0.12644417762756355,1,1
21027,KENTUCKY,2020,1.15,2.3957713,-1.2457712650299073,1.2457712650299073,1,1
21029,KENTUCKY,2020,4.24,4.472287,-0.23228717803955057,0.23228717803955057,1,1
21031,KENTUCKY,2020,1.38,1.806468,-0.4264680099487306,0.4264680099487306,1,1
21033,KENTUCKY,2020,0.81,0.10736336,0.7026366418600083,0.7026366418600083,1,1
21035,KENTUCKY,2020,2.93,3.3647606,-0.43476063728332504,0.43476063728332504,1,1
21037,KENTUCKY,2020,4.27,3.6292913,0.6407087039947506,0.6407087039947506,1,1
21041,KENTUCKY,2020,6.34,6.252616,0.08738407135009751,0.08738407135009751,1,1
21043,KENTUCKY,2020,0.01,-0.41400215,0.4240021502971649,0.4240021502971649,1,0
21045,KENTUCKY,2020,-6.94,-6.8946295,-0.04537052154541055,0.04537052154541055,0,0
21047,KENTUCKY,2020,8.03,7.642685,0.38731506347656186,0.38731506347656186,1,1
21049,KENTUCKY,2020,5.61,4.76853,0.8414701080322269,0.8414701080322269,1,1
21051,KENTUCKY,2020,7.67,6.7560267,0.9139732551574706,0.9139732551574706,1,1
21055,KENTUCKY,2020,11.72,11.51056,0.20943996429443423,0.20943996429443423,1,1
21057,KENTUCKY,2020,-0.14,-0.03943308,-0.10056691929697992,0.10056691929697992,0,0
21059,KENTUCKY,2020,4.73,3.7495744,0.9804255771636967,0.9804255771636967,1,1
21061,KENTUCKY,2020,-1.05,-0.8516853,-0.19831471443176274,0.19831471443176274,0,0
21065,KENTUCKY,2020,4.33,3.1300094,1.1999905872344971,1.1999905872344971,1,1
21067,KENTUCKY,2020,4.02,3.8948507,0.12514926910400348,0.12514926910400348,1,1
21069,KENTUCKY,2020,9.73,10.388747,-0.6587472152709957,0.6587472152709957,1,1
21071,KENTUCKY,2020,5.36,4.3294,1.0305999374389652,1.0305999374389652,1,1
21073,KENTUCKY,2020,5.62,5.199181,0.42081892013549815,0.42081892013549815,1,1
21077,KENTUCKY,2020,-0.44,0.057496615,-0.4974966147542,0.4974966147542,0,1
21079,KENTUCKY,2020,3.44,3.4105675,0.02943247795104975,0.02943247795104975,1,1
21081,KENTUCKY,2020,5.62,5.323459,0.2965408515930177,0.2965408515930177,1,1
21083,KENTUCKY,2020,3.98,4.3292294,-0.34922935485839846,0.34922935485839846,1,1
21085,KENTUCKY,2020,3.49,3.1225848,0.36741518020629904,0.36741518020629904,1,1
21087,KENTUCKY,2020,3.5,3.746147,-0.24614691734313965,0.24614691734313965,1,1
21089,KENTUCKY,2020,3.31,2.8667948,0.4432051753997803,0.4432051753997803,1,1
21091,KENTUCKY,2020,5.35,5.392555,-0.042555236816406605,0.042555236816406605,1,1
21093,KENTUCKY,2020,2.9,3.0185997,-0.11859974861145028,0.11859974861145028,1,1
21095,KENTUCKY,2020,6.42,6.4689274,-0.048927383422851634,0.048927383422851634,1,1
21097,KENTUCKY,2020,5.36,5.162391,0.19760881423950227,0.19760881423950227,1,1
21099,KENTUCKY,2020,12.08,11.363113,0.7168865966796876,0.7168865966796876,1,1
21101,KENTUCKY,2020,4.75,4.6756516,0.07434844970703125,0.07434844970703125,1,1
21103,KENTUCKY,2020,3.31,3.0893657,0.22063427925109869,0.22063427925109869,1,1
21107,KENTUCKY,2020,2.24,2.3845387,-0.1445386505126951,0.1445386505126951,1,1
21111,KENTUCKY,2020,3.49,2.7568195,0.7331805133819582,0.7331805133819582,1,1
21113,KENTUCKY,2020,3.17,2.9215677,0.24843232154846184,0.24843232154846184,1,1
21115,KENTUCKY,2020,3.91,3.5299678,0.38003221511840835,0.38003221511840835,1,1
21117,KENTUCKY,2020,4.92,4.3939686,0.5260314178466796,0.5260314178466796,1,1
21119,KENTUCKY,2020,-6.47,-6.2237453,-0.2462546539306638,0.2462546539306638,0,0
21121,KENTUCKY,2020,1.95,1.9489273,0.0010727167129516157,0.0010727167129516157,1,1
21123,KENTUCKY,2020,6.67,6.009049,0.6609510612487792,0.6609510612487792,1,1
21125,KENTUCKY,2020,5.01,4.8684206,0.1415793991088865,0.1415793991088865,1,1
21127,KENTUCKY,2020,-0.21,-0.4084957,0.19849569439888,0.19849569439888,0,0
21133,KENTUCKY,2020,0.18,0.68162656,-0.5016265583038331,0.5016265583038331,1,1
21137,KENTUCKY,2020,4.77,3.3934345,1.3765654754638668,1.3765654754638668,1,1
21139,KENTUCKY,2020,8.11,6.8057747,1.3042253112792963,1.3042253112792963,1,1
21141,KENTUCKY,2020,5.66,5.6633863,-0.0033863449096678266,0.0033863449096678266,1,1
21143,KENTUCKY,2020,9.14,8.596568,0.5434318923950201,0.5434318923950201,1,1
21145,KENTUCKY,2020,3.25,3.3434947,-0.09349465370178223,0.09349465370178223,1,1
21147,KENTUCKY,2020,3.49,3.9531708,-0.4631707763671873,0.4631707763671873,1,1
21149,KENTUCKY,2020,7.89,7.128884,0.7611161613464352,0.7611161613464352,1,1
21151,KENTUCKY,2020,4.4,3.8727193,0.5272807121276859,0.5272807121276859,1,1
21155,KENTUCKY,2020,0.06,-0.17131308,0.23131307721138,0.23131307721138,1,0
21157,KENTUCKY,2020,3.16,2.9920506,0.16794935226440444,0.16794935226440444,1,1
21161,KENTUCKY,2020,2.45,1.5343739,0.915626120567322,0.915626120567322,1,1
21163,KENTUCKY,2020,3.45,3.5025883,-0.052588272094726385,0.052588272094726385,1,1
21167,KENTUCKY,2020,3.09,3.0217464,0.06825360298156724,0.06825360298156724,1,1
21169,KENTUCKY,2020,0.7,-0.025511015,0.7255110152065753,0.7255110152065753,1,0
21171,KENTUCKY,2020,6.04,4.372014,1.667985954284668,1.667985954284668,1,1
21173,KENTUCKY,2020,4.95,2.4973257,2.4526743412017824,2.4526743412017824,1,1
21175,KENTUCKY,2020,10.91,9.882145,1.0278550720214845,1.0278550720214845,1,1
21177,KENTUCKY,2020,-1.3,-0.33414328,-0.9658567190170289,0.9658567190170289,0,0
21179,KENTUCKY,2020,3.59,3.9956522,-0.40565219879150405,0.40565219879150405,1,1
21181,KENTUCKY,2020,-0.65,-1.0589641,0.40896413326263426,0.40896413326263426,0,0
21183,KENTUCKY,2020,1.96,0.23797381,1.7220261907577514,1.7220261907577514,1,1
21185,KENTUCKY,2020,2.38,2.440352,-0.060351963043213,0.060351963043213,1,1
21187,KENTUCKY,2020,2.0,2.1536882,-0.1536881923675537,0.1536881923675537,1,1
21191,KENTUCKY,2020,2.15,1.7087449,0.44125511646270743,0.44125511646270743,1,1
21193,KENTUCKY,2020,2.86,2.8474174,0.012582645416259641,0.012582645416259641,1,1
21195,KENTUCKY,2020,4.05,3.0280414,1.0219586372375487,1.0219586372375487,1,1
21197,KENTUCKY,2020,8.37,7.7826295,0.5873705101013176,0.5873705101013176,1,1
21199,KENTUCKY,2020,5.99,4.897933,1.0920669937133791,1.0920669937133791,1,1
21203,KENTUCKY,2020,6.72,6.629004,0.09099599838256811,0.09099599838256811,1,1
21205,KENTUCKY,2020,7.01,5.709592,1.300408134460449,1.300408134460449,1,1
21207,KENTUCKY,2020,-0.07,-0.41284007,0.3428400683403015,0.3428400683403015,0,0
21209,KENTUCKY,2020,2.12,2.7264006,-0.6064006137847899,0.6064006137847899,1,1
21211,KENTUCKY,2020,3.03,3.3536072,-0.3236071777343752,0.3236071777343752,1,1
21213,KENTUCKY,2020,4.29,4.031383,0.25861696243286136,0.25861696243286136,1,1
21215,KENTUCKY,2020,5.35,5.0157495,0.33425054550170863,0.33425054550170863,1,1
21217,KENTUCKY,2020,1.83,1.1547852,0.6752148437500001,0.6752148437500001,1,1
21219,KENTUCKY,2020,-4.33,-3.8571806,-0.47281940460205085,0.47281940460205085,0,0
21221,KENTUCKY,2020,3.55,3.5653937,-0.015393686294555842,0.015393686294555842,1,1
21223,KENTUCKY,2020,3.17,4.2063055,-1.036305503845215,1.036305503845215,1,1
21225,KENTUCKY,2020,2.32,1.1360966,1.1839034032821654,1.1839034032821654,1,1
21227,KENTUCKY,2020,1.21,1.4225806,-0.2125805997848511,0.2125805997848511,1,1
21229,KENTUCKY,2020,2.12,1.7514154,0.3685846281051637,0.3685846281051637,1,1
21231,KENTUCKY,2020,3.86,4.1103964,-0.2503963851928712,0.2503963851928712,1,1
21233,KENTUCKY,2020,11.32,9.402847,1.9171527099609378,1.9171527099609378,1,1
21235,KENTUCKY,2020,5.54,5.0231934,0.516806640625,0.516806640625,1,1
21239,KENTUCKY,2020,3.75,4.78681,-1.0368099212646484,1.0368099212646484,1,1
22001,LOUISIANA,2020,0.68,0.31548408,0.3645159232616425,0.3645159232616425,1,1
22003,LOUISIANA,2020,-0.29,0.17090069,-0.46090068757534025,0.46090068757534025,0,1
22005,LOUISIANA,2020,2.33,3.7469714,-1.4169713687896728,1.4169713687896728,1,1
22007,LOUISIANA,2020,4.21,4.219404,-0.009404220581054723,0.009404220581054723,1,1
22009,LOUISIANA,2020,1.01,1.2298763,-0.2198762798309326,0.2198762798309326,1,1
22011,LOUISIANA,2020,2.1,0.57923234,1.5207676649093629,1.5207676649093629,1,1
22013,LOUISIANA,2020,10.18,10.80656,-0.6265595626831058,0.6265595626831058,1,1
22015,LOUISIANA,2020,2.39,3.4716742,-1.0816742038726805,1.0816742038726805,1,1
22017,LOUISIANA,2020,3.35,3.191573,0.1584270954132081,0.1584270954132081,1,1
22019,LOUISIANA,2020,1.05,21.100603,-20.050603103637695,20.050603103637695,1,1
22021,LOUISIANA,2020,1.43,0.96847796,0.4615220355987548,0.4615220355987548,1,1
22023,LOUISIANA,2020,1.8,1.6393436,0.1606563806533814,0.1606563806533814,1,1
22025,LOUISIANA,2020,3.74,3.1386065,0.601393451690674,0.601393451690674,1,1
22027,LOUISIANA,2020,6.91,7.413963,-0.5039628410339354,0.5039628410339354,1,1
22029,LOUISIANA,2020,5.17,5.5214057,-0.35140569686889656,0.35140569686889656,1,1
22031,LOUISIANA,2020,0.87,0.87001204,-1.2044906616215378e-05,1.2044906616215378e-05,1,1
22033,LOUISIANA,2020,1.32,1.2962592,0.023740835189819398,0.023740835189819398,1,1
22037,LOUISIANA,2020,0.73,0.43660018,0.29339982151985167,0.29339982151985167,1,1
22039,LOUISIANA,2020,3.87,3.7508042,0.11919581413269054,0.11919581413269054,1,1
22041,LOUISIANA,2020,1.07,-0.46346623,1.533466227054596,1.533466227054596,1,0
22043,LOUISIANA,2020,0.55,0.4340889,0.11591111421585087,0.11591111421585087,1,1
22045,LOUISIANA,2020,1.44,0.9973594,0.4426406049728393,0.4426406049728393,1,1
22047,LOUISIANA,2020,0.98,1.4375397,-0.45753969669342043,0.45753969669342043,1,1
22049,LOUISIANA,2020,0.25,0.78341806,-0.5334180593490601,0.5334180593490601,1,1
22051,LOUISIANA,2020,3.67,2.11272,1.557279987335205,1.557279987335205,1,1
22053,LOUISIANA,2020,0.32,-0.562427,0.8824269843101502,0.8824269843101502,1,0
22055,LOUISIANA,2020,1.89,1.1152881,0.7747118616104125,0.7747118616104125,1,1
22057,LOUISIANA,2020,0.54,0.7007364,-0.16073640346527096,0.16073640346527096,1,1
22059,LOUISIANA,2020,5.59,5.348836,0.24116405487060533,0.24116405487060533,1,1
22061,LOUISIANA,2020,0.12,0.38360664,-0.2636066424846649,0.2636066424846649,1,1
22063,LOUISIANA,2020,2.4,2.5429335,-0.14293346405029306,0.14293346405029306,1,1
22065,LOUISIANA,2020,3.67,4.934323,-1.2643228340148926,1.2643228340148926,1,1
22067,LOUISIANA,2020,-1.73,-1.9432144,0.21321441650390627,0.21321441650390627,0,0
22069,LOUISIANA,2020,5.02,4.866844,0.15315582275390582,0.15315582275390582,1,1
22071,LOUISIANA,2020,2.45,0.36358437,2.086415630578995,2.086415630578995,1,1
22073,LOUISIANA,2020,1.6,1.8035097,-0.2035097122192382,0.2035097122192382,1,1
22075,LOUISIANA,2020,2.43,2.9100924,-0.4800923538208006,0.4800923538208006,1,1
22077,LOUISIANA,2020,1.58,2.0894196,-0.5094196033477782,0.5094196033477782,1,1
22079,LOUISIANA,2020,1.14,0.6237709,0.5162291073799132,0.5162291073799132,1,1
22083,LOUISIANA,2020,1.56,1.4230573,0.1369426822662354,0.1369426822662354,1,1
22085,LOUISIANA,2020,2.46,2.249599,0.2104010200500488,0.2104010200500488,1,1
22087,LOUISIANA,2020,4.14,2.9914043,1.1485957050323483,1.1485957050323483,1,1
22089,LOUISIANA,2020,3.23,4.2794113,-1.0494113159179688,1.0494113159179688,1,1
22091,LOUISIANA,2020,-6.2,-6.9938025,0.7938025474548338,0.7938025474548338,0,0
22093,LOUISIANA,2020,2.77,2.7949457,-0.02494571685791014,0.02494571685791014,1,1
22095,LOUISIANA,2020,4.36,5.196949,-0.8369490051269528,0.8369490051269528,1,1
22097,LOUISIANA,2020,2.87,3.1297567,-0.25975668907165517,0.25975668907165517,1,1
22099,LOUISIANA,2020,3.07,3.2009141,-0.13091414451599137,0.13091414451599137,1,1
22101,LOUISIANA,2020,3.46,3.5319374,-0.07193736076354984,0.07193736076354984,1,1
22103,LOUISIANA,2020,3.15,3.2876024,-0.13760242462158212,0.13760242462158212,1,1
22105,LOUISIANA,2020,1.76,3.163635,-1.403635015487671,1.403635015487671,1,1
22109,LOUISIANA,2020,2.18,2.4915624,-0.31156236648559554,0.31156236648559554,1,1
22111,LOUISIANA,2020,-0.31,-1.2420331,0.9320331239700317,0.9320331239700317,0,0
22113,LOUISIANA,2020,0.42,0.011292265,0.4087077352032065,0.4087077352032065,1,1
22115,LOUISIANA,2020,1.58,0.6283703,0.9516297149658204,0.9516297149658204,1,1
22117,LOUISIANA,2020,4.65,4.704758,-0.05475816726684535,0.05475816726684535,1,1
22119,LOUISIANA,2020,-1.5,-2.5182781,1.0182781219482422,1.0182781219482422,0,0
22121,LOUISIANA,2020,0.89,1.6471262,-0.7571261978149414,0.7571261978149414,1,1
22123,LOUISIANA,2020,-3.17,-2.863004,-0.30699603080749505,0.30699603080749505,0,0
22125,LOUISIANA,2020,-0.42,0.6176946,-1.037694616317749,1.037694616317749,0,1
22127,LOUISIANA,2020,-7.4,-7.3114033,-0.08859672546386754,0.08859672546386754,0,0
23001,MAINE,2020,5.63,5.1576247,0.4723752784729003,0.4723752784729003,1,1
23003,MAINE,2020,4.4,4.168437,0.2315629959106449,0.2315629959106449,1,1
23005,MAINE,2020,4.94,4.5969152,0.34308475494384805,0.34308475494384805,1,1
23007,MAINE,2020,3.77,3.6386251,0.13137485504150392,0.13137485504150392,1,1
23009,MAINE,2020,4.26,3.2771466,0.9828534221649168,0.9828534221649168,1,1
23011,MAINE,2020,5.55,4.758756,0.7912438392639158,0.7912438392639158,1,1
23013,MAINE,2020,6.66,6.303259,0.3567411041259767,0.3567411041259767,1,1
23015,MAINE,2020,3.19,2.6480463,0.5419537448883056,0.5419537448883056,1,1
23017,MAINE,2020,6.07,5.291852,0.778148002624512,0.778148002624512,1,1
23019,MAINE,2020,5.24,4.7071276,0.5328724288940432,0.5328724288940432,1,1
23021,MAINE,2020,3.88,3.2377715,0.642228488922119,0.642228488922119,1,1
23023,MAINE,2020,5.59,6.4364386,-0.84643856048584,0.84643856048584,1,1
23025,MAINE,2020,5.94,5.7153125,0.22468751907348672,0.22468751907348672,1,1
23027,MAINE,2020,2.68,1.4717644,1.2082355546951296,1.2082355546951296,1,1
23029,MAINE,2020,4.59,3.6526146,0.9373854064941405,0.9373854064941405,1,1
23031,MAINE,2020,4.89,4.685198,0.20480216979980437,0.20480216979980437,1,1
24001,MARYLAND,2020,4.14,4.5859737,-0.44597373962402376,0.44597373962402376,1,1
24003,MARYLAND,2020,3.32,3.517928,-0.19792788505554215,0.19792788505554215,1,1
24005,MARYLAND,2020,2.66,3.3530543,-0.6930542850494383,0.6930542850494383,1,1
24009,MARYLAND,2020,3.26,3.9971006,-0.7371005916595461,0.7371005916595461,1,1
24011,MARYLAND,2020,6.18,5.965254,0.21474617004394503,0.21474617004394503,1,1
24013,MARYLAND,2020,2.58,2.8052545,-0.22525445938110344,0.22525445938110344,1,1
24015,MARYLAND,2020,3.36,3.5888765,-0.22887648582458509,0.22887648582458509,1,1
24017,MARYLAND,2020,4.77,4.8456,-0.07560012817382855,0.07560012817382855,1,1
24019,MARYLAND,2020,1.39,2.1905637,-0.8005636787414552,0.8005636787414552,1,1
24021,MARYLAND,2020,2.52,2.7998655,-0.2798654842376709,0.2798654842376709,1,1
24023,MARYLAND,2020,3.17,2.9375222,0.23247782707214348,0.23247782707214348,1,1
24025,MARYLAND,2020,3.26,3.4498687,-0.18986867904663107,0.18986867904663107,1,1
24027,MARYLAND,2020,1.62,2.1331942,-0.5131942081451415,0.5131942081451415,1,1
24029,MARYLAND,2020,4.17,3.8253334,0.3446666431427001,0.3446666431427001,1,1
24031,MARYLAND,2020,1.39,1.9913572,-0.6013572072982789,0.6013572072982789,1,1
24033,MARYLAND,2020,4.8,3.4661474,1.3338525772094725,1.3338525772094725,1,1
24035,MARYLAND,2020,2.39,2.809956,-0.4199560737609862,0.4199560737609862,1,1
24037,MARYLAND,2020,2.65,0.9682218,1.6817782163619994,1.6817782163619994,1,1
24039,MARYLAND,2020,6.19,5.7404537,0.44954627990722695,0.44954627990722695,1,1
24041,MARYLAND,2020,2.33,2.8482897,-0.5182897281646728,0.5182897281646728,1,1
24043,MARYLAND,2020,3.47,1.7279884,1.7420116376876833,1.7420116376876833,1,1
24045,MARYLAND,2020,4.73,4.898718,-0.168717880249023,0.168717880249023,1,1
24047,MARYLAND,2020,3.16,3.5382297,-0.3782297039031981,0.3782297039031981,1,1
24510,MARYLAND,2020,2.62,0.9889262,1.6310738277435304,1.6310738277435304,1,1
25001,MASSACHUSETTS,2020,3.69,0.055400632,3.6345993676781654,3.6345993676781654,1,1
25003,MASSACHUSETTS,2020,3.87,2.8172832,1.0527168464660646,1.0527168464660646,1,1
25005,MASSACHUSETTS,2020,3.77,1.0154872,2.7545128059387207,2.7545128059387207,1,1
25007,MASSACHUSETTS,2020,4.24,2.883314,1.3566861057281496,1.3566861057281496,1,1
25009,MASSACHUSETTS,2020,3.29,0.9071551,2.3828449034690857,2.3828449034690857,1,1
25011,MASSACHUSETTS,2020,4.88,3.4103875,1.4696124839782714,1.4696124839782714,1,1
25013,MASSACHUSETTS,2020,4.79,1.9062116,2.8837883853912354,2.8837883853912354,1,1
25015,MASSACHUSETTS,2020,3.56,2.6897955,0.8702045059204102,0.8702045059204102,1,1
25017,MASSACHUSETTS,2020,2.25,1.3383392,0.9116607904434204,0.9116607904434204,1,1
25019,MASSACHUSETTS,2020,-5.55,-7.0278926,1.477892589569092,1.477892589569092,0,0
25021,MASSACHUSETTS,2020,2.74,1.5473112,1.192688813209534,1.192688813209534,1,1
25023,MASSACHUSETTS,2020,3.3,1.0408926,2.2591073989868162,2.2591073989868162,1,1
25025,MASSACHUSETTS,2020,2.8,1.8698704,0.9301295757293699,0.9301295757293699,1,1
25027,MASSACHUSETTS,2020,4.26,2.0493302,2.210669765472412,2.210669765472412,1,1
26001,MICHIGAN,2020,4.24,3.8446836,0.3953163528442385,0.3953163528442385,1,1
26003,MICHIGAN,2020,-1.66,-2.0920937,0.4320937061309815,0.4320937061309815,0,0
26005,MICHIGAN,2020,3.3,2.6347935,0.6652064800262449,0.6652064800262449,1,1
26007,MICHIGAN,2020,3.02,3.0637202,-0.04372022628784178,0.04372022628784178,1,1
26009,MICHIGAN,2020,2.14,1.9718257,0.16817428112030042,0.16817428112030042,1,1
26011,MICHIGAN,2020,3.67,2.2715437,1.3984562587738036,1.3984562587738036,1,1
26013,MICHIGAN,2020,0.13,0.30341667,-0.1734166693687439,0.1734166693687439,1,1
26015,MICHIGAN,2020,4.74,3.964553,0.775446882247925,0.775446882247925,1,1
26017,MICHIGAN,2020,3.99,3.1439242,0.8460757637023928,0.8460757637023928,1,1
26019,MICHIGAN,2020,4.31,4.612321,-0.3023208999633793,0.3023208999633793,1,1
26021,MICHIGAN,2020,4.44,3.7259054,0.7140945816040043,0.7140945816040043,1,1
26023,MICHIGAN,2020,2.52,2.3795652,0.1404347610473633,0.1404347610473633,1,1
26025,MICHIGAN,2020,4.06,4.292434,-0.2324342155456547,0.2324342155456547,1,1
26027,MICHIGAN,2020,4.49,3.469331,1.0206689739227297,1.0206689739227297,1,1
26029,MICHIGAN,2020,3.03,2.8231497,0.2068503189086912,0.2068503189086912,1,1
26031,MICHIGAN,2020,5.89,5.917978,-0.02797780990600618,0.02797780990600618,1,1
26033,MICHIGAN,2020,4.79,4.640504,0.14949611663818363,0.14949611663818363,1,1
26035,MICHIGAN,2020,5.89,6.0541368,-0.1641367530822757,0.1641367530822757,1,1
26037,MICHIGAN,2020,4.13,3.8215845,0.30841553688049306,0.30841553688049306,1,1
26039,MICHIGAN,2020,5.47,4.7958055,0.6741945457458494,0.6741945457458494,1,1
26041,MICHIGAN,2020,2.42,2.8857775,-0.4657774734497071,0.4657774734497071,1,1
26043,MICHIGAN,2020,2.02,1.8099364,0.21006359577178957,0.21006359577178957,1,1
26045,MICHIGAN,2020,5.02,3.592072,1.4279279899597164,1.4279279899597164,1,1
26047,MICHIGAN,2020,2.87,1.2345737,1.635426278114319,1.635426278114319,1,1
26049,MICHIGAN,2020,4.12,3.2598932,0.8601068210601808,0.8601068210601808,1,1
26051,MICHIGAN,2020,3.15,3.5111282,-0.3611281871795655,0.3611281871795655,1,1
26053,MICHIGAN,2020,-0.53,-0.8351661,0.30516609668731687,0.30516609668731687,0,0
26055,MICHIGAN,2020,4.08,2.195565,1.8844350147247315,1.8844350147247315,1,1
26057,MICHIGAN,2020,3.67,3.9529989,-0.28299887657165534,0.28299887657165534,1,1
26059,MICHIGAN,2020,5.91,5.860856,0.049143943786621236,0.049143943786621236,1,1
26061,MICHIGAN,2020,2.38,2.4596126,-0.07961260795593272,0.07961260795593272,1,1
26063,MICHIGAN,2020,2.51,1.9661741,0.5438258743286131,0.5438258743286131,1,1
26065,MICHIGAN,2020,3.14,2.492017,0.6479829692840577,0.6479829692840577,1,1
26067,MICHIGAN,2020,5.25,5.292123,-0.042122840881347656,0.042122840881347656,1,1
26069,MICHIGAN,2020,2.45,2.704168,-0.25416808128356916,0.25416808128356916,1,1
26071,MICHIGAN,2020,-2.64,-2.9420185,0.3020185089111327,0.3020185089111327,0,0
26073,MICHIGAN,2020,3.46,3.729023,-0.26902297973632816,0.26902297973632816,1,1
26075,MICHIGAN,2020,3.49,1.9291118,1.560888161659241,1.560888161659241,1,1
26077,MICHIGAN,2020,3.63,3.1687796,0.4612203884124755,0.4612203884124755,1,1
26079,MICHIGAN,2020,1.93,2.0884292,-0.1584292125701905,0.1584292125701905,1,1
26081,MICHIGAN,2020,4.28,3.876899,0.4031009960174563,0.4031009960174563,1,1
26083,MICHIGAN,2020,4.66,4.584368,0.07563177108764663,0.07563177108764663,1,1
26085,MICHIGAN,2020,3.93,4.1542373,-0.22423727035522445,0.22423727035522445,1,1
26087,MICHIGAN,2020,3.62,2.8653147,0.7546852779388429,0.7546852779388429,1,1
26089,MICHIGAN,2020,4.5,3.001506,1.4984939098358154,1.4984939098358154,1,1
26091,MICHIGAN,2020,2.93,3.1611438,-0.2311437797546385,0.2311437797546385,1,1
26093,MICHIGAN,2020,2.31,1.269589,1.0404110527038575,1.0404110527038575,1,1
26095,MICHIGAN,2020,0.15,0.114335746,0.03566425442695617,0.03566425442695617,1,1
26097,MICHIGAN,2020,1.81,1.1435157,0.6664842939376832,0.6664842939376832,1,1
26099,MICHIGAN,2020,3.57,2.3751197,1.1948803138732909,1.1948803138732909,1,1
26101,MICHIGAN,2020,3.99,4.0529923,-0.06299234390258768,0.06299234390258768,1,1
26103,MICHIGAN,2020,2.29,2.2853854,0.004614629745483434,0.004614629745483434,1,1
26105,MICHIGAN,2020,4.04,4.005332,0.03466800689697269,0.03466800689697269,1,1
26107,MICHIGAN,2020,3.37,3.5105114,-0.14051139831542958,0.14051139831542958,1,1
26109,MICHIGAN,2020,2.06,1.8985561,0.16144388675689703,0.16144388675689703,1,1
26111,MICHIGAN,2020,3.13,0.7467191,2.3832808780670165,2.3832808780670165,1,1
26113,MICHIGAN,2020,0.86,0.81135637,0.04864363431930541,0.04864363431930541,1,1
26115,MICHIGAN,2020,3.18,0.6777706,2.5022293853759767,2.5022293853759767,1,1
26117,MICHIGAN,2020,4.24,4.6586356,-0.41863561630249,0.41863561630249,1,1
26119,MICHIGAN,2020,5.32,5.252993,0.06700689315795927,0.06700689315795927,1,1
26121,MICHIGAN,2020,5.15,3.271214,1.8787859916687015,1.8787859916687015,1,1
26123,MICHIGAN,2020,3.8,4.446612,-0.6466118812561037,0.6466118812561037,1,1
26125,MICHIGAN,2020,2.68,2.0204513,0.6595486927032472,0.6595486927032472,1,1
26127,MICHIGAN,2020,3.41,3.5223937,-0.11239370346069322,0.11239370346069322,1,1
26129,MICHIGAN,2020,4.82,4.925408,-0.10540788650512667,0.10540788650512667,1,1
26131,MICHIGAN,2020,-4.46,-4.8819995,0.4219994926452637,0.4219994926452637,0,0
26133,MICHIGAN,2020,5.13,4.6957364,0.4342635917663573,0.4342635917663573,1,1
26135,MICHIGAN,2020,10.65,10.714886,-0.06488571166992152,0.06488571166992152,1,1
26137,MICHIGAN,2020,3.2,2.6436589,0.5563411235809328,0.5563411235809328,1,1
26139,MICHIGAN,2020,3.83,3.444093,0.38590701103210456,0.38590701103210456,1,1
26141,MICHIGAN,2020,3.47,4.0244164,-0.5544164466857908,0.5544164466857908,1,1
26143,MICHIGAN,2020,5.88,6.2395587,-0.3595586967468263,0.3595586967468263,1,1
26145,MICHIGAN,2020,2.8,2.5825984,0.2174015522003172,0.2174015522003172,1,1
26147,MICHIGAN,2020,3.25,2.2912066,0.9587934017181396,0.9587934017181396,1,1
26149,MICHIGAN,2020,3.41,2.6551564,0.754843626022339,0.754843626022339,1,1
26151,MICHIGAN,2020,3.28,4.0438557,-0.763855667114258,0.763855667114258,1,1
26153,MICHIGAN,2020,2.43,2.7110796,-0.28107959747314437,0.28107959747314437,1,1
26155,MICHIGAN,2020,3.55,2.6322334,0.9177666187286375,0.9177666187286375,1,1
26157,MICHIGAN,2020,1.4,1.5992522,-0.19925222396850595,0.19925222396850595,1,1
26159,MICHIGAN,2020,3.58,3.59452,-0.014520092010497976,0.014520092010497976,1,1
26161,MICHIGAN,2020,1.45,0.54626477,0.9037352323532104,0.9037352323532104,1,1
26163,MICHIGAN,2020,3.72,1.7372116,1.9827884149551394,1.9827884149551394,1,1
26165,MICHIGAN,2020,4.21,3.8740394,0.33596058845520016,0.33596058845520016,1,1
27001,MINNESOTA,2020,3.37,3.258874,0.11112606048583995,0.11112606048583995,1,1
27003,MINNESOTA,2020,3.24,2.7784376,0.46156238555908224,0.46156238555908224,1,1
27005,MINNESOTA,2020,0.7,0.40710878,0.2928912162780761,0.2928912162780761,1,1
27007,MINNESOTA,2020,1.71,1.7026588,0.00734122753143307,0.00734122753143307,1,1
27009,MINNESOTA,2020,3.54,3.4609087,0.07909134864807132,0.07909134864807132,1,1
27011,MINNESOTA,2020,0.2,-0.0017662807,0.20176628073677422,0.20176628073677422,1,0
27013,MINNESOTA,2020,1.98,1.514954,0.46504602909088133,0.46504602909088133,1,1
27015,MINNESOTA,2020,1.15,1.3211018,-0.1711017847061158,0.1711017847061158,1,1
27017,MINNESOTA,2020,3.02,3.2091386,-0.1891386318206787,0.1891386318206787,1,1
27019,MINNESOTA,2020,2.25,2.0418546,0.2081453800201416,0.2081453800201416,1,1
27021,MINNESOTA,2020,2.7,2.401867,0.2981330871582033,0.2981330871582033,1,1
27023,MINNESOTA,2020,0.99,0.8284636,0.161536386013031,0.161536386013031,1,1
27025,MINNESOTA,2020,4.09,3.5295703,0.5604296588897704,0.5604296588897704,1,1
27027,MINNESOTA,2020,0.71,0.9594283,-0.24942831039428714,0.24942831039428714,1,1
27029,MINNESOTA,2020,1.7,1.9533936,-0.25339357852935795,0.25339357852935795,1,1
27031,MINNESOTA,2020,4.22,3.8211133,0.3988866519927976,0.3988866519927976,1,1
27033,MINNESOTA,2020,2.45,2.6185644,-0.16856436729431135,0.16856436729431135,1,1
27035,MINNESOTA,2020,1.64,1.519271,0.12072898387908926,0.12072898387908926,1,1
27037,MINNESOTA,2020,2.91,2.4492464,0.46075359344482436,0.46075359344482436,1,1
27039,MINNESOTA,2020,3.23,2.6576529,0.5723471450805664,0.5723471450805664,1,1
27041,MINNESOTA,2020,1.77,1.998471,-0.22847102165222166,0.22847102165222166,1,1
27043,MINNESOTA,2020,-1.85,-1.6056259,-0.24437413215637216,0.24437413215637216,0,0
27045,MINNESOTA,2020,6.0,6.499654,-0.49965381622314453,0.49965381622314453,1,1
27047,MINNESOTA,2020,2.39,2.0290406,0.3609594249725343,0.3609594249725343,1,1
27049,MINNESOTA,2020,1.88,1.2249684,0.6550315666198729,0.6550315666198729,1,1
27051,MINNESOTA,2020,5.24,4.541687,0.6983129882812502,0.6983129882812502,1,1
27053,MINNESOTA,2020,2.89,2.8500445,0.03995551109313977,0.03995551109313977,1,1
27055,MINNESOTA,2020,2.57,2.423286,0.1467140388488768,0.1467140388488768,1,1
27057,MINNESOTA,2020,2.18,2.393998,-0.21399790763854964,0.21399790763854964,1,1
27059,MINNESOTA,2020,2.94,4.428362,-1.4883618927001954,1.4883618927001954,1,1
27061,MINNESOTA,2020,3.47,3.8134208,-0.34342077255249004,0.34342077255249004,1,1
27063,MINNESOTA,2020,2.38,1.2436013,1.1363986778259276,1.1363986778259276,1,1
27065,MINNESOTA,2020,4.87,4.5019784,0.36802160263061534,0.36802160263061534,1,1
27067,MINNESOTA,2020,1.91,1.7178818,0.19211820125579826,0.19211820125579826,1,1
27069,MINNESOTA,2020,4.05,3.3231654,0.7268345832824705,0.7268345832824705,1,1
27071,MINNESOTA,2020,0.16,-0.17944083,0.3394408261775971,0.3394408261775971,1,0
27073,MINNESOTA,2020,7.63,7.4671845,0.16281545639038075,0.16281545639038075,1,1
27075,MINNESOTA,2020,-0.66,-0.28602165,-0.37397835016250613,0.37397835016250613,0,0
27077,MINNESOTA,2020,3.2,3.4415221,-0.24152212142944318,0.24152212142944318,1,1
27079,MINNESOTA,2020,1.45,0.7958321,0.654167902469635,0.654167902469635,1,1
27081,MINNESOTA,2020,3.85,3.6475472,0.20245275497436532,0.20245275497436532,1,1
27083,MINNESOTA,2020,2.95,3.0237515,-0.07375149726867658,0.07375149726867658,1,1
27085,MINNESOTA,2020,3.21,2.9894896,0.22051044464111325,0.22051044464111325,1,1
27087,MINNESOTA,2020,0.93,0.4603465,0.46965350985527043,0.46965350985527043,1,1
27089,MINNESOTA,2020,4.03,4.3886776,-0.3586775970458982,0.3586775970458982,1,1
27091,MINNESOTA,2020,3.49,3.151512,0.33848809242248556,0.33848809242248556,1,1
27093,MINNESOTA,2020,3.9,4.005072,-0.10507211685180673,0.10507211685180673,1,1
27095,MINNESOTA,2020,1.39,1.4234946,-0.03349457740783701,0.03349457740783701,1,1
27097,MINNESOTA,2020,3.19,3.9314604,-0.7414603805541993,0.7414603805541993,1,1
27099,MINNESOTA,2020,2.93,2.4200075,0.5099925327301027,0.5099925327301027,1,1
27101,MINNESOTA,2020,-2.47,-2.8031268,0.333126811981201,0.333126811981201,0,0
27103,MINNESOTA,2020,0.85,1.3717494,-0.5217494010925293,0.5217494010925293,1,1
27105,MINNESOTA,2020,-1.02,-1.1152724,0.09527240276336668,0.09527240276336668,0,0
27107,MINNESOTA,2020,-2.5,-1.8398342,-0.6601657867431641,0.6601657867431641,0,0
27109,MINNESOTA,2020,3.28,2.2592673,1.020732669830322,1.020732669830322,1,1
27111,MINNESOTA,2020,1.64,1.5795941,0.060405864715576074,0.060405864715576074,1,1
27113,MINNESOTA,2020,3.69,4.5893736,-0.8993735885620118,0.8993735885620118,1,1
27115,MINNESOTA,2020,6.07,5.37875,0.6912501525878909,0.6912501525878909,1,1
27117,MINNESOTA,2020,3.7,3.6827197,0.017280292510986506,0.017280292510986506,1,1
27119,MINNESOTA,2020,0.8,0.50596404,0.29403595924377446,0.29403595924377446,1,1
27121,MINNESOTA,2020,1.87,1.3599094,0.510090584754944,0.510090584754944,1,1
27123,MINNESOTA,2020,3.48,2.3414586,1.138541440963745,1.138541440963745,1,1
27125,MINNESOTA,2020,3.88,4.6719694,-0.7919694137573243,0.7919694137573243,1,1
27127,MINNESOTA,2020,5.75,4.776505,0.9734950065612793,0.9734950065612793,1,1
27129,MINNESOTA,2020,-0.66,-0.67915577,0.01915576696395871,0.01915576696395871,0,0
27131,MINNESOTA,2020,2.68,2.9625313,-0.2825313282012938,0.2825313282012938,1,1
27133,MINNESOTA,2020,1.93,2.2919655,-0.3619654846191407,0.3619654846191407,1,1
27135,MINNESOTA,2020,0.42,1.1896445,-0.7696444559097291,0.7696444559097291,1,1
27137,MINNESOTA,2020,2.52,1.563064,0.9569360208511353,0.9569360208511353,1,1
27139,MINNESOTA,2020,2.83,2.2618096,0.5681904125213624,0.5681904125213624,1,1
27141,MINNESOTA,2020,3.49,3.8911247,-0.40112472534179666,0.40112472534179666,1,1
27143,MINNESOTA,2020,4.53,4.9272842,-0.397284240722656,0.397284240722656,1,1
27145,MINNESOTA,2020,2.37,1.829285,0.5407149744033815,0.5407149744033815,1,1
27147,MINNESOTA,2020,3.46,2.9517736,0.5082263565063476,0.5082263565063476,1,1
27149,MINNESOTA,2020,3.21,3.680709,-0.47070888519287113,0.47070888519287113,1,1
27151,MINNESOTA,2020,4.19,2.8740463,1.3159536743164066,1.3159536743164066,1,1
27153,MINNESOTA,2020,5.47,4.8213134,0.6486866188049314,0.6486866188049314,1,1
27155,MINNESOTA,2020,6.44,7.0814824,-0.6414824104309078,0.6414824104309078,1,1
27157,MINNESOTA,2020,4.48,3.9435012,0.536498765945435,0.536498765945435,1,1
27159,MINNESOTA,2020,1.61,1.0071383,0.6028617477416993,0.6028617477416993,1,1
27161,MINNESOTA,2020,-0.88,-0.9051586,0.025158579349517818,0.025158579349517818,0,0
27163,MINNESOTA,2020,2.74,2.3550925,0.3849074745178225,0.3849074745178225,1,1
27165,MINNESOTA,2020,-0.97,-0.63057876,-0.3394212436676025,0.3394212436676025,0,0
27167,MINNESOTA,2020,-1.69,-1.8274225,0.1374224996566773,0.1374224996566773,0,0
27169,MINNESOTA,2020,1.71,1.5339739,0.1760260677337646,0.1760260677337646,1,1
27171,MINNESOTA,2020,2.73,2.5775082,0.15249178886413572,0.15249178886413572,1,1
27173,MINNESOTA,2020,3.73,3.0323837,0.697616319656372,0.697616319656372,1,1
28001,MISSISSIPPI,2020,3.38,2.65283,0.7271701145172118,0.7271701145172118,1,1
28003,MISSISSIPPI,2020,1.64,1.7703559,-0.1303559398651124,0.1303559398651124,1,1
28005,MISSISSIPPI,2020,2.32,2.994075,-0.6740750598907472,0.6740750598907472,1,1
28007,MISSISSIPPI,2020,0.51,0.66786844,-0.157868435382843,0.157868435382843,1,1
28009,MISSISSIPPI,2020,-8.08,-8.750947,0.6709469985961913,0.6709469985961913,0,0
28011,MISSISSIPPI,2020,2.54,2.6169755,-0.07697554588317868,0.07697554588317868,1,1
28013,MISSISSIPPI,2020,-3.79,-3.980215,0.1902150726318359,0.1902150726318359,0,0
28015,MISSISSIPPI,2020,-0.05,-0.5641872,0.5141872286796569,0.5141872286796569,0,0
28017,MISSISSIPPI,2020,3.92,3.7266376,0.19336239814758294,0.19336239814758294,1,1
28023,MISSISSIPPI,2020,-2.03,-2.6620364,0.6320364189147951,0.6320364189147951,0,0
28025,MISSISSIPPI,2020,4.81,4.648446,0.16155391693115195,0.16155391693115195,1,1
28027,MISSISSIPPI,2020,-1.47,-1.0467768,-0.4232232284545898,0.4232232284545898,0,0
28029,MISSISSIPPI,2020,-1.05,-1.1679722,0.11797220706939693,0.11797220706939693,0,0
28031,MISSISSIPPI,2020,3.46,2.9439535,0.5160464859008789,0.5160464859008789,1,1
28033,MISSISSIPPI,2020,3.58,3.2198334,0.36016662597656257,0.36016662597656257,1,1
28035,MISSISSIPPI,2020,4.49,4.407458,0.0825421714782717,0.0825421714782717,1,1
28039,MISSISSIPPI,2020,7.93,7.5336914,0.3963085937499997,0.3963085937499997,1,1
28041,MISSISSIPPI,2020,-3.2,-3.1702926,-0.029707384109497248,0.029707384109497248,0,0
28043,MISSISSIPPI,2020,2.36,2.376492,-0.016492023468017702,0.016492023468017702,1,1
28045,MISSISSIPPI,2020,2.28,2.450327,-0.17032691955566426,0.17032691955566426,1,1
28047,MISSISSIPPI,2020,3.43,3.2048354,0.22516458511352555,0.22516458511352555,1,1
28049,MISSISSIPPI,2020,2.11,2.3166482,-0.2066482448577882,0.2066482448577882,1,1
28057,MISSISSIPPI,2020,3.96,3.5566723,0.40332766532897946,0.40332766532897946,1,1
28059,MISSISSIPPI,2020,4.36,4.573122,-0.2131220245361325,0.2131220245361325,1,1
28061,MISSISSIPPI,2020,-8.23,-8.169559,-0.06044147491455121,0.06044147491455121,0,0
28067,MISSISSIPPI,2020,4.97,4.278186,0.691814155578613,0.691814155578613,1,1
28071,MISSISSIPPI,2020,1.35,1.082625,0.26737496852874765,0.26737496852874765,1,1
28073,MISSISSIPPI,2020,1.58,1.8148438,-0.23484377384185784,0.23484377384185784,1,1
28075,MISSISSIPPI,2020,1.12,0.9766725,0.1433275294303895,0.1433275294303895,1,1
28077,MISSISSIPPI,2020,-1.2,-0.79004383,-0.4099561691284179,0.4099561691284179,0,0
28079,MISSISSIPPI,2020,-0.49,-1.6919293,1.2019293403625488,1.2019293403625488,0,0
28081,MISSISSIPPI,2020,3.91,4.258259,-0.348258819580078,0.348258819580078,1,1
28083,MISSISSIPPI,2020,5.34,4.759097,0.5809029006958006,0.5809029006958006,1,1
28085,MISSISSIPPI,2020,2.26,0.97518444,1.2848155593872068,1.2848155593872068,1,1
28087,MISSISSIPPI,2020,2.33,2.367545,-0.03754488945007317,0.03754488945007317,1,1
28089,MISSISSIPPI,2020,-0.1,-0.08678979,-0.013210213184356695,0.013210213184356695,0,0
28091,MISSISSIPPI,2020,1.22,0.6155528,0.6044472169876098,0.6044472169876098,1,1
28093,MISSISSIPPI,2020,2.52,2.0418553,0.4781446647644043,0.4781446647644043,1,1
28095,MISSISSIPPI,2020,6.76,5.608424,1.1515758132934568,1.1515758132934568,1,1
28097,MISSISSIPPI,2020,4.14,3.4046507,0.735349311828613,0.735349311828613,1,1
28099,MISSISSIPPI,2020,-2.45,-2.6029444,0.15294437408447248,0.15294437408447248,0,0
28101,MISSISSIPPI,2020,0.8,0.47374883,0.32625116705894475,0.32625116705894475,1,1
28105,MISSISSIPPI,2020,1.46,1.7101871,-0.25018707752227787,0.25018707752227787,1,1
28107,MISSISSIPPI,2020,2.13,1.6184194,0.5115805912017821,0.5115805912017821,1,1
28109,MISSISSIPPI,2020,3.59,3.6987238,-0.1087237930297853,0.1087237930297853,1,1
28111,MISSISSIPPI,2020,-4.26,-5.1618004,0.9018003845214846,0.9018003845214846,0,0
28113,MISSISSIPPI,2020,3.59,3.5041611,0.08583888053894029,0.08583888053894029,1,1
28115,MISSISSIPPI,2020,0.65,0.8698947,-0.21989468336105344,0.21989468336105344,1,1
28117,MISSISSIPPI,2020,4.17,3.8180711,0.3519288730621337,0.3519288730621337,1,1
28121,MISSISSIPPI,2020,1.46,1.9464235,-0.4864235305786133,0.4864235305786133,1,1
28123,MISSISSIPPI,2020,-1.07,-0.4850748,-0.5849252116680146,0.5849252116680146,0,0
28127,MISSISSIPPI,2020,2.26,2.9783177,-0.7183177375793459,0.7183177375793459,1,1
28129,MISSISSIPPI,2020,-0.59,-1.1679891,0.5779891347885132,0.5779891347885132,0,0
28131,MISSISSIPPI,2020,3.18,2.1604314,1.019568614959717,1.019568614959717,1,1
28133,MISSISSIPPI,2020,4.48,4.2661257,0.21387432098388715,0.21387432098388715,1,1
28137,MISSISSIPPI,2020,3.09,2.4639497,0.6260503196716307,0.6260503196716307,1,1
28139,MISSISSIPPI,2020,5.55,5.669828,-0.11982793807983416,0.11982793807983416,1,1
28141,MISSISSIPPI,2020,4.31,5.0028763,-0.6928762817382816,0.6928762817382816,1,1
28145,MISSISSIPPI,2020,2.5,2.8006012,-0.3006012439727783,0.3006012439727783,1,1
28147,MISSISSIPPI,2020,-0.71,-0.23121387,-0.4787861323356628,0.4787861323356628,0,0
28149,MISSISSIPPI,2020,2.15,2.4326324,-0.2826324462890626,0.2826324462890626,1,1
28151,MISSISSIPPI,2020,3.74,2.5463243,1.1936757469177248,1.1936757469177248,1,1
28153,MISSISSIPPI,2020,-0.67,-1.127975,0.45797498703002926,0.45797498703002926,0,0
28155,MISSISSIPPI,2020,1.29,1.1341481,0.15585187911987308,0.15585187911987308,1,1
28159,MISSISSIPPI,2020,-2.97,-3.366888,0.39688804626464824,0.39688804626464824,0,0
28161,MISSISSIPPI,2020,-4.68,-4.6216636,-0.05833642959594698,0.05833642959594698,0,0
28163,MISSISSIPPI,2020,2.91,2.1316445,0.7783555126190187,0.7783555126190187,1,1
29001,MISSOURI,2020,0.47,1.3160954,-0.8460953521728516,0.8460953521728516,1,1
29003,MISSOURI,2020,6.5,7.043446,-0.5434460639953613,0.5434460639953613,1,1
29005,MISSOURI,2020,3.0,3.3139253,-0.31392526626586914,0.31392526626586914,1,1
29007,MISSOURI,2020,1.0,1.0162463,-0.016246318817138672,0.016246318817138672,1,1
29009,MISSOURI,2020,-0.07,-0.59469527,0.5246952700614929,0.5246952700614929,0,0
29011,MISSOURI,2020,5.71,6.001287,-0.29128698348999027,0.29128698348999027,1,1
29013,MISSOURI,2020,4.41,3.6481771,0.761822853088379,0.761822853088379,1,1
29015,MISSOURI,2020,4.96,4.305393,0.6546067810058593,0.6546067810058593,1,1
29017,MISSOURI,2020,1.66,2.5136664,-0.8536663913726807,0.8536663913726807,1,1
29019,MISSOURI,2020,3.25,3.7107909,-0.46079087257385254,0.46079087257385254,1,1
29021,MISSOURI,2020,4.08,3.9103198,0.1696801948547364,0.1696801948547364,1,1
29023,MISSOURI,2020,3.76,4.291761,-0.5317609214782717,0.5317609214782717,1,1
29025,MISSOURI,2020,3.14,3.2692165,-0.1292165374755858,0.1292165374755858,1,1
29027,MISSOURI,2020,1.94,2.4814086,-0.5414085960388184,0.5414085960388184,1,1
29029,MISSOURI,2020,5.0,5.022542,-0.02254199981689453,0.02254199981689453,1,1
29031,MISSOURI,2020,3.21,2.9032698,0.3067302322387695,0.3067302322387695,1,1
29033,MISSOURI,2020,4.28,4.0113244,0.26867559432983423,0.26867559432983423,1,1
29037,MISSOURI,2020,4.29,3.9652512,0.32474879264831547,0.32474879264831547,1,1
29039,MISSOURI,2020,3.03,2.5416884,0.4883115577697752,0.4883115577697752,1,1
29043,MISSOURI,2020,3.15,4.1372824,-0.9872823715209962,0.9872823715209962,1,1
29047,MISSOURI,2020,5.3,4.196526,1.1034739494323729,1.1034739494323729,1,1
29049,MISSOURI,2020,3.47,3.538555,-0.06855490684509258,0.06855490684509258,1,1
29051,MISSOURI,2020,2.06,2.2341835,-0.1741835498809814,0.1741835498809814,1,1
29053,MISSOURI,2020,3.21,3.8078015,-0.5978014850616455,0.5978014850616455,1,1
29055,MISSOURI,2020,4.51,4.314582,0.19541812896728494,0.19541812896728494,1,1
29057,MISSOURI,2020,0.13,-0.33805332,0.46805331587791443,0.46805331587791443,1,0
29059,MISSOURI,2020,2.56,1.9778414,0.5821586227416993,0.5821586227416993,1,1
29061,MISSOURI,2020,8.3,8.883623,-0.5836231231689446,0.5836231231689446,1,1
29063,MISSOURI,2020,1.1,1.2652249,-0.1652249336242675,0.1652249336242675,1,1
29065,MISSOURI,2020,-0.38,0.12769328,-0.5076932805776596,0.5076932805776596,0,1
29067,MISSOURI,2020,2.1,0.49169177,1.608308231830597,1.608308231830597,1,1
29069,MISSOURI,2020,1.86,2.3543973,-0.4943972969055175,0.4943972969055175,1,1
29071,MISSOURI,2020,2.66,3.315156,-0.6551559829711913,0.6551559829711913,1,1
29073,MISSOURI,2020,2.34,3.3106534,-0.9706534481048585,0.9706534481048585,1,1
29075,MISSOURI,2020,16.53,16.86504,-0.335039825439452,0.335039825439452,1,1
29077,MISSOURI,2020,5.02,5.345108,-0.3251080322265629,0.3251080322265629,1,1
29079,MISSOURI,2020,-0.69,-0.8459105,0.15591048955917364,0.15591048955917364,0,0
29081,MISSOURI,2020,5.32,4.582615,0.7373851013183597,0.7373851013183597,1,1
29083,MISSOURI,2020,4.34,4.465902,-0.12590185165405288,0.12590185165405288,1,1
29085,MISSOURI,2020,3.9,3.414599,0.4854010581970214,0.4854010581970214,1,1
29087,MISSOURI,2020,11.71,12.339843,-0.6298427963256827,0.6298427963256827,1,1
29089,MISSOURI,2020,-0.46,-1.5636585,1.1036584758758545,1.1036584758758545,0,0
29091,MISSOURI,2020,6.82,6.7654295,0.054570503234863565,0.054570503234863565,1,1
29093,MISSOURI,2020,-10.35,-9.280512,-1.069488143920898,1.069488143920898,0,0
29095,MISSOURI,2020,6.0,4.8340693,1.1659307479858398,1.1659307479858398,1,1
29097,MISSOURI,2020,4.16,4.3438478,-0.1838477516174315,0.1838477516174315,1,1
29099,MISSOURI,2020,2.91,2.7054186,0.2045814132690431,0.2045814132690431,1,1
29101,MISSOURI,2020,2.56,1.7179658,0.8420341587066651,0.8420341587066651,1,1
29105,MISSOURI,2020,3.01,0.96675426,2.043245742321014,2.043245742321014,1,1
29107,MISSOURI,2020,4.28,3.849402,0.4305980491638186,0.4305980491638186,1,1
29109,MISSOURI,2020,4.98,3.2302547,1.7497453498840336,1.7497453498840336,1,1
29111,MISSOURI,2020,2.97,3.622709,-0.6527090358734129,0.6527090358734129,1,1
29113,MISSOURI,2020,3.5,3.9911892,-0.49118924140930176,0.49118924140930176,1,1
29115,MISSOURI,2020,2.08,0.716532,1.363468008041382,1.363468008041382,1,1
29117,MISSOURI,2020,7.46,7.098434,0.36156602859497067,0.36156602859497067,1,1
29119,MISSOURI,2020,2.32,2.411186,-0.09118597984313981,0.09118597984313981,1,1
29121,MISSOURI,2020,-1.02,-1.049728,0.02972803592681883,0.02972803592681883,0,0
29123,MISSOURI,2020,4.2,4.929439,-0.729439067840576,0.729439067840576,1,1
29125,MISSOURI,2020,8.0,8.811526,-0.8115262985229492,0.8115262985229492,1,1
29127,MISSOURI,2020,3.62,4.5583563,-0.9383562850952147,0.9383562850952147,1,1
29131,MISSOURI,2020,5.19,4.755317,0.43468278884887734,0.43468278884887734,1,1
29133,MISSOURI,2020,4.53,4.1692896,0.3607104110717776,0.3607104110717776,1,1
29135,MISSOURI,2020,0.16,0.30554625,-0.14554625391960144,0.14554625391960144,1,1
29137,MISSOURI,2020,5.57,4.9817605,0.588239498138428,0.588239498138428,1,1
29139,MISSOURI,2020,4.96,3.4122767,1.5477232551574707,1.5477232551574707,1,1
29141,MISSOURI,2020,6.5,6.049905,0.45009517669677734,0.45009517669677734,1,1
29143,MISSOURI,2020,-4.39,-3.4248335,-0.9651664638519284,0.9651664638519284,0,0
29145,MISSOURI,2020,2.76,2.2625031,0.49749685287475565,0.49749685287475565,1,1
29147,MISSOURI,2020,4.85,4.8771844,-0.02718439102172887,0.02718439102172887,1,1
29149,MISSOURI,2020,-11.58,-10.84409,-0.735909538269043,0.735909538269043,0,0
29151,MISSOURI,2020,2.44,2.2670567,0.17294329643249506,0.17294329643249506,1,1
29153,MISSOURI,2020,3.68,4.9413075,-1.2613075447082518,1.2613075447082518,1,1
29155,MISSOURI,2020,11.35,11.499767,-0.14976730346679723,0.14976730346679723,1,1
29157,MISSOURI,2020,2.5,1.9761837,0.5238163471221924,0.5238163471221924,1,1
29159,MISSOURI,2020,2.4,2.4012675,-0.0012675285339356357,0.0012675285339356357,1,1
29161,MISSOURI,2020,2.4,2.015215,0.3847850799560546,0.3847850799560546,1,1
29163,MISSOURI,2020,5.24,5.5435524,-0.3035523986816404,0.3035523986816404,1,1
29165,MISSOURI,2020,4.35,4.2461305,0.103869533538818,0.103869533538818,1,1
29167,MISSOURI,2020,2.54,2.4849696,0.05503038406372074,0.05503038406372074,1,1
29169,MISSOURI,2020,3.17,2.466425,0.7035750579833984,0.7035750579833984,1,1
29171,MISSOURI,2020,-0.84,0.12693505,-0.9669350498914718,0.9669350498914718,0,1
29173,MISSOURI,2020,1.54,1.7442759,-0.2042759275436401,0.2042759275436401,1,1
29175,MISSOURI,2020,1.73,0.86068976,0.8693102407455444,0.8693102407455444,1,1
29177,MISSOURI,2020,3.59,3.3737378,0.21626218795776353,0.21626218795776353,1,1
29183,MISSOURI,2020,4.04,4.8169866,-0.7769865608215332,0.7769865608215332,1,1
29185,MISSOURI,2020,3.01,2.3161647,0.6938352680206297,0.6938352680206297,1,1
29186,MISSOURI,2020,0.79,0.84434736,-0.05434735774993893,0.05434735774993893,1,1
29187,MISSOURI,2020,2.02,2.240684,-0.22068403244018553,0.22068403244018553,1,1
29189,MISSOURI,2020,2.96,2.4790728,0.4809271907806396,0.4809271907806396,1,1
29195,MISSOURI,2020,3.7,2.2613943,1.4386057376861574,1.4386057376861574,1,1
29201,MISSOURI,2020,3.0,3.433704,-0.4337038993835449,0.4337038993835449,1,1
29203,MISSOURI,2020,2.34,0.7162889,1.6237110757827757,1.6237110757827757,1,1
29205,MISSOURI,2020,7.24,9.64816,-2.4081599807739256,2.4081599807739256,1,1
29207,MISSOURI,2020,4.9,4.9160957,-0.01609573364257777,0.01609573364257777,1,1
29209,MISSOURI,2020,2.83,2.5707,0.25930006980896003,0.25930006980896003,1,1
29213,MISSOURI,2020,3.91,3.1824708,0.7275292015075685,0.7275292015075685,1,1
29215,MISSOURI,2020,3.78,3.4100273,0.36997273445129375,0.36997273445129375,1,1
29217,MISSOURI,2020,3.45,3.5299559,-0.07995586395263654,0.07995586395263654,1,1
29219,MISSOURI,2020,3.39,3.9410663,-0.551066265106201,0.551066265106201,1,1
29221,MISSOURI,2020,0.45,0.7553268,-0.3053268074989319,0.3053268074989319,1,1
29225,MISSOURI,2020,3.3,2.676239,0.6237609863281248,0.6237609863281248,1,1
29229,MISSOURI,2020,6.97,6.6144385,0.35556146621704077,0.35556146621704077,1,1
29510,MISSOURI,2020,4.56,3.2455428,1.3144572353363033,1.3144572353363033,1,1
30001,MONTANA,2020,3.56,3.2626607,0.2973392581939698,0.2973392581939698,1,1
30003,MONTANA,2020,-6.69,-7.163905,0.4739051437377926,0.4739051437377926,0,0
30007,MONTANA,2020,5.61,4.4480386,1.161961421966553,1.161961421966553,1,1
30009,MONTANA,2020,4.07,3.582171,0.48782903671264677,0.48782903671264677,1,1
30013,MONTANA,2020,3.88,4.4276056,-0.5476056289672853,0.5476056289672853,1,1
30015,MONTANA,2020,0.32,-0.1479635,0.4679634940624237,0.4679634940624237,1,0
30017,MONTANA,2020,3.4,4.357841,-0.9578410148620606,0.9578410148620606,1,1
30021,MONTANA,2020,7.69,7.3111887,0.378811302185059,0.378811302185059,1,1
30023,MONTANA,2020,3.98,3.217004,0.7629959392547607,0.7629959392547607,1,1
30025,MONTANA,2020,0.08,1.2993269,-1.2193268966674804,1.2193268966674804,1,1
30027,MONTANA,2020,4.76,4.4319587,0.3280413246154783,0.3280413246154783,1,1
30029,MONTANA,2020,4.96,4.1822276,0.7777723884582519,0.7777723884582519,1,1
30031,MONTANA,2020,3.81,3.760348,0.049651918411254936,0.049651918411254936,1,1
30035,MONTANA,2020,6.04,6.6183157,-0.5783156967163086,0.5783156967163086,1,1
30039,MONTANA,2020,10.17,10.823008,-0.6530075836181641,0.6530075836181641,1,1
30041,MONTANA,2020,4.46,4.5256515,-0.06565145492553714,0.06565145492553714,1,1
30043,MONTANA,2020,3.84,3.6827743,0.15722569465637193,0.15722569465637193,1,1
30047,MONTANA,2020,5.42,5.649624,-0.22962387084960945,0.22962387084960945,1,1
30049,MONTANA,2020,3.83,4.0551915,-0.22519151687622063,0.22519151687622063,1,1
30053,MONTANA,2020,4.54,4.619091,-0.07909103393554684,0.07909103393554684,1,1
30057,MONTANA,2020,-2.82,-4.2970877,1.4770876693725588,1.4770876693725588,0,0
30059,MONTANA,2020,-3.86,-3.4581687,-0.4018312549591063,0.4018312549591063,0,0
30061,MONTANA,2020,6.15,5.899467,0.2505330085754398,0.2505330085754398,1,1
30063,MONTANA,2020,5.25,3.3304026,1.9195973873138428,1.9195973873138428,1,1
30065,MONTANA,2020,8.08,7.581811,0.4981890487670899,0.4981890487670899,1,1
30067,MONTANA,2020,3.31,2.770126,0.5398738956451417,0.5398738956451417,1,1
30071,MONTANA,2020,4.51,4.3069315,0.20306850433349588,0.20306850433349588,1,1
30073,MONTANA,2020,2.57,1.9520377,0.6179623079299925,0.6179623079299925,1,1
30077,MONTANA,2020,10.03,9.615341,0.41465881347656186,0.41465881347656186,1,1
30081,MONTANA,2020,7.13,6.9027724,0.22722757339477528,0.22722757339477528,1,1
30083,MONTANA,2020,5.08,6.124081,-1.0440811347961425,1.0440811347961425,1,1
30085,MONTANA,2020,9.91,9.738653,0.1713468170166017,0.1713468170166017,1,1
30087,MONTANA,2020,3.61,4.1605616,-0.5505615615844728,0.5505615615844728,1,1
30089,MONTANA,2020,7.79,7.297657,0.4923429870605469,0.4923429870605469,1,1
30093,MONTANA,2020,5.67,5.3534474,0.316552562713623,0.316552562713623,1,1
30095,MONTANA,2020,1.17,0.460542,0.709458006620407,0.709458006620407,1,1
30097,MONTANA,2020,12.0,11.781579,0.21842098236083984,0.21842098236083984,1,1
30099,MONTANA,2020,3.75,3.7188735,0.03112649917602539,0.03112649917602539,1,1
30101,MONTANA,2020,1.97,2.0128005,-0.042800455093383816,0.042800455093383816,1,1
30105,MONTANA,2020,3.65,3.737802,-0.08780202865600595,0.08780202865600595,1,1
30111,MONTANA,2020,3.82,4.0172334,-0.1972333717346193,0.1972333717346193,1,1
31001,NEBRASKA,2020,3.27,3.4582772,-0.18827722549438475,0.18827722549438475,1,1
31003,NEBRASKA,2020,2.77,3.919547,-1.1495470809936523,1.1495470809936523,1,1
31011,NEBRASKA,2020,2.78,1.8832304,0.8967695522308348,0.8967695522308348,1,1
31013,NEBRASKA,2020,2.42,1.5672951,0.8527049255371093,0.8527049255371093,1,1
31019,NEBRASKA,2020,2.59,2.0703278,0.5196722412109374,0.5196722412109374,1,1
31021,NEBRASKA,2020,6.43,6.418573,0.011427097320556356,0.011427097320556356,1,1
31023,NEBRASKA,2020,-1.71,-3.7192776,2.009277620315552,2.009277620315552,0,0
31025,NEBRASKA,2020,2.62,2.0452445,0.5747555446624757,0.5747555446624757,1,1
31027,NEBRASKA,2020,0.21,0.30881697,-0.09881696939468385,0.09881696939468385,1,1
31029,NEBRASKA,2020,-1.3,-1.7294456,0.4294455766677856,0.4294455766677856,0,0
31031,NEBRASKA,2020,4.15,3.498246,0.6517540454864506,0.6517540454864506,1,1
31033,NEBRASKA,2020,5.53,6.2881346,-0.7581345748901365,0.7581345748901365,1,1
31035,NEBRASKA,2020,2.29,1.4025948,0.8874051952362061,0.8874051952362061,1,1
31037,NEBRASKA,2020,6.23,6.221142,0.008858184814453551,0.008858184814453551,1,1
31039,NEBRASKA,2020,2.49,3.1210184,-0.6310184097290037,0.6310184097290037,1,1
31041,NEBRASKA,2020,4.22,4.46531,-0.2453100967407229,0.2453100967407229,1,1
31043,NEBRASKA,2020,2.05,1.1590375,0.8909625291824339,0.8909625291824339,1,1
31045,NEBRASKA,2020,-0.71,-1.239816,0.5298159503936768,0.5298159503936768,0,0
31047,NEBRASKA,2020,2.55,2.8591754,-0.30917544364929217,0.30917544364929217,1,1
31051,NEBRASKA,2020,-3.82,-4.527067,0.7070671844482423,0.7070671844482423,0,0
31053,NEBRASKA,2020,5.08,4.346311,0.7336889076232911,0.7336889076232911,1,1
31055,NEBRASKA,2020,3.79,3.480676,0.3093240642547608,0.3093240642547608,1,1
31059,NEBRASKA,2020,1.92,1.6032658,0.31673423767089837,0.31673423767089837,1,1
31063,NEBRASKA,2020,10.11,11.628851,-1.518850936889649,1.518850936889649,1,1
31065,NEBRASKA,2020,-4.0,-4.9858556,0.9858555793762207,0.9858555793762207,0,0
31067,NEBRASKA,2020,0.39,-0.113085926,0.5030859255790711,0.5030859255790711,1,0
31073,NEBRASKA,2020,4.06,4.5419025,-0.4819025421142582,0.4819025421142582,1,1
31079,NEBRASKA,2020,2.52,2.0442507,0.4757492733001709,0.4757492733001709,1,1
31081,NEBRASKA,2020,3.31,2.8129344,0.497065601348877,0.497065601348877,1,1
31083,NEBRASKA,2020,2.35,2.5525026,-0.2025026321411132,0.2025026321411132,1,1
31089,NEBRASKA,2020,0.96,0.4084802,0.5515198028087616,0.5515198028087616,1,1
31093,NEBRASKA,2020,4.8,4.524225,0.27577476501464826,0.27577476501464826,1,1
31095,NEBRASKA,2020,3.08,2.7594616,0.32053835868835456,0.32053835868835456,1,1
31099,NEBRASKA,2020,0.87,0.6839239,0.1860760998725891,0.1860760998725891,1,1
31101,NEBRASKA,2020,8.08,8.017594,0.062405662536621165,0.062405662536621165,1,1
31105,NEBRASKA,2020,4.75,4.9654016,-0.21540164947509766,0.21540164947509766,1,1
31107,NEBRASKA,2020,1.94,1.3672289,0.5727711343765258,0.5727711343765258,1,1
31109,NEBRASKA,2020,2.93,3.2704384,-0.3404384326934813,0.3404384326934813,1,1
31111,NEBRASKA,2020,1.99,1.530359,0.45964097023010253,0.45964097023010253,1,1
31119,NEBRASKA,2020,2.96,2.6985774,0.26142259597778317,0.26142259597778317,1,1
31121,NEBRASKA,2020,-0.48,-1.4449776,0.9649776411056519,0.9649776411056519,0,0
31123,NEBRASKA,2020,-4.18,-4.7211356,0.5411356163024905,0.5411356163024905,0,0
31125,NEBRASKA,2020,-0.15,-0.21128432,0.06128432452678681,0.06128432452678681,0,0
31127,NEBRASKA,2020,-0.31,-0.27196598,-0.03803401947021484,0.03803401947021484,0,0
31129,NEBRASKA,2020,2.12,2.5711875,-0.45118749618530263,0.45118749618530263,1,1
31131,NEBRASKA,2020,3.18,3.269383,-0.08938295364379867,0.08938295364379867,1,1
31135,NEBRASKA,2020,-1.51,-1.92541,0.41541003227233886,0.41541003227233886,0,0
31137,NEBRASKA,2020,4.9,4.5901933,0.30980672836303746,0.30980672836303746,1,1
31139,NEBRASKA,2020,-0.59,-0.9256373,0.33563730478286746,0.33563730478286746,0,0
31141,NEBRASKA,2020,3.5,2.8961668,0.6038331985473633,0.6038331985473633,1,1
31143,NEBRASKA,2020,-5.2,-6.0809336,0.8809335708618162,0.8809335708618162,0,0
31145,NEBRASKA,2020,3.8,3.8649478,-0.0649477958679201,0.0649477958679201,1,1
31147,NEBRASKA,2020,-0.75,-1.7456629,0.9956629276275635,0.9956629276275635,0,0
31151,NEBRASKA,2020,4.78,3.0160866,1.7639134216308596,1.7639134216308596,1,1
31153,NEBRASKA,2020,3.32,3.6288965,-0.308896474838257,0.308896474838257,1,1
31155,NEBRASKA,2020,2.52,2.212771,0.307229061126709,0.307229061126709,1,1
31157,NEBRASKA,2020,0.28,-0.012435873,0.2924358730390668,0.2924358730390668,1,0
31159,NEBRASKA,2020,1.64,1.4820789,0.1579210901260375,0.1579210901260375,1,1
31167,NEBRASKA,2020,3.02,2.2835653,0.7364347171783447,0.7364347171783447,1,1
31173,NEBRASKA,2020,11.48,12.024623,-0.5446229171752925,0.5446229171752925,1,1
31175,NEBRASKA,2020,-0.71,-0.45524573,-0.25475426673889157,0.25475426673889157,0,0
31177,NEBRASKA,2020,2.68,1.9908382,0.6891618299484255,0.6891618299484255,1,1
31179,NEBRASKA,2020,1.29,1.3374654,-0.04746540546417233,0.04746540546417233,1,1
31185,NEBRASKA,2020,1.85,1.5604285,0.289571499824524,0.289571499824524,1,1
32001,NEVADA,2020,3.85,2.36967,1.4803300857543946,1.4803300857543946,1,1
32003,NEVADA,2020,2.89,1.418701,1.4712989473342897,1.4712989473342897,1,1
32005,NEVADA,2020,2.87,0.72051126,2.149488742351532,2.149488742351532,1,1
32007,NEVADA,2020,2.33,2.8449938,-0.5149938297271728,0.5149938297271728,1,1
32013,NEVADA,2020,4.31,4.2323627,0.0776372528076168,0.0776372528076168,1,1
32015,NEVADA,2020,6.44,5.6176105,0.8223895454406742,0.8223895454406742,1,1
32019,NEVADA,2020,4.02,3.2887206,0.7312793922424312,0.7312793922424312,1,1
32021,NEVADA,2020,0.61,-1.8480848,2.458084807395935,2.458084807395935,1,0
32023,NEVADA,2020,4.41,3.464348,0.9456519222259523,0.9456519222259523,1,1
32029,NEVADA,2020,9.09,8.311236,0.7787636184692381,0.7787636184692381,1,1
32031,NEVADA,2020,3.22,1.0589516,2.1610483837127688,2.1610483837127688,1,1
32033,NEVADA,2020,7.86,6.326755,1.533244953155518,1.533244953155518,1,1
32510,NEVADA,2020,4.93,3.2115712,1.7184287834167478,1.7184287834167478,1,1
33001,NEW HAMPSHIRE,2020,5.28,4.120564,1.159436016082764,1.159436016082764,1,1
33003,NEW HAMPSHIRE,2020,5.7,4.825126,0.8748738288879396,0.8748738288879396,1,1
33005,NEW HAMPSHIRE,2020,5.93,5.7811837,0.14881628036498995,0.14881628036498995,1,1
33007,NEW HAMPSHIRE,2020,7.18,7.016488,0.16351192474365206,0.16351192474365206,1,1
33009,NEW HAMPSHIRE,2020,5.39,5.0839233,0.3060766601562497,0.3060766601562497,1,1
33011,NEW HAMPSHIRE,2020,5.38,4.11809,1.2619098472595214,1.2619098472595214,1,1
33013,NEW HAMPSHIRE,2020,6.11,5.9732966,0.13670335769653352,0.13670335769653352,1,1
33015,NEW HAMPSHIRE,2020,4.19,2.8664527,1.3235473060607914,1.3235473060607914,1,1
33017,NEW HAMPSHIRE,2020,5.29,5.3427014,-0.05270143508911129,0.05270143508911129,1,1
33019,NEW HAMPSHIRE,2020,5.3,5.1783805,0.12161951065063459,0.12161951065063459,1,1
34001,NEW JERSEY,2020,5.34,3.3263288,2.013671245574951,2.013671245574951,1,1
34003,NEW JERSEY,2020,2.5,1.0057102,1.494289755821228,1.494289755821228,1,1
34005,NEW JERSEY,2020,3.87,3.5005322,0.3694678497314454,0.3694678497314454,1,1
34007,NEW JERSEY,2020,4.94,3.720525,1.2194749736785893,1.2194749736785893,1,1
34009,NEW JERSEY,2020,6.41,5.9829125,0.4270874595642091,0.4270874595642091,1,1
34011,NEW JERSEY,2020,4.52,4.068119,0.45188095092773395,0.45188095092773395,1,1
34013,NEW JERSEY,2020,3.68,1.460655,2.2193450260162355,2.2193450260162355,1,1
34015,NEW JERSEY,2020,4.52,3.7692945,0.7507054996490474,0.7507054996490474,1,1
34017,NEW JERSEY,2020,3.95,1.2933214,2.656678628921509,2.656678628921509,1,1
34019,NEW JERSEY,2020,2.07,1.6289653,0.4410347414016722,0.4410347414016722,1,1
34021,NEW JERSEY,2020,3.35,1.7020893,1.6479106903076173,1.6479106903076173,1,1
34023,NEW JERSEY,2020,2.82,2.3019416,0.5180583667755125,0.5180583667755125,1,1
34025,NEW JERSEY,2020,2.95,1.7825736,1.1674264192581179,1.1674264192581179,1,1
34027,NEW JERSEY,2020,1.76,0.53540915,1.224590847492218,1.224590847492218,1,1
34029,NEW JERSEY,2020,4.41,2.4011655,2.00883451461792,2.00883451461792,1,1
34031,NEW JERSEY,2020,3.77,0.7643573,3.005642671585083,3.005642671585083,1,1
34033,NEW JERSEY,2020,3.83,3.9042318,-0.0742317867279052,0.0742317867279052,1,1
34035,NEW JERSEY,2020,1.86,0.84221107,1.017788932323456,1.017788932323456,1,1
34037,NEW JERSEY,2020,4.43,2.9673193,1.4626807498931882,1.4626807498931882,1,1
34039,NEW JERSEY,2020,3.01,2.146822,0.863178024291992,0.863178024291992,1,1
34041,NEW JERSEY,2020,5.34,4.892865,0.4471348190307616,0.4471348190307616,1,1
35001,NEW MEXICO,2020,5.14,4.3446665,0.7953335189819333,0.7953335189819333,1,1
35005,NEW MEXICO,2020,8.87,8.224321,0.6456786346435539,0.6456786346435539,1,1
35006,NEW MEXICO,2020,10.21,9.887725,0.32227512359619226,0.32227512359619226,1,1
35007,NEW MEXICO,2020,7.42,6.9303956,0.4896043968200683,0.4896043968200683,1,1
35009,NEW MEXICO,2020,4.76,4.967558,-0.2075579071044924,0.2075579071044924,1,1
35013,NEW MEXICO,2020,3.95,3.7333407,0.21665925979614276,0.21665925979614276,1,1
35015,NEW MEXICO,2020,4.54,2.7047172,1.8352828407287598,1.8352828407287598,1,1
35017,NEW MEXICO,2020,3.94,3.9291255,0.01087445259094233,0.01087445259094233,1,1
35025,NEW MEXICO,2020,3.57,1.9273562,1.642643756866455,1.642643756866455,1,1
35027,NEW MEXICO,2020,7.5,5.5465016,1.953498363494873,1.953498363494873,1,1
35028,NEW MEXICO,2020,5.47,4.559745,0.9102551651000974,0.9102551651000974,1,1
35029,NEW MEXICO,2020,-3.46,-4.593737,1.1337371253967286,1.1337371253967286,0,0
35031,NEW MEXICO,2020,3.72,3.676437,0.0435630989074709,0.0435630989074709,1,1
35035,NEW MEXICO,2020,4.03,4.430539,-0.40053913116455053,0.40053913116455053,1,1
35037,NEW MEXICO,2020,7.82,10.716605,-2.896605186462402,2.896605186462402,1,1
35039,NEW MEXICO,2020,2.02,1.412641,0.6073589515686035,0.6073589515686035,1,1
35041,NEW MEXICO,2020,4.34,5.047652,-0.707651767730713,0.707651767730713,1,1
35043,NEW MEXICO,2020,5.14,5.591004,-0.4510038948059085,0.4510038948059085,1,1
35045,NEW MEXICO,2020,4.42,3.667636,0.7523640823364257,0.7523640823364257,1,1
35047,NEW MEXICO,2020,-0.29,-1.4791377,1.189137659072876,1.189137659072876,0,0
35049,NEW MEXICO,2020,4.81,3.546166,1.2638340568542477,1.2638340568542477,1,1
35051,NEW MEXICO,2020,10.47,10.528047,-0.05804660797119077,0.05804660797119077,1,1
35053,NEW MEXICO,2020,0.78,0.76445746,0.015542535781860378,0.015542535781860378,1,1
35055,NEW MEXICO,2020,5.66,4.5913844,1.0686155891418458,1.0686155891418458,1,1
35057,NEW MEXICO,2020,11.36,9.987257,1.3727429962158197,1.3727429962158197,1,1
35061,NEW MEXICO,2020,4.1,4.8177614,-0.7177614212036136,0.7177614212036136,1,1
36001,NEW YORK,2020,2.69,2.8211675,-0.13116746902465826,0.13116746902465826,1,1
36003,NEW YORK,2020,5.18,4.7525187,0.4274813461303708,0.4274813461303708,1,1
36005,NEW YORK,2020,5.04,0.3944372,4.645562806129456,4.645562806129456,1,1
36007,NEW YORK,2020,6.22,4.7198358,1.5001642417907712,1.5001642417907712,1,1
36009,NEW YORK,2020,0.21,1.1543616,-0.9443616056442261,0.9443616056442261,1,1
36011,NEW YORK,2020,6.97,6.5725803,0.3974196624755857,0.3974196624755857,1,1
36013,NEW YORK,2020,4.12,3.168924,0.9510759067535401,0.9510759067535401,1,1
36015,NEW YORK,2020,2.58,3.4347448,-0.8547448348999023,0.8547448348999023,1,1
36017,NEW YORK,2020,1.26,1.7234914,-0.46349143028259276,0.46349143028259276,1,1
36019,NEW YORK,2020,1.92,2.0464778,-0.12647779464721687,0.12647779464721687,1,1
36021,NEW YORK,2020,4.16,3.3676724,0.7923275566101076,0.7923275566101076,1,1
36023,NEW YORK,2020,6.12,5.9354095,0.1845904541015626,0.1845904541015626,1,1
36025,NEW YORK,2020,3.54,1.9120598,1.6279402160644532,1.6279402160644532,1,1
36027,NEW YORK,2020,4.23,2.7579768,1.4720232295989994,1.4720232295989994,1,1
36029,NEW YORK,2020,5.05,3.921184,1.1288159370422362,1.1288159370422362,1,1
36031,NEW YORK,2020,3.21,2.787258,0.4227420902252197,0.4227420902252197,1,1
36033,NEW YORK,2020,1.77,1.9410362,-0.17103622436523436,0.17103622436523436,1,1
36035,NEW YORK,2020,1.45,1.9414513,-0.49145131111145024,0.49145131111145024,1,1
36037,NEW YORK,2020,5.93,3.796645,2.1333550739288327,2.1333550739288327,1,1
36039,NEW YORK,2020,8.16,7.1259465,1.034053478240967,1.034053478240967,1,1
36041,NEW YORK,2020,4.29,4.4015007,-0.11150070190429684,0.11150070190429684,1,1
36043,NEW YORK,2020,5.58,5.569233,0.010767059326171946,0.010767059326171946,1,1
36045,NEW YORK,2020,4.11,3.3830032,0.7269967651367191,0.7269967651367191,1,1
36047,NEW YORK,2020,1.59,-0.051802956,1.6418029555678368,1.6418029555678368,1,0
36049,NEW YORK,2020,0.15,0.15891308,-0.008913075923919683,0.008913075923919683,1,1
36051,NEW YORK,2020,4.19,4.6358094,-0.44580942153930625,0.44580942153930625,1,1
36053,NEW YORK,2020,2.42,2.4756613,-0.055661277770996165,0.055661277770996165,1,1
36055,NEW YORK,2020,4.93,4.316458,0.6135417747497556,0.6135417747497556,1,1
36057,NEW YORK,2020,3.57,2.8294404,0.7405596446990965,0.7405596446990965,1,1
36059,NEW YORK,2020,2.81,0.9287115,1.881288526058197,1.881288526058197,1,1
36063,NEW YORK,2020,5.38,3.5895534,1.7904466438293456,1.7904466438293456,1,1
36065,NEW YORK,2020,5.75,4.479529,1.2704710960388184,1.2704710960388184,1,1
36067,NEW YORK,2020,5.68,4.8336024,0.8463975715637204,0.8463975715637204,1,1
36069,NEW YORK,2020,4.18,4.529952,-0.3499520492553714,0.3499520492553714,1,1
36071,NEW YORK,2020,4.66,3.696257,0.9637428855895998,0.9637428855895998,1,1
36073,NEW YORK,2020,4.7,4.892974,-0.19297389984130842,0.19297389984130842,1,1
36075,NEW YORK,2020,6.12,5.7059417,0.41405832290649425,0.41405832290649425,1,1
36077,NEW YORK,2020,2.64,2.8244824,-0.1844824409484862,0.1844824409484862,1,1
36079,NEW YORK,2020,4.18,2.6469932,1.533006839752197,1.533006839752197,1,1
36081,NEW YORK,2020,2.55,-0.8172827,3.367282676696777,3.367282676696777,1,0
36083,NEW YORK,2020,3.74,3.701385,0.038614978790283416,0.038614978790283416,1,1
36085,NEW YORK,2020,1.63,-1.4277372,3.057737236022949,3.057737236022949,1,0
36087,NEW YORK,2020,2.1,-0.21922979,2.3192297875881196,2.3192297875881196,1,0
36089,NEW YORK,2020,1.73,1.9810834,-0.25108339309692385,0.25108339309692385,1,1
36091,NEW YORK,2020,3.32,3.5071554,-0.18715541839599625,0.18715541839599625,1,1
36093,NEW YORK,2020,3.8,3.2279065,0.5720935344696043,0.5720935344696043,1,1
36095,NEW YORK,2020,4.44,5.1155343,-0.6755343055725094,0.6755343055725094,1,1
36097,NEW YORK,2020,0.58,0.5114712,0.06852878808975216,0.06852878808975216,1,1
36099,NEW YORK,2020,8.18,7.8515143,0.32848566055297823,0.32848566055297823,1,1
36101,NEW YORK,2020,4.66,4.518843,0.14115682601928725,0.14115682601928725,1,1
36103,NEW YORK,2020,4.28,3.1962566,1.083743362426758,1.083743362426758,1,1
36105,NEW YORK,2020,5.55,4.713532,0.8364680290222166,0.8364680290222166,1,1
36107,NEW YORK,2020,2.66,2.1245313,0.5354687309265138,0.5354687309265138,1,1
36109,NEW YORK,2020,3.72,2.9039826,0.816017360687256,0.816017360687256,1,1
36111,NEW YORK,2020,6.03,4.5980015,1.4319985198974612,1.4319985198974612,1,1
36113,NEW YORK,2020,7.19,7.322215,-0.13221508026123008,0.13221508026123008,1,1
36115,NEW YORK,2020,5.75,5.2668586,0.4831414222717285,0.4831414222717285,1,1
36117,NEW YORK,2020,6.24,5.952627,0.2873728179931643,0.2873728179931643,1,1
36119,NEW YORK,2020,1.84,-0.3052305,2.1452304983139037,2.1452304983139037,1,0
36121,NEW YORK,2020,3.51,2.9944835,0.5155165290832517,0.5155165290832517,1,1
36123,NEW YORK,2020,8.7,7.386462,1.3135377883911126,1.3135377883911126,1,1
37001,NORTH CAROLINA,2020,4.49,3.723956,0.7660438919067385,0.7660438919067385,1,1
37003,NORTH CAROLINA,2020,5.04,4.644633,0.39536718368530277,0.39536718368530277,1,1
37005,NORTH CAROLINA,2020,10.77,9.708256,1.061744232177734,1.061744232177734,1,1
37007,NORTH CAROLINA,2020,6.85,6.658196,0.1918040275573727,0.1918040275573727,1,1
37009,NORTH CAROLINA,2020,3.14,2.6745453,0.4654547119140626,0.4654547119140626,1,1
37011,NORTH CAROLINA,2020,2.12,1.3831879,0.7368121099472047,0.7368121099472047,1,1
37013,NORTH CAROLINA,2020,6.38,6.08953,0.29047000885009755,0.29047000885009755,1,1
37015,NORTH CAROLINA,2020,4.85,5.5164914,-0.6664914131164554,0.6664914131164554,1,1
37017,NORTH CAROLINA,2020,6.66,5.311982,1.3480178451538087,1.3480178451538087,1,1
37019,NORTH CAROLINA,2020,5.81,5.6171803,0.19281965255737266,0.19281965255737266,1,1
37021,NORTH CAROLINA,2020,2.9,1.3396584,1.5603416204452514,1.5603416204452514,1,1
37023,NORTH CAROLINA,2020,4.44,4.1499977,0.29000228881835977,0.29000228881835977,1,1
37025,NORTH CAROLINA,2020,4.71,4.2450113,0.46498867034912106,0.46498867034912106,1,1
37027,NORTH CAROLINA,2020,5.08,5.016382,0.06361778259277351,0.06361778259277351,1,1
37029,NORTH CAROLINA,2020,3.33,3.687879,-0.3578790855407714,0.3578790855407714,1,1
37031,NORTH CAROLINA,2020,5.46,5.987269,-0.5272689247131348,0.5272689247131348,1,1
37033,NORTH CAROLINA,2020,9.15,8.124114,1.0258859634399418,1.0258859634399418,1,1
37035,NORTH CAROLINA,2020,4.32,3.4593222,0.8606777858734134,0.8606777858734134,1,1
37037,NORTH CAROLINA,2020,2.19,2.686412,-0.4964120960235596,0.4964120960235596,1,1
37039,NORTH CAROLINA,2020,4.47,5.2386484,-0.7686484146118167,0.7686484146118167,1,1
37041,NORTH CAROLINA,2020,6.42,6.318752,0.10124818801879876,0.10124818801879876,1,1
37043,NORTH CAROLINA,2020,6.04,5.659375,0.38062480926513675,0.38062480926513675,1,1
37045,NORTH CAROLINA,2020,4.27,4.030601,0.23939897537231403,0.23939897537231403,1,1
37047,NORTH CAROLINA,2020,6.33,5.9032497,0.42675025939941413,0.42675025939941413,1,1
37049,NORTH CAROLINA,2020,1.36,1.8675463,-0.5075463199615478,0.5075463199615478,1,1
37051,NORTH CAROLINA,2020,5.54,5.4516478,0.08835224151611332,0.08835224151611332,1,1
37053,NORTH CAROLINA,2020,1.7,1.5138294,0.18617064952850337,0.18617064952850337,1,1
37055,NORTH CAROLINA,2020,6.73,6.5535965,0.17640350341796918,0.17640350341796918,1,1
37057,NORTH CAROLINA,2020,3.95,3.6482322,0.3017677783966066,0.3017677783966066,1,1
37059,NORTH CAROLINA,2020,2.52,2.2608843,0.2591157150268555,0.2591157150268555,1,1
37061,NORTH CAROLINA,2020,7.68,7.7514396,-0.07143957138061552,0.07143957138061552,1,1
37063,NORTH CAROLINA,2020,3.15,2.3317974,0.8182026386260985,0.8182026386260985,1,1
37065,NORTH CAROLINA,2020,6.86,5.7858005,1.074199542999268,1.074199542999268,1,1
37067,NORTH CAROLINA,2020,5.2,4.0814614,1.118538570404053,1.118538570404053,1,1
37069,NORTH CAROLINA,2020,4.82,4.1014485,0.7185514640808108,0.7185514640808108,1,1
37071,NORTH CAROLINA,2020,6.04,4.8643265,1.1756735229492188,1.1756735229492188,1,1
37073,NORTH CAROLINA,2020,-10.12,-10.226854,0.1068543243408211,0.1068543243408211,0,0
37075,NORTH CAROLINA,2020,19.85,17.345268,2.5047317504882827,2.5047317504882827,1,1
37077,NORTH CAROLINA,2020,3.39,3.5520887,-0.16208873748779284,0.16208873748779284,1,1
37079,NORTH CAROLINA,2020,-4.3,-4.0514436,-0.24855642318725568,0.24855642318725568,0,0
37081,NORTH CAROLINA,2020,4.26,3.3696718,0.8903281784057615,0.8903281784057615,1,1
37083,NORTH CAROLINA,2020,1.69,2.1877954,-0.4977954006195069,0.4977954006195069,1,1
37085,NORTH CAROLINA,2020,5.39,5.2885666,0.10143341064453093,0.10143341064453093,1,1
37087,NORTH CAROLINA,2020,6.07,5.252709,0.8172910881042483,0.8172910881042483,1,1
37089,NORTH CAROLINA,2020,2.71,1.6217453,1.0882546520233154,1.0882546520233154,1,1
37091,NORTH CAROLINA,2020,-3.47,-3.1656334,-0.3043665599823,0.3043665599823,0,0
37093,NORTH CAROLINA,2020,5.49,6.2513866,-0.7613866424560545,0.7613866424560545,1,1
37095,NORTH CAROLINA,2020,-2.67,-3.0040352,0.334035234451294,0.334035234451294,0,0
37097,NORTH CAROLINA,2020,3.98,3.510162,0.4698378849029541,0.4698378849029541,1,1
37099,NORTH CAROLINA,2020,6.18,4.177762,2.002237968444824,2.002237968444824,1,1
37101,NORTH CAROLINA,2020,5.11,4.866313,0.24368701934814485,0.24368701934814485,1,1
37103,NORTH CAROLINA,2020,3.0,3.0839102,-0.08391022682189941,0.08391022682189941,1,1
37105,NORTH CAROLINA,2020,4.3,3.6378405,0.662159490585327,0.662159490585327,1,1
37107,NORTH CAROLINA,2020,0.68,1.3677132,-0.6877132129669189,0.6877132129669189,1,1
37109,NORTH CAROLINA,2020,3.91,4.352884,-0.4428838157653807,0.4428838157653807,1,1
37111,NORTH CAROLINA,2020,4.32,3.970634,0.34936601638793974,0.34936601638793974,1,1
37113,NORTH CAROLINA,2020,4.95,5.2645984,-0.3145983695983885,0.3145983695983885,1,1
37115,NORTH CAROLINA,2020,2.37,1.6007302,0.7692698192596437,0.7692698192596437,1,1
37117,NORTH CAROLINA,2020,11.04,10.080999,0.9590006256103507,0.9590006256103507,1,1
37119,NORTH CAROLINA,2020,4.67,3.7829833,0.8870166969299316,0.8870166969299316,1,1
37121,NORTH CAROLINA,2020,3.37,4.18984,-0.8198398399353026,0.8198398399353026,1,1
37123,NORTH CAROLINA,2020,1.15,1.7443411,-0.5943411350250245,0.5943411350250245,1,1
37125,NORTH CAROLINA,2020,3.72,3.91201,-0.19200995445251445,0.19200995445251445,1,1
37127,NORTH CAROLINA,2020,4.03,4.404095,-0.37409517288207983,0.37409517288207983,1,1
37129,NORTH CAROLINA,2020,5.52,4.732217,0.7877831649780269,0.7877831649780269,1,1
37131,NORTH CAROLINA,2020,4.7,4.5105944,0.18940563201904315,0.18940563201904315,1,1
37133,NORTH CAROLINA,2020,2.56,3.1405597,-0.5805596733093261,0.5805596733093261,1,1
37135,NORTH CAROLINA,2020,2.73,2.618508,0.11149189949035643,0.11149189949035643,1,1
37137,NORTH CAROLINA,2020,7.09,6.453283,0.6367171669006346,0.6367171669006346,1,1
37139,NORTH CAROLINA,2020,5.59,5.8910933,-0.3010932540893556,0.3010932540893556,1,1
37141,NORTH CAROLINA,2020,4.58,4.376298,0.20370204925537116,0.20370204925537116,1,1
37143,NORTH CAROLINA,2020,11.6,10.508755,1.0912452697753903,1.0912452697753903,1,1
37145,NORTH CAROLINA,2020,3.07,3.2981236,-0.22812359809875504,0.22812359809875504,1,1
37147,NORTH CAROLINA,2020,4.16,4.901291,-0.7412908935546874,0.7412908935546874,1,1
37149,NORTH CAROLINA,2020,3.57,2.6329043,0.9370957088470457,0.9370957088470457,1,1
37151,NORTH CAROLINA,2020,4.67,4.5063076,0.163692398071289,0.163692398071289,1,1
37153,NORTH CAROLINA,2020,5.46,4.493163,0.9668368911743164,0.9668368911743164,1,1
37155,NORTH CAROLINA,2020,6.9,5.6361566,1.2638434410095218,1.2638434410095218,1,1
37157,NORTH CAROLINA,2020,5.13,4.975657,0.15434301376342763,0.15434301376342763,1,1
37159,NORTH CAROLINA,2020,6.81,5.292805,1.5171948051452633,1.5171948051452633,1,1
37161,NORTH CAROLINA,2020,4.59,3.7022529,0.8877471351623534,0.8877471351623534,1,1
37163,NORTH CAROLINA,2020,4.79,4.421884,0.3681159400939942,0.3681159400939942,1,1
37165,NORTH CAROLINA,2020,8.69,8.50437,0.18563026428222607,0.18563026428222607,1,1
37167,NORTH CAROLINA,2020,3.21,2.9207377,0.2892622566223144,0.2892622566223144,1,1
37169,NORTH CAROLINA,2020,4.86,3.9638143,0.8961857414245609,0.8961857414245609,1,1
37171,NORTH CAROLINA,2020,2.78,2.735972,0.04402807235717754,0.04402807235717754,1,1
37173,NORTH CAROLINA,2020,6.79,5.6646757,1.1253242874145508,1.1253242874145508,1,1
37175,NORTH CAROLINA,2020,5.66,5.644821,0.015178833007812642,0.015178833007812642,1,1
37179,NORTH CAROLINA,2020,4.33,4.8951335,-0.5651334953308105,0.5651334953308105,1,1
37181,NORTH CAROLINA,2020,2.93,2.9690275,-0.03902751922607406,0.03902751922607406,1,1
37183,NORTH CAROLINA,2020,3.15,3.5034332,-0.3534332275390626,0.3534332275390626,1,1
37185,NORTH CAROLINA,2020,4.6,3.7293985,0.8706015110015866,0.8706015110015866,1,1
37187,NORTH CAROLINA,2020,5.96,6.0736895,-0.11368946075439457,0.11368946075439457,1,1
37189,NORTH CAROLINA,2020,3.45,3.3102272,0.13977284431457537,0.13977284431457537,1,1
37191,NORTH CAROLINA,2020,3.01,3.3917096,-0.3817095661163332,0.3817095661163332,1,1
37193,NORTH CAROLINA,2020,3.33,2.994184,0.3358159828186036,0.3358159828186036,1,1
37195,NORTH CAROLINA,2020,4.93,4.449136,0.48086421966552706,0.48086421966552706,1,1
37197,NORTH CAROLINA,2020,5.73,5.7321167,-0.0021166992187495737,0.0021166992187495737,1,1
37199,NORTH CAROLINA,2020,6.58,5.990461,0.5895391273498536,0.5895391273498536,1,1
38003,NORTH DAKOTA,2020,1.42,1.0681138,0.35188619613647454,0.35188619613647454,1,1
38009,NORTH DAKOTA,2020,0.65,1.1918517,-0.5418517351150512,0.5418517351150512,1,1
38011,NORTH DAKOTA,2020,-2.05,-0.24666305,-1.8033369511365889,1.8033369511365889,0,0
38015,NORTH DAKOTA,2020,1.19,2.3033938,-1.113393840789795,1.113393840789795,1,1
38017,NORTH DAKOTA,2020,1.2,1.6805916,-0.48059158325195317,0.48059158325195317,1,1
38019,NORTH DAKOTA,2020,2.12,3.2715719,-1.1515718746185302,1.1515718746185302,1,1
38021,NORTH DAKOTA,2020,2.99,4.794149,-1.8041489219665525,1.8041489219665525,1,1
38031,NORTH DAKOTA,2020,1.68,1.1266035,0.5533965158462524,0.5533965158462524,1,1
38035,NORTH DAKOTA,2020,1.45,1.9762927,-0.5262927293777466,0.5262927293777466,1,1
38049,NORTH DAKOTA,2020,8.94,9.013556,-0.07355552673339893,0.07355552673339893,1,1
38055,NORTH DAKOTA,2020,-0.68,0.23493014,-0.9149301427602768,0.9149301427602768,0,1
38057,NORTH DAKOTA,2020,1.06,2.8343437,-1.774343671798706,1.774343671798706,1,1
38059,NORTH DAKOTA,2020,0.77,1.6163332,-0.8463332462310791,0.8463332462310791,1,1
38067,NORTH DAKOTA,2020,0.59,1.1333224,-0.5433223581314087,0.5433223581314087,1,1
38069,NORTH DAKOTA,2020,1.24,1.2557963,-0.015796313285827646,0.015796313285827646,1,1
38071,NORTH DAKOTA,2020,2.42,2.5896442,-0.16964419364929206,0.16964419364929206,1,1
38073,NORTH DAKOTA,2020,-6.59,-5.690705,-0.8992951774597167,0.8992951774597167,0,0
38077,NORTH DAKOTA,2020,0.89,2.4426374,-1.5526374435424803,1.5526374435424803,1,1
38081,NORTH DAKOTA,2020,-0.3,1.0595484,-1.3595483779907227,1.3595483779907227,0,1
38089,NORTH DAKOTA,2020,0.84,1.576577,-0.7365769481658936,0.7365769481658936,1,1
38093,NORTH DAKOTA,2020,0.96,2.2464845,-1.2864845180511475,1.2864845180511475,1,1
38097,NORTH DAKOTA,2020,1.54,1.914867,-0.3748670434951782,0.3748670434951782,1,1
38099,NORTH DAKOTA,2020,0.69,1.5365465,-0.8465464687347413,0.8465464687347413,1,1
38101,NORTH DAKOTA,2020,2.32,3.443245,-1.1232449340820314,1.1232449340820314,1,1
38105,NORTH DAKOTA,2020,2.87,0.31844798,2.5515520226955415,2.5515520226955415,1,1
39001,OHIO,2020,3.27,2.965523,0.30447699546813967,0.30447699546813967,1,1
39003,OHIO,2020,5.31,5.7205963,-0.4105963134765629,0.4105963134765629,1,1
39005,OHIO,2020,5.5,5.275689,0.22431087493896484,0.22431087493896484,1,1
39007,OHIO,2020,2.29,2.1559448,0.13405517578125004,0.13405517578125004,1,1
39009,OHIO,2020,3.35,3.5120966,-0.1620966434478759,0.1620966434478759,1,1
39011,OHIO,2020,4.35,2.5547783,1.795221662521362,1.795221662521362,1,1
39013,OHIO,2020,1.4,1.2846262,0.11537375450134268,0.11537375450134268,1,1
39015,OHIO,2020,5.81,5.807195,0.002804813385009375,0.002804813385009375,1,1
39017,OHIO,2020,4.28,4.143171,0.13682916641235376,0.13682916641235376,1,1
39019,OHIO,2020,0.4,0.4279971,-0.0279971122741699,0.0279971122741699,1,1
39021,OHIO,2020,4.75,4.3061566,0.44384336471557617,0.44384336471557617,1,1
39023,OHIO,2020,4.6,3.8215513,0.7784486770629879,0.7784486770629879,1,1
39025,OHIO,2020,4.02,3.2956874,0.7243125629425045,0.7243125629425045,1,1
39027,OHIO,2020,5.75,5.2812715,0.46872854232788086,0.46872854232788086,1,1
39029,OHIO,2020,3.23,3.4694216,-0.23942162513732912,0.23942162513732912,1,1
39031,OHIO,2020,4.01,4.208028,-0.19802783966064474,0.19802783966064474,1,1
39033,OHIO,2020,3.91,4.703624,-0.7936237716674803,0.7936237716674803,1,1
39035,OHIO,2020,4.66,3.7428198,0.9171802139282228,0.9171802139282228,1,1
39037,OHIO,2020,3.8,3.1058545,0.6941454887390135,0.6941454887390135,1,1
39039,OHIO,2020,5.38,4.715532,0.6644681739807128,0.6644681739807128,1,1
39041,OHIO,2020,2.69,3.0411096,-0.35110956192016607,0.35110956192016607,1,1
39043,OHIO,2020,3.27,3.180788,0.0892119598388672,0.0892119598388672,1,1
39045,OHIO,2020,4.12,3.74552,0.37447988510131847,0.37447988510131847,1,1
39047,OHIO,2020,6.97,6.1207085,0.8492915344238279,0.8492915344238279,1,1
39049,OHIO,2020,5.29,4.0941916,1.195808448791504,1.195808448791504,1,1
39051,OHIO,2020,2.21,2.5601108,-0.3501108074188233,0.3501108074188233,1,1
39053,OHIO,2020,3.76,3.4298296,0.33017040252685526,0.33017040252685526,1,1
39055,OHIO,2020,3.38,2.1910973,1.1889027404785155,1.1889027404785155,1,1
39057,OHIO,2020,3.82,2.911324,0.9086759757995604,0.9086759757995604,1,1
39059,OHIO,2020,3.54,3.7975368,-0.2575368499755859,0.2575368499755859,1,1
39061,OHIO,2020,4.89,4.4563956,0.43360437393188445,0.43360437393188445,1,1
39063,OHIO,2020,4.25,3.2835965,0.9664034843444824,0.9664034843444824,1,1
39065,OHIO,2020,6.41,5.03808,1.3719197845458986,1.3719197845458986,1,1
39067,OHIO,2020,5.93,5.541441,0.38855903625488253,0.38855903625488253,1,1
39069,OHIO,2020,2.66,3.2397249,-0.5797248744964598,0.5797248744964598,1,1
39071,OHIO,2020,4.26,4.1387644,0.12123561859130838,0.12123561859130838,1,1
39073,OHIO,2020,4.91,4.414044,0.49595609664917006,0.49595609664917006,1,1
39075,OHIO,2020,4.3,3.1725647,1.127435255050659,1.127435255050659,1,1
39077,OHIO,2020,4.66,5.13214,-0.47214015960693345,0.47214015960693345,1,1
39079,OHIO,2020,-1.54,-2.1020358,0.5620357608795166,0.5620357608795166,0,0
39081,OHIO,2020,2.38,2.9573386,-0.577338571548462,0.577338571548462,1,1
39083,OHIO,2020,5.02,4.67423,0.34576990127563434,0.34576990127563434,1,1
39085,OHIO,2020,4.49,3.8373177,0.6526822948455813,0.6526822948455813,1,1
39087,OHIO,2020,5.77,6.1046042,-0.33460424423217816,0.33460424423217816,1,1
39089,OHIO,2020,4.55,3.2452419,1.3047581195831297,1.3047581195831297,1,1
39091,OHIO,2020,2.98,1.4057883,1.5742116975784302,1.5742116975784302,1,1
39093,OHIO,2020,4.58,4.081117,0.49888284683227546,0.49888284683227546,1,1
39095,OHIO,2020,3.36,3.930065,-0.5700649166107179,0.5700649166107179,1,1
39097,OHIO,2020,2.96,1.3423618,1.6176381921768188,1.6176381921768188,1,1
39099,OHIO,2020,2.97,3.941014,-0.9710140514373777,0.9710140514373777,1,1
39101,OHIO,2020,3.47,2.7148085,0.7551915359497072,0.7551915359497072,1,1
39103,OHIO,2020,4.53,3.976341,0.5536589908599856,0.5536589908599856,1,1
39105,OHIO,2020,0.9,0.12218131,0.777818688750267,0.777818688750267,1,1
39107,OHIO,2020,3.87,3.4622433,0.40775668144226085,0.40775668144226085,1,1
39109,OHIO,2020,4.8,3.529682,1.2703180789947508,1.2703180789947508,1,1
39111,OHIO,2020,1.67,1.9500846,-0.2800845670700074,0.2800845670700074,1,1
39113,OHIO,2020,5.38,3.0191047,2.3608952808380126,2.3608952808380126,1,1
39115,OHIO,2020,1.36,0.9276387,0.4323612904548646,0.4323612904548646,1,1
39117,OHIO,2020,6.26,5.877242,0.3827579116821287,0.3827579116821287,1,1
39119,OHIO,2020,4.07,4.5431256,-0.47312562942504854,0.47312562942504854,1,1
39121,OHIO,2020,8.53,8.5225,0.007499961853026704,0.007499961853026704,1,1
39123,OHIO,2020,3.49,1.2383072,2.251692762374878,2.251692762374878,1,1
39125,OHIO,2020,3.24,3.2123783,0.02762173652648947,0.02762173652648947,1,1
39127,OHIO,2020,7.34,6.4620094,0.8779905700683592,0.8779905700683592,1,1
39129,OHIO,2020,5.13,3.7604074,1.3695925521850585,1.3695925521850585,1,1
39131,OHIO,2020,4.03,4.552788,-0.5227877807617185,0.5227877807617185,1,1
39133,OHIO,2020,3.48,3.4148438,0.06515620231628416,0.06515620231628416,1,1
39135,OHIO,2020,5.78,4.919659,0.8603408622741702,0.8603408622741702,1,1
39137,OHIO,2020,2.32,2.0365074,0.2834926319122313,0.2834926319122313,1,1
39139,OHIO,2020,4.95,5.3320827,-0.38208274841308576,0.38208274841308576,1,1
39141,OHIO,2020,5.97,4.822424,1.1475760650634763,1.1475760650634763,1,1
39143,OHIO,2020,3.43,3.3629942,0.06700580596923844,0.06700580596923844,1,1
39145,OHIO,2020,2.03,2.046851,-0.016850919723510938,0.016850919723510938,1,1
39147,OHIO,2020,4.56,4.7633233,-0.2033233070373539,0.2033233070373539,1,1
39149,OHIO,2020,5.28,4.4242816,0.8557184028625491,0.8557184028625491,1,1
39151,OHIO,2020,3.95,3.8932874,0.05671257972717303,0.05671257972717303,1,1
39153,OHIO,2020,4.25,3.7691786,0.4808213710784912,0.4808213710784912,1,1
39155,OHIO,2020,4.23,4.4894433,-0.2594433021545406,0.2594433021545406,1,1
39157,OHIO,2020,3.86,3.7485666,0.11143337249755847,0.11143337249755847,1,1
39159,OHIO,2020,3.43,2.419815,1.0101849365234377,1.0101849365234377,1,1
39161,OHIO,2020,6.67,5.41751,1.2524899673461913,1.2524899673461913,1,1
39163,OHIO,2020,7.83,7.8728642,-0.04286424636840813,0.04286424636840813,1,1
39165,OHIO,2020,4.03,3.0225334,1.0074665832519534,1.0074665832519534,1,1
39167,OHIO,2020,2.46,2.5544214,-0.09442142486572269,0.09442142486572269,1,1
39169,OHIO,2020,5.19,3.9348948,1.2551051998138432,1.2551051998138432,1,1
39171,OHIO,2020,4.42,3.6055775,0.8144225311279296,0.8144225311279296,1,1
39173,OHIO,2020,3.36,2.8101494,0.5498505687713622,0.5498505687713622,1,1
39175,OHIO,2020,1.05,0.8030467,0.246953296661377,0.246953296661377,1,1
40001,OKLAHOMA,2020,13.6,12.288444,1.3115564346313473,1.3115564346313473,1,1
40005,OKLAHOMA,2020,-0.82,0.5728236,-1.3928235840797423,1.3928235840797423,0,1
40009,OKLAHOMA,2020,-0.05,-0.34447658,0.294476580619812,0.294476580619812,0,0
40011,OKLAHOMA,2020,4.24,5.1877723,-0.9477722740173338,0.9477722740173338,1,1
40013,OKLAHOMA,2020,2.16,2.7716208,-0.611620750427246,0.611620750427246,1,1
40015,OKLAHOMA,2020,1.96,1.9915241,-0.03152410030364994,0.03152410030364994,1,1
40017,OKLAHOMA,2020,2.77,3.442654,-0.6726538944244385,0.6726538944244385,1,1
40019,OKLAHOMA,2020,3.01,2.9516408,0.05835915565490701,0.05835915565490701,1,1
40021,OKLAHOMA,2020,4.48,4.4215527,0.05844734191894574,0.05844734191894574,1,1
40023,OKLAHOMA,2020,3.44,2.9488072,0.49119276046752924,0.49119276046752924,1,1
40027,OKLAHOMA,2020,4.83,5.0436883,-0.21368829727172844,0.21368829727172844,1,1
40031,OKLAHOMA,2020,3.24,3.7919111,-0.5519111251831053,0.5519111251831053,1,1
40035,OKLAHOMA,2020,3.32,2.9161959,0.40380413055419906,0.40380413055419906,1,1
40037,OKLAHOMA,2020,4.09,3.7562273,0.33377274513244615,0.33377274513244615,1,1
40039,OKLAHOMA,2020,0.76,2.1579318,-1.3979318046569824,1.3979318046569824,1,1
40041,OKLAHOMA,2020,0.49,0.7290762,-0.23907620668411256,0.23907620668411256,1,1
40047,OKLAHOMA,2020,4.34,4.731561,-0.3915611839294435,0.3915611839294435,1,1
40049,OKLAHOMA,2020,9.45,8.633181,0.8168193817138665,0.8168193817138665,1,1
40051,OKLAHOMA,2020,2.2,2.7481153,-0.548115301132202,0.548115301132202,1,1
40061,OKLAHOMA,2020,-3.14,-2.6359658,-0.5040341758728029,0.5040341758728029,0,0
40063,OKLAHOMA,2020,3.84,3.847173,-0.007172975540161275,0.007172975540161275,1,1
40065,OKLAHOMA,2020,0.3,0.40092567,-0.1009256660938263,0.1009256660938263,1,1
40069,OKLAHOMA,2020,9.07,7.674896,1.3951042366027835,1.3951042366027835,1,1
40071,OKLAHOMA,2020,3.53,3.435662,0.09433796882629375,0.09433796882629375,1,1
40073,OKLAHOMA,2020,0.49,1.107592,-0.617591986656189,0.617591986656189,1,1
40079,OKLAHOMA,2020,1.83,1.8425795,-0.012579483985900808,0.012579483985900808,1,1
40081,OKLAHOMA,2020,2.39,2.239503,0.15049709320068372,0.15049709320068372,1,1
40083,OKLAHOMA,2020,6.3,6.701376,-0.4013759613037111,0.4013759613037111,1,1
40087,OKLAHOMA,2020,3.39,3.848662,-0.45866189956665027,0.45866189956665027,1,1
40089,OKLAHOMA,2020,9.34,9.05726,0.2827404403686522,0.2827404403686522,1,1
40091,OKLAHOMA,2020,7.43,7.073762,0.3562380599975583,0.3562380599975583,1,1
40095,OKLAHOMA,2020,1.6,1.3964574,0.20354256629943857,0.20354256629943857,1,1
40097,OKLAHOMA,2020,2.05,2.467101,-0.41710109710693377,0.41710109710693377,1,1
40099,OKLAHOMA,2020,5.66,5.791254,-0.13125404357910142,0.13125404357910142,1,1
40101,OKLAHOMA,2020,3.79,4.648502,-0.8585018730163574,0.8585018730163574,1,1
40103,OKLAHOMA,2020,1.05,1.2741922,-0.22419221401214595,0.22419221401214595,1,1
40105,OKLAHOMA,2020,6.19,5.8676453,0.3223547363281254,0.3223547363281254,1,1
40109,OKLAHOMA,2020,4.52,3.9934468,0.5265531730651851,0.5265531730651851,1,1
40111,OKLAHOMA,2020,2.55,3.1132631,-0.5632631301879885,0.5632631301879885,1,1
40113,OKLAHOMA,2020,3.51,2.5539968,0.956003198623657,0.956003198623657,1,1
40115,OKLAHOMA,2020,2.75,1.4603851,1.2896149158477783,1.2896149158477783,1,1
40117,OKLAHOMA,2020,6.01,6.882913,-0.8729131126403811,0.8729131126403811,1,1
40119,OKLAHOMA,2020,2.11,2.4621065,-0.3521064662933351,0.3521064662933351,1,1
40121,OKLAHOMA,2020,3.9,3.983549,-0.08354911804199228,0.08354911804199228,1,1
40123,OKLAHOMA,2020,5.05,5.1115284,-0.06152839660644549,0.06152839660644549,1,1
40125,OKLAHOMA,2020,1.19,1.1549537,0.03504628181457514,0.03504628181457514,1,1
40131,OKLAHOMA,2020,3.97,3.9695315,0.0004684638977052735,0.0004684638977052735,1,1
40133,OKLAHOMA,2020,8.19,9.349455,-1.1594548797607427,1.1594548797607427,1,1
40135,OKLAHOMA,2020,2.84,3.1052742,-0.26527420043945327,0.26527420043945327,1,1
40137,OKLAHOMA,2020,5.81,5.90805,-0.09805006027221719,0.09805006027221719,1,1
40139,OKLAHOMA,2020,1.15,1.0014023,0.14859774112701407,0.14859774112701407,1,1
40141,OKLAHOMA,2020,0.71,0.81843203,-0.10843203306198124,0.10843203306198124,1,1
40143,OKLAHOMA,2020,3.94,3.1475673,0.7924327278137206,0.7924327278137206,1,1
40145,OKLAHOMA,2020,3.91,4.174517,-0.2645171546936034,0.2645171546936034,1,1
40147,OKLAHOMA,2020,1.94,1.1225945,0.8174055242538452,0.8174055242538452,1,1
40149,OKLAHOMA,2020,2.84,3.6977327,-0.8577326869964601,0.8577326869964601,1,1
40151,OKLAHOMA,2020,1.38,3.389772,-2.0097719383239747,2.0097719383239747,1,1
40153,OKLAHOMA,2020,-0.04,0.46147797,-0.5014779651165009,0.5014779651165009,0,1
41001,OREGON,2020,7.36,6.260216,1.0997837638854984,1.0997837638854984,1,1
41003,OREGON,2020,3.79,2.090334,1.6996660614013672,1.6996660614013672,1,1
41005,OREGON,2020,2.92,0.7954474,2.1245525908470153,2.1245525908470153,1,1
41007,OREGON,2020,3.61,1.478552,2.131448016166687,2.131448016166687,1,1
41009,OREGON,2020,4.38,3.7898912,0.5901087570190429,0.5901087570190429,1,1
41011,OREGON,2020,6.37,5.2062817,1.1637183380126954,1.1637183380126954,1,1
41013,OREGON,2020,8.12,6.835369,1.2846308898925773,1.2846308898925773,1,1
41015,OREGON,2020,3.77,3.4024448,0.36755516052246096,0.36755516052246096,1,1
41017,OREGON,2020,5.23,2.207303,3.0226969528198246,3.0226969528198246,1,1
41019,OREGON,2020,5.59,4.9488387,0.6411612892150877,0.6411612892150877,1,1
41021,OREGON,2020,6.68,5.6194234,1.0605766105651853,1.0605766105651853,1,1
41023,OREGON,2020,2.29,1.9873244,0.30267564296722416,0.30267564296722416,1,1
41025,OREGON,2020,6.32,5.405388,0.9146121215820315,0.9146121215820315,1,1
41027,OREGON,2020,1.11,-0.088547006,1.198547006249428,1.198547006249428,1,0
41029,OREGON,2020,3.37,1.1064422,2.2635577869415284,2.2635577869415284,1,1
41031,OREGON,2020,4.13,1.9085077,2.2214922952651976,2.2214922952651976,1,1
41033,OREGON,2020,4.99,3.1221201,1.867879858016968,1.867879858016968,1,1
41035,OREGON,2020,6.69,6.9593973,-0.2693973159790035,0.2693973159790035,1,1
41037,OREGON,2020,2.99,2.8298461,0.16015385627746603,0.16015385627746603,1,1
41039,OREGON,2020,5.48,3.7539482,1.7260517883300786,1.7260517883300786,1,1
41041,OREGON,2020,4.99,3.5490925,1.4409074687957766,1.4409074687957766,1,1
41043,OREGON,2020,5.54,4.2109785,1.3290214920043946,1.3290214920043946,1,1
41045,OREGON,2020,11.22,11.032618,0.18738243103027408,0.18738243103027408,1,1
41047,OREGON,2020,4.29,1.9397666,2.3502333545684815,2.3502333545684815,1,1
41049,OREGON,2020,7.12,7.551399,-0.43139923095703114,0.43139923095703114,1,1
41051,OREGON,2020,2.19,0.39500356,1.7949964427947998,1.7949964427947998,1,1
41053,OREGON,2020,5.4,3.5679307,1.832069301605225,1.832069301605225,1,1
41057,OREGON,2020,3.22,2.2866597,0.9333402824401857,0.9333402824401857,1,1
41059,OREGON,2020,5.53,6.1322494,-0.6022493553161619,0.6022493553161619,1,1
41061,OREGON,2020,4.95,4.082117,0.8678829193115236,0.8678829193115236,1,1
41063,OREGON,2020,0.92,0.9741045,-0.0541045236587524,0.0541045236587524,1,1
41065,OREGON,2020,4.73,3.0232186,1.7067813682556157,1.7067813682556157,1,1
41067,OREGON,2020,2.41,0.46504757,1.9449524319171907,1.9449524319171907,1,1
41071,OREGON,2020,4.17,2.6378472,1.5321528148651122,1.5321528148651122,1,1
42001,PENNSYLVANIA,2020,3.08,3.2061954,-0.12619535446166985,0.12619535446166985,1,1
42003,PENNSYLVANIA,2020,3.76,2.732471,1.0275290107727049,1.0275290107727049,1,1
42005,PENNSYLVANIA,2020,3.76,4.188077,-0.428076972961426,0.428076972961426,1,1
42007,PENNSYLVANIA,2020,3.59,4.1451263,-0.5551263427734376,0.5551263427734376,1,1
42009,PENNSYLVANIA,2020,1.07,0.95179284,0.11820716381073004,0.11820716381073004,1,1
42011,PENNSYLVANIA,2020,4.71,3.940393,0.7696070289611816,0.7696070289611816,1,1
42013,PENNSYLVANIA,2020,1.19,1.9004796,-0.7104795551300049,0.7104795551300049,1,1
42015,PENNSYLVANIA,2020,4.49,4.670255,-0.18025518417358377,0.18025518417358377,1,1
42017,PENNSYLVANIA,2020,3.73,2.4293494,1.300650577545166,1.300650577545166,1,1
42019,PENNSYLVANIA,2020,3.92,3.5354483,0.3845516872406005,0.3845516872406005,1,1
42021,PENNSYLVANIA,2020,1.27,1.6626309,-0.39263091564178465,0.39263091564178465,1,1
42025,PENNSYLVANIA,2020,0.23,0.4911049,-0.2611049008369446,0.2611049008369446,1,1
42027,PENNSYLVANIA,2020,2.45,2.7748327,-0.32483272552490217,0.32483272552490217,1,1
42029,PENNSYLVANIA,2020,2.88,3.0938897,-0.21388971328735362,0.21388971328735362,1,1
42031,PENNSYLVANIA,2020,5.38,5.7319283,-0.35192834854125987,0.35192834854125987,1,1
42033,PENNSYLVANIA,2020,3.35,2.442551,0.9074491024017335,0.9074491024017335,1,1
42035,PENNSYLVANIA,2020,3.39,3.5703642,-0.18036423683166491,0.18036423683166491,1,1
42037,PENNSYLVANIA,2020,3.09,4.1010575,-1.011057529449463,1.011057529449463,1,1
42039,PENNSYLVANIA,2020,3.13,3.3531783,-0.2231782627105714,0.2231782627105714,1,1
42041,PENNSYLVANIA,2020,3.17,3.5212858,-0.35128577232360847,0.35128577232360847,1,1
42043,PENNSYLVANIA,2020,4.03,3.5448818,0.4851181793212893,0.4851181793212893,1,1
42045,PENNSYLVANIA,2020,3.46,1.3115152,2.148484787940979,2.148484787940979,1,1
42047,PENNSYLVANIA,2020,0.71,1.304795,-0.5947950267791748,0.5947950267791748,1,1
42049,PENNSYLVANIA,2020,5.19,3.3821485,1.8078514957427982,1.8078514957427982,1,1
42051,PENNSYLVANIA,2020,1.27,1.3095169,-0.03951690673828123,0.03951690673828123,1,1
42055,PENNSYLVANIA,2020,2.71,3.4117503,-0.7017503166198731,0.7017503166198731,1,1
42057,PENNSYLVANIA,2020,5.62,5.6951823,-0.07518232345581044,0.07518232345581044,1,1
42059,PENNSYLVANIA,2020,6.53,6.025282,0.5047180938720706,0.5047180938720706,1,1
42061,PENNSYLVANIA,2020,3.72,3.8433106,-0.12331059455871562,0.12331059455871562,1,1
42063,PENNSYLVANIA,2020,2.63,2.473426,0.15657389640808095,0.15657389640808095,1,1
42065,PENNSYLVANIA,2020,2.23,0.87871516,1.3512848424911499,1.3512848424911499,1,1
42067,PENNSYLVANIA,2020,-2.4,-1.6884998,-0.7115001916885375,0.7115001916885375,0,0
42069,PENNSYLVANIA,2020,3.59,3.9068055,-0.3168055152893068,0.3168055152893068,1,1
42071,PENNSYLVANIA,2020,3.89,3.50051,0.3894900226593019,0.3894900226593019,1,1
42073,PENNSYLVANIA,2020,3.13,3.5785348,-0.4485348415374757,0.4485348415374757,1,1
42075,PENNSYLVANIA,2020,3.56,3.661331,-0.10133093833923335,0.10133093833923335,1,1
42077,PENNSYLVANIA,2020,4.08,3.3959916,0.684008436203003,0.684008436203003,1,1
42079,PENNSYLVANIA,2020,2.88,2.366229,0.5137709426879882,0.5137709426879882,1,1
42081,PENNSYLVANIA,2020,4.47,5.251462,-0.781461982727051,0.781461982727051,1,1
42083,PENNSYLVANIA,2020,6.7,6.0984683,0.6015316963195803,0.6015316963195803,1,1
42085,PENNSYLVANIA,2020,1.79,2.860331,-1.0703310585021972,1.0703310585021972,1,1
42087,PENNSYLVANIA,2020,1.38,1.8780819,-0.49808191776275645,0.49808191776275645,1,1
42089,PENNSYLVANIA,2020,7.66,6.4710565,1.1889435386657716,1.1889435386657716,1,1
42091,PENNSYLVANIA,2020,3.26,3.387553,-0.12755297660827658,0.12755297660827658,1,1
42093,PENNSYLVANIA,2020,4.36,4.2954674,0.06453262329101594,0.06453262329101594,1,1
42095,PENNSYLVANIA,2020,4.62,3.7472491,0.8727508735656739,0.8727508735656739,1,1
42097,PENNSYLVANIA,2020,1.94,2.1444213,-0.20442133903503423,0.20442133903503423,1,1
42099,PENNSYLVANIA,2020,5.06,6.536665,-1.476664962768555,1.476664962768555,1,1
42101,PENNSYLVANIA,2020,4.62,2.2951193,2.324880714416504,2.324880714416504,1,1
42103,PENNSYLVANIA,2020,8.36,8.223251,0.13674865722656193,0.13674865722656193,1,1
42105,PENNSYLVANIA,2020,4.62,4.242617,0.3773828697204591,0.3773828697204591,1,1
42107,PENNSYLVANIA,2020,2.95,3.2432456,-0.29324560165405256,0.29324560165405256,1,1
42109,PENNSYLVANIA,2020,4.33,4.2504873,0.07951267242431648,0.07951267242431648,1,1
42111,PENNSYLVANIA,2020,2.74,2.1932545,0.5467455291748049,0.5467455291748049,1,1
42115,PENNSYLVANIA,2020,5.09,5.2447796,-0.15477958679199233,0.15477958679199233,1,1
42117,PENNSYLVANIA,2020,2.79,3.2801774,-0.49017735481262203,0.49017735481262203,1,1
42119,PENNSYLVANIA,2020,0.81,0.90148425,-0.09148425102233881,0.09148425102233881,1,1
42121,PENNSYLVANIA,2020,3.41,3.0303466,0.37965336799621596,0.37965336799621596,1,1
42123,PENNSYLVANIA,2020,4.07,3.8053827,0.26461727142334013,0.26461727142334013,1,1
42125,PENNSYLVANIA,2020,3.41,2.4704587,0.9395412540435792,0.9395412540435792,1,1
42127,PENNSYLVANIA,2020,1.03,1.2986647,-0.26866468906402585,0.26866468906402585,1,1
42129,PENNSYLVANIA,2020,4.09,3.546168,0.543831911087036,0.543831911087036,1,1
42131,PENNSYLVANIA,2020,6.03,5.599291,0.43070915222167994,0.43070915222167994,1,1
42133,PENNSYLVANIA,2020,3.39,3.114509,0.2754908943176271,0.2754908943176271,1,1
44001,RHODE ISLAND,2020,2.72,0.9490157,1.77098432302475,1.77098432302475,1,1
44003,RHODE ISLAND,2020,4.59,2.6429808,1.9470191860198973,1.9470191860198973,1,1
44005,RHODE ISLAND,2020,3.67,1.5242579,2.1457421016693115,2.1457421016693115,1,1
44007,RHODE ISLAND,2020,5.19,2.7898939,2.4001061344146732,2.4001061344146732,1,1
44009,RHODE ISLAND,2020,3.4,1.3177929,2.0822071075439452,2.0822071075439452,1,1
45001,SOUTH CAROLINA,2020,4.34,3.8814578,0.45854219436645494,0.45854219436645494,1,1
45003,SOUTH CAROLINA,2020,4.74,4.6931434,0.04685663223266623,0.04685663223266623,1,1
45007,SOUTH CAROLINA,2020,3.83,4.0396156,-0.20961563110351555,0.20961563110351555,1,1
45009,SOUTH CAROLINA,2020,-9.73,-9.271426,-0.4585737991333012,0.4585737991333012,0,0
45011,SOUTH CAROLINA,2020,2.49,2.7956157,-0.30561567306518533,0.30561567306518533,1,1
45013,SOUTH CAROLINA,2020,3.95,3.982935,-0.032934951782226385,0.032934951782226385,1,1
45015,SOUTH CAROLINA,2020,4.47,4.6119714,-0.14197137832641626,0.14197137832641626,1,1
45017,SOUTH CAROLINA,2020,2.19,2.5792165,-0.389216480255127,0.389216480255127,1,1
45019,SOUTH CAROLINA,2020,3.05,2.023309,1.0266910076141356,1.0266910076141356,1,1
45021,SOUTH CAROLINA,2020,2.31,2.0236342,0.28636580467224126,0.28636580467224126,1,1
45023,SOUTH CAROLINA,2020,4.39,4.653622,-0.2636221504211429,0.2636221504211429,1,1
45025,SOUTH CAROLINA,2020,4.52,4.407972,0.11202814102172809,0.11202814102172809,1,1
45027,SOUTH CAROLINA,2020,2.21,2.5028946,-0.2928946399688721,0.2928946399688721,1,1
45029,SOUTH CAROLINA,2020,3.65,2.8859055,0.7640944957733153,0.7640944957733153,1,1
45031,SOUTH CAROLINA,2020,4.51,4.666521,-0.15652107238769553,0.15652107238769553,1,1
45033,SOUTH CAROLINA,2020,4.21,5.18904,-0.9790401840209961,0.9790401840209961,1,1
45035,SOUTH CAROLINA,2020,2.5,2.1655579,0.334442138671875,0.334442138671875,1,1
45037,SOUTH CAROLINA,2020,4.22,3.984406,0.23559400558471655,0.23559400558471655,1,1
45039,SOUTH CAROLINA,2020,4.79,5.221378,-0.4313778495788574,0.4313778495788574,1,1
45041,SOUTH CAROLINA,2020,4.72,5.7547426,-1.0347426223754885,1.0347426223754885,1,1
45043,SOUTH CAROLINA,2020,2.04,1.7059883,0.3340117120742798,0.3340117120742798,1,1
45045,SOUTH CAROLINA,2020,3.19,3.5900023,-0.4000022983551026,0.4000022983551026,1,1
45047,SOUTH CAROLINA,2020,3.56,3.5232027,0.03679734230041509,0.03679734230041509,1,1
45049,SOUTH CAROLINA,2020,2.74,3.4182255,-0.6782255268096922,0.6782255268096922,1,1
45051,SOUTH CAROLINA,2020,4.73,3.4885566,1.2414433765411381,1.2414433765411381,1,1
45053,SOUTH CAROLINA,2020,2.9,3.6501753,-0.7501753330230714,0.7501753330230714,1,1
45055,SOUTH CAROLINA,2020,3.47,3.9487603,-0.4787602710723875,0.4787602710723875,1,1
45057,SOUTH CAROLINA,2020,3.38,3.5556028,-0.175602788925171,0.175602788925171,1,1
45059,SOUTH CAROLINA,2020,5.84,4.407118,1.4328821563720702,1.4328821563720702,1,1
45061,SOUTH CAROLINA,2020,-0.18,-0.04060877,-0.1393912288546562,0.1393912288546562,0,0
45063,SOUTH CAROLINA,2020,3.22,3.8373451,-0.6173451232910154,0.6173451232910154,1,1
45065,SOUTH CAROLINA,2020,-1.91,-0.8513403,-1.0586597061157226,1.0586597061157226,0,0
45067,SOUTH CAROLINA,2020,1.11,0.78460014,0.3253998613357545,0.3253998613357545,1,1
45069,SOUTH CAROLINA,2020,-8.38,-7.8815823,-0.49841773986816484,0.49841773986816484,0,0
45071,SOUTH CAROLINA,2020,4.65,5.2363653,-0.5863653182983395,0.5863653182983395,1,1
45073,SOUTH CAROLINA,2020,5.52,4.84148,0.6785202217102047,0.6785202217102047,1,1
45075,SOUTH CAROLINA,2020,2.55,2.4229674,0.12703256607055646,0.12703256607055646,1,1
45077,SOUTH CAROLINA,2020,4.78,4.894222,-0.11422178268432592,0.11422178268432592,1,1
45079,SOUTH CAROLINA,2020,2.49,2.822785,-0.332784900665283,0.332784900665283,1,1
45081,SOUTH CAROLINA,2020,6.96,7.105999,-0.1459989929199219,0.1459989929199219,1,1
45083,SOUTH CAROLINA,2020,4.22,5.7152863,-1.4952862548828127,1.4952862548828127,1,1
45085,SOUTH CAROLINA,2020,3.89,3.0556118,0.8343881511688234,0.8343881511688234,1,1
45087,SOUTH CAROLINA,2020,8.58,7.0486155,1.5313845443725587,1.5313845443725587,1,1
45089,SOUTH CAROLINA,2020,-1.22,0.17012246,-1.3901224595308304,1.3901224595308304,0,1
45091,SOUTH CAROLINA,2020,4.33,4.7773676,-0.4473675918579101,0.4473675918579101,1,1
46005,SOUTH DAKOTA,2020,6.75,5.39027,1.3597297668457031,1.3597297668457031,1,1
46009,SOUTH DAKOTA,2020,1.71,1.7859608,-0.07596079349517826,0.07596079349517826,1,1
46011,SOUTH DAKOTA,2020,3.31,4.4254127,-1.115412654876709,1.115412654876709,1,1
46013,SOUTH DAKOTA,2020,1.11,1.3836318,-0.2736318254470824,0.2736318254470824,1,1
46015,SOUTH DAKOTA,2020,-3.89,-3.7442234,-0.14577664375305188,0.14577664375305188,0,0
46019,SOUTH DAKOTA,2020,3.29,2.4697168,0.8202832126617432,0.8202832126617432,1,1
46023,SOUTH DAKOTA,2020,3.86,3.8473098,0.012690172195434446,0.012690172195434446,1,1
46027,SOUTH DAKOTA,2020,3.44,3.1830842,0.25691575050354,0.25691575050354,1,1
46029,SOUTH DAKOTA,2020,2.35,2.8639333,-0.5139333248138427,0.5139333248138427,1,1
46033,SOUTH DAKOTA,2020,3.59,2.8708906,0.7191093826293944,0.7191093826293944,1,1
46035,SOUTH DAKOTA,2020,3.62,3.2960715,0.32392847061157237,0.32392847061157237,1,1
46037,SOUTH DAKOTA,2020,4.58,4.7018394,-0.1218394470214843,0.1218394470214843,1,1
46039,SOUTH DAKOTA,2020,1.48,1.8255814,-0.345581431388855,0.345581431388855,1,1
46045,SOUTH DAKOTA,2020,-1.29,0.046580404,-1.3365804040431977,1.3365804040431977,0,1
46047,SOUTH DAKOTA,2020,2.16,1.821497,0.3385030364990236,0.3385030364990236,1,1
46051,SOUTH DAKOTA,2020,2.06,2.6123042,-0.5523042106628417,0.5523042106628417,1,1
46057,SOUTH DAKOTA,2020,4.63,5.019836,-0.3898359489440919,0.3898359489440919,1,1
46059,SOUTH DAKOTA,2020,-2.79,-2.9139605,0.1239604568481445,0.1239604568481445,0,0
46061,SOUTH DAKOTA,2020,1.34,0.9646094,0.3753906154632569,0.3753906154632569,1,1
46065,SOUTH DAKOTA,2020,2.45,3.4683146,-1.0183146476745604,1.0183146476745604,1,1
46067,SOUTH DAKOTA,2020,1.45,1.5080017,-0.058001685142517134,0.058001685142517134,1,1
46077,SOUTH DAKOTA,2020,-1.0,-0.83096635,-0.16903364658355713,0.16903364658355713,0,0
46079,SOUTH DAKOTA,2020,3.59,3.5750937,0.014906253814697124,0.014906253814697124,1,1
46081,SOUTH DAKOTA,2020,3.38,4.125288,-0.7452880096435548,0.7452880096435548,1,1
46083,SOUTH DAKOTA,2020,2.22,3.6804955,-1.460495500564575,1.460495500564575,1,1
46087,SOUTH DAKOTA,2020,0.1,-0.8637832,0.9637831807136535,0.9637831807136535,1,0
46091,SOUTH DAKOTA,2020,0.13,-0.25947332,0.3894733238220215,0.3894733238220215,1,0
46093,SOUTH DAKOTA,2020,2.46,3.0057082,-0.5457082176208496,0.5457082176208496,1,1
46099,SOUTH DAKOTA,2020,3.35,4.442042,-1.0920418739318847,1.0920418739318847,1,1
46101,SOUTH DAKOTA,2020,2.51,2.3382604,0.17173958778381326,0.17173958778381326,1,1
46103,SOUTH DAKOTA,2020,4.01,3.9525886,0.0574114418029783,0.0574114418029783,1,1
46109,SOUTH DAKOTA,2020,-0.03,-0.45242035,0.4224203538894653,0.4224203538894653,0,0
46115,SOUTH DAKOTA,2020,-3.16,-2.1774313,-0.9825686550140382,0.9825686550140382,0,0
46117,SOUTH DAKOTA,2020,-1.01,-0.47194278,-0.5380572175979614,0.5380572175979614,0,0
46123,SOUTH DAKOTA,2020,11.17,12.4692955,-1.2992955017089844,1.2992955017089844,1,1
46125,SOUTH DAKOTA,2020,5.62,8.710497,-3.09049690246582,3.09049690246582,1,1
46127,SOUTH DAKOTA,2020,2.58,3.8122847,-1.2322847080230712,1.2322847080230712,1,1
46129,SOUTH DAKOTA,2020,-1.11,-0.2677632,-0.8422368025779725,0.8422368025779725,0,0
46135,SOUTH DAKOTA,2020,1.71,4.8161597,-3.106159725189209,3.106159725189209,1,1
47001,TENNESSEE,2020,5.96,5.361867,0.5981330490112304,0.5981330490112304,1,1
47003,TENNESSEE,2020,5.16,5.183757,-0.023756828308105327,0.023756828308105327,1,1
47005,TENNESSEE,2020,2.47,2.0213547,0.44864532470703145,0.44864532470703145,1,1
47007,TENNESSEE,2020,1.28,1.2542356,0.025764374732971218,0.025764374732971218,1,1
47009,TENNESSEE,2020,4.52,3.6980648,0.8219351959228511,0.8219351959228511,1,1
47011,TENNESSEE,2020,5.22,3.9827304,1.2372696113586423,1.2372696113586423,1,1
47013,TENNESSEE,2020,7.71,7.025085,0.6849150276184082,0.6849150276184082,1,1
47015,TENNESSEE,2020,5.19,4.55441,0.6355900192260746,0.6355900192260746,1,1
47017,TENNESSEE,2020,8.17,7.096067,1.073933048248291,1.073933048248291,1,1
47019,TENNESSEE,2020,5.09,3.9366722,1.1533277893066405,1.1533277893066405,1,1
47021,TENNESSEE,2020,4.01,4.233558,-0.22355817794799826,0.22355817794799826,1,1
47023,TENNESSEE,2020,3.92,3.813624,0.10637609481811516,0.10637609481811516,1,1
47025,TENNESSEE,2020,6.5,6.3079567,0.19204330444335938,0.19204330444335938,1,1
47027,TENNESSEE,2020,2.78,2.8641908,-0.08419081687927266,0.08419081687927266,1,1
47029,TENNESSEE,2020,1.48,1.4668328,0.013167243003845197,0.013167243003845197,1,1
47031,TENNESSEE,2020,5.49,4.57219,0.9178101921081545,0.9178101921081545,1,1
47033,TENNESSEE,2020,2.89,4.4625344,-1.5725344276428221,1.5725344276428221,1,1
47035,TENNESSEE,2020,4.0,3.952338,0.04766201972961426,0.04766201972961426,1,1
47037,TENNESSEE,2020,4.65,3.1383793,1.511620664596558,1.511620664596558,1,1
47039,TENNESSEE,2020,5.64,6.184423,-0.5444229698181156,0.5444229698181156,1,1
47041,TENNESSEE,2020,5.45,5.140868,0.3091318130493166,0.3091318130493166,1,1
47043,TENNESSEE,2020,5.56,5.14463,0.41537004470825156,0.41537004470825156,1,1
47045,TENNESSEE,2020,3.84,3.2792597,0.5607403182983397,0.5607403182983397,1,1
47047,TENNESSEE,2020,3.88,4.535932,-0.6559320640563966,0.6559320640563966,1,1
47049,TENNESSEE,2020,3.73,4.777029,-1.047029037475586,1.047029037475586,1,1
47051,TENNESSEE,2020,4.87,3.3085089,1.5614911270141603,1.5614911270141603,1,1
47053,TENNESSEE,2020,3.42,2.8901756,0.5298244190216064,0.5298244190216064,1,1
47055,TENNESSEE,2020,5.6,5.225472,0.3745280265808102,0.3745280265808102,1,1
47057,TENNESSEE,2020,3.77,4.835171,-1.0651712226867676,1.0651712226867676,1,1
47059,TENNESSEE,2020,5.38,4.2428923,1.1371077346801757,1.1371077346801757,1,1
47061,TENNESSEE,2020,2.58,1.0341661,1.5458339023590089,1.5458339023590089,1,1
47063,TENNESSEE,2020,4.39,3.9931593,0.3968407058715817,0.3968407058715817,1,1
47065,TENNESSEE,2020,5.26,4.5126543,0.7473456954956053,0.7473456954956053,1,1
47069,TENNESSEE,2020,3.17,3.021921,0.14807908058166497,0.14807908058166497,1,1
47071,TENNESSEE,2020,1.08,1.3096164,-0.22961644649505608,0.22961644649505608,1,1
47073,TENNESSEE,2020,6.36,5.876859,0.48314081192016634,0.48314081192016634,1,1
47075,TENNESSEE,2020,-0.01,-0.24093395,0.23093395471572875,0.23093395471572875,0,0
47077,TENNESSEE,2020,6.6,6.7462807,-0.14628067016601598,0.14628067016601598,1,1
47079,TENNESSEE,2020,2.68,2.7542408,-0.07424075126647933,0.07424075126647933,1,1
47081,TENNESSEE,2020,5.46,4.565968,0.8940319633483886,0.8940319633483886,1,1
47083,TENNESSEE,2020,3.93,3.6217256,0.308274440765381,0.308274440765381,1,1
47085,TENNESSEE,2020,4.16,4.382232,-0.22223218917846665,0.22223218917846665,1,1
47087,TENNESSEE,2020,0.24,-0.26038864,0.5003886425495148,0.5003886425495148,1,0
47089,TENNESSEE,2020,6.48,4.714579,1.7654208946228032,1.7654208946228032,1,1
47091,TENNESSEE,2020,4.49,3.994493,0.4955069923400881,0.4955069923400881,1,1
47093,TENNESSEE,2020,5.94,5.235946,0.7040538215637211,0.7040538215637211,1,1
47097,TENNESSEE,2020,4.6,4.82265,-0.22264995574951207,0.22264995574951207,1,1
47099,TENNESSEE,2020,5.18,4.192128,0.9878718185424802,0.9878718185424802,1,1
47101,TENNESSEE,2020,5.3,4.596287,0.7037132263183592,0.7037132263183592,1,1
47103,TENNESSEE,2020,5.86,5.249119,0.6108811950683597,0.6108811950683597,1,1
47105,TENNESSEE,2020,4.72,4.2458177,0.47418233871459936,0.47418233871459936,1,1
47107,TENNESSEE,2020,4.0,4.0553412,-0.055341243743896484,0.055341243743896484,1,1
47109,TENNESSEE,2020,1.95,2.1940415,-0.24404149055480961,0.24404149055480961,1,1
47111,TENNESSEE,2020,3.16,2.7751403,0.3848597145080568,0.3848597145080568,1,1
47113,TENNESSEE,2020,5.05,3.8727715,1.1772284984588621,1.1772284984588621,1,1
47115,TENNESSEE,2020,3.2,2.4633284,0.7366716384887697,0.7366716384887697,1,1
47117,TENNESSEE,2020,6.61,7.5800376,-0.9700375938415524,0.9700375938415524,1,1
47119,TENNESSEE,2020,4.94,4.9735403,-0.0335403060913082,0.0335403060913082,1,1
47121,TENNESSEE,2020,7.44,6.68766,0.7523397827148441,0.7523397827148441,1,1
47123,TENNESSEE,2020,6.56,5.013384,1.5466161346435543,1.5466161346435543,1,1
47125,TENNESSEE,2020,5.79,3.4014115,2.388588466644287,2.388588466644287,1,1
47127,TENNESSEE,2020,6.05,5.449411,0.600589084625244,0.600589084625244,1,1
47129,TENNESSEE,2020,10.59,8.781779,1.8082207107543944,1.8082207107543944,1,1
47131,TENNESSEE,2020,4.56,3.9844892,0.57551079750061,0.57551079750061,1,1
47133,TENNESSEE,2020,5.05,4.972274,0.07772617340087873,0.07772617340087873,1,1
47137,TENNESSEE,2020,4.1,4.33556,-0.23555984497070348,0.23555984497070348,1,1
47139,TENNESSEE,2020,5.43,5.6592083,-0.22920829772949247,0.22920829772949247,1,1
47141,TENNESSEE,2020,5.8,4.894478,0.9055221557617186,0.9055221557617186,1,1
47143,TENNESSEE,2020,3.92,3.8337917,0.08620826721191399,0.08620826721191399,1,1
47145,TENNESSEE,2020,6.88,6.436442,0.44355810165405263,0.44355810165405263,1,1
47147,TENNESSEE,2020,4.09,4.3559465,-0.2659465408325197,0.2659465408325197,1,1
47149,TENNESSEE,2020,3.67,3.2237113,0.4462887477874755,0.4462887477874755,1,1
47151,TENNESSEE,2020,5.25,3.4958916,1.7541084289550781,1.7541084289550781,1,1
47153,TENNESSEE,2020,3.61,3.4217782,0.1882217979431151,0.1882217979431151,1,1
47155,TENNESSEE,2020,7.85,6.2309923,1.6190076828002926,1.6190076828002926,1,1
47157,TENNESSEE,2020,5.63,4.8700886,0.7599114227294921,0.7599114227294921,1,1
47159,TENNESSEE,2020,4.7,4.3615313,0.33846874237060565,0.33846874237060565,1,1
47161,TENNESSEE,2020,5.2,4.4788723,0.7211277008056642,0.7211277008056642,1,1
47163,TENNESSEE,2020,3.81,3.2565002,0.553499755859375,0.553499755859375,1,1
47165,TENNESSEE,2020,3.5,3.1813138,0.31868624687194824,0.31868624687194824,1,1
47167,TENNESSEE,2020,4.2,4.0878778,0.11212224960327166,0.11212224960327166,1,1
47169,TENNESSEE,2020,4.77,4.396593,0.37340690612792926,0.37340690612792926,1,1
47171,TENNESSEE,2020,4.48,5.781779,-1.3017788124084468,1.3017788124084468,1,1
47173,TENNESSEE,2020,2.07,1.9090638,0.1609361839294432,0.1609361839294432,1,1
47175,TENNESSEE,2020,4.12,3.376077,0.7439230632781983,0.7439230632781983,1,1
47177,TENNESSEE,2020,8.15,8.071702,0.07829799652099645,0.07829799652099645,1,1
47179,TENNESSEE,2020,4.52,3.5493379,0.9706621360778804,0.9706621360778804,1,1
47181,TENNESSEE,2020,0.23,-0.27718064,0.5071806418895721,0.5071806418895721,1,0
47183,TENNESSEE,2020,5.02,4.6981635,0.3218364906311031,0.3218364906311031,1,1
47185,TENNESSEE,2020,5.95,4.4957814,1.4542185783386232,1.4542185783386232,1,1
47187,TENNESSEE,2020,2.46,2.8878977,-0.42789772987365726,0.42789772987365726,1,1
47189,TENNESSEE,2020,3.7,3.5621297,0.1378702640533449,0.1378702640533449,1,1
48001,TEXAS,2020,3.61,3.0355506,0.5744494056701659,0.5744494056701659,1,1
48003,TEXAS,2020,4.07,4.242915,-0.17291515350341768,0.17291515350341768,1,1
48005,TEXAS,2020,3.8,3.6115916,0.1884084224700926,0.1884084224700926,1,1
48007,TEXAS,2020,4.75,5.016315,-0.2663149833679199,0.2663149833679199,1,1
48009,TEXAS,2020,-0.71,-1.6830822,0.9730822229385376,0.9730822229385376,0,0
48013,TEXAS,2020,2.15,2.235569,-0.08556900024414071,0.08556900024414071,1,1
48015,TEXAS,2020,4.56,5.8988585,-1.3388585472106938,1.3388585472106938,1,1
48019,TEXAS,2020,7.44,6.5182943,0.9217056655883793,0.9217056655883793,1,1
48021,TEXAS,2020,4.32,4.659766,-0.33976619720458956,0.33976619720458956,1,1
48025,TEXAS,2020,6.48,6.7096,-0.2295999717712398,0.2295999717712398,1,1
48027,TEXAS,2020,4.77,4.330848,0.4391517829895015,0.4391517829895015,1,1
48029,TEXAS,2020,3.6,1.5958338,2.0041662216186524,2.0041662216186524,1,1
48031,TEXAS,2020,-1.98,-2.6082933,0.6282932949066162,0.6282932949066162,0,0
48035,TEXAS,2020,7.05,6.7477293,0.3022706985473631,0.3022706985473631,1,1
48037,TEXAS,2020,5.5,6.121121,-0.6211209297180176,0.6211209297180176,1,1
48039,TEXAS,2020,2.64,2.9100769,-0.27007685661315906,0.27007685661315906,1,1
48041,TEXAS,2020,2.62,2.4603314,0.15966856002807628,0.15966856002807628,1,1
48043,TEXAS,2020,5.03,3.7801075,1.249892501831055,1.249892501831055,1,1
48049,TEXAS,2020,3.96,3.591698,0.3683020687103271,0.3683020687103271,1,1
48051,TEXAS,2020,0.57,0.08325389,0.48674610972404475,0.48674610972404475,1,1
48053,TEXAS,2020,5.24,5.360119,-0.12011886596679666,0.12011886596679666,1,1
48055,TEXAS,2020,3.42,3.9903777,-0.5703776645660401,0.5703776645660401,1,1
48057,TEXAS,2020,0.5,-0.299294,0.7992939949035645,0.7992939949035645,1,0
48059,TEXAS,2020,8.17,7.441832,0.7281679344177245,0.7281679344177245,1,1
48061,TEXAS,2020,4.81,5.1576214,-0.3476213836669926,0.3476213836669926,1,1
48063,TEXAS,2020,4.48,5.504003,-1.0240030479431148,1.0240030479431148,1,1
48065,TEXAS,2020,3.39,3.4274132,-0.03741322517395007,0.03741322517395007,1,1
48067,TEXAS,2020,-0.28,-0.43921185,0.1592118453979492,0.1592118453979492,0,0
48071,TEXAS,2020,5.69,4.7921963,0.8978037261962895,0.8978037261962895,1,1
48073,TEXAS,2020,4.06,2.8514776,1.2085223770141598,1.2085223770141598,1,1
48077,TEXAS,2020,4.37,4.159202,0.21079790115356456,0.21079790115356456,1,1
48085,TEXAS,2020,2.02,1.9529536,0.06704642295837404,0.06704642295837404,1,1
48089,TEXAS,2020,2.98,1.6276882,1.3523118305206299,1.3523118305206299,1,1
48091,TEXAS,2020,3.97,4.228785,-0.25878503799438457,0.25878503799438457,1,1
48093,TEXAS,2020,4.84,5.0741925,-0.23419252395629897,0.23419252395629897,1,1
48097,TEXAS,2020,3.18,2.3951008,0.7848991680145265,0.7848991680145265,1,1
48099,TEXAS,2020,5.72,6.208426,-0.4884259986877444,0.4884259986877444,1,1
48111,TEXAS,2020,-8.62,-8.074755,-0.5452452850341789,0.5452452850341789,0,0
48113,TEXAS,2020,2.1,1.1964872,0.9035128116607667,0.9035128116607667,1,1
48115,TEXAS,2020,9.43,8.980412,0.4495884704589841,0.4495884704589841,1,1
48117,TEXAS,2020,6.22,6.250283,-0.030282764434814702,0.030282764434814702,1,1
48119,TEXAS,2020,2.92,2.3520808,0.5679191780090331,0.5679191780090331,1,1
48121,TEXAS,2020,2.56,1.5150127,1.0449872589111329,1.0449872589111329,1,1
48123,TEXAS,2020,8.6,9.784717,-1.184716606140137,1.184716606140137,1,1
48133,TEXAS,2020,0.1,0.072113164,0.027886836230754858,0.027886836230754858,1,1
48135,TEXAS,2020,2.86,0.4782922,2.3817078030109404,2.3817078030109404,1,1
48139,TEXAS,2020,3.61,2.9781926,0.6318074321746825,0.6318074321746825,1,1
48141,TEXAS,2020,4.14,2.9451473,1.194852724075317,1.194852724075317,1,1
48143,TEXAS,2020,5.51,5.648544,-0.1385438346862795,0.1385438346862795,1,1
48145,TEXAS,2020,4.22,4.3503437,-0.13034370422363306,0.13034370422363306,1,1
48147,TEXAS,2020,2.27,2.307658,-0.03765795707702635,0.03765795707702635,1,1
48149,TEXAS,2020,8.53,8.58863,-0.05862972259521548,0.05862972259521548,1,1
48157,TEXAS,2020,0.73,0.10220555,0.6277944478392601,0.6277944478392601,1,1
48159,TEXAS,2020,-1.48,-2.1012971,0.62129714012146,0.62129714012146,0,0
48161,TEXAS,2020,5.44,4.367547,1.0724529647827152,1.0724529647827152,1,1
48165,TEXAS,2020,7.34,7.525579,-0.18557897567749038,0.18557897567749038,1,1
48167,TEXAS,2020,5.05,3.8640866,1.1859133720397947,1.1859133720397947,1,1
48171,TEXAS,2020,5.77,5.8450055,-0.07500551223754925,0.07500551223754925,1,1
48175,TEXAS,2020,4.21,3.9134333,0.296566686630249,0.296566686630249,1,1
48177,TEXAS,2020,2.71,1.7924216,0.917578420639038,0.917578420639038,1,1
48179,TEXAS,2020,1.62,1.8417647,-0.22176468849182118,0.22176468849182118,1,1
48181,TEXAS,2020,4.46,4.2913337,0.16866632461547848,0.16866632461547848,1,1
48183,TEXAS,2020,3.26,2.6496723,0.6103277301788328,0.6103277301788328,1,1
48185,TEXAS,2020,3.83,3.5543995,0.27560050964355476,0.27560050964355476,1,1
48187,TEXAS,2020,2.18,2.2500386,-0.0700386238098143,0.0700386238098143,1,1
48189,TEXAS,2020,2.18,1.755383,0.4246169853210451,0.4246169853210451,1,1
48193,TEXAS,2020,10.18,10.858437,-0.6784365844726565,0.6784365844726565,1,1
48195,TEXAS,2020,5.79,6.1117125,-0.3217124557495117,0.3217124557495117,1,1
48199,TEXAS,2020,4.11,3.8638039,0.2461961364746097,0.2461961364746097,1,1
48201,TEXAS,2020,2.72,1.6645523,1.055447669029236,1.055447669029236,1,1
48203,TEXAS,2020,3.18,3.1107817,0.06921833038330094,0.06921833038330094,1,1
48205,TEXAS,2020,-0.94,0.64608276,-1.5860827589035034,1.5860827589035034,0,1
48209,TEXAS,2020,5.6,5.037325,0.5626750946044918,0.5626750946044918,1,1
48211,TEXAS,2020,-3.44,-3.1958547,-0.244145336151123,0.244145336151123,0,0
48213,TEXAS,2020,5.27,5.1981254,0.07187463760375934,0.07187463760375934,1,1
48215,TEXAS,2020,4.22,3.9895215,0.23047849655151342,0.23047849655151342,1,1
48217,TEXAS,2020,6.43,6.4413447,-0.011344738006592081,0.011344738006592081,1,1
48219,TEXAS,2020,3.48,2.863069,0.6169309425354004,0.6169309425354004,1,1
48221,TEXAS,2020,5.42,5.3965583,0.023441715240478445,0.023441715240478445,1,1
48223,TEXAS,2020,3.96,2.802512,1.1574880695343017,1.1574880695343017,1,1
48225,TEXAS,2020,6.94,6.7444696,0.19553035736084023,0.19553035736084023,1,1
48227,TEXAS,2020,7.01,6.5946717,0.41532827377319315,0.41532827377319315,1,1
48231,TEXAS,2020,5.79,4.9964714,0.7935285949707032,0.7935285949707032,1,1
48233,TEXAS,2020,4.35,4.249234,0.10076580047607386,0.10076580047607386,1,1
48237,TEXAS,2020,7.0,6.1394634,0.8605365753173828,0.8605365753173828,1,1
48239,TEXAS,2020,1.37,-0.04291549,1.412915489524603,1.412915489524603,1,0
48241,TEXAS,2020,3.76,4.581302,-0.8213021659851076,0.8213021659851076,1,1
48245,TEXAS,2020,3.5,3.2622917,0.23770833015441895,0.23770833015441895,1,1
48249,TEXAS,2020,2.21,1.4793671,0.7306328630447387,0.7306328630447387,1,1
48251,TEXAS,2020,3.79,3.5398679,0.25013212203979496,0.25013212203979496,1,1
48253,TEXAS,2020,5.61,5.0127163,0.5972837066650394,0.5972837066650394,1,1
48257,TEXAS,2020,3.77,4.119067,-0.3490671920776367,0.3490671920776367,1,1
48259,TEXAS,2020,5.88,5.6400476,0.23995244979858388,0.23995244979858388,1,1
48265,TEXAS,2020,2.43,1.2121526,1.217847399711609,1.217847399711609,1,1
48273,TEXAS,2020,4.95,3.8833644,1.06663556098938,1.06663556098938,1,1
48277,TEXAS,2020,6.02,5.419593,0.6004071426391597,0.6004071426391597,1,1
48279,TEXAS,2020,-2.45,-1.4260952,-1.0239047527313234,1.0239047527313234,0,0
48281,TEXAS,2020,3.71,3.305355,0.4046449279785156,0.4046449279785156,1,1
48285,TEXAS,2020,-0.16,-1.2376734,1.0776734018325806,1.0776734018325806,0,0
48287,TEXAS,2020,-0.99,-1.0855218,0.09552181720733643,0.09552181720733643,0,0
48289,TEXAS,2020,-2.88,-2.111525,-0.768474941253662,0.768474941253662,0,0
48291,TEXAS,2020,2.92,2.831666,0.08833400726318352,0.08833400726318352,1,1
48293,TEXAS,2020,6.0,5.740398,0.25960206985473633,0.25960206985473633,1,1
48297,TEXAS,2020,3.98,3.843746,0.1362540531158447,0.1362540531158447,1,1
48299,TEXAS,2020,3.37,2.5694215,0.8005784702301026,0.8005784702301026,1,1
48303,TEXAS,2020,2.9,2.522838,0.37716188430786124,0.37716188430786124,1,1
48305,TEXAS,2020,8.57,10.276222,-1.706222229003906,1.706222229003906,1,1
48309,TEXAS,2020,5.29,5.0706854,0.2193146133422852,0.2193146133422852,1,1
48313,TEXAS,2020,-0.16,0.073767856,-0.23376785576343537,0.23376785576343537,0,1
48315,TEXAS,2020,5.08,5.289999,-0.20999900817871087,0.20999900817871087,1,1
48321,TEXAS,2020,-0.2,-0.4548065,0.25480650663375853,0.25480650663375853,0,0
48323,TEXAS,2020,0.71,0.642205,0.06779500007629391,0.06779500007629391,1,1
48325,TEXAS,2020,6.27,6.2387004,0.03129961013793903,0.03129961013793903,1,1
48329,TEXAS,2020,0.36,0.0040570446,0.3559429553709924,0.3559429553709924,1,1
48331,TEXAS,2020,4.45,4.2686977,0.18130226135253924,0.18130226135253924,1,1
48337,TEXAS,2020,7.66,6.6598873,1.0001126861572267,1.0001126861572267,1,1
48339,TEXAS,2020,3.8,2.7251425,1.0748575210571287,1.0748575210571287,1,1
48341,TEXAS,2020,5.74,5.3909636,0.349036445617676,0.349036445617676,1,1
48343,TEXAS,2020,-5.35,-6.973079,1.6230792045593265,1.6230792045593265,0,0
48347,TEXAS,2020,4.98,5.1359515,-0.15595151901245075,0.15595151901245075,1,1
48349,TEXAS,2020,4.52,3.5032156,1.0167844486236568,1.0167844486236568,1,1
48353,TEXAS,2020,-3.03,-2.3414063,-0.6885936546325682,0.6885936546325682,0,0
48355,TEXAS,2020,4.37,3.6400404,0.7299596023559571,0.7299596023559571,1,1
48357,TEXAS,2020,3.17,4.197198,-1.0271979141235352,1.0271979141235352,1,1
48361,TEXAS,2020,4.16,4.283006,-0.12300619125366197,0.12300619125366197,1,1
48363,TEXAS,2020,3.24,3.220041,0.019958963394165252,0.019958963394165252,1,1
48365,TEXAS,2020,4.2,3.8199656,0.38003439903259295,0.38003439903259295,1,1
48367,TEXAS,2020,3.22,3.1171668,0.10283324241638203,0.10283324241638203,1,1
48369,TEXAS,2020,4.28,3.976923,0.3030770111083987,0.3030770111083987,1,1
48371,TEXAS,2020,30.04,20.509033,9.530966796875,9.530966796875,1,1
48373,TEXAS,2020,5.48,5.489934,-0.009933967590331605,0.009933967590331605,1,1
48375,TEXAS,2020,0.97,1.1786637,-0.20866373062133792,0.20866373062133792,1,1
48379,TEXAS,2020,6.78,6.0125055,0.7674944686889651,0.7674944686889651,1,1
48381,TEXAS,2020,2.77,2.912321,-0.14232109069824217,0.14232109069824217,1,1
48395,TEXAS,2020,3.34,2.9803882,0.3596118354797362,0.3596118354797362,1,1
48397,TEXAS,2020,2.63,2.0833414,0.5466586399078368,0.5466586399078368,1,1
48399,TEXAS,2020,-3.23,-3.2054057,-0.024594287872314435,0.024594287872314435,0,0
48401,TEXAS,2020,3.76,3.0796385,0.6803615188598631,0.6803615188598631,1,1
48403,TEXAS,2020,11.27,11.140222,0.12977840423583942,0.12977840423583942,1,1
48407,TEXAS,2020,5.33,4.3816385,0.9483614730834962,0.9483614730834962,1,1
48409,TEXAS,2020,3.67,3.0701923,0.5998076629638671,0.5998076629638671,1,1
48415,TEXAS,2020,4.64,4.0967164,0.543283596038818,0.543283596038818,1,1
48419,TEXAS,2020,4.27,6.3646445,-2.094644527435303,2.094644527435303,1,1
48423,TEXAS,2020,4.62,3.8879793,0.7320207309722901,0.7320207309722901,1,1
48425,TEXAS,2020,-0.14,-0.28112012,0.1411201214790344,0.1411201214790344,0,0
48427,TEXAS,2020,5.65,5.4436145,0.20638551712036168,0.20638551712036168,1,1
48437,TEXAS,2020,6.29,4.929901,1.360098876953125,1.360098876953125,1,1
48439,TEXAS,2020,3.11,1.268274,1.841726050376892,1.841726050376892,1,1
48441,TEXAS,2020,2.92,3.008008,-0.08800800323486335,0.08800800323486335,1,1
48445,TEXAS,2020,8.09,6.6317773,1.4582227134704588,1.4582227134704588,1,1
48449,TEXAS,2020,6.31,5.9524884,0.3575115776062008,0.3575115776062008,1,1
48451,TEXAS,2020,4.97,4.8141313,0.15586874008178686,0.15586874008178686,1,1
48453,TEXAS,2020,5.41,5.234266,0.17573419570922866,0.17573419570922866,1,1
48455,TEXAS,2020,1.87,2.2352836,-0.36528361320495595,0.36528361320495595,1,1
48457,TEXAS,2020,3.76,4.0840816,-0.32408164978027365,0.32408164978027365,1,1
48459,TEXAS,2020,6.14,5.595478,0.5445219421386716,0.5445219421386716,1,1
48463,TEXAS,2020,8.96,8.009433,0.9505672073364266,0.9505672073364266,1,1
48465,TEXAS,2020,6.73,6.7645416,-0.034541625976562074,0.034541625976562074,1,1
48467,TEXAS,2020,6.26,6.874401,-0.6144010925292971,0.6144010925292971,1,1
48469,TEXAS,2020,5.04,4.954261,0.08573917388916019,0.08573917388916019,1,1
48471,TEXAS,2020,4.45,4.637552,-0.18755178451538068,0.18755178451538068,1,1
48473,TEXAS,2020,3.05,4.0126925,-0.962692451477051,0.962692451477051,1,1
48475,TEXAS,2020,6.69,4.6154523,2.0745477104187016,2.0745477104187016,1,1
48477,TEXAS,2020,2.47,2.4132962,0.05670377731323262,0.05670377731323262,1,1
48479,TEXAS,2020,2.13,2.5059228,-0.3759227943420411,0.3759227943420411,1,1
48481,TEXAS,2020,2.31,1.853161,0.4568390226364136,0.4568390226364136,1,1
48485,TEXAS,2020,5.08,5.1183367,-0.03833667755126946,0.03833667755126946,1,1
48487,TEXAS,2020,4.32,4.4165325,-0.0965325164794919,0.0965325164794919,1,1
48491,TEXAS,2020,5.49,5.5729084,-0.0829084014892576,0.0829084014892576,1,1
48493,TEXAS,2020,3.35,5.235331,-1.8853310585021972,1.8853310585021972,1,1
48497,TEXAS,2020,4.03,4.597203,-0.5672027778625486,0.5672027778625486,1,1
48499,TEXAS,2020,5.78,5.2149644,0.5650356101989749,0.5650356101989749,1,1
48501,TEXAS,2020,-0.83,-0.4209887,-0.40901129126548763,0.40901129126548763,0,0
48503,TEXAS,2020,0.46,1.0594329,-0.599432864189148,0.599432864189148,1,1
49001,UTAH,2020,7.38,7.6765428,-0.2965427589416505,0.2965427589416505,1,1
49003,UTAH,2020,7.08,6.0889397,0.9910603332519532,0.9910603332519532,1,1
49005,UTAH,2020,6.07,6.0187263,0.05127365112304716,0.05127365112304716,1,1
49007,UTAH,2020,8.19,7.2849474,0.9050526046752925,0.9050526046752925,1,1
49011,UTAH,2020,5.81,5.989505,-0.1795048141479496,0.1795048141479496,1,1
49013,UTAH,2020,1.15,0.86544365,0.2845563530921935,0.2845563530921935,1,1
49015,UTAH,2020,1.95,1.8571718,0.0928282260894775,0.0928282260894775,1,1
49017,UTAH,2020,-0.48,-0.28379273,-0.19620726585388182,0.19620726585388182,0,0
49019,UTAH,2020,4.96,3.722037,1.2379629230499267,1.2379629230499267,1,1
49021,UTAH,2020,5.98,6.5865684,-0.6065683555603023,0.6065683555603023,1,1
49023,UTAH,2020,7.96,7.686601,0.27339883804321286,0.27339883804321286,1,1
49025,UTAH,2020,2.31,2.216907,0.09309297561645513,0.09309297561645513,1,1
49027,UTAH,2020,8.54,7.8487945,0.6912055397033683,0.6912055397033683,1,1
49029,UTAH,2020,5.95,6.446404,-0.4964039802551268,0.4964039802551268,1,1
49033,UTAH,2020,7.58,7.238185,0.3418150711059571,0.3418150711059571,1,1
49035,UTAH,2020,5.43,5.0879407,0.3420593070983884,0.3420593070983884,1,1
49037,UTAH,2020,7.32,6.462292,0.8577078056335452,0.8577078056335452,1,1
49039,UTAH,2020,5.72,5.984376,-0.26437595367431665,0.26437595367431665,1,1
49041,UTAH,2020,4.73,3.9895396,0.7404603767395024,0.7404603767395024,1,1
49043,UTAH,2020,3.93,3.4391272,0.490872793197632,0.490872793197632,1,1
49045,UTAH,2020,5.75,4.8292336,0.9207663536071777,0.9207663536071777,1,1
49047,UTAH,2020,2.36,1.1559488,1.2040512418746947,1.2040512418746947,1,1
49049,UTAH,2020,5.05,5.095021,-0.045020771026611506,0.045020771026611506,1,1
49051,UTAH,2020,5.38,4.7792935,0.6007064628601073,0.6007064628601073,1,1
49053,UTAH,2020,5.48,4.045107,1.4348931121826176,1.4348931121826176,1,1
49055,UTAH,2020,9.57,7.8610096,1.70899040222168,1.70899040222168,1,1
49057,UTAH,2020,6.56,6.1460204,0.41397958755493125,0.41397958755493125,1,1
50001,VERMONT,2020,2.45,3.713676,-1.2636759757995604,1.2636759757995604,1,1
50003,VERMONT,2020,4.4,5.409082,-1.009081935882568,1.009081935882568,1,1
50005,VERMONT,2020,4.86,5.0244355,-0.16443552017211882,0.16443552017211882,1,1
50007,VERMONT,2020,2.69,2.1913846,0.4986154460906982,0.4986154460906982,1,1
50009,VERMONT,2020,6.16,5.022793,1.1372071838378908,1.1372071838378908,1,1
50011,VERMONT,2020,4.15,4.829567,-0.6795669555664059,0.6795669555664059,1,1
50013,VERMONT,2020,4.6,4.4160304,0.18396959304809535,0.18396959304809535,1,1
50015,VERMONT,2020,2.08,2.168769,-0.08876888275146477,0.08876888275146477,1,1
50017,VERMONT,2020,3.15,3.5870433,-0.43704328536987314,0.43704328536987314,1,1
50019,VERMONT,2020,2.61,2.5468953,0.06310473442077624,0.06310473442077624,1,1
50021,VERMONT,2020,4.11,5.5803804,-1.4703804397583005,1.4703804397583005,1,1
50023,VERMONT,2020,4.18,4.537564,-0.35756380081176786,0.35756380081176786,1,1
50025,VERMONT,2020,3.81,5.3842545,-1.5742544555664062,1.5742544555664062,1,1
50027,VERMONT,2020,4.4,5.4814773,-1.0814772605895993,1.0814772605895993,1,1
51001,VIRGINIA,2020,6.89,7.29521,-0.405209884643555,0.405209884643555,1,1
51003,VIRGINIA,2020,2.04,2.664634,-0.6246339893341064,0.6246339893341064,1,1
51005,VIRGINIA,2020,3.61,2.6776671,0.9323328590393065,0.9323328590393065,1,1
51007,VIRGINIA,2020,3.65,3.1393187,0.5106812953948974,0.5106812953948974,1,1
51009,VIRGINIA,2020,3.04,2.9217527,0.11824730873107914,0.11824730873107914,1,1
51011,VIRGINIA,2020,-0.17,0.42134717,-0.5913471710681916,0.5913471710681916,0,1
51013,VIRGINIA,2020,2.24,1.351023,0.888977041244507,0.888977041244507,1,1
51015,VIRGINIA,2020,3.7,4.1872277,-0.48722772598266584,0.48722772598266584,1,1
51017,VIRGINIA,2020,-2.14,-6.200453,4.060452804565429,4.060452804565429,0,0
51019,VIRGINIA,2020,2.98,3.1947978,-0.21479775428771974,0.21479775428771974,1,1
51023,VIRGINIA,2020,2.87,3.0082297,-0.13822973251342763,0.13822973251342763,1,1
51025,VIRGINIA,2020,-4.08,-3.9140375,-0.16596253395080574,0.16596253395080574,0,0
51029,VIRGINIA,2020,0.23,-0.5700774,0.8000774192810058,0.8000774192810058,1,0
51031,VIRGINIA,2020,3.95,5.0018215,-1.0518215179443358,1.0518215179443358,1,1
51033,VIRGINIA,2020,2.59,2.4165819,0.17341813087463365,0.17341813087463365,1,1
51035,VIRGINIA,2020,7.64,7.569396,0.07060398101806609,0.07060398101806609,1,1
51036,VIRGINIA,2020,-0.87,-1.0427679,0.17276788234710694,0.17276788234710694,0,0
51037,VIRGINIA,2020,-1.71,-0.80303055,-0.906969449520111,0.906969449520111,0,0
51041,VIRGINIA,2020,3.78,3.7648554,0.015144615173339648,0.015144615173339648,1,1
51043,VIRGINIA,2020,5.38,6.0166216,-0.6366215896606446,0.6366215896606446,1,1
51045,VIRGINIA,2020,7.61,7.301364,0.3086360549926761,0.3086360549926761,1,1
51047,VIRGINIA,2020,2.88,3.2874763,-0.4074763011932374,0.4074763011932374,1,1
51049,VIRGINIA,2020,-0.42,-0.60408986,0.18408985614776613,0.18408985614776613,0,0
51053,VIRGINIA,2020,4.03,3.5048206,0.5251794147491458,0.5251794147491458,1,1
51057,VIRGINIA,2020,5.24,5.043842,0.1961581611633303,0.1961581611633303,1,1
51059,VIRGINIA,2020,3.35,5.459858,-2.109857940673828,2.109857940673828,1,1
51061,VIRGINIA,2020,2.85,3.3463004,-0.4963003635406493,0.4963003635406493,1,1
51063,VIRGINIA,2020,7.44,5.897999,1.5420011901855473,1.5420011901855473,1,1
51065,VIRGINIA,2020,5.31,6.930659,-1.6206588172912602,1.6206588172912602,1,1
51067,VIRGINIA,2020,4.61,3.467125,1.1428750610351566,1.1428750610351566,1,1
51069,VIRGINIA,2020,2.31,3.0784993,-0.7684993171691894,0.7684993171691894,1,1
51071,VIRGINIA,2020,2.31,1.3578931,0.9521068906784058,0.9521068906784058,1,1
51073,VIRGINIA,2020,3.06,3.6061807,-0.5461806678771972,0.5461806678771972,1,1
51075,VIRGINIA,2020,3.35,3.8541968,-0.5041967868804931,0.5041967868804931,1,1
51077,VIRGINIA,2020,4.96,4.862617,0.09738298416137692,0.09738298416137692,1,1
51079,VIRGINIA,2020,0.95,0.3518047,0.5981952965259552,0.5981952965259552,1,1
51081,VIRGINIA,2020,2.87,3.509907,-0.6399070072174071,0.6399070072174071,1,1
51083,VIRGINIA,2020,1.11,0.21500419,0.8949958091974259,0.8949958091974259,1,1
51085,VIRGINIA,2020,3.01,4.0281286,-1.0181286239624026,1.0181286239624026,1,1
51087,VIRGINIA,2020,3.33,3.0649514,0.2650485801696778,0.2650485801696778,1,1
51089,VIRGINIA,2020,6.12,5.372413,0.7475868415832521,0.7475868415832521,1,1
51093,VIRGINIA,2020,2.55,3.1210272,-0.5710272312164308,0.5710272312164308,1,1
51095,VIRGINIA,2020,4.04,4.3234115,-0.2834114646911621,0.2834114646911621,1,1
51097,VIRGINIA,2020,0.58,1.3165749,-0.7365749311447144,0.7365749311447144,1,1
51099,VIRGINIA,2020,3.55,3.3468034,0.2031965732574461,0.2031965732574461,1,1
51101,VIRGINIA,2020,5.42,5.878211,-0.4582110214233399,0.4582110214233399,1,1
51103,VIRGINIA,2020,2.03,1.629275,0.40072503566741924,0.40072503566741924,1,1
51107,VIRGINIA,2020,3.4,3.9160552,-0.516055202484131,0.516055202484131,1,1
51109,VIRGINIA,2020,3.85,3.272151,0.5778490066528321,0.5778490066528321,1,1
51111,VIRGINIA,2020,-1.93,-1.4994537,-0.43054633617401117,0.43054633617401117,0,0
51113,VIRGINIA,2020,3.76,3.2874901,0.4725098705291746,0.4725098705291746,1,1
51115,VIRGINIA,2020,1.07,1.2791501,-0.20915012836456293,0.20915012836456293,1,1
51117,VIRGINIA,2020,5.33,5.416898,-0.08689777374267571,0.08689777374267571,1,1
51119,VIRGINIA,2020,7.15,8.15796,-1.007959938049316,1.007959938049316,1,1
51121,VIRGINIA,2020,2.76,1.1432878,1.616712222099304,1.616712222099304,1,1
51125,VIRGINIA,2020,1.05,1.0863537,-0.03635365962982173,0.03635365962982173,1,1
51127,VIRGINIA,2020,3.22,3.432259,-0.21225908279418926,0.21225908279418926,1,1
51131,VIRGINIA,2020,6.08,5.4995503,0.5804496574401856,0.5804496574401856,1,1
51133,VIRGINIA,2020,2.78,3.111108,-0.33110806465148945,0.33110806465148945,1,1
51135,VIRGINIA,2020,6.68,7.548464,-0.8684638214111331,0.8684638214111331,1,1
51137,VIRGINIA,2020,3.5,3.3425045,0.15749549865722656,0.15749549865722656,1,1
51139,VIRGINIA,2020,0.92,0.916432,0.003567976951599161,0.003567976951599161,1,1
51141,VIRGINIA,2020,11.51,10.791454,0.7185456848144529,0.7185456848144529,1,1
51143,VIRGINIA,2020,4.46,4.351069,0.1089310264587402,0.1089310264587402,1,1
51145,VIRGINIA,2020,3.16,4.5558386,-1.3958385848999022,1.3958385848999022,1,1
51147,VIRGINIA,2020,7.24,5.996089,1.2439110183715822,1.2439110183715822,1,1
51149,VIRGINIA,2020,3.12,2.8301404,0.2898596477508546,0.2898596477508546,1,1
51153,VIRGINIA,2020,3.88,5.292608,-1.4126077842712403,1.4126077842712403,1,1
51155,VIRGINIA,2020,3.73,1.8373655,1.8926344919204712,1.8926344919204712,1,1
51157,VIRGINIA,2020,2.11,2.2335029,-0.12350286483764661,0.12350286483764661,1,1
51159,VIRGINIA,2020,4.42,4.8930345,-0.47303445816040046,0.47303445816040046,1,1
51161,VIRGINIA,2020,4.04,3.929052,0.1109478855133057,0.1109478855133057,1,1
51163,VIRGINIA,2020,2.73,3.1892395,-0.459239501953125,0.459239501953125,1,1
51165,VIRGINIA,2020,2.53,3.0506282,-0.520628185272217,0.520628185272217,1,1
51167,VIRGINIA,2020,3.11,3.604685,-0.4946850681304933,0.4946850681304933,1,1
51171,VIRGINIA,2020,3.08,4.0078964,-0.9278964233398437,0.9278964233398437,1,1
51173,VIRGINIA,2020,4.03,3.4968474,0.5331526088714602,0.5331526088714602,1,1
51175,VIRGINIA,2020,4.1,3.2439234,0.8560765743255612,0.8560765743255612,1,1
51177,VIRGINIA,2020,3.71,4.0061483,-0.29614833831787113,0.29614833831787113,1,1
51179,VIRGINIA,2020,3.21,3.9498773,-0.7398772621154786,0.7398772621154786,1,1
51181,VIRGINIA,2020,5.03,4.3412337,0.6887662696838381,0.6887662696838381,1,1
51183,VIRGINIA,2020,1.53,-0.017638298,1.547638297751546,1.547638297751546,1,0
51185,VIRGINIA,2020,2.24,0.6120751,1.627924909591675,1.627924909591675,1,1
51187,VIRGINIA,2020,3.66,3.9095244,-0.24952444076538072,0.24952444076538072,1,1
51191,VIRGINIA,2020,1.68,-0.05378205,1.7337820495665073,1.7337820495665073,1,0
51193,VIRGINIA,2020,6.36,6.012056,0.3479441261291507,0.3479441261291507,1,1
51195,VIRGINIA,2020,1.23,1.2441689,-0.014168877601623553,0.014168877601623553,1,1
51197,VIRGINIA,2020,5.1,3.6466432,1.453356838226318,1.453356838226318,1,1
51199,VIRGINIA,2020,4.57,5.1805696,-0.6105696487426755,0.6105696487426755,1,1
51510,VIRGINIA,2020,3.73,3.099696,0.6303040790557861,0.6303040790557861,1,1
51520,VIRGINIA,2020,6.11,5.024507,1.0854929542541507,1.0854929542541507,1,1
51530,VIRGINIA,2020,3.64,3.7266502,-0.08665023803710925,0.08665023803710925,1,1
51540,VIRGINIA,2020,1.85,0.654776,1.1952240228652955,1.1952240228652955,1,1
51550,VIRGINIA,2020,3.05,3.8577743,-0.8077742576599123,0.8077742576599123,1,1
51570,VIRGINIA,2020,5.17,4.449662,0.720337791442871,0.720337791442871,1,1
51580,VIRGINIA,2020,3.66,4.339465,-0.6794651412963866,0.6794651412963866,1,1
51590,VIRGINIA,2020,5.88,6.6193986,-0.739398593902588,0.739398593902588,1,1
51595,VIRGINIA,2020,-2.6,21.620356,-24.220355606079103,24.220355606079103,0,1
51600,VIRGINIA,2020,2.62,2.31159,0.30841004371643077,0.30841004371643077,1,1
51610,VIRGINIA,2020,0.28,0.2604828,0.019517211914062527,0.019517211914062527,1,1
51620,VIRGINIA,2020,9.39,8.512911,0.8770891571044928,0.8770891571044928,1,1
51630,VIRGINIA,2020,4.8,4.023398,0.7766020774841307,0.7766020774841307,1,1
51640,VIRGINIA,2020,4.76,4.3076434,0.4523565864562986,0.4523565864562986,1,1
51650,VIRGINIA,2020,5.97,5.486449,0.48355123519897436,0.48355123519897436,1,1
51660,VIRGINIA,2020,1.06,0.9108,0.14920001983642583,0.14920001983642583,1,1
51670,VIRGINIA,2020,11.33,11.14636,0.18363960266113288,0.18363960266113288,1,1
51678,VIRGINIA,2020,5.62,5.2393274,0.38067256927490245,0.38067256927490245,1,1
51680,VIRGINIA,2020,4.9,4.5218024,0.37819757461547887,0.37819757461547887,1,1
51683,VIRGINIA,2020,5.0,5.359291,-0.35929107666015625,0.35929107666015625,1,1
51685,VIRGINIA,2020,5.27,4.453039,0.8169608306884761,0.8169608306884761,1,1
51690,VIRGINIA,2020,3.86,4.490523,-0.630522861480713,0.630522861480713,1,1
51700,VIRGINIA,2020,5.2,4.6702733,0.5297266960144045,0.5297266960144045,1,1
51710,VIRGINIA,2020,4.48,2.5170865,1.9629134941101078,1.9629134941101078,1,1
51730,VIRGINIA,2020,4.64,4.269427,0.37057317733764616,0.37057317733764616,1,1
51735,VIRGINIA,2020,3.97,4.6522326,-0.6822326469421385,0.6822326469421385,1,1
51740,VIRGINIA,2020,8.27,6.4547596,1.8152404022216793,1.8152404022216793,1,1
51750,VIRGINIA,2020,7.37,6.360972,1.0090280723571778,1.0090280723571778,1,1
51760,VIRGINIA,2020,3.76,1.414535,2.3454649543762205,2.3454649543762205,1,1
51770,VIRGINIA,2020,4.63,4.0820003,0.5479997444152831,0.5479997444152831,1,1
51775,VIRGINIA,2020,2.01,2.1521819,-0.14218186378479025,0.14218186378479025,1,1
51790,VIRGINIA,2020,5.65,5.413042,0.23695793151855504,0.23695793151855504,1,1
51800,VIRGINIA,2020,4.62,4.4316816,0.18831836700439464,0.18831836700439464,1,1
51810,VIRGINIA,2020,3.89,3.9094515,-0.019451484680175657,0.019451484680175657,1,1
51820,VIRGINIA,2020,2.69,2.587918,0.10208195686340327,0.10208195686340327,1,1
51830,VIRGINIA,2020,3.82,4.3848333,-0.564833335876465,0.564833335876465,1,1
51840,VIRGINIA,2020,3.31,3.4464352,-0.1364352130889892,0.1364352130889892,1,1
53001,WASHINGTON,2020,9.33,8.205871,1.1241293716430665,1.1241293716430665,1,1
53003,WASHINGTON,2020,5.29,4.392856,0.8971438789367676,0.8971438789367676,1,1
53005,WASHINGTON,2020,5.61,4.4137964,1.1962035751342777,1.1962035751342777,1,1
53007,WASHINGTON,2020,5.19,4.2224193,0.9675807380676273,0.9675807380676273,1,1
53009,WASHINGTON,2020,4.23,3.6047242,0.6252758312225346,0.6252758312225346,1,1
53011,WASHINGTON,2020,4.27,2.1431077,2.126892347335815,2.126892347335815,1,1
53013,WASHINGTON,2020,5.08,5.2382307,-0.1582307052612304,0.1582307052612304,1,1
53015,WASHINGTON,2020,5.74,3.2810547,2.4589452648162844,2.4589452648162844,1,1
53017,WASHINGTON,2020,3.66,2.5662296,1.0937704181671144,1.0937704181671144,1,1
53019,WASHINGTON,2020,6.92,6.541137,0.37886278152465813,0.37886278152465813,1,1
53021,WASHINGTON,2020,6.59,3.8436992,2.7463007831573485,2.7463007831573485,1,1
53023,WASHINGTON,2020,1.72,2.0574944,-0.3374944019317627,0.3374944019317627,1,1
53025,WASHINGTON,2020,6.32,5.424722,0.8952778053283694,0.8952778053283694,1,1
53027,WASHINGTON,2020,7.99,6.8345284,1.1554715538024904,1.1554715538024904,1,1
53029,WASHINGTON,2020,5.42,3.6302602,1.7897397708892822,1.7897397708892822,1,1
53031,WASHINGTON,2020,5.28,4.856639,0.4233610916137698,0.4233610916137698,1,1
53033,WASHINGTON,2020,3.46,2.8230443,0.6369556999206543,0.6369556999206543,1,1
53035,WASHINGTON,2020,5.92,4.5711017,1.3488983345031738,1.3488983345031738,1,1
53037,WASHINGTON,2020,4.19,3.5794806,0.6105193519592289,0.6105193519592289,1,1
53039,WASHINGTON,2020,4.25,4.56478,-0.31478023529052734,0.31478023529052734,1,1
53041,WASHINGTON,2020,7.7,6.6643734,1.0356266021728517,1.0356266021728517,1,1
53043,WASHINGTON,2020,8.92,7.01232,1.9076799583435058,1.9076799583435058,1,1
53045,WASHINGTON,2020,6.81,7.1752057,-0.3652057075500492,0.3652057075500492,1,1
53047,WASHINGTON,2020,6.42,5.5214667,0.8985332679748534,0.8985332679748534,1,1
53049,WASHINGTON,2020,6.63,5.420959,1.209041004180908,1.209041004180908,1,1
53051,WASHINGTON,2020,7.77,8.421335,-0.6513352203369145,0.6513352203369145,1,1
53053,WASHINGTON,2020,7.36,6.3013206,1.0586794471740726,1.0586794471740726,1,1
53055,WASHINGTON,2020,5.94,5.945823,-0.005823192596435156,0.005823192596435156,1,1
53057,WASHINGTON,2020,5.84,4.2600126,1.5799873733520506,1.5799873733520506,1,1
53059,WASHINGTON,2020,4.14,4.397838,-0.257838115692139,0.257838115692139,1,1
53061,WASHINGTON,2020,5.02,3.6443517,1.375648279190063,1.375648279190063,1,1
53063,WASHINGTON,2020,7.35,6.2748137,1.0751863479614254,1.0751863479614254,1,1
53065,WASHINGTON,2020,6.96,6.7436676,0.21633239746093746,0.21633239746093746,1,1
53067,WASHINGTON,2020,7.17,5.942489,1.2275108528137206,1.2275108528137206,1,1
53069,WASHINGTON,2020,4.37,2.7638903,1.606109733581543,1.606109733581543,1,1
53071,WASHINGTON,2020,4.21,3.7624884,0.4475116348266601,0.4475116348266601,1,1
53073,WASHINGTON,2020,4.72,2.821662,1.898338050842285,1.898338050842285,1,1
53075,WASHINGTON,2020,5.47,4.809896,0.660104007720947,0.660104007720947,1,1
53077,WASHINGTON,2020,6.13,5.1390915,0.9909085083007811,0.9909085083007811,1,1
54001,WEST VIRGINIA,2020,-1.4,-0.41660053,-0.983399474620819,0.983399474620819,0,0
54003,WEST VIRGINIA,2020,2.01,1.6593719,0.3506281471252439,0.3506281471252439,1,1
54005,WEST VIRGINIA,2020,9.97,10.309524,-0.33952358245849545,0.33952358245849545,1,1
54009,WEST VIRGINIA,2020,4.06,3.7112179,0.34878211975097617,0.34878211975097617,1,1
54011,WEST VIRGINIA,2020,1.7,2.5179472,-0.8179471969604493,0.8179471969604493,1,1
54019,WEST VIRGINIA,2020,1.93,1.4871821,0.44281785964965814,0.44281785964965814,1,1
54025,WEST VIRGINIA,2020,3.13,2.8020349,0.3279651451110839,0.3279651451110839,1,1
54027,WEST VIRGINIA,2020,6.41,6.6160374,-0.20603736877441392,0.20603736877441392,1,1
54029,WEST VIRGINIA,2020,4.88,4.7629137,0.11708629608154286,0.11708629608154286,1,1
54031,WEST VIRGINIA,2020,2.77,3.0394185,-0.2694184589385986,0.2694184589385986,1,1
54033,WEST VIRGINIA,2020,3.71,3.2140186,0.4959814167022705,0.4959814167022705,1,1
54035,WEST VIRGINIA,2020,0.84,0.5556597,0.2843402886390686,0.2843402886390686,1,1
54037,WEST VIRGINIA,2020,3.76,1.6701525,2.089847455024719,2.089847455024719,1,1
54039,WEST VIRGINIA,2020,2.38,2.1795888,0.20041120529174794,0.20041120529174794,1,1
54041,WEST VIRGINIA,2020,1.17,1.1669067,0.003093285560607839,0.003093285560607839,1,1
54043,WEST VIRGINIA,2020,-3.21,-4.026736,0.816735782623291,0.816735782623291,0,0
54045,WEST VIRGINIA,2020,-0.67,-1.0067302,0.3367301988601684,0.3367301988601684,0,0
54049,WEST VIRGINIA,2020,3.25,3.2658195,-0.015819549560546875,0.015819549560546875,1,1
54051,WEST VIRGINIA,2020,3.27,3.2593937,0.010606307983398455,0.010606307983398455,1,1
54053,WEST VIRGINIA,2020,2.32,2.0901334,0.22986657142639144,0.22986657142639144,1,1
54055,WEST VIRGINIA,2020,3.79,3.0684488,0.721551218032837,0.721551218032837,1,1
54057,WEST VIRGINIA,2020,2.41,2.702437,-0.29243692398071275,0.29243692398071275,1,1
54059,WEST VIRGINIA,2020,-6.19,-6.0222263,-0.16777366638183633,0.16777366638183633,0,0
54061,WEST VIRGINIA,2020,0.51,2.1446502,-1.6346502208709717,1.6346502208709717,1,1
54063,WEST VIRGINIA,2020,4.84,4.1589003,0.6810997390747069,0.6810997390747069,1,1
54065,WEST VIRGINIA,2020,3.15,3.6509466,-0.5009466171264649,0.5009466171264649,1,1
54067,WEST VIRGINIA,2020,-2.3,-2.7179322,0.4179322242736818,0.4179322242736818,0,0
54069,WEST VIRGINIA,2020,1.99,2.3328805,-0.3428804969787598,0.3428804969787598,1,1
54073,WEST VIRGINIA,2020,3.31,3.8485644,-0.5385643863677978,0.5385643863677978,1,1
54077,WEST VIRGINIA,2020,0.97,1.2744032,-0.3044032144546509,0.3044032144546509,1,1
54079,WEST VIRGINIA,2020,3.31,3.9509919,-0.6409918689727783,0.6409918689727783,1,1
54081,WEST VIRGINIA,2020,2.79,3.2731457,-0.48314567565917965,0.48314567565917965,1,1
54083,WEST VIRGINIA,2020,6.78,6.552506,0.22749402999877955,0.22749402999877955,1,1
54087,WEST VIRGINIA,2020,1.4,0.85075176,0.5492482423782348,0.5492482423782348,1,1
54089,WEST VIRGINIA,2020,-0.88,-0.8310979,-0.048902099132537846,0.048902099132537846,0,0
54091,WEST VIRGINIA,2020,10.32,9.586072,0.733928031921387,0.733928031921387,1,1
54097,WEST VIRGINIA,2020,7.48,6.2553325,1.2246675300598149,1.2246675300598149,1,1
54099,WEST VIRGINIA,2020,2.42,0.99611837,1.4238816332817077,1.4238816332817077,1,1
54103,WEST VIRGINIA,2020,2.42,1.8403001,0.5796999168395995,0.5796999168395995,1,1
54107,WEST VIRGINIA,2020,4.85,4.516062,0.3339382171630856,0.3339382171630856,1,1
55001,WISCONSIN,2020,3.33,3.215072,0.11492808341979988,0.11492808341979988,1,1
55003,WISCONSIN,2020,2.59,2.6316752,-0.04167524337768569,0.04167524337768569,1,1
55005,WISCONSIN,2020,3.83,3.477355,0.3526449966430665,0.3526449966430665,1,1
55007,WISCONSIN,2020,-0.72,-0.49291375,-0.22708624720573423,0.22708624720573423,0,0
55009,WISCONSIN,2020,2.55,1.347872,1.202127981185913,1.202127981185913,1,1
55011,WISCONSIN,2020,7.28,7.478077,-0.19807693481445288,0.19807693481445288,1,1
55013,WISCONSIN,2020,3.89,4.091197,-0.20119701385498034,0.20119701385498034,1,1
55015,WISCONSIN,2020,2.01,1.9706954,0.03930462360382059,0.03930462360382059,1,1
55017,WISCONSIN,2020,3.13,2.2215502,0.908449773788452,0.908449773788452,1,1
55019,WISCONSIN,2020,4.29,3.7929883,0.4970116996765137,0.4970116996765137,1,1
55021,WISCONSIN,2020,2.18,2.7953322,-0.6153321933746336,0.6153321933746336,1,1
55023,WISCONSIN,2020,5.23,4.3783355,0.8516645240783696,0.8516645240783696,1,1
55025,WISCONSIN,2020,2.65,2.862929,-0.21292910575866708,0.21292910575866708,1,1
55027,WISCONSIN,2020,2.52,2.6906414,-0.17064140319824217,0.17064140319824217,1,1
55029,WISCONSIN,2020,1.51,1.7786396,-0.268639554977417,0.268639554977417,1,1
55031,WISCONSIN,2020,4.59,2.7578213,1.832178678512573,1.832178678512573,1,1
55033,WISCONSIN,2020,3.14,3.378922,-0.23892198562622058,0.23892198562622058,1,1
55035,WISCONSIN,2020,3.65,3.215436,0.43456401824951163,0.43456401824951163,1,1
55037,WISCONSIN,2020,2.69,2.6891518,0.0008482360839843217,0.0008482360839843217,1,1
55039,WISCONSIN,2020,2.33,2.174171,0.15582902908325202,0.15582902908325202,1,1
55041,WISCONSIN,2020,-0.98,-1.215931,0.2359310579299927,0.2359310579299927,0,0
55043,WISCONSIN,2020,2.72,2.762106,-0.04210594177246074,0.04210594177246074,1,1
55045,WISCONSIN,2020,2.18,1.783126,0.3968740034103395,0.3968740034103395,1,1
55047,WISCONSIN,2020,0.97,1.4177816,-0.4477815914154053,0.4477815914154053,1,1
55049,WISCONSIN,2020,2.63,2.1065965,0.5234035301208495,0.5234035301208495,1,1
55051,WISCONSIN,2020,-3.61,-2.4865072,-1.1234928226470946,1.1234928226470946,0,0
55053,WISCONSIN,2020,0.23,0.22127478,0.008725221753120432,0.008725221753120432,1,1
55055,WISCONSIN,2020,2.56,2.1656973,0.39430266380310064,0.39430266380310064,1,1
55057,WISCONSIN,2020,4.37,3.3653247,1.0046752643585206,1.0046752643585206,1,1
55059,WISCONSIN,2020,2.59,1.3997383,1.1902616882324217,1.1902616882324217,1,1
55061,WISCONSIN,2020,0.26,1.3998351,-1.1398351097106934,1.1398351097106934,1,1
55063,WISCONSIN,2020,2.49,2.4553068,0.034693231582641815,0.034693231582641815,1,1
55065,WISCONSIN,2020,3.77,3.5946112,0.17538883209228517,0.17538883209228517,1,1
55067,WISCONSIN,2020,2.36,2.0482054,0.31179462432861316,0.31179462432861316,1,1
55069,WISCONSIN,2020,4.39,3.693705,0.6962949180603024,0.6962949180603024,1,1
55071,WISCONSIN,2020,1.75,1.5667014,0.18329858779907227,0.18329858779907227,1,1
55073,WISCONSIN,2020,1.82,1.4898555,0.33014447212219244,0.33014447212219244,1,1
55075,WISCONSIN,2020,2.89,2.4153419,0.47465814590454114,0.47465814590454114,1,1
55077,WISCONSIN,2020,3.59,2.844842,0.7451580429077147,0.7451580429077147,1,1
55078,WISCONSIN,2020,4.51,4.0665917,0.44340826034545877,0.44340826034545877,1,1
55079,WISCONSIN,2020,3.69,3.2297516,0.46024841308593745,0.46024841308593745,1,1
55081,WISCONSIN,2020,2.66,2.4714408,0.1885592079162599,0.1885592079162599,1,1
55083,WISCONSIN,2020,2.05,2.1236439,-0.07364387512207049,0.07364387512207049,1,1
55085,WISCONSIN,2020,1.5,1.4449886,0.05501139163970947,0.05501139163970947,1,1
55087,WISCONSIN,2020,2.89,2.8527126,0.03728736877441419,0.03728736877441419,1,1
55089,WISCONSIN,2020,2.35,2.2271838,0.12281618118286142,0.12281618118286142,1,1
55091,WISCONSIN,2020,2.42,3.011926,-0.5919259357452393,0.5919259357452393,1,1
55093,WISCONSIN,2020,2.05,2.8440528,-0.7940527915954592,0.7940527915954592,1,1
55095,WISCONSIN,2020,2.89,2.1534264,0.7365735912322999,0.7365735912322999,1,1
55097,WISCONSIN,2020,2.09,2.0459714,0.04402860641479478,0.04402860641479478,1,1
55099,WISCONSIN,2020,2.92,3.504272,-0.5842719841003419,0.5842719841003419,1,1
55101,WISCONSIN,2020,2.88,1.7969905,1.0830094861984252,1.0830094861984252,1,1
55103,WISCONSIN,2020,0.61,0.09986373,0.5101362696290016,0.5101362696290016,1,1
55105,WISCONSIN,2020,3.4,2.3415668,1.058433198928833,1.058433198928833,1,1
55107,WISCONSIN,2020,4.11,3.4649215,0.6450785255432132,0.6450785255432132,1,1
55109,WISCONSIN,2020,2.41,3.0598469,-0.6498468780517577,0.6498468780517577,1,1
55111,WISCONSIN,2020,2.34,2.9958444,-0.6558443641662599,0.6558443641662599,1,1
55113,WISCONSIN,2020,3.14,2.9907343,0.14926566123962415,0.14926566123962415,1,1
55115,WISCONSIN,2020,1.92,2.179646,-0.2596460151672364,0.2596460151672364,1,1
55117,WISCONSIN,2020,2.42,2.7391477,-0.31914766311645515,0.31914766311645515,1,1
55119,WISCONSIN,2020,1.57,0.52157253,1.0484274697303773,1.0484274697303773,1,1
55121,WISCONSIN,2020,1.27,1.3824098,-0.11240981101989744,0.11240981101989744,1,1
55123,WISCONSIN,2020,2.3,1.4644041,0.8355958938598631,0.8355958938598631,1,1
55125,WISCONSIN,2020,2.18,2.2916837,-0.11168367385864242,0.11168367385864242,1,1
55127,WISCONSIN,2020,3.19,2.5056822,0.6843177700042724,0.6843177700042724,1,1
55129,WISCONSIN,2020,4.41,3.8894827,0.5205172634124757,0.5205172634124757,1,1
55131,WISCONSIN,2020,2.18,2.0225768,0.1574231910705568,0.1574231910705568,1,1
55133,WISCONSIN,2020,2.07,2.1660793,-0.09607928276062028,0.09607928276062028,1,1
55135,WISCONSIN,2020,3.52,3.2895226,0.230477352142334,0.230477352142334,1,1
55137,WISCONSIN,2020,2.46,2.7798367,-0.319836654663086,0.319836654663086,1,1
55139,WISCONSIN,2020,2.99,2.8135145,0.17648552894592306,0.17648552894592306,1,1
55141,WISCONSIN,2020,2.96,2.272843,0.6871571159362793,0.6871571159362793,1,1
56001,WYOMING,2020,6.02,6.2316914,-0.21169136047363324,0.21169136047363324,1,1
56003,WYOMING,2020,4.79,5.2412586,-0.4512586212158203,0.4512586212158203,1,1
56005,WYOMING,2020,2.91,3.3901162,-0.4801162147521971,0.4801162147521971,1,1
56007,WYOMING,2020,3.71,2.8518934,0.858106575012207,0.858106575012207,1,1
56009,WYOMING,2020,1.07,1.790689,-0.7206889915466308,0.7206889915466308,1,1
56011,WYOMING,2020,1.42,1.0185754,0.4014245700836181,0.4014245700836181,1,1
56013,WYOMING,2020,1.4,1.7045417,-0.3045416831970216,0.3045416831970216,1,1
56015,WYOMING,2020,1.24,1.846166,-0.6061660146713257,0.6061660146713257,1,1
56017,WYOMING,2020,5.84,5.4445415,0.3954585456848143,0.3954585456848143,1,1
56019,WYOMING,2020,3.26,3.4387128,-0.17871283531188986,0.17871283531188986,1,1
56021,WYOMING,2020,4.7,4.4057,0.2942997932434084,0.2942997932434084,1,1
56023,WYOMING,2020,3.61,3.4212515,0.18874846458435046,0.18874846458435046,1,1
56025,WYOMING,2020,4.83,4.4579797,0.37202032089233406,0.37202032089233406,1,1
56029,WYOMING,2020,5.58,6.309925,-0.729925079345703,0.729925079345703,1,1
56031,WYOMING,2020,7.23,6.770667,0.4593329238891606,0.4593329238891606,1,1
56033,WYOMING,2020,3.55,3.25632,0.2936800003051756,0.2936800003051756,1,1
56035,WYOMING,2020,3.64,4.1604958,-0.5204957580566405,0.5204957580566405,1,1
56037,WYOMING,2020,1.41,1.86162,-0.4516199493408204,0.4516199493408204,1,1
56039,WYOMING,2020,-1.68,-2.860416,1.1804159355163575,1.1804159355163575,0,0
56041,WYOMING,2020,4.56,3.9498343,0.6101656532287594,0.6101656532287594,1,1
56043,WYOMING,2020,3.3,3.0048382,0.2951617717742918,0.2951617717742918,1,1
56045,WYOMING,2020,4.45,3.7109644,0.7390355587005617,0.7390355587005617,1,1
