county_fips5,state,yr,hpi_change,y_pred,residual
1001,ALABAMA,2020,0.58,0.21262982,0.3673701751232147
1003,ALABAMA,2020,4.38,5.7694144,-1.3894144248962403
1005,ALABAMA,2020,7.05,0.9967558,6.05324422121048
1007,ALABAMA,2020,1.62,-0.17862922,1.798629219532013
1009,ALABAMA,2020,3.78,1.7913226,1.9886774110794065
1013,ALABAMA,2020,3.23,0.222143,3.007857005596161
1015,ALABAMA,2020,3.11,0.50777483,2.602225170135498
1017,ALABAMA,2020,2.6,-1.6280354,4.228035426139831
1019,ALABAMA,2020,4.53,1.057116,3.4728839683532717
1021,ALABAMA,2020,4.15,1.453927,2.6960729598999027
1023,ALABAMA,2020,-3.59,-1.048492,-2.541508045196533
1025,ALABAMA,2020,3.43,-0.65915775,4.089157752990722
1027,ALABAMA,2020,3.04,1.9621047,1.0778953218460083
1029,ALABAMA,2020,6.39,2.0096483,4.380351676940918
1031,ALABAMA,2020,1.73,1.3520211,0.3779789018630981
1033,ALABAMA,2020,2.95,-0.4818476,3.4318476140499117
1035,ALABAMA,2020,21.03,5.691146,15.33885410308838
1037,ALABAMA,2020,6.7,4.277515,2.4224850654602053
1039,ALABAMA,2020,3.53,0.29232728,3.2376727151870726
1041,ALABAMA,2020,-1.92,-1.3785819,-0.5414181184768676
1043,ALABAMA,2020,5.19,1.2312756,3.9587244415283207
1045,ALABAMA,2020,0.44,1.4568459,-1.0168458795547486
1047,ALABAMA,2020,5.2,-2.1669292,7.366929244995117
1049,ALABAMA,2020,4.92,2.1308625,2.7891375255584716
1051,ALABAMA,2020,3.07,1.0794603,1.9905397367477415
1053,ALABAMA,2020,3.23,1.620219,1.6097810077667236
1055,ALABAMA,2020,3.45,-0.6695293,4.1195293188095095
1057,ALABAMA,2020,3.99,2.0555844,1.9344155693054201
1059,ALABAMA,2020,2.41,0.84682673,1.5631732678413393
1061,ALABAMA,2020,3.29,2.8503857,0.43961433410644535
1065,ALABAMA,2020,11.0,4.098037,6.901963233947754
1067,ALABAMA,2020,-3.91,-1.1974671,-2.7125329113006593
1069,ALABAMA,2020,2.6,0.30146393,2.298536068201065
1071,ALABAMA,2020,3.33,-0.2282238,3.5582238006591798
1073,ALABAMA,2020,3.5,0.84946007,2.6505399346351624
1075,ALABAMA,2020,4.29,-1.8187621,6.108762063980103
1077,ALABAMA,2020,3.0,0.50640905,2.4935909509658813
1079,ALABAMA,2020,5.29,1.0994724,4.190527596473694
1081,ALABAMA,2020,2.89,0.88622385,2.00377614736557
1083,ALABAMA,2020,5.89,3.5271945,2.3628055000305173
1085,ALABAMA,2020,2.2,1.2637899,0.9362101078033449
1087,ALABAMA,2020,1.63,-5.7603846,7.3903845596313475
1089,ALABAMA,2020,7.17,3.3897755,3.780224485397339
1091,ALABAMA,2020,3.01,1.159629,1.850371012687683
1093,ALABAMA,2020,4.65,-0.7595335,5.409533524513245
1095,ALABAMA,2020,4.16,0.820324,3.3396759963035585
1097,ALABAMA,2020,4.73,1.769283,2.960716943740845
1099,ALABAMA,2020,1.85,0.20950603,1.6404939651489259
1101,ALABAMA,2020,3.9,-0.69142103,4.591421031951905
1103,ALABAMA,2020,5.66,2.4964194,3.1635805702209474
1107,ALABAMA,2020,8.25,1.2357796,7.014220356941223
1109,ALABAMA,2020,2.44,0.7344269,1.7055730843544006
1111,ALABAMA,2020,5.09,0.9051302,4.184869792461395
1113,ALABAMA,2020,3.51,2.4421794,1.0678205585479734
1115,ALABAMA,2020,3.89,-0.020301774,3.910301774144173
1117,ALABAMA,2020,5.04,1.5423695,3.497630515098572
1119,ALABAMA,2020,7.43,-2.226724,9.656723909378051
1121,ALABAMA,2020,3.76,0.37208873,3.387911269664764
1123,ALABAMA,2020,3.52,0.88372433,2.636275668144226
1125,ALABAMA,2020,4.2,0.3277747,3.872225296497345
1127,ALABAMA,2020,3.47,0.15476209,3.3152379107475283
1129,ALABAMA,2020,0.43,-0.58159894,1.011598937511444
1131,ALABAMA,2020,1.58,-2.2252996,3.805299596786499
1133,ALABAMA,2020,4.82,2.7868726,2.033127374649048
2020,ALASKA,2020,1.4,-0.00705307,1.407053069770336
2090,ALASKA,2020,3.52,0.42258826,3.0974117410182953
2110,ALASKA,2020,1.8,-1.0176142,2.8176142454147337
2122,ALASKA,2020,3.32,1.6799134,1.640086598396301
2130,ALASKA,2020,0.26,-0.5299396,0.789939591884613
2150,ALASKA,2020,1.32,1.6270536,-0.30705361843109125
2170,ALASKA,2020,3.64,3.3008215,0.33917845726013196
2220,ALASKA,2020,3.8,0.4163522,3.383647787570953
4001,ARIZONA,2020,3.73,2.7989497,0.9310502815246582
4003,ARIZONA,2020,5.43,5.7515206,-0.32152063369751005
4005,ARIZONA,2020,4.77,2.742628,2.02737190246582
4007,ARIZONA,2020,6.39,7.7569976,-1.3669975852966312
4009,ARIZONA,2020,5.8,4.0049024,1.7950976371765135
4012,ARIZONA,2020,6.51,3.6770005,2.8329994773864744
4013,ARIZONA,2020,7.19,6.6013637,0.5886363410949711
4015,ARIZONA,2020,7.0,4.403073,2.5969271659851074
4017,ARIZONA,2020,7.69,4.6709094,3.0190905952453617
4019,ARIZONA,2020,5.49,4.8646774,0.6253225708007815
4021,ARIZONA,2020,6.25,4.8691225,1.3808774948120117
4023,ARIZONA,2020,4.61,5.0905046,-0.4805046463012692
4025,ARIZONA,2020,5.09,3.111002,1.9789980316162108
4027,ARIZONA,2020,6.2,5.8743176,0.32568235397338885
5001,ARKANSAS,2020,1.5,0.51273793,0.9872620701789856
5003,ARKANSAS,2020,2.99,-0.8334922,3.82349221944809
5005,ARKANSAS,2020,3.25,0.5854325,2.664567470550537
5007,ARKANSAS,2020,4.32,1.074739,3.2452610206604007
5009,ARKANSAS,2020,1.76,0.2838384,1.476161608695984
5011,ARKANSAS,2020,14.56,3.6218114,10.938188610076905
5015,ARKANSAS,2020,0.82,1.2390139,-0.41901391029357915
5017,ARKANSAS,2020,-1.0,-2.603236,1.6032359600067139
5019,ARKANSAS,2020,3.52,0.40575227,3.114247728586197
5021,ARKANSAS,2020,0.0,4.950055,-4.950055122375488
5023,ARKANSAS,2020,3.09,-0.55914307,3.64914306640625
5025,ARKANSAS,2020,9.38,2.1056526,7.2743474292755135
5027,ARKANSAS,2020,4.37,-1.2050837,5.575083727836609
5029,ARKANSAS,2020,-2.2,-0.23625639,-1.9637436091899874
5031,ARKANSAS,2020,2.13,-0.0027936995,2.132793699502945
5033,ARKANSAS,2020,1.38,0.38250825,0.9974917519092559
5035,ARKANSAS,2020,4.58,-0.3141635,4.8941635060310364
5037,ARKANSAS,2020,4.5,0.46170208,4.038297921419144
5041,ARKANSAS,2020,6.71,1.0081326,5.701867423057556
5043,ARKANSAS,2020,2.14,-0.51513326,2.655133261680603
5045,ARKANSAS,2020,3.13,0.5460694,2.583930616378784
5047,ARKANSAS,2020,2.24,0.47442278,1.7655772173404696
5049,ARKANSAS,2020,0.78,0.8524508,-0.07245078802108762
5051,ARKANSAS,2020,3.19,-0.23074692,3.4207469248771667
5053,ARKANSAS,2020,2.13,-1.0741448,3.2041448402404784
5055,ARKANSAS,2020,1.56,-0.6148524,2.1748524284362794
5057,ARKANSAS,2020,9.87,0.3231405,9.546859498023986
5059,ARKANSAS,2020,2.8,0.021735474,2.7782645255327223
5061,ARKANSAS,2020,-0.6,-0.20385069,-0.3961493134498596
5063,ARKANSAS,2020,0.54,-0.9088457,1.4488457226753235
5065,ARKANSAS,2020,6.77,-1.9722116,8.742211599349975
5067,ARKANSAS,2020,-1.27,-1.209041,-0.0609590005874634
5069,ARKANSAS,2020,2.65,-0.8723651,3.522365117073059
5071,ARKANSAS,2020,2.12,0.73453146,1.3854685378074647
5075,ARKANSAS,2020,-1.4,-0.12694275,-1.2730572462081908
5079,ARKANSAS,2020,-1.61,-1.5122037,-0.09779630661010752
5081,ARKANSAS,2020,-0.6,-0.0038925782,-0.5961074218153953
5083,ARKANSAS,2020,0.34,-0.118365414,0.4583654144406319
5085,ARKANSAS,2020,3.26,-0.38523954,3.645239541530609
5087,ARKANSAS,2020,4.21,0.21651685,3.9934831476211547
5089,ARKANSAS,2020,5.2,0.0966034,5.103396598994732
5091,ARKANSAS,2020,6.13,0.3539961,5.7760039019584655
5093,ARKANSAS,2020,7.27,-0.25352708,7.523527075052261
5097,ARKANSAS,2020,2.16,-4.446017,6.606016788482666
5101,ARKANSAS,2020,12.75,4.660957,8.089043140411377
5103,ARKANSAS,2020,2.48,0.56512207,1.9148779320716858
5105,ARKANSAS,2020,-0.31,-0.4664464,0.1564463996887207
5107,ARKANSAS,2020,-15.13,-4.658049,-10.4719508934021
5109,ARKANSAS,2020,0.64,-1.2618738,1.9018738412857057
5111,ARKANSAS,2020,5.37,0.4235225,4.946477497816086
5113,ARKANSAS,2020,-2.82,-0.8966453,-1.9233546924591063
5115,ARKANSAS,2020,2.71,0.12938908,2.580610922574997
5119,ARKANSAS,2020,2.78,-0.42766932,3.2076693165302275
5121,ARKANSAS,2020,0.47,-0.25930423,0.7293042254447937
5123,ARKANSAS,2020,10.35,-4.008367,14.35836706161499
5125,ARKANSAS,2020,2.77,-0.019124847,2.78912484690547
5127,ARKANSAS,2020,-5.07,0.2131308,-5.283130801916123
5129,ARKANSAS,2020,-1.2,-1.0459452,-0.15405483245849605
5131,ARKANSAS,2020,2.15,-0.46930835,2.6193083465099334
5133,ARKANSAS,2020,2.66,1.5209861,1.1390139198303224
5135,ARKANSAS,2020,5.8,-0.8577375,6.6577374815940855
5137,ARKANSAS,2020,7.64,1.5841404,6.055859580039978
5139,ARKANSAS,2020,3.06,-0.44148535,3.501485345363617
5141,ARKANSAS,2020,6.88,0.10352201,6.776477989852428
5143,ARKANSAS,2020,2.75,0.4875817,2.2624182999134064
5145,ARKANSAS,2020,3.32,0.33628884,2.9837111604213713
5147,ARKANSAS,2020,0.44,2.414727,-1.974726972579956
5149,ARKANSAS,2020,-0.67,0.78923905,-1.4592390489578246
6001,CALIFORNIA,2020,0.01,-5.164808,5.174807796478271
6003,CALIFORNIA,2020,-2.76,-3.5985188,0.8385188484191897
6005,CALIFORNIA,2020,1.38,-2.3590026,3.7390025901794433
6007,CALIFORNIA,2020,1.77,3.9566302,-2.186630229949951
6009,CALIFORNIA,2020,3.07,-1.2046545,4.274654455184937
6011,CALIFORNIA,2020,3.19,2.700013,0.48998707771301264
6013,CALIFORNIA,2020,1.08,-4.5181875,5.598187522888184
6015,CALIFORNIA,2020,7.44,0.82672983,6.613270165920258
6017,CALIFORNIA,2020,2.21,-1.7701722,3.9801722383499145
6019,CALIFORNIA,2020,4.16,6.671686,-2.5116861724853514
6021,CALIFORNIA,2020,3.23,10.41782,-7.18781997680664
6023,CALIFORNIA,2020,4.74,-0.5851152,5.325115194320679
6025,CALIFORNIA,2020,4.55,3.8274078,0.7225921630859373
6027,CALIFORNIA,2020,1.75,-1.2958221,3.0458221435546875
6029,CALIFORNIA,2020,5.3,6.6265364,-1.3265363693237306
6031,CALIFORNIA,2020,5.14,1.6616964,3.4783035659790036
6033,CALIFORNIA,2020,4.02,-1.5233397,5.543339748382568
6035,CALIFORNIA,2020,2.7,0.86500084,1.8349991559982302
6037,CALIFORNIA,2020,2.72,1.6326648,1.0873352003097536
6039,CALIFORNIA,2020,4.61,1.1501139,3.4598860597610477
6041,CALIFORNIA,2020,-2.12,-6.028207,3.9082068252563475
6043,CALIFORNIA,2020,1.66,-2.801337,4.461337003707886
6045,CALIFORNIA,2020,3.42,-1.816025,5.2360250186920165
6047,CALIFORNIA,2020,3.41,1.107573,2.3024269676208498
6049,CALIFORNIA,2020,-2.81,-1.7484084,-1.0615915632247925
6051,CALIFORNIA,2020,4.93,-1.9342709,6.864270858764648
6053,CALIFORNIA,2020,3.21,3.916148,-0.7061479473114014
6055,CALIFORNIA,2020,1.38,-2.4866307,3.8666306781768798
6057,CALIFORNIA,2020,2.39,-2.212551,4.60255111694336
6059,CALIFORNIA,2020,2.14,-2.9469695,5.086969509124756
6061,CALIFORNIA,2020,2.43,-1.2683266,3.6983266401290895
6063,CALIFORNIA,2020,3.11,5.4350266,-2.3250266456604005
6065,CALIFORNIA,2020,4.06,0.30051327,3.7594867324829098
6067,CALIFORNIA,2020,4.33,-1.0815955,5.411595540046692
6069,CALIFORNIA,2020,1.93,-0.32576445,2.2557644474506375
6071,CALIFORNIA,2020,3.99,0.30910602,3.680893977880478
6073,CALIFORNIA,2020,3.36,-1.234106,4.594105944633483
6075,CALIFORNIA,2020,-6.6,-10.041038,3.4410375595092777
6077,CALIFORNIA,2020,3.36,0.22295988,3.137040123939514
6079,CALIFORNIA,2020,1.67,-0.6680324,2.33803240776062
6081,CALIFORNIA,2020,-5.22,-9.98204,4.762040405273438
6083,CALIFORNIA,2020,1.77,0.46978083,1.300219167470932
6085,CALIFORNIA,2020,-2.98,-7.4610753,4.48107530593872
6087,CALIFORNIA,2020,-0.47,-2.6291964,2.159196405410767
6089,CALIFORNIA,2020,4.18,2.430034,1.7499660778045651
6091,CALIFORNIA,2020,2.2,0.52776337,1.6722366333007814
6093,CALIFORNIA,2020,2.04,3.8436944,-1.8036944484710693
6095,CALIFORNIA,2020,2.27,-2.2238026,4.49380256652832
6097,CALIFORNIA,2020,0.22,-4.6111336,4.831133575439453
6099,CALIFORNIA,2020,4.77,1.4772121,3.2927879285812374
6101,CALIFORNIA,2020,5.29,2.135535,3.1544649982452393
6103,CALIFORNIA,2020,4.17,2.8345811,1.3354188632965087
6105,CALIFORNIA,2020,6.35,5.707945,0.6420551300048825
6107,CALIFORNIA,2020,4.82,4.878122,-0.058121852874755575
6109,CALIFORNIA,2020,1.34,-1.3127171,2.652717080116272
6111,CALIFORNIA,2020,2.24,-0.07404055,2.314040547013283
6113,CALIFORNIA,2020,1.42,-1.632003,3.0520029497146606
6115,CALIFORNIA,2020,4.99,0.8255163,4.164483716487885
8001,COLORADO,2020,3.06,-3.1601477,6.220147666931153
8003,COLORADO,2020,1.22,-0.32104498,1.5410449814796447
8005,COLORADO,2020,2.66,-3.0553815,5.715381536483765
8007,COLORADO,2020,0.49,2.5788195,-2.0888195133209226
8011,COLORADO,2020,0.0,2.3350084,-2.335008382797241
8013,COLORADO,2020,1.06,-2.3248107,3.3848107433319092
8014,COLORADO,2020,2.43,-2.7533286,5.183328561782837
8015,COLORADO,2020,2.82,-0.020381995,2.8403819945454596
8019,COLORADO,2020,4.13,-1.8834711,6.013471131324768
8021,COLORADO,2020,7.94,2.1877027,5.752297344207764
8025,COLORADO,2020,0.0,7.5760636,-7.576063632965088
8027,COLORADO,2020,9.9,3.4824538,6.417546176910401
8029,COLORADO,2020,3.41,-0.06153845,3.471538450419903
8031,COLORADO,2020,2.43,-2.867404,5.297403984069824
8035,COLORADO,2020,1.7,-2.5805583,4.280558300018311
8037,COLORADO,2020,3.52,-0.6447262,4.16472621679306
8039,COLORADO,2020,1.51,0.16689256,1.343107441663742
8041,COLORADO,2020,6.02,0.70217365,5.31782634973526
8043,COLORADO,2020,7.05,1.4283574,5.621642637252807
8045,COLORADO,2020,4.31,-0.15564314,4.465643135309219
8047,COLORADO,2020,1.98,-4.569384,6.549384098052979
8049,COLORADO,2020,3.52,1.3134081,2.206591863632202
8051,COLORADO,2020,3.24,0.35821277,2.8817872309684756
8053,COLORADO,2020,-1.82,-3.092873,1.2728730964660644
8055,COLORADO,2020,2.52,-2.679197,5.199197072982788
8057,COLORADO,2020,-14.95,-1.2035617,-13.746438336372375
8059,COLORADO,2020,3.0,-1.854585,4.85458505153656
8063,COLORADO,2020,5.6,3.2236948,2.3763051986694332
8065,COLORADO,2020,5.53,-0.56597733,6.0959773349761965
8067,COLORADO,2020,0.43,-1.653739,2.0837389755249025
8069,COLORADO,2020,1.65,-1.228692,2.878692054748535
8071,COLORADO,2020,3.11,0.8667793,2.2432206726074218
8073,COLORADO,2020,4.14,0.9363627,3.203637316226959
8075,COLORADO,2020,4.91,2.5259175,2.3840824699401857
8077,COLORADO,2020,4.59,1.4177504,3.172249641418457
8079,COLORADO,2020,25.57,8.402134,17.16786605834961
8081,COLORADO,2020,3.19,0.5935372,2.596462788581848
8083,COLORADO,2020,5.36,0.744876,4.6151239728927616
8085,COLORADO,2020,5.22,0.8884595,4.3315404963493345
8087,COLORADO,2020,1.4,0.47519866,0.924801343679428
8089,COLORADO,2020,10.0,5.8652277,4.134772300720215
8091,COLORADO,2020,3.03,-0.015142661,3.045142660588026
8093,COLORADO,2020,4.09,-0.507953,4.5979529881477355
8095,COLORADO,2020,5.64,2.384708,3.2552920722961423
8097,COLORADO,2020,6.15,-1.570137,7.720137023925782
8099,COLORADO,2020,5.93,1.7047096,4.225290350914001
8101,COLORADO,2020,7.16,2.0663557,5.09364429473877
8103,COLORADO,2020,1.27,3.0105217,-1.740521650314331
8105,COLORADO,2020,5.56,1.0679861,4.492013869285583
8107,COLORADO,2020,4.64,-1.0164214,5.6564214372634884
8109,COLORADO,2020,-0.81,-0.68380445,-0.12619554758071905
8111,COLORADO,2020,-3.91,-1.1417425,-2.768257532119751
8113,COLORADO,2020,2.49,-4.456931,6.946931114196778
8115,COLORADO,2020,1.51,-1.703006,3.213006029129028
8117,COLORADO,2020,1.78,-2.4538274,4.2338273811340335
8119,COLORADO,2020,4.45,-0.81252944,5.262529444694519
8121,COLORADO,2020,6.1,6.849414,-0.7494138717651371
8123,COLORADO,2020,2.34,-2.498137,4.8381369972229
8125,COLORADO,2020,3.24,4.4137,-1.1737001037597654
9001,CONNECTICUT,2020,2.36,-0.7905939,3.150593922138214
9003,CONNECTICUT,2020,2.93,0.63147676,2.2985232400894167
9005,CONNECTICUT,2020,5.23,1.2496711,3.980328898429871
9007,CONNECTICUT,2020,3.3,0.12454861,3.1754513934254645
9009,CONNECTICUT,2020,3.41,0.58678967,2.8232103323936464
9011,CONNECTICUT,2020,4.19,-0.89967936,5.089679362773896
9013,CONNECTICUT,2020,2.24,0.5107362,1.7292637729644778
9015,CONNECTICUT,2020,4.91,0.35020956,4.559790436029434
10001,DELAWARE,2020,5.02,-0.34067857,5.360678572654724
10003,DELAWARE,2020,3.38,0.8664128,2.5135871815681456
10005,DELAWARE,2020,2.52,1.5709575,0.9490424585342407
11001,DISTRICT OF COLUMBIA,2020,2.09,2.8354979,-0.7454978561401369
12001,FLORIDA,2020,5.23,1.2176985,4.012301545143128
12003,FLORIDA,2020,3.76,1.0808048,2.6791951751708982
12005,FLORIDA,2020,6.2,1.7926396,4.40736038684845
12007,FLORIDA,2020,3.3,-0.7724744,4.072474408149719
12009,FLORIDA,2020,5.65,-0.5146083,6.1646083235740665
12011,FLORIDA,2020,4.37,-0.056535207,4.426535206735134
12013,FLORIDA,2020,4.4,2.1315095,2.2684904575347904
12015,FLORIDA,2020,3.67,-0.8294056,4.499405605792999
12017,FLORIDA,2020,7.31,-0.29223737,7.602237371206283
12019,FLORIDA,2020,3.92,1.1131189,2.806881113052368
12021,FLORIDA,2020,3.93,0.83140206,3.098597936630249
12023,FLORIDA,2020,5.59,1.10515,4.484850015640259
12027,FLORIDA,2020,3.43,-0.82781625,4.257816247940063
12029,FLORIDA,2020,2.92,0.0020217225,2.917978277504444
12031,FLORIDA,2020,5.14,0.81120896,4.328791036605835
12033,FLORIDA,2020,6.76,2.1011348,4.658865222930908
12035,FLORIDA,2020,4.43,0.15811324,4.271886758804321
12037,FLORIDA,2020,6.65,1.2275782,5.422421836853028
12039,FLORIDA,2020,4.54,0.89562595,3.644374051094055
12041,FLORIDA,2020,4.66,1.5497967,3.1102032995224
12045,FLORIDA,2020,7.71,3.8352666,3.8747334098815918
12047,FLORIDA,2020,19.59,-1.12209,20.712089982032776
12049,FLORIDA,2020,5.88,-0.41676474,6.296764736175537
12051,FLORIDA,2020,6.09,1.3697116,4.720288362503052
12053,FLORIDA,2020,7.44,-0.3557888,7.795788797140122
12055,FLORIDA,2020,6.55,1.5011916,5.04880838394165
12057,FLORIDA,2020,5.53,0.85873187,4.671268134117127
12059,FLORIDA,2020,8.51,1.2717911,7.238208899497986
12061,FLORIDA,2020,5.63,-1.2600445,6.890044455528259
12063,FLORIDA,2020,6.95,0.18524739,6.764752608537674
12065,FLORIDA,2020,7.93,-0.24670753,8.176707528829574
12069,FLORIDA,2020,4.87,-0.98101807,5.85101806640625
12071,FLORIDA,2020,4.47,-1.0735977,5.54359766960144
12073,FLORIDA,2020,4.84,1.6352886,3.2047114038467406
12075,FLORIDA,2020,5.7,0.55024964,5.149750363826752
12077,FLORIDA,2020,1.23,-7.129064,8.359064083099366
12079,FLORIDA,2020,4.74,-0.42797348,5.167973479032517
12081,FLORIDA,2020,5.15,-0.20478913,5.354789131879807
12083,FLORIDA,2020,4.99,1.9695822,3.020417799949646
12085,FLORIDA,2020,4.08,-0.7085734,4.788573400974274
12086,FLORIDA,2020,4.16,0.90406466,3.255935344696045
12087,FLORIDA,2020,3.59,-0.25173464,3.8417346441745757
12089,FLORIDA,2020,5.12,2.3180077,2.801992292404175
12091,FLORIDA,2020,6.91,3.4914582,3.418541822433472
12093,FLORIDA,2020,7.58,0.9977316,6.582268373966217
12095,FLORIDA,2020,4.03,-0.41040644,4.440406440496445
12097,FLORIDA,2020,5.35,-0.16565931,5.515659308433532
12099,FLORIDA,2020,5.16,0.64155686,4.518443140983582
12101,FLORIDA,2020,5.93,-0.557348,6.487348012924194
12103,FLORIDA,2020,6.36,0.78669167,5.573308334350586
12105,FLORIDA,2020,7.19,0.991,6.1990000033378605
12107,FLORIDA,2020,8.17,0.9926364,7.1773636174201965
12109,FLORIDA,2020,4.23,1.8673277,2.3626723098754887
12111,FLORIDA,2020,5.16,-0.2509281,5.410928103923798
12113,FLORIDA,2020,5.23,1.9959391,3.234060864448548
12115,FLORIDA,2020,4.68,-0.3962697,5.076269708871841
12117,FLORIDA,2020,4.31,0.10404991,4.205950086414814
12119,FLORIDA,2020,3.17,0.3734409,2.796559108495712
12121,FLORIDA,2020,1.2,3.0197654,-1.8197653770446778
12123,FLORIDA,2020,6.21,0.75027555,5.459724447727203
12125,FLORIDA,2020,3.95,1.4214027,2.5285973072052004
12127,FLORIDA,2020,5.92,0.32412583,5.595874173641205
12129,FLORIDA,2020,6.14,1.8231171,4.3168828630447384
12131,FLORIDA,2020,5.84,0.19355169,5.646448310613632
12133,FLORIDA,2020,1.73,-0.75398475,2.483984749317169
13001,GEORGIA,2020,-4.01,-5.424078,1.4140779876708987
13005,GEORGIA,2020,1.45,-5.652381,7.10238094329834
13009,GEORGIA,2020,3.37,2.446498,0.9235020828247071
13011,GEORGIA,2020,2.7,3.9421387,-1.2421386718749998
13013,GEORGIA,2020,6.44,2.3521802,4.087819757461548
13015,GEORGIA,2020,4.68,1.2928158,3.3871841955184934
13017,GEORGIA,2020,4.92,6.230036,-1.3100357818603516
13019,GEORGIA,2020,6.18,-0.7381692,6.918169193267822
13021,GEORGIA,2020,4.44,1.089056,3.350943984985352
13023,GEORGIA,2020,7.8,2.3116536,5.48834638595581
13025,GEORGIA,2020,3.43,3.2136712,0.21632879257202164
13027,GEORGIA,2020,-0.02,-1.6631324,1.6431324291229248
13029,GEORGIA,2020,5.11,1.8880051,3.221994862556458
13031,GEORGIA,2020,4.15,1.0037776,3.1462223768234256
13033,GEORGIA,2020,3.62,1.6924592,1.927540774345398
13035,GEORGIA,2020,5.12,1.6342585,3.485741491317749
13039,GEORGIA,2020,3.44,2.6436665,0.7963334941864013
13043,GEORGIA,2020,-2.13,1.4292178,-3.55921781539917
13045,GEORGIA,2020,6.12,1.0388464,5.081153626441956
13047,GEORGIA,2020,5.33,2.70946,2.6205399799346925
13051,GEORGIA,2020,3.89,0.76794887,3.122051134109497
13055,GEORGIA,2020,5.0,-1.5040703,6.504070281982422
13057,GEORGIA,2020,4.7,1.3933575,3.306642484664917
13059,GEORGIA,2020,5.81,3.0298433,2.780156669616699
13063,GEORGIA,2020,6.34,-0.18228373,6.522283729314804
13067,GEORGIA,2020,4.93,1.4212686,3.5087314176559445
13069,GEORGIA,2020,1.84,1.16013,0.6798699760437013
13071,GEORGIA,2020,3.1,3.5445192,-0.44451918601989737
13073,GEORGIA,2020,5.89,1.7520447,4.137955322265625
13075,GEORGIA,2020,-1.85,0.54980654,-2.399806535243988
13077,GEORGIA,2020,3.28,-0.14073831,3.420738308429718
13079,GEORGIA,2020,3.32,1.3915672,1.9284327697753905
13081,GEORGIA,2020,8.53,3.4683204,5.06167963027954
13083,GEORGIA,2020,6.71,3.8194675,2.890532455444336
13085,GEORGIA,2020,3.78,2.8296223,0.950377731323242
13087,GEORGIA,2020,4.36,2.4876387,1.872361288070679
13089,GEORGIA,2020,2.55,-0.28428468,2.8342846810817717
13091,GEORGIA,2020,10.58,1.8820981,8.697901921272278
13093,GEORGIA,2020,11.18,-3.13095,14.310949974060058
13095,GEORGIA,2020,4.07,0.13013422,3.9398657751083377
13097,GEORGIA,2020,7.91,0.9455951,6.96440491437912
13099,GEORGIA,2020,-2.96,0.7834434,-3.7434433913230896
13103,GEORGIA,2020,3.73,1.6186389,2.111361126899719
13105,GEORGIA,2020,2.85,0.7986531,2.0513468742370606
13107,GEORGIA,2020,3.23,1.6625419,1.5674581336975097
13109,GEORGIA,2020,-3.68,-3.3260407,-0.353959255218506
13111,GEORGIA,2020,6.33,4.391369,1.9386311340332032
13113,GEORGIA,2020,3.36,-0.02084032,3.3808403207361697
13115,GEORGIA,2020,5.11,0.99911696,4.110883042812348
13117,GEORGIA,2020,3.65,1.0441127,2.6058873176574706
13119,GEORGIA,2020,5.14,0.18638843,4.953611567020416
13121,GEORGIA,2020,3.36,1.2750218,2.08497820854187
13123,GEORGIA,2020,6.62,7.015254,-0.39525402069091786
13127,GEORGIA,2020,5.89,1.1391194,4.750880613327026
13129,GEORGIA,2020,6.71,2.0696182,4.640381774902344
13131,GEORGIA,2020,6.2,2.2299693,3.970030736923218
13133,GEORGIA,2020,6.8,0.7851473,6.014852690696716
13135,GEORGIA,2020,4.46,0.69394577,3.7660542345046997
13137,GEORGIA,2020,4.66,3.2035983,1.4564017391204835
13139,GEORGIA,2020,5.15,2.4330595,2.716940546035767
13141,GEORGIA,2020,8.82,-0.2625777,9.082577712535858
13143,GEORGIA,2020,2.41,4.1383047,-1.7283047103881835
13145,GEORGIA,2020,4.58,2.0127366,2.5672634410858155
13147,GEORGIA,2020,4.59,1.9116986,2.678301420211792
13149,GEORGIA,2020,6.49,-0.08480488,6.574804877638817
13151,GEORGIA,2020,5.6,1.0203118,4.579688167572021
13153,GEORGIA,2020,4.9,1.6417074,3.2582925796508793
13155,GEORGIA,2020,1.57,1.949449,-0.3794489431381225
13157,GEORGIA,2020,4.42,1.6493357,2.770664258003235
13159,GEORGIA,2020,5.43,0.96673435,4.463265650272369
13161,GEORGIA,2020,4.9,-1.4900224,6.390022420883179
13163,GEORGIA,2020,6.7,-1.4282758,8.128275823593139
13165,GEORGIA,2020,-3.51,3.012274,-6.522274026870727
13169,GEORGIA,2020,3.88,2.4431903,1.436809663772583
13171,GEORGIA,2020,5.7,2.3467696,3.353230428695679
13175,GEORGIA,2020,0.5,0.2569348,0.24306520819664001
13177,GEORGIA,2020,5.12,1.6577657,3.462234253883362
13179,GEORGIA,2020,5.83,2.0849416,3.7450583744049073
13181,GEORGIA,2020,6.46,0.5835696,5.876430413722992
13185,GEORGIA,2020,2.93,1.0633421,1.8666579055786134
13187,GEORGIA,2020,4.65,2.7019763,1.9480237007141117
13189,GEORGIA,2020,5.54,1.1092929,4.4307071352005005
13191,GEORGIA,2020,0.57,-0.05375109,0.6237510886788368
13193,GEORGIA,2020,20.87,5.924184,14.945816154479981
13195,GEORGIA,2020,3.18,3.0547905,0.12520950317382828
13197,GEORGIA,2020,0.0,10.174527,-10.174527168273926
13199,GEORGIA,2020,2.05,-0.38320544,2.4332054436206816
13201,GEORGIA,2020,-3.17,-2.099095,-1.070904893875122
13205,GEORGIA,2020,-2.82,-0.17947681,-2.6405231875181197
13207,GEORGIA,2020,3.58,1.1214904,2.4585096406936646
13209,GEORGIA,2020,-4.42,-0.098936886,-4.321063114404678
13211,GEORGIA,2020,3.38,1.9174612,1.4625388431549071
13213,GEORGIA,2020,4.16,-0.07866781,4.238667812049389
13215,GEORGIA,2020,4.42,1.4925297,2.9274702501296996
13217,GEORGIA,2020,4.5,4.1932817,0.3067183494567871
13219,GEORGIA,2020,3.03,2.3678644,0.6621356296539305
13221,GEORGIA,2020,5.52,3.0329792,2.487020750045776
13223,GEORGIA,2020,5.81,2.1174037,3.6925962543487545
13225,GEORGIA,2020,1.96,2.6411064,-0.6811063671112061
13227,GEORGIA,2020,3.97,2.0518482,1.9181518268585207
13229,GEORGIA,2020,3.22,2.0885584,1.1314415645599367
13231,GEORGIA,2020,5.55,0.64425915,4.9057408452033995
13233,GEORGIA,2020,5.76,3.162978,2.597022066116333
13235,GEORGIA,2020,0.81,1.2192961,-0.4092960977554321
13237,GEORGIA,2020,5.02,4.0506134,0.9693865966796871
13241,GEORGIA,2020,8.28,2.3598466,5.9201534080505365
13245,GEORGIA,2020,6.27,3.0727081,3.197291870117187
13247,GEORGIA,2020,7.47,3.2043462,4.2656538200378415
13249,GEORGIA,2020,-0.21,2.6101713,-2.820171318054199
13251,GEORGIA,2020,13.44,3.1202884,10.319711627960205
13253,GEORGIA,2020,-6.21,-1.6779531,-4.532046875953674
13255,GEORGIA,2020,9.07,2.2729588,6.797041244506836
13257,GEORGIA,2020,5.58,0.68952525,4.890474753379822
13261,GEORGIA,2020,4.25,0.5763294,3.6736705899238586
13263,GEORGIA,2020,3.17,0.98850995,2.1814900469779968
13267,GEORGIA,2020,3.22,2.5195165,0.7004835319519045
13269,GEORGIA,2020,6.14,1.4550883,4.684911742210388
13273,GEORGIA,2020,-1.63,0.18112981,-1.8111298131942748
13275,GEORGIA,2020,3.3,0.79835504,2.501644957065582
13277,GEORGIA,2020,4.67,1.6682819,3.00171808719635
13279,GEORGIA,2020,1.5,1.2225167,0.27748334407806396
13281,GEORGIA,2020,1.44,1.9605111,-0.5205110883712769
13285,GEORGIA,2020,4.54,-0.2726935,4.812693514823914
13287,GEORGIA,2020,9.87,3.0977755,6.772224540710448
13289,GEORGIA,2020,0.0,7.4211855,-7.421185493469238
13291,GEORGIA,2020,5.79,2.8254862,2.964513816833496
13293,GEORGIA,2020,5.4,1.7278786,3.6721214294433597
13295,GEORGIA,2020,5.09,2.1838205,2.9061795139312743
13297,GEORGIA,2020,6.3,1.9656037,4.334396290779114
13299,GEORGIA,2020,1.08,1.3057133,-0.2257132959365844
13303,GEORGIA,2020,6.3,-2.021535,8.32153491973877
13305,GEORGIA,2020,3.54,1.0879768,2.452023186683655
13311,GEORGIA,2020,2.26,1.0428115,1.2171884870529173
13313,GEORGIA,2020,6.07,1.44202,4.627979941368103
13315,GEORGIA,2020,-1.58,-1.5035068,-0.07649322032928474
13317,GEORGIA,2020,20.81,2.077721,18.732278881072997
13319,GEORGIA,2020,0.32,-1.4248563,1.7448563051223756
13321,GEORGIA,2020,-0.94,0.11912141,-1.0591214099526405
15001,HAWAII,2020,3.32,-1.88774,5.207740015983582
15003,HAWAII,2020,-1.31,-4.52776,3.2177600288391113
15007,HAWAII,2020,2.83,-3.128759,5.958758907318115
15009,HAWAII,2020,1.37,-4.2330966,5.6030965995788575
16001,IDAHO,2020,9.04,3.7598016,5.280198373794555
16003,IDAHO,2020,13.25,4.8796735,8.370326519012451
16005,IDAHO,2020,8.56,4.9714007,3.5885992622375493
16007,IDAHO,2020,2.8,6.555879,-3.75587911605835
16009,IDAHO,2020,7.88,4.514903,3.3650969314575194
16011,IDAHO,2020,9.15,5.104527,4.0454730033874515
16013,IDAHO,2020,6.78,-0.071986645,6.851986645460129
16015,IDAHO,2020,9.55,3.9903178,5.559682178497315
16017,IDAHO,2020,10.18,3.5550692,6.624930791854858
16019,IDAHO,2020,10.28,7.6468763,2.6331236648559564
16021,IDAHO,2020,6.68,6.609963,0.07003705978393526
16023,IDAHO,2020,2.36,-5.1717267,7.531726703643798
16027,IDAHO,2020,11.18,5.0355816,6.1444184112548825
16029,IDAHO,2020,5.69,7.1297965,-1.4397965049743648
16031,IDAHO,2020,6.29,3.1087122,3.1812878036499024
16035,IDAHO,2020,5.21,6.2949495,-1.0849495315551758
16037,IDAHO,2020,9.14,2.442621,6.697379007339478
16039,IDAHO,2020,12.93,8.259886,4.6701142120361325
16041,IDAHO,2020,6.25,4.0706515,2.1793484687805176
16043,IDAHO,2020,11.2,3.8877683,7.312231731414794
16045,IDAHO,2020,13.2,3.9634304,9.236569595336913
16047,IDAHO,2020,7.23,6.2028713,1.0271286773681645
16049,IDAHO,2020,7.97,4.1440783,3.8259217453002927
16051,IDAHO,2020,7.89,7.366686,0.5233141326904294
16053,IDAHO,2020,7.67,3.2002964,4.469703598022461
16055,IDAHO,2020,9.54,4.572028,4.967971839904784
16057,IDAHO,2020,4.68,2.6284955,2.0515045452117917
16059,IDAHO,2020,7.56,2.8042483,4.755751667022705
16061,IDAHO,2020,1.9,-2.371878,4.271877908706665
16063,IDAHO,2020,16.45,-3.257552,19.70755190849304
16065,IDAHO,2020,7.34,5.5678215,1.772178497314453
16067,IDAHO,2020,4.5,3.7392573,0.7607426643371582
16069,IDAHO,2020,6.13,3.270361,2.8596390533447265
16071,IDAHO,2020,7.44,1.4347062,6.0052937889099125
16073,IDAHO,2020,10.84,2.4704,8.369599905014038
16075,IDAHO,2020,9.2,2.9644501,6.235549879074096
16077,IDAHO,2020,5.61,3.695429,1.9145709133148197
16079,IDAHO,2020,11.94,6.4748516,5.465148391723632
16081,IDAHO,2020,6.2,1.6151435,4.584856462478638
16083,IDAHO,2020,7.9,3.4262528,4.4737471580505375
16085,IDAHO,2020,6.17,4.2277055,1.942294521331787
16087,IDAHO,2020,9.86,8.580126,1.2798741912841791
17001,ILLINOIS,2020,2.54,-1.0505577,3.5905577325820923
17005,ILLINOIS,2020,5.11,-0.44985437,5.559854373931885
17007,ILLINOIS,2020,1.47,-1.4448713,2.9148713064193723
17009,ILLINOIS,2020,0.71,1.773563,-1.063563027381897
17011,ILLINOIS,2020,-2.09,-2.2826447,0.19264474868774428
17015,ILLINOIS,2020,4.03,0.68364847,3.3463515329360964
17017,ILLINOIS,2020,1.24,-1.1379757,2.3779756927490237
17019,ILLINOIS,2020,1.49,-0.87152255,2.3615225458145144
17021,ILLINOIS,2020,0.0,-1.6694151,1.6694151163101196
17023,ILLINOIS,2020,4.65,-0.8959,5.545900011062622
17025,ILLINOIS,2020,2.36,-1.3544382,3.7144381856918334
17027,ILLINOIS,2020,-0.21,-0.3048585,0.0948585057258606
17029,ILLINOIS,2020,1.19,-2.1768885,3.3668884658813476
17031,ILLINOIS,2020,0.85,1.6125766,-0.7625766038894654
17033,ILLINOIS,2020,-0.48,-1.5475377,1.0675376844406128
17035,ILLINOIS,2020,1.84,-0.010238558,1.8502385580539704
17037,ILLINOIS,2020,1.62,-0.73824614,2.3582461428642274
17039,ILLINOIS,2020,-0.26,-0.6109388,0.35093878746032714
17041,ILLINOIS,2020,1.4,0.41880152,0.9811984837055205
17043,ILLINOIS,2020,0.88,0.23217914,0.6478208649158478
17045,ILLINOIS,2020,2.61,-1.1848398,3.794839844703674
17047,ILLINOIS,2020,-1.65,-1.3322657,-0.3177342653274535
17049,ILLINOIS,2020,2.22,-1.7612699,3.9812699270248415
17051,ILLINOIS,2020,1.45,-1.5578958,3.0078957796096804
17053,ILLINOIS,2020,-0.91,-1.1352466,0.22524663448333737
17055,ILLINOIS,2020,-0.43,-1.6587471,1.2287470769882203
17057,ILLINOIS,2020,-2.24,-2.2040057,-0.03599428176879904
17059,ILLINOIS,2020,-0.99,0.29853368,-1.2885336780548096
17061,ILLINOIS,2020,0.77,-0.33249483,1.1024948251247406
17063,ILLINOIS,2020,2.59,-1.2637093,3.853709306716919
17065,ILLINOIS,2020,4.68,-1.3789933,6.058993272781372
17067,ILLINOIS,2020,2.02,-0.2098796,2.229879606962204
17071,ILLINOIS,2020,4.03,0.022087947,4.0079120534658434
17073,ILLINOIS,2020,0.83,-1.2303518,2.0603518056869508
17075,ILLINOIS,2020,4.89,1.6434227,3.2465772771835324
17077,ILLINOIS,2020,0.6,-0.95738935,1.5573893547058106
17079,ILLINOIS,2020,5.07,1.3038478,3.766152210235596
17081,ILLINOIS,2020,4.54,-1.8654171,6.405417122840881
17083,ILLINOIS,2020,1.03,-1.5999728,2.6299728441238406
17085,ILLINOIS,2020,1.17,-1.930058,3.1000580024719238
17087,ILLINOIS,2020,3.02,-0.2663529,3.286352891921997
17089,ILLINOIS,2020,1.08,-0.19536394,1.2753639388084412
17091,ILLINOIS,2020,2.64,-0.47920477,3.119204773902893
17093,ILLINOIS,2020,1.41,-0.9283157,2.3383156991004945
17095,ILLINOIS,2020,4.39,-0.81154734,5.201547338962555
17097,ILLINOIS,2020,0.39,0.24292913,0.14707086920738222
17099,ILLINOIS,2020,0.98,-1.1709878,2.150987844467163
17101,ILLINOIS,2020,0.34,-2.106609,2.4466091060638426
17103,ILLINOIS,2020,2.3,-0.59452957,2.894529569149017
17105,ILLINOIS,2020,0.79,-1.4999179,2.2899178647994995
17107,ILLINOIS,2020,1.78,0.0504167,1.729583299458027
17109,ILLINOIS,2020,1.74,-1.8605167,3.600516667366028
17111,ILLINOIS,2020,1.94,-0.06997377,2.0099737668037414
17113,ILLINOIS,2020,1.49,-0.42409062,1.9140906238555908
17115,ILLINOIS,2020,1.78,-1.6398469,3.4198469209671023
17117,ILLINOIS,2020,1.87,-1.0285286,2.8985285711288453
17119,ILLINOIS,2020,2.12,-0.2369959,2.356995905637741
17121,ILLINOIS,2020,3.9,-1.2592624,5.1592624425888065
17123,ILLINOIS,2020,0.17,-1.2909446,1.4609445762634277
17125,ILLINOIS,2020,-2.0,-2.8951516,0.8951516151428223
17127,ILLINOIS,2020,-4.19,-4.077983,-0.11201709747314492
17129,ILLINOIS,2020,0.28,-0.91290104,1.1929010438919068
17131,ILLINOIS,2020,1.66,-2.3692005,4.029200468063355
17133,ILLINOIS,2020,1.56,-0.12670514,1.686705139875412
17135,ILLINOIS,2020,2.25,-1.7237601,3.9737601280212402
17137,ILLINOIS,2020,1.17,-0.930842,2.1008419823646545
17139,ILLINOIS,2020,6.38,1.2582085,5.121791486740112
17141,ILLINOIS,2020,-0.33,-0.6712989,0.34129892110824583
17143,ILLINOIS,2020,2.1,-1.3261055,3.4261054754257203
17145,ILLINOIS,2020,-0.56,-1.9780651,1.4180651330947875
17147,ILLINOIS,2020,1.23,-0.6928858,1.9228858160972595
17149,ILLINOIS,2020,-0.06,-1.4042335,1.344233455657959
17155,ILLINOIS,2020,-5.11,-2.695922,-2.4140781021118167
17157,ILLINOIS,2020,3.4,-1.0167744,4.416774415969849
17159,ILLINOIS,2020,3.0,-0.8439443,3.8439443111419678
17161,ILLINOIS,2020,1.16,-0.9433184,2.1033184266090394
17163,ILLINOIS,2020,2.07,-0.7027964,2.772796399593353
17165,ILLINOIS,2020,4.9,-2.8408127,7.740812683105469
17167,ILLINOIS,2020,0.97,-1.4597434,2.4297433805465696
17169,ILLINOIS,2020,2.69,-2.6133382,5.303338232040405
17171,ILLINOIS,2020,2.62,1.4974556,1.122544403076172
17173,ILLINOIS,2020,4.07,-0.6971512,4.7671511840820315
17175,ILLINOIS,2020,3.1,1.3496692,1.7503307819366456
17177,ILLINOIS,2020,5.2,-0.4469736,5.646973592042923
17179,ILLINOIS,2020,2.34,-0.8379078,3.177907791137695
17181,ILLINOIS,2020,0.39,-0.36779657,0.7577965700626373
17183,ILLINOIS,2020,2.15,-1.526231,3.676231050491333
17185,ILLINOIS,2020,2.33,-2.465609,4.795609073638916
17187,ILLINOIS,2020,6.51,0.8125023,5.6974976754188535
17189,ILLINOIS,2020,5.04,1.09773,3.942269959449768
17191,ILLINOIS,2020,-3.56,-1.5878958,-1.9721042490005494
17193,ILLINOIS,2020,2.0,-0.41515952,2.415159523487091
17195,ILLINOIS,2020,3.83,-0.94105023,4.771050231456757
17197,ILLINOIS,2020,1.23,-0.17730957,1.4073095726966858
17199,ILLINOIS,2020,2.29,-1.5734913,3.863491334915161
17201,ILLINOIS,2020,1.84,-0.04416184,1.8841618412733079
17203,ILLINOIS,2020,2.64,-0.67427385,3.3142738485336305
18001,INDIANA,2020,1.53,-0.59092706,2.120927064418793
18003,INDIANA,2020,5.71,0.84773254,4.8622674560546875
18005,INDIANA,2020,4.17,-0.756244,4.9262440037727355
18007,INDIANA,2020,7.07,2.1485665,4.921433515548706
18009,INDIANA,2020,6.66,-0.02450059,6.6845005898177625
18011,INDIANA,2020,4.65,2.8725324,1.7774676322937015
18013,INDIANA,2020,3.19,-0.09376489,3.283764893710613
18015,INDIANA,2020,1.58,-0.8560419,2.4360419082641602
18017,INDIANA,2020,6.07,1.2053735,4.8646264743804934
18019,INDIANA,2020,4.82,-0.46561337,5.28561336517334
18021,INDIANA,2020,5.04,-0.38948953,5.429489531517029
18023,INDIANA,2020,8.45,1.1875818,7.2624182224273675
18025,INDIANA,2020,3.93,-0.8241413,4.7541413235664365
18027,INDIANA,2020,-2.26,1.8905268,-4.15052677154541
18029,INDIANA,2020,3.71,-0.3610937,4.071093699932098
18031,INDIANA,2020,6.3,0.09875942,6.201240579783916
18033,INDIANA,2020,4.31,-1.1057808,5.4157808399200436
18035,INDIANA,2020,3.87,-0.6771825,4.547182495594025
18037,INDIANA,2020,3.12,0.12954411,2.9904558908939363
18039,INDIANA,2020,4.41,-0.83227926,5.2422792649269105
18041,INDIANA,2020,5.91,-2.4948363,8.404836330413819
18043,INDIANA,2020,4.74,0.3668795,4.373120507001877
18045,INDIANA,2020,2.63,-0.20417532,2.8341753232479094
18047,INDIANA,2020,3.18,-0.029159587,3.209159586876631
18049,INDIANA,2020,4.67,-0.2083736,4.8783736062049865
18051,INDIANA,2020,3.04,0.2157391,2.8242608988285065
18053,INDIANA,2020,6.31,0.3011115,6.008888510465622
18055,INDIANA,2020,3.07,0.28321025,2.786789752244949
18057,INDIANA,2020,2.57,0.5894439,1.9805560779571532
18059,INDIANA,2020,3.51,0.07649373,3.4335062673687933
18061,INDIANA,2020,2.82,-0.9162106,3.73621059179306
18063,INDIANA,2020,4.5,0.73676,3.7632399797439575
18065,INDIANA,2020,2.3,0.83458227,1.4654177308082579
18067,INDIANA,2020,4.5,-1.0000203,5.500020265579224
18069,INDIANA,2020,4.27,-0.3932408,4.663240809440612
18071,INDIANA,2020,2.4,0.1288265,2.2711735010147094
18073,INDIANA,2020,2.94,-0.64287674,3.5828767442703247
18075,INDIANA,2020,2.93,-1.0961245,4.026124529838562
18077,INDIANA,2020,3.95,-0.66589564,4.615895640850067
18079,INDIANA,2020,4.93,0.06806678,4.8619332167506215
18081,INDIANA,2020,4.63,0.25581783,4.374182169437408
18083,INDIANA,2020,1.39,-0.75495726,2.144957258701324
18085,INDIANA,2020,3.01,-0.79795057,3.8079505658149717
18087,INDIANA,2020,2.22,-1.0476905,3.267690510749817
18089,INDIANA,2020,3.61,2.089785,1.5202149009704589
18091,INDIANA,2020,3.59,-1.1078575,4.697857465744018
18093,INDIANA,2020,5.84,0.2118563,5.628143694400787
18095,INDIANA,2020,4.81,1.5580361,3.251963911056518
18097,INDIANA,2020,5.19,0.1822212,5.007778795957566
18099,INDIANA,2020,3.55,-0.18723103,3.737231034040451
18101,INDIANA,2020,0.41,1.0974387,-0.6874386930465699
18103,INDIANA,2020,4.96,-0.4106605,5.3706605052948
18105,INDIANA,2020,3.5,0.8580726,2.641927421092987
18107,INDIANA,2020,3.78,1.0977551,2.682244925498962
18109,INDIANA,2020,4.5,-0.026169892,4.526169892400503
18111,INDIANA,2020,5.22,0.050554544,5.169445456266403
18113,INDIANA,2020,4.49,-1.0761635,5.566163530349732
18115,INDIANA,2020,2.52,-0.84557873,3.3655787301063538
18117,INDIANA,2020,2.74,-3.2658505,6.00585054397583
18119,INDIANA,2020,5.94,1.6021079,4.337892117500306
18121,INDIANA,2020,6.6,1.3050187,5.294981336593628
18123,INDIANA,2020,3.81,0.12844232,3.6815576827526093
18125,INDIANA,2020,1.57,1.3268502,0.24314982414245612
18127,INDIANA,2020,3.67,0.077381425,3.5926185753941535
18129,INDIANA,2020,3.92,1.1713482,2.748651785850525
18131,INDIANA,2020,5.4,1.4039056,3.996094369888306
18133,INDIANA,2020,5.44,0.75168437,4.688315632343293
18135,INDIANA,2020,2.89,-0.56769764,3.4576976442337037
18137,INDIANA,2020,3.82,0.4113693,3.4086307060718535
18139,INDIANA,2020,5.37,0.11021624,5.259783762395382
18141,INDIANA,2020,4.36,-0.16995421,4.529954210519791
18143,INDIANA,2020,3.48,-1.3294207,4.809420685768128
18145,INDIANA,2020,6.19,-0.5560884,6.746088387966156
18147,INDIANA,2020,5.64,0.38220042,5.257799580097198
18149,INDIANA,2020,3.65,-0.13552894,3.7855289369821548
18151,INDIANA,2020,3.87,-0.5621648,4.432164783477783
18153,INDIANA,2020,4.51,0.6288899,3.8811100816726682
18155,INDIANA,2020,-0.31,-1.0608714,0.7508713626861572
18157,INDIANA,2020,3.66,0.7262305,2.933769497871399
18159,INDIANA,2020,4.72,1.2262006,3.493799419403076
18161,INDIANA,2020,2.01,-1.6401163,3.6501163339614866
18163,INDIANA,2020,2.22,-0.5074065,2.7274064731597902
18165,INDIANA,2020,2.93,0.49846318,2.4315368163585664
18167,INDIANA,2020,3.36,-0.8248147,4.184814677238464
18169,INDIANA,2020,4.13,1.2852012,2.8447988080978392
18171,INDIANA,2020,5.01,1.3509998,3.6590001678466795
18173,INDIANA,2020,3.13,-0.09437491,3.2243749099969863
18175,INDIANA,2020,6.2,-0.7664908,6.9664908170700075
18177,INDIANA,2020,3.55,-0.68567187,4.235671865940094
18179,INDIANA,2020,2.87,-0.42522338,3.295223380327225
18181,INDIANA,2020,4.77,1.7214395,3.0485605192184444
18183,INDIANA,2020,2.59,-0.2687695,2.8587695026397704
19001,IOWA,2020,5.02,2.2051268,2.814873237609863
19003,IOWA,2020,-0.01,1.6160674,-1.6260674095153809
19005,IOWA,2020,3.6,0.6375136,2.9624864220619203
19007,IOWA,2020,3.02,0.6133821,2.40661789894104
19009,IOWA,2020,1.56,0.62510926,0.9348907446861268
19011,IOWA,2020,3.33,-0.09358783,3.4235878306627274
19013,IOWA,2020,1.25,-1.288727,2.538727045059204
19015,IOWA,2020,1.42,0.6456412,0.7743587923049926
19017,IOWA,2020,-0.48,0.9892799,-1.4692799258232117
19019,IOWA,2020,3.44,0.41421393,3.025786074399948
19021,IOWA,2020,2.35,2.0115676,0.3384324073791505
19023,IOWA,2020,-1.28,0.2418372,-1.521837203502655
19025,IOWA,2020,7.24,4.0491643,3.190835704803467
19027,IOWA,2020,1.79,1.1256872,0.6643127584457398
19029,IOWA,2020,2.67,1.9972655,0.6727345418930053
19031,IOWA,2020,0.4,0.9775433,-0.577543294429779
19033,IOWA,2020,2.17,-0.22622037,2.396220369338989
19035,IOWA,2020,0.78,0.6437863,0.13621368885040286
19037,IOWA,2020,-1.75,-0.10034153,-1.6496584713459015
19039,IOWA,2020,4.0,2.2395887,1.760411262512207
19041,IOWA,2020,0.59,0.5205636,0.0694363975524902
19043,IOWA,2020,3.04,0.19887358,2.8411264204978943
19045,IOWA,2020,2.41,-0.5665128,2.9765128231048585
19047,IOWA,2020,1.32,0.95478755,0.3652124476432801
19049,IOWA,2020,0.13,0.26982117,-0.1398211669921875
19051,IOWA,2020,2.69,1.6550031,1.0349969291687011
19053,IOWA,2020,8.95,3.0659392,5.884060811996459
19055,IOWA,2020,0.62,0.7115259,-0.09152591705322266
19057,IOWA,2020,0.47,-1.2906604,1.7606603813171386
19059,IOWA,2020,1.13,0.513254,0.6167460131645202
19061,IOWA,2020,1.83,-0.56207925,2.3920792508125306
19063,IOWA,2020,-0.32,0.4947826,-0.8147825968265534
19065,IOWA,2020,0.5,-0.099857606,0.5998576059937477
19067,IOWA,2020,5.19,0.53590727,4.6540927314758305
19069,IOWA,2020,4.0,-2.3378544,6.337854385375977
19071,IOWA,2020,-0.75,2.1368783,-2.886878252029419
19073,IOWA,2020,-1.87,0.8560302,-2.7260302257537843
19075,IOWA,2020,3.4,1.4063255,1.9936745405197143
19077,IOWA,2020,4.96,1.7195107,3.2404893255233764
19079,IOWA,2020,-1.2,0.06890137,-1.2689013674855232
19081,IOWA,2020,1.28,-0.28788245,1.5678824472427368
19083,IOWA,2020,2.2,0.8735374,1.3264625787734987
19085,IOWA,2020,3.63,2.5424347,1.0875653076171874
19087,IOWA,2020,2.94,-0.42170417,3.3617041730880737
19089,IOWA,2020,5.42,0.5630363,4.856963677406311
19091,IOWA,2020,-0.61,0.38385084,-0.9938508427143097
19093,IOWA,2020,2.47,0.83475244,1.6352475595474245
19095,IOWA,2020,2.84,0.7991456,2.040854420661926
19097,IOWA,2020,1.76,-0.9980388,2.758038828372955
19099,IOWA,2020,0.95,0.023763858,0.9262361422181129
19101,IOWA,2020,-1.5,-1.4968525,-0.0031474828720092773
19103,IOWA,2020,0.91,-0.8854535,1.795453522205353
19105,IOWA,2020,1.35,-0.38447917,1.7344791650772096
19107,IOWA,2020,-0.04,0.2445659,-0.2845659041404724
19109,IOWA,2020,1.66,1.570298,0.08970204353332512
19111,IOWA,2020,5.1,-0.47019312,5.570193117856979
19113,IOWA,2020,2.01,-0.24502209,2.2550220882892607
19115,IOWA,2020,-0.11,-0.5962132,0.4862132215499878
19117,IOWA,2020,1.7,0.7034188,0.996581208705902
19119,IOWA,2020,3.14,3.4994144,-0.35941444396972644
19121,IOWA,2020,-0.67,-1.0961736,0.4261736440658569
19123,IOWA,2020,1.82,-0.39655152,2.2165515196323398
19125,IOWA,2020,0.49,0.12707639,0.3629236125946045
19127,IOWA,2020,2.05,-0.9080465,2.95804648399353
19129,IOWA,2020,3.4,1.7659805,1.6340195178985595
19131,IOWA,2020,0.81,1.8204898,-1.010489764213562
19133,IOWA,2020,2.88,1.1110756,1.7689243602752684
19135,IOWA,2020,6.23,0.524447,5.70555297613144
19137,IOWA,2020,-3.16,0.82935697,-3.9893569684028627
19139,IOWA,2020,2.31,-1.1345139,3.444513854980469
19141,IOWA,2020,0.18,3.4232843,-3.243284292221069
19143,IOWA,2020,-10.12,2.4897993,-12.609799261093139
19145,IOWA,2020,4.7,1.8614053,2.838594746589661
19147,IOWA,2020,6.86,2.892931,3.96706901550293
19149,IOWA,2020,1.11,1.1050018,0.004998192787170508
19151,IOWA,2020,3.4,-1.4315784,4.831578397750855
19153,IOWA,2020,1.89,-1.1123774,3.0023774051666257
19155,IOWA,2020,4.71,1.1937925,3.516207537651062
19157,IOWA,2020,2.12,-0.24349654,2.3634965372085572
19159,IOWA,2020,8.13,2.3722243,5.757775669097901
19161,IOWA,2020,1.33,1.651898,-0.32189802646636956
19163,IOWA,2020,2.17,-0.7077693,2.877769274711609
19165,IOWA,2020,2.96,2.6322646,0.32773538589477536
19167,IOWA,2020,1.51,2.296857,-0.7868571186065674
19169,IOWA,2020,0.61,0.49856052,0.11143948197364806
19171,IOWA,2020,3.37,0.8623372,2.5076628279685975
19173,IOWA,2020,0.05,1.597759,-1.5477590084075927
19175,IOWA,2020,6.38,2.8986166,3.4813834476470946
19177,IOWA,2020,0.0,6.7424226,-6.742422580718994
19179,IOWA,2020,0.55,-0.9220779,1.4720778942108155
19181,IOWA,2020,0.52,-0.99951386,1.519513864517212
19183,IOWA,2020,0.63,0.1049506,0.5250494006276131
19185,IOWA,2020,-0.17,-2.3204794,2.150479393005371
19187,IOWA,2020,1.03,-0.55108595,1.5810859489440918
19189,IOWA,2020,2.61,0.30700973,2.3029902732372283
19191,IOWA,2020,1.55,-0.53068274,2.0806827425956724
19193,IOWA,2020,2.71,-0.3557001,3.0657001054286956
19195,IOWA,2020,2.78,1.6403853,1.1396147298812864
19197,IOWA,2020,2.06,1.0915434,0.968456563949585
20001,KANSAS,2020,0.55,0.12119634,0.428803662955761
20003,KANSAS,2020,-1.92,-2.128002,0.20800192832946784
20005,KANSAS,2020,2.78,0.8639052,1.916094808578491
20007,KANSAS,2020,-18.26,-1.886512,-16.373487958908083
20009,KANSAS,2020,0.71,-0.36008757,1.0700875735282898
20011,KANSAS,2020,-3.9,-0.23378485,-3.666215145587921
20013,KANSAS,2020,3.51,-1.3901795,4.9001795148849485
20015,KANSAS,2020,4.89,0.6281682,4.261831774711609
20021,KANSAS,2020,8.37,3.3839667,4.9860333156585686
20023,KANSAS,2020,-6.06,-1.6251885,-4.43481153011322
20027,KANSAS,2020,9.28,0.5849245,8.695075480937957
20029,KANSAS,2020,10.47,2.2194057,8.250594348907471
20031,KANSAS,2020,1.3,3.0894547,-1.7894546508789062
20035,KANSAS,2020,4.91,1.5333984,3.376601610183716
20037,KANSAS,2020,1.48,0.24025384,1.2397461640834808
20041,KANSAS,2020,4.12,2.1972437,1.9227563095092775
20043,KANSAS,2020,3.02,1.9570183,1.062981743812561
20045,KANSAS,2020,4.38,0.7059752,3.6740248250961303
20051,KANSAS,2020,3.24,1.651588,1.5884120368957522
20053,KANSAS,2020,7.34,3.9156563,3.424343671798706
20055,KANSAS,2020,2.76,1.269959,1.4900410270690916
20057,KANSAS,2020,3.47,2.3869774,1.083022565841675
20059,KANSAS,2020,2.83,1.4122087,1.4177913236618043
20061,KANSAS,2020,5.08,-0.22169754,5.30169753909111
20067,KANSAS,2020,0.44,0.8467155,-0.40671550989151
20069,KANSAS,2020,8.82,4.9466367,3.87336332321167
20077,KANSAS,2020,9.45,9.888311,-0.43831138610839915
20079,KANSAS,2020,1.62,-0.43535757,2.0553575706481935
20081,KANSAS,2020,8.29,4.620921,3.6690788650512687
20085,KANSAS,2020,2.8,0.12271718,2.6772828206419943
20087,KANSAS,2020,2.83,0.46567687,2.364323126077652
20091,KANSAS,2020,4.53,0.9525538,3.577446191310883
20093,KANSAS,2020,1.08,3.6458387,-2.565838737487793
20095,KANSAS,2020,7.91,1.9099884,6.000011596679688
20099,KANSAS,2020,10.44,5.3179455,5.12205451965332
20103,KANSAS,2020,4.32,0.73310745,3.5868925523757937
20107,KANSAS,2020,4.52,-0.8868151,5.406815071105957
20109,KANSAS,2020,-0.2,-0.45875496,0.2587549567222595
20111,KANSAS,2020,5.12,1.406078,3.713922019004822
20113,KANSAS,2020,1.11,0.0065433756,1.1034566244482995
20115,KANSAS,2020,4.21,1.2683023,2.941697678565979
20117,KANSAS,2020,-2.96,-1.556142,-1.4038580274581909
20119,KANSAS,2020,7.15,0.14424503,7.005754971504212
20121,KANSAS,2020,3.8,0.22957185,3.5704281508922575
20123,KANSAS,2020,-4.87,-0.6235342,-4.2464657974243165
20125,KANSAS,2020,1.67,-2.8512974,4.521297378540039
20127,KANSAS,2020,14.14,7.807131,6.332869186401368
20131,KANSAS,2020,1.39,2.269282,-0.879282102584839
20133,KANSAS,2020,4.75,1.1758623,3.5741376876831055
20139,KANSAS,2020,6.89,3.042351,3.847648992538452
20143,KANSAS,2020,6.7,-2.2215312,8.921531152725219
20145,KANSAS,2020,3.65,1.2598577,2.3901423454284667
20149,KANSAS,2020,0.03,0.0662952,-0.03629519909620285
20151,KANSAS,2020,3.04,1.1916219,1.8483781003952027
20155,KANSAS,2020,1.56,0.52166206,1.0383379435539246
20159,KANSAS,2020,7.15,3.9521332,3.197866821289063
20161,KANSAS,2020,2.53,0.5754091,1.9545908856391905
20163,KANSAS,2020,6.76,0.8679905,5.892009506225586
20165,KANSAS,2020,-6.6,-0.8097456,-5.790254390239715
20167,KANSAS,2020,8.1,2.651258,5.448742008209228
20169,KANSAS,2020,2.67,0.2631929,2.406807107925415
20171,KANSAS,2020,6.64,4.3721547,2.2678452873229977
20173,KANSAS,2020,5.55,1.0049355,4.545064496994018
20175,KANSAS,2020,0.7,0.7068412,-0.006841170787811324
20177,KANSAS,2020,4.47,0.7599981,3.7100019168853757
20181,KANSAS,2020,6.77,3.9229624,2.8470375728607173
20189,KANSAS,2020,2.15,2.0308013,0.11919870376586905
20191,KANSAS,2020,1.32,-0.9184365,2.2384365272521975
20193,KANSAS,2020,1.69,3.1057513,-1.4157512760162354
20195,KANSAS,2020,0.6,2.4471076,-1.8471075534820556
20197,KANSAS,2020,-4.7,1.3513865,-6.051386547088623
20203,KANSAS,2020,0.45,4.4951463,-4.04514627456665
20209,KANSAS,2020,7.9,1.0409615,6.859038496017456
21001,KENTUCKY,2020,1.9,0.22888991,1.6711100876331328
21003,KENTUCKY,2020,3.72,0.4332932,3.28670680642128
21005,KENTUCKY,2020,4.62,0.15376577,4.466234232187271
21007,KENTUCKY,2020,11.54,-0.9457746,12.485774614810943
21009,KENTUCKY,2020,3.47,-0.05725328,3.5272532787919046
21011,KENTUCKY,2020,5.11,0.6479019,4.462098107337952
21013,KENTUCKY,2020,2.35,2.9244258,-0.5744258403778075
21015,KENTUCKY,2020,4.03,1.342449,2.6875510501861575
21017,KENTUCKY,2020,3.45,0.30860835,3.14139164686203
21019,KENTUCKY,2020,1.84,-1.0586406,2.8986405992507933
21021,KENTUCKY,2020,5.47,0.2489385,5.221061499118805
21023,KENTUCKY,2020,3.33,0.55546737,2.774532632827759
21027,KENTUCKY,2020,1.15,-1.2472706,2.3972705841064452
21029,KENTUCKY,2020,4.24,0.3325744,3.9074256026744845
21031,KENTUCKY,2020,1.38,-2.43656,3.8165599155426024
21033,KENTUCKY,2020,0.81,1.2368419,-0.4268419170379638
21035,KENTUCKY,2020,2.93,-0.61993825,3.5499382543563844
21037,KENTUCKY,2020,4.27,0.76523477,3.504765231609344
21041,KENTUCKY,2020,6.34,0.59795934,5.742040660381317
21043,KENTUCKY,2020,0.01,0.17161006,-0.16161005735397338
21045,KENTUCKY,2020,-6.94,-1.1891792,-5.750820817947388
21047,KENTUCKY,2020,8.03,-0.3279995,8.357999502420425
21049,KENTUCKY,2020,5.61,-0.03000753,5.640007530003786
21051,KENTUCKY,2020,7.67,-4.42513,12.095129890441894
21053,KENTUCKY,2020,-0.9,-2.6977203,1.7977202892303468
21055,KENTUCKY,2020,11.72,6.232396,5.487603874206544
21057,KENTUCKY,2020,-0.14,1.5760638,-1.7160637521743776
21059,KENTUCKY,2020,4.73,0.93762857,3.79237143278122
21061,KENTUCKY,2020,-1.05,0.12795481,-1.1779548108577729
21065,KENTUCKY,2020,4.33,0.019614987,4.310385012924671
21067,KENTUCKY,2020,4.02,0.69983864,3.3201613616943355
21069,KENTUCKY,2020,9.73,2.3754163,7.354583721160889
21071,KENTUCKY,2020,5.36,-0.28027266,5.640272662639618
21073,KENTUCKY,2020,5.62,0.20111856,5.418881441354752
21075,KENTUCKY,2020,2.81,6.3117366,-3.5017365837097167
21077,KENTUCKY,2020,-0.44,-2.3809469,1.9409468746185303
21079,KENTUCKY,2020,3.44,1.6249518,1.8150481605529785
21081,KENTUCKY,2020,5.62,0.6328732,4.987126822471619
21083,KENTUCKY,2020,3.98,0.7448875,3.2351125288009643
21085,KENTUCKY,2020,3.49,-0.8995991,4.389599075317383
21087,KENTUCKY,2020,3.5,2.2888918,1.2111082077026367
21089,KENTUCKY,2020,3.31,-0.13895921,3.448959214091301
21091,KENTUCKY,2020,5.35,-2.0045238,7.354523754119873
21093,KENTUCKY,2020,2.9,-0.16440773,3.064407730102539
21095,KENTUCKY,2020,6.42,-0.22057566,6.640575660467148
21097,KENTUCKY,2020,5.36,-0.8803299,6.2403299069404605
21099,KENTUCKY,2020,12.08,2.5587788,9.521221237182617
21101,KENTUCKY,2020,4.75,0.23342744,4.516572564840317
21103,KENTUCKY,2020,3.31,-0.3998692,3.709869203567505
21105,KENTUCKY,2020,0.0,11.818446,-11.818446159362793
21107,KENTUCKY,2020,2.24,-0.65428865,2.894288649559021
21109,KENTUCKY,2020,-0.51,-1.2815044,0.7715043926239014
21111,KENTUCKY,2020,3.49,1.0281487,2.4618513488769533
21113,KENTUCKY,2020,3.17,-0.07948558,3.2494855803251266
21115,KENTUCKY,2020,3.91,0.47650287,3.433497134447098
21117,KENTUCKY,2020,4.92,1.9150072,3.00499276638031
21119,KENTUCKY,2020,-6.47,-4.296574,-2.173425884246826
21121,KENTUCKY,2020,1.95,1.0435653,0.9064347267150878
21123,KENTUCKY,2020,6.67,1.622236,5.047763986587524
21125,KENTUCKY,2020,5.01,0.2830414,4.726958612203598
21127,KENTUCKY,2020,-0.21,0.5250699,-0.7350698924064636
21133,KENTUCKY,2020,0.18,-0.74930507,0.9293050694465637
21137,KENTUCKY,2020,4.77,-0.092125095,4.862125095427036
21139,KENTUCKY,2020,8.11,1.4603682,6.649631843566894
21141,KENTUCKY,2020,5.66,0.8896819,4.770318124294281
21143,KENTUCKY,2020,9.14,2.6962147,6.44378532409668
21145,KENTUCKY,2020,3.25,-0.060127772,3.3101277723908424
21147,KENTUCKY,2020,3.49,-1.4103487,4.900348653793335
21149,KENTUCKY,2020,7.89,2.544139,5.345861091613769
21151,KENTUCKY,2020,4.4,-0.14770855,4.5477085500955585
21155,KENTUCKY,2020,0.06,-1.2960485,1.3560485219955445
21157,KENTUCKY,2020,3.16,0.37343022,2.786569777727127
21161,KENTUCKY,2020,2.45,-1.0335625,3.483562541007996
21163,KENTUCKY,2020,3.45,0.056648366,3.39335163384676
21167,KENTUCKY,2020,3.09,-0.85776377,3.9477637672424315
21169,KENTUCKY,2020,0.7,-0.48972976,1.1897297620773315
21171,KENTUCKY,2020,6.04,0.6570993,5.3829006934165955
21173,KENTUCKY,2020,4.95,-0.46933374,5.419333738088608
21175,KENTUCKY,2020,10.91,2.1985552,8.71144476890564
21177,KENTUCKY,2020,-1.3,-3.3757875,2.0757874965667726
21179,KENTUCKY,2020,3.59,-0.26063105,3.850631054639816
21181,KENTUCKY,2020,-0.65,-1.5926502,0.9426501750946045
21183,KENTUCKY,2020,1.96,0.46496806,1.4950319445133209
21185,KENTUCKY,2020,2.38,1.2800627,1.0999373245239257
21187,KENTUCKY,2020,2.0,-0.46131745,2.4613174498081207
21191,KENTUCKY,2020,2.15,-1.0459073,3.1959072589874267
21193,KENTUCKY,2020,2.86,0.69825757,2.161742434501648
21195,KENTUCKY,2020,4.05,-0.5787768,4.628776776790619
21197,KENTUCKY,2020,8.37,2.612146,5.757854099273681
21199,KENTUCKY,2020,5.99,-0.26987338,6.259873380661011
21203,KENTUCKY,2020,6.72,0.5759699,6.1440301251411436
21205,KENTUCKY,2020,7.01,1.3425698,5.6674301719665525
21207,KENTUCKY,2020,-0.07,0.29580733,-0.3658073318004608
21209,KENTUCKY,2020,2.12,-0.4182306,2.5382305932044984
21211,KENTUCKY,2020,3.03,1.0393947,1.9906052637100218
21213,KENTUCKY,2020,4.29,-0.30732307,4.597323068380356
21215,KENTUCKY,2020,5.35,0.34935328,5.000646716356277
21217,KENTUCKY,2020,1.83,0.34649244,1.483507560491562
21219,KENTUCKY,2020,-4.33,-3.6214473,-0.7085526752471925
21221,KENTUCKY,2020,3.55,0.8382415,2.711758482456207
21223,KENTUCKY,2020,3.17,-1.0137811,4.1837810707092284
21225,KENTUCKY,2020,2.32,-0.038195435,2.3581954349577425
21227,KENTUCKY,2020,1.21,-1.534457,2.744456968307495
21229,KENTUCKY,2020,2.12,-0.6537328,2.773732776641846
21231,KENTUCKY,2020,3.86,0.7932541,3.06674592256546
21233,KENTUCKY,2020,11.32,1.5960231,9.723976917266846
21235,KENTUCKY,2020,5.54,0.7792092,4.760790803432465
21239,KENTUCKY,2020,3.75,0.46024212,3.289757877588272
22001,LOUISIANA,2020,0.68,3.0170298,-2.3370297622680662
22003,LOUISIANA,2020,-0.29,3.0645344,-3.3545344257354737
22005,LOUISIANA,2020,2.33,-0.9090487,3.2390486764907838
22007,LOUISIANA,2020,4.21,-0.10752265,4.317522651553154
22009,LOUISIANA,2020,1.01,-0.91203284,1.9220328426361084
22011,LOUISIANA,2020,2.1,5.1491113,-3.049111270904541
22013,LOUISIANA,2020,10.18,3.9431877,6.236812286376953
22015,LOUISIANA,2020,2.39,-0.38635033,2.7763503336906434
22017,LOUISIANA,2020,3.35,-0.98838365,4.338383650779724
22019,LOUISIANA,2020,1.05,24.12694,-23.07693977355957
22021,LOUISIANA,2020,1.43,0.8106588,0.6193411874771118
22023,LOUISIANA,2020,1.8,3.599954,-1.7999538898468017
22025,LOUISIANA,2020,3.74,-0.11801657,3.8580165708065035
22027,LOUISIANA,2020,6.91,3.0552685,3.8547314739227296
22029,LOUISIANA,2020,5.17,0.39517963,4.774820370674133
22031,LOUISIANA,2020,0.87,-1.3277446,2.1977446031570436
22033,LOUISIANA,2020,1.32,0.080721624,1.2392783758044243
22037,LOUISIANA,2020,0.73,-0.094764024,0.8247640240192413
22039,LOUISIANA,2020,3.87,1.1481383,2.7218617153167726
22041,LOUISIANA,2020,1.07,-2.0152736,3.0852735710144046
22043,LOUISIANA,2020,0.55,-0.12388906,0.6738890588283539
22045,LOUISIANA,2020,1.44,0.34519917,1.0948008322715759
22047,LOUISIANA,2020,0.98,-1.2902817,2.270281653404236
22049,LOUISIANA,2020,0.25,1.0972534,-0.8472534418106079
22051,LOUISIANA,2020,3.67,1.048334,2.621665997505188
22053,LOUISIANA,2020,0.32,4.7489433,-4.428943328857422
22055,LOUISIANA,2020,1.89,2.4865322,-0.596532211303711
22057,LOUISIANA,2020,0.54,0.058373936,0.4816260644793511
22059,LOUISIANA,2020,5.59,0.77534527,4.814654734134674
22061,LOUISIANA,2020,0.12,-0.15115285,0.2711528491973877
22063,LOUISIANA,2020,2.4,-0.8911868,3.291186773777008
22065,LOUISIANA,2020,3.67,4.266461,-0.5964608955383301
22067,LOUISIANA,2020,-1.73,-3.2255564,1.4955563735961914
22069,LOUISIANA,2020,5.02,0.73080415,4.2891958546638485
22071,LOUISIANA,2020,2.45,1.1291734,1.3208266019821169
22073,LOUISIANA,2020,1.6,-0.8579138,2.4579137921333314
22075,LOUISIANA,2020,2.43,-0.24699709,2.6769970881938936
22077,LOUISIANA,2020,1.58,-0.98922455,2.5692245531082154
22079,LOUISIANA,2020,1.14,3.7868013,-2.646801338195801
22083,LOUISIANA,2020,1.56,-1.0883802,2.648380217552185
22085,LOUISIANA,2020,2.46,-0.52836615,2.9883661484718322
22087,LOUISIANA,2020,4.14,-0.45416957,4.594169571399688
22089,LOUISIANA,2020,3.23,-0.76912975,3.999129753112793
22091,LOUISIANA,2020,-6.2,-8.304395,2.104394721984863
22093,LOUISIANA,2020,2.77,-1.1653414,3.935341377258301
22095,LOUISIANA,2020,4.36,-0.71119136,5.071191356182099
22097,LOUISIANA,2020,2.87,-0.73881155,3.6088115525245668
22099,LOUISIANA,2020,3.07,-0.6611029,3.7311028909683226
22101,LOUISIANA,2020,3.46,-0.62660974,4.086609742641449
22103,LOUISIANA,2020,3.15,1.5265644,1.623435640335083
22105,LOUISIANA,2020,1.76,-0.4717833,2.231783310174942
22109,LOUISIANA,2020,2.18,-0.4534117,2.63341169834137
22111,LOUISIANA,2020,-0.31,0.13512236,-0.4451223587989807
22113,LOUISIANA,2020,0.42,2.499682,-2.0796819496154786
22115,LOUISIANA,2020,1.58,4.513992,-2.9339918327331542
22117,LOUISIANA,2020,4.65,0.12601525,4.523984754085541
22119,LOUISIANA,2020,-1.5,-2.2084665,0.7084665298461914
22121,LOUISIANA,2020,0.89,-0.46556178,1.3555617773532869
22123,LOUISIANA,2020,-3.17,-5.489031,2.3190308380126954
22125,LOUISIANA,2020,-0.42,-0.84669256,0.4266925621032715
22127,LOUISIANA,2020,-7.4,-2.9595306,-4.440469408035279
23001,MAINE,2020,5.63,2.8926215,2.7373784828186034
23003,MAINE,2020,4.4,2.220915,2.179084920883179
23005,MAINE,2020,4.94,2.3737757,2.566224279403687
23007,MAINE,2020,3.77,1.9735643,1.7964357328414917
23009,MAINE,2020,4.26,0.6409684,3.6190316176414488
23011,MAINE,2020,5.55,3.0297565,2.520243453979492
23013,MAINE,2020,6.66,0.58399945,6.076000545024872
23015,MAINE,2020,3.19,1.0056778,2.184322180747986
23017,MAINE,2020,6.07,1.6471187,4.422881312370301
23019,MAINE,2020,5.24,3.1758525,2.064147462844849
23021,MAINE,2020,3.88,1.3915266,2.4884734201431273
23023,MAINE,2020,5.59,2.144952,3.4450479412078856
23025,MAINE,2020,5.94,2.051313,3.888687076568604
23027,MAINE,2020,2.68,3.5033898,-0.8233898353576659
23029,MAINE,2020,4.59,2.3830473,2.206952657699585
23031,MAINE,2020,4.89,1.5640277,3.3259723329544064
24001,MARYLAND,2020,4.14,0.021793641,4.118206358850002
24003,MARYLAND,2020,3.32,0.14032283,3.1796771657466887
24005,MARYLAND,2020,2.66,0.9013768,1.7586232161521913
24009,MARYLAND,2020,3.26,1.9451011,1.3148988580703733
24011,MARYLAND,2020,6.18,1.2444248,4.935575180053711
24013,MARYLAND,2020,2.58,1.6522694,0.9277306365966798
24015,MARYLAND,2020,3.36,1.5798205,1.7801794862747191
24017,MARYLAND,2020,4.77,1.951002,2.8189979982376094
24019,MARYLAND,2020,1.39,1.3913809,-0.0013809061050416016
24021,MARYLAND,2020,2.52,0.71444285,1.8055571508407593
24023,MARYLAND,2020,3.17,1.6718557,1.4981443119049072
24025,MARYLAND,2020,3.26,0.9235452,2.3364548182487486
24027,MARYLAND,2020,1.62,0.63560075,0.9843992543220521
24029,MARYLAND,2020,4.17,1.0562485,3.1137514543533324
24031,MARYLAND,2020,1.39,2.092427,-0.7024270153045655
24033,MARYLAND,2020,4.8,-0.8506469,5.650646913051605
24035,MARYLAND,2020,2.39,0.6173396,1.7726603889465333
24037,MARYLAND,2020,2.65,1.962195,0.6878049612045287
24039,MARYLAND,2020,6.19,0.67964965,5.510350348949433
24041,MARYLAND,2020,2.33,0.27173886,2.0582611429691315
24043,MARYLAND,2020,3.47,0.6809382,2.789061815738678
24045,MARYLAND,2020,4.73,0.7426642,3.987335782051087
24047,MARYLAND,2020,3.16,1.4634185,1.6965815162658693
24510,MARYLAND,2020,2.62,1.2166271,1.4033728790283204
25001,MASSACHUSETTS,2020,3.69,0.9675785,2.7224215292930602
25003,MASSACHUSETTS,2020,3.87,-1.3616856,5.231685633659363
25005,MASSACHUSETTS,2020,3.77,1.3716545,2.398345489501953
25007,MASSACHUSETTS,2020,4.24,-0.30746183,4.547461827993393
25009,MASSACHUSETTS,2020,3.29,0.6348284,2.6551716113090515
25011,MASSACHUSETTS,2020,4.88,0.15154782,4.728452180624008
25013,MASSACHUSETTS,2020,4.79,2.0959258,2.694074192047119
25015,MASSACHUSETTS,2020,3.56,0.8729863,2.687013683319092
25017,MASSACHUSETTS,2020,2.25,-0.5816556,2.8316556215286255
25019,MASSACHUSETTS,2020,-5.55,-4.7503624,-0.7996376037597654
25021,MASSACHUSETTS,2020,2.74,-0.38188422,3.1218842172622683
25023,MASSACHUSETTS,2020,3.3,0.8142928,2.4857072114944456
25025,MASSACHUSETTS,2020,2.8,2.099275,0.7007248878479002
25027,MASSACHUSETTS,2020,4.26,1.3255128,2.934487233161926
26001,MICHIGAN,2020,4.24,0.52589065,3.7141093516349795
26003,MICHIGAN,2020,-1.66,-0.67069674,-0.9893032646179198
26005,MICHIGAN,2020,3.3,0.28176245,3.0182375490665434
26007,MICHIGAN,2020,3.02,0.07754085,2.9424591478705406
26009,MICHIGAN,2020,2.14,-0.56386375,2.703863754272461
26011,MICHIGAN,2020,3.67,-1.056902,4.726902050971985
26013,MICHIGAN,2020,0.13,-2.3106723,2.4406722831726073
26015,MICHIGAN,2020,4.74,-1.0433145,5.7833144569396975
26017,MICHIGAN,2020,3.99,-0.42200854,4.4120085442066195
26019,MICHIGAN,2020,4.31,-0.14676219,4.456762192249298
26021,MICHIGAN,2020,4.44,1.593792,2.8462080383300785
26023,MICHIGAN,2020,2.52,-1.7739965,4.293996472358703
26025,MICHIGAN,2020,4.06,-0.117050305,4.177050305008888
26027,MICHIGAN,2020,4.49,-0.71731615,5.207316150665283
26029,MICHIGAN,2020,3.03,-1.4888828,4.518882780075073
26031,MICHIGAN,2020,5.89,0.58276254,5.30723746061325
26033,MICHIGAN,2020,4.79,0.8183838,3.971616187095642
26035,MICHIGAN,2020,5.89,-0.08766072,5.97766072243452
26037,MICHIGAN,2020,4.13,0.89925,3.2307500290870665
26039,MICHIGAN,2020,5.47,0.5252063,4.944793672561645
26041,MICHIGAN,2020,2.42,-1.4927177,3.912717742919922
26043,MICHIGAN,2020,2.02,-1.561707,3.581707019805908
26045,MICHIGAN,2020,5.02,-0.753389,5.773389000892639
26047,MICHIGAN,2020,2.87,-0.24172398,3.1117239844799043
26049,MICHIGAN,2020,4.12,-0.14429757,4.264297569990158
26051,MICHIGAN,2020,3.15,-0.9257873,4.0757873296737674
26053,MICHIGAN,2020,-0.53,-1.7746226,1.2446225595474243
26055,MICHIGAN,2020,4.08,-0.1687328,4.248732807040215
26057,MICHIGAN,2020,3.67,0.26528016,3.404719842672348
26059,MICHIGAN,2020,5.91,-1.1209491,7.030949149131775
26061,MICHIGAN,2020,2.38,-0.23990598,2.61990598320961
26063,MICHIGAN,2020,2.51,-0.69558555,3.205585548877716
26065,MICHIGAN,2020,3.14,-0.44695923,3.5869592273235322
26067,MICHIGAN,2020,5.25,0.0945872,5.1554128006100655
26069,MICHIGAN,2020,2.45,1.2056433,1.24435670375824
26071,MICHIGAN,2020,-2.64,-3.318392,0.6783920383453368
26073,MICHIGAN,2020,3.46,-0.29647437,3.756474367380142
26075,MICHIGAN,2020,3.49,-0.47899386,3.9689938628673556
26077,MICHIGAN,2020,3.63,0.123825245,3.5061747553944587
26079,MICHIGAN,2020,1.93,-0.09107117,2.021071173548698
26081,MICHIGAN,2020,4.28,0.7605692,3.5194307851791384
26083,MICHIGAN,2020,4.66,-2.7631965,7.423196468353272
26085,MICHIGAN,2020,3.93,-0.5133534,4.443353407382965
26087,MICHIGAN,2020,3.62,-0.51048464,4.130484635829926
26089,MICHIGAN,2020,4.5,-0.4391149,4.939114898443222
26091,MICHIGAN,2020,2.93,-0.37824935,3.3082493472099306
26093,MICHIGAN,2020,2.31,-0.39684218,2.7068421816825867
26095,MICHIGAN,2020,0.15,1.1673586,-1.0173586368560792
26097,MICHIGAN,2020,1.81,-2.2122707,4.022270736694336
26099,MICHIGAN,2020,3.57,1.7977265,1.7722734880447386
26101,MICHIGAN,2020,3.99,2.2069314,1.7830686473846438
26103,MICHIGAN,2020,2.29,-0.204516,2.4945159935951233
26105,MICHIGAN,2020,4.04,-0.36087406,4.400874056816101
26107,MICHIGAN,2020,3.37,0.6325243,2.737475688457489
26109,MICHIGAN,2020,2.06,1.0411642,1.0188358402252198
26111,MICHIGAN,2020,3.13,-0.19701734,3.327017341852188
26113,MICHIGAN,2020,0.86,0.22326812,0.6367318785190582
26115,MICHIGAN,2020,3.18,0.1831711,2.9968289065361025
26117,MICHIGAN,2020,4.24,0.16414252,4.075857480764389
26119,MICHIGAN,2020,5.32,0.41833118,4.9016688239574435
26121,MICHIGAN,2020,5.15,1.2196164,3.9303835868835453
26123,MICHIGAN,2020,3.8,0.24653265,3.5534673511981962
26125,MICHIGAN,2020,2.68,0.7613389,1.9186611104011537
26127,MICHIGAN,2020,3.41,1.4970492,1.9129507875442506
26129,MICHIGAN,2020,4.82,0.34662482,4.473375178575516
26131,MICHIGAN,2020,-4.46,-2.397093,-2.0629069423675537
26133,MICHIGAN,2020,5.13,0.0126532465,5.11734675347805
26135,MICHIGAN,2020,10.65,-1.3860441,12.036044144630432
26137,MICHIGAN,2020,3.2,-1.4272454,4.627245378494263
26139,MICHIGAN,2020,3.83,-0.41864106,4.248641060590744
26141,MICHIGAN,2020,3.47,0.84378326,2.6262167406082155
26143,MICHIGAN,2020,5.88,2.6206067,3.2593933391571044
26145,MICHIGAN,2020,2.8,0.6056305,2.1943694829940794
26147,MICHIGAN,2020,3.25,0.26783755,2.982162445783615
26149,MICHIGAN,2020,3.41,-1.5223057,4.932305727005005
26151,MICHIGAN,2020,3.28,-1.3375993,4.617599277496337
26153,MICHIGAN,2020,2.43,-3.2276144,5.657614402770996
26155,MICHIGAN,2020,3.55,-0.81144035,4.361440348625183
26157,MICHIGAN,2020,1.4,-1.1166421,2.516642117500305
26159,MICHIGAN,2020,3.58,0.7746224,2.80537761926651
26161,MICHIGAN,2020,1.45,-0.5936661,2.0436660766601564
26163,MICHIGAN,2020,3.72,0.20921284,3.510787160396576
26165,MICHIGAN,2020,4.21,-0.977651,5.187651000022888
27001,MINNESOTA,2020,3.37,2.4643195,0.9056805324554444
27003,MINNESOTA,2020,3.24,0.08262063,3.1573793718218806
27005,MINNESOTA,2020,0.7,0.10039098,0.5996090218424797
27007,MINNESOTA,2020,1.71,1.1589099,0.5510900831222534
27009,MINNESOTA,2020,3.54,-0.7296558,4.2696558022499085
27011,MINNESOTA,2020,0.2,1.5003897,-1.3003896951675415
27013,MINNESOTA,2020,1.98,-1.3560994,3.3360993671417236
27015,MINNESOTA,2020,1.15,0.12839815,1.0216018497943877
27017,MINNESOTA,2020,3.02,-0.5391082,3.5591082167625427
27019,MINNESOTA,2020,2.25,-0.8259806,3.0759806036949158
27021,MINNESOTA,2020,2.7,-0.066826135,2.7668261349201204
27023,MINNESOTA,2020,0.99,0.067292325,0.9227076748013496
27025,MINNESOTA,2020,4.09,-0.2985177,4.38851770401001
27027,MINNESOTA,2020,0.71,-0.5805941,1.2905941224098205
27029,MINNESOTA,2020,1.7,1.1369777,0.5630223274230957
27031,MINNESOTA,2020,4.22,-1.3567307,5.576730699539184
27033,MINNESOTA,2020,2.45,0.87931174,1.5706882596015932
27035,MINNESOTA,2020,1.64,0.55900604,1.0809939646720885
27037,MINNESOTA,2020,2.91,-0.075447224,2.9854472240805627
27039,MINNESOTA,2020,3.23,0.036248557,3.1937514427304268
27041,MINNESOTA,2020,1.77,-0.4939023,2.2639022958278656
27043,MINNESOTA,2020,-1.85,-0.60339224,-1.2466077566146851
27045,MINNESOTA,2020,6.0,1.3845068,4.615493178367615
27047,MINNESOTA,2020,2.39,-0.39521214,2.785212143659592
27049,MINNESOTA,2020,1.88,-0.7729951,2.652995114326477
27051,MINNESOTA,2020,5.24,0.95466274,4.28533725976944
27053,MINNESOTA,2020,2.89,-0.42341995,3.3134199523925782
27055,MINNESOTA,2020,2.57,0.46366772,2.1063322794437407
27057,MINNESOTA,2020,2.18,2.0714061,0.10859387397766129
27059,MINNESOTA,2020,2.94,1.002823,1.937177004814148
27061,MINNESOTA,2020,3.47,1.2773156,2.192684383392334
27063,MINNESOTA,2020,2.38,-0.22828734,2.60828733921051
27065,MINNESOTA,2020,4.87,1.7911648,3.078835244178772
27067,MINNESOTA,2020,1.91,0.07601074,1.8339892587065696
27069,MINNESOTA,2020,4.05,1.5733701,2.476629900932312
27071,MINNESOTA,2020,0.16,1.9781483,-1.8181483411788941
27073,MINNESOTA,2020,7.63,1.7078481,5.922151927947998
27075,MINNESOTA,2020,-0.66,1.6500226,-2.310022625923157
27077,MINNESOTA,2020,3.2,0.85627455,2.3437254548072817
27079,MINNESOTA,2020,1.45,-1.0653698,2.5153698444366457
27081,MINNESOTA,2020,3.85,1.4735477,2.3764523029327393
27083,MINNESOTA,2020,2.95,0.027079843,2.922920157015324
27085,MINNESOTA,2020,3.21,-0.07644584,3.2864458402991295
27087,MINNESOTA,2020,0.93,-3.6115441,4.541544132232666
27089,MINNESOTA,2020,4.03,0.3486742,3.6813257920742037
27091,MINNESOTA,2020,3.49,-0.7283525,4.21835248708725
27093,MINNESOTA,2020,3.9,0.85900944,3.0409905552864074
27095,MINNESOTA,2020,1.39,2.4782305,-1.0882304763793946
27097,MINNESOTA,2020,3.19,1.7568275,1.433172526359558
27099,MINNESOTA,2020,2.93,-0.7776928,3.707692794799805
27101,MINNESOTA,2020,-2.47,-0.13054019,-2.3394598078727724
27103,MINNESOTA,2020,0.85,-0.4960054,1.3460053861141206
27105,MINNESOTA,2020,-1.02,0.42252085,-1.4425208461284638
27107,MINNESOTA,2020,-2.5,1.1315545,-3.6315544843673706
27109,MINNESOTA,2020,3.28,-0.65488255,3.934882550239563
27111,MINNESOTA,2020,1.64,0.77739507,0.8626049304008483
27113,MINNESOTA,2020,3.69,0.17329788,3.516702117919922
27115,MINNESOTA,2020,6.07,1.984733,4.085267014503479
27117,MINNESOTA,2020,3.7,1.2388273,2.461172652244568
27119,MINNESOTA,2020,0.8,-0.97887105,1.7788710474967957
27121,MINNESOTA,2020,1.87,0.536149,1.3338509750366212
27123,MINNESOTA,2020,3.48,-0.23189056,3.711890559196472
27125,MINNESOTA,2020,3.88,1.3063172,2.573682789802551
27127,MINNESOTA,2020,5.75,1.4707372,4.2792627811431885
27129,MINNESOTA,2020,-0.66,0.85830456,-1.518304560184479
27131,MINNESOTA,2020,2.68,-0.40026322,3.0802632200717928
27133,MINNESOTA,2020,1.93,1.699662,0.23033802986145013
27135,MINNESOTA,2020,0.42,0.8494301,-0.42943008422851564
27137,MINNESOTA,2020,2.52,1.0237263,1.4962736558914185
27139,MINNESOTA,2020,2.83,-0.6135485,3.443548517227173
27141,MINNESOTA,2020,3.49,-0.0076444745,3.4976444745063784
27143,MINNESOTA,2020,4.53,1.814047,2.7159530210494998
27145,MINNESOTA,2020,2.37,-0.9114557,3.2814556908607484
27147,MINNESOTA,2020,3.46,-0.46064317,3.920643172264099
27149,MINNESOTA,2020,3.21,2.3756106,0.8343894100189209
27151,MINNESOTA,2020,4.19,0.53830284,3.6516971611976627
27153,MINNESOTA,2020,5.47,1.8641813,3.6058187198638914
27155,MINNESOTA,2020,6.44,1.8306229,4.609377088546753
27157,MINNESOTA,2020,4.48,-0.68795824,5.167958240509034
27159,MINNESOTA,2020,1.61,1.8230921,-0.21309210300445547
27161,MINNESOTA,2020,-0.88,-1.0977818,0.21778177738189697
27163,MINNESOTA,2020,2.74,-0.23649973,2.9764997267723086
27165,MINNESOTA,2020,-0.97,0.1665987,-1.1365987074375152
27167,MINNESOTA,2020,-1.69,-2.8250225,1.1350224590301514
27169,MINNESOTA,2020,1.71,0.21669227,1.4933077311515808
27171,MINNESOTA,2020,2.73,-0.66530627,3.395306270122528
27173,MINNESOTA,2020,3.73,-0.23867154,3.9686715412139892
28001,MISSISSIPPI,2020,3.38,-2.2509458,5.630945806503296
28003,MISSISSIPPI,2020,1.64,-0.7131572,2.3531571769714352
28005,MISSISSIPPI,2020,2.32,-0.6785647,2.998564727306366
28007,MISSISSIPPI,2020,0.51,-0.49796432,1.007964322566986
28009,MISSISSIPPI,2020,-8.08,0.3048035,-8.384803490638733
28011,MISSISSIPPI,2020,2.54,-0.92283773,3.462837734222412
28013,MISSISSIPPI,2020,-3.79,-2.5441432,-1.2458568000793457
28015,MISSISSIPPI,2020,-0.05,-0.14473206,0.09473205804824829
28017,MISSISSIPPI,2020,3.92,-5.8755097,9.795509738922119
28023,MISSISSIPPI,2020,-2.03,-0.8889933,-1.1410066771507261
28025,MISSISSIPPI,2020,4.81,-4.3343105,9.14431053161621
28027,MISSISSIPPI,2020,-1.47,-5.578137,4.108136920928955
28029,MISSISSIPPI,2020,-1.05,-0.90409887,-0.1459011316299439
28031,MISSISSIPPI,2020,3.46,-0.11176762,3.5717676198482513
28033,MISSISSIPPI,2020,3.58,-0.48690686,4.066906856298447
28035,MISSISSIPPI,2020,4.49,-0.7114807,5.201480677127838
28037,MISSISSIPPI,2020,14.3,2.0202253,12.279774713516236
28039,MISSISSIPPI,2020,7.93,1.6075819,6.322418146133423
28041,MISSISSIPPI,2020,-3.2,-8.37012,5.170120048522949
28043,MISSISSIPPI,2020,2.36,-0.846155,3.206154987812042
28045,MISSISSIPPI,2020,2.28,2.5332808,-0.2532808494567873
28047,MISSISSIPPI,2020,3.43,-0.120486975,3.5504869747161867
28049,MISSISSIPPI,2020,2.11,-1.8078218,3.917821750640869
28057,MISSISSIPPI,2020,3.96,-0.39928937,4.35928936958313
28059,MISSISSIPPI,2020,4.36,1.1856058,3.1743942356109622
28061,MISSISSIPPI,2020,-8.23,-2.4125276,-5.817472438812256
28067,MISSISSIPPI,2020,4.97,0.3892384,4.580761612653732
28071,MISSISSIPPI,2020,1.35,-1.4518665,2.8018665075302125
28073,MISSISSIPPI,2020,1.58,-0.48550317,2.0655031669139863
28075,MISSISSIPPI,2020,1.12,-2.3166175,3.436617488861084
28077,MISSISSIPPI,2020,-1.2,-4.806786,3.6067860603332518
28079,MISSISSIPPI,2020,-0.49,-1.6546366,1.1646366214752197
28081,MISSISSIPPI,2020,3.91,-1.4159577,5.3259576892852785
28083,MISSISSIPPI,2020,5.34,1.1353933,4.204606738090515
28085,MISSISSIPPI,2020,2.26,-0.62531155,2.8853115534782408
28087,MISSISSIPPI,2020,2.33,-1.4667647,3.7967646884918214
28089,MISSISSIPPI,2020,-0.1,-1.5866476,1.486647629737854
28091,MISSISSIPPI,2020,1.22,-1.3385862,2.5585862112045286
28093,MISSISSIPPI,2020,2.52,1.2432003,1.2767996978759766
28095,MISSISSIPPI,2020,6.76,-0.644902,7.404901990890503
28097,MISSISSIPPI,2020,4.14,-1.3185415,5.458541526794433
28099,MISSISSIPPI,2020,-2.45,-4.443858,1.9938581466674803
28101,MISSISSIPPI,2020,0.8,-1.7041034,2.504103350639343
28105,MISSISSIPPI,2020,1.46,-1.2410696,2.7010695552825927
28107,MISSISSIPPI,2020,2.13,-0.010953277,2.140953277349472
28109,MISSISSIPPI,2020,3.59,0.4684306,3.121569391489029
28111,MISSISSIPPI,2020,-4.26,-4.628026,0.36802600860595724
28113,MISSISSIPPI,2020,3.59,-0.4635578,4.053557809591293
28115,MISSISSIPPI,2020,0.65,-1.6668899,2.3168899059295653
28117,MISSISSIPPI,2020,4.17,0.42848244,3.7415175569057464
28121,MISSISSIPPI,2020,1.46,-0.6864689,2.1464688992500305
28123,MISSISSIPPI,2020,-1.07,-2.6370945,1.567094497680664
28127,MISSISSIPPI,2020,2.26,-0.34485918,2.604859182834625
28129,MISSISSIPPI,2020,-0.59,-3.7057023,3.115702304840088
28131,MISSISSIPPI,2020,3.18,1.0880833,2.091916732788086
28133,MISSISSIPPI,2020,4.48,-1.0982153,5.578215341567994
28137,MISSISSIPPI,2020,3.09,0.09471617,2.9952838310599326
28139,MISSISSIPPI,2020,5.55,0.67812634,4.871873664855957
28141,MISSISSIPPI,2020,4.31,2.1940536,2.115946350097656
28145,MISSISSIPPI,2020,2.5,-1.327098,3.82709801197052
28147,MISSISSIPPI,2020,-0.71,-4.14257,3.4325700187683106
28149,MISSISSIPPI,2020,2.15,-1.4364969,3.58649685382843
28151,MISSISSIPPI,2020,3.74,-1.650461,5.390460958480835
28153,MISSISSIPPI,2020,-0.67,-2.5799112,1.909911231994629
28155,MISSISSIPPI,2020,1.29,-1.1603398,2.4503398323059082
28159,MISSISSIPPI,2020,-2.97,-0.25708652,-2.7129134845733645
28161,MISSISSIPPI,2020,-4.68,-3.348555,-1.3314449119567868
28163,MISSISSIPPI,2020,2.91,-2.085124,4.995124015808106
29001,MISSOURI,2020,0.47,0.27435103,0.19564896941184995
29003,MISSOURI,2020,6.5,1.8814809,4.618519067764282
29005,MISSOURI,2020,3.0,1.7998482,1.200151801109314
29007,MISSOURI,2020,1.0,0.3310693,0.66893070936203
29009,MISSOURI,2020,-0.07,-1.2694247,1.1994246768951415
29011,MISSOURI,2020,5.71,0.03301906,5.676980941593647
29013,MISSOURI,2020,4.41,1.8239399,2.5860600805282594
29015,MISSOURI,2020,4.96,-0.18812028,5.148120275735855
29017,MISSOURI,2020,1.66,0.29699713,1.3630028700828551
29019,MISSOURI,2020,3.25,1.3207462,1.9292538166046143
29021,MISSOURI,2020,4.08,0.28275836,3.797241644859314
29023,MISSOURI,2020,3.76,0.33741915,3.422580847740173
29025,MISSOURI,2020,3.14,-0.7416211,3.8816210770606996
29027,MISSOURI,2020,1.94,0.184419,1.7555809938907623
29029,MISSOURI,2020,5.0,1.0783573,3.9216426610946655
29031,MISSOURI,2020,3.21,-0.65907276,3.869072756767273
29033,MISSOURI,2020,4.28,-3.686115,7.966115026473999
29037,MISSOURI,2020,4.29,0.52228236,3.767717638015747
29039,MISSOURI,2020,3.03,2.3157187,0.7142813491821287
29041,MISSOURI,2020,20.79,12.050948,8.739051856994628
29043,MISSOURI,2020,3.15,0.36232337,2.787676626443863
29047,MISSOURI,2020,5.3,0.54320675,4.756793248653412
29049,MISSOURI,2020,3.47,-0.035457663,3.5054576632380487
29051,MISSOURI,2020,2.06,0.1418652,1.9181348061561585
29053,MISSOURI,2020,3.21,1.3041025,1.9058974599838256
29055,MISSOURI,2020,4.51,-0.1956257,4.705625692605972
29057,MISSOURI,2020,0.13,-2.2576916,2.3876916217803954
29059,MISSOURI,2020,2.56,-1.2208834,3.780883369445801
29061,MISSOURI,2020,8.3,4.3494053,3.9505947113037116
29063,MISSOURI,2020,1.1,0.6817668,0.4182331919670106
29065,MISSOURI,2020,-0.38,0.29452267,-0.6745226728916168
29067,MISSOURI,2020,2.1,-1.2237626,3.323762631416321
29069,MISSOURI,2020,1.86,0.6245456,1.2354544258117677
29071,MISSOURI,2020,2.66,-0.25526807,2.915268067121506
29073,MISSOURI,2020,2.34,-1.1399583,3.4799582624435423
29075,MISSOURI,2020,16.53,2.384108,14.145891933441163
29077,MISSOURI,2020,5.02,2.480017,2.539983053207397
29079,MISSOURI,2020,-0.69,-0.2761876,-0.4138124012947082
29081,MISSOURI,2020,5.32,2.7879243,2.532075710296631
29083,MISSOURI,2020,4.34,0.19425496,4.145745035409927
29085,MISSOURI,2020,3.9,-3.069881,6.9698809623718265
29087,MISSOURI,2020,11.71,4.914273,6.795727214813233
29089,MISSOURI,2020,-0.46,0.098806776,-0.5588067761063575
29091,MISSOURI,2020,6.82,0.48221388,6.337786115407944
29093,MISSOURI,2020,-10.35,-5.518297,-4.831702804565429
29095,MISSOURI,2020,6.0,1.2915666,4.708433389663696
29097,MISSOURI,2020,4.16,-0.19806464,4.3580646401643754
29099,MISSOURI,2020,2.91,2.320313,0.5896870231628419
29101,MISSOURI,2020,2.56,1.9041419,0.6558580970764161
29105,MISSOURI,2020,3.01,-2.3937445,5.403744468688965
29107,MISSOURI,2020,4.28,0.64061356,3.639386444091797
29109,MISSOURI,2020,4.98,0.47336724,4.506632755994797
29111,MISSOURI,2020,2.97,-0.4835967,3.4535967123508455
29113,MISSOURI,2020,3.5,-0.1930295,3.6930294930934906
29115,MISSOURI,2020,2.08,-0.34571236,2.4257123637199403
29117,MISSOURI,2020,7.46,3.8018255,3.658174476623535
29119,MISSOURI,2020,2.32,-1.2873689,3.607368893623352
29121,MISSOURI,2020,-1.02,-0.36608124,-0.6539187622070313
29123,MISSOURI,2020,4.2,1.1047041,3.095295858383179
29125,MISSOURI,2020,8.0,2.9089746,5.091025352478027
29127,MISSOURI,2020,3.62,0.2958069,3.3241930854320527
29131,MISSOURI,2020,5.19,1.7421124,3.4478876018524174
29133,MISSOURI,2020,4.53,2.150251,2.3797490882873538
29135,MISSOURI,2020,0.16,0.79910225,-0.639102246761322
29137,MISSOURI,2020,5.57,0.98259324,4.587406761646271
29139,MISSOURI,2020,4.96,-0.31559888,5.275598875284195
29141,MISSOURI,2020,6.5,2.261346,4.238653898239136
29143,MISSOURI,2020,-4.39,-1.7508572,-2.63914276599884
29145,MISSOURI,2020,2.76,0.6184246,2.1415754055976866
29147,MISSOURI,2020,4.85,2.270583,2.5794170856475827
29149,MISSOURI,2020,-11.58,-8.573014,-3.006985740661621
29151,MISSOURI,2020,2.44,0.9472843,1.4927157187461852
29153,MISSOURI,2020,3.68,0.51917785,3.1608221459388735
29155,MISSOURI,2020,11.35,0.615712,10.734288012981414
29157,MISSOURI,2020,2.5,-0.7432671,3.2432671189308167
29159,MISSOURI,2020,2.4,-0.4351179,2.8351179003715514
29161,MISSOURI,2020,2.4,0.799406,1.6005940079689025
29163,MISSOURI,2020,5.24,0.6568956,4.583104422092438
29165,MISSOURI,2020,4.35,0.6545073,3.6954927206039425
29167,MISSOURI,2020,2.54,0.6740286,1.8659714245796204
29169,MISSOURI,2020,3.17,-0.23184934,3.40184934258461
29171,MISSOURI,2020,-0.84,-3.9668274,3.126827392578125
29173,MISSOURI,2020,1.54,0.7741473,0.7658527278900147
29175,MISSOURI,2020,1.73,-0.14783481,1.8778348076343536
29177,MISSOURI,2020,3.59,2.6501503,0.9398497009277342
29181,MISSOURI,2020,0.0,13.671441,-13.671441078186035
29183,MISSOURI,2020,4.04,2.5486307,1.4913692855834961
29185,MISSOURI,2020,3.01,-0.20026934,3.210269341468811
29186,MISSOURI,2020,0.79,0.638008,0.15199200153350834
29187,MISSOURI,2020,2.02,-0.6403681,2.660368103981018
29189,MISSOURI,2020,2.96,1.0138775,1.9461224889755249
29195,MISSOURI,2020,3.7,1.383567,2.3164330244064333
29201,MISSOURI,2020,3.0,-0.5839216,3.5839216113090515
29203,MISSOURI,2020,2.34,0.32498166,2.0150183403491972
29205,MISSOURI,2020,7.24,-6.5270176,13.76701759338379
29207,MISSOURI,2020,4.9,0.52879524,4.37120475769043
29209,MISSOURI,2020,2.83,-1.0537069,3.8837068843841553
29213,MISSOURI,2020,3.91,-0.8903937,4.800393674373627
29215,MISSOURI,2020,3.78,0.0053520054,3.774647994637489
29217,MISSOURI,2020,3.45,1.8816849,1.568315100669861
29219,MISSOURI,2020,3.39,0.3399562,3.0500438058376313
29221,MISSOURI,2020,0.45,0.07167824,0.3783217564225197
29225,MISSOURI,2020,3.3,-0.18350881,3.483508813381195
29229,MISSOURI,2020,6.97,-0.051121987,7.021121987402439
29510,MISSOURI,2020,4.56,1.2810545,3.278945503234863
30001,MONTANA,2020,3.56,6.3050904,-2.7450904273986816
30003,MONTANA,2020,-6.69,1.708445,-8.398444952964784
30007,MONTANA,2020,5.61,3.022595,2.5874050712585452
30009,MONTANA,2020,4.07,0.24271059,3.8272894096374515
30013,MONTANA,2020,3.88,0.1458224,3.7341775941848754
30015,MONTANA,2020,0.32,2.0085232,-1.6885232257843017
30017,MONTANA,2020,3.4,0.38688427,3.0131157279014587
30021,MONTANA,2020,7.69,1.7936275,5.896372499465943
30023,MONTANA,2020,3.98,1.6919007,2.2880992698669433
30025,MONTANA,2020,0.08,1.4288762,-1.3488761615753173
30027,MONTANA,2020,4.76,1.762681,2.997318992614746
30029,MONTANA,2020,4.96,3.3405726,1.6194274044036865
30031,MONTANA,2020,3.81,2.1587973,1.651202735900879
30035,MONTANA,2020,6.04,1.9870454,4.052954592704773
30039,MONTANA,2020,10.17,5.0286303,5.141369743347168
30041,MONTANA,2020,4.46,1.7479724,2.712027630805969
30043,MONTANA,2020,3.84,3.6762605,0.16373952865600572
30047,MONTANA,2020,5.42,2.2388391,3.1811608505249023
30049,MONTANA,2020,3.83,2.2162254,1.6137746143341065
30053,MONTANA,2020,4.54,3.9479575,0.5920424842834473
30057,MONTANA,2020,-2.82,2.509141,-5.329140968322754
30059,MONTANA,2020,-3.86,-1.9586012,-1.901398763656616
30061,MONTANA,2020,6.15,2.9617248,3.188275241851807
30063,MONTANA,2020,5.25,3.3630462,1.8869538307189941
30065,MONTANA,2020,8.08,2.893989,5.186010913848877
30067,MONTANA,2020,3.31,-1.6564459,4.966445860862732
30071,MONTANA,2020,4.51,3.5002036,1.009796390533447
30073,MONTANA,2020,2.57,2.2533612,0.316638774871826
30077,MONTANA,2020,10.03,4.534096,5.495904235839843
30081,MONTANA,2020,7.13,3.24159,3.8884099769592284
30083,MONTANA,2020,5.08,-0.09959403,5.17959402680397
30085,MONTANA,2020,9.91,3.5825295,6.327470455169678
30087,MONTANA,2020,3.61,2.8293304,0.7806695556640624
30089,MONTANA,2020,7.79,4.3492537,3.4407463455200196
30091,MONTANA,2020,-4.56,-4.5774016,0.01740163803100625
30093,MONTANA,2020,5.67,1.2616174,4.408382577896118
30095,MONTANA,2020,1.17,1.5467088,-0.3767088222503663
30097,MONTANA,2020,12.0,5.7259455,6.274054527282715
30099,MONTANA,2020,3.75,3.3128467,0.43715333938598633
30101,MONTANA,2020,1.97,0.90339744,1.0666025590896606
30105,MONTANA,2020,3.65,2.2062278,1.4437722206115722
30111,MONTANA,2020,3.82,1.8274511,1.9925488901138304
31001,NEBRASKA,2020,3.27,2.1060278,1.1639721584320069
31003,NEBRASKA,2020,2.77,-1.7999699,4.569969911575317
31011,NEBRASKA,2020,2.78,1.5867394,1.1932605791091917
31013,NEBRASKA,2020,2.42,0.17935926,2.240640742778778
31017,NEBRASKA,2020,11.44,4.5310435,6.9089564704895015
31019,NEBRASKA,2020,2.59,0.7627862,1.8272137904167174
31021,NEBRASKA,2020,6.43,3.9303007,2.4996992874145505
31023,NEBRASKA,2020,-1.71,-0.07412367,-1.6358763268589973
31025,NEBRASKA,2020,2.62,2.1600776,0.4599224281311036
31027,NEBRASKA,2020,0.21,1.3899084,-1.1799084329605103
31029,NEBRASKA,2020,-1.3,2.3875644,-3.687564420700073
31031,NEBRASKA,2020,4.15,3.1051466,1.0448533535003666
31033,NEBRASKA,2020,5.53,0.3799234,5.150076596736908
31035,NEBRASKA,2020,2.29,3.615542,-1.325541934967041
31037,NEBRASKA,2020,6.23,3.1337597,3.09624026298523
31039,NEBRASKA,2020,2.49,2.3993275,0.09067248344421408
31041,NEBRASKA,2020,4.22,2.1585033,2.061496706008911
31043,NEBRASKA,2020,2.05,-0.03485574,2.0848557382822035
31045,NEBRASKA,2020,-0.71,3.881443,-4.591443023681641
31047,NEBRASKA,2020,2.55,3.0421903,-0.4921903133392336
31051,NEBRASKA,2020,-3.82,3.3920367,-7.212036676406861
31053,NEBRASKA,2020,5.08,2.553419,2.5265808868408204
31055,NEBRASKA,2020,3.79,3.1860995,0.6039004707336426
31059,NEBRASKA,2020,1.92,0.9703577,0.9496422839164733
31063,NEBRASKA,2020,10.11,5.800541,4.309459075927734
31065,NEBRASKA,2020,-4.0,-3.7553303,-0.24466967582702637
31067,NEBRASKA,2020,0.39,0.5417595,-0.15175949096679686
31073,NEBRASKA,2020,4.06,2.8269863,1.2330136871337887
31079,NEBRASKA,2020,2.52,0.66388994,1.8561100554466248
31081,NEBRASKA,2020,3.31,0.513799,2.796200988292694
31083,NEBRASKA,2020,2.35,-3.0674593,5.417459344863891
31089,NEBRASKA,2020,0.96,2.9302428,-1.9702427768707276
31093,NEBRASKA,2020,4.8,1.6336937,3.1663063049316404
31095,NEBRASKA,2020,3.08,-0.6177201,3.697720127105713
31099,NEBRASKA,2020,0.87,0.49684122,0.3731587779521942
31101,NEBRASKA,2020,8.08,4.1181893,3.9618106651306153
31105,NEBRASKA,2020,4.75,2.1493335,2.6006665229797363
31107,NEBRASKA,2020,1.94,1.1045473,0.8354527378082275
31109,NEBRASKA,2020,2.93,0.7902356,2.1397644209861757
31111,NEBRASKA,2020,1.99,0.8632263,1.126773705482483
31119,NEBRASKA,2020,2.96,0.082974054,2.8770259460806846
31121,NEBRASKA,2020,-0.48,2.0883079,-2.5683078575134277
31123,NEBRASKA,2020,-4.18,2.3664489,-6.546448879241943
31125,NEBRASKA,2020,-0.15,0.73726237,-0.8872623682022095
31127,NEBRASKA,2020,-0.31,1.9217867,-2.231786665916443
31129,NEBRASKA,2020,2.12,1.6916367,0.42836331844329845
31131,NEBRASKA,2020,3.18,1.6858003,1.4941996860504152
31135,NEBRASKA,2020,-1.51,-0.5245299,-0.9854701256752014
31137,NEBRASKA,2020,4.9,1.8618766,3.038123393058777
31139,NEBRASKA,2020,-0.59,2.2020357,-2.792035665512085
31141,NEBRASKA,2020,3.5,2.5736802,0.9263198375701904
31143,NEBRASKA,2020,-5.2,3.7822487,-8.982248735427856
31145,NEBRASKA,2020,3.8,2.1839957,1.6160042762756346
31147,NEBRASKA,2020,-0.75,2.5133557,-3.2633557319641113
31151,NEBRASKA,2020,4.78,2.3940017,2.385998277664185
31153,NEBRASKA,2020,3.32,2.3065312,1.0134688091278075
31155,NEBRASKA,2020,2.52,1.0362087,1.4837912511825562
31157,NEBRASKA,2020,0.28,-0.23542976,0.5154297637939453
31159,NEBRASKA,2020,1.64,0.33324507,1.3067549312114715
31167,NEBRASKA,2020,3.02,3.3600352,-0.3400351810455322
31173,NEBRASKA,2020,11.48,-0.11945143,11.599451433420182
31175,NEBRASKA,2020,-0.71,1.6534759,-2.3634758806228637
31177,NEBRASKA,2020,2.68,1.7246629,0.9553371000289919
31179,NEBRASKA,2020,1.29,1.762128,-0.4721279954910278
31185,NEBRASKA,2020,1.85,0.62991244,1.2200875639915467
32001,NEVADA,2020,3.85,-0.2186054,4.0686053991317745
32003,NEVADA,2020,2.89,-3.6796763,6.569676294326783
32005,NEVADA,2020,2.87,-0.44179928,3.311799283027649
32007,NEVADA,2020,2.33,0.57530445,1.7546955513954163
32013,NEVADA,2020,4.31,3.3880239,0.9219761466979977
32015,NEVADA,2020,6.44,1.2467818,5.193218173980713
32019,NEVADA,2020,4.02,-1.1652057,5.185205717086792
32021,NEVADA,2020,0.61,-1.6019888,2.2119887924194335
32023,NEVADA,2020,4.41,-0.22219974,4.632199738025665
32027,NEVADA,2020,11.18,1.151287,10.028713040351867
32029,NEVADA,2020,9.09,2.0502512,7.039748754501343
32031,NEVADA,2020,3.22,-1.4787939,4.698793859481812
32033,NEVADA,2020,7.86,5.0334787,2.826521263122559
32510,NEVADA,2020,4.93,-0.48569146,5.415691457986831
33001,NEW HAMPSHIRE,2020,5.28,1.6131411,3.666858940124512
33003,NEW HAMPSHIRE,2020,5.7,-0.08742367,5.787423667311669
33005,NEW HAMPSHIRE,2020,5.93,1.856469,4.073530964851379
33007,NEW HAMPSHIRE,2020,7.18,0.17135715,7.008642845153808
33009,NEW HAMPSHIRE,2020,5.39,0.9622455,4.427754476070404
33011,NEW HAMPSHIRE,2020,5.38,1.2125714,4.167428617477417
33013,NEW HAMPSHIRE,2020,6.11,0.848757,5.261242971420288
33015,NEW HAMPSHIRE,2020,4.19,0.67980874,3.5101912641525272
33017,NEW HAMPSHIRE,2020,5.29,0.2280877,5.061912306547165
33019,NEW HAMPSHIRE,2020,5.3,1.6447208,3.655279207229614
34001,NEW JERSEY,2020,5.34,0.63958466,4.7004153394699095
34003,NEW JERSEY,2020,2.5,-0.3963813,2.896381288766861
34005,NEW JERSEY,2020,3.87,1.8054951,2.0645048570632936
34007,NEW JERSEY,2020,4.94,2.2250872,2.714912834167481
34009,NEW JERSEY,2020,6.41,4.9688716,1.4411284065246583
34011,NEW JERSEY,2020,4.52,2.021872,2.4981279563903804
34013,NEW JERSEY,2020,3.68,1.7235267,1.9564732837677004
34015,NEW JERSEY,2020,4.52,1.7099128,2.810087223052978
34017,NEW JERSEY,2020,3.95,0.05104787,3.8989521309733393
34019,NEW JERSEY,2020,2.07,0.14524224,1.9247577559947966
34021,NEW JERSEY,2020,3.35,0.50110155,2.848898446559906
34023,NEW JERSEY,2020,2.82,0.37394965,2.4460503530502318
34025,NEW JERSEY,2020,2.95,0.35971913,2.5902808725833895
34027,NEW JERSEY,2020,1.76,-0.6090523,2.369052300453186
34029,NEW JERSEY,2020,4.41,1.9212936,2.4887063837051393
34031,NEW JERSEY,2020,3.77,1.3375008,2.432499189376831
34033,NEW JERSEY,2020,3.83,-0.10207266,3.9320726636052132
34035,NEW JERSEY,2020,1.86,-0.48980784,2.3498078441619876
34037,NEW JERSEY,2020,4.43,1.2881008,3.141899161338806
34039,NEW JERSEY,2020,3.01,-0.13461736,3.144617358446121
34041,NEW JERSEY,2020,5.34,0.2492919,5.0907081031799315
35001,NEW MEXICO,2020,5.14,2.5995905,2.5404094600677487
35005,NEW MEXICO,2020,8.87,1.313849,7.556151027679443
35006,NEW MEXICO,2020,10.21,-0.75360733,10.963607332706452
35007,NEW MEXICO,2020,7.42,1.8280565,5.591943545341492
35009,NEW MEXICO,2020,4.76,1.36875,3.3912500238418577
35013,NEW MEXICO,2020,3.95,2.2933965,1.656603527069092
35015,NEW MEXICO,2020,4.54,1.4375695,3.102430500984192
35017,NEW MEXICO,2020,3.94,0.034140594,3.905859405696392
35025,NEW MEXICO,2020,3.57,-0.71304196,4.283041961193085
35027,NEW MEXICO,2020,7.5,0.20025384,7.299746155738831
35028,NEW MEXICO,2020,5.47,2.7144833,2.7555167388916013
35029,NEW MEXICO,2020,-3.46,-4.9990563,1.539056339263916
35031,NEW MEXICO,2020,3.72,0.37151095,3.348489047288895
35035,NEW MEXICO,2020,4.03,1.2879001,2.74209990978241
35037,NEW MEXICO,2020,7.82,-1.441786,9.261786050796509
35039,NEW MEXICO,2020,2.02,0.83426034,1.18573965549469
35041,NEW MEXICO,2020,4.34,-0.28275782,4.622757818698883
35043,NEW MEXICO,2020,5.14,1.9424602,3.1975398206710812
35045,NEW MEXICO,2020,4.42,-0.2850287,4.705028696060181
35047,NEW MEXICO,2020,-0.29,-2.1165066,1.826506576538086
35049,NEW MEXICO,2020,4.81,2.1420758,2.6679242229461666
35051,NEW MEXICO,2020,10.47,-0.4603026,10.930302591323853
35053,NEW MEXICO,2020,0.78,0.14150822,0.6384917783737183
35055,NEW MEXICO,2020,5.66,0.15814394,5.501856062412262
35057,NEW MEXICO,2020,11.36,3.771897,7.588102922439575
35059,NEW MEXICO,2020,0.0,8.566823,-8.56682300567627
35061,NEW MEXICO,2020,4.1,1.4479599,2.652040100097656
36001,NEW YORK,2020,2.69,1.1724331,1.5175668621063232
36003,NEW YORK,2020,5.18,1.0054824,4.174517564773559
36005,NEW YORK,2020,5.04,0.38353047,4.656469532251358
36007,NEW YORK,2020,6.22,1.6948109,4.525189132690429
36009,NEW YORK,2020,0.21,-1.2319983,1.441998324394226
36011,NEW YORK,2020,6.97,0.42226484,6.547735155820846
36013,NEW YORK,2020,4.12,0.22184029,3.898159707784653
36015,NEW YORK,2020,2.58,1.2258166,1.3541833925247193
36017,NEW YORK,2020,1.26,0.6217526,0.6382473802566528
36019,NEW YORK,2020,1.92,-0.44625086,2.366250855922699
36021,NEW YORK,2020,4.16,-0.17405261,4.3340526109933855
36023,NEW YORK,2020,6.12,1.4904671,4.629532928466797
36025,NEW YORK,2020,3.54,0.65899986,2.8810001397132874
36027,NEW YORK,2020,4.23,0.9561327,3.2738672900199894
36029,NEW YORK,2020,5.05,1.1561841,3.8938159227371214
36031,NEW YORK,2020,3.21,0.8207905,2.3892094707489013
36033,NEW YORK,2020,1.77,-0.064639226,1.83463922560215
36035,NEW YORK,2020,1.45,0.10082065,1.349179346859455
36037,NEW YORK,2020,5.93,0.36557722,5.564422779083252
36039,NEW YORK,2020,8.16,1.9772714,6.182728562355042
36041,NEW YORK,2020,4.29,1.1856574,3.1043426179885865
36043,NEW YORK,2020,5.58,0.27476168,5.30523832321167
36045,NEW YORK,2020,4.11,0.08483084,4.025169157087803
36047,NEW YORK,2020,1.59,-0.7981517,2.388151671886444
36049,NEW YORK,2020,0.15,-0.7277743,0.8777743220329285
36051,NEW YORK,2020,4.19,1.0338657,3.156134309768677
36053,NEW YORK,2020,2.42,0.23497385,2.1850261521339416
36055,NEW YORK,2020,4.93,1.1966136,3.7333864498138425
36057,NEW YORK,2020,3.57,-1.1906046,4.760604567527771
36059,NEW YORK,2020,2.81,-0.4563714,3.266371396780014
36061,NEW YORK,2020,0.0,31.975004,-31.975004196166992
36063,NEW YORK,2020,5.38,1.3339599,4.046040062904358
36065,NEW YORK,2020,5.75,1.0024621,4.747537851333618
36067,NEW YORK,2020,5.68,0.80234206,4.877657942771911
36069,NEW YORK,2020,4.18,-0.3218085,4.501808487176895
36071,NEW YORK,2020,4.66,1.0731374,3.5868625974655153
36073,NEW YORK,2020,4.7,1.1418955,3.558104467391968
36075,NEW YORK,2020,6.12,0.7681856,5.351814384460449
36077,NEW YORK,2020,2.64,-0.32266083,2.9626608335971834
36079,NEW YORK,2020,4.18,0.10328714,4.076712861955166
36081,NEW YORK,2020,2.55,-0.7382005,3.288200485706329
36083,NEW YORK,2020,3.74,-0.036797922,3.7767979221045973
36085,NEW YORK,2020,1.63,-2.3292499,3.959249858856201
36087,NEW YORK,2020,2.1,-0.45581773,2.5558177292346955
36089,NEW YORK,2020,1.73,0.19118747,1.538812528848648
36091,NEW YORK,2020,3.32,0.39329302,2.926706976890564
36093,NEW YORK,2020,3.8,1.7758331,2.0241668701171873
36095,NEW YORK,2020,4.44,0.8945158,3.545484187602997
36097,NEW YORK,2020,0.58,-1.3711681,1.9511681365966798
36099,NEW YORK,2020,8.18,-0.42037207,8.600372068881988
36101,NEW YORK,2020,4.66,0.9061659,3.753834102153778
36103,NEW YORK,2020,4.28,1.8576299,2.422370104789734
36105,NEW YORK,2020,5.55,0.27578336,5.274216639995575
36107,NEW YORK,2020,2.66,0.90549475,1.7545052504539491
36109,NEW YORK,2020,3.72,0.2937774,3.4262225937843325
36111,NEW YORK,2020,6.03,3.0421712,2.987828760147095
36113,NEW YORK,2020,7.19,0.3192142,6.870785804986954
36115,NEW YORK,2020,5.75,0.64644754,5.103552460670471
36117,NEW YORK,2020,6.24,1.2020633,5.0379366779327395
36119,NEW YORK,2020,1.84,-0.17917389,2.0191738867759703
36121,NEW YORK,2020,3.51,1.1668348,2.343165168762207
36123,NEW YORK,2020,8.7,0.6130683,8.086931717395782
37001,NORTH CAROLINA,2020,4.49,0.81400174,3.6759982609748842
37003,NORTH CAROLINA,2020,5.04,-1.3781574,6.418157377243042
37005,NORTH CAROLINA,2020,10.77,0.5899627,10.180037279129028
37007,NORTH CAROLINA,2020,6.85,0.4046183,6.445381706953048
37009,NORTH CAROLINA,2020,3.14,0.2525635,2.8874364936351777
37011,NORTH CAROLINA,2020,2.12,-0.042373378,2.16237337782979
37013,NORTH CAROLINA,2020,6.38,0.574082,5.805917983055115
37015,NORTH CAROLINA,2020,4.85,-0.56563014,5.415630137920379
37017,NORTH CAROLINA,2020,6.66,1.30897,5.351030025482178
37019,NORTH CAROLINA,2020,5.81,4.337965,1.47203498840332
37021,NORTH CAROLINA,2020,2.9,-1.0437564,3.943756365776062
37023,NORTH CAROLINA,2020,4.44,1.7705019,2.669498147964478
37025,NORTH CAROLINA,2020,4.71,2.864413,1.8455869770050048
37027,NORTH CAROLINA,2020,5.08,0.46197036,4.61802964091301
37029,NORTH CAROLINA,2020,3.33,1.6799511,1.6500489282608033
37031,NORTH CAROLINA,2020,5.46,3.5146885,1.945311508178711
37033,NORTH CAROLINA,2020,9.15,-0.5708514,9.720851385593415
37035,NORTH CAROLINA,2020,4.32,1.1112815,3.2087184858322146
37037,NORTH CAROLINA,2020,2.19,2.8282924,-0.6382923698425294
37039,NORTH CAROLINA,2020,4.47,1.1006517,3.3693482589721677
37041,NORTH CAROLINA,2020,6.42,1.2456212,5.174378795623779
37043,NORTH CAROLINA,2020,6.04,0.16483772,5.875162281990051
37045,NORTH CAROLINA,2020,4.27,2.2156608,2.0543391895294185
37047,NORTH CAROLINA,2020,6.33,-1.5343572,7.864357190132141
37049,NORTH CAROLINA,2020,1.36,2.297154,-0.9371539497375487
37051,NORTH CAROLINA,2020,5.54,0.15808293,5.38191706776619
37053,NORTH CAROLINA,2020,1.7,1.1434722,0.5565278053283691
37055,NORTH CAROLINA,2020,6.73,0.46905318,6.26094682097435
37057,NORTH CAROLINA,2020,3.95,0.08359026,3.8664097383618357
37059,NORTH CAROLINA,2020,2.52,0.1613105,2.3586895060539246
37061,NORTH CAROLINA,2020,7.68,1.7089434,5.971056632995605
37063,NORTH CAROLINA,2020,3.15,0.27919638,2.870803618431091
37065,NORTH CAROLINA,2020,6.86,0.2831139,6.576886103153229
37067,NORTH CAROLINA,2020,5.2,0.5888417,4.611158323287964
37069,NORTH CAROLINA,2020,4.82,2.1139736,2.7060263824462893
37071,NORTH CAROLINA,2020,6.04,2.9435086,3.0964913749694825
37073,NORTH CAROLINA,2020,-10.12,-2.2053618,-7.914638156890868
37075,NORTH CAROLINA,2020,19.85,4.869935,14.980064964294435
37077,NORTH CAROLINA,2020,3.39,1.1347847,2.255215301513672
37079,NORTH CAROLINA,2020,-4.3,0.4712837,-4.7712837040424345
37081,NORTH CAROLINA,2020,4.26,1.5876248,2.672375211715698
37083,NORTH CAROLINA,2020,1.69,-1.2080894,2.8980893516540527
37085,NORTH CAROLINA,2020,5.39,1.7433378,3.646662249565124
37087,NORTH CAROLINA,2020,6.07,0.4531279,5.616872109174729
37089,NORTH CAROLINA,2020,2.71,1.2748176,1.4351824140548706
37091,NORTH CAROLINA,2020,-3.47,-0.98293835,-2.4870616507530214
37093,NORTH CAROLINA,2020,5.49,3.2980533,2.1919467353820803
37095,NORTH CAROLINA,2020,-2.67,-1.684777,-0.9852229785919189
37097,NORTH CAROLINA,2020,3.98,1.3490778,2.630922179222107
37099,NORTH CAROLINA,2020,6.18,0.19946784,5.980532162189483
37101,NORTH CAROLINA,2020,5.11,1.5442274,3.565772638320923
37103,NORTH CAROLINA,2020,3.0,1.3895417,1.610458254814148
37105,NORTH CAROLINA,2020,4.3,-0.0988422,4.398842203617096
37107,NORTH CAROLINA,2020,0.68,-0.09099666,0.7709966602921486
37109,NORTH CAROLINA,2020,3.91,2.089421,1.8205789661407472
37111,NORTH CAROLINA,2020,4.32,0.67325306,3.6467469406127933
37113,NORTH CAROLINA,2020,4.95,2.309133,2.6408669471740724
37115,NORTH CAROLINA,2020,2.37,-0.32616735,2.696167345046997
37117,NORTH CAROLINA,2020,11.04,-0.00057979673,11.040579796731471
37119,NORTH CAROLINA,2020,4.67,0.078530006,4.591469993889332
37121,NORTH CAROLINA,2020,3.37,-0.87473786,4.244737858772278
37123,NORTH CAROLINA,2020,1.15,-2.4402773,3.590277338027954
37125,NORTH CAROLINA,2020,3.72,0.6508752,3.0691247892379763
37127,NORTH CAROLINA,2020,4.03,1.3112978,2.71870222568512
37129,NORTH CAROLINA,2020,5.52,2.3899477,3.130052347183227
37131,NORTH CAROLINA,2020,4.7,1.7023883,2.997611713409424
37133,NORTH CAROLINA,2020,2.56,3.9247954,-1.364795389175415
37135,NORTH CAROLINA,2020,2.73,0.5133576,2.2166424202919006
37137,NORTH CAROLINA,2020,7.09,1.166901,5.923099007606506
37139,NORTH CAROLINA,2020,5.59,1.2549,4.3351000213623045
37141,NORTH CAROLINA,2020,4.58,1.287243,3.2927569913864136
37143,NORTH CAROLINA,2020,11.6,0.9000109,10.699989116191864
37145,NORTH CAROLINA,2020,3.07,0.4767991,2.593200899362564
37147,NORTH CAROLINA,2020,4.16,1.1295722,3.0304278469085695
37149,NORTH CAROLINA,2020,3.57,0.8525582,2.717441804409027
37151,NORTH CAROLINA,2020,4.67,0.5040145,4.165985507965088
37153,NORTH CAROLINA,2020,5.46,-0.22953674,5.68953674197197
37155,NORTH CAROLINA,2020,6.9,0.92602676,5.9739732384681705
37157,NORTH CAROLINA,2020,5.13,0.6752731,4.45472687959671
37159,NORTH CAROLINA,2020,6.81,1.7224575,5.087542471885681
37161,NORTH CAROLINA,2020,4.59,0.70299196,3.8870080375671385
37163,NORTH CAROLINA,2020,4.79,0.5706997,4.219300308227539
37165,NORTH CAROLINA,2020,8.69,1.3204663,7.369533720016479
37167,NORTH CAROLINA,2020,3.21,0.86174685,2.348253152370453
37169,NORTH CAROLINA,2020,4.86,1.2711196,3.5888804054260257
37171,NORTH CAROLINA,2020,2.78,-0.6539154,3.4339154052734373
37173,NORTH CAROLINA,2020,6.79,0.3606074,6.429392614364624
37175,NORTH CAROLINA,2020,5.66,1.4149845,4.245015535354614
37179,NORTH CAROLINA,2020,4.33,2.5301657,1.799834327697754
37181,NORTH CAROLINA,2020,2.93,-0.0548621,2.9848621006309988
37183,NORTH CAROLINA,2020,3.15,0.6381051,2.511894905567169
37185,NORTH CAROLINA,2020,4.6,0.7425465,3.8574535012245175
37187,NORTH CAROLINA,2020,5.96,-0.7697679,6.729767880439758
37189,NORTH CAROLINA,2020,3.45,2.2701209,1.179879140853882
37191,NORTH CAROLINA,2020,3.01,-0.15569252,3.1656925177574156
37193,NORTH CAROLINA,2020,3.33,0.3430286,2.9869713950157166
37195,NORTH CAROLINA,2020,4.93,0.58894753,4.3410524654388425
37197,NORTH CAROLINA,2020,5.73,0.05850575,5.671494248807431
37199,NORTH CAROLINA,2020,6.58,0.8800301,5.69996990442276
38003,NORTH DAKOTA,2020,1.42,1.9811217,-0.5611216592788697
38009,NORTH DAKOTA,2020,0.65,0.117127515,0.5328724846243859
38011,NORTH DAKOTA,2020,-2.05,1.0725672,-3.1225672245025633
38015,NORTH DAKOTA,2020,1.19,0.22707155,0.9629284465312957
38017,NORTH DAKOTA,2020,1.2,0.27779233,0.9222076654434204
38019,NORTH DAKOTA,2020,2.12,2.0652301,0.054769868850708114
38021,NORTH DAKOTA,2020,2.99,1.9358128,1.0541871690750124
38031,NORTH DAKOTA,2020,1.68,3.025151,-1.345151014328003
38035,NORTH DAKOTA,2020,1.45,0.00031414628,1.4496858537197113
38049,NORTH DAKOTA,2020,8.94,3.8337708,5.1062292480468745
38053,NORTH DAKOTA,2020,2.61,-3.076482,5.686482057571411
38055,NORTH DAKOTA,2020,-0.68,-0.1279377,-0.5520622956752778
38057,NORTH DAKOTA,2020,1.06,-0.96385574,2.023855743408203
38059,NORTH DAKOTA,2020,0.77,-0.27873707,1.0487370681762695
38061,NORTH DAKOTA,2020,1.02,-4.2192817,5.239281673431396
38067,NORTH DAKOTA,2020,0.59,-1.1301168,1.720116820335388
38069,NORTH DAKOTA,2020,1.24,3.4592195,-2.219219455718994
38071,NORTH DAKOTA,2020,2.42,0.39779973,2.0222002696990966
38073,NORTH DAKOTA,2020,-6.59,-3.0935638,-3.496436204910278
38077,NORTH DAKOTA,2020,0.89,1.1175305,-0.22753046512603758
38081,NORTH DAKOTA,2020,-0.3,0.28031415,-0.5803141474723816
38089,NORTH DAKOTA,2020,0.84,-1.9899825,2.829982485771179
38093,NORTH DAKOTA,2020,0.96,0.6555788,0.30442120790481564
38097,NORTH DAKOTA,2020,1.54,1.3120999,0.22790006637573246
38099,NORTH DAKOTA,2020,0.69,0.94865006,-0.25865006208419805
38101,NORTH DAKOTA,2020,2.32,-0.81094927,3.1309492659568785
38105,NORTH DAKOTA,2020,2.87,0.31456268,2.555437321662903
39001,OHIO,2020,3.27,0.13537356,3.1346264374256134
39003,OHIO,2020,5.31,-0.45018566,5.760185656547546
39005,OHIO,2020,5.5,0.022381954,5.477618046104908
39007,OHIO,2020,2.29,-1.4527311,3.7427311325073243
39009,OHIO,2020,3.35,-0.1857602,3.535760200023651
39011,OHIO,2020,4.35,-0.67618686,5.026186859607696
39013,OHIO,2020,1.4,-1.7164165,3.1164164781570434
39015,OHIO,2020,5.81,-0.4455573,6.255557296276092
39017,OHIO,2020,4.28,0.46017912,3.8198208796978
39019,OHIO,2020,0.4,-1.0789969,1.4789968967437743
39021,OHIO,2020,4.75,0.026702903,4.723297096788883
39023,OHIO,2020,4.6,0.786507,3.8134929895400997
39025,OHIO,2020,4.02,1.435262,2.584738035202026
39027,OHIO,2020,5.75,-0.15422633,5.904226332902908
39029,OHIO,2020,3.23,-0.51701015,3.7470101523399353
39031,OHIO,2020,4.01,0.49017075,3.5198292529582975
39033,OHIO,2020,3.91,0.60641885,3.3035811519622804
39035,OHIO,2020,4.66,0.86052245,3.799477550983429
39037,OHIO,2020,3.8,0.8797521,2.9202479004859923
39039,OHIO,2020,5.38,-0.9235355,6.3035355257987975
39041,OHIO,2020,2.69,1.5753872,1.1146127605438232
39043,OHIO,2020,3.27,-0.25892556,3.5289255571365357
39045,OHIO,2020,4.12,2.4576266,1.6623734188079835
39047,OHIO,2020,6.97,-0.49606672,7.466066719293594
39049,OHIO,2020,5.29,2.1864367,3.103563346862793
39051,OHIO,2020,2.21,-0.86068475,3.0706847524642944
39053,OHIO,2020,3.76,0.9409552,2.819044778347015
39055,OHIO,2020,3.38,0.4861628,2.8938371884822844
39057,OHIO,2020,3.82,1.5223325,2.297667450904846
39059,OHIO,2020,3.54,-0.47701472,4.017014720439911
39061,OHIO,2020,4.89,0.9413287,3.9486712956428525
39063,OHIO,2020,4.25,0.72634816,3.5236518383026123
39065,OHIO,2020,6.41,-0.65383834,7.063838336467743
39067,OHIO,2020,5.93,-0.2621206,6.192120604515075
39069,OHIO,2020,2.66,-0.35362473,3.0136247313022615
39071,OHIO,2020,4.26,0.49989977,3.7601002252101896
39073,OHIO,2020,4.91,0.03501404,4.874985959231854
39075,OHIO,2020,4.3,2.2786276,2.021372365951538
39077,OHIO,2020,4.66,-1.0614649,5.721464905738831
39079,OHIO,2020,-1.54,-0.8957481,-0.6442519211769104
39081,OHIO,2020,2.38,-0.9942147,3.3742147135734557
39083,OHIO,2020,5.02,2.176819,2.8431809139251705
39085,OHIO,2020,4.49,0.7886741,3.7013258838653567
39087,OHIO,2020,5.77,-0.0157848,5.785784800052642
39089,OHIO,2020,4.55,0.63795465,3.912045347690582
39091,OHIO,2020,2.98,0.08148355,2.8985164496302604
39093,OHIO,2020,4.58,0.28415608,4.295843915939331
39095,OHIO,2020,3.36,1.207206,2.1527939891815184
39097,OHIO,2020,2.96,1.7081758,1.251824221611023
39099,OHIO,2020,2.97,-0.19033854,3.1603385370969774
39101,OHIO,2020,3.47,-0.703623,4.173622996807099
39103,OHIO,2020,4.53,0.5912923,3.938707678318024
39105,OHIO,2020,0.9,-0.4015345,1.3015344977378844
39107,OHIO,2020,3.87,0.35492137,3.515078629255295
39109,OHIO,2020,4.8,0.7835976,4.016402411460876
39111,OHIO,2020,1.67,-2.270784,3.9407839012145995
39113,OHIO,2020,5.38,1.6740847,3.7059153366088866
39115,OHIO,2020,1.36,-4.089956,5.449955806732178
39117,OHIO,2020,6.26,-0.16032897,6.420328969359398
39119,OHIO,2020,4.07,-0.07993657,4.149936571419239
39121,OHIO,2020,8.53,1.2755107,7.254489331245422
39123,OHIO,2020,3.49,0.21405157,3.2759484255313875
39125,OHIO,2020,3.24,-0.41896218,3.6589621806144716
39127,OHIO,2020,7.34,0.91929924,6.420700755119324
39129,OHIO,2020,5.13,0.42858592,4.701414083242416
39131,OHIO,2020,4.03,-0.6931819,4.723181872367859
39133,OHIO,2020,3.48,0.1834994,3.2965006041526794
39135,OHIO,2020,5.78,0.20753661,5.572463392019272
39137,OHIO,2020,2.32,-0.33127227,2.6512722742557524
39139,OHIO,2020,4.95,0.9135645,4.036435496807099
39141,OHIO,2020,5.97,0.7096515,5.260348470211029
39143,OHIO,2020,3.43,-0.8663063,4.29630630493164
39145,OHIO,2020,2.03,-0.20334128,2.2333412754535673
39147,OHIO,2020,4.56,0.06217528,4.497824718654155
39149,OHIO,2020,5.28,-0.82280135,6.1028013515472415
39151,OHIO,2020,3.95,1.2020273,2.7479726791381838
39153,OHIO,2020,4.25,1.01893,3.231070041656494
39155,OHIO,2020,4.23,-1.435998,5.665997962951661
39157,OHIO,2020,3.86,-0.61556333,4.475563333034515
39159,OHIO,2020,3.43,0.8509628,2.5790371823310854
39161,OHIO,2020,6.67,0.24175012,6.428249878883362
39163,OHIO,2020,7.83,-2.351545,10.181545095443726
39165,OHIO,2020,4.03,1.4265468,2.603453187942505
39167,OHIO,2020,2.46,-0.93652284,3.396522841453552
39169,OHIO,2020,5.19,0.2753729,4.914627107381821
39171,OHIO,2020,4.42,-1.0887572,5.508757157325745
39173,OHIO,2020,3.36,0.35578376,3.004216239452362
39175,OHIO,2020,1.05,-1.0761905,2.1261904716491697
40001,OKLAHOMA,2020,13.6,8.1522875,5.447712516784668
40005,OKLAHOMA,2020,-0.82,-6.323484,5.503483943939209
40007,OKLAHOMA,2020,16.27,8.442666,7.827333946228027
40009,OKLAHOMA,2020,-0.05,-0.069822684,0.01982268393039703
40011,OKLAHOMA,2020,4.24,1.4040082,2.835991849899292
40013,OKLAHOMA,2020,2.16,0.17880291,1.9811970925331117
40015,OKLAHOMA,2020,1.96,1.2921679,0.6678320980072021
40017,OKLAHOMA,2020,2.77,1.6176081,1.1523919296264649
40019,OKLAHOMA,2020,3.01,-0.10533966,3.1153396612405775
40021,OKLAHOMA,2020,4.48,1.3946781,3.085321884155274
40023,OKLAHOMA,2020,3.44,-1.8507855,5.2907854938507075
40027,OKLAHOMA,2020,4.83,1.5747008,3.2552991676330567
40031,OKLAHOMA,2020,3.24,-0.72965795,3.9696579480171206
40033,OKLAHOMA,2020,0.66,-0.4187844,1.078784409761429
40035,OKLAHOMA,2020,3.32,0.3642253,2.955774701833725
40037,OKLAHOMA,2020,4.09,0.5538699,3.536130096912384
40039,OKLAHOMA,2020,0.76,-0.5463221,1.3063221073150635
40041,OKLAHOMA,2020,0.49,0.5160558,-0.026055822372436532
40047,OKLAHOMA,2020,4.34,-0.14635514,4.486355137228966
40049,OKLAHOMA,2020,9.45,1.0918722,8.358127784729003
40051,OKLAHOMA,2020,2.2,-0.45522606,2.6552260637283327
40061,OKLAHOMA,2020,-3.14,-6.5222235,3.3822234725952147
40063,OKLAHOMA,2020,3.84,-0.69007194,4.530071940422058
40065,OKLAHOMA,2020,0.3,0.032052614,0.26794738620519637
40069,OKLAHOMA,2020,9.07,-1.5624527,10.632452673912049
40071,OKLAHOMA,2020,3.53,0.022398606,3.5076013940572737
40073,OKLAHOMA,2020,0.49,0.49191573,-0.0019157326221466153
40079,OKLAHOMA,2020,1.83,0.35123706,1.4787629413604737
40081,OKLAHOMA,2020,2.39,0.3450559,2.0449440920352937
40083,OKLAHOMA,2020,6.3,1.4739245,4.826075482368469
40085,OKLAHOMA,2020,5.66,1.9537553,3.706244740486145
40087,OKLAHOMA,2020,3.39,0.08775785,3.302242151796818
40089,OKLAHOMA,2020,9.34,2.7635577,6.5764423274993895
40091,OKLAHOMA,2020,7.43,0.65915424,6.770845763683319
40095,OKLAHOMA,2020,1.6,0.40455097,1.1954490303993226
40097,OKLAHOMA,2020,2.05,1.9296523,0.1203476667404173
40099,OKLAHOMA,2020,5.66,-0.217439,5.877438995838165
40101,OKLAHOMA,2020,3.79,0.37642655,3.4135734522342682
40103,OKLAHOMA,2020,1.05,2.1565142,-1.1065141677856445
40105,OKLAHOMA,2020,6.19,2.7705097,3.4194902801513676
40109,OKLAHOMA,2020,4.52,2.096869,2.423131008148193
40111,OKLAHOMA,2020,2.55,0.040411808,2.5095881924033163
40113,OKLAHOMA,2020,3.51,1.5069654,2.0030346012115476
40115,OKLAHOMA,2020,2.75,0.7002798,2.0497202277183533
40117,OKLAHOMA,2020,6.01,-0.70057344,6.710573444366455
40119,OKLAHOMA,2020,2.11,0.27707005,1.8329299545288085
40121,OKLAHOMA,2020,3.9,-0.37092462,4.27092462182045
40123,OKLAHOMA,2020,5.05,0.953638,4.096361982822418
40125,OKLAHOMA,2020,1.19,0.4047726,0.7852273905277252
40131,OKLAHOMA,2020,3.97,0.9620474,3.0079526019096376
40133,OKLAHOMA,2020,8.19,-1.5172701,9.7072700881958
40135,OKLAHOMA,2020,2.84,0.5515781,2.2884218955039977
40137,OKLAHOMA,2020,5.81,-0.49580604,6.305806038379669
40139,OKLAHOMA,2020,1.15,4.0443807,-2.8943806648254395
40141,OKLAHOMA,2020,0.71,-3.9327843,4.64278431892395
40143,OKLAHOMA,2020,3.94,1.5066464,2.4333536052703857
40145,OKLAHOMA,2020,3.91,1.4364661,2.473533902168274
40147,OKLAHOMA,2020,1.94,0.092658915,1.8473410853743553
40149,OKLAHOMA,2020,2.84,4.201848,-1.3618480300903322
40151,OKLAHOMA,2020,1.38,2.3042352,-0.9242352199554444
40153,OKLAHOMA,2020,-0.04,-1.9659748,1.9259748077392578
41001,OREGON,2020,7.36,2.1693556,5.1906443691253665
41003,OREGON,2020,3.79,0.65986407,3.130135931968689
41005,OREGON,2020,2.92,-1.0515916,3.971591634750366
41007,OREGON,2020,3.61,-0.10713218,3.7171321815252303
41009,OREGON,2020,4.38,0.0422128,4.337787200808525
41011,OREGON,2020,6.37,1.4952834,4.874716634750366
41013,OREGON,2020,8.12,0.7339256,7.386074419021606
41015,OREGON,2020,3.77,0.6984584,3.0715416264533997
41017,OREGON,2020,5.23,0.7503297,4.479670326709748
41019,OREGON,2020,5.59,3.654251,1.9357489013671874
41021,OREGON,2020,6.68,-0.45538113,7.135381125211715
41023,OREGON,2020,2.29,2.1363964,0.15360359191894535
41025,OREGON,2020,6.32,3.775878,2.5441220474243167
41027,OREGON,2020,1.11,-1.8654004,2.9754004335403446
41029,OREGON,2020,3.37,0.55629146,2.8137085390090943
41031,OREGON,2020,4.13,2.2889695,1.8410304832458495
41033,OREGON,2020,4.99,1.0419207,3.9480793380737307
41035,OREGON,2020,6.69,4.036175,2.6538252258300785
41037,OREGON,2020,2.99,4.2270145,-1.2370145416259763
41039,OREGON,2020,5.48,3.3774493,2.10255072593689
41041,OREGON,2020,4.99,-0.37358096,5.36358096241951
41043,OREGON,2020,5.54,2.6461678,2.893832244873047
41045,OREGON,2020,11.22,5.6641345,5.555865497589112
41047,OREGON,2020,4.29,0.028875642,4.261124358475208
41049,OREGON,2020,7.12,4.318804,2.801196212768555
41051,OREGON,2020,2.19,-1.901063,4.091062965393066
41053,OREGON,2020,5.4,0.25953326,5.140466743707657
41057,OREGON,2020,3.22,-0.36077246,3.5807724606990816
41059,OREGON,2020,5.53,3.1188674,2.4111326026916506
41061,OREGON,2020,4.95,0.6320202,4.3179798245429994
41063,OREGON,2020,0.92,4.6667,-3.7466998863220216
41065,OREGON,2020,4.73,2.5641134,2.16588662147522
41067,OREGON,2020,2.41,-1.6723336,4.082333598136902
41071,OREGON,2020,4.17,0.12176231,4.048237687051296
42001,PENNSYLVANIA,2020,3.08,-0.42579138,3.505791382789612
42003,PENNSYLVANIA,2020,3.76,0.82651836,2.9334816431999204
42005,PENNSYLVANIA,2020,3.76,-0.7793513,4.53935129404068
42007,PENNSYLVANIA,2020,3.59,-0.64725786,4.23725786447525
42009,PENNSYLVANIA,2020,1.07,-0.9507362,2.020736224651337
42011,PENNSYLVANIA,2020,4.71,0.35363132,4.356368682384491
42013,PENNSYLVANIA,2020,1.19,-1.2368388,2.4268388175964355
42015,PENNSYLVANIA,2020,4.49,0.5665885,3.923411478996277
42017,PENNSYLVANIA,2020,3.73,1.3969421,2.333057861328125
42019,PENNSYLVANIA,2020,3.92,0.6036388,3.316361172199249
42021,PENNSYLVANIA,2020,1.27,-1.5046519,2.77465190410614
42025,PENNSYLVANIA,2020,0.23,-0.5604562,0.7904562163352966
42027,PENNSYLVANIA,2020,2.45,0.37948847,2.070511531829834
42029,PENNSYLVANIA,2020,2.88,0.2529568,2.627043192386627
42031,PENNSYLVANIA,2020,5.38,0.5026187,4.877381329536438
42033,PENNSYLVANIA,2020,3.35,0.16708916,3.1829108357429505
42035,PENNSYLVANIA,2020,3.39,0.16238528,3.227614715099335
42037,PENNSYLVANIA,2020,3.09,0.21587554,2.8741244637966155
42039,PENNSYLVANIA,2020,3.13,-0.8343159,3.9643158960342406
42041,PENNSYLVANIA,2020,3.17,0.17216751,2.9978324902057647
42043,PENNSYLVANIA,2020,4.03,0.7567787,3.2732212829589846
42045,PENNSYLVANIA,2020,3.46,1.6621691,1.797830901145935
42047,PENNSYLVANIA,2020,0.71,-2.306232,3.01623197555542
42049,PENNSYLVANIA,2020,5.19,1.4462252,3.7437748336791996
42051,PENNSYLVANIA,2020,1.27,-0.39128467,1.6612846744060517
42055,PENNSYLVANIA,2020,2.71,0.24088854,2.46911146402359
42057,PENNSYLVANIA,2020,5.62,-3.025221,8.64522110939026
42059,PENNSYLVANIA,2020,6.53,0.34908444,6.180915563106537
42061,PENNSYLVANIA,2020,3.72,-0.255738,3.975737990140915
42063,PENNSYLVANIA,2020,2.63,-1.2825968,3.9125968265533446
42065,PENNSYLVANIA,2020,2.23,-0.5550669,2.7850668835639953
42067,PENNSYLVANIA,2020,-2.4,-2.9356766,0.5356765747070313
42069,PENNSYLVANIA,2020,3.59,0.5416584,3.048341598510742
42071,PENNSYLVANIA,2020,3.89,0.17029294,3.719707056283951
42073,PENNSYLVANIA,2020,3.13,-1.285591,4.415591006278992
42075,PENNSYLVANIA,2020,3.56,0.38524976,3.174750236272812
42077,PENNSYLVANIA,2020,4.08,1.5804639,2.4995361137390137
42079,PENNSYLVANIA,2020,2.88,1.3076137,1.5723862695693969
42081,PENNSYLVANIA,2020,4.47,-0.21190906,4.681909055709839
42083,PENNSYLVANIA,2020,6.7,-1.8358725,8.535872530937194
42085,PENNSYLVANIA,2020,1.79,-1.2435955,3.0335954809188843
42087,PENNSYLVANIA,2020,1.38,-0.0046226457,1.384622645676136
42089,PENNSYLVANIA,2020,7.66,0.71333295,6.946667048931122
42091,PENNSYLVANIA,2020,3.26,3.0757172,0.18428278923034647
42093,PENNSYLVANIA,2020,4.36,-0.012814295,4.372814294546843
42095,PENNSYLVANIA,2020,4.62,1.5372797,3.082720274925232
42097,PENNSYLVANIA,2020,1.94,-0.6622155,2.6022154712677
42099,PENNSYLVANIA,2020,5.06,0.6641082,4.395891783237457
42101,PENNSYLVANIA,2020,4.62,2.1337395,2.4862605285644532
42103,PENNSYLVANIA,2020,8.36,1.7501974,6.609802589416503
42105,PENNSYLVANIA,2020,4.62,0.4221019,4.19789808511734
42107,PENNSYLVANIA,2020,2.95,0.3086123,2.641387712955475
42109,PENNSYLVANIA,2020,4.33,-0.5007414,4.830741422176361
42111,PENNSYLVANIA,2020,2.74,-0.50440836,3.244408359527588
42115,PENNSYLVANIA,2020,5.09,-1.0647819,6.154781904220581
42117,PENNSYLVANIA,2020,2.79,-1.4606166,4.250616588592529
42119,PENNSYLVANIA,2020,0.81,0.119000934,0.6909990659356118
42121,PENNSYLVANIA,2020,3.41,-0.8081491,4.218149099349976
42123,PENNSYLVANIA,2020,4.07,0.11098992,3.9590100792050364
42125,PENNSYLVANIA,2020,3.41,-0.14299583,3.552995834350586
42127,PENNSYLVANIA,2020,1.03,-0.7257246,1.7557245779037476
42129,PENNSYLVANIA,2020,4.09,1.3361706,2.753829445838928
42131,PENNSYLVANIA,2020,6.03,-1.0068926,7.036892561912537
42133,PENNSYLVANIA,2020,3.39,1.4833437,1.906656279563904
44001,RHODE ISLAND,2020,2.72,0.5508822,2.1691177797317507
44003,RHODE ISLAND,2020,4.59,0.44193396,4.148066040277481
44005,RHODE ISLAND,2020,3.67,0.90538853,2.7646114659309386
44007,RHODE ISLAND,2020,5.19,1.3162634,3.8737365627288822
44009,RHODE ISLAND,2020,3.4,0.025967374,3.374032625555992
45001,SOUTH CAROLINA,2020,4.34,0.33488846,4.005111541748047
45003,SOUTH CAROLINA,2020,4.74,2.1950192,2.544980754852295
45007,SOUTH CAROLINA,2020,3.83,1.2674576,2.562542395591736
45009,SOUTH CAROLINA,2020,-9.73,0.9903305,-10.720330517292023
45011,SOUTH CAROLINA,2020,2.49,1.850139,0.6398609781265261
45013,SOUTH CAROLINA,2020,3.95,1.6192377,2.330762338638306
45015,SOUTH CAROLINA,2020,4.47,1.8601602,2.6098397684097288
45017,SOUTH CAROLINA,2020,2.19,1.5708271,0.6191728734970092
45019,SOUTH CAROLINA,2020,3.05,-1.9647235,5.014723467826843
45021,SOUTH CAROLINA,2020,2.31,0.012352183,2.297647816538811
45023,SOUTH CAROLINA,2020,4.39,-0.48557168,4.875571682453155
45025,SOUTH CAROLINA,2020,4.52,0.24520656,4.274793435335159
45027,SOUTH CAROLINA,2020,2.21,0.6709438,1.539056203365326
45029,SOUTH CAROLINA,2020,3.65,1.203783,2.4462169647216796
45031,SOUTH CAROLINA,2020,4.51,0.89441526,3.6155847406387327
45033,SOUTH CAROLINA,2020,4.21,0.7473352,3.462664804458618
45035,SOUTH CAROLINA,2020,2.5,0.5522072,1.9477928280830383
45037,SOUTH CAROLINA,2020,4.22,1.9369999,2.2830000829696653
45039,SOUTH CAROLINA,2020,4.79,1.1452055,3.644794502258301
45041,SOUTH CAROLINA,2020,4.72,0.7222878,3.997712225914001
45043,SOUTH CAROLINA,2020,2.04,0.435374,1.604626008272171
45045,SOUTH CAROLINA,2020,3.19,2.0108624,1.1791376495361328
45047,SOUTH CAROLINA,2020,3.56,1.4458705,2.114129481315613
45049,SOUTH CAROLINA,2020,2.74,-1.8426094,4.582609405517578
45051,SOUTH CAROLINA,2020,4.73,1.5209469,3.209053139686585
45053,SOUTH CAROLINA,2020,2.9,0.868118,2.0318820118904113
45055,SOUTH CAROLINA,2020,3.47,1.2762818,2.1937181663513186
45057,SOUTH CAROLINA,2020,3.38,-0.095404685,3.4754046845436095
45059,SOUTH CAROLINA,2020,5.84,0.7933664,5.046633627414703
45061,SOUTH CAROLINA,2020,-0.18,-2.4707026,2.2907026481628416
45063,SOUTH CAROLINA,2020,3.22,3.0085762,0.2114238452911379
45065,SOUTH CAROLINA,2020,-1.91,-3.5284626,1.6184626483917237
45067,SOUTH CAROLINA,2020,1.11,-4.208227,5.318227157592774
45069,SOUTH CAROLINA,2020,-8.38,-7.2440405,-1.1359595108032234
45071,SOUTH CAROLINA,2020,4.65,1.2550242,3.394975805282593
45073,SOUTH CAROLINA,2020,5.52,1.9045432,3.6154568386077877
45075,SOUTH CAROLINA,2020,2.55,0.20580408,2.344195920228958
45077,SOUTH CAROLINA,2020,4.78,2.3569179,2.423082141876221
45079,SOUTH CAROLINA,2020,2.49,0.3116917,2.1783082985877993
45081,SOUTH CAROLINA,2020,6.96,4.614299,2.3457011795043945
45083,SOUTH CAROLINA,2020,4.22,0.9058716,3.314128370285034
45085,SOUTH CAROLINA,2020,3.89,0.76793545,3.1220645451545717
45087,SOUTH CAROLINA,2020,8.58,0.49494073,8.085059272050858
45089,SOUTH CAROLINA,2020,-1.22,-1.75458,0.534580020904541
45091,SOUTH CAROLINA,2020,4.33,0.7598645,3.5701354908943177
46005,SOUTH DAKOTA,2020,6.75,4.301872,2.4481282234191895
46009,SOUTH DAKOTA,2020,1.71,1.3370866,0.37291344165802
46011,SOUTH DAKOTA,2020,3.31,1.371367,1.9386330223083497
46013,SOUTH DAKOTA,2020,1.11,3.7969823,-2.6869822883605954
46015,SOUTH DAKOTA,2020,-3.89,0.2444165,-4.1344165050983435
46019,SOUTH DAKOTA,2020,3.29,1.5597576,1.7302424097061158
46023,SOUTH DAKOTA,2020,3.86,-0.5580147,4.4180146908760065
46027,SOUTH DAKOTA,2020,3.44,1.3919204,2.0480795526504516
46029,SOUTH DAKOTA,2020,2.35,0.6691962,1.6808038115501405
46033,SOUTH DAKOTA,2020,3.59,1.7651567,1.8248432540893553
46035,SOUTH DAKOTA,2020,3.62,2.6089933,1.0110067081451417
46037,SOUTH DAKOTA,2020,4.58,0.811356,3.768643991947174
46039,SOUTH DAKOTA,2020,1.48,-4.187854,5.667853813171387
46045,SOUTH DAKOTA,2020,-1.29,1.5318009,-2.821800866127014
46047,SOUTH DAKOTA,2020,2.16,3.086704,-0.9267040157318114
46051,SOUTH DAKOTA,2020,2.06,2.4561405,-0.3961405181884765
46057,SOUTH DAKOTA,2020,4.63,2.7314851,1.89851487159729
46059,SOUTH DAKOTA,2020,-2.79,2.4569468,-5.246946849822998
46061,SOUTH DAKOTA,2020,1.34,2.471057,-1.1310569381713866
46065,SOUTH DAKOTA,2020,2.45,1.7608491,0.6891508817672731
46067,SOUTH DAKOTA,2020,1.45,5.196863,-3.7468631744384764
46077,SOUTH DAKOTA,2020,-1.0,1.5154643,-2.5154643058776855
46079,SOUTH DAKOTA,2020,3.59,2.9158008,0.6741991901397704
46081,SOUTH DAKOTA,2020,3.38,0.17658928,3.2034107196331023
46083,SOUTH DAKOTA,2020,2.22,1.9441651,0.27583488941192646
46087,SOUTH DAKOTA,2020,0.1,1.208813,-1.1088129520416259
46091,SOUTH DAKOTA,2020,0.13,-2.1456108,2.2756108093261718
46093,SOUTH DAKOTA,2020,2.46,3.1701782,-0.7101781749725342
46097,SOUTH DAKOTA,2020,6.18,3.8193796,2.360620431900024
46099,SOUTH DAKOTA,2020,3.35,1.2019836,2.148016428947449
46101,SOUTH DAKOTA,2020,2.51,-1.3415064,3.8515063619613645
46103,SOUTH DAKOTA,2020,4.01,1.5768762,2.4331238365173338
46109,SOUTH DAKOTA,2020,-0.03,-0.50759345,0.4775934529304504
46115,SOUTH DAKOTA,2020,-3.16,1.7544873,-4.914487276077271
46117,SOUTH DAKOTA,2020,-1.01,0.24204224,-1.2520422434806824
46123,SOUTH DAKOTA,2020,11.17,4.8371754,6.332824630737305
46125,SOUTH DAKOTA,2020,5.62,4.74047,0.8795300674438478
46127,SOUTH DAKOTA,2020,2.58,1.3106688,1.2693311738967896
46129,SOUTH DAKOTA,2020,-1.11,-2.0446749,0.9346748733520507
46135,SOUTH DAKOTA,2020,1.71,2.093111,-0.38311103820800785
47001,TENNESSEE,2020,5.96,1.0645882,4.895411810874939
47003,TENNESSEE,2020,5.16,0.3462383,4.813761714696884
47005,TENNESSEE,2020,2.47,-2.7505696,5.220569581985474
47007,TENNESSEE,2020,1.28,-1.5519848,2.831984786987305
47009,TENNESSEE,2020,4.52,1.8559934,2.6640066099166866
47011,TENNESSEE,2020,5.22,0.8490874,4.370912582874298
47013,TENNESSEE,2020,7.71,-0.104811594,7.81481159389019
47015,TENNESSEE,2020,5.19,0.96377105,4.226228954792023
47017,TENNESSEE,2020,8.17,2.9452214,5.224778575897217
47019,TENNESSEE,2020,5.09,-0.08946906,5.179469060301781
47021,TENNESSEE,2020,4.01,0.048581183,3.9614188170433042
47023,TENNESSEE,2020,3.92,1.0185409,2.901459140777588
47025,TENNESSEE,2020,6.5,0.017334618,6.482665382325649
47027,TENNESSEE,2020,2.78,-4.935221,7.715221195220947
47029,TENNESSEE,2020,1.48,-0.54473436,2.0247343587875366
47031,TENNESSEE,2020,5.49,-0.8715335,6.361533513069153
47033,TENNESSEE,2020,2.89,-3.89034,6.780340089797974
47035,TENNESSEE,2020,4.0,0.22604176,3.77395823597908
47037,TENNESSEE,2020,4.65,-0.66725534,5.317255342006684
47039,TENNESSEE,2020,5.64,-1.3271508,6.967150821685791
47041,TENNESSEE,2020,5.45,-0.47889197,5.928891968727112
47043,TENNESSEE,2020,5.56,-0.07444832,5.634448317289352
47045,TENNESSEE,2020,3.84,0.02868256,3.8113174402713774
47047,TENNESSEE,2020,3.88,0.45140085,3.4285991537570952
47049,TENNESSEE,2020,3.73,1.7455275,1.9844724941253662
47051,TENNESSEE,2020,4.87,-1.2783687,6.148368711471558
47053,TENNESSEE,2020,3.42,-0.2795425,3.6995425057411193
47055,TENNESSEE,2020,5.6,1.4850444,4.114955639839172
47057,TENNESSEE,2020,3.77,0.32762375,3.4423762452602387
47059,TENNESSEE,2020,5.38,-0.45385545,5.833855454921722
47061,TENNESSEE,2020,2.58,-1.584501,4.164501028060913
47063,TENNESSEE,2020,4.39,1.4744916,2.915508403778076
47065,TENNESSEE,2020,5.26,2.0174701,3.242529878616333
47069,TENNESSEE,2020,3.17,0.3648958,2.8051042091846465
47071,TENNESSEE,2020,1.08,-0.13659349,1.2165934908390046
47073,TENNESSEE,2020,6.36,0.029516123,6.330483876764775
47075,TENNESSEE,2020,-0.01,-0.6299143,0.6199142837524414
47077,TENNESSEE,2020,6.6,-0.18858486,6.7885848641395565
47079,TENNESSEE,2020,2.68,-0.22903341,2.909033410549164
47081,TENNESSEE,2020,5.46,-0.22591212,5.685912123918533
47083,TENNESSEE,2020,3.93,1.7824758,2.1475241708755495
47085,TENNESSEE,2020,4.16,1.812806,2.3471939897537233
47087,TENNESSEE,2020,0.24,-0.56374335,0.8037433528900146
47089,TENNESSEE,2020,6.48,0.108648114,6.371351886093617
47091,TENNESSEE,2020,4.49,-1.3088142,5.79881416797638
47093,TENNESSEE,2020,5.94,1.682552,4.257448019981385
47097,TENNESSEE,2020,4.6,0.33531895,4.264681047201156
47099,TENNESSEE,2020,5.18,-0.77408123,5.954081230163574
47101,TENNESSEE,2020,5.3,0.89743537,4.4025646328926085
47103,TENNESSEE,2020,5.86,-0.44878164,6.30878163933754
47105,TENNESSEE,2020,4.72,2.5519495,2.168050498962402
47107,TENNESSEE,2020,4.0,1.4742448,2.5257551670074463
47109,TENNESSEE,2020,1.95,0.44400778,1.5059922158718109
47111,TENNESSEE,2020,3.16,-0.036495067,3.196495067179203
47113,TENNESSEE,2020,5.05,-1.017857,6.067856955528259
47115,TENNESSEE,2020,3.2,-0.9005451,4.100545120239258
47117,TENNESSEE,2020,6.61,-0.95974207,7.569742069244385
47119,TENNESSEE,2020,4.94,-1.6234901,6.56349009513855
47121,TENNESSEE,2020,7.44,0.91737294,6.522627058029175
47123,TENNESSEE,2020,6.56,-0.6193936,7.179393587112426
47125,TENNESSEE,2020,5.79,0.5033638,5.286636211872101
47127,TENNESSEE,2020,6.05,0.43949458,5.6105054199695585
47129,TENNESSEE,2020,10.59,2.7969763,7.793023672103882
47131,TENNESSEE,2020,4.56,1.745884,2.814116058349609
47133,TENNESSEE,2020,5.05,1.1247877,3.9252123117446898
47135,TENNESSEE,2020,0.05,-3.7372918,3.7872918128967283
47137,TENNESSEE,2020,4.1,0.4627321,3.63726789355278
47139,TENNESSEE,2020,5.43,0.64293385,4.78706615447998
47141,TENNESSEE,2020,5.8,0.09579573,5.704204271733761
47143,TENNESSEE,2020,3.92,1.496621,2.423378987312317
47145,TENNESSEE,2020,6.88,1.2517273,5.628272657394409
47147,TENNESSEE,2020,4.09,0.41468722,3.675312783718109
47149,TENNESSEE,2020,3.67,-0.9886235,4.6586234998703
47151,TENNESSEE,2020,5.25,-1.0944991,6.344499111175537
47153,TENNESSEE,2020,3.61,0.09722058,3.512779422700405
47155,TENNESSEE,2020,7.85,0.37022015,7.47977984547615
47157,TENNESSEE,2020,5.63,1.0313554,4.598644618988037
47159,TENNESSEE,2020,4.7,-1.0316067,5.731606674194336
47161,TENNESSEE,2020,5.2,1.921024,3.278976035118103
47163,TENNESSEE,2020,3.81,0.67113465,3.138865349292755
47165,TENNESSEE,2020,3.5,0.07131515,3.42868485301733
47167,TENNESSEE,2020,4.2,0.89986676,3.300133240222931
47169,TENNESSEE,2020,4.77,-1.6587791,6.428779144287109
47171,TENNESSEE,2020,4.48,1.0342768,3.4457231569290165
47173,TENNESSEE,2020,2.07,1.7113837,0.35861629962921127
47175,TENNESSEE,2020,4.12,-0.80207217,4.9220721673965455
47177,TENNESSEE,2020,8.15,1.617468,6.532532000541687
47179,TENNESSEE,2020,4.52,0.35956618,4.1604338181018825
47181,TENNESSEE,2020,0.23,0.8506276,-0.620627601146698
47183,TENNESSEE,2020,5.02,1.9652821,3.0547179174423214
47185,TENNESSEE,2020,5.95,-0.5778484,6.527848374843598
47187,TENNESSEE,2020,2.46,-0.019222245,2.479222244620323
47189,TENNESSEE,2020,3.7,-0.5775265,4.2775265097618105
48001,TEXAS,2020,3.61,3.1378803,0.47211967468261706
48003,TEXAS,2020,4.07,-1.0966332,5.1666331958770755
48005,TEXAS,2020,3.8,0.03415957,3.7658404290676115
48007,TEXAS,2020,4.75,2.1474738,2.6025261878967285
48009,TEXAS,2020,-0.71,2.7192857,-3.429285726547241
48013,TEXAS,2020,2.15,0.11640852,2.03359148055315
48015,TEXAS,2020,4.56,0.1475963,4.412403700351715
48019,TEXAS,2020,7.44,0.8200422,6.619957807064057
48021,TEXAS,2020,4.32,0.5877186,3.732281394004822
48025,TEXAS,2020,6.48,-0.41336784,6.893367837667466
48027,TEXAS,2020,4.77,1.7973728,2.9726271820068355
48029,TEXAS,2020,3.6,1.476743,2.12325701713562
48031,TEXAS,2020,-1.98,5.9167953,-7.8967952537536625
48035,TEXAS,2020,7.05,2.946117,4.103883075714111
48037,TEXAS,2020,5.5,1.4974828,4.002517223358154
48039,TEXAS,2020,2.64,0.2595532,2.3804468059539796
48041,TEXAS,2020,2.62,-0.11149782,2.7314978194236756
48043,TEXAS,2020,5.03,0.33401832,4.695981680154801
48049,TEXAS,2020,3.96,0.43599805,3.5240019476413726
48051,TEXAS,2020,0.57,-0.1295033,0.6995032948255538
48053,TEXAS,2020,5.24,1.0958326,4.144167413711548
48055,TEXAS,2020,3.42,-0.33239365,3.7523936462402343
48057,TEXAS,2020,0.5,0.90177494,-0.40177494287490845
48059,TEXAS,2020,8.17,2.7919724,5.378027601242065
48061,TEXAS,2020,4.81,2.2007902,2.609209833145141
48063,TEXAS,2020,4.48,-0.885969,5.365968983173371
48065,TEXAS,2020,3.39,2.105011,1.2849890136718751
48067,TEXAS,2020,-0.28,-1.0317892,0.7517891836166382
48069,TEXAS,2020,4.29,3.5825374,0.7074625873565674
48071,TEXAS,2020,5.69,0.034610458,5.655389542281628
48073,TEXAS,2020,4.06,1.4897411,2.5702589130401607
48077,TEXAS,2020,4.37,0.44804808,3.921951915025711
48085,TEXAS,2020,2.02,-1.7622726,3.782272596359253
48089,TEXAS,2020,2.98,1.086368,1.8936320352554321
48091,TEXAS,2020,3.97,1.4966362,2.473363847732544
48093,TEXAS,2020,4.84,0.35169414,4.488305863142013
48097,TEXAS,2020,3.18,1.7420821,1.437917881011963
48099,TEXAS,2020,5.72,3.3210998,2.3989002418518064
48111,TEXAS,2020,-8.62,-5.972711,-2.647288913726806
48113,TEXAS,2020,2.1,-0.17841941,2.2784194111824037
48115,TEXAS,2020,9.43,-1.7090138,11.139013819694519
48117,TEXAS,2020,6.22,3.1300745,3.089925498962402
48119,TEXAS,2020,2.92,1.857655,1.0623449516296386
48121,TEXAS,2020,2.56,-1.100994,3.6609939908981324
48123,TEXAS,2020,8.6,0.020723753,8.579276247322559
48133,TEXAS,2020,0.1,-0.76032066,0.8603206634521484
48135,TEXAS,2020,2.86,-0.6093207,3.4693207001686095
48139,TEXAS,2020,3.61,0.724492,2.8855079865455626
48141,TEXAS,2020,4.14,1.2259594,2.914040579795837
48143,TEXAS,2020,5.51,0.8753344,4.63466561794281
48145,TEXAS,2020,4.22,-0.29933748,4.519337476491928
48147,TEXAS,2020,2.27,0.9988864,1.2711135935783386
48149,TEXAS,2020,8.53,2.2303345,6.2996654796600335
48157,TEXAS,2020,0.73,0.4836904,0.24630958914756773
48159,TEXAS,2020,-1.48,1.2925808,-2.7725808429718017
48161,TEXAS,2020,5.44,1.5156969,3.9243031167984013
48165,TEXAS,2020,7.34,1.4194008,5.920599188804626
48167,TEXAS,2020,5.05,0.9304846,4.1195154070854185
48171,TEXAS,2020,5.77,1.2441323,4.525867719650268
48175,TEXAS,2020,4.21,0.77113676,3.43886323928833
48177,TEXAS,2020,2.71,-0.7126709,3.422670922279358
48179,TEXAS,2020,1.62,-0.19454283,1.8145428252220155
48181,TEXAS,2020,4.46,1.170546,3.289453945159912
48183,TEXAS,2020,3.26,0.24473998,3.015260020494461
48185,TEXAS,2020,3.83,0.085673116,3.744326883852482
48187,TEXAS,2020,2.18,1.7325221,0.44747786998748795
48189,TEXAS,2020,2.18,0.7687643,1.4112356829643251
48193,TEXAS,2020,10.18,2.9254136,7.254586391448974
48195,TEXAS,2020,5.79,3.0539262,2.7360737705230713
48199,TEXAS,2020,4.11,0.16375053,3.9462494707107547
48201,TEXAS,2020,2.72,1.9438807,0.7761193227767946
48203,TEXAS,2020,3.18,-0.64768636,3.8276863622665407
48205,TEXAS,2020,-0.94,3.2054617,-4.145461740493774
48209,TEXAS,2020,5.6,2.2494588,3.35054121017456
48211,TEXAS,2020,-3.44,-1.2783537,-2.1616463088989257
48213,TEXAS,2020,5.27,2.4045367,2.8654632759094234
48215,TEXAS,2020,4.22,1.7266307,2.4933693122863767
48217,TEXAS,2020,6.43,2.2071266,4.222873382568359
48219,TEXAS,2020,3.48,-0.5386372,4.018637220859528
48221,TEXAS,2020,5.42,0.9342076,4.485792381763458
48223,TEXAS,2020,3.96,5.239333,-1.2793331527709961
48225,TEXAS,2020,6.94,4.1761994,2.7638005638122563
48227,TEXAS,2020,7.01,2.1516626,4.858337411880493
48231,TEXAS,2020,5.79,-0.0070228055,5.7970228055119515
48233,TEXAS,2020,4.35,0.32295734,4.027042663097381
48237,TEXAS,2020,7.0,-1.535107,8.535107016563416
48239,TEXAS,2020,1.37,0.49890485,0.8710951459407807
48241,TEXAS,2020,3.76,0.76679474,2.9932052588462827
48245,TEXAS,2020,3.5,2.8628705,0.637129545211792
48249,TEXAS,2020,2.21,-2.4518247,4.66182466506958
48251,TEXAS,2020,3.79,0.7855836,3.0044163846969605
48253,TEXAS,2020,5.61,2.364557,3.245442972183228
48257,TEXAS,2020,3.77,0.30304003,3.466959972381592
48259,TEXAS,2020,5.88,1.1901066,4.6898933696746825
48265,TEXAS,2020,2.43,-0.12578833,2.5557883310317995
48273,TEXAS,2020,4.95,1.0233991,3.9266008853912355
48277,TEXAS,2020,6.02,2.2454758,3.774524230957031
48279,TEXAS,2020,-2.45,-2.4215577,-0.028442335128784357
48281,TEXAS,2020,3.71,2.3970482,1.3129517650604248
48285,TEXAS,2020,-0.16,0.1780507,-0.33805069684982303
48287,TEXAS,2020,-0.99,0.52753466,-1.5175346636772156
48289,TEXAS,2020,-2.88,-1.540733,-1.3392670202255248
48291,TEXAS,2020,2.92,1.7433194,1.1766806077957153
48293,TEXAS,2020,6.0,1.6947551,4.3052449226379395
48297,TEXAS,2020,3.98,0.10121653,3.878783467710018
48299,TEXAS,2020,3.37,0.74721324,2.6227867555618287
48303,TEXAS,2020,2.9,0.31512442,2.584875577688217
48305,TEXAS,2020,8.57,0.70170414,7.868295855522156
48307,TEXAS,2020,4.15,-10.817748,14.967748069763184
48309,TEXAS,2020,5.29,0.87425715,4.415742852687836
48313,TEXAS,2020,-0.16,0.050586455,-0.21058645457029343
48315,TEXAS,2020,5.08,-3.1410162,8.221016244888306
48321,TEXAS,2020,-0.2,-0.41189846,0.21189846396446227
48323,TEXAS,2020,0.71,-1.1830044,1.893004379272461
48325,TEXAS,2020,6.27,1.986421,4.2835790109634395
48329,TEXAS,2020,0.36,-0.9364934,1.296493396759033
48331,TEXAS,2020,4.45,1.6594507,2.7905493497848513
48337,TEXAS,2020,7.66,1.4617257,6.19827428817749
48339,TEXAS,2020,3.8,-0.5973553,4.397355306148529
48341,TEXAS,2020,5.74,2.977397,2.7626030349731447
48343,TEXAS,2020,-5.35,-5.1640625,-0.18593749999999964
48347,TEXAS,2020,4.98,0.3437938,4.6362061905860905
48349,TEXAS,2020,4.52,1.6018782,2.918121833801269
48353,TEXAS,2020,-3.03,-1.4716923,-1.5583076763153074
48355,TEXAS,2020,4.37,1.4669527,2.9030473184585572
48357,TEXAS,2020,3.17,-0.1619617,3.331961704492569
48361,TEXAS,2020,4.16,5.7838697,-1.6238697433471678
48363,TEXAS,2020,3.24,1.8974084,1.342591633796692
48365,TEXAS,2020,4.2,0.030717418,4.1692825824022295
48367,TEXAS,2020,3.22,1.0527606,2.167239398956299
48369,TEXAS,2020,4.28,3.5395951,0.7404048728942874
48371,TEXAS,2020,30.04,4.61737,25.422629871368407
48373,TEXAS,2020,5.48,0.14284071,5.337159286737442
48375,TEXAS,2020,0.97,-0.25819457,1.2281945657730102
48379,TEXAS,2020,6.78,1.843499,4.936501054763794
48381,TEXAS,2020,2.77,1.4618675,1.3081325483322144
48395,TEXAS,2020,3.34,0.9393969,2.400603082180023
48397,TEXAS,2020,2.63,-1.111707,3.7417069721221923
48399,TEXAS,2020,-3.23,0.43069777,-3.6606977689266205
48401,TEXAS,2020,3.76,0.54802865,3.211971352100372
48403,TEXAS,2020,11.27,1.9401037,9.329896349906921
48407,TEXAS,2020,5.33,-1.083991,6.413991050720215
48409,TEXAS,2020,3.67,1.4128327,2.257167263031006
48415,TEXAS,2020,4.64,-1.267077,5.907076969146728
48419,TEXAS,2020,4.27,0.99866694,3.271333057880401
48423,TEXAS,2020,4.62,0.7423791,3.8776208710670472
48425,TEXAS,2020,-0.14,0.6114843,-0.7514842891693115
48427,TEXAS,2020,5.65,0.84107995,4.808920049667359
48437,TEXAS,2020,6.29,-0.1742819,6.464281895160675
48439,TEXAS,2020,3.11,0.2501734,2.8598266100883483
48441,TEXAS,2020,2.92,0.70293427,2.217065734863281
48445,TEXAS,2020,8.09,1.7553716,6.334628429412842
48449,TEXAS,2020,6.31,2.5415597,3.76844030380249
48451,TEXAS,2020,4.97,1.7772671,3.192732901573181
48453,TEXAS,2020,5.41,2.2659292,3.1440707778930665
48455,TEXAS,2020,1.87,0.15912315,1.7108768475055696
48457,TEXAS,2020,3.76,-0.5672875,4.327287504673004
48459,TEXAS,2020,6.14,1.8182429,4.321757092475891
48463,TEXAS,2020,8.96,1.4835964,7.476403555870057
48465,TEXAS,2020,6.73,0.13130048,6.59869952082634
48467,TEXAS,2020,6.26,2.96702,3.2929799652099607
48469,TEXAS,2020,5.04,-0.19429338,5.23429337978363
48471,TEXAS,2020,4.45,-0.13622321,4.586223211884499
48473,TEXAS,2020,3.05,0.44012776,2.6098722398281096
48475,TEXAS,2020,6.69,1.1344134,5.555586638450623
48477,TEXAS,2020,2.47,0.7250781,1.7449218940734865
48479,TEXAS,2020,2.13,0.10298539,2.027014610469341
48481,TEXAS,2020,2.31,-0.24441448,2.5544144785404206
48485,TEXAS,2020,5.08,1.763804,3.316196041107178
48487,TEXAS,2020,4.32,-2.0322297,6.352229661941529
48491,TEXAS,2020,5.49,2.2077763,3.282223691940308
48493,TEXAS,2020,3.35,0.6789259,2.67107412815094
48497,TEXAS,2020,4.03,0.6375198,3.3924802231788638
48499,TEXAS,2020,5.78,2.898438,2.881562023162842
48501,TEXAS,2020,-0.83,-4.0772986,3.247298641204834
48503,TEXAS,2020,0.46,-0.37796858,0.8379685795307159
49001,UTAH,2020,7.38,3.9056816,3.474318389892578
49003,UTAH,2020,7.08,5.4413953,1.6386047172546387
49005,UTAH,2020,6.07,5.457676,0.6123240661621097
49007,UTAH,2020,8.19,4.782354,3.4076461219787593
49011,UTAH,2020,5.81,3.1423604,2.6676395511627193
49013,UTAH,2020,1.15,-0.1533294,1.3033294022083282
49015,UTAH,2020,1.95,-0.3508828,2.300882798433304
49017,UTAH,2020,-0.48,0.54118234,-1.0211823391914367
49019,UTAH,2020,4.96,-1.636569,6.596569023132324
49021,UTAH,2020,5.98,3.0312781,2.9487218666076664
49023,UTAH,2020,7.96,2.8237865,5.136213502883911
49025,UTAH,2020,2.31,2.9226992,-0.612699213027954
49027,UTAH,2020,8.54,6.3497295,2.190270462036132
49029,UTAH,2020,5.95,4.8110366,1.1389634132385256
49033,UTAH,2020,7.58,3.5459383,4.03406174659729
49035,UTAH,2020,5.43,2.00252,3.427479915618896
49037,UTAH,2020,7.32,0.73656964,6.58343035697937
49039,UTAH,2020,5.72,5.455349,0.2646510314941404
49041,UTAH,2020,4.73,3.3910735,1.3389265346527104
49043,UTAH,2020,3.93,2.3005922,1.6294078159332277
49045,UTAH,2020,5.75,2.1034112,3.6465888023376465
49047,UTAH,2020,2.36,-1.7730874,4.133087382316589
49049,UTAH,2020,5.05,2.2606235,2.7893765449523924
49051,UTAH,2020,5.38,0.44237503,4.937624965906143
49053,UTAH,2020,5.48,2.7536013,2.7263986873626713
49055,UTAH,2020,9.57,2.0733757,7.496624298095703
49057,UTAH,2020,6.56,3.3913565,3.168643531799316
50001,VERMONT,2020,2.45,0.56759596,1.8824040412902834
50003,VERMONT,2020,4.4,0.5269082,3.873091781139374
50005,VERMONT,2020,4.86,1.573238,3.2867619848251346
50007,VERMONT,2020,2.69,0.9366345,1.7533655190467834
50009,VERMONT,2020,6.16,0.8991003,5.260899696350098
50011,VERMONT,2020,4.15,-0.27150536,4.421505355834961
50013,VERMONT,2020,4.6,1.6795886,2.920411443710327
50015,VERMONT,2020,2.08,-0.76789325,2.8478932547569276
50017,VERMONT,2020,3.15,1.2102998,1.939700150489807
50019,VERMONT,2020,2.61,-0.41664198,3.026641980409622
50021,VERMONT,2020,4.11,0.11392786,3.996072136461735
50023,VERMONT,2020,4.18,1.185523,2.99447696685791
50025,VERMONT,2020,3.81,0.57267004,3.237329957485199
50027,VERMONT,2020,4.4,-0.13165407,4.5316540688276294
51001,VIRGINIA,2020,6.89,0.05849255,6.831507451236248
51003,VIRGINIA,2020,2.04,-0.1869204,2.226920404434204
51005,VIRGINIA,2020,3.61,0.09480905,3.5151909521222113
51007,VIRGINIA,2020,3.65,0.94835585,2.7016441464424132
51009,VIRGINIA,2020,3.04,0.2350814,2.8049185955524445
51011,VIRGINIA,2020,-0.17,-0.41816387,0.24816386580467223
51013,VIRGINIA,2020,2.24,0.17164448,2.068355520963669
51015,VIRGINIA,2020,3.7,0.9106645,2.7893355011940004
51017,VIRGINIA,2020,-2.14,-7.7982607,5.658260688781738
51019,VIRGINIA,2020,2.98,0.634815,2.345185022354126
51021,VIRGINIA,2020,16.3,10.296693,6.003307151794434
51023,VIRGINIA,2020,2.87,0.47513434,2.394865657091141
51025,VIRGINIA,2020,-4.08,-5.791216,1.7112158966064452
51027,VIRGINIA,2020,6.1,8.926955,-2.8269552230834964
51029,VIRGINIA,2020,0.23,-0.75347126,0.9834712553024292
51031,VIRGINIA,2020,3.95,0.90325356,3.0467464447021486
51033,VIRGINIA,2020,2.59,0.067561276,2.5224387237429617
51035,VIRGINIA,2020,7.64,-1.0488183,8.688818349838257
51036,VIRGINIA,2020,-0.87,-0.61701375,-0.25298624753952026
51037,VIRGINIA,2020,-1.71,-3.7230225,2.0130224609375
51041,VIRGINIA,2020,3.78,0.7207135,3.059286503791809
51043,VIRGINIA,2020,5.38,1.232256,4.147743945121765
51045,VIRGINIA,2020,7.61,-0.31683764,7.926837638616562
51047,VIRGINIA,2020,2.88,0.42784604,2.452153955698013
51049,VIRGINIA,2020,-0.42,-0.19858631,-0.22141368508338927
51053,VIRGINIA,2020,4.03,0.9690855,3.0609144854545596
51057,VIRGINIA,2020,5.24,0.85036725,4.389632751941681
51059,VIRGINIA,2020,3.35,-0.50033224,3.850332236289978
51061,VIRGINIA,2020,2.85,0.770318,2.0796820282936097
51063,VIRGINIA,2020,7.44,0.10316572,7.336834276616574
51065,VIRGINIA,2020,5.31,0.9559662,4.354033825397491
51067,VIRGINIA,2020,4.61,0.23843464,4.371565357446671
51069,VIRGINIA,2020,2.31,0.9660055,1.343994495868683
51071,VIRGINIA,2020,2.31,-1.0506043,3.3606043434143067
51073,VIRGINIA,2020,3.06,0.8281639,2.2318360781669617
51075,VIRGINIA,2020,3.35,0.55928296,2.7907170414924622
51077,VIRGINIA,2020,4.96,-0.37437478,5.3343747770786285
51079,VIRGINIA,2020,0.95,0.17115381,0.7788461863994598
51081,VIRGINIA,2020,2.87,-5.0153394,7.885339374542236
51083,VIRGINIA,2020,1.11,-0.31914705,1.4291470503807069
51085,VIRGINIA,2020,3.01,0.9441355,2.0658645129203794
51087,VIRGINIA,2020,3.33,1.1756704,2.1543296146392823
51089,VIRGINIA,2020,6.12,-0.50927985,6.629279847145081
51093,VIRGINIA,2020,2.55,0.79288363,1.757116365432739
51095,VIRGINIA,2020,4.04,0.89368105,3.146318950653076
51097,VIRGINIA,2020,0.58,-0.15820515,0.7382051515579223
51099,VIRGINIA,2020,3.55,0.87234557,2.677654433250427
51101,VIRGINIA,2020,5.42,1.1485785,4.271421475410461
51103,VIRGINIA,2020,2.03,-1.5667226,3.5967226314544676
51107,VIRGINIA,2020,3.4,0.5797722,2.820227825641632
51109,VIRGINIA,2020,3.85,0.27765203,3.5723479747772218
51111,VIRGINIA,2020,-1.93,-0.10179451,-1.8282054889202117
51113,VIRGINIA,2020,3.76,1.3986012,2.3613988256454466
51115,VIRGINIA,2020,1.07,0.562223,0.5077769827842713
51117,VIRGINIA,2020,5.33,0.37937742,4.950622575283051
51119,VIRGINIA,2020,7.15,2.0955334,5.054466629028321
51121,VIRGINIA,2020,2.76,1.552922,1.2070779895782469
51125,VIRGINIA,2020,1.05,-0.8799967,1.9299967169761658
51127,VIRGINIA,2020,3.22,1.0780903,2.1419096899032595
51131,VIRGINIA,2020,6.08,0.20790854,5.8720914590358735
51133,VIRGINIA,2020,2.78,-0.3172863,3.0972863125801084
51135,VIRGINIA,2020,6.68,2.7897017,3.8902982997894284
51137,VIRGINIA,2020,3.5,0.19980437,3.300195634365082
51139,VIRGINIA,2020,0.92,-0.99784213,1.9178421330451965
51141,VIRGINIA,2020,11.51,-0.19140884,11.701408842802048
51143,VIRGINIA,2020,4.46,-0.34027877,4.800278774499893
51145,VIRGINIA,2020,3.16,0.6012074,2.558792624473572
51147,VIRGINIA,2020,7.24,1.3687593,5.871240725517273
51149,VIRGINIA,2020,3.12,-0.0057018325,3.125701832473278
51153,VIRGINIA,2020,3.88,0.42504558,3.45495442032814
51155,VIRGINIA,2020,3.73,-1.5641627,5.294162731170655
51157,VIRGINIA,2020,2.11,0.21635202,1.893647984266281
51159,VIRGINIA,2020,4.42,0.9231659,3.4968340826034545
51161,VIRGINIA,2020,4.04,2.0516999,1.9883001232147217
51163,VIRGINIA,2020,2.73,0.52272415,2.207275848388672
51165,VIRGINIA,2020,2.53,0.39954785,2.1304521548748014
51167,VIRGINIA,2020,3.11,-2.2628949,5.372894868850707
51169,VIRGINIA,2020,-7.0,-5.2693124,-1.7306876182556152
51171,VIRGINIA,2020,3.08,0.419493,2.6605070102214814
51173,VIRGINIA,2020,4.03,-0.69147265,4.72147264957428
51175,VIRGINIA,2020,4.1,1.1146634,2.985336637496948
51177,VIRGINIA,2020,3.71,0.80055106,2.9094489431381225
51179,VIRGINIA,2020,3.21,0.9649871,2.245012900829315
51181,VIRGINIA,2020,5.03,0.6989799,4.331020085811615
51183,VIRGINIA,2020,1.53,-0.062760614,1.5927606138586998
51185,VIRGINIA,2020,2.24,-1.1993045,3.4393044614791872
51187,VIRGINIA,2020,3.66,0.48154113,3.1784588730335237
51191,VIRGINIA,2020,1.68,0.10813632,1.5718636813759803
51193,VIRGINIA,2020,6.36,1.54016,4.819840059280396
51195,VIRGINIA,2020,1.23,-2.529025,3.759025077819824
51197,VIRGINIA,2020,5.1,-0.52466923,5.624669229984283
51199,VIRGINIA,2020,4.57,0.31322512,4.256774879693985
51510,VIRGINIA,2020,3.73,1.3036627,2.426337342262268
51520,VIRGINIA,2020,6.11,0.1669049,5.943095103502274
51530,VIRGINIA,2020,3.64,-1.1514713,4.791471257209778
51540,VIRGINIA,2020,1.85,-1.7651144,3.615114426612854
51550,VIRGINIA,2020,3.05,1.554645,1.4953550577163695
51570,VIRGINIA,2020,5.17,0.42579225,4.744207752943039
51580,VIRGINIA,2020,3.66,-3.007571,6.66757098197937
51590,VIRGINIA,2020,5.88,-0.81438625,6.694386248588562
51595,VIRGINIA,2020,-2.6,3.5503821,-6.150382137298584
51600,VIRGINIA,2020,2.62,0.2365708,2.383429194688797
51610,VIRGINIA,2020,0.28,-1.7408782,2.020878224372864
51620,VIRGINIA,2020,9.39,2.749327,6.640673055648804
51630,VIRGINIA,2020,4.8,0.34880495,4.4511950492858885
51640,VIRGINIA,2020,4.76,-1.6298538,6.389853844642639
51650,VIRGINIA,2020,5.97,0.45439777,5.5156022322177884
51660,VIRGINIA,2020,1.06,-1.1000971,2.1600970602035523
51670,VIRGINIA,2020,11.33,0.93715495,10.392845051288605
51678,VIRGINIA,2020,5.62,1.1134375,4.506562466621399
51680,VIRGINIA,2020,4.9,1.6322371,3.267762923240662
51683,VIRGINIA,2020,5.0,1.033041,3.966958999633789
51685,VIRGINIA,2020,5.27,0.45998827,4.81001173377037
51690,VIRGINIA,2020,3.86,-3.1174593,6.977459297180175
51700,VIRGINIA,2020,5.2,0.93392235,4.2660776495933534
51710,VIRGINIA,2020,4.48,1.2288197,3.2511802721023564
51730,VIRGINIA,2020,4.64,1.2010589,3.438941135406494
51735,VIRGINIA,2020,3.97,1.4529485,2.517051548957825
51740,VIRGINIA,2020,8.27,1.714758,6.555241961479187
51750,VIRGINIA,2020,7.37,0.996628,6.373372013568878
51760,VIRGINIA,2020,3.76,-0.427007,4.187006989717483
51770,VIRGINIA,2020,4.63,1.4950949,3.134905104637146
51775,VIRGINIA,2020,2.01,0.42990848,1.580091515779495
51790,VIRGINIA,2020,5.65,1.0600085,4.589991474151612
51800,VIRGINIA,2020,4.62,1.2275876,3.392412419319153
51810,VIRGINIA,2020,3.89,1.1041118,2.7858882093429567
51820,VIRGINIA,2020,2.69,0.061559446,2.628440553843975
51830,VIRGINIA,2020,3.82,-0.5106639,4.33066392660141
51840,VIRGINIA,2020,3.31,0.034621723,3.275378277003765
53001,WASHINGTON,2020,9.33,5.015373,4.314626770019531
53003,WASHINGTON,2020,5.29,1.7637994,3.5262005710601807
53005,WASHINGTON,2020,5.61,5.2079134,0.40208660125732454
53007,WASHINGTON,2020,5.19,2.4242067,2.765793266296387
53009,WASHINGTON,2020,4.23,3.2000747,1.0299253273010258
53011,WASHINGTON,2020,4.27,0.25805992,4.011940081119537
53013,WASHINGTON,2020,5.08,1.8606035,3.2193965482711793
53015,WASHINGTON,2020,5.74,-2.6960547,8.436054697036743
53017,WASHINGTON,2020,3.66,2.9417224,0.7182776069641115
53019,WASHINGTON,2020,6.92,6.600457,0.3195428085327148
53021,WASHINGTON,2020,6.59,4.8078804,1.7821195983886717
53023,WASHINGTON,2020,1.72,-2.3304513,4.050451250076294
53025,WASHINGTON,2020,6.32,5.042569,1.2774308395385745
53027,WASHINGTON,2020,7.99,6.027936,1.962064018249512
53029,WASHINGTON,2020,5.42,1.278215,4.141784949302673
53031,WASHINGTON,2020,5.28,2.0538645,3.226135520935059
53033,WASHINGTON,2020,3.46,-3.799029,7.259029111862183
53035,WASHINGTON,2020,5.92,1.1577111,4.762288851737976
53037,WASHINGTON,2020,4.19,1.0821724,3.1078276062011723
53039,WASHINGTON,2020,4.25,0.9617886,3.288211405277252
53041,WASHINGTON,2020,7.7,6.603776,1.0962240219116213
53043,WASHINGTON,2020,8.92,7.449972,1.470027847290039
53045,WASHINGTON,2020,6.81,3.777164,3.032836017608642
53047,WASHINGTON,2020,6.42,5.800743,0.6192568969726562
53049,WASHINGTON,2020,6.63,2.0694761,4.560523872375488
53051,WASHINGTON,2020,7.77,5.6525974,2.1174025726318355
53053,WASHINGTON,2020,7.36,2.7778835,4.582116470336914
53055,WASHINGTON,2020,5.94,0.01743406,5.9225659394264225
53057,WASHINGTON,2020,5.84,2.5992742,3.2407258415222167
53059,WASHINGTON,2020,4.14,1.9469558,2.193044199943542
53061,WASHINGTON,2020,5.02,-1.8087205,6.828720469474792
53063,WASHINGTON,2020,7.35,5.96575,1.3842497825622555
53065,WASHINGTON,2020,6.96,7.27688,-0.3168797874450684
53067,WASHINGTON,2020,7.17,2.6693306,4.500669403076172
53069,WASHINGTON,2020,4.37,3.2591248,1.110875244140625
53071,WASHINGTON,2020,4.21,4.257127,-0.04712680816650394
53073,WASHINGTON,2020,4.72,2.0835621,2.6364378643035886
53075,WASHINGTON,2020,5.47,2.788504,2.6814961147308347
53077,WASHINGTON,2020,6.13,5.1359034,0.9940966415405272
54001,WEST VIRGINIA,2020,-1.4,-3.9321475,2.53214750289917
54003,WEST VIRGINIA,2020,2.01,-0.03432816,2.044328158944845
54005,WEST VIRGINIA,2020,9.97,2.2299001,7.740099878311158
54009,WEST VIRGINIA,2020,4.06,-0.13484122,4.194841218590736
54011,WEST VIRGINIA,2020,1.7,-0.999282,2.699282002449036
54019,WEST VIRGINIA,2020,1.93,0.14215255,1.7878474521636962
54025,WEST VIRGINIA,2020,3.13,-0.92369574,4.053695743083954
54027,WEST VIRGINIA,2020,6.41,-0.3791137,6.789113703966141
54029,WEST VIRGINIA,2020,4.88,-0.061470203,4.941470203101635
54031,WEST VIRGINIA,2020,2.77,0.24022642,2.5297735822200775
54033,WEST VIRGINIA,2020,3.71,-0.7551399,4.465139887332916
54035,WEST VIRGINIA,2020,0.84,-1.8196604,2.659660425186157
54037,WEST VIRGINIA,2020,3.76,0.5946147,3.165385315418243
54039,WEST VIRGINIA,2020,2.38,-1.3642339,3.7442338514328
54041,WEST VIRGINIA,2020,1.17,-2.7681174,3.9381174278259277
54043,WEST VIRGINIA,2020,-3.21,-4.1780205,0.9680204772949219
54045,WEST VIRGINIA,2020,-0.67,-2.9289503,2.258950309753418
54049,WEST VIRGINIA,2020,3.25,0.08223524,3.167764760553837
54051,WEST VIRGINIA,2020,3.27,-0.84765506,4.117655057907104
54053,WEST VIRGINIA,2020,2.32,1.1296228,1.19037718296051
54055,WEST VIRGINIA,2020,3.79,-0.33095324,4.120953240394592
54057,WEST VIRGINIA,2020,2.41,-2.1870675,4.59706750869751
54059,WEST VIRGINIA,2020,-6.19,-2.1127024,-4.077297630310059
54061,WEST VIRGINIA,2020,0.51,-0.57097816,1.0809781646728516
54063,WEST VIRGINIA,2020,4.84,-1.9071172,6.747117247581482
54065,WEST VIRGINIA,2020,3.15,1.0667386,2.0832613945007323
54067,WEST VIRGINIA,2020,-2.3,-1.849142,-0.45085804462432844
54069,WEST VIRGINIA,2020,1.99,-1.2753326,3.265332570075989
54073,WEST VIRGINIA,2020,3.31,-1.5783173,4.888317284584046
54077,WEST VIRGINIA,2020,0.97,-0.3681136,1.3381136071681976
54079,WEST VIRGINIA,2020,3.31,0.06738878,3.242611219584942
54081,WEST VIRGINIA,2020,2.79,-1.8639369,4.653936901092529
54083,WEST VIRGINIA,2020,6.78,-0.19208702,6.972087024450302
54087,WEST VIRGINIA,2020,1.4,-5.3859935,6.785993480682373
54089,WEST VIRGINIA,2020,-0.88,1.0623693,-1.9423693466186522
54091,WEST VIRGINIA,2020,10.32,0.8102119,9.509788103103638
54097,WEST VIRGINIA,2020,7.48,-1.2144427,8.694442729949952
54099,WEST VIRGINIA,2020,2.42,0.45419607,1.9658039343357085
54103,WEST VIRGINIA,2020,2.42,1.934044,0.48595599651336663
54107,WEST VIRGINIA,2020,4.85,-0.034331527,4.884331526607275
55001,WISCONSIN,2020,3.33,-0.449532,3.779532002210617
55003,WISCONSIN,2020,2.59,-1.3367202,3.9267202281951903
55005,WISCONSIN,2020,3.83,0.004555039,3.8254449608922005
55007,WISCONSIN,2020,-0.72,-1.4692769,0.7492769050598145
55009,WISCONSIN,2020,2.55,-0.30269974,2.8526997447013853
55011,WISCONSIN,2020,7.28,-0.39018968,7.670189677476883
55013,WISCONSIN,2020,3.89,0.4968799,3.393120094537735
55015,WISCONSIN,2020,2.01,1.1377589,0.8722411489486692
55017,WISCONSIN,2020,3.13,0.87524104,2.254758958816528
55019,WISCONSIN,2020,4.29,0.61308664,3.6769133591651917
55021,WISCONSIN,2020,2.18,-0.35805228,2.538052283525467
55023,WISCONSIN,2020,5.23,0.365142,4.864858012199402
55025,WISCONSIN,2020,2.65,0.77130556,1.878694438934326
55027,WISCONSIN,2020,2.52,-0.34626758,2.866267580986023
55029,WISCONSIN,2020,1.51,-0.21987998,1.7298799848556519
55031,WISCONSIN,2020,4.59,-0.55363494,5.143634941577911
55033,WISCONSIN,2020,3.14,0.40559137,2.734408631324768
55035,WISCONSIN,2020,3.65,0.1530841,3.496915900707245
55037,WISCONSIN,2020,2.69,-1.3866988,4.0766988420486445
55039,WISCONSIN,2020,2.33,0.022601508,2.307398492395878
55041,WISCONSIN,2020,-0.98,-6.15343,5.173429985046386
55043,WISCONSIN,2020,2.72,0.46126696,2.2587330353260042
55045,WISCONSIN,2020,2.18,0.2951777,1.8848223018646242
55047,WISCONSIN,2020,0.97,-1.0075154,1.9775154304504394
55049,WISCONSIN,2020,2.63,-0.9245239,3.554523890018463
55051,WISCONSIN,2020,-3.61,-5.909441,2.2994409942626954
55053,WISCONSIN,2020,0.23,-2.537279,2.767278890609741
55055,WISCONSIN,2020,2.56,0.2577724,2.302227613925934
55057,WISCONSIN,2020,4.37,-0.28287092,4.6528709185123445
55059,WISCONSIN,2020,2.59,0.9375387,1.6524613165855406
55061,WISCONSIN,2020,0.26,4.5594864,-4.2994863891601565
55063,WISCONSIN,2020,2.49,-0.32246545,2.8124654495716097
55065,WISCONSIN,2020,3.77,1.2109462,2.559053797721863
55067,WISCONSIN,2020,2.36,-0.2666396,2.6266395902633666
55069,WISCONSIN,2020,4.39,-0.29461926,4.684619262218475
55071,WISCONSIN,2020,1.75,-0.65866387,2.4086638689041138
55073,WISCONSIN,2020,1.82,-0.19838642,2.0183864158391955
55075,WISCONSIN,2020,2.89,-0.7311115,3.621111526489258
55077,WISCONSIN,2020,3.59,-0.24463797,3.8346379661560057
55078,WISCONSIN,2020,4.51,-4.0204616,8.530461559295654
55079,WISCONSIN,2020,3.69,1.9293691,1.76063090801239
55081,WISCONSIN,2020,2.66,0.24318156,2.4168184435367586
55083,WISCONSIN,2020,2.05,3.6304212,-1.5804211616516115
55085,WISCONSIN,2020,1.5,-0.30406272,1.8040627241134644
55087,WISCONSIN,2020,2.89,1.3426979,1.5473021411895753
55089,WISCONSIN,2020,2.35,0.68372786,1.6662721395492555
55091,WISCONSIN,2020,2.42,-0.37384576,2.7938457560539245
55093,WISCONSIN,2020,2.05,-0.5195737,2.56957368850708
55095,WISCONSIN,2020,2.89,-0.806413,3.696412994861603
55097,WISCONSIN,2020,2.09,-0.028942835,2.118942834585905
55099,WISCONSIN,2020,2.92,-0.61768997,3.5376899671554565
55101,WISCONSIN,2020,2.88,0.6071157,2.272884314060211
55103,WISCONSIN,2020,0.61,0.52839947,0.08160053253173827
55105,WISCONSIN,2020,3.4,0.7329297,2.6670702934265136
55107,WISCONSIN,2020,4.11,-0.18160285,4.291602850556374
55109,WISCONSIN,2020,2.41,-0.7992991,3.2092991209030153
55111,WISCONSIN,2020,2.34,-1.6000758,3.940075840950012
55113,WISCONSIN,2020,3.14,0.0075883195,3.132411680519581
55115,WISCONSIN,2020,1.92,-0.9845907,2.904590709209442
55117,WISCONSIN,2020,2.42,-0.08879314,2.5087931436300277
55119,WISCONSIN,2020,1.57,1.3866265,0.18337351799011237
55121,WISCONSIN,2020,1.27,-1.5969243,2.866924304962158
55123,WISCONSIN,2020,2.3,-0.19052073,2.4905207335948942
55125,WISCONSIN,2020,2.18,-0.04544553,2.2254455316066744
55127,WISCONSIN,2020,3.19,1.7009003,1.4890996837615966
55129,WISCONSIN,2020,4.41,0.23479658,4.175203416347504
55131,WISCONSIN,2020,2.18,-0.59224194,2.772241942882538
55133,WISCONSIN,2020,2.07,0.8353109,1.2346891236305235
55135,WISCONSIN,2020,3.52,0.50849193,3.0115080666542053
55137,WISCONSIN,2020,2.46,0.14822072,2.311779282093048
55139,WISCONSIN,2020,2.99,0.85219353,2.137806465625763
55141,WISCONSIN,2020,2.96,-0.94141287,3.90141286611557
56001,WYOMING,2020,6.02,2.679601,3.3403990459442134
56003,WYOMING,2020,4.79,2.7588758,2.031124153137207
56005,WYOMING,2020,2.91,-0.1234178,3.033417802155018
56007,WYOMING,2020,3.71,3.2460752,0.4639248466491699
56009,WYOMING,2020,1.07,-0.08274466,1.1527446579933167
56011,WYOMING,2020,1.42,2.4014153,-0.9814153480529786
56013,WYOMING,2020,1.4,1.6515527,-0.2515526771545411
56015,WYOMING,2020,1.24,0.060353406,1.1796465942263603
56017,WYOMING,2020,5.84,2.7929916,3.047008361816406
56019,WYOMING,2020,3.26,0.7792977,2.480702290534973
56021,WYOMING,2020,4.7,3.7980106,0.9019894123077394
56023,WYOMING,2020,3.61,4.8652287,-1.2552286529541017
56025,WYOMING,2020,4.83,1.157589,3.6724110412597657
56029,WYOMING,2020,5.58,1.7103132,3.8696867990493775
56031,WYOMING,2020,7.23,1.5199391,5.710060935020447
56033,WYOMING,2020,3.55,1.6192956,1.9307044029235838
56035,WYOMING,2020,3.64,0.2228024,3.417197599411011
56037,WYOMING,2020,1.41,-0.19350566,1.60350565969944
56039,WYOMING,2020,-1.68,-3.0257998,1.3457997512817383
56041,WYOMING,2020,4.56,1.5458946,3.0141053771972652
56043,WYOMING,2020,3.3,0.4734933,2.8265066921710966
56045,WYOMING,2020,4.45,1.8654152,2.5845847845077516
