fips,county,state_fips,hpi_2026,hpi_2027,hpi_2028,hpi_2029,hpi_2030
01001,Autauga,01,224.6,233.9,248.2,257.9,273.0
01003,Baldwin,01,295.1,300.3,305.7,311.1,313.2
01005,Barbour,01,236.8,241.4,252.0,261.8,271.2
01007,Bibb,01,239.2,245.0,255.2,260.0,266.0
01009,Blount,01,285.6,298.0,309.5,317.1,330.3
01011,Bullock,01,235.8,244.9,250.6,261.9,272.8
01013,Butler,01,257.6,264.1,269.4,274.4,275.2
01015,Calhoun,01,196.8,197.3,203.6,205.0,211.8
01017,Chambers,01,301.5,314.0,325.4,336.5,347.5
01019,Cherokee,01,304.8,307.0,314.9,318.1,322.7
01021,Chilton,01,368.9,381.3,388.7,401.3,409.3
01023,Choctaw,01,341.6,359.1,376.6,390.6,410.7
01025,Clarke,01,286.2,294.1,297.1,301.7,307.1
01027,Clay,01,365.9,371.0,380.6,384.9,390.4
01029,Cleburne,01,331.2,339.8,352.9,361.0,370.4
01031,Coffee,01,222.7,224.1,227.0,234.1,236.4
01033,Colbert,01,212.1,211.7,213.2,219.2,223.9
01035,Conecuh,01,204.3,214.7,224.8,231.5,240.4
01037,Coosa,01,349.2,354.8,361.6,368.9,376.4
01039,Covington,01,399.1,414.0,429.2,441.0,455.1
01041,Crenshaw,01,190.7,194.3,199.5,205.2,215.4
01043,Cullman,01,223.4,230.8,244.0,252.9,263.7
01045,Dale,01,325.9,339.9,358.7,373.4,390.0
01047,Dallas,01,221.2,225.3,229.8,234.8,243.8
01049,DeKalb,01,356.6,370.2,389.0,407.1,421.3
01051,Elmore,01,307.2,315.1,327.5,338.4,345.1
01053,Escambia,01,288.1,296.8,307.9,324.0,335.4
01055,Etowah,01,242.7,248.3,255.6,267.5,274.7
01057,Fayette,01,227.8,238.7,246.2,256.0,270.9
01059,Franklin,01,379.2,395.7,417.6,435.5,459.0
01061,Geneva,01,364.2,375.0,384.3,393.0,398.0
01063,Greene,01,388.2,397.7,406.3,414.3,422.5
01065,Hale,01,379.9,393.7,408.8,424.5,444.7
01067,Henry,01,369.1,384.1,396.2,414.2,428.3
01069,Houston,01,281.0,291.8,298.8,311.4,319.8
01071,Jackson,01,274.5,281.0,288.0,299.1,308.6
01073,Jefferson,01,188.3,195.0,201.1,203.6,207.9
01075,Lamar,01,254.9,263.0,269.9,276.3,282.3
01077,Lauderdale,01,358.1,369.8,387.5,404.8,418.5
01079,Lawrence,01,231.9,234.3,237.7,245.4,251.8
01081,Lee,01,307.1,314.8,322.3,329.6,337.1
01083,Limestone,01,241.9,252.4,267.7,278.6,294.8
01085,Lowndes,01,282.6,291.9,302.3,313.8,325.8
01087,Macon,01,206.8,219.2,230.6,237.8,246.9
01089,Madison,01,229.4,235.1,242.5,254.9,266.2
01091,Marengo,01,223.3,227.2,236.5,241.1,250.8
01093,Marion,01,273.6,285.9,297.2,308.5,319.8
01095,Marshall,01,332.3,348.0,363.5,379.4,395.9
01097,Mobile,01,266.2,276.3,281.8,288.9,300.8
01099,Monroe,01,275.2,279.4,287.9,291.3,295.8
01101,Montgomery,01,275.1,284.3,297.3,308.9,316.2
01103,Morgan,01,353.0,364.2,371.6,381.0,391.4
01105,Perry,01,350.6,365.3,381.5,402.7,419.6
01107,Pickens,01,237.2,246.0,255.7,266.0,276.8
01109,Pike,01,240.7,247.5,259.7,271.2,278.5
01111,Randolph,01,338.5,348.0,358.2,368.7,383.3
01113,Russell,01,236.0,242.5,250.3,259.2,272.7
01115,St. Clair,01,338.2,346.8,350.5,359.7,367.5
01117,Shelby,01,180.2,185.9,190.6,194.7,198.5
01119,Sumter,01,266.0,272.3,283.8,294.1,300.6
01121,Talladega,01,240.2,249.4,257.0,264.1,270.9
01123,Tallapoosa,01,340.3,356.6,372.9,389.6,403.1
01125,Tuscaloosa,01,201.6,213.2,224.6,232.4,242.0
01127,Walker,01,382.0,388.3,399.7,409.9,420.0
01129,Washington,01,219.5,225.8,227.3,233.5,238.6
01131,Wilcox,01,376.6,383.5,395.1,405.2,411.2
01133,Winston,01,211.3,218.9,231.5,243.5,251.4
02013,Aleutians East,02,374.9,392.8,407.2,423.7,445.2
02016,Aleutians West,02,332.8,348.6,363.9,375.5,389.2
02020,Anchorage,02,249.2,259.4,274.7,289.3,299.9
02050,Bethel,02,219.9,225.0,235.6,241.6,252.8
02060,Bristol Bay,02,191.0,199.2,208.2,221.0,232.5
02068,Denali,02,385.4,396.3,402.1,413.0,422.7
02070,Dillingham,02,396.5,412.6,430.1,448.8,472.2
02090,Fairbanks North Star,02,269.1,274.8,285.1,293.9,302.2
02100,Haines,02,201.6,207.7,209.6,217.0,223.4
02105,Hoonah-Angoon,02,292.8,307.6,321.8,332.3,344.9
02110,Juneau,02,248.1,259.7,266.6,275.0,284.0
02122,Kenai Peninsula,02,201.8,209.6,218.9,232.4,241.2
02130,Ketchikan Gateway,02,284.9,299.1,313.2,324.0,336.8
02150,Kodiak Island,02,267.1,276.9,287.5,302.3,312.0
02164,Lake and Peninsula,02,214.1,223.1,230.8,234.5,243.6
02170,Matanuska-Susitna,02,363.3,369.2,377.1,389.7,401.2
02180,Nome,02,244.9,255.5,265.7,272.4,285.2
02185,North Slope,02,183.0,187.7,192.9,201.7,208.9
02188,Northwest Arctic,02,211.6,217.7,223.6,225.4,229.0
02195,Petersburg,02,372.3,389.7,403.9,424.3,440.9
02198,Prince of Wales-Hyder,02,290.3,296.2,301.7,303.9,311.4
02220,Sitka,02,334.0,345.1,358.2,376.5,390.5
02230,Skagway,02,308.4,314.3,320.3,330.2,335.1
02240,Southeast Fairbanks,02,330.6,339.3,353.4,366.4,375.3
02261,Valdez-Cordova,02,195.3,195.7,197.9,204.7,210.1
02270,Wade Hampton,02,328.8,341.2,352.1,359.1,371.3
02275,Wrangell,02,342.4,357.2,376.9,396.0,411.3
02282,Yakutat,02,189.5,197.5,201.1,206.0,215.6
02290,Yukon-Koyukuk,02,308.2,320.1,327.8,337.3,347.8
04001,Apache,04,183.1,189.7,197.9,206.7,216.0
04003,Cochise,04,336.0,343.9,346.9,351.4,360.6
04005,Coconino,04,295.0,303.9,314.3,328.8,342.4
04007,Gila,04,223.6,232.7,241.9,247.9,256.1
04009,Graham,04,291.9,309.2,321.9,339.9,357.6
04011,Greenlee,04,337.2,353.0,363.6,375.7,389.0
04012,La Paz,04,330.9,342.4,350.7,364.7,374.6
04013,Maricopa,04,394.4,401.7,413.8,420.8,429.5
04015,Mohave,04,222.2,227.8,232.9,234.2,237.4
04017,Navajo,04,372.3,382.5,393.8,405.7,418.4
04019,Pima,04,260.4,268.6,278.7,289.5,305.0
04021,Pinal,04,253.4,264.8,272.0,280.9,294.9
04023,Santa Cruz,04,200.2,205.2,210.6,219.7,227.1
04025,Yavapai,04,309.9,324.1,336.8,345.4,355.8
04027,Yuma,04,230.9,236.8,239.4,247.4,250.9
05001,Arkansas,05,219.4,226.0,228.5,233.0,238.6
05003,Ashley,05,301.8,309.1,322.0,334.3,342.8
05005,Baxter,05,357.7,364.9,376.9,384.2,393.2
05007,Benton,05,389.8,395.9,407.5,414.5,423.1
05009,Boone,05,237.1,238.1,240.5,247.2,252.5
05011,Bradley,05,190.2,198.3,206.9,219.6,227.5
05013,Calhoun,05,255.6,262.8,270.6,279.0,288.0
05015,Carroll,05,295.8,300.3,306.3,313.7,321.5
05017,Chicot,05,283.9,301.1,317.3,333.1,349.3
05019,Clark,05,266.1,271.3,272.7,279.4,281.4
05021,Clay,05,387.4,402.3,413.1,425.7,443.1
05023,Cleburne,05,399.1,404.2,414.3,419.7,426.7
05025,Cleveland,05,388.5,401.0,408.5,420.7,431.8
05027,Columbia,05,221.2,230.1,237.7,240.9,249.5
05029,Conway,05,339.7,342.7,346.8,351.3,356.3
05031,Craighead,05,246.1,258.3,267.1,281.8,296.0
05033,Crawford,05,398.9,417.8,441.6,461.1,486.6
05035,Crittenden,05,202.7,213.8,224.7,235.7,243.3
05037,Cross,05,345.8,350.9,361.4,367.2,378.2
05039,Dallas,05,299.1,303.4,312.8,317.9,328.0
05041,Desha,05,221.4,227.4,233.1,238.6,240.8
05043,Drew,05,257.3,266.1,274.0,281.8,285.5
05045,Faulkner,05,291.9,307.4,321.8,332.1,344.3
05047,Franklin,05,185.3,194.7,203.3,208.4,215.2
05049,Fulton,05,395.8,406.4,418.9,436.4,453.1
05051,Garland,05,191.5,194.7,194.4,196.0,202.2
05053,Grant,05,232.8,237.5,238.5,241.3,245.2
05055,Greene,05,203.8,214.8,224.3,233.0,238.1
05057,Hempstead,05,194.8,202.8,215.0,222.3,234.5
05059,Hot Spring,05,233.7,241.7,254.8,263.3,276.9
05061,Howard,05,195.7,200.8,207.2,214.2,221.4
05063,Independence,05,391.6,398.0,404.9,412.3,423.7
05065,Izard,05,275.6,287.6,300.5,314.4,329.4
05067,Jackson,05,266.4,269.5,273.8,282.7,290.1
05069,Jefferson,05,369.6,383.1,401.7,419.5,437.3
05071,Johnson,05,352.8,366.4,376.8,389.3,403.5
05073,Lafayette,05,399.6,406.1,413.1,420.6,428.2
05075,Lawrence,05,277.5,283.4,292.9,300.8,308.2
05077,Lee,05,288.9,293.5,298.5,307.1,314.1
05079,Lincoln,05,242.1,251.2,256.0,262.8,274.1
05081,Little River,05,371.5,389.5,408.4,431.6,454.1
05083,Logan,05,251.3,261.4,267.1,274.6,283.0
05085,Lonoke,05,196.8,202.3,203.7,206.7,210.8
05087,Madison,05,205.7,211.0,221.1,230.4,235.5
05089,Marion,05,382.4,396.7,412.8,434.2,454.7
05091,Miller,05,212.5,225.7,234.1,247.5,256.2
05093,Mississippi,05,253.4,262.9,272.4,281.8,291.5
05095,Monroe,05,318.4,324.1,331.8,344.0,351.5
05097,Montgomery,05,191.4,196.4,197.4,200.1,207.2
05099,Nevada,05,344.5,364.0,379.0,399.3,415.2
05101,Newton,05,379.2,392.7,401.2,411.0,421.8
05103,Ouachita,05,266.8,280.1,294.0,304.7,321.4
05105,Perry,05,185.6,193.7,206.5,218.0,229.2
05107,Phillips,05,235.8,247.7,258.1,267.8,277.4
05109,Pike,05,236.8,241.8,243.1,250.1,256.1
05111,Poinsett,05,343.8,348.8,355.5,366.8,377.0
05113,Polk,05,363.4,380.4,393.9,413.7,429.4
05115,Pope,05,376.9,393.3,411.2,430.3,450.7
05117,Prairie,05,235.3,247.3,255.2,268.4,280.7
05119,Pulaski,05,197.6,203.5,213.9,219.2,229.4
05121,Randolph,05,236.4,244.3,257.9,267.5,282.6
05123,St. Francis,05,265.1,267.6,271.7,280.0,286.7
05125,Saline,05,338.2,353.2,369.6,390.6,406.8
05127,Scott,05,394.3,405.1,417.1,429.7,442.8
05129,Searcy,05,307.4,319.8,328.4,342.6,356.3
05131,Sebastian,05,192.4,195.6,204.1,211.9,215.6
05133,Sevier,05,331.9,343.7,354.4,361.1,369.5
05135,Sharp,05,243.4,253.5,259.8,268.2,278.1
05137,Stone,05,307.1,311.3,320.6,329.0,337.2
05139,Union,05,248.0,261.7,275.2,285.1,297.1
05141,Van Buren,05,199.5,204.2,208.9,217.3,220.6
05143,Washington,05,215.8,225.0,232.6,239.3,242.3
05145,White,05,312.1,320.2,328.2,336.4,344.3
05147,Woodruff,05,314.9,328.8,347.3,364.6,378.2
05149,Yell,05,401.6,414.0,431.3,444.3,462.4
06001,Alameda,06,286.2,298.4,315.4,327.7,345.3
06003,Alpine,06,257.8,269.3,279.6,289.2,295.2
06005,Amador,06,259.2,269.4,278.0,286.2,294.2
06007,Butte,06,226.2,235.8,250.2,259.8,271.1
06009,Calaveras,06,363.0,373.6,385.7,402.8,418.7
06011,Colusa,06,234.5,246.4,253.8,266.4,278.1
06013,Contra Costa,06,326.1,342.0,358.2,371.4,390.6
06015,Del Norte,06,265.8,266.5,269.0,276.1,278.4
06017,El Dorado,06,258.9,268.7,279.6,294.9,309.3
06019,Fresno,06,241.5,248.4,256.2,268.5,275.6
06021,Glenn,06,376.8,392.0,411.7,430.3,445.1
06023,Humboldt,06,384.1,400.4,417.3,438.5,458.7
06025,Imperial,06,251.2,264.2,275.9,283.7,296.9
06027,Inyo,06,277.8,282.8,289.8,298.1,310.6
06029,Kern,06,254.4,261.3,273.9,285.8,294.0
06031,Kings,06,393.1,406.5,414.9,428.1,436.4
06033,Lake,06,389.4,402.1,411.4,422.8,439.2
06035,Lassen,06,258.0,263.2,268.0,272.6,273.4
06037,Los Angeles,06,269.7,278.2,288.6,303.7,314.0
06039,Madera,06,332.0,344.0,351.8,364.8,373.6
06041,Marin,06,246.9,257.4,269.1,281.8,299.0
06043,Mariposa,06,270.1,277.0,284.1,291.4,298.9
06045,Mendocino,06,309.4,321.2,329.2,338.9,353.7
06047,Merced,06,278.4,284.4,296.0,306.5,316.9
06049,Modoc,06,358.0,373.0,388.1,403.5,419.1
06051,Mono,06,333.8,340.5,349.3,359.5,373.9
06053,Monterey,06,278.9,290.9,304.3,318.7,337.6
06055,Napa,06,264.0,274.7,281.1,289.3,298.5
06057,Nevada,06,213.2,220.6,222.9,229.8,232.0
06059,Orange,06,240.7,251.2,261.7,268.8,282.0
06061,Placer,06,277.5,281.6,286.2,294.3,300.7
06063,Plumas,06,352.2,361.4,372.0,383.3,398.7
06065,Riverside,06,218.9,226.9,236.1,246.0,256.4
06067,Sacramento,06,202.7,212.8,219.5,228.1,238.3
06069,San Benito,06,334.8,344.2,354.0,364.3,378.5
06071,San Bernardino,06,312.2,323.1,334.7,347.2,364.1
06073,San Diego,06,316.9,331.1,350.2,365.2,385.6
06075,San Francisco,06,263.0,271.6,281.8,293.1,308.7
06077,San Joaquin,06,395.1,407.0,417.3,423.2,434.6
06079,San Luis Obispo,06,326.1,334.0,345.6,355.7,361.3
06081,San Mateo,06,199.3,204.4,208.7,209.3,211.8
06083,Santa Barbara,06,349.1,361.5,379.9,398.0,416.5
06085,Santa Clara,06,261.1,274.7,283.3,293.1,307.5
06087,Santa Cruz,06,252.3,255.1,259.3,268.2,275.5
06089,Shasta,06,313.7,318.1,324.0,334.3,339.9
06091,Sierra,06,381.2,391.0,396.0,402.5,413.8
06093,Siskiyou,06,226.9,231.9,238.1,245.2,256.4
06095,Solano,06,350.6,368.1,381.8,397.6,418.8
06097,Sonoma,06,213.0,215.2,222.7,229.2,231.8
06099,Stanislaus,06,341.2,355.3,364.9,379.8,390.2
06101,Sutter,06,244.5,254.6,263.5,272.3,281.0
06103,Tehama,06,183.9,189.5,190.6,196.7,198.0
06105,Trinity,06,217.4,222.0,226.9,235.5,238.9
06107,Tulare,06,382.6,393.1,398.8,409.7,415.8
06109,Tuolumne,06,332.3,340.1,349.3,363.0,375.3
06111,Ventura,06,210.0,218.6,227.0,235.4,240.3
06113,Yolo,06,193.9,205.2,215.8,226.6,237.9
06115,Yuba,06,302.5,317.9,328.2,340.0,353.0
08001,Adams,08,400.5,413.9,426.9,436.5,447.9
08003,Alamosa,08,234.5,242.7,246.1,255.0,262.6
08005,Arapahoe,08,399.8,415.0,425.8,438.1,451.5
08007,Archuleta,08,329.2,343.1,352.9,364.6,377.4
08009,Baca,08,377.7,389.1,399.1,404.6,415.2
08011,Bent,08,218.5,229.7,236.5,245.1,254.8
08013,Boulder,08,227.2,238.4,249.7,257.3,271.0
08014,Broomfield,08,268.3,283.2,296.9,306.5,318.0
08015,Chaffee,08,359.3,372.5,386.1,396.8,413.2
08017,Cheyenne,08,308.2,316.1,326.1,340.7,354.4
08019,Clear Creek,08,395.3,414.1,433.8,454.5,472.6
08021,Conejos,08,271.4,278.0,289.1,298.7,307.4
08023,Costilla,08,333.1,341.5,345.6,350.7,356.8
08025,Crowley,08,202.7,209.7,217.4,225.3,233.6
08027,Custer,08,258.4,269.6,276.2,284.5,293.8
08029,Delta,08,243.7,252.3,255.5,259.9,265.0
08031,Denver,08,290.7,300.6,311.2,325.7,335.4
08033,Dolores,08,299.3,311.1,323.4,332.7,347.8
08035,Douglas,08,260.3,268.9,279.8,295.8,307.2
08037,Eagle,08,359.3,375.3,395.4,414.6,429.9
08039,Elbert,08,356.7,369.3,386.2,398.4,416.0
08041,El Paso,08,383.9,397.1,406.2,420.9,435.0
08043,Fremont,08,344.5,360.0,375.4,387.5,405.5
08045,Garfield,08,296.2,306.0,318.1,335.0,351.1
08047,Gilpin,08,379.0,395.5,411.1,426.1,441.3
08049,Grand,08,206.7,210.1,213.9,221.3,227.1
08051,Gunnison,08,344.9,354.8,370.0,384.7,399.2
08053,Hinsdale,08,215.3,218.6,225.4,230.5,231.2
08055,Huerfano,08,193.9,199.6,205.1,206.8,214.3
08057,Jackson,08,214.3,220.3,231.9,239.5,252.8
08059,Jefferson,08,307.3,321.6,336.5,352.2,368.6
08061,Kiowa,08,276.9,284.0,296.3,304.5,318.0
08063,Kit Carson,08,201.2,205.6,206.0,211.6,216.2
08065,Lake,08,183.1,192.7,201.2,205.4,211.6
08067,La Plata,08,202.4,212.0,216.9,223.5,230.7
08069,Larimer,08,387.7,403.4,414.6,427.2,444.6
08071,Las Animas,08,392.2,403.8,416.9,434.7,447.8
08073,Lincoln,08,339.4,352.7,371.1,385.3,401.2
08075,Logan,08,372.7,387.7,407.2,425.7,444.1
08077,Mesa,08,377.3,388.0,398.9,410.2,425.3
08079,Mineral,08,272.2,274.4,277.8,285.4,291.7
08081,Moffat,08,223.9,234.8,241.7,254.2,262.6
08083,Montezuma,08,245.0,257.8,265.8,275.1,285.6
08085,Montrose,08,292.7,304.7,321.0,332.7,349.9
08087,Morgan,08,291.1,303.1,314.4,325.7,337.1
08089,Otero,08,228.7,233.8,242.8,246.8,255.8
08091,Ouray,08,213.4,219.9,226.9,238.5,244.7
08093,Park,08,261.6,266.0,272.1,282.9,292.2
08095,Phillips,08,213.7,224.7,234.6,240.6,248.4
08097,Pitkin,08,301.7,314.2,325.7,333.2,346.0
08099,Prowers,08,185.7,198.4,209.9,220.7,228.3
08101,Pueblo,08,399.4,414.5,434.8,450.9,468.9
08103,Rio Blanco,08,287.8,303.1,314.4,327.9,346.5
08105,Rio Grande,08,379.3,385.7,392.2,395.3,400.3
08107,Routt,08,329.4,343.2,358.1,374.1,390.7
08109,Saguache,08,359.1,372.7,385.2,393.6,404.0
08111,San Juan,08,326.7,339.2,352.5,369.9,382.6
08113,San Miguel,08,272.3,287.9,302.4,312.8,329.0
08115,Sedgwick,08,317.4,329.7,343.6,358.5,374.0
08117,Summit,08,367.9,377.4,383.3,394.6,401.6
08119,Teller,08,281.6,285.7,291.4,301.8,307.5
08121,Washington,08,204.6,212.1,219.1,222.5,227.9
08123,Weld,08,244.1,251.3,259.4,268.3,277.4
08125,Yuma,08,319.4,328.6,342.4,354.7,366.7
09001,Fairfield,09,246.9,254.7,257.2,260.6,268.2
09003,Hartford,09,286.5,299.9,313.6,324.3,341.0
09005,Litchfield,09,343.1,350.3,353.5,361.9,365.6
09007,Middlesex,09,365.1,373.8,382.0,386.4,392.8
09009,New Haven,09,212.1,213.2,218.8,223.5,223.7
09011,New London,09,195.7,206.6,216.9,227.3,233.9
09013,Tolland,09,280.2,291.7,297.7,305.1,316.8
09015,Windham,09,338.0,349.8,362.5,376.1,390.5
10001,Kent,10,203.5,212.8,217.0,222.1,228.0
10003,New Castle,10,362.3,373.5,380.3,392.3,399.6
10005,Sussex,10,204.5,214.7,228.9,238.3,252.9
11001,District of Columbia,11,333.9,343.9,354.9,366.8,379.0
12001,Alachua,12,189.3,193.2,198.8,208.9,217.7
12003,Baker,12,347.8,363.2,380.4,402.3,419.9
12005,Bay,12,305.1,314.6,324.7,335.2,346.1
12007,Bradford,12,404.6,416.0,433.1,446.2,460.9
12009,Brevard,12,194.4,201.7,209.4,221.2,231.6
12011,Broward,12,234.9,246.4,257.6,268.9,276.8
12013,Calhoun,12,312.1,330.4,347.6,364.6,381.9
12015,Charlotte,12,374.8,384.8,393.9,402.5,411.2
12017,Citrus,12,239.5,249.9,256.0,267.4,274.5
12019,Clay,12,229.8,238.5,251.7,260.2,270.1
12021,Collier,12,262.8,278.6,293.4,304.6,317.8
12023,Columbia,12,307.1,317.2,331.6,341.1,355.9
12027,DeSoto,12,335.5,352.4,365.4,380.1,400.1
12029,Dixie,12,326.2,336.1,341.7,352.7,359.0
12031,Duval,12,390.8,405.8,420.2,434.2,448.4
12033,Escambia,12,207.5,213.8,215.6,222.3,227.8
12035,Flagler,12,217.2,218.5,221.2,224.3,231.6
12037,Franklin,12,405.5,415.7,425.1,434.2,439.3
12039,Gadsden,12,318.1,335.6,348.9,367.8,386.0
12041,Gilchrist,12,196.8,203.4,205.2,208.5,216.1
12043,Glades,12,374.1,395.0,411.8,430.7,455.0
12045,Gulf,12,243.7,253.6,263.9,278.1,287.4
12047,Hamilton,12,343.3,354.5,371.2,383.9,402.1
12049,Hardee,12,193.0,202.5,208.5,216.8,226.6
12051,Hendry,12,197.5,207.2,216.1,225.0,230.3
12053,Hernando,12,277.8,284.8,296.3,302.8,310.6
12055,Highlands,12,319.4,335.1,346.1,358.6,372.3
12057,Hillsborough,12,404.0,414.1,426.0,442.9,455.4
12059,Holmes,12,346.2,361.5,372.7,385.9,404.1
12061,Indian River,12,246.0,254.8,269.4,279.7,292.0
12063,Jackson,12,247.8,257.1,267.1,277.9,292.7
12065,Jefferson,12,227.6,232.7,233.7,236.5,240.1
12067,Lafayette,12,355.4,375.4,390.9,408.7,427.7
12069,Lake,12,358.6,366.1,375.0,384.9,398.8
12071,Lee,12,189.9,193.9,202.6,210.4,217.8
12073,Leon,12,259.2,262.0,269.7,276.5,278.8
12075,Levy,12,288.4,294.9,305.8,315.5,320.9
12077,Liberty,12,210.5,216.0,222.8,230.6,242.5
12079,Madison,12,407.9,423.0,440.3,459.1,479.0
12081,Manatee,12,214.1,221.0,223.1,226.3,233.8
12083,Marion,12,360.5,367.0,378.0,384.2,391.6
12085,Martin,12,286.9,302.0,317.1,332.6,344.9
12086,Miami-Dade,12,293.2,301.6,311.8,322.7,334.4
12087,Monroe,12,190.5,197.6,206.1,215.8,225.9
12089,Nassau,12,259.6,264.7,265.7,268.4,272.3
12091,Okaloosa,12,256.8,268.7,276.1,289.0,297.5
12093,Okeechobee,12,399.5,420.0,436.8,455.6,475.9
12095,Orange,12,217.8,225.2,237.1,247.7,257.4
12097,Osceola,12,379.7,390.0,400.7,411.6,422.8
12099,Palm Beach,12,193.4,204.2,213.9,222.9,228.3
12101,Pasco,12,256.7,270.9,280.2,294.6,304.2
12103,Pinellas,12,390.1,399.6,404.4,410.3,417.0
12105,Polk,12,274.1,281.3,283.7,290.7,296.8
12107,Putnam,12,198.6,200.4,204.0,212.0,215.2
12109,St. Johns,12,200.4,208.4,220.6,227.5,235.8
12111,St. Lucie,12,281.6,290.6,298.8,306.9,315.1
12113,Santa Rosa,12,319.3,321.6,328.8,335.1,341.1
12115,Sarasota,12,403.6,419.2,431.1,445.3,464.7
12117,Seminole,12,275.3,279.3,288.4,296.7,300.9
12119,Sumter,12,284.9,296.0,303.2,315.6,327.3
12121,Suwannee,12,232.9,244.4,252.1,261.7,272.9
12123,Taylor,12,350.5,363.1,377.1,395.4,413.0
12125,Union,12,379.7,396.2,413.4,434.8,455.2
12127,Volusia,12,321.5,338.4,355.0,371.9,385.4
12129,Wakulla,12,313.6,324.0,334.4,344.6,354.9
12131,Walton,12,321.6,336.7,352.1,367.8,380.7
12133,Washington,12,359.1,367.0,379.1,386.0,397.7
13001,Appling,13,314.2,324.0,333.6,343.2,353.1
13003,Atkinson,13,212.5,215.7,220.1,228.8,232.4
13005,Bacon,13,248.7,257.8,265.6,272.9,280.0
13007,Baker,13,243.2,248.6,255.3,262.9,270.8
13009,Baldwin,13,258.4,267.6,281.3,289.9,300.0
13011,Banks,13,355.6,373.9,392.5,408.0,426.3
13013,Barrow,13,405.1,417.1,433.7,449.4,461.4
13015,Bartow,13,203.2,207.0,212.1,218.0,228.4
13017,Ben Hill,13,217.0,222.0,226.8,231.7,233.2
13019,Berrien,13,246.6,250.6,260.1,268.4,276.5
13021,Bibb,13,288.4,297.8,307.9,322.6,335.9
13023,Bleckley,13,253.1,258.6,268.4,273.5,279.9
13025,Brantley,13,192.0,191.7,197.0,201.4,205.1
13027,Brooks,13,209.5,220.3,227.3,236.2,246.2
13029,Bryan,13,310.8,318.5,321.7,330.3,334.1
13031,Bulloch,13,344.1,357.6,366.9,381.5,391.6
13033,Burke,13,397.4,407.3,412.1,418.1,428.4
13035,Butts,13,284.1,293.3,298.2,304.2,311.2
13037,Calhoun,13,395.4,408.4,420.0,431.2,442.2
13039,Camden,13,220.1,226.4,228.2,231.2,238.8
13043,Candler,13,354.8,365.0,370.6,381.2,390.6
13045,Carroll,13,194.1,203.6,212.3,217.2,224.0
13047,Catoosa,13,300.8,309.2,316.4,319.6,324.6
13049,Charlton,13,250.2,255.9,261.3,263.0,270.0
13051,Chatham,13,347.4,358.9,369.6,376.4,384.8
13053,Chattahoochee,13,221.7,229.2,237.3,249.2,256.2
13055,Chattooga,13,312.9,321.4,329.5,337.3,341.5
13057,Cherokee,13,349.9,360.3,372.6,385.8,403.7
13059,Clarke,13,284.2,290.9,293.4,301.7,309.0
13061,Clay,13,242.0,243.9,247.8,256.4,260.1
13063,Clayton,13,296.8,306.3,315.2,320.2,330.6
13065,Clinch,13,188.9,197.9,206.7,215.4,220.5
13067,Cobb,13,202.3,211.2,220.6,226.9,235.3
13069,Coffee,13,251.9,254.8,262.8,269.9,276.7
13071,Colquitt,13,352.3,368.7,385.8,407.2,424.2
13073,Columbia,13,319.7,332.9,350.5,363.5,381.6
13075,Cook,13,308.3,323.0,338.3,354.4,374.7
13077,Coweta,13,377.8,389.7,402.7,420.4,433.5
13079,Crawford,13,195.0,198.9,199.2,201.2,207.8
13081,Crisp,13,211.4,223.4,234.8,246.0,257.3
13083,Dade,13,323.0,330.1,337.5,348.8,358.6
13085,Dawson,13,235.7,239.8,247.8,250.6,254.6
13087,Decatur,13,215.1,220.0,225.7,235.5,240.2
13089,DeKalb,13,391.2,405.2,421.7,443.1,464.0
13091,Dodge,13,257.4,271.2,280.7,292.0,304.3
13093,Dooly,13,353.3,355.7,363.5,370.7,377.3
13095,Dougherty,13,207.9,210.7,218.5,225.4,228.2
13097,Douglas,13,369.1,375.4,386.1,391.7,398.6
13099,Early,13,368.6,375.0,383.0,395.8,407.5
13101,Echols,13,198.7,211.8,219.9,233.3,245.9
13103,Effingham,13,370.5,379.5,393.4,406.5,419.4
13105,Elbert,13,235.8,241.0,250.9,259.4,267.3
13107,Emanuel,13,278.3,288.2,301.9,310.7,320.6
13109,Evans,13,267.4,274.9,281.4,283.8,291.6
13111,Fannin,13,224.7,235.9,246.0,252.2,260.2
13113,Fayette,13,203.4,211.4,217.9,220.3,224.2
13115,Floyd,13,346.0,360.7,374.3,387.3,396.8
13117,Forsyth,13,279.3,294.7,308.8,322.8,336.5
13119,Franklin,13,227.9,234.2,245.9,256.8,263.6
13121,Fulton,13,190.6,191.7,198.2,203.4,208.3
13123,Gilmer,13,361.9,374.6,389.7,410.2,426.5
13125,Glascock,13,320.2,329.5,334.8,346.0,356.3
13127,Glynn,13,406.8,425.6,440.6,461.6,478.5
13129,Gordon,13,269.9,274.1,279.8,289.9,295.4
13131,Grady,13,252.7,262.0,269.8,276.7,283.3
13133,Greene,13,341.6,347.7,349.7,357.1,359.6
13135,Gwinnett,13,214.3,218.1,222.0,222.4,228.1
13137,Habersham,13,205.5,213.9,218.3,224.3,234.8
13139,Hall,13,352.8,366.2,379.3,392.0,405.2
13141,Hancock,13,344.0,352.7,356.2,360.9,366.4
13143,Haralson,13,362.9,379.1,392.2,407.7,424.6
13145,Harris,13,387.0,397.2,407.6,418.7,433.6
13147,Hart,13,314.9,325.6,332.7,341.9,352.2
13149,Heard,13,408.9,427.5,446.5,462.5,485.0
13151,Henry,13,248.2,258.8,265.5,278.2,286.5
13153,Houston,13,302.9,315.0,323.7,334.3,346.4
13155,Irwin,13,391.4,402.9,413.5,423.7,433.7
13157,Jackson,13,283.7,294.2,309.0,319.0,330.1
13159,Jasper,13,279.6,288.5,297.7,303.3,314.5
13161,Jeff Davis,13,204.2,208.3,208.2,213.5,217.7
13163,Jefferson,13,305.9,309.7,315.4,322.3,333.3
13165,Jenkins,13,325.6,337.0,344.5,357.6,366.2
13167,Johnson,13,340.1,355.2,366.1,378.7,396.3
13169,Jones,13,337.2,347.5,363.5,379.1,391.0
13171,Lamar,13,348.6,354.1,361.2,373.1,380.3
13173,Lanier,13,264.2,277.2,286.3,300.7,311.1
13175,Laurens,13,265.9,269.8,275.2,285.0,289.8
13177,Lee,13,331.4,343.8,355.5,363.3,372.8
13179,Liberty,13,292.7,302.4,310.5,317.6,324.6
13181,Lincoln,13,308.2,316.3,320.3,326.3,336.9
13183,Long,13,308.4,316.0,324.3,333.2,345.8
13185,Lowndes,13,367.7,381.4,399.5,412.9,431.5
13187,Lumpkin,13,205.9,209.5,214.8,224.5,229.1
13189,McDuffie,13,318.1,330.1,341.3,352.5,363.7
13191,McIntosh,13,333.8,337.1,341.1,349.4,352.5
13193,Macon,13,287.9,295.4,308.1,320.2,328.5
13195,Madison,13,392.5,406.1,421.3,437.6,458.7
13197,Marion,13,372.5,378.6,385.9,397.6,407.7
13199,Meriwether,13,244.2,252.0,255.7,261.4,268.3
13201,Miller,13,262.4,270.8,283.8,291.9,301.4
13205,Mitchell,13,403.3,417.4,430.0,438.3,452.2
13207,Monroe,13,261.9,271.9,284.0,300.9,316.7
13209,Montgomery,13,296.6,299.1,303.1,311.7,318.7
13211,Morgan,13,264.1,276.8,285.4,295.4,306.6
13213,Murray,13,313.7,319.0,324.8,334.2,338.5
13215,Muscogee,13,296.9,304.1,311.1,314.3,323.4
13217,Newton,13,211.9,218.7,230.8,238.5,251.5
13219,Oconee,13,362.9,376.9,386.9,399.0,415.9
13221,Oglethorpe,13,367.1,383.0,400.4,419.0,442.3
13223,Paulding,13,268.9,273.6,278.0,278.6,281.1
13225,Peach,13,316.9,324.2,331.3,338.6,345.6
13227,Pickens,13,390.1,409.3,427.9,446.4,461.5
13229,Pierce,13,334.4,339.1,348.3,356.3,363.8
13231,Pike,13,263.1,271.7,281.4,295.4,304.5
13233,Polk,13,379.6,395.8,412.6,426.3,446.0
13235,Pulaski,13,359.2,365.0,372.8,384.9,392.4
13237,Putnam,13,347.9,353.7,364.7,371.3,383.1
13239,Quitman,13,213.3,214.6,221.3,227.4,229.4
13241,Rabun,13,258.3,262.1,266.0,266.4,272.2
13243,Randolph,13,216.1,225.8,230.6,236.9,247.7
13245,Richmond,13,234.6,242.2,255.6,268.1,280.8
13247,Rockdale,13,200.8,208.8,216.2,219.7,228.6
13249,Schley,13,324.4,329.8,336.4,343.6,354.7
13251,Screven,13,331.4,343.5,354.8,361.9,371.0
13253,Seminole,13,307.1,316.2,326.3,340.6,350.1
13255,Spalding,13,321.1,325.2,333.5,340.6,343.5
13257,Stephens,13,308.6,319.8,333.1,348.2,364.3
13259,Stewart,13,299.1,307.6,317.1,330.8,343.5
13261,Sumter,13,407.9,418.0,433.5,448.3,462.8
13263,Talbot,13,333.4,341.9,345.6,350.7,360.6
13265,Taliaferro,13,197.6,208.0,214.7,223.3,233.4
13267,Tattnall,13,202.3,206.6,214.5,220.8,226.4
13269,Taylor,13,355.7,369.3,387.3,400.7,415.8
13271,Telfair,13,322.7,341.1,355.3,374.9,394.2
13273,Terrell,13,229.3,230.3,236.7,238.6,242.0
13275,Thomas,13,353.7,361.9,370.6,379.6,392.3
13277,Tift,13,292.3,305.0,314.8,330.4,345.9
13279,Toombs,13,283.7,290.5,301.3,307.1,313.8
13281,Towns,13,368.0,377.8,382.5,388.4,398.6
13283,Treutlen,13,309.4,321.5,329.0,341.7,349.8
13285,Troup,13,374.7,386.5,393.7,402.1,411.1
13287,Turner,13,254.7,270.3,280.9,293.1,306.6
13289,Twiggs,13,394.3,411.1,428.6,443.4,460.7
13291,Union,13,230.5,237.1,248.6,255.6,264.3
13293,Upson,13,199.1,206.9,215.8,225.5,235.7
13295,Walker,13,248.8,259.8,270.4,280.6,291.2
13297,Walton,13,266.7,276.1,280.1,289.1,296.8
13299,Ware,13,248.5,254.2,261.2,268.7,276.5
13301,Warren,13,318.9,330.4,338.4,352.0,361.1
13303,Washington,13,259.7,270.9,286.4,300.8,315.0
13305,Wayne,13,330.1,346.8,363.0,375.7,390.9
13307,Webster,13,327.8,340.5,358.4,375.2,388.4
13309,Wheeler,13,201.9,203.6,206.9,210.6,214.7
13311,White,13,394.6,410.3,432.1,453.8,472.3
13313,Whitfield,13,282.0,293.1,303.1,312.2,317.7
13315,Wilcox,13,399.7,411.5,427.4,438.6,455.0
13317,Wilkes,13,253.8,258.6,264.4,271.0,281.6
13319,Wilkinson,13,231.7,234.8,241.9,247.3,248.2
13321,Worth,13,255.1,261.2,268.2,279.3,285.0
15001,Hawaii,15,316.3,329.5,344.0,359.6,379.8
15003,Honolulu,15,207.2,219.4,230.5,241.1,251.7
15005,Kalawao,15,235.2,235.4,237.4,244.0,249.3
15007,Kauai,15,285.1,294.8,309.9,321.0,333.7
15009,Maui,15,226.3,229.9,237.8,240.9,248.7
16001,Ada,16,373.2,386.9,399.9,409.1,420.0
16003,Adams,16,219.5,222.1,225.5,229.2,233.4
16005,Bannock,16,398.6,413.9,429.0,440.3,453.5
16007,Bear Lake,16,195.8,201.7,209.8,223.0,235.3
16009,Benewah,16,237.3,247.5,257.2,267.0,273.3
16011,Bingham,16,357.4,375.5,393.7,412.8,432.5
16013,Blaine,16,391.5,402.5,414.3,429.9,444.2
16015,Boise,16,294.5,308.4,320.9,332.8,341.2
16017,Bonner,16,375.0,382.6,395.4,403.6,413.2
16019,Bonneville,16,256.2,259.0,266.1,271.5,276.2
16021,Boundary,16,241.1,246.4,253.8,262.2,275.1
16023,Butte,16,330.5,341.9,352.2,358.5,370.0
16025,Camas,16,249.5,258.2,271.7,284.0,296.0
16027,Canyon,16,284.8,298.6,309.3,325.9,342.5
16029,Caribou,16,194.9,199.6,208.6,216.5,220.3
16031,Cassia,16,246.0,251.4,252.6,259.5,265.4
16033,Clark,16,223.4,229.4,236.0,242.7,253.1
16035,Clearwater,16,349.1,361.5,376.4,392.7,410.2
16037,Custer,16,278.1,287.8,293.7,301.7,314.5
16039,Elmore,16,192.7,199.2,201.4,205.4,210.3
16041,Franklin,16,255.5,261.8,268.5,275.5,286.6
16043,Fremont,16,225.0,229.9,236.2,247.2,256.7
16045,Gem,16,319.9,326.8,332.7,334.5,338.2
16047,Gooding,16,370.1,383.5,397.5,411.9,430.4
16049,Idaho,16,222.2,229.9,238.2,251.1,262.7
16051,Jefferson,16,408.0,427.3,447.2,463.6,482.8
16053,Jerome,16,401.1,409.5,420.1,435.5,450.0
16055,Kootenai,16,308.2,311.4,319.3,322.3,326.4
16057,Latah,16,378.1,385.1,388.1,393.0,402.5
16059,Lemhi,16,316.8,330.3,340.5,356.5,372.5
16061,Lewis,16,374.6,388.3,400.9,409.7,424.1
16063,Lincoln,16,341.4,350.2,359.2,368.1,373.8
16065,Madison,16,209.8,214.5,225.2,231.3,239.2
16067,Minidoka,16,200.1,204.8,213.1,219.7,221.9
16069,Nez Perce,16,385.1,402.2,418.0,433.6,445.6
16071,Oneida,16,266.9,269.5,276.4,278.4,285.1
16073,Owyhee,16,384.4,398.8,419.3,435.7,454.4
16075,Payette,16,345.6,360.1,379.9,395.3,416.0
16077,Power,16,260.7,270.4,275.8,286.7,296.9
16079,Shoshone,16,298.8,312.1,325.7,336.4,349.4
16081,Teton,16,250.1,260.5,271.3,282.6,297.8
16083,Twin Falls,16,239.2,253.4,263.4,275.3,292.0
16085,Valley,16,341.6,352.5,368.4,383.0,397.5
16087,Washington,16,402.2,417.6,434.1,451.6,473.3
17001,Adams,17,406.4,419.4,427.3,436.6,450.3
17003,Alexander,17,357.3,372.9,385.3,403.6,418.1
17005,Bond,17,398.2,407.6,421.9,431.2,445.8
17007,Boone,17,289.8,303.6,316.7,329.6,339.1
17009,Brown,17,277.9,292.1,306.1,316.9,329.7
17011,Bureau,17,365.9,384.5,403.1,422.3,438.5
17013,Calhoun,17,410.9,421.2,433.4,446.6,464.5
17015,Carroll,17,369.2,387.2,401.4,417.7,439.3
17017,Cass,17,239.2,245.2,250.5,251.7,258.6
17019,Champaign,17,392.8,404.4,420.5,435.4,449.9
17021,Christian,17,196.0,204.3,209.0,215.9,227.6
17023,Clark,17,390.3,406.1,427.8,445.8,465.8
17025,Clay,17,363.7,369.9,381.7,389.1,398.3
17027,Clinton,17,217.7,224.5,233.5,247.6,257.0
17029,Coles,17,400.7,407.2,417.2,422.2,431.7
17031,Cook,17,319.1,329.3,338.2,346.7,354.9
17033,Crawford,17,190.0,197.4,209.0,215.6,227.1
17035,Cumberland,17,216.6,227.1,237.7,248.4,255.6
17037,DeKalb,17,221.1,233.4,241.1,250.4,260.8
17039,De Witt,17,247.8,256.4,259.9,264.6,269.8
17041,Douglas,17,250.0,255.8,265.5,273.6,281.2
17043,DuPage,17,262.2,269.7,282.5,290.7,300.8
17045,Edgar,17,314.6,321.0,323.2,327.3,332.5
17047,Edwards,17,324.8,332.2,344.1,350.6,362.2
17049,Effingham,17,386.5,401.8,412.9,429.5,445.1
17051,Fayette,17,218.3,224.5,236.8,248.4,259.8
17053,Ford,17,282.6,294.3,302.3,312.4,323.6
17055,Franklin,17,314.5,324.2,329.5,336.0,347.3
17057,Fulton,17,270.4,283.0,290.8,303.7,316.0
17059,Gallatin,17,392.8,401.6,414.9,423.1,432.7
17061,Greene,17,376.7,383.9,394.8,404.0,412.7
17063,Grundy,17,395.8,413.3,426.6,441.8,461.8
17065,Hamilton,17,217.7,229.8,240.5,247.1,259.2
17067,Hancock,17,218.9,221.6,225.7,230.8,240.1
17069,Hardin,17,305.4,311.8,318.4,329.0,334.5
17071,Henderson,17,404.1,417.2,431.1,445.6,464.3
17073,Henry,17,233.1,242.6,247.4,257.3,266.0
17075,Iroquois,17,325.7,332.2,340.7,354.2,366.5
17077,Jackson,17,305.1,312.8,315.7,323.2,329.8
17079,Jasper,17,294.9,302.1,311.0,324.8,337.3
17081,Jefferson,17,393.9,413.4,433.0,449.6,472.4
17083,Jersey,17,377.1,394.7,408.0,423.0,443.1
17085,Jo Daviess,17,348.8,355.1,365.7,374.8,379.5
17087,Johnson,17,190.4,199.7,204.0,209.5,216.0
17089,Kane,17,361.8,370.1,377.4,380.6,385.4
17091,Kankakee,17,214.8,222.1,230.9,240.3,250.2
17093,Kendall,17,291.2,301.7,311.7,321.4,331.2
17095,Knox,17,289.6,295.7,303.8,312.9,322.6
17097,Lake,17,237.6,246.3,256.5,267.9,284.2
17099,LaSalle,17,386.7,397.6,408.9,423.9,437.5
17101,Lawrence,17,305.6,317.4,331.5,350.7,369.2
17103,Lee,17,280.6,289.7,298.6,307.5,316.6
17105,Livingston,17,399.6,414.6,435.3,455.4,475.6
17107,Logan,17,386.9,395.3,405.4,416.5,432.2
17109,McDonough,17,282.9,289.0,296.4,308.2,315.0
17111,McHenry,17,319.9,326.7,329.4,333.7,342.2
17113,McLean,17,278.2,283.8,294.6,304.5,313.9
17115,Macon,17,311.7,327.2,337.9,353.6,368.4
17117,Macoupin,17,286.6,298.6,306.5,316.1,330.4
17119,Madison,17,346.2,360.0,379.5,398.6,414.1
17121,Marion,17,287.2,299.0,310.5,318.1,327.5
17123,Marshall,17,223.8,233.7,238.9,245.8,257.1
17125,Mason,17,229.8,238.9,246.5,253.6,257.0
17127,Massac,17,297.7,308.0,320.8,334.9,353.9
17129,Menard,17,353.3,367.0,377.3,389.5,403.3
17131,Mercer,17,369.1,379.3,384.8,391.5,398.6
17133,Monroe,17,329.4,339.0,348.9,359.5,370.4
17135,Montgomery,17,331.4,341.7,356.3,365.6,376.3
17137,Morgan,17,293.9,300.3,306.1,311.6,317.2
17139,Moultrie,17,260.8,270.6,285.4,295.8,311.3
17141,Ogle,17,203.4,206.3,213.2,214.5,220.8
17143,Peoria,17,255.0,261.4,269.6,282.8,294.9
17145,Perry,17,198.8,204.5,210.8,221.1,230.0
17147,Piatt,17,331.6,339.4,352.4,360.8,370.6
17149,Pike,17,187.8,194.5,196.1,198.8,205.8
17151,Pope,17,320.1,325.2,330.8,336.5,342.2
17153,Pulaski,17,298.1,302.1,310.8,314.2,322.4
17155,Putnam,17,282.1,287.1,296.0,299.8,308.7
17157,Randolph,17,321.2,327.8,329.8,333.7,338.4
17159,Richland,17,366.8,381.3,397.4,418.2,434.5
17161,Rock Island,17,234.3,239.6,250.1,256.4,264.0
17163,St. Clair,17,274.9,280.1,286.8,294.5,302.8
17165,Saline,17,355.7,367.1,373.4,384.5,390.5
17167,Sangamon,17,313.2,322.8,327.9,335.1,346.7
17169,Schuyler,17,372.6,385.2,397.7,406.5,417.3
17171,Scott,17,389.6,393.7,399.0,408.5,413.0
17173,Shelby,17,210.7,218.2,226.0,237.5,244.0
17175,Stark,17,336.9,345.9,359.8,373.0,386.0
17177,Stephenson,17,192.9,198.0,208.6,214.6,225.9
17179,Tazewell,17,313.6,322.1,332.1,343.1,358.4
17181,Union,17,380.2,386.1,393.6,401.6,410.2
17183,Vermilion,17,221.2,231.1,236.8,248.1,258.2
17185,Wabash,17,379.7,400.1,415.9,437.1,457.7
17187,Warren,17,247.1,253.6,258.8,263.4,264.1
17189,Washington,17,283.0,293.0,305.1,318.8,337.1
17191,Wayne,17,244.6,255.3,266.0,276.7,284.4
17193,White,17,379.3,392.8,406.4,416.6,429.1
17195,Whiteside,17,298.7,307.5,316.5,325.8,338.8
17197,Will,17,227.0,238.4,248.2,253.8,261.0
17199,Williamson,17,306.1,315.2,329.1,338.2,348.7
17201,Winnebago,17,401.0,412.2,429.1,445.6,458.4
17203,Woodford,17,246.2,256.0,270.9,281.2,296.9
18001,Adams,18,241.7,256.9,267.1,279.0,292.1
18003,Allen,18,279.8,288.3,296.2,303.6,307.3
18005,Bartholomew,18,401.9,414.7,423.9,435.3,451.6
18007,Benton,18,214.1,223.0,233.1,244.1,259.5
18009,Blackford,18,211.3,217.7,220.9,226.0,232.0
18011,Boone,18,225.8,235.7,241.3,252.5,262.6
18013,Brown,18,278.2,280.9,285.4,290.7,296.6
18015,Carroll,18,252.3,259.5,272.4,285.1,297.6
18017,Cass,18,257.3,265.7,274.3,279.8,290.7
18019,Clark,18,234.3,237.5,242.6,248.7,259.1
18021,Clay,18,261.5,266.7,276.7,281.9,292.3
18023,Clinton,18,271.7,282.0,290.8,295.2,304.7
18025,Crawford,18,252.6,263.6,270.9,280.0,290.6
18027,Daviess,18,366.1,380.4,396.2,416.5,435.7
18029,Dearborn,18,354.2,364.1,375.5,388.0,405.2
18031,Decatur,18,403.9,414.3,424.6,435.1,442.4
18033,DeKalb,18,248.8,253.1,258.3,263.9,273.6
18035,Delaware,18,317.1,331.3,344.9,354.7,366.8
18037,Dubois,18,330.0,336.0,342.1,348.6,355.3
18039,Elkhart,18,198.2,203.6,210.4,222.1,232.3
18041,Fayette,18,256.3,264.2,267.0,274.3,280.4
18043,Floyd,18,200.4,212.2,219.2,227.7,236.8
18045,Fountain,18,394.9,403.4,417.2,430.3,442.9
18047,Franklin,18,196.9,201.6,208.1,215.2,222.9
18049,Fulton,18,408.5,427.4,442.9,464.1,481.5
18051,Gibson,18,356.0,370.7,389.9,408.0,425.8
18053,Grant,18,250.5,263.8,276.7,285.9,297.0
18055,Greene,18,210.2,214.2,219.5,225.7,232.4
18057,Hamilton,18,230.7,239.7,252.9,264.7,272.5
18059,Hancock,18,196.1,198.8,205.7,207.5,210.5
18061,Harrison,18,383.1,401.7,416.5,433.0,454.9
18063,Hendricks,18,376.9,381.9,388.5,399.5,408.9
18065,Henry,18,341.0,352.4,362.6,372.0,381.2
18067,Howard,18,385.4,401.7,423.0,443.4,463.5
18069,Huntington,18,301.5,303.9,310.9,317.0,318.6
18071,Jackson,18,296.0,304.9,318.0,325.7,334.8
18073,Jasper,18,206.4,215.3,222.8,229.6,232.8
18075,Jay,18,212.6,220.8,225.0,230.9,241.7
18077,Jefferson,18,219.5,223.3,228.3,233.9,239.9
18079,Jennings,18,195.0,203.7,207.3,215.9,219.5
18081,Johnson,18,352.5,362.3,368.2,375.6,387.5
18083,Knox,18,215.8,227.5,238.3,249.1,260.1
18085,Kosciusko,18,227.9,236.5,244.7,252.8,257.3
18087,LaGrange,18,263.7,278.6,292.3,305.5,315.4
18089,Lake,18,223.9,230.6,237.1,239.9,248.5
18091,LaPorte,18,348.8,363.4,379.6,397.2,415.6
18093,Lawrence,18,292.8,296.3,300.7,309.4,312.5
18095,Madison,18,407.4,421.5,436.5,456.2,474.8
18097,Marion,18,311.0,325.1,334.4,349.0,362.5
18099,Marshall,18,303.6,313.7,325.9,343.1,359.3
18101,Martin,18,371.4,379.0,387.8,397.2,410.7
18103,Miami,18,265.7,274.7,278.9,287.8,291.9
18105,Monroe,18,273.3,285.7,298.7,308.8,324.7
18107,Montgomery,18,231.7,242.9,253.0,259.3,267.2
18109,Morgan,18,296.4,306.3,311.5,321.7,327.3
18111,Newton,18,342.4,362.1,380.8,399.7,419.1
18113,Noble,18,333.8,351.9,366.0,381.8,399.2
18115,Ohio,18,218.9,224.6,235.4,245.6,255.8
18117,Orange,18,201.2,210.3,219.3,224.9,236.1
18119,Owen,18,233.6,239.8,251.6,262.4,269.4
18121,Parke,18,227.6,234.9,244.1,254.5,265.8
18123,Perry,18,302.9,309.4,321.1,332.1,343.0
18125,Pike,18,333.0,343.5,352.8,361.3,369.5
18127,Porter,18,307.4,319.6,332.8,350.7,363.7
18129,Posey,18,345.4,349.6,358.4,365.8,369.2
18131,Pulaski,18,340.6,350.7,357.0,364.9,377.6
18133,Putnam,18,215.1,226.5,233.1,241.4,254.3
18135,Randolph,18,200.6,208.6,212.6,222.2,230.9
18137,Ripley,18,303.3,313.1,323.2,337.2,349.7
18139,Rush,18,312.9,316.9,322.6,328.7,335.3
18141,St. Joseph,18,317.2,329.9,342.7,355.6,368.9
18143,Scott,18,362.5,381.6,400.9,417.3,436.0
18145,Shelby,18,237.6,244.1,256.2,263.8,277.1
18147,Spencer,18,232.0,241.9,251.9,258.9,268.0
18149,Starke,18,205.9,211.5,213.3,220.6,223.0
18151,Steuben,18,378.8,389.9,406.0,417.4,430.6
18153,Sullivan,18,303.4,315.5,328.5,342.5,360.5
18155,Switzerland,18,304.4,319.0,329.3,345.2,356.9
18157,Tippecanoe,18,304.8,309.2,314.4,323.9,331.8
18159,Tipton,18,236.9,240.2,245.1,250.8,260.5
18161,Union,18,397.7,406.9,411.3,420.3,428.5
18163,Vanderburgh,18,382.9,386.6,395.3,399.5,404.9
18165,Vermillion,18,227.2,239.1,247.3,261.3,274.8
18167,Vigo,18,277.2,287.6,297.9,304.7,313.6
18169,Wabash,18,233.6,236.9,245.7,253.5,260.9
18171,Warren,18,272.3,282.0,297.5,313.1,328.6
18173,Warrick,18,315.6,322.5,331.0,344.5,353.4
18175,Washington,18,249.7,261.3,268.3,276.7,289.6
18177,Wayne,18,279.9,293.0,306.4,320.3,331.4
18179,Wells,18,267.9,277.6,287.3,297.3,307.3
18181,White,18,386.1,395.9,406.8,421.8,431.9
18183,Whitley,18,257.4,266.0,279.2,291.0,302.1
19001,Adair,19,253.7,261.0,267.1,268.7,272.2
19003,Adams,19,251.9,257.6,260.0,267.7,274.9
19005,Allamakee,19,405.3,419.3,434.1,453.4,467.6
19007,Appanoose,19,244.7,250.7,261.0,270.3,275.5
19009,Audubon,19,362.0,374.4,391.5,407.3,419.5
19011,Benton,19,286.0,294.1,306.8,314.5,323.5
19013,Black Hawk,19,245.8,253.4,260.7,264.4,270.1
19015,Boone,19,329.8,344.0,357.7,368.0,380.3
19017,Bremer,19,193.8,199.7,205.3,210.7,215.9
19019,Buchanan,19,398.2,404.1,415.5,422.3,434.5
19021,Buena Vista,19,249.1,255.2,257.2,260.7,268.5
19023,Butler,19,199.7,210.1,215.6,222.8,234.5
19025,Calhoun,19,218.6,225.6,232.8,240.5,252.1
19027,Carroll,19,239.2,243.7,252.2,259.0,261.3
19029,Cass,19,236.3,243.3,249.0,254.3,259.5
19031,Cedar,19,260.9,267.4,279.6,291.5,299.6
19033,Cerro Gordo,19,309.9,324.9,340.7,353.7,372.8
19035,Cherokee,19,263.6,275.0,281.4,289.2,301.4
19037,Chickasaw,19,234.8,242.5,251.7,262.0,276.7
19039,Clarke,19,388.8,394.6,405.8,412.6,420.7
19041,Clay,19,232.9,246.8,255.9,266.2,277.7
19043,Clayton,19,317.1,331.8,342.8,355.9,373.7
19045,Clinton,19,207.8,214.5,217.1,225.5,229.2
19047,Crawford,19,380.5,391.8,403.0,414.6,426.1
19049,Dallas,19,265.9,276.5,291.8,305.8,319.2
19051,Davis,19,207.3,212.0,220.8,224.4,229.2
19053,Decatur,19,261.4,270.1,279.9,290.9,306.2
19055,Delaware,19,403.6,417.8,427.0,438.0,453.4
19057,Des Moines,19,245.7,251.5,256.3,260.8,261.2
19059,Dickinson,19,314.9,328.6,340.8,349.2,362.8
19061,Dubuque,19,216.0,222.0,228.7,239.3,248.5
19063,Emmet,19,226.2,228.7,236.7,239.9,248.1
19065,Fayette,19,195.8,203.9,208.0,214.2,225.2
19067,Floyd,19,397.4,411.6,427.9,449.2,469.4
19069,Franklin,19,330.9,342.8,353.1,359.1,370.5
19071,Fremont,19,261.2,268.0,271.1,276.2,282.4
19073,Greene,19,245.5,250.6,257.3,264.7,276.5
19075,Grundy,19,205.5,208.5,213.1,218.3,227.7
19077,Guthrie,19,375.9,387.3,399.0,414.6,428.8
19079,Hamilton,19,215.1,220.6,225.1,229.1,233.0
19081,Hancock,19,382.0,392.5,407.4,421.1,430.8
19083,Hardin,19,220.3,229.7,237.8,241.9,251.6
19085,Harrison,19,352.3,365.0,376.6,384.3,397.2
19087,Henry,19,347.9,358.5,369.7,385.1,399.2
19089,Howard,19,408.0,424.7,443.2,462.9,483.5
19091,Humboldt,19,406.7,414.3,422.7,431.7,444.8
19093,Ida,19,295.3,299.7,307.9,314.9,320.9
19095,Iowa,19,212.2,217.3,224.2,232.2,244.6
19097,Jackson,19,244.9,253.4,256.7,260.8,265.7
19099,Jasper,19,347.1,360.6,373.9,383.7,395.8
19101,Jefferson,19,294.8,305.7,319.0,333.8,349.6
19103,Johnson,19,361.5,365.2,370.8,377.5,388.3
19105,Jones,19,255.1,264.6,273.2,277.9,288.1
19107,Keokuk,19,305.2,314.0,319.2,326.4,334.9
19109,Kossuth,19,344.1,350.6,358.7,371.6,383.0
19111,Lee,19,192.1,197.3,203.8,214.8,220.8
19113,Linn,19,394.9,410.4,424.5,434.8,450.4
19115,Louisa,19,327.3,340.8,358.7,375.8,389.1
19117,Lucas,19,295.3,307.6,325.0,337.8,355.9
19119,Lyon,19,342.8,354.7,368.2,386.9,401.1
19121,Madison,19,304.7,313.7,327.2,339.7,351.9
19123,Mahaska,19,232.6,236.8,240.8,241.3,247.2
19125,Marion,19,271.2,281.6,296.2,306.0,317.0
19127,Marshall,19,246.5,258.6,266.8,280.6,294.0
19129,Mills,19,396.6,415.8,439.9,459.3,484.7
19131,Mitchell,19,334.5,342.5,346.8,356.5,361.9
19133,Monona,19,269.5,275.5,283.2,295.5,306.6
19135,Monroe,19,214.5,222.5,226.1,235.3,240.1
19137,Montgomery,19,383.8,392.0,395.8,404.7,412.6
19139,Muscatine,19,268.1,276.2,285.7,295.9,310.8
19141,O'Brien,19,317.0,326.5,331.2,340.9,349.8
19143,Osceola,19,378.0,385.4,397.5,404.9,417.1
19145,Page,19,409.3,427.6,447.6,472.7,497.2
19147,Palo Alto,19,255.6,256.1,262.3,263.7,270.3
19149,Plymouth,19,327.3,331.9,341.0,348.6,352.0
19151,Pocahontas,19,344.9,363.0,376.5,391.4,407.6
19153,Polk,19,331.9,345.3,359.6,378.3,392.5
19155,Pottawattamie,19,258.7,268.2,278.8,290.3,306.2
19157,Poweshiek,19,386.8,402.0,419.2,437.8,461.1
19159,Ringgold,19,231.9,239.9,248.2,256.7,269.1
19161,Sac,19,396.9,409.3,416.6,425.1,438.1
19163,Scott,19,364.8,379.5,400.2,417.3,440.2
19165,Shelby,19,344.1,347.2,351.3,359.8,366.6
19167,Sioux,19,223.2,226.3,233.2,238.5,239.2
19169,Story,19,393.6,413.1,431.8,446.6,464.0
19171,Tama,19,308.5,320.5,332.6,341.3,356.1
19173,Taylor,19,288.2,301.1,312.4,319.6,331.9
19175,Union,19,371.9,379.3,383.3,389.2,396.0
19177,Van Buren,19,210.6,213.5,216.4,223.1,228.2
19179,Wapello,19,327.8,338.6,345.6,358.1,369.8
19181,Warren,19,200.9,201.7,207.9,209.7,212.9
19183,Washington,19,380.2,396.0,410.4,424.2,438.0
19185,Wayne,19,222.7,226.5,231.2,236.0,244.8
19187,Webster,19,340.9,353.7,361.5,370.6,384.2
19189,Winnebago,19,409.8,430.0,450.8,468.4,492.5
19191,Winneshiek,19,316.4,322.9,328.7,334.3,336.1
19193,Woodbury,19,224.1,230.8,239.0,247.8,260.9
19195,Worth,19,302.4,308.7,310.4,314.0,318.4
19197,Wright,19,211.1,218.0,224.3,230.4,232.8
20001,Allen,20,358.6,373.8,393.8,409.4,426.9
20003,Anderson,20,213.1,221.0,228.5,232.0,237.4
20005,Atchison,20,359.0,369.7,376.1,384.2,393.1
20007,Barber,20,273.2,282.9,297.2,306.7,321.5
20009,Barton,20,247.3,252.6,258.8,265.5,272.4
20011,Bourbon,20,263.2,274.1,286.2,302.8,318.1
20013,Brown,20,388.7,400.6,414.0,428.3,447.3
20015,Butler,20,407.9,422.3,441.1,455.3,470.7
20017,Chase,20,310.1,319.5,331.2,344.5,358.8
20019,Chautauqua,20,407.1,417.0,422.5,433.5,440.1
20021,Cherokee,20,241.2,250.4,263.8,271.9,285.4
20023,Cheyenne,20,293.9,306.8,320.7,335.3,354.3
20025,Clark,20,208.1,214.9,227.1,238.7,246.2
20027,Clay,20,285.9,294.6,304.3,314.7,329.3
20029,Cloud,20,344.0,348.8,358.2,362.6,368.4
20031,Coffey,20,218.7,220.8,227.7,229.6,232.7
20033,Comanche,20,247.4,252.1,258.8,270.0,280.0
20035,Cowley,20,365.7,375.1,380.5,391.0,400.6
20037,Crawford,20,333.2,340.9,352.7,362.9,372.2
20039,Decatur,20,304.4,310.7,312.5,315.8,319.9
20041,Dickinson,20,199.4,205.4,213.4,222.7,236.2
20043,Doniphan,20,328.5,337.1,346.0,358.6,369.6
20045,Douglas,20,273.5,286.1,293.8,302.5,312.3
20047,Edwards,20,311.7,326.2,340.5,355.0,370.1
20049,Elk,20,209.4,210.3,216.1,217.1,223.0
20051,Ellis,20,408.1,418.7,434.6,450.0,461.6
20053,Ellsworth,20,383.7,400.0,416.3,429.2,448.1
20055,Finney,20,217.3,225.3,237.9,245.9,259.0
20057,Ford,20,254.2,264.8,274.2,279.3,289.5
20059,Franklin,20,345.6,355.0,359.6,365.8,376.3
20061,Geary,20,400.4,413.7,422.8,433.7,445.7
20063,Gove,20,221.4,224.7,233.3,237.6,246.9
20065,Graham,20,359.1,372.7,382.8,398.7,410.6
20067,Grant,20,398.4,409.7,420.1,427.0,435.5
20069,Gray,20,217.9,226.2,235.3,248.5,256.6
20071,Greeley,20,351.6,361.1,369.0,376.3,379.8
20073,Greenwood,20,354.6,367.5,385.4,402.6,416.2
20075,Hamilton,20,379.1,395.6,409.0,424.4,445.1
20077,Harper,20,345.4,356.4,373.1,389.4,402.1
20079,Harvey,20,269.9,276.0,282.6,289.4,296.7
20081,Haskell,20,320.5,328.1,332.4,338.6,345.7
20083,Hodgeman,20,268.0,270.3,277.2,282.7,283.7
20085,Jackson,20,264.2,275.4,281.5,292.8,299.1
20087,Jefferson,20,281.4,286.4,296.8,302.9,314.2
20089,Jewell,20,359.8,366.5,372.7,379.0,381.5
20091,Johnson,20,321.8,332.4,339.4,352.4,364.6
20093,Kearny,20,337.5,349.4,367.2,381.2,401.2
20095,Kingman,20,255.2,261.1,267.9,278.7,284.2
20097,Kiowa,20,207.8,218.1,228.1,234.7,243.6
20099,Labette,20,298.7,305.8,317.8,329.0,339.9
20101,Lane,20,361.9,367.7,374.0,383.9,388.7
20103,Leavenworth,20,342.9,354.7,361.8,373.7,384.8
20105,Lincoln,20,348.7,363.0,379.0,400.1,420.3
20107,Linn,20,347.8,363.3,379.5,392.6,408.1
20109,Logan,20,197.1,201.1,204.8,208.6,208.6
20111,Lyon,20,315.4,323.3,333.2,344.2,356.0
20113,McPherson,20,230.9,239.0,242.2,246.7,251.9
20115,Marion,20,364.4,374.2,379.9,387.7,399.8
20117,Marshall,20,274.6,281.1,292.4,302.6,308.8
20119,Meade,20,296.1,300.9,311.4,317.3,324.8
20121,Miami,20,222.9,232.1,236.6,242.3,252.8
20123,Mitchell,20,342.4,352.0,360.7,365.8,372.5
20125,Montgomery,20,327.2,334.1,341.8,349.8,358.2
20127,Morris,20,196.8,209.6,220.9,231.7,239.1
20129,Morton,20,221.2,226.9,236.9,241.9,252.0
20131,Nemaha,20,316.8,328.7,342.8,362.1,377.4
20133,Neosho,20,308.9,318.5,326.9,335.0,339.2
20135,Ness,20,268.8,278.8,290.8,304.2,322.4
20137,Norton,20,408.9,423.6,437.3,447.1,462.2
20139,Osage,20,344.9,363.0,380.3,394.1,413.6
20141,Osborne,20,338.8,347.1,361.0,374.3,387.2
20143,Ottawa,20,371.3,380.7,391.1,402.2,417.4
20145,Pawnee,20,351.6,370.3,388.7,407.2,422.6
20147,Phillips,20,221.9,230.4,239.9,254.1,267.0
20149,Pottawatomie,20,258.1,261.5,266.9,273.4,284.0
20151,Pratt,20,406.2,425.3,443.6,458.0,474.5
20153,Rawlins,20,320.3,337.5,350.8,369.8,384.7
20155,Reno,20,313.8,321.0,324.5,329.9,340.0
20157,Republic,20,259.8,272.7,286.3,300.2,314.7
20159,Rice,20,190.2,197.8,204.2,209.9,215.4
20161,Riley,20,365.6,386.4,402.8,424.6,446.4
20163,Rooks,20,406.2,416.3,425.1,429.5,435.4
20165,Rush,20,340.9,355.4,368.8,382.0,395.2
20167,Russell,20,232.2,240.9,244.4,253.0,260.7
20169,Saline,20,413.5,418.2,428.3,437.9,443.4
20171,Scott,20,338.8,341.0,348.6,355.2,361.2
20173,Sedgwick,20,207.5,207.3,208.8,211.1,217.7
20175,Seward,20,250.4,257.6,264.6,267.9,276.6
20177,Shawnee,20,302.4,311.3,320.0,328.6,333.5
20179,Sheridan,20,246.4,252.5,258.4,264.0,269.7
20181,Sherman,20,250.3,261.2,271.3,277.6,289.4
20183,Smith,20,238.3,250.0,261.0,268.1,277.5
20185,Stafford,20,351.1,368.6,383.0,403.5,423.8
20187,Stanton,20,240.8,244.6,250.1,260.3,265.5
20189,Stevens,20,220.6,225.9,231.7,238.1,244.6
20191,Sumner,20,386.1,396.3,408.4,425.1,440.5
20193,Thomas,20,302.9,318.8,330.3,343.5,358.0
20195,Trego,20,286.3,293.6,299.9,305.9,311.7
20197,Wabaunsee,20,216.5,226.4,236.7,251.1,264.1
20199,Wallace,20,218.1,222.5,228.7,235.4,242.6
20201,Washington,20,222.8,226.1,234.9,242.5,246.1
20203,Wichita,20,242.2,251.9,260.3,268.2,272.1
20205,Wilson,20,284.8,288.1,293.0,302.6,307.5
20207,Woodson,20,240.9,251.7,261.4,270.7,276.3
20209,Wyandotte,20,400.1,404.6,414.8,420.2,427.3
21001,Adair,21,292.7,298.6,309.7,316.5,324.6
21003,Allen,21,394.0,410.4,432.6,454.3,472.9
21005,Anderson,21,282.9,291.2,298.7,305.9,312.9
21007,Ballard,21,266.0,276.3,292.0,303.5,320.6
21009,Barren,21,291.1,305.6,320.5,332.2,349.9
21011,Bath,21,392.8,397.8,408.7,418.7,424.7
21013,Bell,21,323.9,333.9,345.0,356.5,368.7
21015,Boone,21,265.1,272.1,275.0,279.9,285.9
21017,Bourbon,21,264.9,273.4,277.5,286.6,291.0
21019,Boyd,21,401.6,410.4,418.0,425.4,428.6
21021,Boyle,21,409.7,426.6,443.4,460.5,474.3
21023,Bracken,21,227.1,231.3,239.0,241.5,244.9
21025,Breathitt,21,234.8,241.7,250.8,261.5,273.0
21027,Breckinridge,21,410.2,432.8,451.5,472.7,499.1
21029,Bullitt,21,220.3,231.7,242.8,254.4,262.7
21031,Butler,21,211.2,219.4,232.7,245.0,253.6
21033,Caldwell,21,252.4,256.7,264.9,267.9,275.6
21035,Calloway,21,315.7,324.3,328.5,334.7,341.8
21037,Campbell,21,210.4,219.7,225.5,237.3,248.5
21039,Carlisle,21,349.1,357.2,365.5,377.5,384.4
21041,Carroll,21,350.9,369.9,388.6,407.8,427.6
21043,Carter,21,353.2,358.2,363.6,373.3,377.6
21045,Casey,21,214.4,220.9,223.7,228.4,237.9
21047,Christian,21,378.7,384.6,392.0,400.4,409.3
21049,Clark,21,373.5,389.1,403.7,414.5,427.2
21051,Clay,21,340.1,359.7,378.4,397.2,412.5
21053,Clinton,21,325.0,339.7,350.4,366.5,378.7
21055,Crittenden,21,216.8,225.0,228.1,236.2,243.0
21057,Cumberland,21,221.7,228.1,234.0,239.7,241.6
21059,Daviess,21,300.1,303.1,308.0,313.8,320.4
21061,Edmonson,21,259.9,266.3,273.7,285.1,295.4
21063,Elliott,21,217.9,226.1,239.6,252.2,260.8
21065,Estill,21,273.5,281.7,288.2,290.2,293.8
21067,Fayette,21,255.2,265.0,279.5,292.7,305.3
21069,Fleming,21,371.8,377.1,382.4,391.7,399.3
21071,Floyd,21,324.2,336.4,347.9,355.1,367.9
21073,Franklin,21,384.2,405.9,426.7,447.8,469.5
21075,Fulton,21,226.4,232.8,239.6,250.2,259.2
21077,Gallatin,21,196.8,202.7,214.8,226.3,234.1
21079,Garrard,21,410.2,425.9,437.1,450.2,468.2
21081,Grant,21,215.9,221.6,228.6,236.6,248.7
21083,Graves,21,293.7,305.3,316.6,324.1,333.7
21085,Grayson,21,396.4,403.7,410.5,413.5,418.4
21087,Green,21,305.0,316.1,323.3,332.6,342.9
21089,Greenup,21,392.9,405.6,414.1,427.8,440.3
21091,Hancock,21,404.0,416.0,429.5,444.3,463.5
21093,Hardin,21,310.0,315.9,327.0,336.8,342.4
21095,Harlan,21,332.5,345.2,362.3,378.5,390.7
21097,Harrison,21,389.0,407.8,422.8,440.1,458.8
21099,Hart,21,282.0,284.4,291.7,293.9,297.6
21101,Henderson,21,358.9,373.5,387.2,400.6,414.1
21103,Henry,21,252.5,259.2,269.9,279.5,284.7
21105,Hickman,21,412.7,421.8,436.2,446.3,461.7
21107,Hopkins,21,326.1,336.1,352.0,367.8,380.0
21109,Jackson,21,227.2,233.3,243.9,249.1,255.6
21111,Jefferson,21,403.2,419.5,440.7,461.0,477.5
21113,Jessamine,21,293.8,306.3,319.0,332.3,342.6
21115,Johnson,21,387.1,404.3,425.7,446.2,463.0
21117,Kenton,21,262.1,272.2,277.3,283.2,293.5
21119,Knott,21,294.1,298.2,307.8,313.0,323.3
21121,Knox,21,364.7,374.2,389.0,403.2,413.3
21123,Larue,21,267.6,277.9,284.0,291.7,304.2
21125,Laurel,21,349.6,361.5,372.2,382.9,389.7
21127,Lawrence,21,371.6,389.7,404.0,420.4,442.1
21129,Lee,21,365.4,373.1,382.5,393.0,404.1
21131,Leslie,21,250.1,257.9,271.6,285.0,298.4
21133,Letcher,21,339.6,355.3,367.0,384.5,401.3
21135,Lewis,21,307.1,314.2,325.1,334.3,343.0
21137,Lincoln,21,257.1,270.0,279.3,294.8,306.1
21139,Livingston,21,228.4,239.4,250.8,258.9,272.8
21141,Logan,21,402.2,417.6,428.6,445.2,460.9
21143,Lyon,21,218.1,220.6,228.5,232.1,237.2
21145,McCracken,21,225.7,235.8,245.6,251.6,263.5
21147,McCreary,21,312.1,316.3,322.5,333.1,342.5
21149,McLean,21,406.4,424.9,440.4,462.3,480.3
21151,Madison,21,246.5,251.8,258.0,268.6,273.7
21153,Magoffin,21,323.6,338.6,349.6,366.5,382.5
21155,Marion,21,205.3,211.5,219.5,232.4,240.5
21157,Marshall,21,353.0,370.9,385.5,406.1,423.1
21159,Martin,21,370.9,386.3,400.8,411.2,427.3
21161,Mason,21,213.0,224.1,231.4,241.0,255.7
21163,Meade,21,195.3,202.7,215.2,223.2,233.2
21165,Menifee,21,351.9,363.5,376.4,393.6,409.9
21167,Mercer,21,195.2,197.5,204.0,205.4,211.4
21169,Metcalfe,21,241.1,252.8,265.1,281.5,296.8
21171,Monroe,21,303.6,315.1,322.1,330.4,343.5
21173,Montgomery,21,304.5,313.0,325.6,333.3,342.3
21175,Morgan,21,353.1,365.2,377.8,390.7,407.6
21177,Muhlenberg,21,314.5,320.8,327.5,338.3,347.5
21179,Nelson,21,336.5,349.0,365.9,381.6,397.0
21181,Nicholas,21,258.1,263.1,273.6,279.9,291.3
21183,Ohio,21,273.4,276.2,280.5,286.1,295.6
21185,Oldham,21,327.7,336.5,341.7,348.5,356.6
21187,Owen,21,197.3,202.1,208.2,218.7,227.7
21189,Owsley,21,334.8,344.2,355.9,369.1,383.3
21191,Pendleton,21,287.1,299.0,314.9,329.6,344.1
21193,Perry,21,400.5,419.1,442.5,461.7,482.8
21195,Pike,21,194.2,199.5,199.8,205.5,209.8
21197,Powell,21,319.6,327.8,331.2,335.8,345.0
21199,Pulaski,21,346.9,363.3,379.1,391.4,409.6
21201,Robertson,21,378.8,393.4,406.9,419.8,429.1
21203,Rockcastle,21,305.6,322.4,338.5,355.0,371.9
21205,Rowan,21,308.1,315.9,325.8,340.7,354.7
21207,Russell,21,312.2,323.7,334.4,344.7,355.3
21209,Scott,21,307.8,313.3,315.0,322.2,324.8
21211,Shelby,21,330.2,346.9,359.0,376.3,393.0
21213,Simpson,21,311.4,320.0,334.2,347.9,361.4
21215,Spencer,21,217.5,227.9,237.1,246.2,255.3
21217,Taylor,21,275.9,286.2,297.7,309.7,322.5
21219,Todd,21,340.1,360.1,379.1,394.4,415.9
21221,Trigg,21,280.2,288.4,295.0,300.9,306.7
21223,Trimble,21,310.8,326.8,341.9,356.6,371.4
21225,Union,21,260.6,270.7,285.8,296.3,311.8
21227,Warren,21,279.5,286.5,288.7,295.5,297.5
21229,Washington,21,348.2,356.6,364.1,367.4,372.3
21231,Wayne,21,195.6,205.0,210.1,220.8,226.9
21233,Webster,21,263.1,268.0,273.1,274.7,281.6
21235,Whitley,21,308.8,320.2,338.0,355.6,373.2
21237,Wolfe,21,390.9,403.5,414.9,422.1,434.8
21239,Woodford,21,262.4,270.7,275.0,281.0,288.2
22001,Acadia,22,380.1,391.0,397.1,404.5,416.6
22003,Allen,22,364.1,381.9,394.7,409.1,424.8
22005,Ascension,22,254.6,262.8,276.8,286.8,298.3
22007,Assumption,22,235.8,243.5,256.2,264.3,277.4
22009,Avoyelles,22,221.4,231.1,235.6,241.5,248.2
22011,Beauregard,22,322.4,337.3,356.8,375.3,390.1
22013,Bienville,22,363.8,368.5,377.6,385.0,391.5
22015,Bossier,22,299.6,311.9,324.3,336.8,346.3
22017,Caddo,22,346.6,358.3,375.5,388.0,406.1
22019,Calcasieu,22,325.8,338.8,352.8,371.3,388.7
22021,Caldwell,22,393.4,414.8,431.8,451.1,471.8
22023,Cameron,22,248.5,255.4,263.6,272.8,286.3
22025,Catahoula,22,228.1,237.0,241.2,250.4,258.4
22027,Claiborne,22,279.4,294.4,308.5,322.1,335.8
22029,Concordia,22,410.3,422.8,435.4,448.3,457.7
22031,De Soto,22,284.1,293.0,296.5,304.9,308.3
22033,East Baton Rouge,22,245.6,255.4,261.4,272.9,283.8
22035,East Carroll,22,357.3,367.3,383.4,395.1,412.6
22037,East Feliciana,22,371.3,375.2,381.0,387.9,395.4
22039,Evangeline,22,202.6,207.8,218.2,227.5,236.7
22041,Franklin,22,333.2,339.8,351.4,358.4,367.1
22043,Grant,22,383.3,387.8,394.2,401.9,410.0
22045,Iberia,22,345.8,359.7,374.6,390.4,410.5
22047,Iberville,22,245.4,260.5,270.8,286.7,301.8
22049,Jackson,22,266.8,276.1,280.3,285.8,295.5
22051,Jefferson,22,316.1,328.1,335.5,344.2,357.7
22053,Jefferson Davis,22,297.8,303.7,310.1,320.5,329.3
22055,Lafayette,22,343.2,352.4,362.7,374.1,385.8
22057,Lafourche,22,266.8,275.1,278.6,287.5,295.1
22059,La Salle,22,410.3,417.6,424.7,431.8,435.6
22061,Lincoln,22,397.8,404.9,413.1,425.4,432.7
22063,Livingston,22,403.1,418.6,435.1,456.1,472.3
22065,Madison,22,247.1,250.7,255.1,263.7,266.9
22067,Morehouse,22,327.5,339.4,350.6,361.8,369.0
22069,Natchitoches,22,219.4,229.7,238.7,243.5,253.4
22071,Orleans,22,373.8,388.5,404.2,424.4,443.5
22073,Ouachita,22,294.4,305.3,320.6,330.6,346.1
22075,Plaquemines,22,209.4,215.7,216.9,222.9,223.8
22077,Pointe Coupee,22,321.0,326.1,331.3,332.7,339.5
22079,Rapides,22,277.2,280.9,289.5,293.4,302.4
22081,Red River,22,371.1,382.7,395.1,411.7,423.2
22083,Richland,22,327.4,341.4,354.5,363.3,373.9
22085,Sabine,22,241.5,254.5,263.4,273.9,285.7
22087,St. Bernard,22,203.2,209.5,217.5,230.1,241.4
22089,St. Charles,22,207.2,213.3,221.0,229.5,238.7
22091,St. Helena,22,290.7,299.0,313.0,322.9,334.8
22093,St. James,22,306.9,314.7,318.5,327.3,331.7
22095,St. John the Baptist,22,214.1,225.6,236.1,246.6,257.2
22097,St. Landry,22,334.7,343.3,346.7,354.7,357.6
22099,St. Martin,22,285.3,289.5,299.4,304.6,311.5
22101,St. Mary,22,255.8,259.9,268.3,271.5,276.0
22103,St. Tammany,22,291.6,299.9,308.0,312.2,322.1
22105,Tangipahoa,22,212.0,218.1,229.8,240.8,248.2
22107,Tensas,22,282.6,290.6,303.9,312.4,322.6
22109,Terrebonne,22,236.6,242.2,249.8,261.9,269.4
22111,Union,22,371.7,381.5,395.0,407.0,418.6
22113,Vermilion,22,229.1,231.9,238.5,243.9,244.7
22115,Vernon,22,246.0,257.5,267.5,276.7,282.3
22117,Washington,22,355.8,362.3,373.5,379.9,391.2
22119,Webster,22,295.3,303.9,314.4,329.6,340.3
22121,West Baton Rouge,22,285.9,291.5,298.4,309.6,315.9
22123,West Carroll,22,247.1,254.1,261.7,269.6,281.6
22125,West Feliciana,22,216.0,216.7,222.7,223.9,230.4
22127,Winn,22,311.8,318.6,329.8,335.6,346.5
23001,Androscoggin,23,400.4,417.4,439.5,460.6,478.5
23003,Aroostook,23,370.5,382.1,395.2,409.2,424.1
23005,Cumberland,23,407.7,415.2,423.2,435.2,445.7
23007,Franklin,23,235.8,238.4,241.8,249.4,251.6
23009,Hancock,23,257.4,268.6,279.0,285.5,293.7
23011,Kennebec,23,296.2,301.7,306.9,307.9,314.6
23013,Knox,23,384.9,397.5,406.6,417.9,430.3
23015,Lincoln,23,337.7,345.2,356.7,367.0,376.4
23017,Oxford,23,355.2,367.3,385.2,399.2,415.1
23019,Penobscot,23,226.8,234.2,241.1,247.4,250.0
23021,Piscataquis,23,367.4,387.6,403.7,422.1,446.1
23023,Sagadahoc,23,335.3,355.4,371.1,388.3,410.6
23025,Somerset,23,219.3,232.4,240.6,253.8,266.1
23027,Waldo,23,236.4,246.3,260.9,274.2,284.0
23029,Washington,23,225.0,229.4,234.0,242.5,245.8
23031,York,23,251.4,260.6,264.7,273.6,277.7
24001,Allegany,24,358.1,374.9,391.6,405.2,421.3
24003,Anne Arundel,24,310.1,321.1,331.6,342.5,353.3
24005,Baltimore,24,333.3,349.9,362.1,375.9,394.6
24009,Calvert,24,330.4,338.6,351.6,363.5,371.2
24011,Caroline,24,235.7,245.8,260.6,270.7,282.5
24013,Carroll,24,298.0,309.7,320.7,327.4,336.2
24015,Cecil,24,270.8,283.9,293.3,308.9,320.2
24017,Charles,24,395.8,411.9,433.7,455.1,477.1
24019,Dorchester,24,333.3,346.2,354.4,364.0,378.5
24021,Frederick,24,269.1,278.1,292.8,306.7,317.0
24023,Garrett,24,396.4,402.6,409.6,417.5,429.4
24025,Harford,24,347.1,351.3,356.9,363.4,370.4
24027,Howard,24,311.4,325.9,340.3,350.9,367.4
24029,Kent,24,271.8,279.1,291.6,299.6,312.9
24031,Montgomery,24,301.0,305.1,313.5,316.7,321.0
24033,Prince George's,24,399.2,409.5,421.7,435.4,453.5
24035,Queen Anne's,24,230.0,241.9,253.2,264.2,275.2
24037,St. Mary's,24,408.3,421.7,436.3,451.7,468.1
24039,Somerset,24,311.3,319.7,326.9,329.9,338.0
24041,Talbot,24,275.9,290.9,301.0,316.2,326.7
24043,Washington,24,316.6,326.8,335.7,343.7,351.6
24045,Wicomico,24,293.5,301.8,306.4,316.5,325.7
24047,Worcester,24,251.9,260.6,275.1,285.7,302.2
24510,Baltimore,24,288.8,303.6,318.8,334.3,346.7
25001,Barnstable,25,299.6,310.5,322.9,336.3,350.2
25003,Berkshire,25,218.3,220.4,223.3,226.5,229.9
25005,Bristol,25,246.2,254.3,262.7,271.8,284.6
25007,Dukes,25,222.1,231.4,237.1,248.5,259.2
25009,Essex,25,303.8,310.9,319.7,333.5,346.2
25011,Franklin,25,341.1,347.8,356.2,365.1,378.6
25013,Hampden,25,291.4,303.2,311.2,324.8,337.8
25015,Hampshire,25,372.6,388.5,400.0,416.9,429.4
25017,Middlesex,25,369.6,377.9,390.9,399.4,409.2
25019,Nantucket,25,349.2,361.9,373.4,384.5,395.5
25021,Norfolk,25,387.6,392.8,398.4,404.5,411.0
25023,Plymouth,25,206.7,216.1,225.2,230.7,241.8
25025,Suffolk,25,389.3,402.3,414.6,426.8,435.2
25027,Worcester,25,391.9,405.0,417.0,425.0,435.1
26001,Alcona,26,242.8,247.6,252.5,261.4,268.6
26003,Alger,26,293.1,297.4,307.2,316.5,325.3
26005,Allegan,26,382.7,392.8,398.7,409.9,416.9
26007,Alpena,26,379.1,388.0,399.0,411.1,427.5
26009,Antrim,26,396.2,412.3,430.3,452.9,471.2
26011,Arenac,26,376.7,391.3,406.0,421.2,436.7
26013,Baraga,26,314.6,325.2,331.4,343.2,353.8
26015,Barry,26,283.2,292.4,300.8,305.1,310.9
26017,Bay,26,275.7,286.4,302.6,318.5,330.5
26019,Benzie,26,360.7,378.6,396.6,415.0,434.0
26021,Berrien,26,387.7,403.4,424.8,446.2,467.7
26023,Branch,26,209.5,212.4,216.0,220.0,228.0
26025,Calhoun,26,342.9,351.1,360.3,373.6,385.8
26027,Cass,26,338.7,349.2,356.1,368.5,380.2
26029,Charlevoix,26,226.0,237.4,248.9,256.7,266.8
26031,Cheboygan,26,349.8,352.5,357.1,362.9,372.6
26033,Chippewa,26,316.8,328.3,344.0,354.7,366.8
26035,Clare,26,338.5,353.6,364.2,379.8,391.0
26037,Clinton,26,301.1,304.4,313.2,321.4,325.6
26039,Crawford,26,349.2,359.7,365.5,376.8,383.3
26041,Delta,26,402.0,417.4,432.2,443.6,460.8
26043,Dickinson,26,325.6,335.9,347.4,363.5,378.3
26045,Eaton,26,279.6,283.2,291.5,298.1,300.7
26047,Emmet,26,404.2,419.9,437.3,455.9,475.3
26049,Genesee,26,208.2,212.9,218.2,224.0,229.9
26051,Gladwin,26,317.6,329.8,343.4,361.7,379.4
26053,Gogebic,26,277.1,285.1,287.9,295.3,301.4
26055,Grand Traverse,26,236.6,245.9,254.8,259.7,266.3
26057,Gratiot,26,336.3,350.3,366.1,383.1,405.2
26059,Hillsdale,26,194.2,196.7,203.4,208.5,212.9
26061,Houghton,26,326.7,343.7,356.9,376.2,391.7
26063,Huron,26,307.4,314.5,321.1,324.0,328.7
26065,Ingham,26,221.3,229.0,232.6,237.9,244.4
26067,Ionia,26,411.6,421.4,436.0,445.8,460.7
26069,Iosco,26,386.2,391.3,400.7,408.5,415.2
26071,Iron,26,295.7,304.7,319.1,332.9,342.6
26073,Isabella,26,390.1,407.9,426.5,445.9,466.3
26075,Jackson,26,192.1,196.6,201.2,209.4,212.5
26077,Kalamazoo,26,393.2,404.7,411.6,423.5,430.8
26079,Kalkaska,26,368.2,381.9,396.6,416.1,430.6
26081,Kent,26,318.5,334.8,346.7,363.8,376.6
26083,Keweenaw,26,385.6,391.9,399.1,406.8,415.0
26085,Lake,26,197.8,210.2,221.6,228.9,241.5
26087,Lapeer,26,257.8,272.2,285.6,298.5,308.0
26089,Leelanau,26,395.7,402.3,414.0,421.1,433.2
26091,Lenawee,26,243.6,248.9,259.0,267.9,272.4
26093,Livingston,26,198.4,205.0,205.9,208.0,210.8
26095,Luce,26,353.4,369.9,382.9,398.0,418.4
26097,Mackinac,26,368.6,377.4,385.5,393.2,397.1
26099,Macomb,26,339.4,345.1,351.0,356.5,358.7
26101,Manistee,26,225.7,233.2,242.5,256.6,269.8
26103,Marquette,26,368.5,380.6,391.5,401.9,408.7
26105,Mason,26,217.3,225.8,230.4,236.7,247.3
26107,Mecosta,26,293.1,301.8,316.3,326.8,342.7
26109,Menominee,26,251.7,255.9,265.2,270.1,280.2
26111,Midland,26,259.6,268.2,281.8,294.5,306.8
26113,Missaukee,26,208.2,213.2,219.4,226.1,237.0
26115,Monroe,26,197.1,206.6,211.1,216.4,226.1
26117,Montcalm,26,319.4,335.3,351.9,365.5,385.1
26119,Montmorency,26,356.7,368.7,380.8,389.4,400.1
26121,Muskegon,26,328.6,339.2,348.7,354.2,365.2
26123,Newaygo,26,215.0,215.1,216.9,219.5,222.5
26125,Oakland,26,262.6,272.9,278.6,289.4,299.1
26127,Oceana,26,407.1,416.4,428.0,444.1,459.3
26129,Ogemaw,26,410.5,425.5,435.3,450.4,460.5
26131,Ontonagon,26,397.8,411.2,427.2,444.9,463.8
26133,Osceola,26,305.1,314.5,318.7,323.7,329.6
26135,Oscoda,26,336.1,344.3,352.6,364.6,371.6
26137,Otsego,26,209.7,214.1,220.1,230.6,239.6
26139,Ottawa,26,301.1,304.1,312.6,320.5,327.8
26141,Presque Isle,26,211.1,216.3,223.7,232.1,245.1
26143,Roscommon,26,326.0,342.0,358.3,375.0,392.1
26145,Saginaw,26,198.8,206.5,210.7,217.0,228.1
26147,St. Clair,26,230.9,236.0,242.3,249.6,257.1
26149,St. Joseph,26,294.6,305.3,311.3,318.7,327.0
26151,Sanilac,26,326.5,345.4,360.2,376.9,394.7
26153,Schoolcraft,26,379.0,391.6,405.9,421.5,437.7
26155,Shiawassee,26,345.7,359.7,376.0,393.8,416.4
26157,Tuscola,26,384.1,397.8,408.5,425.0,441.2
26159,Van Buren,26,337.5,348.0,359.2,370.9,386.3
26161,Washtenaw,26,347.2,356.3,364.4,372.0,379.8
26163,Wayne,26,269.6,274.6,280.4,287.2,297.9
26165,Wexford,26,309.1,314.8,326.0,336.5,346.9
27001,Aitkin,27,267.8,282.8,297.4,311.9,327.0
27003,Anoka,27,390.2,394.8,400.9,407.4,418.3
27005,Becker,27,303.6,313.6,325.1,341.4,356.8
27007,Beltrami,27,394.9,404.3,419.4,429.9,445.7
27009,Benton,27,318.3,329.7,343.4,359.0,375.6
27011,Big Stone,27,361.6,364.2,372.2,379.2,385.9
27013,Blue Earth,27,252.3,253.8,261.0,267.3,272.9
27015,Brown,27,380.3,382.9,391.1,398.4,401.6
27017,Carlton,27,267.2,279.6,287.8,298.2,313.3
27019,Carver,27,317.3,328.4,339.5,347.1,360.7
27021,Cass,27,223.7,231.5,237.7,243.2,248.1
27023,Chippewa,27,392.7,406.7,417.7,434.5,447.3
27025,Chisago,27,253.8,268.4,278.4,293.4,308.0
27027,Clay,27,290.3,299.6,310.8,326.8,338.4
27029,Clearwater,27,204.5,211.6,214.3,218.4,227.0
27031,Cook,27,306.1,310.3,315.0,319.7,324.9
27033,Cottonwood,27,358.4,367.7,375.7,382.7,389.5
27035,Crow Wing,27,215.7,228.4,239.7,246.9,259.8
27037,Dakota,27,258.2,262.9,268.5,278.4,283.3
27039,Dodge,27,211.6,213.4,216.2,219.9,227.9
27041,Douglas,27,381.6,390.9,405.5,415.6,431.0
27043,Faribault,27,210.9,213.2,220.2,226.2,227.7
27045,Fillmore,27,365.7,373.4,386.8,399.7,412.4
27047,Freeborn,27,401.9,416.1,426.6,442.4,454.0
27049,Goodhue,27,375.0,385.6,402.0,417.9,430.1
27051,Grant,27,213.7,227.2,235.9,245.8,260.4
27053,Hennepin,27,259.2,270.7,278.0,291.0,303.3
27055,Houston,27,273.1,285.2,296.2,303.3,316.1
27057,Hubbard,27,348.0,357.3,366.9,376.3,386.0
27059,Isanti,27,267.8,279.5,289.9,296.3,304.4
27061,Itasca,27,362.5,380.9,399.1,417.6,436.6
27063,Jackson,27,336.9,344.2,352.8,362.1,375.8
27065,Kanabec,27,366.2,379.1,393.3,412.3,426.7
27067,Kandiyohi,27,255.9,261.1,265.7,270.0,270.5
27069,Kittson,27,377.3,390.8,404.4,418.4,429.4
27071,Koochiching,27,285.8,298.3,306.3,319.5,328.2
27073,Lac qui Parle,27,253.1,260.2,266.1,271.2,272.7
27075,Lake,27,266.1,269.8,274.3,279.2,288.1
27077,Lake of the Woods,27,380.9,389.9,400.6,412.4,428.8
27079,Le Sueur,27,340.1,355.5,376.2,396.0,416.0
27081,Lincoln,27,220.8,228.4,237.4,250.6,259.0
27083,Lyon,27,365.7,369.1,377.8,386.0,390.2
27085,McLeod,27,261.8,274.2,282.0,291.6,306.3
27087,Mahnomen,27,346.8,357.9,373.7,384.3,396.4
27089,Marshall,27,278.9,281.1,288.7,291.4,295.3
27091,Martin,27,398.2,405.2,413.1,425.4,436.5
27093,Meeker,27,407.0,421.6,442.3,458.9,481.6
27095,Mille Lacs,27,360.4,374.8,384.3,399.1,412.8
27097,Morrison,27,398.1,415.8,434.7,458.4,481.2
27099,Mower,27,306.9,311.2,320.2,324.5,333.8
27101,Murray,27,239.0,244.1,254.8,264.7,274.2
27103,Nicollet,27,209.6,214.2,224.0,232.6,241.1
27105,Nobles,27,245.7,247.3,254.2,260.6,266.3
27107,Norman,27,311.6,316.3,322.2,332.8,338.3
27109,Olmsted,27,390.7,398.1,405.6,413.2,421.0
27111,Otter Tail,27,287.9,295.0,301.6,307.9,310.5
27113,Pennington,27,397.8,413.4,424.6,437.6,451.4
27115,Pine,27,354.4,372.9,390.7,404.6,421.1
27117,Pipestone,27,229.4,237.9,250.5,257.9,270.6
27119,Polk,27,388.4,398.6,403.7,409.9,420.5
27121,Pope,27,236.9,242.6,249.6,257.2,269.3
27123,Ramsey,27,221.2,231.4,241.1,250.5,260.3
27125,Red Lake,27,339.3,354.2,365.8,379.4,394.7
27127,Redwood,27,394.1,400.8,408.1,415.5,426.6
27129,Renville,27,321.4,327.9,338.3,343.3,353.4
27131,Rice,27,243.0,246.8,256.1,260.7,266.8
27133,Rock,27,246.6,254.9,263.1,267.6,277.7
27135,Roseau,27,335.4,349.6,365.1,385.2,404.2
27137,St. Louis,27,384.1,390.1,400.7,409.7,414.6
27139,Scott,27,378.6,386.4,393.2,399.8,402.6
27141,Sherburne,27,288.8,298.8,309.5,324.9,335.1
27143,Sibley,27,386.8,396.2,410.1,422.6,434.7
27145,Stearns,27,407.6,419.5,433.6,452.6,470.7
27147,Steele,27,307.6,318.2,331.2,349.0,362.6
27149,Stevens,27,220.6,225.6,226.5,232.7,234.4
27151,Swift,27,207.2,215.6,219.6,225.3,231.9
27153,Todd,27,306.2,310.3,315.1,324.3,332.2
27155,Traverse,27,391.3,399.1,403.1,412.5,417.5
27157,Wabasha,27,308.1,319.1,335.1,349.9,364.5
27159,Wadena,27,199.5,204.3,210.0,216.3,222.7
27161,Waseca,27,405.3,425.4,446.0,463.7,488.1
27163,Washington,27,281.8,293.7,300.7,312.5,323.6
27165,Watonwan,27,356.0,369.1,382.6,396.2,410.4
27167,Wilkin,27,216.6,220.9,221.0,226.4,227.4
27169,Winona,27,316.8,325.3,334.4,344.2,358.1
27171,Wright,27,231.7,236.4,243.2,250.9,263.2
27173,Yellow Medicine,27,298.2,303.5,310.4,321.7,331.4
28001,Adams,28,409.9,429.8,450.3,471.7,494.2
28003,Alcorn,28,273.8,280.9,286.7,288.4,291.9
28005,Amite,28,208.8,214.6,225.2,234.6,239.8
28007,Attala,28,206.1,214.8,228.1,240.6,252.5
28009,Benton,28,299.9,309.8,316.1,328.0,335.6
28011,Bolivar,28,230.8,234.4,238.7,247.4,254.9
28013,Calhoun,28,256.9,258.2,264.6,269.9,270.8
28015,Carroll,28,343.3,357.9,373.2,389.0,402.1
28017,Chickasaw,28,222.9,223.9,226.5,233.3,238.4
28019,Choctaw,28,391.8,406.9,417.8,434.5,450.3
28021,Claiborne,28,280.8,287.5,299.0,309.3,315.3
28023,Clarke,28,401.5,419.0,438.6,463.4,483.9
28025,Clay,28,393.2,401.4,405.4,415.3,424.2
28027,Coahoma,28,221.1,229.0,232.4,237.1,246.5
28029,Copiah,28,365.5,374.7,385.3,396.6,408.7
28031,Covington,28,201.9,212.2,222.6,229.6,238.9
28033,DeSoto,28,308.2,315.0,323.0,332.1,345.7
28035,Forrest,28,263.8,269.8,271.3,278.1,283.5
28037,Franklin,28,388.9,393.4,402.9,411.6,415.8
28039,George,28,224.8,229.3,238.6,242.8,252.1
28041,Greene,28,261.6,265.2,270.3,276.7,283.6
28043,Grenada,28,356.1,361.1,367.0,373.3,383.5
28045,Hancock,28,243.0,251.2,261.8,274.0,290.7
28047,Harrison,28,369.1,378.6,383.7,393.8,402.7
28049,Hinds,28,284.1,291.6,300.1,312.7,319.9
28051,Holmes,28,307.1,319.7,331.5,339.6,349.7
28053,Humphreys,28,387.4,396.8,410.7,419.3,433.0
28055,Issaquena,28,312.3,326.2,338.7,350.9,359.2
28057,Itawamba,28,274.4,282.3,285.4,290.0,295.5
28059,Jackson,28,407.3,418.2,429.4,437.4,447.5
28061,Jasper,28,398.1,403.0,412.2,420.2,423.6
28063,Jefferson,28,357.3,363.3,365.9,373.9,381.3
28065,Jefferson Davis,28,390.7,408.0,426.5,449.4,471.4
28067,Jones,28,256.7,261.4,270.1,273.7,282.3
28069,Kemper,28,397.9,406.1,414.1,418.4,424.6
28071,Lafayette,28,219.2,230.5,241.9,249.6,263.5
28073,Lamar,28,227.5,232.9,243.1,252.5,257.6
28075,Lauderdale,28,342.1,349.9,362.3,373.4,383.8
28077,Lawrence,28,416.9,431.9,452.5,469.0,487.7
28079,Leake,28,275.6,281.5,293.0,303.4,309.9
28081,Lee,28,261.9,273.9,285.8,297.7,309.8
28083,Leflore,28,215.2,222.8,230.1,237.4,244.9
28085,Lincoln,28,208.7,212.6,220.5,223.3,231.0
28087,Lowndes,28,332.4,343.9,354.5,364.7,371.0
28089,Madison,28,248.9,250.8,257.7,263.6,265.4
28091,Marion,28,329.8,339.8,349.3,358.3,363.7
28093,Marshall,28,298.3,306.9,321.2,335.4,349.4
28095,Monroe,28,411.8,423.3,430.1,442.0,449.3
28097,Montgomery,28,247.5,251.2,259.5,266.6,273.1
28099,Neshoba,28,402.1,409.9,422.1,429.3,441.6
28101,Newton,28,385.6,399.3,415.1,436.3,453.4
28103,Noxubee,28,361.1,377.3,389.5,403.4,422.3
28105,Oktibbeha,28,237.0,250.9,260.1,274.7,284.6
28107,Panola,28,275.9,283.1,286.6,295.5,303.9
28109,Pearl River,28,281.2,290.5,295.5,302.1,313.1
28111,Perry,28,336.4,350.7,364.3,374.1,385.9
28113,Pike,28,270.2,274.3,283.9,289.0,299.3
28115,Pontotoc,28,337.8,350.0,361.9,373.3,381.3
28117,Prentiss,28,257.5,265.2,274.2,284.1,294.6
28119,Quitman,28,324.8,338.0,356.4,374.2,388.1
28121,Rankin,28,257.1,269.7,277.4,287.0,297.3
28123,Scott,28,408.8,414.4,424.7,429.9,440.1
28125,Sharkey,28,215.1,223.5,230.9,238.3,241.6
28127,Simpson,28,253.0,268.4,279.2,291.6,308.9
28129,Smith,28,206.1,213.6,225.7,233.2,242.3
28131,Stone,28,272.7,276.4,284.0,290.3,295.6
28133,Sunflower,28,407.9,414.7,417.7,422.2,427.9
28135,Tallahatchie,28,245.7,255.4,263.5,270.7,274.3
28137,Tate,28,353.8,363.7,373.1,381.9,391.0
28139,Tippah,28,217.7,226.0,232.7,238.5,244.0
28141,Tishomingo,28,288.8,298.0,312.2,325.4,334.6
28143,Tunica,28,290.3,293.4,301.9,309.8,313.8
28145,Union,28,356.2,359.1,363.8,369.4,375.3
28147,Walthall,28,357.4,362.0,367.2,372.7,378.4
28149,Warren,28,224.3,226.1,229.8,234.3,239.6
28151,Washington,28,332.1,339.0,346.9,354.9,363.5
28153,Wayne,28,382.4,399.0,410.8,424.2,438.4
28155,Webster,28,241.0,247.8,249.4,252.1,255.6
28157,Wilkinson,28,400.3,405.1,411.9,423.4,429.8
28159,Winston,28,245.6,252.4,261.0,271.1,285.5
28161,Yalobusha,28,360.9,363.9,372.5,376.4,385.7
28163,Yazoo,28,276.7,288.9,305.5,321.0,332.6
29001,Adair,29,393.2,399.6,410.0,415.2,425.1
29003,Andrew,29,335.2,342.7,350.6,358.8,367.1
29005,Atchison,29,209.5,214.8,225.3,231.6,239.2
29007,Audrain,29,354.3,363.9,372.2,379.9,383.9
29009,Barry,29,328.2,337.1,351.7,365.7,379.4
29011,Barton,29,257.7,271.4,281.1,292.4,308.8
29013,Bates,29,282.6,289.1,299.6,304.7,311.0
29015,Benton,29,397.6,410.8,418.9,432.2,440.6
29017,Bollinger,29,348.1,350.5,358.3,364.7,367.0
29019,Boone,29,214.8,222.8,236.2,248.8,257.7
29021,Buchanan,29,219.7,225.3,230.0,230.4,236.2
29023,Butler,29,226.0,233.7,242.1,251.2,264.1
29025,Caldwell,29,336.8,349.4,363.8,379.6,400.3
29027,Callaway,29,346.8,359.9,378.6,396.6,410.8
29029,Camden,29,372.0,387.4,407.7,427.0,442.9
29031,Cape Girardeau,29,391.8,408.9,426.2,440.1,460.2
29033,Carroll,29,259.0,265.6,267.4,270.7,274.3
29035,Carter,29,201.5,205.0,213.7,217.6,223.1
29037,Cass,29,234.8,240.4,251.2,260.8,266.2
29039,Cedar,29,270.9,281.2,286.4,292.8,299.8
29041,Chariton,29,216.3,224.1,227.2,234.9,241.6
29043,Christian,29,225.1,236.4,247.4,258.5,270.1
29045,Clark,29,257.9,270.2,283.0,296.5,314.1
29047,Clay,29,347.9,352.9,362.1,369.6,372.7
29049,Clinton,29,329.6,348.7,363.3,380.1,398.1
29051,Cole,29,275.9,280.6,289.0,292.1,296.1
29053,Cooper,29,380.9,391.7,400.9,409.5,414.1
29055,Crawford,29,300.5,310.5,316.8,324.9,334.4
29057,Dade,29,219.3,222.4,226.2,230.4,235.1
29059,Dallas,29,298.9,308.4,312.8,321.8,326.1
29061,Daviess,29,334.5,347.2,359.9,373.1,383.2
29063,DeKalb,29,288.3,303.6,314.5,327.0,340.5
29065,Dent,29,216.6,221.7,227.0,236.3,240.4
29067,Douglas,29,359.9,368.6,381.1,391.9,398.5
29069,Dunklin,29,359.3,367.3,376.2,385.7,399.4
29071,Franklin,29,323.2,334.7,346.8,359.4,372.5
29073,Gasconade,29,245.7,256.4,262.1,269.5,281.3
29075,Gentry,29,238.9,243.4,253.4,259.2,266.6
29077,Greene,29,415.7,425.3,434.0,438.6,448.6
29079,Grundy,29,309.6,328.1,342.0,357.8,378.6
29081,Harrison,29,220.5,226.0,227.8,234.9,237.2
29083,Henry,29,352.2,357.1,367.4,373.0,384.1
29085,Hickory,29,268.1,274.6,285.8,296.4,306.5
29087,Holt,29,233.9,240.3,246.9,253.7,264.1
29089,Howard,29,236.1,244.9,258.9,268.4,279.5
29091,Howell,29,335.9,341.3,351.0,355.3,360.6
29093,Iron,29,224.8,226.1,228.6,235.7,237.6
29095,Jackson,29,344.0,352.6,365.7,373.8,383.3
29097,Jasper,29,261.8,271.9,278.1,286.3,299.5
29099,Jefferson,29,210.9,224.5,233.3,243.3,254.5
29101,Johnson,29,375.8,388.5,401.2,413.9,427.0
29103,Knox,29,204.6,209.5,210.8,217.4,223.4
29105,Laclede,29,236.3,249.8,258.9,273.1,286.7
29107,Lafayette,29,217.9,224.3,230.9,241.2,250.0
29109,Lawrence,29,403.9,419.0,438.1,456.1,473.9
29111,Lewis,29,401.1,411.7,421.8,428.3,436.4
29113,Lincoln,29,314.5,321.4,328.1,334.9,338.4
29115,Linn,29,294.8,301.9,314.6,326.6,334.8
29117,Livingston,29,353.2,363.9,378.8,388.8,399.9
29119,McDonald,29,353.3,358.3,368.0,376.0,379.9
29121,Macon,29,394.0,409.7,427.1,449.1,466.8
29123,Madison,29,359.8,368.3,376.0,379.9,385.4
29125,Maries,29,325.2,340.4,356.2,369.0,384.2
29127,Marion,29,255.2,267.7,276.9,288.4,305.2
29129,Mercer,29,246.2,257.2,266.7,271.8,278.6
29131,Miller,29,269.6,279.2,283.7,293.3,298.2
29133,Mississippi,29,326.1,337.7,350.9,368.8,382.2
29135,Moniteau,29,271.5,277.1,284.3,292.4,301.2
29137,Monroe,29,331.2,339.3,347.8,356.6,365.6
29139,Montgomery,29,210.2,212.2,215.8,224.0,227.5
29141,Morgan,29,403.5,413.1,424.6,440.6,452.1
29143,New Madrid,29,248.0,251.9,260.2,266.8,272.8
29145,Newton,29,359.9,366.5,377.4,382.8,393.3
29147,Nodaway,29,255.0,267.7,275.9,289.5,302.4
29149,Oregon,29,400.5,417.9,432.2,452.5,472.5
29151,Osage,29,418.5,432.9,447.5,462.5,477.6
29153,Ozark,29,412.5,431.3,447.0,464.9,484.7
29155,Pemiscot,29,303.7,319.5,334.9,346.7,360.9
29157,Perry,29,275.0,281.9,283.9,290.9,297.0
29159,Pettis,29,278.0,289.2,301.4,314.4,328.4
29161,Phelps,29,231.1,237.3,239.5,243.1,247.6
29163,Pike,29,223.3,232.1,241.6,255.4,267.8
29165,Platte,29,330.8,337.2,348.9,355.4,363.7
29167,Polk,29,261.9,265.8,266.2,272.0,277.1
29169,Pulaski,29,236.9,242.0,249.2,261.3,268.5
29171,Putnam,29,359.9,371.2,386.3,396.5,407.8
29173,Ralls,29,329.7,343.7,353.6,364.9,381.3
29175,Randolph,29,392.5,409.3,422.8,442.3,461.9
29177,Ray,29,411.0,422.2,428.7,436.7,445.7
29179,Reynolds,29,206.6,212.1,221.6,229.6,236.7
29181,Ripley,29,403.5,412.1,422.7,434.7,451.0
29183,St. Charles,29,387.2,393.3,395.7,399.9,408.7
29185,St. Clair,29,213.9,220.6,227.6,234.8,245.6
29186,Ste. Genevieve,29,318.4,326.8,334.7,338.5,343.9
29187,St. Francois,29,380.5,395.6,407.4,421.1,440.0
29189,St. Louis,29,382.5,393.9,405.2,416.8,424.8
29195,Saline,29,238.7,245.3,256.4,262.5,273.7
29197,Schuyler,29,224.8,229.2,234.8,241.3,248.1
29199,Scotland,29,412.6,418.5,424.5,430.9,440.9
29201,Scott,29,312.2,321.1,335.8,349.8,360.2
29203,Shannon,29,392.8,398.9,406.3,418.0,424.7
29205,Shelby,29,256.8,263.3,271.1,283.9,291.7
29207,Stoddard,29,208.5,215.6,219.0,227.9,236.0
29209,Stone,29,250.0,260.0,270.9,286.4,296.9
29211,Sullivan,29,335.3,348.1,362.1,380.9,398.7
29213,Taney,29,346.9,358.8,365.7,377.3,384.3
29215,Texas,29,248.7,254.6,261.5,268.5,279.6
29217,Vernon,29,281.8,297.0,308.4,325.3,341.9
29219,Warren,29,217.8,228.0,234.0,241.7,254.1
29221,Washington,29,411.1,422.8,430.5,443.4,452.0
29223,Wayne,29,338.5,353.7,369.1,385.2,398.1
29225,Webster,29,301.4,310.4,324.7,338.4,348.0
29227,Worth,29,409.0,429.6,449.9,466.8,486.1
29229,Wright,29,343.7,358.2,372.1,382.3,394.6
29510,St. Louis,29,285.9,294.1,299.0,309.4,319.4
30001,Beaverhead,30,253.1,263.8,270.3,278.9,288.6
30003,Big Horn,30,268.4,283.0,297.1,308.1,325.0
30005,Blaine,30,208.0,209.8,212.3,215.6,219.0
30007,Broadwater,30,310.1,316.2,328.1,339.2,346.5
30009,Carbon,30,264.9,278.8,288.3,303.2,313.7
30011,Carter,30,408.4,416.6,424.0,427.5,432.6
30013,Cascade,30,233.3,236.8,241.1,249.4,256.4
30015,Chouteau,30,359.6,373.6,383.1,397.8,411.9
30017,Custer,30,343.4,348.1,357.9,366.5,374.8
30019,Daniels,30,376.2,390.4,403.5,416.2,425.1
30021,Dawson,30,278.6,288.8,299.7,315.3,329.7
30023,Deer Lodge,30,196.9,208.5,215.5,227.5,235.0
30025,Fallon,30,312.5,323.0,333.9,341.6,351.5
30027,Fergus,30,349.4,361.2,374.7,392.9,406.5
30029,Flathead,30,376.4,393.2,410.4,424.4,444.3
30031,Gallatin,30,318.6,326.8,336.3,346.4,360.8
30033,Garfield,30,318.3,326.5,330.2,335.1,340.8
30035,Glacier,30,310.9,329.0,346.5,364.1,378.7
30037,Golden Valley,30,281.6,292.3,302.1,311.5,316.9
30039,Granite,30,265.5,282.2,297.8,309.5,323.3
30041,Hill,30,248.2,252.0,257.8,268.4,277.8
30043,Jefferson,30,383.6,401.1,414.3,429.5,446.1
30045,Judith Basin,30,348.0,362.6,378.7,399.8,416.4
30047,Lake,30,210.5,215.7,217.5,221.2,225.7
30049,Lewis and Clark,30,296.7,308.2,324.9,337.4,351.9
30051,Liberty,30,374.4,390.8,403.6,422.6,437.5
30053,Lincoln,30,315.8,321.5,323.1,330.1,336.1
30055,McCone,30,335.6,352.9,365.9,381.0,397.5
30057,Madison,30,391.2,407.9,429.5,450.6,471.5
30059,Meagher,30,381.7,394.9,407.8,420.7,430.1
30061,Mineral,30,273.4,283.3,295.5,312.6,325.5
30063,Missoula,30,396.1,400.5,406.8,414.3,422.2
30065,Musselshell,30,295.7,308.0,316.5,330.4,340.1
30067,Park,30,375.5,383.9,397.9,407.8,423.4
30069,Petroleum,30,355.1,368.2,381.3,391.4,407.2
30071,Phillips,30,378.7,390.6,404.0,418.4,437.5
30073,Pondera,30,391.4,397.5,408.7,415.3,426.9
30075,Powder River,30,214.3,224.1,229.7,240.5,246.6
30077,Powell,30,262.7,273.2,285.3,298.4,312.5
30079,Prairie,30,238.4,247.4,252.5,263.4,273.6
30081,Ravalli,30,288.9,296.9,300.1,308.2,311.6
30083,Richland,30,370.2,380.8,386.3,393.0,404.1
30085,Roosevelt,30,342.4,356.1,366.0,378.2,395.4
30087,Rosebud,30,304.8,315.5,332.2,348.4,361.2
30089,Sanders,30,401.9,419.8,442.4,464.5,486.4
30091,Sheridan,30,376.1,379.6,384.6,394.0,401.7
30093,Silver Bow,30,391.9,409.0,427.7,451.4,474.4
30095,Stillwater,30,338.6,351.8,366.7,386.1,404.8
30097,Sweet Grass,30,266.5,279.2,292.5,309.9,322.7
30099,Teton,30,289.9,302.7,320.0,332.6,350.5
30101,Toole,30,344.6,357.4,375.3,392.4,406.0
30103,Treasure,30,236.2,245.0,252.5,255.6,264.1
30105,Valley,30,251.9,258.9,266.8,279.2,286.3
30107,Wheatland,30,398.6,405.9,413.8,426.1,436.8
30109,Wibaux,30,394.6,399.8,405.5,411.6,421.4
30111,Yellowstone,30,221.1,228.8,232.9,238.6,249.1
31001,Adams,31,410.4,424.5,438.3,452.6,463.5
31003,Antelope,31,265.9,273.8,282.8,292.4,306.3
31005,Arthur,31,396.7,405.7,416.4,427.9,440.0
31007,Banner,31,400.6,409.6,419.6,430.2,445.0
31009,Blaine,31,390.0,400.7,412.9,426.3,444.0
31011,Boone,31,342.4,358.0,374.4,391.0,405.0
31013,Box Butte,31,304.5,315.2,326.6,342.0,356.1
31015,Boyd,31,324.9,341.4,357.1,372.7,388.5
31017,Brown,31,383.6,391.5,398.8,402.0,410.5
31019,Buffalo,31,201.8,204.1,207.0,213.9,215.2
31021,Burt,31,291.1,300.9,307.5,316.2,326.0
31023,Butler,31,219.3,220.7,223.2,230.0,231.5
31025,Cass,31,213.7,218.2,218.3,223.7,228.1
31027,Cedar,31,357.5,377.2,392.8,410.3,429.0
31029,Chase,31,323.1,335.6,345.0,356.7,369.7
31031,Cherry,31,303.8,311.6,319.3,323.7,333.6
31033,Cheyenne,31,241.9,251.2,262.0,274.1,290.7
31035,Clay,31,209.1,215.9,222.9,226.6,232.4
31037,Colfax,31,261.2,267.8,278.9,284.6,291.6
31039,Cuming,31,391.0,408.3,421.8,437.3,457.6
31041,Custer,31,395.9,413.1,435.4,453.3,473.2
31043,Dakota,31,323.0,338.8,351.2,369.5,383.9
31045,Dawes,31,222.9,234.0,241.0,249.7,263.1
31047,Dawson,31,379.6,397.7,415.7,430.4,447.1
31049,Deuel,31,272.7,275.6,280.0,288.7,296.2
31051,Dixon,31,262.5,270.1,281.8,292.0,297.9
31053,Dodge,31,370.8,380.1,395.5,406.5,423.2
31055,Douglas,31,234.3,242.4,249.9,257.7,265.3
31057,Dundy,31,392.0,405.2,423.9,441.8,456.2
31059,Fillmore,31,318.9,326.4,329.5,337.6,340.8
31061,Franklin,31,320.8,326.1,333.5,342.2,351.5
31063,Frontier,31,279.1,292.8,302.9,319.2,331.3
31065,Furnas,31,288.6,299.9,312.5,329.9,346.1
31067,Gage,31,373.8,382.1,390.6,399.7,412.5
31069,Garden,31,284.8,291.7,300.7,314.7,324.2
31071,Garfield,31,355.4,367.8,382.2,398.1,415.0
31073,Gosper,31,314.0,325.3,338.3,356.2,369.4
31075,Grant,31,253.2,263.4,278.7,289.7,305.8
31077,Greeley,31,254.8,264.6,269.4,279.3,284.1
31079,Hall,31,372.4,380.1,384.2,394.0,402.9
31081,Hamilton,31,414.0,430.0,448.0,467.5,487.8
31083,Harlan,31,272.0,275.3,283.6,290.7,297.1
31085,Hayes,31,370.6,385.1,404.9,423.7,439.1
31087,Hitchcock,31,204.4,209.2,210.2,217.0,218.9
31089,Holt,31,373.4,385.4,403.4,417.0,432.8
31091,Hooker,31,368.9,383.2,396.8,406.7,422.3
31093,Howard,31,249.1,255.2,264.9,273.0,280.5
31095,Jefferson,31,298.5,310.7,327.4,343.2,358.5
31097,Johnson,31,369.9,375.9,382.8,393.6,403.2
31099,Kearney,31,350.4,361.9,373.7,385.5,397.8
31101,Keith,31,347.1,360.2,369.5,384.9,395.9
31103,Keya Paha,31,409.6,419.0,423.6,429.4,439.9
31105,Kimball,31,321.1,336.0,351.7,364.5,379.9
31107,Knox,31,352.3,365.7,375.2,390.1,400.9
31109,Lancaster,31,412.1,421.8,426.4,435.6,439.7
31111,Lincoln,31,223.1,227.4,231.8,239.8,246.1
31113,Logan,31,406.7,419.3,437.3,454.9,469.0
31115,Loup,31,292.6,299.1,306.5,318.4,324.9
31117,McPherson,31,385.1,398.8,412.6,423.0,439.1
31119,Madison,31,406.1,412.7,421.2,434.6,446.8
31121,Merrick,31,310.4,322.1,334.3,343.0,357.5
31123,Morrill,31,231.5,240.0,247.3,254.4,257.4
31125,Nance,31,357.9,374.4,392.6,415.4,437.5
31127,Nemaha,31,332.4,348.2,361.0,376.2,396.8
31129,Nuckolls,31,330.5,336.8,347.1,356.1,364.2
31131,Otoe,31,405.1,420.8,437.0,453.9,471.5
31133,Pawnee,31,226.5,232.9,243.3,252.6,261.1
31135,Perkins,31,352.8,354.8,358.8,363.9,372.9
31137,Phelps,31,251.6,264.2,276.5,285.1,295.6
31139,Pierce,31,272.2,285.5,294.4,308.9,319.1
31141,Platte,31,374.3,388.8,403.0,417.4,432.2
31143,Polk,31,231.1,237.5,240.5,245.5,255.2
31145,Red Willow,31,387.2,396.7,407.6,422.7,432.8
31147,Richardson,31,347.6,366.7,385.3,400.5,418.4
31149,Rock,31,239.0,246.7,250.4,256.0,266.0
31151,Saline,31,234.9,240.5,241.7,247.8,252.5
31153,Sarpy,31,408.5,427.4,447.7,472.4,492.9
31155,Saunders,31,257.6,268.1,274.4,286.2,296.9
31157,Scotts Bluff,31,319.2,332.8,348.2,368.2,387.6
31159,Seward,31,286.2,301.8,317.0,328.6,342.3
31161,Sheridan,31,388.4,394.9,397.7,406.2,409.8
31163,Sherman,31,391.2,396.4,402.0,408.1,414.3
31165,Sioux,31,203.5,212.7,220.6,228.1,235.5
31167,Stanton,31,329.9,333.5,337.8,342.6,347.4
31169,Thayer,31,415.1,427.4,436.7,448.0,460.5
31171,Thomas,31,211.3,218.8,228.2,242.6,255.9
31173,Thurston,31,247.1,256.4,262.5,274.2,285.6
31175,Valley,31,289.2,292.8,300.7,306.9,312.4
31177,Washington,31,376.7,382.1,389.1,396.6,408.5
31179,Wayne,31,326.1,339.5,351.4,363.0,374.1
31181,Webster,31,363.2,375.3,388.2,401.9,416.5
31183,Wheeler,31,416.2,434.6,448.7,464.8,486.2
31185,York,31,340.9,355.3,369.1,379.1,394.9
32001,Churchill,32,321.5,334.9,347.6,356.5,367.6
32003,Clark,32,307.2,311.6,320.7,324.6,330.1
32005,Douglas,32,340.8,355.9,366.6,382.7,394.3
32007,Elko,32,374.1,389.7,400.8,413.4,430.7
32009,Esmeralda,32,345.0,358.0,367.6,379.5,392.9
32011,Eureka,32,310.2,322.8,331.2,345.2,358.6
32013,Humboldt,32,256.9,266.0,271.1,281.4,287.3
32015,Lander,32,298.3,313.5,325.6,343.7,357.6
32017,Lincoln,32,237.1,241.9,247.6,257.6,266.1
32019,Lyon,32,297.2,308.4,321.6,335.8,351.1
32021,Mineral,32,306.7,325.4,343.1,357.0,373.2
32023,Nye,32,340.8,360.7,376.3,393.7,416.3
32027,Pershing,32,281.2,286.2,292.1,298.8,305.7
32029,Storey,32,381.2,392.4,404.8,421.8,434.0
32031,Washoe,32,231.1,238.8,250.6,257.6,265.8
32033,White Pine,32,214.0,216.6,224.5,227.7,236.4
32510,Carson City,32,272.7,282.1,297.4,312.7,327.9
33001,Belknap,33,243.2,245.7,249.3,253.8,258.3
33003,Carroll,33,340.0,354.5,364.0,378.9,392.8
33005,Cheshire,33,404.6,421.5,440.8,461.8,484.2
33007,Coos,33,239.9,242.1,249.3,252.0,256.0
33009,Grafton,33,318.9,335.5,348.3,367.2,382.3
33011,Hillsborough,33,325.6,336.0,342.8,351.7,361.9
33013,Merrimack,33,307.4,320.3,332.5,344.4,352.9
33015,Rockingham,33,230.6,231.6,237.8,239.3,246.0
33017,Strafford,33,280.6,290.0,301.4,314.1,327.7
33019,Sullivan,33,286.4,298.6,315.7,331.7,347.2
34001,Atlantic,34,417.6,423.7,434.1,439.4,445.9
34003,Bergen,34,394.5,405.8,419.1,437.0,454.1
34005,Burlington,34,216.8,223.1,225.3,229.5,238.3
34007,Camden,34,352.6,362.2,366.6,376.0,384.6
34009,Cape May,34,304.9,310.4,316.3,322.7,329.2
34011,Cumberland,34,223.6,229.9,232.5,237.0,246.2
34013,Essex,34,285.3,299.3,312.2,325.3,334.7
34015,Gloucester,34,297.5,305.8,314.0,318.9,329.3
34017,Hudson,34,279.7,283.9,288.9,294.4,303.9
34019,Hunterdon,34,281.6,291.9,306.9,320.9,330.8
34021,Mercer,34,347.8,355.8,365.8,376.8,388.6
34023,Middlesex,34,309.9,319.7,324.3,330.0,336.3
34025,Monmouth,34,265.6,272.9,284.6,291.3,303.2
34027,Morris,34,302.6,315.5,327.4,335.0,344.3
34029,Ocean,34,399.7,411.1,423.6,440.4,452.4
34031,Passaic,34,217.0,224.1,232.0,240.5,249.2
34033,Salem,34,230.2,239.5,249.4,259.8,270.6
34035,Somerset,34,237.9,250.1,257.3,269.5,276.7
34037,Sussex,34,253.7,258.7,268.0,272.6,281.9
34039,Union,34,204.4,208.6,217.5,221.3,230.2
34041,Warren,34,329.1,341.8,356.2,371.6,392.0
35001,Bernalillo,35,411.5,428.6,446.5,465.1,484.5
35003,Catron,35,245.4,257.6,266.0,280.6,294.8
35005,Chaves,35,335.8,340.3,350.2,359.3,364.4
35006,Cibola,35,348.9,362.9,381.5,398.8,416.2
35007,Colfax,35,281.3,290.2,294.6,300.3,306.9
35009,Curry,35,205.3,210.6,211.3,213.5,216.5
35011,De Baca,35,257.2,270.4,278.7,292.4,305.4
35013,Doña Ana,35,264.9,269.4,278.5,286.0,289.5
35015,Eddy,35,318.2,327.2,340.2,351.8,359.2
35017,Grant,35,296.7,310.5,324.2,338.0,352.4
35019,Guadalupe,35,402.1,412.1,421.9,431.9,438.7
35021,Harding,35,392.2,410.5,430.4,451.3,473.6
35023,Hidalgo,35,410.9,423.3,436.6,453.7,469.5
35025,Lea,35,376.9,383.0,393.0,398.0,407.6
35027,Lincoln,35,291.8,298.8,311.3,323.2,334.8
35028,Los Alamos,35,346.1,353.7,361.1,365.1,371.0
35029,Luna,35,402.4,406.4,415.3,423.0,430.4
35031,McKinley,35,376.3,393.4,412.1,432.0,453.0
35033,Mora,35,328.0,336.3,340.2,349.5,354.0
35035,Otero,35,244.8,254.3,264.2,274.1,280.9
35037,Quay,35,331.4,349.0,366.3,380.6,401.0
35039,Rio Arriba,35,363.9,380.6,393.0,410.8,424.3
35041,Roosevelt,35,290.1,296.1,301.5,306.6,311.4
35043,Sandoval,35,349.5,361.6,370.6,381.9,394.2
35045,San Juan,35,303.9,320.9,332.9,350.4,367.2
35047,San Miguel,35,371.2,389.3,406.7,420.1,439.4
35049,Santa Fe,35,254.6,263.1,266.5,274.6,277.9
35051,Sierra,35,368.4,382.1,397.5,417.9,437.6
35053,Socorro,35,211.5,214.8,218.2,221.6,225.1
35055,Taos,35,264.9,274.9,289.1,298.6,313.4
35057,Torrance,35,313.1,323.4,339.2,354.4,369.6
35059,Union,35,288.7,294.4,299.5,304.3,305.3
35061,Valencia,35,280.8,285.9,291.0,292.4,299.1
36001,Albany,36,251.4,262.8,275.1,287.9,301.3
36003,Allegany,36,408.2,421.6,440.1,454.3,473.6
36005,Bronx,36,205.7,206.8,212.8,214.4,220.9
36007,Broome,36,262.5,270.5,276.8,282.2,287.3
36009,Cattaraugus,36,317.7,320.9,329.1,332.9,341.7
36011,Cayuga,36,317.8,326.8,342.0,352.8,369.4
36013,Chautauqua,36,274.5,284.8,293.8,298.9,305.6
36015,Chemung,36,278.0,285.4,288.8,294.0,300.1
36017,Chenango,36,350.0,360.8,367.7,380.1,388.3
36019,Clinton,36,236.9,244.5,253.2,262.6,272.3
36021,Columbia,36,330.6,345.6,360.4,371.5,384.7
36023,Cortland,36,310.5,324.0,336.1,347.5,358.9
36025,Delaware,36,274.4,283.5,294.5,310.6,322.5
36027,Dutchess,36,251.4,257.7,260.3,264.8,274.0
36029,Erie,36,280.8,292.9,305.6,319.2,336.9
36031,Essex,36,397.1,407.3,419.8,436.9,453.2
36033,Franklin,36,304.2,308.0,316.2,322.7,328.2
36035,Fulton,36,375.2,386.4,392.8,400.8,409.8
36037,Genesee,36,301.7,307.3,318.0,327.9,337.7
36039,Greene,36,334.1,348.6,360.3,377.9,391.7
36041,Hamilton,36,376.0,388.2,399.7,407.7,417.4
36043,Herkimer,36,415.4,426.9,434.8,448.7,461.8
36045,Jefferson,36,353.9,369.1,379.5,395.3,406.7
36047,Kings,36,283.5,294.2,305.8,317.8,334.1
36049,Lewis,36,272.1,282.8,294.0,305.6,317.7
36051,Livingston,36,399.1,404.7,415.8,426.3,432.9
36053,Madison,36,214.0,223.6,229.4,241.1,252.3
36055,Monroe,36,297.5,305.8,318.2,329.5,336.5
36057,Montgomery,36,217.8,219.4,226.8,229.4,233.5
36059,Nassau,36,215.8,223.0,228.8,234.1,235.2
36061,New York,36,334.2,342.9,352.2,365.7,374.2
36063,Niagara,36,317.2,335.0,351.8,365.1,380.5
36065,Oneida,36,235.0,237.0,244.0,249.6,255.0
36067,Onondaga,36,247.0,249.5,257.4,260.8,269.3
36069,Ontario,36,210.8,216.9,227.0,235.5,243.2
36071,Orange,36,258.7,268.3,277.5,282.8,290.1
36073,Orleans,36,353.1,363.0,371.3,379.0,386.1
36075,Oswego,36,334.5,346.7,357.5,367.4,373.8
36077,Otsego,36,303.6,311.6,320.6,334.2,342.4
36079,Putnam,36,320.2,325.3,334.7,342.4,345.8
36081,Queens,36,292.6,304.7,312.2,321.2,331.2
36083,Rensselaer,36,226.1,236.3,243.6,253.0,267.5
36085,Richmond,36,231.3,239.7,244.2,254.1,259.4
36087,Rockland,36,260.6,273.6,282.4,293.2,305.2
36089,St. Lawrence,36,228.9,235.5,243.5,256.0,267.5
36091,Saratoga,36,389.0,397.3,407.1,421.3,434.4
36093,Schenectady,36,422.8,433.6,444.3,455.4,466.7
36095,Schoharie,36,330.0,346.5,359.2,377.5,395.5
36097,Schuyler,36,243.0,249.3,261.1,268.8,277.9
36099,Seneca,36,409.9,422.5,430.2,439.5,449.4
36101,Steuben,36,355.0,367.4,385.3,402.5,416.2
36103,Suffolk,36,366.2,380.9,396.7,413.5,431.0
36105,Sullivan,36,204.7,209.2,210.0,216.1,217.4
36107,Tioga,36,294.6,303.2,310.6,317.8,324.7
36109,Tompkins,36,394.7,401.7,408.4,415.2,421.8
36111,Ulster,36,344.0,356.7,369.4,378.4,393.4
36113,Warren,36,238.4,245.1,253.7,267.2,276.3
36115,Washington,36,215.2,225.4,231.1,238.4,246.4
36117,Wayne,36,358.8,374.0,393.7,412.4,430.7
36119,Westchester,36,298.9,311.0,327.9,340.5,354.8
36121,Wyoming,36,251.6,259.7,268.8,282.6,295.3
36123,Yates,36,320.4,331.2,347.9,364.2,376.9
37001,Alamance,37,222.1,226.1,234.7,241.8,248.2
37003,Alexander,37,403.0,412.7,424.1,437.1,450.8
37005,Alleghany,37,336.8,343.9,355.3,361.7,372.9
37007,Anson,37,262.8,268.6,275.0,281.8,292.8
37009,Ashe,37,241.3,248.7,252.4,257.8,264.3
37011,Avery,37,381.0,394.5,414.0,433.2,448.9
37013,Beaufort,37,316.8,322.8,333.1,338.3,348.2
37015,Bertie,37,294.6,301.0,303.0,306.4,314.2
37017,Bladen,37,379.6,384.0,393.8,399.2,405.8
37019,Brunswick,37,326.9,334.9,344.6,355.3,370.6
37021,Buncombe,37,266.6,277.7,285.0,298.0,306.8
37023,Burke,37,411.5,429.9,453.4,473.1,494.8
37025,Cabarrus,37,361.8,375.5,388.5,401.2,413.9
37027,Caldwell,37,204.8,209.1,218.0,222.2,231.1
37029,Camden,37,378.7,391.5,401.1,416.5,427.8
37031,Carteret,37,355.8,363.6,366.6,371.1,379.8
37033,Caswell,37,356.3,365.9,377.7,391.1,405.3
37035,Catawba,37,321.5,332.0,343.7,356.2,369.1
37037,Chatham,37,247.0,255.3,261.9,264.0,271.2
37039,Cherokee,37,223.8,229.9,231.1,237.2,242.4
37041,Chowan,37,399.9,407.8,411.5,420.6,428.8
37043,Clay,37,295.6,299.5,308.8,313.8,319.9
37045,Cleveland,37,381.2,396.3,407.3,420.2,438.1
37047,Columbus,37,221.8,231.9,241.3,246.7,253.9
37049,Craven,37,349.1,368.8,384.3,405.6,423.0
37051,Cumberland,37,205.8,214.5,221.7,224.8,233.0
37053,Currituck,37,296.2,299.2,303.0,311.0,317.7
37055,Dare,37,300.6,313.6,326.7,336.4,351.9
37057,Davidson,37,346.1,357.6,374.1,389.3,400.8
37059,Davie,37,331.4,341.7,356.3,369.4,381.9
37061,Duplin,37,305.8,320.6,334.2,344.0,359.2
37063,Durham,37,277.6,284.9,293.6,303.3,317.2
37065,Edgecombe,37,328.2,336.6,346.1,356.5,367.3
37067,Forsyth,37,243.9,254.3,260.8,269.1,281.9
37069,Franklin,37,215.8,223.7,226.8,231.5,236.6
37071,Gaston,37,347.6,360.7,379.5,394.0,410.4
37073,Gates,37,289.1,299.4,305.0,315.7,321.8
37075,Graham,37,214.0,224.7,235.9,247.3,255.7
37077,Granville,37,227.1,240.1,252.1,264.3,272.8
37079,Greene,37,363.2,381.3,399.4,414.2,431.5
37081,Guilford,37,207.9,213.2,214.4,220.6,222.4
37083,Halifax,37,352.4,371.5,390.0,408.5,423.7
37085,Harnett,37,216.1,222.8,230.4,238.7,251.2
37087,Haywood,37,345.0,350.7,362.0,372.4,382.4
37089,Henderson,37,417.7,422.9,430.0,441.9,448.7
37091,Hertford,37,288.9,294.9,305.6,311.7,319.4
37093,Hoke,37,276.4,290.7,304.1,316.9,329.8
37095,Hyde,37,337.1,355.2,369.0,388.5,403.8
37097,Iredell,37,279.6,280.7,287.0,288.8,295.6
37099,Jackson,37,235.4,242.0,253.0,262.8,271.9
37101,Johnston,37,267.8,283.6,294.8,311.2,327.1
37103,Jones,37,383.6,388.0,397.5,405.7,413.6
37105,Lee,37,416.3,423.2,432.0,445.7,454.7
37107,Lenoir,37,293.4,299.0,304.7,314.3,322.4
37109,Lincoln,37,209.3,217.7,222.5,229.0,240.3
37111,McDowell,37,287.4,294.8,306.6,313.3,325.3
37113,Macon,37,370.1,378.7,391.4,399.1,411.9
37115,Madison,37,391.2,403.6,415.5,423.6,433.7
37117,Martin,37,350.2,357.2,369.0,375.7,384.1
37119,Mecklenburg,37,357.8,372.1,385.0,394.0,404.9
37121,Mitchell,37,316.9,321.4,331.3,336.4,342.8
37123,Montgomery,37,344.1,358.6,374.2,390.4,410.9
37125,Moore,37,371.6,386.2,406.4,426.1,446.3
37127,Nash,37,318.7,323.7,325.4,328.8,336.9
37129,New Hanover,37,392.2,406.1,421.4,441.5,457.1
37131,Northampton,37,318.0,325.6,333.4,341.0,345.2
37133,Onslow,37,281.7,293.5,303.7,309.7,321.2
37135,Orange,37,388.6,400.0,410.7,421.2,432.0
37137,Pamlico,37,405.2,425.2,441.4,460.0,483.9
37139,Pasquotank,37,338.1,343.5,353.6,358.6,368.2
37141,Pender,37,391.6,402.0,417.7,432.4,446.9
37143,Perquimans,37,259.0,267.6,278.2,293.9,305.3
37145,Person,37,216.4,224.1,230.4,232.2,239.4
37147,Pitt,37,393.3,403.0,409.1,420.6,427.4
37149,Polk,37,264.8,272.9,285.5,292.8,305.3
37151,Randolph,37,237.1,247.0,252.1,258.6,269.8
37153,Richmond,37,408.7,425.3,442.6,457.1,474.1
37155,Robeson,37,221.8,232.6,242.7,252.4,262.4
37157,Rockingham,37,404.8,413.5,426.6,438.3,445.9
37159,Rowan,37,329.2,339.2,344.8,352.1,360.2
37161,Rutherford,37,303.4,317.0,335.6,353.4,367.5
37163,Sampson,37,277.7,279.4,283.0,291.2,294.2
37165,Scotland,37,207.3,214.2,221.0,224.4,229.9
37167,Stanly,37,238.9,248.0,258.7,270.2,286.6
37169,Stokes,37,353.2,367.3,377.3,393.0,407.8
37171,Surry,37,406.1,417.4,433.5,444.9,457.6
37173,Swain,37,274.6,289.2,299.9,316.1,328.4
37175,Transylvania,37,337.2,348.4,355.3,367.7,375.5
37177,Tyrrell,37,390.6,404.5,414.6,430.4,445.6
37179,Union,37,385.3,395.3,401.5,409.8,422.9
37181,Vance,37,227.6,230.8,239.4,243.6,252.9
37183,Wake,37,307.6,314.1,325.7,332.3,340.6
37185,Warren,37,249.5,253.9,259.0,264.7,270.5
37187,Washington,37,204.8,212.8,225.4,233.2,242.5
37189,Watauga,37,289.8,303.8,317.3,327.0,342.6
37191,Wayne,37,270.6,275.7,276.6,282.9,284.7
37193,Wilkes,37,289.1,299.7,305.6,312.8,320.9
37195,Wilson,37,262.1,271.5,285.2,297.5,309.5
37197,Yadkin,37,360.9,370.0,384.7,394.9,410.4
37199,Yancey,37,208.1,216.4,225.5,238.8,247.0
38001,Adams,38,337.9,349.7,357.3,367.0,381.2
38003,Barnes,38,304.3,313.3,317.2,321.9,327.4
38005,Benson,38,349.9,357.6,361.5,370.8,375.4
38007,Billings,38,294.5,303.8,312.7,317.9,324.7
38009,Bottineau,38,273.9,280.4,282.6,290.0,296.6
38011,Bowman,38,377.0,396.5,415.3,430.2,450.9
38013,Burke,38,319.3,331.9,345.0,362.1,377.9
38015,Burleigh,38,277.6,278.9,285.5,287.3,294.1
38017,Cass,38,366.8,379.7,397.8,415.1,432.3
38019,Cavalier,38,353.7,366.1,373.1,381.4,394.2
38021,Dickey,38,260.5,268.7,272.8,278.5,285.1
38023,Divide,38,354.6,363.4,371.6,376.3,382.8
38025,Dunn,38,292.4,306.9,317.0,329.0,345.7
38027,Eddy,38,369.4,375.7,386.4,391.6,401.9
38029,Emmons,38,379.7,389.8,398.5,406.8,411.3
38031,Foster,38,249.2,257.1,264.8,272.4,280.2
38033,Golden Valley,38,354.4,369.7,384.3,395.3,408.2
38035,Grand Forks,38,222.4,234.9,246.8,254.7,268.3
38037,Grant,38,349.9,361.1,368.6,378.3,389.0
38039,Griggs,38,349.5,362.0,379.8,393.2,412.2
38041,Hettinger,38,256.2,259.2,267.5,275.0,282.2
38043,Kidder,38,328.3,337.4,341.4,350.1,357.4
38045,LaMoure,38,422.9,436.2,455.8,471.2,488.7
38047,Logan,38,264.7,270.9,277.7,288.5,297.7
38049,McHenry,38,329.2,336.2,342.8,345.8,354.1
38051,McIntosh,38,314.1,327.8,342.9,362.7,378.0
38053,McKenzie,38,290.4,304.5,318.1,327.5,342.8
38055,McLean,38,245.6,248.1,256.0,259.2,263.5
38057,Mercer,38,256.1,261.7,271.7,276.7,286.7
38059,Morton,38,361.2,379.2,397.6,413.0,434.6
38061,Mountrail,38,370.9,381.0,396.5,411.3,426.4
38063,Nelson,38,318.2,330.0,343.6,362.0,379.6
38065,Oliver,38,379.9,391.2,402.5,414.0,425.9
38067,Pembina,38,296.2,302.0,313.0,319.0,330.1
38069,Pierce,38,412.6,430.4,444.8,465.2,481.4
38071,Ramsey,38,214.3,218.0,223.6,234.1,243.4
38073,Ransom,38,331.2,338.9,342.1,346.9,352.5
38075,Renville,38,237.0,237.7,240.2,243.9,251.4
38077,Richland,38,321.3,334.3,347.9,362.0,373.2
38079,Rolette,38,382.6,389.8,397.1,400.7,406.1
38081,Sargent,38,287.6,294.5,303.1,312.8,323.2
38083,Sheridan,38,284.1,294.4,309.3,323.4,333.8
38085,Sioux,38,277.5,282.6,292.4,297.6,304.3
38087,Slope,38,287.4,299.1,311.6,329.0,345.2
38089,Stark,38,415.4,422.7,430.5,438.8,451.2
38091,Steele,38,415.6,422.7,431.5,441.2,455.3
38093,Stutsman,38,405.7,417.5,424.5,432.9,445.6
38095,Towner,38,298.2,309.7,322.9,337.5,353.2
38097,Traill,38,323.4,331.1,339.4,348.3,357.8
38099,Walsh,38,296.2,302.8,314.9,322.8,332.1
38101,Ward,38,273.9,286.3,295.3,310.1,320.6
38103,Wells,38,253.9,264.1,270.1,281.7,289.0
38105,Williams,38,242.7,249.9,261.3,271.1,280.5
39001,Adams,39,377.4,382.9,389.9,401.3,407.6
39003,Allen,39,269.9,274.7,279.6,281.0,287.9
39005,Ashland,39,300.2,317.7,334.1,346.5,364.6
39007,Ashtabula,39,397.4,407.7,419.7,432.5,446.1
39009,Athens,39,214.2,217.3,225.9,233.2,236.5
39011,Auglaize,39,289.4,294.2,300.6,311.3,316.9
39013,Belmont,39,331.8,347.4,359.4,373.8,390.0
39015,Brown,39,263.1,272.9,282.3,291.6,301.1
39017,Butler,39,318.1,328.1,343.0,353.6,369.5
39019,Carroll,39,233.8,243.6,253.3,263.0,273.2
39021,Champaign,39,364.4,378.6,392.4,406.4,417.0
39023,Clark,39,354.8,368.2,383.5,403.6,423.1
39025,Clermont,39,231.6,239.9,243.1,251.3,254.3
39027,Clinton,39,383.6,398.8,409.1,421.1,437.9
39029,Columbiana,39,316.9,330.6,339.4,349.6,360.5
39031,Coshocton,39,214.5,220.5,222.8,230.5,233.4
39033,Crawford,39,285.5,292.1,300.3,309.6,319.6
39035,Cuyahoga,39,361.0,369.7,373.5,382.7,387.1
39037,Darke,39,347.8,365.8,380.1,400.1,416.4
39039,Defiance,39,382.1,388.9,401.1,408.6,421.3
39041,Delaware,39,258.8,267.8,279.0,295.0,310.2
39043,Erie,39,227.1,238.5,249.6,260.8,268.6
39045,Fairfield,39,357.6,366.9,374.9,378.4,383.4
39047,Fayette,39,232.6,236.8,240.8,244.8,245.4
39049,Franklin,39,307.6,323.8,335.2,348.6,363.0
39051,Fulton,39,311.4,322.0,338.1,349.8,367.0
39053,Gallia,39,233.2,243.9,250.9,259.7,273.5
39055,Geauga,39,292.9,298.4,309.4,316.1,324.5
39057,Greene,39,329.8,338.7,347.5,352.3,362.8
39059,Guernsey,39,274.2,277.3,285.8,293.4,296.9
39061,Hamilton,39,394.6,407.5,421.5,439.8,453.1
39063,Hancock,39,254.7,259.7,265.5,271.9,282.3
39065,Hardin,39,254.8,258.5,264.1,270.6,281.1
39067,Harrison,39,246.0,253.9,266.4,277.5,287.8
39069,Henry,39,399.5,407.5,421.5,430.8,445.8
39071,Highland,39,210.3,219.6,224.1,233.8,238.7
39073,Hocking,39,317.0,330.6,339.7,350.6,366.1
39075,Holmes,39,216.0,220.7,226.0,235.2,239.3
39077,Huron,39,319.2,329.4,339.8,350.2,361.0
39079,Jackson,39,396.9,407.7,413.3,423.7,429.2
39081,Jefferson,39,346.3,362.3,374.0,390.7,403.1
39083,Knox,39,316.4,325.7,334.5,343.2,351.6
39085,Lake,39,368.2,373.5,380.3,388.4,400.5
39087,Lawrence,39,378.9,393.4,410.6,429.3,449.7
39089,Licking,39,402.8,415.7,431.0,451.1,467.0
39091,Logan,39,210.9,223.4,234.5,245.4,252.4
39093,Lorain,39,213.0,223.2,228.5,235.0,246.0
39095,Lucas,39,344.1,357.8,373.3,393.7,409.7
39097,Madison,39,268.0,271.4,275.9,284.3,291.5
39099,Mahoning,39,287.9,301.2,315.4,330.8,346.8
39101,Marion,39,399.9,411.8,420.5,431.4,443.4
39103,Medina,39,208.7,213.1,221.8,229.3,235.9
39105,Meigs,39,283.0,290.0,295.9,297.8,301.1
39107,Mercer,39,215.8,224.0,228.2,238.4,247.7
39109,Miami,39,313.2,328.1,344.0,364.2,383.4
39111,Monroe,39,424.5,439.6,454.8,470.5,482.8
39113,Montgomery,39,324.9,340.2,350.7,362.4,378.7
39115,Morgan,39,296.8,300.6,309.3,316.9,324.2
39117,Morrow,39,251.2,258.0,265.0,271.8,275.3
39119,Muskingum,39,375.0,388.4,401.1,409.9,420.4
39121,Noble,39,260.9,271.7,277.5,284.5,292.2
39123,Ottawa,39,396.0,409.4,424.3,443.7,462.3
39125,Paulding,39,402.9,411.4,422.0,433.6,449.9
39127,Perry,39,303.8,310.0,312.1,319.5,322.4
39129,Pickaway,39,314.3,331.0,343.5,361.1,374.5
39131,Pike,39,334.3,343.8,348.6,358.0,362.7
39133,Portage,39,299.4,310.1,326.3,342.0,357.6
39135,Preble,39,334.9,349.9,363.6,376.9,386.5
39137,Putnam,39,403.2,415.2,427.5,439.8,448.9
39139,Richland,39,387.8,403.1,414.3,427.4,441.8
39141,Ross,39,301.4,305.1,309.5,314.8,320.2
39143,Sandusky,39,335.6,344.9,348.9,358.0,366.2
39145,Scioto,39,289.2,297.6,302.3,312.9,318.8
39147,Seneca,39,219.8,226.8,229.4,237.0,240.2
39149,Shelby,39,283.2,290.3,301.5,307.6,314.6
39151,Stark,39,385.3,396.2,407.8,423.7,438.1
39153,Summit,39,377.1,388.3,395.5,404.4,414.3
39155,Trumbull,39,278.2,288.5,304.8,316.8,334.9
39157,Tuscarawas,39,221.7,231.6,240.4,244.8,254.8
39159,Union,39,257.8,271.9,285.5,299.4,314.0
39161,Van Wert,39,350.8,353.3,357.5,366.1,369.8
39163,Vinton,39,402.8,416.9,433.5,451.5,470.7
39165,Warren,39,374.6,381.5,389.2,397.1,405.5
39167,Washington,39,397.0,406.2,410.7,420.1,428.6
39169,Wayne,39,413.2,431.6,447.0,464.9,488.2
39171,Williams,39,375.3,380.7,390.8,399.2,407.0
39173,Wood,39,264.8,271.1,282.6,293.1,303.1
39175,Wyandot,39,225.8,238.3,250.4,262.6,275.4
40001,Adair,40,350.8,362.6,380.3,393.8,412.8
40003,Alfalfa,40,226.2,233.6,239.7,241.3,244.7
40005,Atoka,40,332.8,339.5,348.0,361.3,373.2
40007,Beaver,40,404.6,419.4,435.1,451.9,473.1
40009,Beckham,40,320.8,327.2,335.3,344.4,358.0
40011,Blaine,40,404.6,412.6,421.9,435.2,447.4
40013,Bryan,40,334.2,347.1,358.9,370.3,377.8
40015,Caddo,40,287.4,295.1,305.0,315.9,331.2
40017,Canadian,40,339.0,357.4,372.0,392.7,412.9
40019,Carter,40,365.6,379.1,388.0,402.1,415.5
40021,Cherokee,40,333.2,342.9,356.8,365.4,375.4
40023,Choctaw,40,344.5,349.7,355.0,360.4,365.9
40025,Cimarron,40,272.9,282.2,290.3,298.2,302.1
40027,Cleveland,40,235.5,237.1,240.6,248.7,251.7
40029,Coal,40,393.9,403.5,413.7,424.2,438.8
40031,Comanche,40,409.1,418.3,427.4,432.8,444.0
40033,Cotton,40,287.7,296.6,304.9,313.1,321.5
40035,Craig,40,334.6,348.3,367.2,382.0,402.1
40037,Creek,40,274.8,277.9,286.4,290.2,295.5
40039,Custer,40,405.8,424.3,439.7,457.8,477.8
40041,Delaware,40,284.6,289.0,293.9,302.8,306.5
40043,Dewey,40,373.0,382.2,390.9,399.0,403.4
40045,Ellis,40,371.6,390.1,408.2,422.5,439.3
40047,Garfield,40,278.2,287.5,295.6,302.8,309.7
40049,Garvin,40,240.8,254.6,267.0,278.9,287.3
40051,Grady,40,324.8,332.6,342.2,352.9,364.3
40053,Grant,40,277.6,287.9,293.4,300.6,312.3
40055,Greer,40,378.7,386.4,399.0,406.9,416.4
40057,Harmon,40,241.1,246.6,251.8,257.1,258.7
40059,Harper,40,383.6,395.6,406.1,416.1,425.9
40061,Haskell,40,337.9,345.3,353.4,361.6,373.5
40063,Hughes,40,280.9,298.3,314.6,330.6,347.0
40065,Jackson,40,351.3,366.4,383.1,404.4,421.2
40067,Jefferson,40,240.3,249.9,255.1,265.5,271.3
40069,Johnston,40,335.5,337.3,341.0,345.4,350.6
40071,Kay,40,363.8,380.7,397.7,415.4,433.5
40073,Kingfisher,40,347.1,363.7,376.4,391.6,411.7
40075,Kiowa,40,236.8,237.2,239.0,241.9,245.2
40077,Latimer,40,400.4,411.3,417.9,426.1,438.8
40079,Le Flore,40,316.3,326.3,332.0,338.9,350.6
40081,Lincoln,40,398.1,401.2,405.9,414.8,418.9
40083,Logan,40,331.6,344.4,355.8,366.7,377.6
40085,Love,40,366.2,386.3,405.9,425.5,445.7
40087,McClain,40,328.8,334.8,342.4,351.1,360.3
40089,McCurtain,40,311.1,318.0,321.1,329.7,333.4
40091,McIntosh,40,272.4,279.3,281.7,289.2,295.7
40093,Major,40,401.4,413.3,430.6,443.2,457.7
40095,Marshall,40,304.8,308.3,313.4,323.2,327.9
40097,Mayes,40,319.0,336.1,349.3,364.7,381.7
40099,Murray,40,229.7,235.2,236.6,239.5,246.6
40101,Muskogee,40,363.5,383.5,402.5,421.6,437.3
40103,Noble,40,292.5,297.8,303.3,308.8,317.9
40105,Nowata,40,210.5,219.1,231.5,242.5,249.3
40107,Okfuskee,40,249.6,261.8,269.1,277.8,291.0
40109,Oklahoma,40,409.7,426.6,440.0,455.3,475.5
40111,Okmulgee,40,284.6,297.9,312.3,331.3,345.8
40113,Osage,40,272.6,279.8,287.7,299.6,306.6
40115,Ottawa,40,256.8,259.2,263.2,271.8,279.2
40117,Pawnee,40,404.0,410.7,422.2,432.4,442.2
40119,Payne,40,364.7,373.9,384.5,399.6,409.9
40121,Pittsburg,40,278.1,285.1,294.2,304.8,319.6
40123,Pontotoc,40,373.9,384.5,395.7,411.2,425.3
40125,Pottawatomie,40,225.5,237.0,243.6,251.1,259.6
40127,Pushmataha,40,393.6,412.5,426.9,446.5,461.9
40129,Roger Mills,40,251.9,262.1,276.7,290.3,299.9
40131,Rogers,40,363.6,377.0,389.7,402.0,410.5
40133,Seminole,40,389.1,405.3,421.8,435.5,451.6
40135,Sequoyah,40,350.7,357.7,369.5,380.5,387.1
40137,Stephens,40,402.8,413.6,430.1,442.3,455.9
40139,Texas,40,320.7,327.2,335.1,347.3,358.1
40141,Tillman,40,330.0,335.8,342.6,353.6,363.5
40143,Tulsa,40,256.1,261.8,273.3,284.1,291.1
40145,Wagoner,40,405.1,422.7,440.7,455.6,476.8
40147,Washington,40,407.4,419.1,432.3,446.8,465.6
40149,Washita,40,386.3,401.2,415.4,425.9,438.6
40151,Woods,40,410.4,422.6,434.7,446.7,455.7
40153,Woodward,40,416.9,431.7,445.1,457.7,470.4
41001,Baker,41,244.9,258.7,268.5,280.2,293.4
41003,Benton,41,256.5,268.0,283.8,298.9,310.1
41005,Clackamas,41,341.7,358.4,375.1,388.3,404.1
41007,Clatsop,41,250.1,264.5,274.1,284.9,297.0
41009,Columbia,41,400.5,417.5,439.1,459.7,480.4
41011,Coos,41,306.6,313.5,321.3,329.7,338.7
41013,Crook,41,320.9,330.1,334.9,340.8,351.5
41015,Curry,41,364.4,377.4,390.1,399.3,414.6
41017,Deschutes,41,391.1,398.0,404.6,411.1,417.6
41019,Douglas,41,288.8,305.7,317.9,331.9,350.8
41021,Gilliam,41,235.3,241.9,254.1,261.7,274.7
41023,Grant,41,228.1,242.5,255.6,264.8,279.7
41025,Harney,41,247.5,259.4,266.8,275.6,285.4
41027,Hood River,41,394.3,411.8,425.8,445.4,464.7
41029,Jackson,41,367.4,375.9,390.1,399.7,411.1
41031,Jefferson,41,267.2,278.2,294.0,308.6,323.1
41033,Josephine,41,408.1,415.1,424.2,434.2,445.2
41035,Klamath,41,358.2,368.6,374.2,381.4,393.0
41037,Lake,41,274.9,286.8,297.6,304.2,312.9
41039,Lane,41,399.1,412.6,426.5,437.3,450.5
41041,Lincoln,41,413.6,422.6,430.4,438.0,441.4
41043,Linn,41,278.9,293.3,307.2,321.3,331.8
41045,Malheur,41,227.7,237.2,243.2,254.8,261.9
41047,Marion,41,226.5,229.0,232.3,235.9,243.5
41049,Morrow,41,387.6,398.7,405.4,413.7,423.0
41051,Multnomah,41,384.9,398.5,407.2,417.5,432.5
41053,Polk,41,327.4,333.3,344.8,355.4,365.7
41055,Sherman,41,349.1,358.4,364.5,372.6,385.5
41057,Tillamook,41,258.2,268.6,274.0,284.2,289.6
41059,Umatilla,41,278.0,287.4,302.3,316.3,330.5
41061,Union,41,263.9,272.4,281.9,291.8,302.5
41063,Wallowa,41,415.9,422.4,429.8,441.2,447.4
41065,Wasco,41,344.1,363.6,382.1,396.8,417.5
41067,Washington,41,392.4,406.0,420.0,430.7,447.1
41069,Wheeler,41,265.2,270.1,275.5,281.3,287.3
41071,Yamhill,41,312.3,321.5,330.2,335.2,345.7
42001,Adams,42,389.8,407.9,427.3,451.9,471.9
42003,Allegheny,42,307.1,317.5,328.7,340.3,352.7
42005,Armstrong,42,317.3,323.0,333.9,340.4,352.0
42007,Beaver,42,301.4,318.8,331.7,350.2,368.0
42009,Bedford,42,242.8,251.5,255.5,264.8,269.5
42011,Berks,42,403.7,418.5,433.9,446.3,461.0
42013,Blair,42,390.6,401.1,417.2,432.9,444.8
42015,Bradford,42,278.8,292.3,301.0,311.1,322.0
42017,Bucks,42,400.7,407.1,415.6,424.9,438.8
42019,Butler,42,244.7,258.9,271.8,280.6,291.3
42021,Cambria,42,205.0,208.2,215.3,217.2,219.9
42023,Cameron,42,405.1,421.9,443.3,464.1,484.7
42025,Carbon,42,315.6,323.6,331.3,338.9,346.3
42027,Centre,42,401.6,413.3,420.8,429.9,443.5
42029,Chester,42,221.1,229.5,242.9,251.4,265.0
42031,Clarion,42,367.1,384.8,403.9,427.3,450.0
42033,Clearfield,42,248.6,251.2,255.6,260.8,270.0
42035,Clinton,42,410.6,423.8,442.9,458.1,475.1
42037,Columbia,42,281.1,291.8,306.8,320.5,330.1
42039,Crawford,42,242.9,249.8,252.6,256.9,265.9
42041,Cumberland,42,361.9,376.8,393.5,415.3,436.1
42043,Dauphin,42,358.8,371.7,380.0,390.1,405.0
42045,Delaware,42,255.2,265.2,276.4,292.4,307.6
42047,Elk,42,320.9,334.4,347.7,357.7,373.7
42049,Erie,42,315.6,332.4,349.0,362.5,382.0
42051,Fayette,42,340.0,348.7,363.0,372.8,384.5
42053,Forest,42,386.4,401.3,421.0,440.0,458.7
42055,Franklin,42,355.1,363.0,371.4,383.9,391.0
42057,Fulton,42,327.4,342.4,356.5,370.3,380.3
42059,Greene,42,208.5,213.0,218.3,227.6,231.9
42061,Huntingdon,42,264.2,271.2,273.8,281.8,284.9
42063,Indiana,42,313.8,322.5,331.9,341.9,352.6
42065,Jefferson,42,378.8,387.0,390.3,395.1,404.2
42067,Juniata,42,242.8,252.3,257.2,267.1,276.2
42069,Lackawanna,42,263.3,268.9,276.1,284.3,293.1
42071,Lancaster,42,323.4,332.1,339.5,345.9,352.1
42073,Lawrence,42,386.4,397.4,413.0,427.5,437.9
42075,Lebanon,42,364.8,384.5,403.9,420.0,442.3
42077,Lehigh,42,361.4,373.3,380.1,392.1,399.0
42079,Luzerne,42,381.9,392.4,404.3,420.9,436.2
42081,Lycoming,42,344.1,351.8,354.6,362.4,365.3
42083,McKean,42,401.1,415.0,434.0,448.4,464.5
42085,Mercer,42,276.6,280.8,286.1,292.3,302.9
42087,Mifflin,42,402.3,419.4,436.8,451.1,471.7
42089,Monroe,42,237.7,242.9,244.6,248.2,256.5
42091,Montgomery,42,279.4,292.9,305.4,317.6,326.1
42093,Montour,42,215.0,221.2,228.0,238.4,243.8
42095,Northampton,42,259.1,269.5,281.0,297.3,312.4
42097,Northumberland,42,297.7,308.5,319.8,334.9,348.7
42099,Perry,42,238.1,249.8,260.4,270.7,280.9
42101,Philadelphia,42,323.1,329.9,337.5,349.5,356.1
42103,Pike,42,380.3,388.2,392.4,402.0,411.1
42105,Potter,42,405.5,425.9,442.5,464.9,483.4
42107,Schuylkill,42,260.3,270.7,277.7,286.7,296.9
42109,Snyder,42,406.3,417.9,429.5,441.3,449.7
42111,Somerset,42,247.0,254.7,263.0,271.5,283.8
42113,Sullivan,42,268.6,274.0,281.4,293.3,300.5
42115,Susquehanna,42,400.1,419.3,433.5,453.3,468.5
42117,Tioga,42,301.9,312.7,325.4,339.4,354.5
42119,Union,42,413.4,428.6,438.9,450.7,463.5
42121,Venango,42,360.4,367.3,374.4,381.9,389.6
42123,Warren,42,212.4,221.9,232.0,242.8,257.6
42125,Washington,42,229.2,231.6,238.6,240.4,247.2
42127,Wayne,42,213.0,221.3,233.8,241.4,250.1
42129,Westmoreland,42,362.3,375.6,389.0,402.9,413.3
42131,Wyoming,42,325.1,331.9,342.8,348.6,355.6
42133,York,42,238.5,243.1,252.0,256.2,265.1
44001,Bristol,44,400.0,414.1,423.6,438.4,448.6
44003,Kent,44,215.0,217.4,220.2,227.3,232.7
44005,Newport,44,219.0,227.9,237.5,248.0,259.3
44007,Providence,44,288.2,295.1,298.3,303.4,309.8
44009,Washington,44,285.0,295.0,310.0,320.6,332.7
45001,Abbeville,45,422.1,443.2,460.8,481.1,503.1
45003,Aiken,45,350.2,362.2,375.4,392.9,409.2
45005,Allendale,45,237.3,243.7,249.1,250.4,257.0
45007,Anderson,45,333.8,345.6,363.3,376.7,395.8
45009,Bamberg,45,303.4,316.2,325.3,340.1,354.4
45011,Barnwell,45,364.1,374.2,384.3,394.5,405.1
45013,Beaufort,45,372.2,377.5,386.7,394.2,397.3
45015,Berkeley,45,354.6,373.8,392.7,408.3,430.0
45017,Calhoun,45,404.0,412.6,420.7,428.1,431.8
45019,Charleston,45,376.1,393.6,411.6,426.4,443.9
45021,Cherokee,45,337.1,340.3,345.1,350.3,359.8
45023,Chester,45,294.4,301.4,309.7,322.5,330.4
45025,Chesterfield,45,389.4,402.1,414.8,427.5,436.7
45027,Clarendon,45,298.2,305.7,313.4,325.1,335.3
45029,Colleton,45,354.4,364.6,376.4,392.8,404.5
45031,Darlington,45,278.2,286.0,294.0,306.2,316.8
45033,Dillon,45,360.1,372.9,385.5,398.1,410.7
45035,Dorchester,45,252.4,255.0,263.0,266.6,275.2
45037,Edgefield,45,285.7,288.7,296.4,303.1,309.2
45039,Fairfield,45,401.3,415.5,428.9,442.4,452.1
45041,Florence,45,239.2,251.7,259.3,272.1,280.5
45043,Georgetown,45,377.3,393.8,409.7,425.9,438.5
45045,Greenville,45,307.2,315.0,317.6,325.1,331.7
45047,Greenwood,45,363.2,371.8,375.3,379.9,388.8
45049,Hampton,45,392.9,406.8,421.5,436.8,452.7
45051,Horry,45,312.1,320.8,329.4,338.2,343.7
45053,Jasper,45,312.4,319.9,332.6,344.3,355.9
45055,Kershaw,45,401.6,416.3,435.7,454.1,472.4
45057,Lancaster,45,422.0,433.5,440.6,453.2,464.6
45059,Laurens,45,354.1,365.4,373.1,386.4,399.4
45061,Lee,45,289.7,293.7,302.3,306.2,311.6
45063,Lexington,45,268.8,279.5,286.8,296.3,307.2
45065,McCormick,45,328.7,337.0,341.2,350.5,358.9
45067,Marion,45,329.9,342.7,350.8,363.8,376.1
45069,Marlboro,45,213.6,216.5,223.8,229.3,230.4
45071,Newberry,45,269.9,280.4,285.6,295.9,301.1
45073,Oconee,45,299.1,307.6,321.4,334.6,347.9
45075,Orangeburg,45,276.7,282.5,284.2,287.4,291.3
45077,Pickens,45,330.8,336.7,342.1,343.7,350.9
45079,Richland,45,275.9,289.5,302.1,314.7,323.7
45081,Saluda,45,304.8,319.3,330.7,344.5,360.1
45083,Spartanburg,45,314.4,322.9,332.8,343.9,355.7
45085,Sumter,45,303.6,307.4,312.2,321.1,324.7
45087,Union,45,383.7,398.5,415.0,436.5,457.1
45089,Williamsburg,45,373.9,383.8,388.2,393.8,403.6
45091,York,45,346.2,354.6,363.2,372.3,381.7
46003,Aurora,46,229.1,242.4,250.8,264.2,276.7
46005,Beadle,46,326.8,334.5,338.7,348.2,357.2
46007,Bennett,46,329.3,336.6,339.8,348.1,351.9
46009,Bon Homme,46,364.1,373.5,379.6,387.7,396.8
46011,Brookings,46,274.9,284.0,294.1,305.1,320.3
46013,Brown,46,382.8,397.9,413.6,433.7,452.8
46015,Brule,46,370.2,375.5,385.5,394.2,398.9
46017,Buffalo,46,275.6,284.0,297.4,309.8,318.0
46019,Butte,46,376.2,388.3,401.3,418.5,434.5
46021,Campbell,46,420.2,436.0,452.9,474.6,491.5
46023,Charles Mix,46,370.0,386.9,403.3,420.1,437.5
46025,Clark,46,321.4,327.8,330.5,335.0,340.7
46027,Clay,46,217.9,223.8,228.7,233.4,238.1
46029,Codington,46,305.8,311.6,319.6,332.3,340.5
46031,Corson,46,327.4,337.2,346.6,352.3,364.0
46033,Custer,46,283.8,299.8,311.2,328.1,344.2
46035,Davison,46,357.2,365.8,369.5,378.7,383.0
46037,Day,46,247.5,249.9,256.8,258.6,261.4
46039,Deuel,46,250.5,257.3,259.2,262.2,269.9
46041,Dewey,46,231.0,237.3,244.9,257.5,265.1
46043,Douglas,46,392.9,404.4,420.6,435.8,446.9
46045,Edmunds,46,257.5,263.1,269.2,279.0,283.7
46047,Fall River,46,336.7,344.4,351.6,354.7,363.6
46049,Faulk,46,325.4,336.1,343.0,351.5,361.4
46051,Grant,46,246.1,253.3,264.3,270.2,280.9
46053,Gregory,46,275.0,278.6,283.5,289.1,298.8
46055,Haakon,46,397.0,413.5,435.9,454.3,474.8
46057,Hamlin,46,323.8,332.8,347.8,358.5,371.2
46059,Hand,46,343.1,349.1,357.1,369.6,381.0
46061,Hanson,46,378.2,382.2,390.7,394.5,399.4
46063,Harding,46,267.0,274.9,284.3,298.6,308.1
46065,Hughes,46,406.1,413.5,424.5,430.4,440.9
46067,Hutchinson,46,375.6,381.4,391.8,401.0,405.9
46069,Hyde,46,390.5,400.6,405.3,411.2,421.4
46071,Jackson,46,235.5,244.8,258.3,270.9,282.9
46073,Jerauld,46,341.8,350.8,362.0,378.3,393.7
46075,Jones,46,296.9,305.6,318.9,327.6,337.7
46077,Kingsbury,46,235.3,240.5,245.0,249.2,253.5
46079,Lake,46,261.8,267.3,274.9,283.9,293.6
46081,Lawrence,46,405.6,412.3,419.9,428.0,440.1
46083,Lincoln,46,225.5,232.5,240.2,248.1,260.2
46085,Lyman,46,364.9,379.2,398.4,413.4,430.2
46087,McCook,46,374.1,380.8,387.6,391.0,399.8
46089,McPherson,46,263.5,270.8,282.1,288.5,296.1
46091,Marshall,46,255.9,266.4,272.6,284.0,294.6
46093,Meade,46,342.7,359.4,373.0,392.7,412.1
46095,Mellette,46,286.8,296.0,305.5,319.2,331.5
46097,Miner,46,389.1,399.5,415.6,431.6,447.3
46099,Minnehaha,46,359.1,370.9,385.1,400.6,420.7
46101,Moody,46,411.6,427.1,448.0,464.3,486.3
46103,Pennington,46,384.8,397.3,409.9,419.4,434.6
46105,Perkins,46,286.5,297.5,303.1,313.8,323.4
46107,Potter,46,394.4,409.6,430.9,448.3,471.4
46109,Roberts,46,426.8,435.1,439.8,450.0,459.5
46111,Sanborn,46,343.6,350.1,361.3,371.4,377.1
46113,Shannon,46,333.2,348.4,359.1,375.3,387.0
46115,Spink,46,401.1,415.5,435.9,452.7,471.7
46117,Stanley,46,407.0,417.9,430.4,447.8,463.9
46119,Sully,46,261.0,263.0,270.1,275.8,277.0
46121,Todd,46,289.4,298.9,304.9,312.9,322.3
46123,Tripp,46,315.1,324.4,335.9,352.6,364.5
46125,Turner,46,210.8,215.8,220.9,230.0,237.5
46127,Union,46,413.6,429.6,447.1,469.6,491.6
46129,Walworth,46,207.9,214.2,216.0,222.8,228.2
46135,Yankton,46,345.1,362.2,374.6,392.0,408.7
46137,Ziebach,46,413.2,424.6,431.0,438.6,446.7
47001,Anderson,47,213.5,215.3,221.4,222.6,228.4
47003,Bedford,47,346.3,357.6,370.9,385.5,401.1
47005,Benton,47,307.0,315.4,329.5,343.0,356.3
47007,Bledsoe,47,340.4,348.4,351.1,358.9,365.6
47009,Blount,47,268.6,281.0,289.4,303.1,312.7
47011,Bradley,47,425.6,439.3,458.5,473.4,493.8
47013,Campbell,47,420.4,439.3,453.5,473.2,488.7
47015,Cannon,47,351.3,361.1,367.2,378.9,385.9
47017,Carroll,47,219.8,226.7,232.6,234.0,237.3
47019,Carter,47,283.3,293.6,300.3,312.6,324.2
47021,Cheatham,47,336.4,354.5,368.0,383.2,403.3
47023,Chester,47,249.0,253.7,260.1,271.3,277.9
47025,Claiborne,47,396.6,409.9,419.4,431.0,447.2
47027,Clay,47,276.2,282.2,292.9,298.7,309.5
47029,Cocke,47,206.4,216.9,226.2,234.7,239.7
47031,Coffee,47,357.7,371.6,391.5,411.7,432.0
47033,Crockett,47,206.7,213.4,223.9,229.3,235.6
47035,Cumberland,47,365.6,378.1,396.1,409.4,424.8
47037,Davidson,47,427.9,437.0,445.5,450.3,456.7
47039,Decatur,47,217.8,225.1,227.2,230.5,234.3
47041,DeKalb,47,323.3,338.8,351.1,369.3,383.5
47043,Dickson,47,349.8,359.2,363.6,372.6,376.9
47045,Dyer,47,301.3,306.8,312.0,317.3,322.3
47047,Fayette,47,239.0,246.5,259.7,268.5,279.2
47049,Fentress,47,288.1,298.4,313.0,326.7,339.7
47051,Franklin,47,266.9,273.7,286.0,297.3,304.8
47053,Gibson,47,346.3,350.4,356.4,367.1,373.0
47055,Giles,47,367.7,375.9,386.1,401.3,415.6
47057,Grainger,47,261.5,270.6,284.3,293.5,304.3
47059,Greene,47,213.8,223.6,228.4,238.0,246.7
47061,Grundy,47,423.3,435.5,444.1,454.7,466.5
47063,Hamblen,47,239.4,245.3,251.5,258.1,264.9
47065,Hamilton,47,359.2,377.5,392.0,409.0,427.6
47067,Hancock,47,377.1,390.1,402.1,413.6,425.0
47069,Hardeman,47,373.0,383.5,396.0,413.5,426.7
47071,Hardin,47,387.6,391.8,397.9,408.3,417.4
47073,Hawkins,47,383.9,396.1,407.8,416.1,426.4
47075,Haywood,47,343.7,350.1,358.5,371.7,383.9
47077,Henderson,47,357.2,365.4,373.0,376.5,381.5
47079,Henry,47,256.1,259.3,266.4,272.1,273.3
47081,Hickman,47,349.8,368.4,382.9,403.0,419.0
47083,Houston,47,405.9,414.6,419.2,425.4,432.4
47085,Humphreys,47,361.8,380.6,394.8,414.3,429.6
47087,Jackson,47,258.6,264.0,269.0,270.3,276.9
47089,Jefferson,47,271.0,277.8,290.2,298.0,307.7
47091,Johnson,47,233.6,237.7,246.8,254.7,262.5
47093,Knox,47,266.7,271.7,276.8,282.0,283.8
47095,Lake,47,374.1,384.6,395.9,407.5,419.4
47097,Lauderdale,47,290.1,301.7,314.1,327.1,344.5
47099,Lawrence,47,403.1,422.5,437.7,458.2,474.5
47101,Lewis,47,407.3,423.8,437.1,456.2,475.0
47103,Lincoln,47,338.9,352.0,371.0,386.0,406.6
47105,Loudon,47,230.8,234.2,241.8,247.8,253.2
47107,McMinn,47,406.8,418.1,434.4,446.2,459.4
47109,McNairy,47,336.8,347.9,359.9,372.6,389.2
47111,Macon,47,293.4,307.3,325.7,343.0,356.6
47113,Madison,47,354.9,362.7,375.4,387.2,394.9
47115,Marion,47,353.8,361.6,364.6,369.0,374.3
47117,Marshall,47,278.1,288.9,300.5,316.4,331.2
47119,Maury,47,275.6,280.9,287.5,298.4,308.2
47121,Meigs,47,365.4,379.4,397.8,411.2,430.1
47123,Monroe,47,412.7,424.2,432.4,446.3,459.8
47125,Montgomery,47,338.1,343.2,348.7,354.3,363.6
47127,Moore,47,256.6,269.6,278.5,292.9,303.3
47129,Morgan,47,315.8,326.2,335.7,341.2,352.1
47131,Obion,47,290.7,298.1,309.1,315.1,325.8
47133,Overton,47,311.6,315.0,320.2,329.8,334.6
47135,Perry,47,285.6,288.4,296.6,303.9,310.9
47137,Pickett,47,350.4,362.4,373.2,379.7,391.7
47139,Polk,47,292.8,305.9,320.1,338.8,356.5
47141,Putnam,47,335.8,347.7,358.8,369.5,376.6
47143,Rhea,47,397.4,411.2,429.6,443.4,458.8
47145,Roane,47,382.8,391.7,405.1,413.1,426.2
47147,Robertson,47,239.8,250.8,261.1,271.0,281.3
47149,Rutherford,47,426.7,441.1,456.0,467.9,485.5
47151,Scott,47,278.6,288.5,298.4,308.2,314.4
47153,Sequatchie,47,332.3,337.8,348.3,354.5,365.9
47155,Sevier,47,207.5,212.6,218.5,225.0,235.6
47157,Shelby,47,376.1,384.0,396.1,406.5,412.6
47159,Smith,47,339.6,343.9,349.4,355.8,362.2
47161,Stewart,47,293.8,307.9,317.1,327.9,339.4
47163,Sullivan,47,268.8,273.7,279.1,284.9,291.3
47165,Sumner,47,323.1,337.6,347.0,361.7,375.3
47167,Tipton,47,280.2,289.8,304.8,315.4,331.5
47169,Trousdale,47,313.8,327.9,337.5,348.9,361.6
47171,Unicoi,47,405.6,417.4,435.0,448.6,467.7
47173,Union,47,417.9,436.8,452.3,473.4,490.8
47175,Van Buren,47,252.1,259.3,270.6,280.7,290.0
47177,Warren,47,332.1,339.4,350.8,360.6,369.9
47179,Washington,47,271.1,281.7,286.9,297.2,302.4
47181,Wayne,47,412.1,428.0,448.3,468.0,483.9
47183,Weakley,47,228.7,239.5,247.3,261.0,270.6
47185,White,47,421.9,440.1,454.9,471.7,493.4
47187,Williamson,47,255.8,267.4,277.6,283.9,291.9
47189,Wilson,47,367.6,370.7,375.6,381.3,387.5
48001,Anderson,48,318.5,327.2,331.9,338.1,345.3
48003,Andrews,48,415.7,436.3,452.1,469.7,492.2
48005,Angelina,48,357.8,370.6,383.1,395.3,403.9
48007,Aransas,48,353.4,357.4,362.4,367.9,373.5
48009,Archer,48,411.2,428.7,446.5,461.2,478.3
48011,Armstrong,48,418.2,425.9,439.1,451.5,463.9
48013,Atascosa,48,380.6,388.9,397.3,405.6,414.0
48015,Austin,48,359.3,375.7,392.8,407.2,424.2
48017,Bailey,48,211.2,215.8,220.1,224.2,224.4
48019,Bandera,48,396.6,408.8,421.3,430.3,445.0
48021,Bastrop,48,390.4,400.7,406.2,416.8,422.7
48023,Baylor,48,375.1,390.7,405.3,419.7,430.4
48025,Bee,48,409.6,426.3,445.4,470.1,490.5
48027,Bell,48,253.0,258.7,270.4,277.5,286.4
48029,Bexar,48,305.2,320.2,331.6,345.4,361.1
48031,Blanco,48,231.5,237.5,248.3,258.3,268.0
48033,Borden,48,217.5,220.1,223.8,228.0,236.1
48035,Bosque,48,377.8,390.9,403.6,416.0,428.7
48037,Bowie,48,365.9,373.2,380.2,383.9,392.9
48039,Brazoria,48,252.2,255.3,260.3,266.2,276.1
48041,Brazos,48,317.1,331.6,341.4,356.6,367.3
48043,Brewster,48,269.2,277.2,281.1,290.7,295.8
48045,Briscoe,48,271.4,279.5,292.4,304.3,312.4
48047,Brooks,48,284.6,290.3,296.1,298.2,305.6
48049,Brown,48,329.9,336.2,342.2,344.8,349.2
48051,Burleson,48,336.6,342.6,348.1,353.6,358.8
48053,Burnet,48,278.9,281.4,285.4,289.9,294.8
48055,Caldwell,48,302.3,315.9,324.6,334.3,345.1
48057,Calhoun,48,217.1,223.8,226.0,229.4,233.5
48059,Callahan,48,334.3,351.0,362.9,376.1,394.0
48061,Cameron,48,318.6,332.6,343.0,359.1,371.0
48063,Camp,48,265.9,277.6,289.0,300.5,312.1
48065,Carson,48,238.1,240.8,247.7,249.8,253.0
48067,Cass,48,353.0,371.1,384.6,403.6,421.9
48069,Castro,48,273.5,279.9,287.5,295.8,308.6
48071,Chambers,48,393.9,409.8,425.6,437.7,456.0
48073,Cherokee,48,404.7,417.8,435.2,447.8,461.6
48075,Childress,48,232.8,236.3,244.4,247.4,255.1
48077,Clay,48,211.5,219.7,232.9,245.2,253.8
48079,Cochran,48,370.9,383.6,398.3,414.0,434.6
48081,Coke,48,298.9,308.6,320.2,333.0,350.2
48083,Coleman,48,268.9,279.0,294.6,309.8,325.0
48085,Collin,48,370.4,388.0,401.0,419.2,436.9
48087,Collingsworth,48,306.9,315.4,325.7,340.6,354.6
48089,Colorado,48,294.1,303.3,317.1,326.4,337.1
48091,Comal,48,251.1,258.1,263.9,269.1,273.9
48093,Comanche,48,386.6,397.6,404.7,417.4,429.2
48095,Concho,48,334.1,348.1,367.0,381.8,401.8
48097,Cooke,48,278.2,279.8,286.7,292.6,298.2
48099,Coryell,48,392.9,404.2,420.8,437.0,453.3
48101,Cottle,48,325.4,334.8,344.9,359.2,368.6
48103,Crane,48,321.1,334.8,343.7,354.4,365.8
48105,Crockett,48,251.9,259.1,262.6,267.7,274.0
48107,Crosby,48,368.1,380.3,393.8,411.6,428.6
48109,Culberson,48,328.5,340.4,351.9,363.4,375.3
48111,Dallam,48,353.0,364.3,370.6,382.0,392.1
48113,Dallas,48,360.2,375.7,393.1,415.7,433.9
48115,Dawson,48,273.1,285.7,293.5,306.6,315.2
48117,Deaf Smith,48,257.6,260.4,264.7,269.9,275.6
48119,Delta,48,302.1,314.0,330.7,343.2,357.3
48121,Denton,48,243.6,249.0,259.9,266.3,274.0
48123,DeWitt,48,378.8,383.9,389.8,400.0,405.1
48125,Dickens,48,261.2,275.7,286.3,302.4,314.7
48127,Dimmit,48,344.7,359.3,378.3,396.7,414.8
48129,Donley,48,215.3,219.9,228.1,231.1,235.0
48131,Duval,48,341.4,348.9,357.0,365.7,374.9
48133,Eastland,48,374.1,382.4,395.2,406.8,414.1
48135,Ector,48,244.6,252.6,260.2,264.2,270.1
48137,Edwards,48,216.6,228.1,239.5,247.6,258.0
48139,Ellis,48,265.8,275.7,284.4,293.0,301.5
48141,El Paso,48,280.6,285.1,289.7,290.5,296.6
48143,Erath,48,222.9,228.7,236.3,248.4,255.9
48145,Falls,48,294.7,305.6,317.4,333.1,344.0
48147,Fannin,48,420.6,432.9,444.9,453.3,467.6
48149,Fayette,48,402.6,415.3,424.6,439.9,454.5
48151,Fisher,48,394.5,409.3,420.3,436.7,449.1
48153,Floyd,48,261.7,275.7,288.5,300.7,312.9
48155,Foard,48,260.0,271.0,282.4,298.2,309.3
48157,Fort Bend,48,218.9,223.2,229.1,239.4,244.7
48159,Franklin,48,356.4,373.5,390.2,402.9,418.1
48161,Freestone,48,357.1,375.6,389.7,405.8,423.1
48163,Frio,48,301.9,308.3,314.5,316.9,325.0
48165,Gaines,48,332.3,344.2,354.5,360.6,372.1
48167,Galveston,48,211.1,221.5,230.8,235.9,243.0
48169,Garza,48,252.5,263.5,274.1,281.3,290.2
48171,Gillespie,48,371.3,382.2,396.9,406.6,417.4
48173,Glasscock,48,229.1,239.9,245.8,256.9,263.4
48175,Goliad,48,289.3,297.8,306.5,319.0,330.0
48177,Gonzales,48,410.3,418.2,431.6,444.7,457.5
48179,Gray,48,343.1,360.0,376.5,389.4,408.3
48181,Grayson,48,376.0,391.2,407.0,427.3,446.6
48183,Gregg,48,401.1,423.6,441.8,466.0,486.3
48185,Grimes,48,314.9,323.3,333.8,349.4,364.1
48187,Guadalupe,48,349.2,364.2,375.5,389.1,404.5
48189,Hale,48,353.4,369.7,387.3,409.5,427.4
48191,Hall,48,285.2,292.0,294.4,298.4,303.1
48193,Hamilton,48,282.3,285.2,293.5,297.4,302.9
48195,Hansford,48,376.5,388.4,399.9,411.4,419.3
48197,Hardeman,48,379.8,389.1,393.6,403.1,411.4
48199,Hardin,48,407.7,425.3,438.4,456.7,474.5
48201,Harris,48,263.1,273.5,282.8,287.8,298.3
48203,Harrison,48,410.1,427.2,449.3,470.9,489.2
48205,Hartley,48,298.8,301.8,305.7,310.0,314.7
48207,Haskell,48,252.9,254.2,260.5,261.9,268.3
48209,Hays,48,275.1,284.6,293.3,298.0,304.7
48211,Hemphill,48,278.1,286.5,299.4,311.2,322.7
48213,Henderson,48,237.0,237.7,244.0,249.5,254.2
48215,Hidalgo,48,329.0,340.4,346.8,358.4,364.8
48217,Hill,48,207.1,213.0,217.6,221.5,221.3
48219,Hockley,48,373.9,379.9,385.5,391.2,397.1
48221,Hood,48,308.4,319.5,329.8,339.7,345.6
48223,Hopkins,48,295.4,300.8,310.9,319.7,324.5
48225,Houston,48,388.2,394.6,402.3,414.3,421.3
48227,Howard,48,340.3,342.5,346.6,351.5,360.6
48229,Hudspeth,48,370.6,381.9,389.4,402.4,410.8
48231,Hunt,48,332.5,343.9,354.8,365.7,376.9
48233,Hutchinson,48,397.4,410.0,424.2,439.2,454.8
48235,Irion,48,341.9,351.1,359.8,368.4,376.8
48237,Jack,48,374.9,378.8,384.2,394.0,399.0
48239,Jackson,48,356.1,365.0,375.0,389.1,397.8
48241,Jasper,48,295.9,302.5,305.3,313.5,317.0
48243,Jeff Davis,48,337.6,340.5,344.9,350.1,355.7
48245,Jefferson,48,279.4,286.5,298.0,308.0,317.6
48247,Jim Hogg,48,312.4,325.3,336.7,347.8,358.8
48249,Jim Wells,48,260.1,262.6,265.9,273.1,275.1
48251,Johnson,48,316.2,319.1,323.7,329.2,335.2
48253,Jones,48,262.2,271.7,286.7,300.9,311.5
48255,Karnes,48,230.5,241.8,249.3,262.1,274.4
48257,Kaufman,48,369.0,381.8,389.6,402.6,414.5
48259,Kendall,48,344.3,356.5,367.2,377.3,387.1
48261,Kenedy,48,370.9,381.4,394.2,408.5,427.3
48263,Kent,48,313.7,331.4,348.1,364.3,380.9
48265,Kerr,48,231.7,241.3,246.2,255.8,260.7
48267,Kimble,48,236.2,243.2,251.8,264.8,273.0
48269,King,48,344.0,351.6,359.4,371.3,381.6
48271,Kinney,48,224.1,234.1,245.3,257.1,273.4
48273,Kleberg,48,383.8,392.4,396.2,405.0,409.0
48275,Knox,48,291.8,308.5,321.1,335.5,351.4
48277,Lamar,48,261.8,276.6,290.5,300.9,317.2
48279,Lamb,48,345.9,363.5,381.1,399.2,414.3
48281,Lampasas,48,315.1,332.4,349.3,362.8,382.3
48283,La Salle,48,388.2,401.2,415.9,435.8,454.6
48285,Lavaca,48,216.0,223.3,230.9,239.1,251.1
48287,Lee,48,391.2,400.8,410.3,419.6,425.3
48289,Leon,48,374.4,394.5,410.6,432.4,450.2
48291,Liberty,48,263.5,271.4,284.2,296.4,304.4
48293,Limestone,48,414.4,430.0,440.8,453.0,469.8
48295,Lipscomb,48,218.3,230.0,236.8,244.5,253.3
48297,Live Oak,48,289.2,297.0,300.4,305.3,311.0
48299,Llano,48,348.4,357.5,365.7,373.3,376.8
48301,Loving,48,247.9,259.7,268.1,282.2,292.1
48303,Lubbock,48,329.4,337.3,346.4,356.2,370.1
48305,Lynn,48,354.4,371.4,384.2,402.4,420.3
48307,McCulloch,48,337.4,342.8,348.6,358.5,363.2
48309,McLennan,48,334.3,348.6,358.0,368.5,380.0
48311,McMullen,48,369.1,389.0,405.1,427.0,448.5
48313,Madison,48,218.8,223.7,229.6,239.8,248.5
48315,Marion,48,357.6,360.8,365.6,375.0,379.6
48317,Martin,48,385.4,390.9,396.9,403.4,410.3
48319,Mason,48,322.8,328.8,335.7,347.0,356.7
48321,Matagorda,48,292.1,302.8,314.6,327.0,343.7
48323,Maverick,48,392.8,403.2,418.6,432.9,447.0
48325,Medina,48,351.1,365.5,379.3,393.2,407.2
48327,Menard,48,369.1,389.3,405.1,426.6,448.0
48329,Midland,48,371.8,388.4,401.1,419.6,437.4
48331,Milam,48,239.6,244.4,254.7,260.3,271.1
48333,Mills,48,246.0,257.5,269.2,281.4,294.2
48335,Mitchell,48,353.6,364.8,378.1,396.4,410.6
48337,Montague,48,362.4,371.0,374.9,383.7,391.6
48339,Montgomery,48,323.2,338.1,353.2,365.0,379.3
48341,Moore,48,327.4,334.6,346.1,352.7,364.0
48343,Morris,48,395.4,408.2,425.7,441.9,457.5
48345,Motley,48,256.9,263.3,275.7,283.6,297.2
48347,Nacogdoches,48,304.4,322.5,339.7,353.4,372.9
48349,Navarro,48,231.1,242.2,252.3,262.0,271.7
48351,Newton,48,418.7,437.4,457.3,481.9,502.0
48353,Nolan,48,284.9,292.9,306.2,315.1,325.7
48355,Nueces,48,282.4,295.8,304.3,314.2,328.8
48357,Ochiltree,48,424.4,443.1,461.4,476.1,496.8
48359,Oldham,48,245.9,252.6,258.8,261.0,268.8
48361,Orange,48,265.4,271.1,277.3,287.5,292.7
48363,Palo Pinto,48,367.8,381.6,391.0,405.6,419.2
48365,Panola,48,380.2,386.0,393.1,401.1,409.2
48367,Parker,48,392.3,394.6,398.8,403.8,409.5
48369,Parmer,48,303.0,318.1,332.2,342.3,354.3
48371,Pecos,48,371.6,384.3,402.9,417.4,434.0
48373,Polk,48,303.9,312.2,316.2,325.6,330.6
48375,Potter,48,342.3,353.4,359.4,366.3,374.1
48377,Presidio,48,257.4,267.6,279.3,291.9,309.0
48379,Rains,48,360.7,374.1,392.0,405.1,423.4
48381,Randall,48,250.2,253.2,261.3,264.5,269.0
48383,Reagan,48,377.8,396.1,413.7,427.9,448.0
48385,Real,48,328.7,339.2,354.1,364.0,378.9
48387,Red River,48,255.1,265.1,274.4,283.5,288.7
48389,Reeves,48,297.2,307.5,313.6,324.8,331.7
48391,Refugio,48,286.5,301.0,312.0,325.0,339.3
48393,Roberts,48,294.7,298.7,303.2,307.8,316.3
48395,Robertson,48,386.6,394.6,399.0,409.0,414.4
48397,Rockwall,48,324.2,329.2,335.4,346.3,352.1
48399,Runnels,48,234.9,238.2,243.2,248.6,258.4
48401,Rusk,48,291.9,303.1,310.2,319.4,329.6
48403,Sabine,48,411.2,430.3,449.9,470.0,487.5
48405,San Augustine,48,417.9,428.4,438.5,444.6,452.6
48407,San Jacinto,48,265.4,271.1,277.3,287.5,292.7
48409,San Patricio,48,374.7,383.4,392.7,402.3,415.9
48411,San Saba,48,419.1,436.2,452.4,468.3,484.5
48413,Schleicher,48,328.6,335.1,341.8,344.7,353.0
48415,Scurry,48,325.1,337.7,345.3,358.2,366.4
48417,Shackelford,48,263.1,270.6,276.9,282.5,284.0
48419,Shelby,48,250.4,263.7,272.5,283.2,298.7
48421,Sherman,48,385.6,398.9,414.3,435.0,455.1
48423,Smith,48,350.4,368.7,382.8,399.0,420.2
48425,Somervell,48,227.5,230.6,238.4,241.4,249.4
48427,Starr,48,282.1,293.4,309.5,324.8,340.0
48429,Stephens,48,354.9,369.0,385.4,406.8,423.8
48431,Sterling,48,249.1,260.6,267.3,279.1,286.4
48433,Stonewall,48,271.2,279.3,287.2,291.0,300.7
48435,Sutton,48,239.9,251.8,260.3,274.7,284.7
48437,Swisher,48,323.7,341.5,355.1,370.4,386.9
48439,Tarrant,48,335.3,347.8,364.3,376.1,392.8
48441,Taylor,48,277.7,288.9,298.9,305.0,316.3
48443,Terrell,48,411.4,426.2,446.1,465.3,484.5
48445,Terry,48,419.6,436.0,458.6,481.2,500.5
48447,Throckmorton,48,388.6,403.5,418.3,429.7,447.3
48449,Titus,48,222.9,227.6,234.0,244.8,254.5
48451,Tom Green,48,260.1,264.2,269.2,274.3,283.4
48453,Travis,48,419.9,426.9,430.1,434.8,440.6
48455,Trinity,48,221.5,224.0,227.7,231.9,236.4
48457,Tyler,48,233.2,238.6,239.8,242.8,247.0
48459,Upshur,48,241.3,250.1,255.7,266.9,277.8
48461,Upton,48,422.6,441.8,458.1,480.8,499.6
48463,Uvalde,48,395.4,402.4,414.1,424.6,431.1
48465,Val Verde,48,407.8,423.0,434.1,450.9,463.3
48467,Van Zandt,48,364.4,383.3,401.9,420.6,436.3
48469,Victoria,48,395.4,406.2,421.6,435.5,448.8
48471,Walker,48,358.4,367.3,371.5,380.6,388.9
48473,Waller,48,285.1,298.5,307.0,317.4,328.5
48475,Ward,48,225.5,232.7,241.4,254.3,262.4
48477,Washington,48,257.7,267.8,276.7,285.0,289.8
48479,Webb,48,351.3,367.3,387.5,403.1,424.2
48481,Wharton,48,328.4,341.7,354.3,363.1,373.7
48483,Wheeler,48,289.4,302.4,316.4,334.9,348.9
48485,Wichita,48,403.7,413.3,417.3,426.4,430.4
48487,Wilbarger,48,425.1,440.2,450.5,466.1,481.0
48489,Willacy,48,285.9,298.9,311.8,324.8,334.5
48491,Williamson,48,347.9,364.9,378.7,398.6,414.5
48493,Wilson,48,317.8,328.8,339.3,345.9,354.2
48495,Winkler,48,382.6,394.6,402.9,412.8,424.1
48497,Wise,48,428.5,442.7,456.7,470.6,481.1
48499,Wood,48,309.2,324.1,335.4,349.2,367.8
48501,Yoakum,48,334.2,338.7,348.3,353.2,359.2
48503,Young,48,421.7,434.7,446.5,457.9,469.1
48505,Zapata,48,388.9,399.7,416.6,429.2,447.5
48507,Zavala,48,267.4,273.6,284.2,289.8,300.1
49001,Beaver,49,261.3,271.0,285.6,299.0,312.1
49003,Box Elder,49,334.1,341.7,350.9,365.0,374.2
49005,Cache,49,417.7,437.8,454.1,476.1,494.1
49007,Carbon,49,335.5,340.7,347.8,359.7,366.9
49009,Daggett,49,329.9,343.9,358.5,377.2,394.8
49011,Davis,49,403.3,416.8,431.1,449.8,467.3
49013,Duchesne,49,424.7,444.1,465.3,487.9,511.6
49015,Emery,49,386.3,399.3,411.1,418.9,428.9
49017,Garfield,49,245.0,256.5,266.6,276.3,282.5
49019,Grand,49,235.2,239.3,239.5,245.5,250.4
49021,Iron,49,352.5,358.8,361.4,369.2,376.2
49023,Juab,49,243.1,251.0,255.0,260.5,270.4
49025,Kane,49,275.5,281.4,289.1,297.7,307.0
49027,Millard,49,361.8,371.5,376.8,387.2,396.7
49029,Morgan,49,299.7,306.6,312.5,318.2,319.7
49031,Piute,49,340.9,351.9,365.3,383.9,401.7
49033,Rich,49,218.7,221.3,228.3,233.9,235.1
49035,Salt Lake,49,352.7,365.4,379.4,397.9,415.5
49037,San Juan,49,395.9,404.0,416.5,423.5,431.8
49039,Sanpete,49,374.1,383.6,394.5,406.1,422.2
49041,Sevier,49,391.9,404.7,418.0,431.6,442.3
49043,Summit,49,369.2,379.8,390.7,398.0,410.9
49045,Tooele,49,226.9,235.2,238.4,246.3,249.0
49047,Uintah,49,261.4,267.8,278.9,288.9,298.5
49049,Utah,49,340.3,355.1,365.4,381.0,395.7
49051,Wasatch,49,305.0,318.1,330.6,339.2,353.6
49053,Washington,49,373.1,380.8,388.0,394.9,401.9
49055,Wayne,49,283.1,295.2,303.4,317.4,326.9
49057,Weber,49,210.0,218.0,226.8,236.4,250.2
50001,Addison,50,230.8,237.0,245.0,257.9,269.9
50003,Bennington,50,304.8,313.7,328.4,342.5,356.4
50005,Caledonia,50,221.5,224.1,228.6,234.0,243.8
50007,Chittenden,50,221.2,226.4,231.8,237.7,247.3
50009,Essex,50,392.9,411.5,425.8,445.4,460.7
50011,Franklin,50,424.9,441.6,453.2,466.3,480.4
50013,Grand Isle,50,312.5,320.1,331.4,341.1,346.4
50015,Lamoille,50,382.9,402.9,422.0,437.3,458.2
50017,Orange,50,372.2,392.3,411.6,427.3,449.1
50019,Orleans,50,390.0,406.2,427.8,444.9,467.9
50021,Rutland,50,264.0,269.1,275.1,282.0,289.0
50023,Washington,50,304.2,320.9,336.7,348.6,362.6
50025,Windham,50,218.7,222.7,227.9,237.5,242.1
50027,Windsor,50,243.3,247.8,257.3,265.7,269.6
51001,Accomack,51,421.8,441.4,462.0,487.3,508.5
51003,Albemarle,51,350.5,366.4,386.9,402.9,420.9
51005,Alleghany,51,401.9,416.9,433.4,450.5,468.7
51007,Amelia,51,355.8,361.2,370.5,378.2,384.9
51009,Amherst,51,306.6,310.1,318.2,324.7,327.1
51011,Appomattox,51,372.6,386.9,402.5,423.1,439.2
51013,Arlington,51,246.5,254.5,266.7,277.7,288.1
51015,Augusta,51,293.5,305.8,313.4,325.9,333.9
51017,Bath,51,290.6,298.8,311.9,323.5,334.8
51019,Bedford,51,242.1,243.8,247.5,255.7,258.9
51021,Bland,51,390.9,405.4,415.1,430.1,444.3
51023,Botetourt,51,408.0,415.3,427.8,439.0,450.2
51025,Brunswick,51,312.5,317.8,323.6,329.5,335.4
51027,Buchanan,51,289.7,303.7,313.9,329.8,345.3
51029,Buckingham,51,243.1,254.1,262.2,276.0,285.8
51031,Campbell,51,282.4,292.5,303.0,310.0,322.6
51033,Caroline,51,331.8,346.8,366.4,381.2,401.6
51035,Carroll,51,254.9,267.6,276.3,290.3,300.2
51036,Charles City,51,286.3,296.6,306.4,316.1,326.2
51037,Charlotte,51,293.2,304.8,321.2,332.9,349.7
51041,Chesterfield,51,228.0,228.9,234.8,235.9,238.1
51043,Clarke,51,230.7,232.8,239.9,242.3,246.1
51045,Craig,51,234.2,243.2,251.4,255.2,264.5
51047,Culpeper,51,260.0,270.0,285.4,296.6,309.5
51049,Cumberland,51,413.3,417.8,427.0,431.3,437.2
51051,Dickenson,51,367.1,378.3,385.7,395.1,406.0
51053,Dinwiddie,51,402.9,414.7,422.2,430.9,440.6
51057,Essex,51,391.3,401.3,412.7,428.8,439.9
51059,Fairfax,51,325.2,335.9,351.3,361.5,373.1
51061,Fauquier,51,228.2,237.9,242.9,253.4,259.3
51063,Floyd,51,219.9,222.2,229.5,235.5,237.0
51065,Fluvanna,51,251.1,255.3,256.1,258.7,265.9
51067,Franklin,51,320.8,325.5,332.2,340.2,352.3
51069,Frederick,51,361.1,372.9,384.7,393.0,406.9
51071,Giles,51,226.5,232.0,242.2,250.8,259.0
51073,Gloucester,51,369.1,385.1,401.5,414.8,430.4
51075,Goochland,51,214.0,216.2,220.2,225.1,233.9
51077,Grayson,51,367.7,383.0,398.6,414.8,427.7
51079,Greene,51,304.1,305.7,312.7,319.0,324.7
51081,Greensville,51,389.5,400.0,405.1,411.4,422.0
51083,Halifax,51,252.5,263.0,274.3,286.2,302.5
51085,Hanover,51,224.3,231.5,234.7,239.4,245.0
51087,Henrico,51,305.1,313.5,322.2,327.7,335.1
51089,Henry,51,296.2,308.9,316.6,329.2,337.3
51091,Highland,51,383.6,396.9,409.8,422.3,431.4
51093,Isle of Wight,51,341.2,350.1,363.5,371.9,381.7
51095,James City,51,345.7,357.7,365.6,375.6,390.1
51097,King and Queen,51,404.9,427.6,449.9,468.6,490.2
51099,King George,51,415.8,433.0,450.6,465.5,482.8
51101,King William,51,216.0,218.0,225.4,231.8,234.2
51103,Lancaster,51,234.7,238.6,247.7,252.4,258.3
51105,Lee,51,287.4,297.1,308.7,322.0,339.7
51107,Loudoun,51,278.1,283.9,291.8,300.8,314.2
51109,Louisa,51,248.4,255.4,262.9,270.6,282.1
51111,Lunenburg,51,399.0,413.9,424.6,437.3,451.1
51113,Madison,51,256.8,265.9,273.8,280.7,287.5
51115,Mathews,51,390.8,395.0,405.0,414.1,419.2
51117,Mecklenburg,51,358.4,373.0,387.4,402.3,414.0
51119,Middlesex,51,305.9,318.6,332.7,351.2,365.3
51121,Montgomery,51,233.4,247.4,256.1,266.4,277.9
51125,Nelson,51,320.7,325.6,332.0,342.9,352.1
51127,New Kent,51,236.1,245.8,250.5,259.8,268.0
51131,Northampton,51,290.1,300.1,308.4,312.4,321.7
51133,Northumberland,51,266.5,273.1,283.7,293.0,301.6
51135,Nottoway,51,257.0,268.5,279.3,290.1,301.4
51137,Orange,51,228.1,239.0,244.9,255.6,261.3
51139,Page,51,215.8,220.6,225.1,226.3,229.3
51141,Patrick,51,431.1,448.9,463.2,483.9,500.4
51143,Pittsylvania,51,289.9,296.3,303.7,311.6,323.6
51145,Powhatan,51,337.0,349.5,361.3,373.1,381.4
51147,Prince Edward,51,306.6,312.5,323.2,332.6,341.6
51149,Prince George,51,220.3,226.2,228.0,235.1,241.3
51153,Prince William,51,261.2,270.2,283.8,296.1,307.6
51155,Pulaski,51,378.1,388.4,401.0,414.8,429.5
51157,Rappahannock,51,241.9,247.1,253.5,260.9,268.4
51159,Richmond,51,299.1,308.9,314.9,322.9,335.8
51161,Roanoke,51,290.6,302.6,319.7,335.8,351.9
51163,Rockbridge,51,238.8,253.3,263.1,274.5,287.2
51165,Rockingham,51,233.7,241.3,245.4,251.0,261.4
51167,Russell,51,257.7,270.7,280.4,292.1,309.0
51169,Scott,51,429.7,439.8,446.3,458.2,469.3
51171,Shenandoah,51,391.0,406.0,416.9,433.2,448.9
51173,Smyth,51,408.8,423.9,437.9,451.3,461.1
51175,Southampton,51,227.3,234.5,243.4,253.6,268.4
51177,Spotsylvania,51,272.7,277.7,284.4,292.0,300.2
51179,Stafford,51,396.3,412.3,424.7,439.1,454.7
51181,Surry,51,426.9,446.8,462.2,483.2,503.9
51183,Sussex,51,394.1,405.4,419.0,433.9,449.7
51185,Tazewell,51,370.1,381.6,395.5,410.8,430.9
51187,Warren,51,292.9,309.1,324.9,337.2,352.1
51191,Washington,51,332.3,347.6,359.3,376.6,389.9
51193,Westmoreland,51,333.3,345.2,362.2,374.9,393.1
51195,Wise,51,354.6,370.6,392.0,409.1,428.1
51197,Wythe,51,374.8,387.2,406.0,420.6,437.3
51199,York,51,369.3,383.8,403.6,419.2,440.6
51510,Alexandria,51,426.0,435.4,446.3,458.1,470.7
51515,Bedford,51,354.6,362.0,374.3,381.5,390.1
51520,Bristol,51,348.5,364.3,381.2,402.7,423.4
51530,Buena Vista,51,266.5,270.1,277.6,283.8,289.0
51540,Charlottesville,51,334.4,340.7,346.5,348.5,352.3
51550,Chesapeake,51,405.0,425.3,445.5,466.2,487.8
51570,Colonial Heights,51,395.2,413.5,433.2,454.1,476.1
51580,Covington,51,427.4,437.8,450.1,463.9,482.0
51590,Danville,51,420.5,426.6,433.1,439.7,446.8
51595,Emporia,51,313.8,328.1,339.2,352.7,367.6
51600,Fairfax,51,341.1,353.9,370.6,382.5,395.7
51610,Falls Church,51,422.1,435.3,451.0,471.9,488.3
51620,Franklin,51,421.9,431.5,442.1,453.3,464.8
51630,Fredericksburg,51,346.1,359.4,375.2,392.7,415.2
51640,Galax,51,235.1,246.0,253.9,264.1,275.5
51650,Hampton,51,239.0,250.9,259.0,269.5,281.5
51660,Harrisonburg,51,306.1,308.0,311.8,316.4,325.3
51670,Hopewell,51,409.2,426.6,449.1,467.2,490.7
51678,Lexington,51,235.7,241.8,247.6,249.7,257.6
51680,Lynchburg,51,392.1,397.9,409.2,416.2,428.7
51683,Manassas,51,363.1,374.6,382.2,391.9,403.1
51685,Manassas Park,51,262.9,273.4,279.7,291.1,297.9
51690,Martinsville,51,287.6,294.5,300.8,306.6,312.4
51700,Newport News,51,348.8,359.0,367.9,375.9,380.2
51710,Norfolk,51,287.9,292.0,300.4,307.5,314.0
51720,Norton,51,354.2,367.7,380.4,392.9,401.4
51730,Petersburg,51,375.2,384.3,394.0,407.8,416.7
51735,Poquoson,51,298.4,306.2,313.6,321.0,324.8
51740,Portsmouth,51,320.5,330.4,341.1,352.1,367.3
51750,Radford,51,287.6,296.0,303.8,311.1,318.5
51760,Richmond,51,427.9,444.0,465.0,481.5,503.6
51770,Roanoke,51,387.1,397.3,407.7,421.9,434.6
51775,Salem,51,351.6,365.3,378.0,386.8,401.3
51790,Staunton,51,328.2,337.3,341.2,346.3,351.9
51800,Suffolk,51,340.3,347.1,349.9,354.1,359.1
51810,Virginia Beach,51,385.0,392.5,399.0,405.3,411.7
51820,Waynesboro,51,267.2,275.6,284.6,294.3,304.7
51830,Williamsburg,51,260.4,268.5,272.9,283.2,292.7
51840,Winchester,51,315.5,331.6,346.9,362.1,377.6
53001,Adams,53,425.7,443.8,463.1,487.1,510.3
53003,Asotin,53,344.3,350.6,356.9,363.4,370.0
53005,Benton,53,284.1,299.6,311.2,324.4,342.9
53007,Chelan,53,298.1,308.0,317.0,322.0,332.5
53009,Clallam,53,341.6,352.8,360.5,374.1,387.1
53011,Clark,53,368.9,377.0,384.8,392.8,397.5
53013,Columbia,53,308.6,315.9,324.9,338.9,351.4
53015,Cowlitz,53,268.7,280.8,291.6,301.5,311.4
53017,Douglas,53,420.1,428.9,433.3,442.7,447.3
53019,Ferry,53,364.5,369.7,376.0,382.9,394.1
53021,Franklin,53,270.2,279.3,288.2,297.0,302.6
53023,Garfield,53,406.0,415.3,423.3,426.8,431.8
53025,Grant,53,213.4,221.6,225.2,233.7,241.4
53027,Grays Harbor,53,330.6,337.3,349.5,361.0,372.1
53029,Island,53,419.2,435.9,454.5,478.3,501.5
53031,Jefferson,53,419.6,430.6,441.2,452.1,462.9
53033,King,53,294.3,307.7,321.7,336.3,348.1
53035,Kitsap,53,423.0,438.0,453.5,473.5,488.8
53037,Kittitas,53,346.4,355.5,369.3,382.2,394.6
53039,Klickitat,53,405.6,413.5,417.3,426.5,434.8
53041,Lewis,53,390.8,410.1,425.7,443.5,462.9
53043,Lincoln,53,367.2,379.7,394.0,409.5,426.1
53045,Mason,53,367.2,377.6,389.4,406.3,421.9
53047,Okanogan,53,276.6,279.5,283.9,289.5,295.6
53049,Pacific,53,262.2,268.1,273.8,279.2,281.2
53051,Pend Oreille,53,384.2,402.9,418.1,439.5,457.2
53053,Pierce,53,221.0,229.1,237.3,245.7,254.4
53055,San Juan,53,271.2,277.5,285.8,298.7,310.6
53057,Skagit,53,241.6,253.6,262.0,272.3,284.3
53059,Skamania,53,402.1,418.6,434.2,445.7,463.0
53061,Snohomish,53,214.3,219.5,228.4,232.1,236.7
53063,Spokane,53,410.1,431.0,451.3,467.9,487.1
53065,Stevens,53,328.4,343.2,359.1,376.1,394.3
53067,Thurston,53,258.9,269.8,277.2,290.3,299.4
53069,Wahkiakum,53,293.8,297.7,302.4,307.5,313.1
53071,Walla Walla,53,222.3,227.8,233.4,239.1,245.0
53073,Whatcom,53,329.2,332.6,341.1,344.5,352.8
53075,Whitman,53,349.6,364.2,375.5,393.0,410.1
53077,Yakima,53,266.2,277.3,288.5,295.8,305.3
54001,Barbour,54,325.9,334.7,338.3,343.0,348.2
54003,Berkeley,54,218.1,229.3,236.7,246.0,260.0
54005,Boone,54,269.3,284.0,297.7,307.9,320.4
54007,Braxton,54,246.8,253.7,259.7,261.9,265.7
54009,Brooke,54,430.4,441.3,454.0,471.3,487.3
54011,Cabell,54,371.6,388.5,406.1,428.5,449.9
54013,Calhoun,54,391.1,405.8,425.7,441.6,463.1
54015,Clay,54,282.3,294.3,307.5,321.8,340.6
54017,Doddridge,54,292.9,307.4,322.7,342.1,360.7
54019,Fayette,54,215.5,221.3,223.4,227.0,231.8
54021,Gilmer,54,407.2,426.3,440.4,460.0,478.9
54023,Grant,54,400.2,414.9,430.0,441.9,459.5
54025,Greenbrier,54,261.4,269.9,278.0,282.0,291.4
54027,Hampshire,54,319.8,327.9,337.4,351.4,364.4
54029,Hancock,54,317.3,326.2,333.7,341.0,344.3
54031,Hardy,54,388.2,398.5,412.8,425.7,438.2
54033,Harrison,54,237.9,250.6,258.3,267.2,277.1
54035,Jackson,54,313.9,316.6,324.7,332.2,335.6
54037,Jefferson,54,265.0,269.3,274.0,283.1,286.6
54039,Kanawha,54,337.7,350.9,368.8,382.6,401.5
54041,Lewis,54,249.0,257.5,266.6,280.4,288.9
54043,Lincoln,54,262.5,268.6,276.9,286.5,300.3
54045,Logan,54,300.8,314.7,325.0,341.1,353.3
54047,McDowell,54,270.8,278.6,286.2,289.8,299.1
54049,Marion,54,241.9,244.1,251.7,258.8,261.8
54051,Marshall,54,264.8,274.2,279.7,287.1,296.0
54053,Mason,54,233.5,243.2,252.6,258.1,269.5
54055,Mercer,54,300.5,304.2,313.6,322.1,326.6
54057,Mineral,54,312.3,316.3,324.3,327.0,334.7
54059,Mingo,54,336.3,344.1,356.6,367.6,378.1
54061,Monongalia,54,217.3,228.2,238.0,247.5,256.9
54063,Monroe,54,247.9,255.6,265.7,280.8,295.0
54065,Morgan,54,377.3,393.8,409.3,421.2,438.5
54067,Nicholas,54,385.8,389.6,398.7,403.4,413.2
54069,Ohio,54,267.1,268.9,275.9,281.6,287.1
54071,Pendleton,54,234.9,238.4,241.9,242.0,247.3
54073,Pleasants,54,236.0,245.3,253.1,256.8,262.1
54075,Pocahontas,54,416.8,437.7,454.9,474.4,495.7
54077,Preston,54,268.8,280.3,288.0,297.8,308.8
54079,Putnam,54,232.8,244.5,252.1,265.1,277.5
54081,Raleigh,54,426.0,441.3,452.0,468.1,483.5
54083,Randolph,54,394.3,411.5,430.3,454.2,477.2
54085,Ritchie,54,325.2,327.5,331.4,339.8,343.5
54087,Roane,54,405.5,414.4,423.0,431.8,440.8
54089,Summers,54,360.5,373.5,392.8,408.0,425.4
54091,Taylor,54,336.3,342.7,353.8,363.3,372.3
54093,Tucker,54,339.6,347.1,354.8,366.6,376.8
54095,Tyler,54,289.8,294.3,303.9,308.4,318.0
54097,Upshur,54,356.3,368.5,385.8,401.8,417.7
54099,Wayne,54,401.8,410.3,424.3,434.1,449.2
54101,Webster,54,391.8,399.6,409.4,420.2,431.7
54103,Wetzel,54,224.1,233.6,242.3,250.5,259.0
54105,Wirt,54,394.9,402.5,413.7,423.3,428.5
54107,Wood,54,420.2,435.1,454.4,472.5,486.7
54109,Wyoming,54,239.3,248.4,252.7,261.8,266.1
55001,Adams,55,226.2,236.4,250.9,260.3,271.3
55003,Ashland,55,379.7,384.4,393.8,398.4,408.1
55005,Barron,55,353.4,367.1,377.1,389.3,406.2
55007,Bayfield,55,238.4,242.1,251.3,259.6,267.7
55009,Brown,55,236.6,247.1,256.1,264.7,273.2
55011,Buffalo,55,227.8,232.6,243.0,248.8,255.9
55013,Burnett,55,398.4,410.6,428.3,445.2,462.2
55015,Calumet,55,418.2,425.4,436.6,446.2,454.9
55017,Chippewa,55,225.2,233.3,236.2,240.6,245.5
55019,Clark,55,286.1,298.9,311.4,320.2,331.3
55021,Columbia,55,298.6,308.2,313.2,319.7,330.6
55023,Crawford,55,343.3,350.6,356.8,359.0,363.0
55025,Dane,55,293.4,306.5,315.6,330.0,343.9
55027,Dodge,55,299.7,307.8,320.7,333.0,341.1
55029,Door,55,380.6,391.5,401.4,407.1,418.1
55031,Douglas,55,279.1,282.5,287.9,297.9,306.8
55033,Dunn,55,231.1,232.0,234.5,237.4,240.6
55035,Eau Claire,55,355.5,364.3,373.3,382.6,392.0
55037,Florence,55,416.8,426.3,435.9,445.4,455.2
55039,Fond du Lac,55,236.2,243.5,247.2,252.9,259.4
55041,Forest,55,346.7,355.4,360.0,369.7,374.9
55043,Grant,55,364.1,378.2,388.2,403.9,415.5
55045,Green,55,292.3,295.6,299.7,307.6,314.3
55047,Green Lake,55,252.2,262.6,274.2,286.4,302.9
55049,Iowa,55,315.5,328.9,346.4,359.2,373.3
55051,Iron,55,216.5,221.9,229.5,238.2,251.5
55053,Jackson,55,245.3,250.8,251.7,254.1,257.2
55055,Jefferson,55,232.8,241.4,250.4,255.7,263.2
55057,Juneau,55,330.2,344.2,362.6,379.9,396.9
55059,Kenosha,55,304.8,316.7,328.4,336.6,350.8
55061,Kewaunee,55,434.1,447.9,461.6,472.3,485.2
55063,La Crosse,55,371.6,377.0,387.0,395.7,403.9
55065,Lafayette,55,250.2,258.7,271.4,282.6,289.6
55067,Langlade,55,350.0,358.8,366.9,371.1,376.8
55069,Lincoln,55,322.9,333.9,345.9,362.7,378.2
55071,Manitowoc,55,334.9,350.4,367.0,388.2,408.6
55073,Marathon,55,276.6,290.4,303.7,316.8,330.0
55075,Marinette,55,427.1,439.5,453.9,469.2,489.2
55077,Marquette,55,324.5,331.0,339.5,352.8,361.3
55078,Menominee,55,224.9,228.3,235.6,237.7,244.8
55079,Milwaukee,55,423.3,441.1,458.4,472.1,488.2
55081,Monroe,55,346.4,360.9,381.1,396.9,414.9
55083,Oconto,55,358.0,375.9,393.7,411.7,426.6
55085,Oneida,55,284.8,291.9,299.2,302.8,311.8
55087,Outagamie,55,248.5,259.6,269.1,278.2,286.8
55089,Ozaukee,55,242.8,250.1,258.0,269.6,279.7
55091,Pepin,55,310.4,323.1,341.5,355.4,371.5
55093,Pierce,55,210.6,217.3,218.9,221.6,228.6
55095,Polk,55,231.3,238.3,244.3,250.1,255.6
55097,Portage,55,270.0,278.0,285.4,288.7,297.5
55099,Price,55,288.1,294.2,296.6,304.4,311.2
55101,Racine,55,240.7,246.8,252.1,256.7,261.3
55103,Richland,55,402.7,414.6,422.5,432.1,446.2
55105,Rock,55,244.6,258.6,272.1,281.6,297.0
55107,Rusk,55,295.3,306.9,317.7,324.6,337.1
55109,St. Croix,55,299.6,309.9,325.2,339.6,350.3
55111,Sauk,55,264.3,270.8,278.3,289.9,296.5
55113,Sawyer,55,335.1,346.3,359.5,373.6,392.6
55115,Shawano,55,393.5,410.7,425.1,442.0,460.5
55117,Sheboygan,55,216.3,224.4,233.7,247.3,256.0
55119,Taylor,55,286.1,300.1,314.3,325.7,343.1
55121,Trempealeau,55,252.9,258.7,269.1,274.5,281.2
55123,Vernon,55,237.7,246.3,256.4,267.3,283.0
55125,Vilas,55,393.8,405.1,418.3,432.7,451.9
55127,Walworth,55,274.5,278.0,287.0,291.6,301.7
55129,Washburn,55,341.4,357.7,370.6,389.7,404.8
55131,Washington,55,416.1,428.4,437.2,451.5,461.3
55133,Waukesha,55,282.6,295.8,304.5,315.0,326.6
55135,Waupaca,55,342.6,351.9,356.5,366.1,374.8
55137,Waushara,55,370.8,383.3,392.3,407.4,418.0
55139,Winnebago,55,428.8,447.3,465.9,485.2,505.0
55141,Wood,55,366.8,373.0,375.4,379.7,388.6
56001,Albany,56,264.2,268.1,276.5,283.7,286.8
56003,Big Horn,56,354.3,361.4,369.8,382.6,393.9
56005,Campbell,56,226.7,231.7,236.4,241.1,242.2
56007,Carbon,56,309.7,316.8,329.1,336.8,349.7
56009,Converse,56,415.8,434.4,452.2,469.6,487.2
56011,Crook,56,397.1,409.3,424.0,443.8,459.1
56013,Fremont,56,371.9,392.3,412.5,429.4,449.1
56015,Goshen,56,260.5,269.7,273.6,282.4,286.2
56017,Hot Springs,56,430.1,448.9,465.0,487.2,509.6
56019,Johnson,56,322.5,336.0,348.5,360.6,369.3
56021,Laramie,56,337.0,346.3,357.1,369.0,385.1
56023,Lincoln,56,246.3,251.3,257.6,268.3,274.0
56025,Natrona,56,264.2,274.1,289.1,303.2,317.1
56027,Niobrara,56,378.5,395.7,411.7,423.6,441.0
56029,Park,56,391.5,398.6,406.2,414.0,422.0
56031,Platte,56,334.8,348.0,361.5,375.4,389.9
56033,Sheridan,56,395.2,413.2,426.8,446.4,465.2
56035,Sublette,56,424.5,440.8,451.9,464.5,478.1
56037,Sweetwater,56,360.1,371.9,384.0,396.6,409.6
56039,Teton,56,235.2,245.7,251.2,257.9,269.2
56041,Uinta,56,407.7,417.9,429.9,446.5,462.2
56043,Washakie,56,315.2,326.2,332.5,344.0,354.7
56045,Weston,56,417.7,427.4,442.3,453.1,469.2
72001,Adjuntas,72,397.0,404.1,407.4,412.5,418.9
72003,Aguada,72,361.6,375.6,389.8,400.2,416.7
72005,Aguadilla,72,371.8,377.8,384.3,391.3,398.4
72007,Aguas Buenas,72,340.1,357.6,374.0,390.0,406.2
72009,Aibonito,72,225.8,229.3,237.1,243.2,245.2
72011,Añasco,72,379.1,387.9,400.8,412.1,419.2
72013,Arecibo,72,338.9,350.8,362.3,374.1,386.0
72015,Arroyo,72,227.4,235.1,237.5,245.0,247.7
72017,Barceloneta,72,423.4,436.9,445.3,458.9,471.8
72019,Barranquitas,72,287.6,299.6,307.6,317.2,331.5
72021,Bayamón,72,290.6,296.0,302.7,310.3,321.9
72023,Cabo Rojo,72,441.6,459.2,476.3,490.2,510.0
72025,Caguas,72,307.4,323.3,334.4,347.1,364.6
72027,Camuy,72,256.3,261.8,266.9,272.2,274.1
72029,Canóvanas,72,338.2,356.5,371.1,391.8,412.0
72031,Carolina,72,368.0,371.8,377.1,383.6,394.1
72033,Cataño,72,223.8,227.0,231.4,239.7,246.7
72035,Cayey,72,397.6,418.4,439.0,460.3,482.6
72037,Ceiba,72,426.2,434.8,438.9,444.5,454.8
72039,Ciales,72,348.9,357.3,361.6,367.4,374.5
72041,Cidra,72,316.8,325.3,329.0,337.7,345.5
72043,Coamo,72,341.7,352.9,364.4,372.8,383.4
72045,Comerío,72,421.6,434.0,446.3,458.7,467.5
72047,Corozal,72,383.7,401.1,419.3,438.4,461.7
72049,Culebra,72,419.8,434.7,450.5,470.8,486.5
72051,Dorado,72,423.6,440.1,452.6,467.1,486.3
72053,Fajardo,72,285.2,294.5,305.5,321.3,335.9
72054,Florida,72,269.1,276.3,284.0,292.0,300.6
72055,Guánica,72,353.1,361.6,370.7,383.6,391.4
72057,Guayama,72,351.2,361.4,376.9,391.8,402.7
72059,Guayanilla,72,327.8,338.6,350.8,367.4,383.1
72061,Guaynabo,72,433.2,452.2,473.0,499.0,524.7
72063,Gurabo,72,394.1,413.0,427.0,446.6,461.5
72065,Hatillo,72,336.2,347.7,358.8,366.0,378.7
72067,Hormigueros,72,315.6,322.3,324.7,332.0,334.8
72069,Humacao,72,273.2,280.7,289.3,302.4,310.5
72071,Isabela,72,400.4,407.8,419.6,426.3,438.1
72073,Jayuya,72,312.8,330.0,343.0,358.2,378.3
72075,Juana Díaz,72,302.6,314.9,329.0,344.5,365.1
72077,Juncos,72,404.7,418.1,437.4,456.7,472.6
72079,Lajas,72,425.9,443.1,466.4,489.3,512.9
72081,Lares,72,354.6,364.2,375.9,388.8,406.1
72083,Las Marías,72,361.0,378.5,393.1,414.0,431.0
72085,Las Piedras,72,410.6,426.1,443.4,462.3,485.8
72087,Loíza,72,409.1,419.8,431.3,443.0,455.1
72089,Luquillo,72,328.9,340.5,348.1,357.5,368.3
72091,Manatí,72,435.1,449.7,468.7,483.0,502.7
72093,Maricao,72,362.5,376.4,391.5,411.3,430.3
72095,Maunabo,72,342.1,354.2,360.9,372.8,379.6
72097,Mayagüez,72,424.6,430.5,441.5,447.4,454.9
72099,Moca,72,236.3,242.9,249.2,251.9,260.3
72101,Morovis,72,398.9,418.2,437.6,454.1,472.8
72103,Naguabo,72,383.5,404.4,421.7,441.0,465.9
72105,Naranjito,72,336.3,344.0,351.5,355.3,364.9
72107,Orocovis,72,346.1,360.1,369.4,380.3,392.2
72109,Patillas,72,301.6,310.8,319.8,328.7,334.0
72111,Peñuelas,72,308.1,317.1,324.8,328.5,337.2
72113,Ponce,72,227.3,231.9,242.4,252.1,257.9
72115,Quebradillas,72,353.1,368.4,384.7,405.3,424.9
72117,Rincón,72,369.1,384.4,401.1,419.0,438.0
72119,Río Grande,72,263.1,274.4,290.9,302.7,316.2
72121,Sabana Grande,72,282.5,292.7,304.1,316.3,329.1
72123,Salinas,72,259.9,266.4,274.7,284.0,293.9
72125,San Germán,72,347.7,358.4,365.9,379.0,391.7
72127,San Juan,72,366.2,385.5,401.1,419.1,438.6
72129,San Lorenzo,72,394.0,398.7,408.8,414.1,424.8
72131,San Sebastián,72,274.6,284.2,295.3,307.7,321.1
72133,Santa Isabel,72,349.9,363.9,383.1,402.1,421.2
72135,Toa Alta,72,271.9,274.6,278.7,287.4,294.6
72137,Toa Baja,72,332.1,345.6,358.0,366.6,380.8
72139,Trujillo Alto,72,309.8,322.8,340.5,357.2,370.4
72141,Utuado,72,400.6,414.1,433.1,447.5,467.4
72143,Vega Alta,72,297.2,308.2,320.5,337.6,350.0
72145,Vega Baja,72,248.2,253.9,258.8,263.5,267.9
72147,Vieques,72,224.1,233.5,241.6,245.8,251.5
72149,Villalba,72,383.8,401.6,420.7,441.0,465.9
72151,Yabucoa,72,387.7,404.5,422.1,440.4,459.5
72153,Yauco,72,333.9,339.1,349.7,359.1,368.4
