FIPS,State,County,mean_actual_hpi_change,pred_full,pred_lags_macro,climate_contribution,nri_wildfire_risk,nri_hurricane_risk,nri_coastal_flood_risk,nri_inland_flood_risk,nri_drought_risk,nri_heatwave_risk,nri_tornado_risk,nri_overall_risk_score,nri_risk_percentile,composite_climate_risk_score,climate_risk_rank
36081,NY,Queens,4.6814285714285715,4.4825997,5.7551527,-1.2725532,15.521628498727736,97.0796829370046,96.6,99.33206106870229,13.708651399491096,99.67886962106616,90.5852417302799,99.17302798982189,99.17302798982189,84.49,1
22071,LA,Orleans,2.8042857142857143,4.1405897,5.4613786,-1.3207886,48.091603053435115,99.6662494785148,81.2,93.51145038167938,56.902035623409674,97.23827874116893,71.56488549618321,98.25063613231552,98.25063613231552,84.36,2
6009,CA,Calaveras,6.238571428571428,6.68957,8.742528,-2.0529583,99.45928753180662,,,77.57633587786259,98.25063613231552,84.10404624277457,7.983460559796438,86.60941475826972,86.60941475826972,83.68,3
22051,LA,Jefferson,4.255714285714285,5.1180153,6.2989388,-1.1809237,27.25826972010178,99.79140592407175,95.6,95.99236641221374,50.03180661577608,97.495183044316,72.20101781170484,98.66412213740456,98.66412213740456,83.58,4
29510,MO,Saint Louis City,6.42,6.7099977,7.8635383,-1.153541,2.989821882951654,32.08176887776387,,96.97837150127225,0.0,99.80732177263968,98.8549618320611,98.69592875318067,98.69592875318067,83.41,5
48113,TX,Dallas,7.5042857142857144,7.3133745,8.371773,-1.058398,80.27989821882952,73.55027117229871,,99.55470737913485,34.19211195928753,99.93577392421325,99.84096692111959,99.65012722646308,99.65012722646308,83.21,6
22109,LA,Terrebonne,2.4571428571428577,3.4078393,4.841458,-1.4336188,23.346055979643765,98.41468502294535,94.0,81.93384223918575,83.7150127226463,93.6737315350032,92.93893129770991,94.24300254452926,94.24300254452926,83.14,7
48245,TX,Jefferson,5.735714285714286,5.6363044,6.795628,-1.1593235,92.43002544529261,98.24780976220275,78.8,91.34860050890585,87.59541984732824,92.74245343609503,98.50508905852416,95.67430025445293,95.67430025445293,81.93,8
6085,CA,Santa Clara,5.6242857142857146,4.397687,5.2483816,-0.85069436,97.39185750636133,,88.8,99.77735368956743,99.20483460559797,98.58702633269107,55.78880407124682,99.74554707379136,99.74554707379136,81.79,9
22057,LA,Lafourche,3.4299999999999997,3.6197553,4.9944806,-1.3747253,18.924936386768447,97.74718397997496,81.8,64.63104325699746,86.35496183206108,92.13230571612074,94.529262086514,91.34860050890585,91.34860050890585,81.27,10
6103,CA,Tehama,6.457142857142857,6.8104634,8.350669,-1.5402052,98.47328244274809,,,90.04452926208651,98.79134860050893,57.19332048811817,12.91348600508906,88.89949109414758,88.89949109414758,81.21,11
28049,MS,Hinds,3.7914285714285714,3.8222256,4.9609537,-1.1387284,54.64376590330788,86.35794743429287,,95.13358778625954,80.50254452926208,97.14193962748877,98.15521628498728,94.30661577608143,94.30661577608143,81.09,12
48355,TX,Nueces,6.357142857142857,6.145845,7.11211,-0.96626514,73.98218829516541,98.58156028368792,72.2,93.28880407124684,97.99618320610686,98.04110468850352,96.11959287531806,96.62849872773536,96.62849872773536,81.04,13
17077,IL,Jackson,4.385714285714285,5.253399,6.894477,-1.6410778,11.450381679389311,43.34584897788903,,76.52671755725191,59.223918575063614,90.68721901091843,74.20483460559797,87.11832061068702,87.11832061068702,81.03,14
22105,LA,Tangipahoa,5.109999999999999,5.519849,6.6688433,-1.1489946,78.30788804071247,97.91405924071756,69.39999999999999,91.22137404580153,84.2557251908397,93.12780989081567,90.235368956743,93.32061068702288,93.32061068702288,80.67,15
27053,MN,Hennepin,5.3028571428571425,6.360248,7.138917,-0.7786688,74.87277353689568,,,98.02798982188295,40.71246819338422,99.10083493898524,99.61832061068702,98.31424936386767,98.31424936386767,80.57,16
22093,LA,Saint James,3.1771428571428575,2.8620543,5.5830307,-2.7209764,4.802798982188295,94.11764705882352,83.39999999999998,25.47709923664122,90.87150127226464,64.35452793834297,67.55725190839695,71.02417302798982,71.02417302798982,80.56,17
48029,TX,Bexar,6.868571428571428,7.8954864,8.579438,-0.6839519,92.36641221374046,83.52106800166875,,99.65012722646308,69.529262086514,99.38985228002568,99.90458015267176,99.42748091603053,99.42748091603053,80.46,18
48201,TX,Harris,5.422857142857143,6.271157,6.9162054,-0.64504796,85.43256997455471,100.0,83.2,99.96819338422391,75.06361323155215,99.71098265895952,100.0,99.93638676844785,99.93638676844785,80.44,19
22019,LA,Calcasieu,2.6471428571428572,4.457692,5.395135,-0.93744284,90.55343511450383,98.2060909470171,84.0,94.46564885496184,85.7824427480916,88.53564547206165,95.57888040712469,95.70610687022901,95.70610687022901,80.38,20
22005,LA,Ascension,4.2371428571428575,5.069735,6.2521553,-1.1824208,26.622137404580155,97.9557780559032,79.2,77.7671755725191,81.3295165394402,91.20102761721259,95.26081424936386,92.14376590330787,92.14376590330787,80.31,21
41019,OR,Douglas,7.824285714285715,8.32049,9.416504,-1.0960133,97.83715012722645,,62.8,95.19720101781171,16.316793893129773,87.47591522157995,6.424936386768448,92.93893129770991,92.93893129770991,80.1,22
36047,NY,Kings,3.7014285714285715,4.0637865,4.66138,-0.5975932,38.54961832061068,97.41343345848976,87.2,99.36386768447836,13.931297709923664,99.74309569685293,94.17938931297711,99.26844783715013,99.26844783715013,79.77,23
22097,LA,Saint Landry,3.781428571428571,4.5731463,5.954995,-1.3818493,65.29898218829516,92.24030037546935,41.8,87.43638676844785,96.97837150127225,87.95761078998073,94.147582697201,88.19974554707379,88.19974554707379,79.74,24
22001,LA,Acadia,2.575714285714286,3.6094093,4.960489,-1.3510793,61.60941475826972,96.6624947851481,45.4,86.41857506361323,94.91094147582696,80.63583815028902,71.50127226463104,88.61323155216286,88.61323155216286,79.73,25
6089,CA,Shasta,6.13,6.6993475,7.681604,-0.982257,99.49109414758269,,,94.8473282442748,76.08142493638677,85.74181117533719,15.426208651399492,93.38422391857506,93.38422391857506,79.52,26
48439,TX,Tarrant,7.998571428571429,8.165817,8.735784,-0.56996644,91.47582697201018,72.2569879015436,,99.14122137404581,36.10050890585242,99.45407835581244,99.87277353689569,99.14122137404581,99.14122137404581,79.51,27
42101,PA,Philadelphia,5.515714285714286,6.567031,7.1041803,-0.53714955,28.68956743002545,94.28452231956612,85.39999999999998,99.58651399491094,21.660305343511453,99.9678869621066,98.66412213740456,99.58651399491094,99.58651399491094,79.5,28
53077,WA,Yakima,8.611428571428572,8.672136,9.57713,-0.9049939,98.91857506361325,,,92.87531806615776,36.1323155216285,93.51316634553629,19.529262086513995,94.02035623409668,94.02035623409668,79.3,29
1003,AL,Baldwin,8.878571428571428,9.275004,9.976408,-0.70140296,90.77608142493636,99.24906132665832,85.8,92.20737913486005,74.52290076335878,92.1965317919075,92.84351145038168,96.72391857506362,96.72391857506362,79.22,30
22033,LA,East Baton Rouge,3.472857142857143,4.9516478,5.5161715,-0.5645239,32.283715012722645,98.16437213183144,54.6,97.32824427480917,64.69465648854961,98.07321772639693,99.58651399491094,97.96437659033079,97.96437659033079,78.88,31
48303,TX,Lubbock,5.799999999999999,6.712106,7.399547,-0.68744093,86.19592875318067,47.18397997496871,,92.1119592875318,99.77735368956743,80.57161207450226,98.79134860050893,96.2468193384224,96.2468193384224,78.88,31
2122,AK,Kenai Peninsula,7.061428571428571,6.2496123,7.151786,-0.9021731,97.07379134860051,,33.800000000000004,43.765903307888046,12.309160305343513,,0.795165394402036,93.03435114503817,93.03435114503817,78.78,33
26125,MI,Oakland,6.7628571428571425,6.9012084,7.48058,-0.57937145,58.11068702290076,51.022110972048395,,97.48727735368956,0.0,97.36673089274245,99.71374045801527,97.51908396946563,97.51908396946563,78.76,34
6067,CA,Sacramento,6.985714285714286,7.0830274,7.5948358,-0.51180804,95.92875318066157,,0.0,98.98218829516541,99.36386768447836,96.11432241490044,65.04452926208651,98.12340966921121,98.12340966921121,78.59,35
6097,CA,Sonoma,4.602857142857142,4.365352,4.7971716,-0.4318194,98.21882951653944,,68.60000000000001,99.17302798982189,99.33206106870229,88.82466281310212,15.394402035623408,99.07760814249365,99.07760814249365,78.5,36
41015,OR,Curry,8.218571428571428,8.142503,9.466745,-1.3242433,93.41603053435117,,48.4,62.18193384223919,14.153944020356237,40.847784200385355,3.053435114503817,86.54580152671755,86.54580152671755,78.5,36
10005,DE,Sussex,7.58,8.19366,8.974942,-0.7812823,84.79643765903307,97.20483938256152,97.6,92.84351145038168,86.54580152671755,89.37058445728965,63.358778625954194,94.147582697201,94.147582697201,78.49,38
22017,LA,Caddo,2.974285714285714,3.6975975,4.5847,-0.88710266,62.75445292620865,82.77012932832707,,92.04834605597965,98.15521628498728,98.71547848426461,89.82188295165395,92.6208651399491,92.6208651399491,78.47,39
28149,MS,Warren,4.522857142857143,4.3085914,5.6423965,-1.3338048,39.408396946564885,74.13433458489779,,72.83715012722645,99.52290076335876,87.79704560051381,91.73027989821882,86.29134860050891,86.29134860050891,78.44,40
47037,TN,Davidson,8.527142857142858,8.147379,8.703503,-0.5561236,57.50636132315522,53.650396328744264,,98.18702290076337,26.622137404580155,95.43994861913936,97.93256997455472,97.16921119592877,97.16921119592877,78.42,41
41051,OR,Multnomah,4.0371428571428565,4.8780017,5.3402057,-0.46220383,67.30279898218829,,43.4,95.54707379134861,12.53180661577608,96.82080924855492,47.391857506361326,98.47328244274809,98.47328244274809,78.41,42
4025,AZ,Yavapai,9.348571428571429,9.09792,9.892427,-0.7945084,99.58651399491094,0.0,,96.0559796437659,29.389312977099237,84.97109826589595,32.69720101781171,93.73409669211196,93.73409669211196,78.37,43
6029,CA,Kern,8.187142857142858,7.422692,7.8462286,-0.42353663,99.74554707379136,,,98.47328244274809,94.529262086514,99.48619139370584,19.783715012722645,98.88676844783714,98.88676844783714,78.35,44
1097,AL,Mobile,7.668571428571428,7.225346,7.704933,-0.47958705,93.47964376590332,99.41593658740092,90.60000000000002,95.89694656488548,86.22773536895673,95.95375722543352,94.56106870229009,98.02798982188295,98.02798982188295,78.31,45
53049,WA,Pacific,10.368571428571428,10.140544,10.992584,-0.8520394,27.70356234096692,,75.0,63.295165394402034,12.849872773536896,45.05459216441876,7.251908396946565,92.74809160305345,92.74809160305345,78.28,46
6043,CA,Mariposa,5.178571428571429,5.590991,6.8907647,-1.2997735,99.01399491094149,,,70.83333333333334,75.54071246819338,98.42646114322417,6.393129770992366,86.41857506361323,86.41857506361323,78.26,47
48167,TX,Galveston,7.675714285714286,7.8735414,8.52681,-0.6532689,84.92366412213741,97.03796412181894,88.6,93.63867684478373,96.85114503816794,93.54527938342969,96.94656488549616,95.38804071246821,95.38804071246821,78.21,48
48215,TX,Hidalgo,7.925714285714285,7.578983,7.969658,-0.39067474,83.81043256997457,99.49937421777221,,96.43765903307887,98.60050890585242,98.84393063583815,95.99236641221374,99.01399491094149,99.01399491094149,78.18,49
6005,CA,Amador,5.008571428571429,6.0420723,7.8442354,-1.8021632,98.12340966921121,,,70.00636132315522,99.07760814249365,77.32819524727039,5.979643765903308,79.19847328244275,79.19847328244275,78.18,49
8041,CO,El Paso,8.381428571428572,8.091295,8.827856,-0.73656034,99.26844783715013,,,94.97455470737911,44.40203562340967,77.74566473988439,96.81933842239184,94.05216284987277,94.05216284987277,78.12,51
22099,LA,Saint Martin,3.954285714285714,4.7461886,5.959134,-1.2129453,25.0,96.12015018773467,87.0,69.49745547073792,92.71628498727735,78.70905587668592,89.50381679389314,87.27735368956743,87.27735368956743,78.08,52
6093,CA,Siskiyou,6.422857142857143,6.119744,7.2044954,-1.0847517,98.60050890585242,,,90.9351145038168,98.91857506361325,77.84200385356455,1.908396946564886,89.02671755725191,89.02671755725191,78.06,53
48085,TX,Collin,7.95,7.3605905,7.7419105,-0.38132057,81.01145038167938,59.741343345848975,,96.78753180661576,32.44274809160305,97.71997430956968,99.93638676844785,98.8549618320611,98.8549618320611,78.03,54
22055,LA,Lafayette,3.4528571428571433,4.877635,5.519042,-0.6414071,53.021628498727736,98.3729662077597,45.0,93.03435114503817,86.73664122137404,93.09569685292229,65.33078880407125,95.1653944020356,95.1653944020356,78.01,55
42003,PA,Allegheny,6.6499999999999995,7.2891116,7.7174454,-0.42833397,60.40076335877863,75.88652482269504,,99.20483460559797,0.0,94.25176621708412,91.18956743002543,98.09160305343512,98.09160305343512,77.98,56
1073,AL,Jefferson,6.527142857142857,7.0747476,7.533014,-0.45826653,79.07124681933843,76.59574468085107,,98.09160305343512,26.81297709923664,97.62363519588952,99.55470737913485,97.61450381679388,97.61450381679388,77.95,57
35013,NM,Dona Ana,7.782857142857144,7.5637393,8.130769,-0.56702924,86.57760814249363,36.54568210262829,,98.37786259541984,99.39567430025444,94.60500963391137,20.51526717557252,96.08778625954199,96.08778625954199,77.95,57
6017,CA,El Dorado,5.7,6.3895354,7.281876,-0.8923411,99.71374045801527,,,91.69847328244275,77.06743002544529,67.98330122029544,13.708651399491096,91.412213740458,91.412213740458,77.9,59
11001,DC,District of Columbia,3.34,4.2135377,4.6644716,-0.45093414,26.208651399491096,96.03671255736336,74.0,97.42366412213741,0.0,99.19717405266539,90.42620865139949,97.58269720101781,97.58269720101781,77.88,60
6023,CA,Humboldt,6.291428571428571,6.2242246,6.7269197,-0.5026951,95.51526717557253,,87.8,94.17938931297711,78.53053435114504,47.2703917790623,7.856234096692112,96.75572519083968,96.75572519083968,77.83,61
6001,CA,Alameda,4.964285714285714,5.0805593,5.3620486,-0.28148934,97.70992366412212,,86.0,99.68193384223919,85.94147582697201,97.55940912010277,65.80788804071247,99.77735368956743,99.77735368956743,77.79,62
2020,AK,Anchorage,4.35,4.464132,4.905911,-0.44177905,78.62595419847328,,28.000000000000004,0.190839694656489,0.0,,0.44529262086514,97.39185750636133,97.39185750636133,77.72,63
22103,LA,Saint Tammany,4.805714285714286,6.0754976,6.5762644,-0.5007673,89.56743002544529,98.91531080517312,82.6,94.21119592875316,80.18447837150127,96.33911368015414,86.57760814249363,96.56488549618322,96.56488549618322,77.72,63
6007,CA,Butte,6.337142857142857,5.821633,6.509609,-0.687976,98.53689567430024,,,93.22519083969466,99.65012722646308,81.98458574181117,28.18066157760814,93.92493638676845,93.92493638676845,77.72,63
6087,CA,Santa Cruz,4.871428571428572,4.0541553,4.460709,-0.40655413,97.32824427480917,,49.2,96.18320610687024,99.42748091603053,86.60886319845858,18.73409669211196,97.80534351145039,97.80534351145039,77.68,66
6013,CA,Contra Costa,5.582857142857143,5.600903,5.8849363,-0.28403288,97.58269720101781,,66.0,99.49109414758269,94.62468193384224,98.26589595375722,49.87277353689568,99.49109414758269,99.49109414758269,77.66,67
21111,KY,Jefferson,6.581428571428572,7.1789994,7.543732,-0.36473277,56.10687022900763,35.83646224447226,,99.10941475826972,21.24681933842239,96.88503532434169,99.74554707379136,98.2824427480916,98.2824427480916,77.63,68
39049,OH,Franklin,8.459999999999999,8.290557,8.658703,-0.3681458,29.07124681933842,49.68710888610764,,98.79134860050893,57.63358778625955,98.90815671162493,98.441475826972,98.05979643765905,98.05979643765905,77.54,69
5031,AR,Craighead,5.714285714285714,6.660881,7.467382,-0.80650127,43.829516539440206,56.82102628285357,,78.7531806615776,92.14376590330787,95.18304431599229,97.74173027989822,91.793893129771,91.793893129771,77.48,70
29095,MO,Jackson,8.507142857142858,8.7559,9.221322,-0.46542236,49.17302798982188,0.0,,96.50127226463104,46.0559796437659,99.13294797687861,99.45928753180662,96.50127226463104,96.50127226463104,77.44,71
48121,TX,Denton,7.867142857142857,8.061153,8.481188,-0.42003426,92.970737913486,58.406341259908224,,95.70610687022901,36.895674300254456,97.97687861271677,99.80916030534353,96.91475826972008,96.91475826972008,77.33,72
13121,GA,Fulton,8.072857142857142,7.8871074,8.376279,-0.4891715,52.894402035623415,74.92699207342513,,97.67811704834605,0.0,92.38921001926782,97.01017811704837,95.80152671755725,95.80152671755725,77.26,73
29029,MO,Camden,9.81857142857143,8.979789,9.992465,-1.0126764,81.8384223918575,41.21818940342094,,93.25699745547074,31.552162849872772,91.93962748876045,83.93765903307887,88.39058524173028,88.39058524173028,77.23,74
53027,WA,Grays Harbor,11.007142857142856,10.076029,10.477052,-0.40102282,33.9058524173028,,99.0,83.84223918575063,13.040712468193384,58.86319845857418,13.231552162849871,96.97837150127225,96.97837150127225,77.23,74
29189,MO,Saint Louis,6.4157142857142855,6.713044,6.9409256,-0.22788177,61.704834605597966,45.09803921568628,,99.07760814249365,27.798982188295163,99.87154784842645,98.05979643765905,99.33206106870229,99.33206106870229,77.19,76
6033,CA,Lake,5.302857142857143,6.7606654,7.4366636,-0.67599815,99.10941475826972,,,94.147582697201,95.89694656488548,52.633269107257554,10.909669211195927,93.00254452926208,93.00254452926208,77.17,77
5119,AR,Pulaski,5.767142857142857,6.516727,6.9219327,-0.40520576,71.81933842239185,71.75636211931581,,96.75572519083968,24.204834605597963,95.85741811175336,99.17302798982189,96.78753180661576,96.78753180661576,77.16,78
48409,TX,San Patricio,6.001428571428571,6.211554,7.424207,-1.2126532,64.2175572519084,95.0354609929078,53.0,73.82315521628499,93.70229007633588,88.2145150931278,80.05725190839695,85.40076335877863,85.40076335877863,77.14,79
24510,MD,Baltimore City,4.508571428571429,5.039534,5.563019,-0.5234846,24.04580152671756,92.32373800584065,64.0,94.27480916030532,0.0,99.42196531791909,95.41984732824429,95.0063613231552,95.0063613231552,77.1,80
45051,SC,Horry,9.225714285714286,9.20082,9.496207,-0.29538774,89.8854961832061,99.58281184814352,87.6,92.01653944020357,48.69592875318066,94.99036608863199,96.69211195928752,98.18702290076337,98.18702290076337,77.09,81
22007,LA,Assumption,2.948571428571429,3.867553,6.1425805,-2.2750275,4.007633587786259,93.4918648310388,78.0,29.611959287531807,96.53307888040713,66.92357096981374,67.36641221374046,70.29262086513995,70.29262086513995,77.04,82
6057,CA,Nevada,4.961428571428572,6.6632066,7.523005,-0.8597981,99.42748091603053,,,89.94910941475827,0.0,57.80346820809249,17.90712468193384,89.8854961832061,89.8854961832061,76.9,83
48157,TX,Fort Bend,7.321428571428571,7.10152,7.420311,-0.31879076,80.05725190839695,97.58030871923236,19.2,97.61450381679388,84.57379134860051,97.84842646114322,99.20483460559797,97.45547073791349,97.45547073791349,76.89,84
48061,TX,Cameron,8.422857142857143,7.6368814,7.966461,-0.32958037,83.77862595419847,99.04046725073007,67.0,92.8117048346056,83.20610687022901,97.27039177906231,85.14631043256999,97.29643765903309,97.29643765903309,76.88,85
24005,MD,Baltimore,5.651428571428572,6.105542,6.6710296,-0.5654877,39.53562340966921,92.74092615769712,73.8,93.89312977099237,82.3473282442748,99.22928709055877,80.37531806615776,93.9885496183206,93.9885496183206,76.88,85
19153,IA,Polk,6.202857142857143,6.504547,7.1922846,-0.6877375,57.69720101781171,27.492699207342515,,92.14376590330787,94.8473282442748,96.69235709698138,98.12340966921121,91.98473282442748,91.98473282442748,76.74,87
48309,TX,McLennan,8.578571428571427,8.336675,9.079444,-0.7427699,90.01272264631042,81.35168961201502,,88.93129770992367,55.72519083969466,96.0500963391137,98.82315521628499,91.22137404580153,91.22137404580153,76.74,87
6019,CA,Fresno,8.038571428571428,8.026526,8.1893,-0.16277377,98.441475826972,,,98.69592875318067,100.0,97.94476557482338,57.12468193384224,99.30025445292621,99.30025445292621,76.71,89
12009,FL,Brevard,9.67,9.81485,10.038716,-0.22386633,97.16921119592877,99.70796829370046,82.0,95.0063613231552,48.98218829516539,85.51701991008349,95.29262086513997,98.40966921119592,98.40966921119592,76.7,90
40109,OK,Oklahoma,6.897142857142858,7.3235955,7.5746613,-0.25106618,88.93129770992367,49.52023362536504,,97.64631043256996,71.0559796437659,99.51830443159922,99.52290076335876,97.93256997455472,97.93256997455472,76.65,91
40143,OK,Tulsa,7.355714285714285,7.459914,7.7138977,-0.25398394,91.2531806615776,46.349603671255736,,97.93256997455472,73.50508905852418,99.64675658317277,99.07760814249365,97.90076335877863,97.90076335877863,76.65,91
31055,NE,Douglas,7.852857142857142,7.8450046,8.233408,-0.388403,88.80407124681933,0.0,,95.06997455470739,62.054707379134854,97.52729608220936,99.39567430025444,95.86513994910942,95.86513994910942,76.58,93
36005,NY,Bronx,5.485714285714286,5.8899684,6.1024504,-0.21248211,2.385496183206107,95.28577388402168,85.6,98.53689567430024,0.0,99.61464354527936,85.20992366412213,98.34605597964376,98.34605597964376,76.58,93
6077,CA,San Joaquin,7.464285714285714,7.574488,7.7594686,-0.18498091,91.98473282442748,,,97.74173027989822,99.87277353689569,97.39884393063583,48.98218829516539,98.60050890585242,98.60050890585242,76.52,95
21071,KY,Floyd,4.177142857142857,5.362231,5.856981,-0.49475056,86.32315521628499,50.7717980809345,,97.80534351145039,0.0,58.15671162491972,35.591603053435115,94.17938931297711,94.17938931297711,76.48,96
6115,CA,Yuba,7.682857142857143,7.3113413,8.751142,-1.4398003,96.81933842239184,,,83.77862595419847,98.95038167938931,54.078355812459854,14.917302798982188,80.88422391857506,80.88422391857506,76.47,97
48453,TX,Travis,7.394285714285714,7.0574307,7.29133,-0.23389927,90.83969465648855,77.1380892782645,,98.34605597964376,50.0,98.5228002569043,99.68193384223919,97.74173027989822,97.74173027989822,76.43,98
55079,WI,Milwaukee,7.908571428571428,7.241756,7.4293427,-0.18758678,29.51653944020356,18.773466833541928,35.6,97.04198473282445,16.666666666666664,99.03660886319847,98.95038167938931,98.37786259541984,98.37786259541984,76.42,99
17031,IL,Cook,5.2299999999999995,5.656373,5.728528,-0.072155036,55.78880407124682,48.894451397580305,44.0,99.93638676844785,25.731552162849873,99.83943481053309,99.96819338422391,99.96819338422391,99.96819338422391,76.41,100
28075,MS,Lauderdale,3.141428571428572,4.426772,5.423295,-0.99652374,57.665394402035616,83.3124739257405,,80.05725190839695,52.09923664122137,90.5587668593449,94.43384223918576,86.95928753180662,86.95928753180662,76.39,101
41007,OR,Clatsop,8.777142857142858,8.939211,9.343347,-0.40413556,44.40203562340967,,96.4,72.10559796437659,12.27735368956743,42.06807964033398,12.08651399491094,95.06997455470739,95.06997455470739,76.29,102
39035,OH,Cuyahoga,7.751428571428572,7.268885,7.4643946,-0.19551001,56.87022900763359,62.36962870254485,33.0,98.72773536895673,0.0,97.68786127167628,98.98218829516541,97.99618320610686,97.99618320610686,76.29,102
48273,TX,Kleberg,5.548571428571429,5.420748,6.583381,-1.1626328,66.6030534351145,93.90905298289528,34.8,55.34351145038168,63.231552162849866,80.8927424534361,49.52290076335878,84.4147582697201,84.4147582697201,76.29,102
54039,WV,Kanawha,4.575714285714286,5.2293715,5.6709313,-0.44155976,61.54580152671756,64.41385064664163,,97.90076335877863,22.99618320610687,91.65061014771997,35.20992366412214,94.529262086514,94.529262086514,76.28,105
48249,TX,Jim Wells,6.548571428571429,6.4788446,7.4731684,-0.99432343,70.8969465648855,94.07592824363789,,63.26335877862596,81.42493638676844,84.4251766217084,68.41603053435115,86.51399491094148,86.51399491094148,76.15,106
6053,CA,Monterey,7.3342857142857145,6.796363,6.9184647,-0.122101344,98.66412213740456,,59.8,97.29643765903309,99.96819338422391,95.82530507386,28.65776081424936,98.72773536895673,98.72773536895673,76.14,107
12127,FL,Volusia,10.204285714285716,10.227017,10.527252,-0.3002358,96.27862595419847,98.45640383813101,85.0,95.22900763358777,32.37913486005089,85.45279383429671,98.2824427480916,96.2150127226463,96.2150127226463,76.13,108
27003,MN,Anoka,6.335714285714286,6.837151,7.717178,-0.88002694,81.64758269720103,,,91.98473282442748,29.03944020356234,86.09505459216442,87.24554707379136,88.00890585241731,88.00890585241731,76.1,109
1101,AL,Montgomery,5.374285714285714,5.7978983,6.4057627,-0.607864,51.62213740458015,87.3174801835628,,94.05216284987277,56.80661577608143,96.53179190751445,96.5966921119593,91.82569974554707,91.82569974554707,76.1,109
28047,MS,Harrison,7.2457142857142856,7.308501,7.6460047,-0.3375042,94.529262086514,98.5398414685023,91.60000000000002,90.45801526717557,58.81043256997456,94.82980089916508,95.96055979643766,95.61068702290076,95.61068702290076,76.09,111
55025,WI,Dane,7.554285714285714,7.1712546,7.622079,-0.4508243,60.24173027989822,29.161451814768466,,94.30661577608143,39.853689567430024,95.3436095054592,97.58269720101781,93.86132315521628,93.86132315521628,76.01,112
21145,KY,McCracken,6.408571428571428,6.814315,7.557122,-0.7428079,35.6234096692112,44.30538172715895,,80.40712468193384,70.26081424936386,95.21515735388569,85.71882951653944,89.66284987277355,89.66284987277355,75.96,113
39061,OH,Hamilton,8.295714285714286,7.9147544,8.181352,-0.26659706,47.29643765903308,38.172715894868595,,96.91475826972008,31.96564885496183,98.94026974951831,99.36386768447836,96.34223918575063,96.34223918575063,75.96,113
48039,TX,Brazoria,6.652857142857143,7.336436,7.7934465,-0.4570114,86.10050890585242,96.912807676262,76.4,94.40203562340967,84.47837150127225,93.0635838150289,97.04198473282445,93.63867684478373,93.63867684478373,75.94,115
26099,MI,Macomb,7.295714285714285,7.637824,7.8757105,-0.23788704,41.73027989821883,49.85398414685023,46.6,97.45547073791349,0.0,94.50867052023122,99.30025445292621,96.66030534351144,96.66030534351144,75.91,116
35041,NM,Roosevelt,4.361428571428571,6.0278096,7.1612,-1.1333901,98.56870229007632,32.20692532332082,,83.7150127226463,97.01017811704837,65.5427103403982,53.53053435114504,84.06488549618322,84.06488549618322,75.9,117
1089,AL,Madison,8.967142857142857,8.418525,8.801682,-0.38315734,36.06870229007634,70.4630788485607,,95.92875318066157,60.55979643765903,94.21965317919077,98.47328244274809,94.56106870229009,94.56106870229009,75.88,118
18097,IN,Marion,8.322857142857142,8.741249,8.912647,-0.1713983,22.29643765903308,34.08427200667501,,98.2824427480916,36.959287531806616,98.65125240847784,99.01399491094149,97.48727735368956,97.48727735368956,75.86,119
6045,CA,Mendocino,4.642857142857143,4.9594145,5.3538275,-0.39441332,97.80534351145039,,54.400000000000006,95.10178117048346,97.42366412213741,52.376364804110466,10.464376590330788,94.3384223918575,94.3384223918575,75.85,120
41039,OR,Lane,8.01,8.198332,8.439731,-0.24139915,68.73409669211196,,55.2,97.20101781170484,16.475826972010175,93.83429672447012,20.960559796437657,96.4058524173028,96.4058524173028,75.81,121
47157,TN,Shelby,7.481428571428571,7.6461596,7.675328,-0.029167924,71.0559796437659,67.1255736337088,,98.66412213740456,36.99109414758271,99.55041746949261,99.77735368956743,99.36386768447836,99.36386768447836,75.8,122
6099,CA,Stanislaus,7.564285714285715,7.5784903,7.7822375,-0.20374669,95.03816793893128,,,95.96055979643766,99.80916030534353,96.30700064226077,27.767175572519083,96.88295165394402,96.88295165394402,75.79,123
45043,SC,Georgetown,9.254285714285714,8.634355,9.147454,-0.5130994,91.34860050890585,98.2895285773884,86.4,76.14503816793892,27.958015267175572,80.8606294155427,54.80279898218829,92.49363867684478,92.49363867684478,75.76,124
20091,KS,Johnson,7.92,7.5852103,7.9211316,-0.33592144,61.22773536895675,0.0,,94.87913486005088,24.93638676844784,98.39434810533076,98.91857506361325,94.8473282442748,94.8473282442748,75.69,125
6107,CA,Tulare,8.104285714285714,8.171262,8.348131,-0.17687066,97.96437659033079,,,98.12340966921121,88.58142493638677,99.165061014772,30.343511450381676,97.04198473282445,97.04198473282445,75.68,126
22045,LA,Iberia,3.2357142857142853,5.0830956,5.7173295,-0.6342335,28.975826972010175,97.28827701293285,72.0,81.42493638676844,91.63486005089058,83.49389852280027,91.57124681933843,90.61704834605598,90.61704834605598,75.67,127
4012,AZ,La Paz,6.90142857142857,6.942664,8.063113,-1.1204497,70.16539440203562,16.68752607425949,,91.47582697201018,80.43893129770991,90.20552344251765,4.580152671755725,83.52417302798982,83.52417302798982,75.54,128
2170,AK,Matanuska Susitna,6.255714285714285,6.474134,6.900704,-0.4265697,94.65648854961832,,0.0,51.30407124681934,0.0,,0.858778625954199,93.25699745547074,93.25699745547074,75.54,128
17167,IL,Sangamon,5.0371428571428565,4.8699574,5.400579,-0.5306217,18.79770992366412,41.42678347934919,,91.15776081424936,95.92875318066157,96.2106615285806,97.13740458015269,91.69847328244275,91.69847328244275,75.49,130
27123,MN,Ramsey,5.672857142857143,6.8528214,7.1723256,-0.3195043,52.608142493638674,,,93.79770992366413,12.786259541984732,98.23378291586384,98.69592875318067,94.62468193384224,94.62468193384224,75.47,131
26163,MI,Wayne,7.4628571428571435,7.401798,7.4109406,-0.009142944,54.38931297709924,57.780559032123485,49.6,99.39567430025444,0.0,99.29351316634552,99.49109414758269,98.95038167938931,98.95038167938931,75.45,132
19103,IA,Johnson,4.924285714285714,5.276925,6.1000504,-0.82312495,64.3765903307888,13.600333750521484,,79.77099236641223,81.77480916030534,87.50802825947335,98.18702290076337,87.43638676844785,87.43638676844785,75.41,133
8059,CO,Jefferson,7.358571428571429,6.8468366,7.135831,-0.28899387,99.52290076335876,,,93.44783715012723,27.608142493638677,71.03403982016698,96.50127226463104,94.94274809160304,94.94274809160304,75.41,133
29133,MO,Mississippi,6.458333333333333,6.2964683,9.273136,-2.9766676,1.590330788804071,35.46099290780142,,25.508905852417303,82.029262086514,64.0655105973025,67.970737913486,57.1882951653944,57.1882951653944,75.4,135
5051,AR,Garland,7.828571428571428,7.9601135,8.646638,-0.6865245,72.86895674300254,62.07759699624531,,90.10814249363868,0.0,93.9306358381503,96.4058524173028,89.31297709923663,89.31297709923663,75.39,136
22063,LA,Livingston,4.07,6.0088267,6.317845,-0.30901828,56.80661577608143,97.62202753441801,79.80000000000001,94.94274809160304,67.77989821882952,92.2286448298009,95.67430025445293,94.46564885496184,94.46564885496184,75.31,137
8123,CO,Weld,7.138571428571429,7.8036194,8.489029,-0.6854096,87.69083969465649,,,88.45419847328245,38.07251908396945,60.115606936416185,95.06997455470739,89.15394402035624,89.15394402035624,75.3,138
29183,MO,Saint Charles,7.640000000000001,7.422916,7.861815,-0.4388991,58.81043256997456,22.778473091364205,,94.24300254452926,32.283715012722645,95.56840077071293,96.37404580152673,92.58905852417303,92.58905852417303,75.29,139
22073,LA,Ouachita,3.21,4.555444,5.356076,-0.80063206,56.202290076335885,79.51606174384648,,87.05470737913485,46.21501272264631,96.59601798330121,96.0241730279898,87.5,87.5,75.28,140
37119,NC,Mecklenburg,9.645714285714286,8.809113,8.928123,-0.119010314,62.24554707379135,84.18856904463912,,98.95038167938931,28.5941475826972,94.34810533076428,97.42366412213741,97.07379134860051,97.07379134860051,75.28,140
6095,CA,Solano,6.118571428571428,6.6925254,6.81524,-0.12271459,94.49745547073792,,82.8,97.36005089058524,99.30025445292621,76.97495183044317,34.06488549618321,97.01017811704837,97.01017811704837,75.28,140
37183,NC,Wake,8.918571428571429,8.106675,8.332083,-0.2254072,57.3791348600509,89.904046725073,,97.70992366412212,51.08142493638677,96.85292228644829,95.32442748091603,95.54707379134861,95.54707379134861,75.27,143
27137,MN,Saint Louis,6.96,7.210492,7.719312,-0.50881976,81.74300254452926,,35.0,91.76208651399493,42.20737913486005,86.48041104688502,64.7264631043257,91.57124681933843,91.57124681933843,75.27,143
20173,KS,Sedgwick,7.608571428571429,7.7735276,7.910847,-0.13732018,94.43384223918576,42.720066750104294,,96.08778625954199,63.64503816793893,98.49068721901092,99.26844783715013,96.5966921119593,96.5966921119593,75.17,145
36029,NY,Erie,8.294285714285715,8.221993,8.280067,-0.058074813,62.62722646310432,71.29745515227367,44.4,99.01399491094149,35.81424936386768,95.37572254335261,95.38804071246821,97.67811704834605,97.67811704834605,75.16,146
17019,IL,Champaign,5.982857142857142,5.702302,6.275242,-0.5729399,16.157760814249365,48.93617021276596,,90.36259541984732,95.45165394402035,89.14579319203597,94.8473282442748,90.45801526717557,90.45801526717557,75.16,146
12091,FL,Okaloosa,8.744285714285715,9.376958,9.806259,-0.42930216,75.73155216284987,98.08093450146016,62.6,80.37531806615776,20.928753180661577,88.76043673731535,94.21119592875316,92.4618320610687,92.4618320610687,75.15,148
6061,CA,Placer,6.027142857142857,6.3318377,6.7156515,-0.38381365,98.69592875318067,,,95.76972010178118,87.30916030534351,68.75401412973667,23.314249363867685,93.06615776081425,93.06615776081425,75.14,149
1077,AL,Lauderdale,8.165714285714285,7.3090897,8.2315445,-0.92245483,23.791348600508904,61.11806424697539,,84.22391857506362,53.68956743002544,84.6499678869621,91.98473282442748,85.49618320610686,85.49618320610686,75.13,150
27037,MN,Dakota,5.682857142857143,6.615764,7.2405424,-0.62477833,39.56743002544529,,,88.70865139949109,31.456743002544528,84.58574181117534,97.36005089058524,89.50381679389314,89.50381679389314,75.05,151
53015,WA,Cowlitz,8.705714285714285,8.918462,9.480823,-0.5623615,61.29134860050891,,51.0,88.26335877862596,0.0,91.42581888246629,20.5470737913486,90.29898218829517,90.29898218829517,75.01,152
6039,CA,Madera,8.58,7.58931,7.7128043,-0.12349435,99.36386768447836,,,93.9885496183206,99.93638676844785,97.75208734746309,19.306615776081426,96.43765903307887,96.43765903307887,74.99,153
26081,MI,Kent,9.282857142857143,8.802056,9.224433,-0.4223761,42.589058524173026,33.625365039632875,,94.75190839694656,0.0,95.05459216441875,97.77353689567428,92.20737913486005,92.20737913486005,74.98,154
22079,LA,Rapides,3.6028571428571428,4.4329753,5.417693,-0.9847178,78.02162849872775,90.61326658322903,,82.22010178117048,91.31679389312976,91.52215799614645,68.70229007633588,84.28753180661577,84.28753180661577,74.97,155
17197,IL,Will,6.890000000000001,6.8180842,6.876077,-0.05799314,56.234096692111954,26.24113475177305,,97.86895674300254,38.104325699745544,95.50417469492612,99.23664122137404,97.26463104325701,97.26463104325701,74.95,156
53067,WA,Thurston,9.275714285714287,8.455333,8.710496,-0.255163,57.12468193384224,,58.599999999999994,90.80788804071248,13.295165394402035,90.59087989723828,25.03180661577608,94.49745547073792,94.49745547073792,74.95,156
6083,CA,Santa Barbara,7.55,6.585929,6.517029,0.06889987,99.20483460559797,0.0,51.4,98.6323155216285,99.84096692111959,75.36929993577392,5.407124681933842,98.98218829516541,98.98218829516541,74.92,158
53063,WA,Spokane,10.292857142857143,9.030378,9.603682,-0.573304,96.56488549618322,,,91.60305343511449,16.571246819338423,94.86191393705845,42.68447837150127,89.98091603053437,89.98091603053437,74.92,158
48369,TX,Parmer,6.758,4.55277,5.699192,-1.1464218,67.17557251908397,40.96787651230705,,5.279898218829516,99.71374045801527,19.974309569685293,41.9529262086514,81.80661577608143,81.80661577608143,74.86,160
37019,NC,Brunswick,10.945714285714287,10.292479,10.443994,-0.1515147,93.35241730279897,99.08218606591572,89.4,87.62722646310432,28.75318066157761,84.93898522800258,86.99109414758269,95.76972010178118,95.76972010178118,74.86,160
39095,OH,Lucas,7.337142857142857,7.223117,7.605784,-0.38266715,36.45038167938932,56.86274509803921,42.8,95.41984732824429,38.963104325699746,85.2922286448298,97.32824427480917,92.39821882951652,92.39821882951652,74.79,162
53053,WA,Pierce,9.104285714285714,8.541898,8.482267,0.059630137,76.78117048346056,,71.39999999999999,96.2150127226463,12.754452926208652,97.33461785484909,41.221374045801525,98.53689567430024,98.53689567430024,74.76,163
48485,TX,Wichita,7.744285714285715,6.8037076,7.9298515,-1.1261442,92.58905852417303,47.5177304964539,,80.75699745547074,93.60687022900763,92.77456647398844,92.8117048346056,81.90203562340967,81.90203562340967,74.76,163
24033,MD,Prince Georges,6.328571428571429,7.368313,7.6884627,-0.3201501,42.33460559796438,92.15686274509805,49.4,94.59287531806616,83.52417302798982,97.78420038535644,95.13358778625954,93.16157760814248,93.16157760814248,74.74,165
6113,CA,Yolo,5.774285714285715,5.868217,6.313681,-0.445464,86.95928753180662,,,89.56743002544529,99.58651399491094,78.61271676300578,22.36005089058524,91.38040712468192,91.38040712468192,74.72,166
34017,NJ,Hudson,7.042857142857143,6.998017,7.0209317,-0.022914955,4.548346055979644,91.73967459324155,95.0,98.56870229007632,25.699745547073793,98.81181759794477,90.71246819338423,97.2328244274809,97.2328244274809,74.68,167
40065,OK,Jackson,6.527142857142857,6.359899,7.180063,-0.8201636,65.93511450381679,25.49019607843137,,25.095419847328245,85.17811704834605,76.878612716763,69.94274809160305,86.03689567430025,86.03689567430025,74.68,167
41033,OR,Josephine,6.472857142857143,7.49305,8.0128,-0.51975,99.23664122137404,,,90.20356234096693,14.058524173027989,89.40269749518303,4.930025445292621,90.235368956743,90.235368956743,74.67,169
28059,MS,Jackson,6.9314285714285715,7.227975,7.5887156,-0.3607406,94.147582697201,97.78890279516061,84.8,86.83206106870229,51.84478371501272,91.84328837508029,89.98091603053437,92.33460559796438,92.33460559796438,74.61,170
31109,NE,Lancaster,7.427142857142857,7.4082437,7.8784647,-0.47022158,93.70229007633588,0.0,,85.46437659033079,69.78371501272265,76.42903018625562,98.75954198473282,90.7442748091603,90.7442748091603,74.58,171
4019,AZ,Pima,9.43142857142857,9.307536,9.181337,0.12619993,99.65012722646308,18.69002920317063,,99.52290076335876,69.62468193384224,99.77520873474631,37.5,99.10941475826972,99.10941475826972,74.57,172
35049,NM,Santa Fe,8.715714285714286,8.048892,8.849719,-0.8008274,98.18702290076337,,,88.35877862595419,86.10050890585242,52.98651252408479,24.52290076335878,85.97328244274809,85.97328244274809,74.51,173
39113,OH,Montgomery,8.502857142857142,8.323049,8.644618,-0.32156986,44.083969465648856,49.18648310387985,,95.51526717557253,26.8765903307888,88.6640976236352,92.6208651399491,92.6526717557252,92.6526717557252,74.49,174
19113,IA,Linn,5.512857142857143,6.022473,6.7664046,-0.7439318,47.010178117048355,16.312056737588655,,86.67302798982189,87.65903307888041,69.17148362235068,95.48346055979644,86.70483460559797,86.70483460559797,74.48,175
49035,UT,Salt Lake,9.128571428571428,8.601884,8.496916,0.104967594,98.34605597964376,,0.0,92.93893129770991,44.37022900763359,92.93513166345537,70.96055979643766,98.56870229007632,98.56870229007632,74.45,176
17113,IL,McLean,6.2628571428571425,5.025145,5.742145,-0.7170003,8.874045801526718,32.45723821443471,,85.17811704834605,93.03435114503817,85.22800256904303,89.56743002544529,86.89567430025447,86.89567430025447,74.39,177
22009,LA,Avoyelles,3.29,2.0172982,3.7179217,-1.7006235,49.30025445292621,90.02920317062996,0.0,44.529262086513995,97.2328244274809,78.48426461143224,84.2557251908397,72.99618320610686,72.99618320610686,74.34,178
54045,WV,Logan,3.4299999999999997,3.903894,5.1570272,-1.253133,82.56997455470739,54.276178556529,,89.3765903307888,0.0,66.79511881824021,13.486005089058525,79.23027989821882,79.23027989821882,74.32,179
53005,WA,Benton,8.762857142857143,8.9747305,9.663545,-0.68881387,96.69211195928752,,,89.7264631043257,28.085241730279897,94.38021836865768,19.62468193384224,87.08651399491094,87.08651399491094,74.28,180
8005,CO,Arapahoe,6.975714285714285,7.146069,7.352633,-0.20656388,84.70101781170484,,,92.52544529262089,44.56106870229007,68.56133590237636,97.2328244274809,93.79770992366413,93.79770992366413,74.25,181
40027,OK,Cleveland,6.991428571428571,6.744072,7.127889,-0.38381714,84.95547073791349,36.67083854818523,,88.16793893129771,74.90458015267176,97.30250481695568,96.31043256997457,91.28498727735368,91.28498727735368,74.24,182
25009,MA,Essex,7.234285714285714,7.1512346,7.2212634,-0.070028305,59.19211195928753,93.28327075511056,97.8,97.13740458015269,89.91730279898219,91.81117533718688,92.43002544529261,95.57888040712469,95.57888040712469,74.18,183
53009,WA,Clallam,9.454285714285716,9.3025675,9.788453,-0.48588562,39.726463104325695,,55.8,75.0,12.659033078880409,42.00385356454721,11.959287531806616,89.7264631043257,89.7264631043257,74.18,183
17089,IL,Kane,6.909999999999999,6.6624284,6.79679,-0.13436191,32.729007633587784,21.151439299123904,,95.48346055979644,65.71246819338423,90.01284521515736,98.6323155216285,94.59287531806616,94.59287531806616,74.14,185
48141,TX,El Paso,7.885714285714286,7.7056317,7.7784414,-0.07280926,70.96055979643766,41.13475177304964,,96.81933842239184,96.0241730279898,98.68336544637123,34.79643765903308,95.45165394402035,95.45165394402035,74.14,185
1125,AL,Tuscaloosa,6.3342857142857145,7.217073,7.618936,-0.4018631,57.09287531806616,81.10137672090113,,91.63486005089058,43.161577608142494,95.6005138086063,97.51908396946563,90.80788804071248,90.80788804071248,74.13,187
18003,IN,Allen,10.22,9.054785,9.455079,-0.40029424,39.12213740458015,43.80475594493116,,93.54325699745549,57.029262086513995,72.4791265253693,97.45547073791349,90.83969465648855,90.83969465648855,74.13,187
22101,LA,Saint Mary,2.6799999999999997,4.5715485,5.1075406,-0.53599197,14.980916030534353,97.32999582811848,93.0,50.12722646310432,91.0941475826972,74.88760436737316,86.35496183206108,88.93129770992367,88.93129770992367,74.13,187
2090,AK,Fairbanks North Star,4.711428571428572,5.270317,5.8344436,-0.56412655,97.61450381679388,,,45.67430025445292,0.0,,0.731552162849873,88.51781170483459,88.51781170483459,74.12,190
46099,SD,Minnehaha,7.267142857142858,7.4671035,7.9566646,-0.48956043,71.31043256997455,,,85.49618320610686,73.37786259541986,87.21901091843289,98.37786259541984,89.53562340966921,89.53562340966921,74.11,191
22047,LA,Iberville,3.6957142857142853,3.9965718,5.6123624,-1.6157904,6.043256997455471,94.40967876512309,65.60000000000001,36.54580152671756,85.33715012722645,71.90109184328838,77.41730279898219,73.72773536895673,73.72773536895673,74.11,191
21195,KY,Pike,3.988571428571429,5.005202,5.610329,-0.60512763,90.07633587786259,51.188986232790995,,93.95674300254453,19.561068702290076,67.2125883108542,19.561068702290076,87.88167938931298,87.88167938931298,74.09,193
48091,TX,Comal,8.325714285714286,8.2646,8.5254135,-0.26081434,89.31297709923663,62.87025448477264,,96.56488549618322,66.57124681933843,88.18240205523442,93.22519083969466,92.68447837150129,92.68447837150129,74.08,194
48027,TX,Bell,8.967142857142857,8.345938,8.716901,-0.3709633,89.66284987277355,79.01543596161869,,89.15394402035624,61.959287531806616,94.5407835581246,98.56870229007632,91.12595419847328,91.12595419847328,74.07,195
17163,IL,Saint Clair,6.421428571428571,6.129554,6.2290573,-0.099503994,15.076335877862595,34.87692949520233,,94.49745547073792,61.41857506361323,98.13744380218368,95.45165394402035,94.91094147582696,94.91094147582696,74.06,196
26161,MI,Washtenaw,6.675714285714286,6.609676,7.1028724,-0.4931968,43.79770992366412,48.310387984981226,,90.29898218829517,0.0,87.44380218368659,96.85114503816794,89.28117048346056,89.28117048346056,74.01,197
12073,FL,Leon,7.732857142857143,8.379878,8.582418,-0.2025406,90.04452926208651,97.12140175219024,23.4,91.50763358778626,28.62595419847328,91.87540141297367,97.10559796437659,93.35241730279897,93.35241730279897,74.0,198
6055,CA,Napa,5.214285714285714,4.9602156,5.0216303,-0.06141493,95.96055979643766,,68.2,95.83333333333334,99.49109414758269,66.8272318561336,18.28880407124682,95.26081424936386,95.26081424936386,73.96,199
36085,NY,Richmond,4.355714285714286,5.5301447,5.893499,-0.36335465,31.456743002544528,90.23779724655819,81.39999999999998,91.9529262086514,22.201017811704833,98.2980089916506,83.42875318066157,90.99872773536897,90.99872773536897,73.95,200
26049,MI,Genesee,7.501428571428572,7.5976224,7.8732443,-0.27562127,25.92239185750636,45.34835210680016,,92.58905852417303,0.0,85.61335902376365,98.53689567430024,92.17557251908397,92.17557251908397,73.93,201
6101,CA,Sutter,7.34857142857143,7.365474,8.243553,-0.8780789,77.13104325699746,,,71.4058524173028,99.55470737913485,80.12202954399487,14.949109414758269,83.7150127226463,83.7150127226463,73.92,202
42091,PA,Montgomery,7.062857142857142,7.17508,7.116817,0.05826313,37.340966921119595,89.86232790988737,0.0,98.15521628498728,61.38676844783715,98.330122029544,95.61068702290076,96.81933842239184,96.81933842239184,73.9,203
12033,FL,Escambia,9.722857142857142,9.760703,9.82267,-0.061967034,82.63358778625954,98.83187317480183,76.8,88.67684478371501,52.44910941475827,94.05908798972384,71.18320610687023,95.10178117048346,95.10178117048346,73.89,204
17143,IL,Peoria,4.945714285714286,4.9805284,5.3544044,-0.3738763,9.79643765903308,30.705047976637463,,88.74045801526718,85.43256997455471,92.8709055876686,95.80152671755725,90.68066157760815,90.68066157760815,73.87,205
12031,FL,Duval,9.302857142857144,9.427913,9.337005,0.090907775,89.91730279898219,97.66374634960368,91.0,97.55089058524173,21.310432569974555,96.75658317276815,91.53944020356232,97.20101781170484,97.20101781170484,73.86,206
35005,NM,Chaves,6.081428571428572,6.8274274,7.4146414,-0.5872139,92.4618320610687,39.00709219858156,,92.33460559796438,98.88676844783714,89.98073217726397,20.610687022900763,87.62722646310432,87.62722646310432,73.84,207
44007,RI,Providence,9.195714285714287,8.318767,8.475171,-0.15640388,31.711195928753185,91.69795577805588,56.39999999999999,96.5966921119593,34.86005089058524,97.17405266538215,78.30788804071247,93.67048346055981,93.67048346055981,73.83,208
18089,IN,Lake,7.574285714285715,7.6953235,7.6882405,0.0070826667,66.06234096692111,18.64831038798498,41.2,96.15139949109415,0.0,92.80667951188182,99.14122137404581,95.92875318066157,95.92875318066157,73.82,209
24031,MD,Montgomery,5.144285714285714,5.772701,6.0685797,-0.29587898,25.127226463104325,91.7813934084272,19.6,93.73409669211196,81.48854961832062,96.98137443802185,78.65776081424937,91.66666666666664,91.66666666666664,73.81,210
8069,CO,Larimer,6.9157142857142855,7.154244,7.554901,-0.4006568,97.67811704834605,,,89.44020356234098,47.391857506361326,58.76685934489403,90.55343511450383,90.13994910941477,90.13994910941477,73.78,211
6031,CA,Kings,7.42,7.6131997,7.850606,-0.2374069,77.09923664122137,,,87.69083969465649,99.74554707379136,97.91265253692998,16.444020356234095,92.43002544529261,92.43002544529261,73.78,211
41059,OR,Umatilla,8.138571428571428,8.08232,9.038455,-0.9561352,96.15139949109415,,,81.45674300254453,82.76081424936386,86.57675016056518,13.040712468193384,82.28371501272265,82.28371501272265,73.76,213
51059,VA,Fairfax,5.605714285714286,6.2226877,6.297771,-0.07508319,33.969465648854964,93.03295786399664,52.6,97.01017811704837,33.30152671755725,97.077713551702,54.48473282442748,94.65648854961832,94.65648854961832,73.76,213
48209,TX,Hays,8.192857142857141,8.141753,8.502422,-0.3606688,87.94529262086515,63.913224864413856,,93.16157760814248,77.63994910941476,92.06807964033396,96.08778625954199,90.55343511450383,90.55343511450383,73.71,215
22113,LA,Vermilion,2.7357142857142853,4.846999,5.6201234,-0.77312434,44.11577608142493,95.36921151439299,66.2,79.54834605597965,97.51908396946563,77.03917790622992,29.898218829516537,84.764631043257,84.764631043257,73.71,215
45083,SC,Spartanburg,9.37142857142857,8.817837,9.168368,-0.3505319,59.44656488549617,81.22653316645807,,92.71628498727735,60.65521628498728,80.31470777135517,88.07251908396947,90.64885496183204,90.64885496183204,73.69,217
29077,MO,Greene,8.947142857142858,8.7778845,9.168571,-0.3906865,72.42366412213741,41.30162703379224,,88.80407124681933,44.43384223918575,98.1053307642903,94.87913486005088,90.07633587786259,90.07633587786259,73.68,218
17097,IL,Lake,5.9957142857142856,5.828832,5.797768,0.031064477,44.94274809160305,18.231122236128495,29.799999999999997,97.2328244274809,40.776081424936386,92.51766217084136,98.88676844783714,95.99236641221374,95.99236641221374,73.68,218
37063,NC,Durham,9.461428571428572,8.657254,9.079663,-0.42240947,34.478371501272264,89.40342094284523,,92.43002544529261,42.84351145038168,93.99486191393706,93.47964376590332,89.63104325699746,89.63104325699746,73.68,218
27145,MN,Stearns,6.775714285714286,6.928766,7.493358,-0.56459206,76.33587786259542,,,90.87150127226464,57.1882951653944,74.56647398843931,93.03435114503817,87.56361323155215,87.56361323155215,73.65,221
42071,PA,Lancaster,8.154285714285715,7.5948243,7.6230288,-0.02820468,37.213740458015266,95.49436795994993,,96.94656488549616,88.99491094147582,94.44444444444444,79.83460559796438,95.03816793893128,95.03816793893128,73.62,222
45013,SC,Beaufort,10.131428571428572,9.337373,9.216779,0.12059382,90.29898218829517,99.45765540258655,94.19999999999999,80.78880407124683,43.416030534351144,87.92549775208734,81.99745547073792,97.10559796437659,97.10559796437659,73.61,223
41047,OR,Marion,8.087142857142856,8.997625,8.98425,0.013376406,59.860050890585235,,,90.52162849872772,16.28498727735369,95.88953114964677,22.455470737913487,95.51526717557253,95.51526717557253,73.56,224
8013,CO,Boulder,6.378571428571428,5.756011,6.0790906,-0.32307988,97.86895674300254,,,92.23918575063612,38.39058524173028,60.40462427745664,92.58905852417303,90.71246819338423,90.71246819338423,73.52,225
49049,UT,Utah,9.245714285714286,8.6714115,8.663949,0.0074625527,98.8549618320611,,,90.48982188295165,67.74809160305344,94.3159922928709,52.639949109414765,95.32442748091603,95.32442748091603,73.51,226
53007,WA,Chelan,8.672857142857143,8.973051,9.281899,-0.30884933,99.55470737913485,,,91.2531806615776,17.4618320610687,77.16763005780348,9.255725190839694,90.87150127226464,90.87150127226464,73.5,227
12131,FL,Walton,10.275714285714287,9.863795,10.33564,-0.471844,75.66793893129771,97.37171464330413,62.2,68.32061068702289,22.964376590330794,69.39627488760436,85.6234096692112,88.58142493638677,88.58142493638677,73.5,227
40125,OK,Pottawatomie,6.49,6.8318286,7.7435904,-0.91176164,92.23918575063612,37.6720901126408,,67.39821882951654,81.8384223918575,92.67822736030828,96.56488549618322,82.31552162849873,82.31552162849873,73.46,229
34013,NJ,Essex,7.515714285714286,7.007947,6.8217745,0.18617262,10.591603053435112,91.82311222361285,65.4,98.82315521628499,25.540712468193384,98.97238278741169,94.91094147582696,97.70992366412212,97.70992366412212,73.45,230
1055,AL,Etowah,7.5928571428571425,7.187452,7.7356653,-0.54821366,72.67811704834605,68.37713808927826,,87.5,48.31424936386768,77.64932562620423,97.83715012722645,87.34096692111959,87.34096692111959,73.42,231
1015,AL,Calhoun,7.061428571428571,7.0911646,7.5589232,-0.4677587,81.52035623409668,73.9674593241552,,89.53562340966921,61.25954198473281,78.3558124598587,98.21882951653944,88.45419847328245,88.45419847328245,73.41,232
48479,TX,Webb,6.575714285714286,6.926663,7.336619,-0.40995526,63.835877862595424,85.73216520650814,,91.03053435114504,38.295165394402034,97.43095696852924,76.90839694656488,89.24936386768448,89.24936386768448,73.4,233
1069,AL,Houston,6.022857142857142,6.5622993,7.0677056,-0.50540584,51.94020356234097,93.82561535252398,,87.1501272264631,77.70356234096693,79.76878612716763,95.92875318066157,87.78625954198473,87.78625954198473,73.34,234
53041,WA,Lewis,10.018571428571429,9.592894,9.95581,-0.36291558,76.68575063613233,,,90.9033078880407,13.104325699745548,77.90622992935131,17.43002544529262,89.69465648854961,89.69465648854961,73.29,235
10003,DE,New Castle,7.185714285714285,7.132483,7.0926676,0.039815325,60.55979643765903,88.44388819357532,83.8,97.58269720101781,83.96946564885496,95.31149646756585,88.13613231552164,95.29262086513997,95.29262086513997,73.27,236
19163,IA,Scott,5.2871428571428565,5.8310876,6.5326066,-0.7015194,52.2264631043257,17.39674593241552,,88.42239185750637,83.33333333333334,86.89788053949904,82.8880407124682,84.89185750636132,84.89185750636132,73.27,236
48187,TX,Guadalupe,7.992857142857142,8.309765,8.538655,-0.22889042,75.03180661577609,66.66666666666666,,95.64249363867685,78.49872773536896,89.11368015414259,92.23918575063612,91.50763358778626,91.50763358778626,73.26,238
41067,OR,Washington,6.062857142857142,6.978324,6.884711,0.093613386,50.89058524173028,,0.0,93.86132315521628,12.245547073791348,96.6281310211946,53.14885496183206,96.0241730279898,96.0241730279898,73.25,239
6081,CA,San Mateo,4.064285714285714,4.477057,4.149097,0.32795954,92.01653944020357,,91.8,98.441475826972,92.08015267175573,91.5863840719332,30.629770992366407,99.23664122137404,99.23664122137404,73.21,240
22089,LA,Saint Charles,4.155714285714286,5.3313513,6.0044584,-0.6731072,18.479643765903308,95.95327492699207,95.4,54.039440203562336,52.958015267175576,78.51637764932563,77.19465648854961,85.05089058524173,85.05089058524173,73.15,241
22095,LA,St John the Baptist,4.094285714285714,4.0157037,4.9380746,-0.9223708,11.863867684478372,95.74468085106383,75.4,57.3791348600509,81.13867684478372,73.92421323057161,79.73918575063614,81.52035623409668,81.52035623409668,73.13,242
8101,CO,Pueblo,9.129999999999999,8.725207,9.572791,-0.8475835,92.74809160305345,,,81.10687022900763,58.778625954198475,55.97302504816955,72.2328244274809,82.50636132315522,82.50636132315522,73.1,243
12005,FL,Bay,9.322857142857142,9.643229,9.663322,-0.020094087,75.69974554707379,98.66499791405924,77.2,74.68193384223919,17.111959287531807,84.29672447013488,94.08396946564885,94.11577608142494,94.11577608142494,73.1,243
40071,OK,Kay,5.588571428571428,6.0203147,7.0507927,-1.0304775,88.45419847328245,24.61410095953275,,69.75190839694656,83.61959287531806,81.40655105973023,93.38422391857506,79.86641221374046,79.86641221374046,73.06,245
36059,NY,Nassau,6.367142857142857,6.3662667,6.160707,0.20555949,43.60687022900763,95.41093032957863,98.4,98.21882951653944,17.493638676844782,95.98587026332693,76.20865139949109,97.13740458015269,97.13740458015269,73.02,246
27163,MN,Washington,6.03,6.4013257,7.137273,-0.73594743,64.02671755725191,,,83.49236641221374,12.94529262086514,80.34682080924856,94.37022900763358,83.87404580152672,83.87404580152672,73.0,247
48041,TX,Brazos,6.967142857142858,7.4263124,7.84103,-0.4147173,58.365139949109405,85.64872757613684,,82.79262086513995,85.01908396946563,91.74694926140013,96.66030534351144,88.35877862595419,88.35877862595419,72.99,248
34031,NJ,Passaic,7.627142857142857,7.3595967,7.2420473,0.11754908,16.06234096692112,87.90154359616187,25.4,97.83715012722645,46.18320610687023,96.14643545279385,88.80407124681933,95.83333333333334,95.83333333333334,72.99,248
45045,SC,Greenville,9.08,8.377992,8.393335,-0.01534353,55.089058524173026,83.02044221944097,,96.0241730279898,48.346055979643765,83.33333333333334,96.62849872773536,93.95674300254453,93.95674300254453,72.98,250
42029,PA,Chester,7.0,6.67896,6.83901,-0.16004992,30.693384223918574,88.73591989987484,0.0,94.3384223918575,98.56870229007632,95.63262684649968,87.97709923664122,91.85750636132317,91.85750636132317,72.95,251
45079,SC,Richland,7.861428571428571,7.373525,7.443048,-0.069522925,69.65648854961832,94.36795994993741,,94.56106870229009,38.581424936386775,94.70134874759152,95.0063613231552,93.09796437659033,93.09796437659033,72.93,252
8035,CO,Douglas,6.727142857142857,7.15606,7.5351844,-0.37912443,98.37786259541984,,,86.92748091603053,34.478371501272264,54.8490687219011,93.35241730279897,88.70865139949109,88.70865139949109,72.91,253
6109,CA,Tuolumne,5.5528571428571425,6.4731803,7.0968995,-0.62371844,99.33206106870229,,,81.04325699745547,74.14122137404581,89.04945407835582,7.888040712468193,85.20992366412213,85.20992366412213,72.88,254
53011,WA,Clark,7.607142857142857,7.8929377,8.011475,-0.11853678,69.59287531806616,,29.2,92.55725190839696,0.0,95.92164418754012,31.26590330788804,92.23918575063612,92.23918575063612,72.85,255
40101,OK,Muskogee,6.534285714285715,6.257186,7.101458,-0.8442725,88.96310432569975,48.018356278681686,,78.02162849872775,89.69465648854961,94.57289659601798,90.77608142493636,82.029262086514,82.029262086514,72.84,256
42017,PA,Bucks,7.13,7.238143,7.172322,0.0658208,55.534351145038165,88.40216937838964,65.0,97.10559796437659,77.00381679389314,95.08670520231213,92.14376590330787,94.78371501272264,94.78371501272264,72.83,257
32031,NV,Washoe,8.232857142857144,8.3692,8.162874,0.20632513,98.95038167938931,,,94.529262086514,50.47709923664122,58.4136159280668,14.31297709923664,96.69211195928752,96.69211195928752,72.79,258
6025,CA,Imperial,8.007142857142856,7.803688,7.607166,0.19652258,76.04961832061069,22.31956612432207,,94.11577608142494,69.24300254452926,93.96274887604368,11.354961832061068,96.46946564885496,96.46946564885496,72.75,259
6037,CA,Los Angeles,7.077142857142857,7.1664166,6.716457,0.44996,99.93638676844785,0.0,90.0,100.0,43.51145038167939,99.32562620423892,97.67811704834605,100.0,100.0,72.74,260
12105,FL,Polk,10.932857142857143,10.53287,10.329115,0.2037565,96.97837150127225,98.49812265331664,,94.62468193384224,71.85114503816794,93.60950545921645,93.89312977099237,96.53307888040713,96.53307888040713,72.73,261
12095,FL,Orange,9.411428571428571,9.416792,9.068906,0.3478861,97.42366412213741,98.0392156862745,0.0,98.40966921119592,34.541984732824424,94.12331406551061,99.10941475826972,98.441475826972,98.441475826972,72.67,262
48381,TX,Randall,5.8428571428571425,6.597081,7.0749154,-0.4778338,95.86513994910942,0.0,,66.88931297709924,97.58269720101781,73.24983943481054,96.43765903307887,86.76844783715013,86.76844783715013,72.63,263
8031,CO,Denver,6.115714285714285,6.5365148,6.4048357,0.13167922,60.62340966921119,,,95.26081424936386,21.4058524173028,71.48362235067437,97.86895674300254,95.22900763358777,95.22900763358777,72.58,264
28095,MS,Monroe,5.671428571428572,5.678402,7.446839,-1.768437,35.75063613231552,70.83854818523155,,52.3854961832061,71.94656488549617,82.04881181759795,86.41857506361323,68.54325699745547,68.54325699745547,72.58,264
28087,MS,Lowndes,4.901428571428572,5.1867805,6.073144,-0.88636386,36.863867684478365,72.84105131414267,,78.14885496183206,72.58269720101781,87.28323699421965,90.96692111959288,80.91603053435115,80.91603053435115,72.57,266
42011,PA,Berks,7.934285714285714,7.5999866,7.6421204,-0.042134013,37.97709923664122,92.53233208176889,,94.81552162849873,91.50763358778626,94.47655748233782,90.61704834605598,92.71628498727735,92.71628498727735,72.55,267
17043,IL,DuPage,5.591428571428572,5.9813724,5.6720695,0.3093028,33.74681933842239,25.073007926574885,,97.99618320610686,23.21882951653944,93.32048811817599,99.33206106870229,97.64631043256996,97.64631043256996,72.55,267
32007,NV,Elko,5.591428571428572,6.0083413,6.3903375,-0.38199633,99.87277353689569,,,54.54834605597965,39.24936386768448,55.90879897238279,1.653944020356234,87.91348600508906,87.91348600508906,72.53,269
34003,NJ,Bergen,6.417142857142857,6.4494677,6.1245,0.32496792,21.660305343511453,92.78264497288276,100.0,98.75954198473282,37.150127226463106,96.78869621066151,92.30279898218829,97.83715012722645,97.83715012722645,72.53,269
53035,WA,Kitsap,8.242857142857142,8.495592,8.561252,-0.065659285,39.853689567430024,,79.4,79.10305343511449,0.0,89.4990366088632,23.66412213740458,92.30279898218829,92.30279898218829,72.51,271
29047,MO,Clay,8.912857142857144,8.468169,8.713763,-0.24559371,69.11577608142494,0.0,,87.75445292620864,43.47964376590331,96.72447013487476,96.18320610687024,89.79007633587787,89.79007633587787,72.51,271
4003,AZ,Cochise,8.959999999999999,8.477606,8.502134,-0.024527755,99.17302798982189,34.209428452231954,,93.8295165394402,90.01272264631042,99.06872190109183,10.368956743002544,92.84351145038168,92.84351145038168,72.49,273
41043,OR,Linn,8.842857142857143,8.985322,9.346284,-0.36096284,58.396946564885496,,,86.25954198473282,17.048346055979643,85.83815028901735,15.744274809160306,88.10432569974553,88.10432569974553,72.48,274
4027,AZ,Yuma,9.015714285714285,8.552994,8.591271,-0.038277965,59.223918575063614,22.736754276178555,,90.96692111959288,74.77735368956743,96.66024405908799,14.026717557251908,92.55725190839696,92.55725190839696,72.44,275
32005,NV,Douglas,8.077142857142857,7.967623,8.587712,-0.6200886,97.93256997455472,,,73.75954198473282,79.13486005089058,62.29929351316633,2.608142493638677,84.38295165394402,84.38295165394402,72.44,275
15003,HI,Honolulu,5.204285714285715,5.92167,5.516151,0.40551928,98.98218829516541,73.29995828118481,75.6,99.30025445292621,13.486005089058525,0.0,33.23791348600509,98.75954198473282,98.75954198473282,72.43,277
53037,WA,Kittitas,8.557142857142859,8.800488,9.08083,-0.2803407,99.68193384223919,,,74.77735368956743,16.539440203562343,66.1849710982659,7.410941475826973,89.12213740458014,89.12213740458014,72.42,278
21059,KY,Daviess,6.868571428571428,7.4843445,7.8314986,-0.34715462,17.90712468193384,35.04380475594493,,88.83587786259542,71.08778625954199,90.84778420038536,88.89949109414758,88.13613231552164,88.13613231552164,72.4,279
17119,IL,Madison,5.878571428571428,6.176746,6.1457977,0.030947957,14.75826972010178,32.66583229036296,,92.2709923664122,63.19974554707379,98.00899165061014,97.61450381679388,93.41603053435117,93.41603053435117,72.38,280
6105,CA,Trinity,4.711428571428571,5.8136086,6.773207,-0.9595985,98.50508905852416,,,79.03944020356234,0.0,39.755940912010274,4.675572519083969,79.45292620865139,79.45292620865139,72.36,281
4005,AZ,Coconino,9.569999999999999,8.7329035,8.636985,0.0959177,99.39567430025444,0.0,,96.46946564885496,25.06361323155216,63.90494540783558,24.33206106870229,94.21119592875316,94.21119592875316,72.32,282
6063,CA,Plumas,5.618571428571428,7.068416,7.5282173,-0.45980126,98.6323155216285,,,87.94529262086515,57.538167938931295,27.071290944123316,9.79643765903308,86.38676844783714,86.38676844783714,72.31,283
39153,OH,Summit,7.662857142857143,7.397404,7.5149674,-0.11756264,53.18066157760815,61.24322069253233,,94.02035623409668,0.0,90.3018625561978,91.12595419847328,91.15776081424936,91.15776081424936,72.3,284
37129,NC,New Hanover,10.010000000000002,9.957721,9.715086,0.24263641,82.95165394402035,99.12390488110138,89.2,89.8854961832061,19.24300254452926,85.58124598587025,90.36259541984732,96.11959287531806,96.11959287531806,72.25,285
12061,FL,Indian River,10.0,10.273906,10.063241,0.21066448,88.19974554707379,99.16562369628703,69.0,85.87786259541986,63.040712468193384,63.10211946050096,72.45547073791349,95.64249363867685,95.64249363867685,72.23,286
17055,IL,Franklin,6.1499999999999995,5.73957,6.5731697,-0.8335995,5.756997455470738,45.59866499791406,,65.68066157760815,58.23791348600509,87.37957610789981,79.32569974554707,80.94783715012723,80.94783715012723,72.22,287
19193,IA,Woodbury,6.951428571428572,6.9846697,7.653541,-0.6688716,87.37277353689568,,,78.18066157760815,90.48982188295165,83.1727681438664,96.53307888040713,83.26972010178118,83.26972010178118,72.22,287
41005,OR,Clackamas,6.258571428571429,6.9743385,6.8102975,0.16404112,86.76844783715013,,18.8,93.70229007633588,14.122137404580156,95.47206165703277,38.104325699745544,94.87913486005088,94.87913486005088,72.18,289
25017,MA,Middlesex,6.731428571428571,6.6003804,6.2875795,0.31280133,72.7735368956743,95.4526491447643,56.2,98.50508905852416,86.80025445292621,95.66473988439309,90.10814249363868,96.94656488549616,96.94656488549616,72.17,290
48423,TX,Smith,7.874285714285714,7.6993365,8.289041,-0.589704,80.34351145038168,75.09386733416771,,84.92366412213741,0.0,96.27488760436738,47.264631043257,84.16030534351145,84.16030534351145,72.11,291
41011,OR,Coos,8.995714285714286,9.1898365,9.227892,-0.038055148,64.75826972010178,,87.4,85.55979643765902,14.090330788804073,50.16056518946692,4.134860050890586,91.88931297709925,91.88931297709925,72.1,292
48213,TX,Henderson,9.668571428571429,9.129393,9.688067,-0.5586753,75.47709923664122,66.20775969962453,,72.86895674300254,58.524173027989825,87.25112395632627,93.54325699745549,84.54198473282443,84.54198473282443,72.08,293
47065,TN,Hamilton,9.870000000000001,8.943492,8.87468,0.06881305,70.64249363867684,62.53650396328744,,94.91094147582696,36.60941475826972,75.59409120102761,98.60050890585242,93.28880407124684,93.28880407124684,72.05,294
27035,MN,Crow Wing,7.871428571428572,8.198899,9.251763,-1.0528637,76.14503816793892,,,84.19211195928753,42.55725190839695,56.77585099550418,61.29134860050891,77.54452926208651,77.54452926208651,72.05,294
22087,LA,Saint Bernard,5.448571428571428,6.141156,7.3264575,-1.185301,38.708651399491096,95.53608677513559,74.4,32.220101781170484,35.146310432569976,68.40077071290945,50.89058524173028,75.60432569974553,75.60432569974553,72.01,296
53047,WA,Okanogan,9.198571428571428,8.946697,9.159544,-0.21284655,99.30025445292621,,,89.12213740458014,20.260814249363868,72.38278741168914,6.647582697201019,89.18575063613233,89.18575063613233,71.98,297
29099,MO,Jefferson,7.1571428571428575,7.4427733,7.558926,-0.11615215,53.05343511450383,23.654568210262827,,91.38040712468192,22.29643765903308,92.10019267822737,95.10178117048346,90.52162849872772,90.52162849872772,71.97,298
6041,CA,Marin,4.094285714285715,3.9746249,3.6703951,0.3042296,94.56106870229009,,97.2,96.53307888040713,51.62213740458015,74.63070006422608,18.575063613231553,96.37404580152673,96.37404580152673,71.94,299
42077,PA,Lehigh,8.215714285714286,7.8994513,7.7720065,0.12744488,30.311704834605596,90.19607843137256,,95.35623409669213,64.47201017811705,96.49967886962105,87.37277353689568,93.89312977099237,93.89312977099237,71.94,299
35025,NM,Lea,4.83,5.9253983,6.359866,-0.4344678,98.02798982188295,39.75803087192324,,88.32697201017811,86.06870229007633,77.45664739884393,54.4529262086514,86.00508905852418,86.00508905852418,71.94,299
34009,NJ,Cape May,10.847142857142858,9.939601,10.007521,-0.06791919,86.41857506361323,93.11639549436796,99.4,89.66284987277355,57.91984732824428,92.4213230571612,38.295165394402034,91.03053435114504,91.03053435114504,71.88,302
53061,WA,Snohomish,8.905714285714286,7.8816094,7.462087,0.4195223,61.48218829516539,,77.60000000000002,95.73791348600508,13.008905852417302,96.94926140012845,38.80407124681934,97.86895674300254,97.86895674300254,71.88,302
4021,AZ,Pinal,10.93142857142857,9.42777,9.294107,0.13366185,97.99618320610686,18.815185648727574,,96.37404580152673,95.67430025445293,98.87604367373156,37.05470737913486,93.8295165394402,93.8295165394402,71.87,304
21083,KY,Graves,6.450000000000001,5.7654114,6.3324685,-0.56705725,26.717557251908396,48.72757613683771,,56.80661577608143,88.96310432569975,75.208734746307,70.61068702290076,83.96946564885496,83.96946564885496,71.86,305
4007,AZ,Gila,9.637142857142859,9.2575865,9.382457,-0.12486996,99.07760814249365,7.676261994159366,,93.06615776081425,24.618320610687025,86.7373153500321,13.358778625954198,90.17175572519085,90.17175572519085,71.85,306
28081,MS,Lee,5.964285714285714,6.531493,7.2899814,-0.7584881,36.6412213740458,68.8360450563204,,72.04198473282443,56.583969465648856,88.88888888888889,86.76844783715013,81.26590330788804,81.26590330788804,71.85,306
35015,NM,Eddy,5.394285714285714,6.224932,6.808171,-0.5832391,88.51781170483459,24.739257405089695,,90.68066157760815,85.24173027989822,78.80539499036608,27.32188295165394,83.65139949109415,83.65139949109415,71.81,308
42079,PA,Luzerne,7.8028571428571425,7.350638,7.365538,-0.014900548,53.721374045801525,83.10387984981227,,95.32442748091603,0.0,91.32947976878613,81.58396946564885,91.63486005089058,91.63486005089058,71.81,308
12069,FL,Lake,10.155714285714286,10.059302,10.053019,0.0062839645,95.99236641221374,94.99374217772215,35.4,92.30279898218829,34.987277353689564,79.8330122029544,97.39185750636133,91.92111959287533,91.92111959287533,71.81,308
26145,MI,Saginaw,8.065714285714286,7.3079343,7.538536,-0.23060189,16.030534351145036,50.47976637463496,,91.4440203562341,0.0,77.80989081567117,93.28880407124684,88.54961832061069,88.54961832061069,71.78,311
21067,KY,Fayette,8.041428571428572,8.022607,8.00245,0.020157065,26.908396946564885,56.987901543596166,,92.68447837150129,22.041984732824428,86.9621066152858,97.96437659033079,92.04834605597965,92.04834605597965,71.77,312
6071,CA,San Bernardino,8.502857142857142,8.158503,7.581558,0.57694423,99.90458015267176,0.0,,99.84096692111959,33.49236641221374,98.36223506743738,78.7531806615776,99.84096692111959,99.84096692111959,71.76,313
8001,CO,Adams,7.251428571428571,7.822403,7.8586845,-0.036282063,80.94783715012723,,,87.21374045801527,63.74045801526719,76.9107257546564,93.44783715012723,91.18956743002543,91.18956743002543,71.74,314
48339,TX,Montgomery,7.9314285714285715,7.9275594,7.635813,0.29174605,79.29389312977099,93.74217772215268,,95.57888040712469,68.63867684478372,95.7610789980732,99.42748091603053,95.73791348600508,95.73791348600508,71.71,315
17115,IL,Macon,5.492857142857143,5.4881124,6.081533,-0.59342086,21.151399491094143,37.08802670004172,,83.26972010178118,87.5,90.26974951830445,86.10050890585242,83.30152671755725,83.30152671755725,71.71,315
21227,KY,Warren,6.892857142857143,7.516383,7.7403855,-0.22400257,18.51145038167939,44.221944096787645,,87.34096692111959,43.60687022900763,82.17726396917149,93.09796437659033,88.48600508905852,88.48600508905852,71.7,317
40017,OK,Canadian,7.054285714285714,7.0796447,7.655239,-0.5755945,83.9058524173028,30.16270337922403,,75.73155216284987,70.41984732824427,93.03147077713552,95.03816793893128,83.49236641221374,83.49236641221374,71.68,318
5069,AR,Jefferson,5.609999999999999,6.1092424,6.563613,-0.45437026,57.63358778625955,65.28994576554025,,78.21246819338423,62.945292620865146,91.36159280667952,92.52544529262089,85.17811704834605,85.17811704834605,71.67,319
48291,TX,Liberty,6.885714285714286,7.7779837,8.633423,-0.8554395,83.58778625954199,90.15435961618688,20.6,68.98854961832062,77.32188295165395,83.8150289017341,94.46564885496184,79.51653944020356,79.51653944020356,71.65,320
18163,IN,Vanderburgh,7.204285714285715,7.6451716,7.659791,-0.014619759,31.20229007633587,42.84522319566124,,89.79007633587787,52.79898218829516,93.38471419396276,95.89694656488548,91.31679389312976,91.31679389312976,71.65,320
25013,MA,Hampden,7.521428571428571,7.186637,7.096926,0.08971091,39.31297709923664,93.19983312473924,,95.86513994910942,58.68320610687023,89.65960179833013,82.72900763358777,92.77989821882952,92.77989821882952,71.65,320
5143,AR,Washington,9.558571428571428,8.971581,8.910345,0.061236076,94.05216284987277,54.401335002085936,,90.13994910941477,0.0,99.35773924213228,95.35623409669213,92.2709923664122,92.2709923664122,71.59,323
45075,SC,Orangeburg,7.518571428571428,7.1995826,7.459964,-0.2603809,79.93002544529261,95.32749269920734,,75.76335877862596,75.41348600508906,81.56711624919717,66.31679389312977,87.72264631043257,87.72264631043257,71.58,324
28045,MS,Hancock,8.041428571428572,8.710081,9.326345,-0.61626446,90.42620865139949,95.24405506883605,86.2,67.17557251908397,55.8206106870229,78.13102119460501,76.55852417302799,82.72900763358777,82.72900763358777,71.58,324
53045,WA,Mason,9.66,9.653351,10.082864,-0.42951235,44.052162849872765,,75.2,79.29389312977099,12.627226463104329,67.95118818240205,13.80407124681934,85.33715012722645,85.33715012722645,71.57,326
48469,TX,Victoria,6.535714285714286,6.245969,6.5918264,-0.34585756,76.52671755725191,96.16186900292033,27.800000000000004,71.15139949109415,89.98091603053437,82.36994219653178,85.24173027989822,86.48218829516541,86.48218829516541,71.56,327
47149,TN,Rutherford,9.774285714285714,9.480385,9.45294,0.027445555,43.35241730279898,52.690863579474346,,93.38422391857506,45.92875318066159,83.62235067437379,94.97455470737911,91.73027989821882,91.73027989821882,71.56,327
4013,AZ,Maricopa,10.044285714285715,9.220938,8.612267,0.6086706,99.61832061068702,26.574885273258243,,99.87277353689569,97.70992366412212,100.0,84.00127226463104,99.87277353689569,99.87277353689569,71.55,329
48251,TX,Johnson,8.944285714285714,9.02286,9.35225,-0.32939032,94.37022900763358,53.48352106800167,,80.85241730279897,37.46819338422392,92.58188824662813,98.09160305343512,86.67302798982189,86.67302798982189,71.54,330
36119,NY,Westchester,5.548571428571429,5.8293004,5.480911,0.34838977,56.64758269720102,93.61702127659576,80.80000000000001,97.96437659033079,30.56615776081425,96.17854849068722,72.70992366412213,96.18320610687024,96.18320610687024,71.53,331
34023,NJ,Middlesex,7.927142857142856,7.461993,6.9971566,0.4648369,79.70737913486005,92.61576971214016,83.6,98.8549618320611,75.03180661577609,96.46756583172768,94.49745547073792,97.77353689567428,97.77353689567428,71.51,332
29213,MO,Taney,8.452857142857143,8.396989,8.909839,-0.5128508,67.90712468193384,38.33959115561118,,89.05852417302799,45.801526717557245,88.6319845857418,77.70356234096693,84.03307888040712,84.03307888040712,71.5,333
41057,OR,Tillamook,8.617142857142857,9.401567,10.102823,-0.7012555,43.57506361323155,,66.8,76.33587786259542,12.340966921119591,32.5626204238921,10.782442748091604,81.3295165394402,81.3295165394402,71.48,334
47093,TN,Knox,11.088571428571429,9.225393,9.159452,0.065940514,62.97709923664122,65.79057154776804,,92.77989821882952,39.44020356234097,72.63969171483622,96.72391857506362,92.1119592875318,92.1119592875318,71.48,334
48481,TX,Wharton,6.188571428571429,6.4048643,6.983453,-0.5785888,52.958015267175576,94.82686691697957,0.0,69.81552162849873,91.4440203562341,78.5806037251124,72.42366412213741,83.01526717557252,83.01526717557252,71.46,336
37067,NC,Forsyth,9.1,8.536083,8.507747,0.028335843,35.782442748091604,86.4831038798498,,94.65648854961832,53.5941475826972,80.2504816955684,90.87150127226464,91.53944020356232,91.53944020356232,71.46,336
55133,WI,Waukesha,7.137142857142857,6.926209,7.0779877,-0.15177901,49.68193384223918,9.720483938256152,,89.75826972010178,31.615776081424933,90.43031470777137,95.70610687022901,88.8676844783715,88.8676844783715,71.39,338
22117,LA,Washington,4.911428571428572,5.518106,5.9087296,-0.39062312,80.02544529262089,95.91155611180645,,78.97582697201018,91.15776081424936,83.42967244701349,71.62849872773536,85.52798982188295,85.52798982188295,71.39,338
36111,NY,Ulster,10.064285714285715,8.269171,8.503949,-0.2347778,52.86259541984733,86.85857321652065,53.6,91.88931297709925,49.74554707379134,66.31342324983943,87.56361323155215,87.69083969465649,87.69083969465649,71.38,340
20177,KS,Shawnee,7.394285714285714,7.1466203,7.3554177,-0.20879756,75.31806615776081,0.0,,89.98091603053437,46.78753180661578,94.9582530507386,95.86513994910942,88.04071246819338,88.04071246819338,71.37,341
34021,NJ,Mercer,8.267142857142858,6.8694177,6.554342,0.31507567,73.44147582697201,94.61827284105131,56.8,97.16921119592877,62.086513994910945,95.79319203596661,81.90203562340967,95.35623409669213,95.35623409669213,71.35,342
47113,TN,Madison,9.755714285714285,7.796558,7.7140203,0.08253772,43.320610687022906,62.20275344180225,,72.64631043256999,55.24809160305344,91.6184971098266,97.20101781170484,92.08015267175573,92.08015267175573,71.35,342
45019,SC,Charleston,9.62857142857143,9.219934,8.664343,0.5555915,93.86132315521628,99.62453066332917,99.8,89.85368956743001,35.43256997455471,82.69107257546563,71.02417302798982,98.6323155216285,98.6323155216285,71.3,344
48375,TX,Potter,5.96,6.062389,6.0862527,-0.023863554,95.13358778625954,0.0,,68.03435114503816,95.48346055979644,70.87347463070006,97.70992366412212,90.48982188295165,90.48982188295165,71.3,344
36103,NY,Suffolk,7.904285714285714,7.3330693,6.8673463,0.4657232,73.37786259541986,96.82937004589068,98.6,98.31424936386767,14.917302798982188,94.66923570969814,74.74554707379136,97.32824427480917,97.32824427480917,71.28,346
25027,MA,Worcester,8.121428571428572,7.8478956,7.6497536,0.19814192,62.59541984732826,96.62077596996245,,95.29262086513997,72.64631043256999,89.94861913937059,82.22010178117048,93.54325699745549,93.54325699745549,71.27,347
53033,WA,King,6.658571428571428,6.770073,6.1346297,0.6354434,79.45292620865139,,71.0,99.45928753180662,13.740458015267176,98.16955684007709,73.15521628498728,99.68193384223919,99.68193384223919,71.27,347
18057,IN,Hamilton,8.572857142857142,7.924971,8.053283,-0.12831245,20.29262086513995,25.615352523988317,,91.06234096692113,51.463104325699746,85.96660244059088,96.75572519083968,88.80407124681933,88.80407124681933,71.19,349
27111,MN,Otter Tail,7.098571428571428,7.323884,8.121685,-0.7978007,79.32569974554707,,,83.42875318066157,53.0852417302799,42.35709698137444,84.16030534351145,79.38931297709924,79.38931297709924,71.18,350
47045,TN,Dyer,7.272857142857142,6.503033,6.7863297,-0.28329682,24.618320610687025,51.56445556946182,,37.849872773536894,81.74300254452926,83.75080282594733,88.39058524173028,86.57760814249363,86.57760814249363,71.16,351
17201,IL,Winnebago,8.275714285714285,7.1630607,7.0304537,0.13260691,32.66539440203562,20.02503128911139,,94.37022900763358,57.88804071246819,85.26011560693641,97.29643765903309,92.36641221374046,92.36641221374046,71.14,352
29097,MO,Jasper,8.002857142857144,7.3515773,7.699074,-0.3474966,66.2849872773537,38.589904046725074,,84.89185750636132,92.55725190839696,94.41233140655106,95.64249363867685,85.59160305343512,85.59160305343512,71.12,353
6073,CA,San Diego,8.248571428571427,7.9835563,7.322905,0.66065216,100.0,8.302044221944097,72.8,99.74554707379136,59.4147582697201,98.747591522158,64.40839694656488,99.71374045801527,99.71374045801527,71.1,354
35035,NM,Otero,7.2942857142857145,7.9436426,8.345382,-0.40173918,98.15521628498728,23.61284939507718,,88.61323155216286,76.14503816793892,68.72190109184328,11.291348600508906,84.70101781170484,84.70101781170484,71.06,355
6111,CA,Ventura,6.64,6.8093038,6.1637273,0.6455763,99.77735368956743,0.0,60.8,99.26844783715013,80.08905852417303,85.80603725112395,42.43002544529262,99.39567430025444,99.39567430025444,71.05,356
42133,PA,York,7.238571428571428,7.323966,7.3112144,0.012751341,40.966921119592875,92.36545682102629,,93.32061068702288,86.83206106870229,91.77906229929351,47.614503816793885,90.42620865139949,90.42620865139949,71.01,357
48441,TX,Taylor,6.405714285714287,7.2010727,7.6596065,-0.4585337,89.7264631043257,49.01960784313725,,82.76081424936386,72.83715012722645,86.80154142581888,73.91857506361323,83.81043256997457,83.81043256997457,71.01,357
42045,PA,Delaware,7.501428571428571,7.590743,7.398385,0.1923573,27.67175572519084,88.11013767209012,63.6,94.43384223918576,54.166666666666664,97.59152215799617,92.49363867684478,92.90712468193384,92.90712468193384,70.99,359
45063,SC,Lexington,8.372857142857143,7.9769473,7.925618,0.05132883,75.25445292620864,92.07342511472672,,90.55343511450383,63.39058524173028,92.29287090558766,97.64631043256996,90.9033078880407,90.9033078880407,70.98,360
1117,AL,Shelby,7.577142857142858,7.51281,7.504129,0.008680923,74.30025445292621,65.95744680851064,,91.57124681933843,49.10941475826972,88.56775850995504,98.25063613231552,90.2671755725191,90.2671755725191,70.96,361
35001,NM,Bernalillo,7.904285714285714,7.8685913,7.5647383,0.30385283,94.97455470737911,,,96.27862595419847,57.760814249363875,95.40783558124596,56.10687022900763,94.40203562340967,94.40203562340967,70.95,362
38017,ND,Cass,4.6571428571428575,5.957374,6.5087667,-0.5513923,50.540712468193384,,,80.62977099236642,20.229007633587788,57.129094412331405,89.69465648854961,82.3791348600509,82.3791348600509,70.94,363
4015,AZ,Mohave,9.685714285714285,9.9763775,9.639064,0.33731303,98.82315521628499,0.0,,97.07379134860051,20.833333333333336,98.55491329479769,3.339694656488549,94.75190839694656,94.75190839694656,70.89,364
45091,SC,York,9.59142857142857,9.096538,9.189596,-0.0930575,63.70865139949109,75.51105548602419,,90.17175572519085,67.84351145038168,75.40141297366733,96.91475826972008,88.67684478371501,88.67684478371501,70.88,365
40079,OK,Le Flore,8.22857142857143,7.0640044,7.5834155,-0.5194109,96.08778625954199,55.94493116395494,,84.2557251908397,95.38804071246821,92.54977520873476,88.23155216284987,82.69720101781171,82.69720101781171,70.88,365
35045,NM,San Juan,6.057142857142857,5.688311,5.8081903,-0.11987943,81.55216284987277,,,92.39821882951652,99.04580152671757,79.86512524084779,22.55089058524173,88.29516539440203,88.29516539440203,70.87,367
6079,CA,San Luis Obispo,6.835714285714286,6.214138,5.79158,0.42255738,98.31424936386767,,50.0,96.66030534351144,99.61832061068702,78.74116891457932,6.106870229007633,95.89694656488548,95.89694656488548,70.87,367
37101,NC,Johnston,9.24,8.798062,9.112632,-0.31456992,52.67175572519084,86.31622861910722,,87.08651399491094,84.38295165394402,89.9165061014772,93.63867684478373,85.55979643765902,85.55979643765902,70.87,367
39151,OH,Stark,7.3742857142857146,7.5221705,7.657354,-0.13518357,48.95038167938932,58.19774718397998,,91.66666666666664,34.223918575063614,84.74630700064226,87.69083969465649,87.94529262086515,87.94529262086515,70.81,370
12099,FL,Palm Beach,10.522857142857143,10.027658,9.358107,0.6695526,95.32442748091603,99.87484355444305,93.4,98.91857506361325,94.11577608142494,98.20166987797046,93.79770992366413,99.20483460559797,99.20483460559797,70.79,371
37021,NC,Buncombe,8.482857142857144,8.899923,8.931676,-0.03175211,80.62977099236642,68.62745098039215,,91.73027989821882,65.20356234096693,2.18368657675016,81.3295165394402,89.34478371501272,89.34478371501272,70.78,372
37031,NC,Carteret,9.461428571428572,10.307565,10.041504,0.26606098,88.58142493638677,98.74843554443054,88.2,64.15394402035624,26.494910941475823,71.0019267822736,45.38804071246819,93.47964376590332,93.47964376590332,70.76,373
39099,OH,Mahoning,7.981428571428572,7.0527987,7.4853034,-0.4325047,48.6323155216285,68.54401335002086,,88.10432569974553,0.0,78.3879254977521,91.15776081424936,83.61959287531806,83.61959287531806,70.73,374
36055,NY,Monroe,9.040000000000001,7.8922806,7.6008606,0.29142028,47.105597964376585,68.75260742594911,39.0,96.69211195928752,56.329516539440206,94.7655748233783,87.18193384223919,93.76590330788805,93.76590330788805,70.72,375
53057,WA,Skagit,9.295714285714284,8.822371,8.88532,-0.06294898,52.51272264631043,,91.4,87.8498727735369,13.676844783715012,68.9145793192036,11.16412213740458,88.77226463104327,88.77226463104327,70.71,376
28121,MS,Rankin,5.812857142857142,6.183856,6.5160785,-0.33222243,55.18447837150128,81.51856487275762,,79.64376590330787,65.55343511450383,92.8387925497752,94.65648854961832,84.98727735368958,84.98727735368958,70.71,376
39017,OH,Butler,8.577142857142857,8.101998,7.971067,0.1309313,41.18956743002545,27.743012098456404,,93.00254452926208,46.024173027989825,81.66345536287733,98.02798982188295,91.47582697201018,91.47582697201018,70.7,378
41003,OR,Benton,7.514285714285714,7.5390177,7.9151697,-0.3761518,37.05470737913486,,0.0,74.80916030534351,13.963104325699746,80.50738599871548,12.659033078880409,84.35114503816794,84.35114503816794,70.7,378
20209,KS,Wyandotte,9.987142857142857,9.019271,9.037851,-0.018580845,46.18320610687023,0.0,,84.66921119592875,31.20229007633587,96.91714836223507,96.88295165394402,89.3765903307888,89.3765903307888,70.7,378
1033,AL,Colbert,7.7,7.517913,8.15569,-0.6377768,28.276081424936393,59.99165623696286,,76.49491094147582,60.20992366412214,81.11753371868978,87.59541984732824,80.6615776081425,80.6615776081425,70.69,381
28151,MS,Washington,4.6642857142857155,3.6694043,4.137015,-0.4676109,26.08142493638677,72.3404255319149,,81.20229007633588,90.71246819338423,89.43481053307643,93.00254452926208,82.98346055979644,82.98346055979644,70.66,382
12057,FL,Hillsborough,10.414285714285715,10.004895,9.3399105,0.6649848,95.67430025445293,99.29078014184397,92.4,97.77353689567428,83.04707379134861,97.0134874759152,99.65012722646308,98.82315521628499,98.82315521628499,70.63,383
13063,GA,Clayton,13.424285714285714,10.722152,10.916037,-0.19388495,34.38295165394402,64.1218189403421,,87.78625954198473,0.0,83.84714193962749,95.83333333333334,86.73664122137404,86.73664122137404,70.61,384
13135,GA,Gwinnett,10.62857142857143,9.585497,9.157969,0.4275267,46.151399491094146,71.38089278264498,,97.39185750636133,55.97964376590331,92.99935773924213,97.48727735368956,95.41984732824429,95.41984732824429,70.59,385
6047,CA,Merced,8.15,7.845758,7.314832,0.53092635,92.17557251908397,,,94.6882951653944,99.90458015267176,97.65574823378293,26.240458015267176,96.85114503816794,96.85114503816794,70.58,386
41029,OR,Jackson,6.227142857142857,7.8140154,7.590949,0.2230667,99.04580152671757,,,93.1297709923664,16.9529262086514,94.92614001284521,6.520356234096693,92.52544529262089,92.52544529262089,70.58,386
45015,SC,Berkeley,9.195714285714287,9.885019,9.4978285,0.38719076,89.82188295165395,98.33124739257404,78.60000000000002,80.6615776081425,21.374045801526716,70.42389210019267,78.0852417302799,94.81552162849873,94.81552162849873,70.57,388
6015,CA,Del Norte,9.231428571428571,8.422102,8.06148,0.36062235,85.65521628498728,,42.4,77.79898218829516,40.01272264631043,14.932562620423893,3.307888040712468,94.43384223918576,94.43384223918576,70.57,388
31153,NE,Sarpy,7.45,7.349013,7.7567606,-0.4077479,81.45674300254453,0.0,,73.56870229007633,53.88040712468194,89.72382787411689,97.16921119592877,83.58778625954199,83.58778625954199,70.54,390
48025,TX,Bee,5.145714285714286,4.661576,6.5583277,-1.8967516,61.80025445292621,91.19732999582813,,39.82188295165393,89.63104325699746,82.08092485549133,64.91730279898219,62.69083969465649,62.69083969465649,70.54,390
6065,CA,Riverside,8.664285714285715,8.61287,7.853222,0.75964814,99.96819338422391,11.973299958281183,,99.90458015267176,55.6615776081425,98.45857418111753,86.70483460559797,99.90458015267176,99.90458015267176,70.5,392
40041,OK,Delaware,9.002857142857144,8.408346,8.873543,-0.46519676,90.80788804071248,44.63913224864414,,86.45038167938931,64.12213740458014,91.9717405266538,86.95928753180662,82.66539440203562,82.66539440203562,70.48,393
40113,OK,Osage,6.747142857142856,5.899688,6.685646,-0.7859579,94.75190839694656,28.243637880684187,,75.09541984732824,89.05852417302799,90.94412331406551,88.74045801526718,78.0852417302799,78.0852417302799,70.44,394
6011,CA,Colusa,7.054285714285714,6.917526,7.484267,-0.56674117,89.09033078880407,,,37.913486005089055,99.68193384223919,65.38214515093128,9.287531806615776,81.13867684478372,81.13867684478372,70.43,395
21115,KY,Johnson,3.662857142857143,6.808205,8.0905905,-1.2823851,76.30407124681933,45.84897788902795,,85.20992366412213,0.0,60.34039820166988,30.50254452926209,71.0559796437659,71.0559796437659,70.41,396
32003,NV,Clark,9.84142857142857,9.626833,8.878394,0.7484394,99.14122137404581,0.0,,99.61832061068702,16.698473282442748,99.90366088631984,9.223918575063614,99.55470737913485,99.55470737913485,70.4,397
35027,NM,Lincoln,9.097142857142858,8.779195,9.458209,-0.6790148,98.75954198473282,14.977054651647892,,77.60814249363868,17.87531806615776,7.707129094412331,10.337150127226463,79.48473282442748,79.48473282442748,70.39,398
17199,IL,Williamson,5.571428571428571,5.9864984,6.2149587,-0.22846071,14.185750636132315,44.51397580308719,,69.94274809160305,54.230279898218825,90.71933204881182,80.3117048346056,85.7824427480916,85.7824427480916,70.38,399
19155,IA,Pottawattamie,7.5,6.9524965,7.5615716,-0.6090746,67.20737913486005,0.0,,74.58651399491094,89.50381679389314,83.71868978805395,95.22900763358777,80.43893129770991,80.43893129770991,70.38,399
45041,SC,Florence,6.231428571428571,6.6235003,6.5834436,0.040056568,86.45038167938931,95.99499374217773,0.0,82.56997455470739,49.1412213740458,92.03596660244061,94.59287531806616,89.56743002544529,89.56743002544529,70.38,399
17137,IL,Morgan,4.725714285714285,4.089841,5.3618593,-1.2720184,1.844783715012722,21.944096787651233,,61.22773536895675,92.87531806615776,83.36544637122671,49.586513994910945,71.11959287531806,71.11959287531806,70.37,402
34029,NJ,Ocean,9.211428571428572,8.498088,7.9838233,0.5142642,95.22900763358777,93.24155193992489,98.2,96.72391857506362,62.849872773536894,95.72896596017983,47.16921119592875,96.15139949109415,96.15139949109415,70.35,403
12001,FL,Alachua,9.055714285714286,9.371921,9.272745,0.09917573,95.1653944020356,96.70421360033377,0.0,88.58142493638677,41.25318066157761,86.28773281952473,90.33078880407125,90.33078880407125,90.33078880407125,70.35,403
36071,NY,Orange,8.917142857142858,8.477815,8.353689,0.12412524,51.176844783715005,90.82186065915728,47.599999999999994,93.41603053435117,73.69592875318067,87.34746307000643,81.93384223918575,90.5852417302799,90.5852417302799,70.3,405
12071,FL,Lee,9.447142857142856,10.051978,9.32547,0.7265081,96.62849872773536,99.9165623696287,97.4,97.26463104325701,52.29007633587786,93.15992292870907,87.5,99.04580152671757,99.04580152671757,70.3,405
48347,TX,Nacogdoches,6.841428571428572,6.558372,7.132817,-0.5744448,78.81679389312977,83.3959115561118,,75.57251908396947,65.13994910941476,91.29736673089272,94.94274809160304,80.72519083969466,80.72519083969466,70.28,407
13089,GA,DeKalb,7.268571428571429,8.221723,7.8300962,0.39162573,43.734096692111954,72.63245723821443,,96.2468193384224,0.0,92.48554913294798,96.0559796437659,94.27480916030532,94.27480916030532,70.27,408
48139,TX,Ellis,8.67,8.475965,8.984342,-0.508377,86.06870229007633,52.19023779724657,,83.46055979643766,41.66666666666667,90.62299293513166,87.75445292620864,81.61577608142494,81.61577608142494,70.26,409
25025,MA,Suffolk,6.2542857142857144,5.6750293,5.3361883,0.338841,8.969465648854962,93.65874009178141,92.2,94.72010178117048,0.0,97.46307000642261,75.3498727735369,93.51145038167938,93.51145038167938,70.26,409
13245,GA,Richmond,8.855714285714287,8.677322,8.772409,-0.09508671,67.1119592875318,89.15310805173134,,86.48218829516541,32.12468193384224,91.1689145793192,95.19720101781171,87.40458015267176,87.40458015267176,70.25,411
6069,CA,San Benito,5.647142857142858,5.257942,5.5055857,-0.24764358,95.41984732824429,,,69.43384223918575,97.04198473282445,59.85870263326911,10.24173027989822,85.24173027989822,85.24173027989822,70.24,412
48427,TX,Starr,5.295714285714285,5.322381,5.5995903,-0.27720898,84.89185750636132,78.7651230705048,,72.39185750636132,69.65648854961832,81.47077713551703,38.23155216284987,84.79643765903307,84.79643765903307,70.22,413
42129,PA,Westmoreland,5.935714285714285,6.702683,6.759961,-0.057278223,54.007633587786266,69.002920317063,,93.76590330788805,25.095419847328245,59.92292870905588,55.69338422391857,87.8498727735369,87.8498727735369,70.21,414
48231,TX,Hunt,9.492857142857144,9.032426,9.493591,-0.46116564,76.90839694656488,45.93241551939925,,71.72391857506362,43.92493638676845,91.26525369299937,96.46946564885496,82.1882951653944,82.1882951653944,70.21,414
37081,NC,Guilford,8.834285714285715,8.376273,8.025697,0.35057694,43.765903307888046,90.3212348769295,,96.62849872773536,67.6526717557252,86.9942196531792,88.67684478371501,93.44783715012723,93.44783715012723,70.14,416
13051,GA,Chatham,10.211428571428572,9.275656,8.637988,0.63766783,92.39821882951652,99.37421777221527,96.0,90.83969465648855,37.786259541984734,95.27938342967245,77.44910941475827,97.42366412213741,97.42366412213741,70.11,417
42069,PA,Lackawanna,7.314285714285715,7.2530646,7.1478796,0.10518531,41.4440203562341,82.0191906549854,,94.08396946564885,0.0,83.59023763648041,68.12977099236642,89.91730279898219,89.91730279898219,70.1,418
39155,OH,Trumbull,7.645714285714286,7.207959,7.486596,-0.278637,43.70229007633588,69.37838965373383,,88.77226463104327,0.0,75.56197816313424,90.83969465648855,84.47837150127225,84.47837150127225,70.07,419
20155,KS,Reno,5.981428571428571,5.9409857,6.5124445,-0.5714591,95.54707379134861,0.0,,70.92875318066157,51.30407124681934,84.55362877328196,93.25699745547074,80.1526717557252,80.1526717557252,69.97,420
42043,PA,Dauphin,7.398571428571429,7.6860595,7.4800277,0.2060319,38.8676844783715,89.19482686691697,,94.78371501272264,49.30025445292621,88.40719332048812,79.80279898218829,91.06234096692113,91.06234096692113,69.96,421
41071,OR,Yamhill,7.315714285714286,8.34095,8.717631,-0.37668127,52.13104325699746,,0.0,74.10941475826972,12.46819338422392,88.27874116891458,18.416030534351144,82.85623409669213,82.85623409669213,69.95,422
53073,WA,Whatcom,9.01142857142857,8.62237,8.420759,0.20161012,61.67302798982188,,63.2,88.8676844783715,14.503816793893128,78.93384714193962,13.136132315521628,90.96692111959288,90.96692111959288,69.95,422
12086,FL,Miami-Dade,10.981428571428571,9.407947,8.589631,0.8183161,96.85114503816794,99.95828118481434,99.6,99.71374045801527,79.10305343511449,99.26140012845217,98.72773536895673,99.61832061068702,99.61832061068702,69.94,424
22075,LA,Plaquemines,3.442857142857143,4.899787,5.9737387,-1.0739516,20.5470737913486,94.8685857321652,83.0,26.399491094147585,82.56997455470739,62.94155427103403,40.17175572519084,72.93256997455471,72.93256997455471,69.88,425
48277,TX,Lamar,9.031428571428572,8.197645,8.797168,-0.599523,86.1323155216285,55.903212348769294,,62.40458015267174,82.25190839694656,87.60436737315351,95.73791348600508,79.54834605597965,79.54834605597965,69.86,426
1083,AL,Limestone,9.281428571428572,8.392493,8.963035,-0.57054067,25.763358778625957,60.200250312891114,,76.68575063613233,75.25445292620864,72.28644829800899,88.16793893129771,79.9618320610687,79.9618320610687,69.86,426
16001,ID,Ada,10.781428571428572,9.49129,9.500218,-0.008927354,98.25063613231552,,,89.82188295165395,14.567430025445294,92.90301862556196,26.97201017811705,87.75445292620864,87.75445292620864,69.82,428
17111,IL,McHenry,7.328571428571428,7.227948,7.0186234,0.20932508,31.615776081424933,10.304547350855236,,93.09796437659033,59.16030534351145,75.49775208734748,96.34223918575063,90.77608142493636,90.77608142493636,69.8,429
47165,TN,Sumner,9.828571428571427,9.023195,9.034744,-0.011548587,37.75445292620866,32.540675844806,,88.64503816793892,41.603053435114504,74.18111753371869,95.54707379134861,87.65903307888041,87.65903307888041,69.79,430
5093,AR,Mississippi,6.8100000000000005,6.1308975,6.0317793,0.09911855,11.673027989821882,52.98289528577388,,63.040712468193384,98.6323155216285,93.19203596660245,69.59287531806616,89.2175572519084,89.2175572519084,69.79,430
6075,CA,San Francisco,2.141428571428572,3.7240582,2.885841,0.83821714,28.65776081424936,,62.0,98.60050890585242,69.30661577608143,93.8985228002569,34.86005089058524,99.52290076335876,99.52290076335876,69.75,432
12081,FL,Manatee,10.742857142857144,10.1961975,9.496228,0.69996995,90.48982188295165,99.33249895702963,98.0,93.47964376590332,80.21628498727735,88.8567758509955,97.99618320610686,97.55089058524173,97.55089058524173,69.74,433
29071,MO,Franklin,6.8500000000000005,7.1691556,7.469902,-0.3007465,66.69847328244275,18.272841051314145,,85.43256997455471,30.12086513994911,93.73795761078996,86.54580152671755,83.46055979643766,83.46055979643766,69.72,434
48329,TX,Midland,5.277142857142857,6.187556,6.6465783,-0.4590222,93.09796437659033,38.423028785982474,,80.50254452926208,92.23918575063612,65.67116249197173,91.4440203562341,81.20229007633588,81.20229007633588,69.7,435
6059,CA,Orange,7.37,7.574063,6.707928,0.8661343,99.80916030534353,0.0,92.0,99.80916030534353,32.66539440203562,97.20616570327552,83.7150127226463,99.80916030534353,99.80916030534353,69.7,435
54011,WV,Cabell,4.242857142857143,5.6496463,5.8100476,-0.16040172,69.24300254452926,57.238214434710045,,91.92111959287533,35.08269720101781,91.39370584457288,55.089058524173026,85.36895674300254,85.36895674300254,69.69,437
12017,FL,Citrus,11.465714285714286,10.90655,10.402933,0.5036171,90.45801526717557,98.79015435961621,92.60000000000002,83.17430025445293,18.638676844783713,75.94733461785485,89.02671755725191,94.6882951653944,94.6882951653944,69.69,437
47125,TN,Montgomery,9.508571428571429,9.324171,9.342042,-0.017870393,28.18066157760814,40.88443888193575,,84.47837150127225,43.06615776081425,84.32883750802827,91.88931297709925,87.37277353689568,87.37277353689568,69.69,437
1121,AL,Talladega,6.772857142857142,6.844731,7.0529275,-0.20819648,79.13486005089058,74.42636629119733,,87.24554707379136,56.36132315521628,81.79190751445087,93.76590330788805,84.66921119592875,84.66921119592875,69.67,440
48057,TX,Calhoun,5.761428571428572,5.590408,7.1076403,-1.5172325,58.14249363867684,92.82436378806844,53.8,39.12213740458015,90.9033078880407,52.66538214515093,46.0559796437659,66.2531806615776,66.2531806615776,69.65,441
48181,TX,Grayson,9.358571428571429,8.82153,9.331978,-0.5104481,86.03689567430025,53.31664580725908,,79.51653944020356,47.74173027989822,92.71034039820168,92.87531806615776,80.3117048346056,80.3117048346056,69.62,442
30031,MT,Gallatin,10.822857142857144,8.866974,9.328926,-0.46195203,91.38040712468192,,,64.24936386768448,37.404580152671755,28.83750802825947,16.666666666666664,80.97964376590332,80.97964376590332,69.61,443
39093,OH,Lorain,7.847142857142857,7.925461,8.0117235,-0.08626229,45.865139949109405,50.60492282019191,31.8,90.235368956743,0.0,64.09762363519589,90.9351145038168,86.25954198473282,86.25954198473282,69.61,443
40119,OK,Payne,6.127142857142857,6.8196435,7.0690336,-0.24938986,89.59923664122137,30.49645390070922,,67.6208651399491,71.7557251908397,86.70520231213872,94.72010178117048,83.93765903307887,83.93765903307887,69.6,445
17091,IL,Kankakee,6.728571428571429,6.516158,6.4603763,0.05578194,20.260814249363868,27.242386316228615,,92.4618320610687,42.87531806615776,77.68143866409763,85.90966921119593,88.23155216284987,88.23155216284987,69.6,445
17099,IL,La Salle,6.281428571428571,6.267322,6.362397,-0.095075674,21.278625954198475,30.287859824780977,,88.19974554707379,87.97709923664122,69.68529222864484,84.0966921119593,86.10050890585242,86.10050890585242,69.59,447
37055,NC,Dare,9.802857142857144,9.5246525,9.36921,0.15544224,82.66539440203562,97.70546516478933,86.8,50.286259541984734,14.31297709923664,51.220295439948615,47.041984732824424,89.59923664122137,89.59923664122137,69.58,448
45073,SC,Oconee,9.62142857142857,9.348497,9.474645,-0.12614591,63.39058524173028,72.75761368377138,,81.13867684478372,45.896946564885496,65.51059730250482,81.04325699745547,85.6234096692112,85.6234096692112,69.57,449
34027,NJ,Morris,6.511428571428572,6.2859616,5.8905954,0.39536643,29.993638676844785,85.18982060909468,,96.31043256997457,66.79389312977099,89.17790622992935,79.86641221374046,92.87531806615776,92.87531806615776,69.54,450
40031,OK,Comanche,4.642857142857143,5.9291563,6.005712,-0.076556034,92.87531806615776,45.13975803087192,,83.61959287531806,73.47328244274809,77.48876043673731,95.51526717557253,86.22773536895673,86.22773536895673,69.53,451
42095,PA,Northampton,7.9471428571428575,8.15446,7.960265,0.19419558,28.5941475826972,87.0671672924489,,93.60687022900763,55.534351145038165,94.0912010276172,80.91603053435115,90.01272264631042,90.01272264631042,69.52,452
28089,MS,Madison,5.601428571428571,6.051928,6.415151,-0.36322314,53.9440203562341,77.68043387567793,,76.81297709923663,71.9147582697201,88.72832369942196,95.76972010178118,82.12468193384224,82.12468193384224,69.49,453
37147,NC,Pitt,7.957142857142857,8.151302,7.965211,0.18609142,41.79389312977099,96.28702544847727,48.0,87.72264631043257,75.79516539440203,88.11817597944764,94.27480916030532,89.82188295165395,89.82188295165395,69.48,454
45035,SC,Dorchester,9.722857142857142,9.099845,8.631737,0.46810812,79.03944020356234,97.87234042553192,59.2,78.65776081424937,27.67175572519084,69.20359666024406,74.77735368956743,93.70229007633588,93.70229007633588,69.44,455
12113,FL,Santa Rosa,9.521428571428572,9.463404,9.331361,0.13204288,81.3295165394402,97.24655819774716,70.8,73.66412213740458,44.30661577608143,86.86576750160565,89.59923664122137,88.96310432569975,88.96310432569975,69.43,456
40021,OK,Cherokee,6.984285714285714,7.4020243,8.127629,-0.7256047,94.59287531806616,32.16520650813517,,77.48091603053437,88.45419847328245,92.96724470134875,81.61577608142494,76.90839694656488,76.90839694656488,69.42,457
29031,MO,Cape Girardeau,5.994285714285715,6.9341006,7.032165,-0.098064594,32.69720101781171,38.25615352523988,,78.05343511450383,61.00508905852418,92.32498394348106,77.63994910941476,85.68702290076337,85.68702290076337,69.41,458
1103,AL,Morgan,8.477142857142857,8.431022,8.305026,0.12599611,48.918575063613225,68.00166875260743,,86.73664122137404,47.837150127226465,88.08606294155426,98.34605597964376,88.83587786259542,88.83587786259542,69.41,458
48491,TX,Williamson,8.727142857142857,7.555571,7.334241,0.22132993,87.81806615776081,69.04463913224865,,91.31679389312976,72.39185750636132,91.04046242774567,93.86132315521628,90.10814249363868,90.10814249363868,69.37,460
48321,TX,Matagorda,6.565714285714286,7.080359,7.549142,-0.46878314,73.69592875318067,95.61952440550688,68.0,59.38295165394402,90.45801526717557,74.30956968529222,59.70101781170484,80.34351145038168,80.34351145038168,69.34,461
17179,IL,Tazewell,4.582857142857143,4.9272237,5.1208487,-0.19362508,7.951653944020356,28.11848143512724,,84.35114503816794,84.66921119592875,86.06294155427103,90.48982188295165,84.19211195928753,84.19211195928753,69.33,462
5121,AR,Randolph,5.975714285714285,6.559487,7.9768524,-1.4173657,40.04452926208651,49.26992073425115,,45.51526717557252,65.17175572519083,82.85163776493256,77.79898218829516,66.98473282442748,66.98473282442748,69.32,463
15001,HI,Hawaii,7.968571428571429,8.396072,7.5694237,0.82664865,98.2824427480916,68.25198164372132,50.8,98.88676844783714,27.63994910941476,0.0,7.37913486005089,98.50508905852416,98.50508905852416,69.32,463
6021,CA,Glenn,6.835714285714286,7.0614657,7.93906,-0.8775943,91.76208651399493,,,42.30279898218829,99.45928753180662,74.75915221579962,8.842239185750635,74.42748091603053,74.42748091603053,69.25,465
25005,MA,Bristol,7.687142857142858,7.795905,7.5736303,0.22227491,38.16793893129771,91.40592407175635,66.4,93.57506361323156,60.01908396946565,87.31535003211303,52.09923664122137,89.85368956743001,89.85368956743001,69.24,466
36087,NY,Rockland,7.275714285714286,6.8671374,6.742932,0.124205045,14.631043256997456,85.60700876095119,64.60000000000001,91.793893129771,21.723918575063617,90.36608863198458,77.51272264631042,88.42239185750637,88.42239185750637,69.21,467
29201,MO,Scott,5.781428571428571,6.4214177,6.888465,-0.46704718,11.291348600508906,40.091781393408425,,48.95038167938932,74.33206106870229,85.48490687219011,89.91730279898219,80.08905852417303,80.08905852417303,69.2,468
46103,SD,Pennington,8.472857142857142,8.097857,8.66918,-0.5713214,97.20101781170484,,,75.63613231552164,25.572519083969464,59.63391136801541,61.00508905852418,78.56234096692113,78.56234096692113,69.17,469
12111,FL,Saint Lucie,10.514285714285714,10.041934,9.368434,0.6734995,86.64122137404581,99.20734251147269,65.2,89.31297709923663,64.7264631043257,80.18625561978163,82.76081424936386,96.0559796437659,96.0559796437659,69.17,469
36007,NY,Broome,6.944285714285714,7.154766,7.091578,0.063188724,36.25954198473281,77.84730913642053,,93.19338422391856,0.0,70.48811817597945,83.58778625954199,87.46819338422391,87.46819338422391,69.16,471
18141,IN,St Joseph,8.957142857142857,8.1379795,8.190797,-0.052817006,22.169211195928753,43.55444305381727,,85.40076335877863,12.91348600508906,79.2228644829801,90.52162849872772,85.81424936386767,85.81424936386767,69.15,472
51001,VA,Accomack,8.69,8.589431,8.978185,-0.38875318,79.54834605597965,94.45139758030872,96.8,50.604325699745544,59.764631043257,52.28002569043031,18.03435114503817,81.01145038167938,81.01145038167938,69.11,473
5035,AR,Crittenden,5.472857142857143,5.5097847,5.75788,-0.24809511,5.820610687022901,47.26741760534001,,72.36005089058524,83.84223918575063,89.33847141939627,73.2824427480916,82.95165394402035,82.95165394402035,69.09,474
12083,FL,Marion,10.545714285714284,10.550368,9.957173,0.59319496,96.75572519083968,97.83062161034627,24.6,92.970737913486,43.320610687022906,90.49454078355812,97.26463104325701,94.72010178117048,94.72010178117048,69.07,475
5145,AR,White,6.845714285714286,6.9898996,7.033291,-0.0433914,79.38931297709924,54.60992907801418,,80.69338422391857,69.72010178117048,88.37508028259474,91.92111959287533,85.71882951653944,85.71882951653944,69.04,476
1095,AL,Marshall,8.787142857142857,8.2295265,8.159588,0.06993907,63.167938931297705,68.96120150187734,,85.2735368956743,54.134860050890595,80.76429030186254,97.80534351145039,87.30916030534351,87.30916030534351,69.04,476
34039,NJ,Union,7.5857142857142845,7.5151477,6.8602834,0.65486425,16.348600508905854,88.98623279098874,72.39999999999998,97.51908396946563,29.898218829516537,96.24277456647398,87.1501272264631,95.48346055979644,95.48346055979644,69.02,478
36065,NY,Oneida,7.935714285714285,7.503162,7.4939685,0.009193182,38.48600508905852,70.08760951188987,,91.0941475826972,0.0,64.25818882466281,71.88295165394402,86.32315521628499,86.32315521628499,68.97,479
47053,TN,Gibson,9.819999999999999,7.8473997,7.865188,-0.017788274,18.543256997455472,54.31789737171464,,52.894402035623415,73.34605597964376,82.62684649967888,91.69847328244275,85.94147582697201,85.94147582697201,68.97,479
37013,NC,Beaufort,9.094285714285714,8.384024,8.237277,0.14674602,66.31679389312977,97.45515227367542,82.19999999999999,58.301526717557245,48.15521628498728,70.84136159280668,74.58651399491094,88.16793893129771,88.16793893129771,68.93,481
36013,NY,Chautauqua,7.682857142857143,7.4582176,7.5615134,-0.103295974,43.12977099236641,68.79432624113475,23.6,91.28498727735368,0.0,29.929351316634556,76.14503816793892,84.63740458015268,84.63740458015268,68.92,482
12021,FL,Collier,10.48857142857143,9.864737,8.947022,0.91771346,96.43765903307887,99.7496871088861,95.19999999999999,98.25063613231552,65.04452926208651,93.70584457289661,76.43129770992367,98.91857506361325,98.91857506361325,68.89,483
36067,NY,Onondaga,8.67,7.6425996,7.2664924,0.37610683,46.278625954198475,77.17980809345015,,95.1653944020356,0.0,82.43416827231856,87.27735368956743,91.2531806615776,91.2531806615776,68.86,484
29023,MO,Butler,5.49,6.186844,6.388466,-0.20162198,39.44020356234097,44.01335002085941,,79.07124681933843,53.848600508905854,93.48105330764291,90.13994910941477,83.11068702290076,83.11068702290076,68.84,485
49057,UT,Weber,10.1,9.400775,9.321808,0.07896741,94.11577608142494,,,67.55725190839695,44.49745547073791,81.43866409762364,32.029262086513995,87.02290076335878,87.02290076335878,68.83,486
55021,WI,Columbia,7.668571428571428,7.3647957,7.6825356,-0.31773946,42.30279898218829,10.596579057154775,,75.60432569974553,38.77226463104326,80.41104688503532,75.73155216284987,81.42493638676844,81.42493638676844,68.81,487
17161,IL,Rock Island,5.227142857142858,5.7371917,5.861084,-0.123892106,8.71501272264631,13.76720901126408,,79.45292620865139,70.48346055979644,93.35260115606935,90.99872773536897,84.12849872773536,84.12849872773536,68.81,487
1039,AL,Covington,6.755714285714285,7.4502344,7.692942,-0.24270736,49.650127226463106,95.57780559032125,,69.0203562340967,55.216284987277355,69.65317919075144,83.65139949109415,82.44274809160305,82.44274809160305,68.8,489
27139,MN,Scott,5.772857142857143,6.3909945,7.049773,-0.6587782,52.00381679389313,,,73.02798982188295,32.79262086513995,81.14964675658317,88.96310432569975,76.55852417302799,76.55852417302799,68.78,490
18167,IN,Vigo,7.182857142857143,7.23372,7.415078,-0.18135794,27.003816793893133,42.3863162286191,,85.1145038167939,56.8384223918575,83.20488118175979,83.23791348600508,83.20610687022901,83.20610687022901,68.75,491
28033,MS,DeSoto,7.951428571428572,8.101695,7.871014,0.23068118,67.93893129770993,49.72882770129328,,80.1208651399491,48.66412213740458,96.08220937700706,96.78753180661576,88.99491094147582,88.99491094147582,68.75,491
27109,MN,Olmsted,6.2871428571428565,7.524155,7.7645984,-0.2404434,20.48346055979644,0.0,,86.86386768447836,57.12468193384224,72.51123956326269,89.28117048346056,82.3473282442748,82.3473282442748,68.73,493
36025,NY,Delaware,9.407142857142857,8.165698,8.332019,-0.16632049,18.73409669211196,76.84605757196495,,91.18956743002543,0.0,21.13037893384714,55.597964376590326,83.33333333333334,83.33333333333334,68.71,494
17093,IL,Kendall,7.057142857142857,6.781266,7.1639175,-0.38265142,14.249363867684478,9.929078014184398,,79.73918575063614,45.61068702290076,61.881824020552344,89.66284987277355,80.24809160305344,80.24809160305344,68.68,495
5131,AR,Sebastian,7.367142857142857,7.54446,7.455552,0.088907205,90.36259541984732,49.436795994993744,,86.06870229007633,38.42239185750636,96.4354527938343,94.24300254452926,86.80025445292621,86.80025445292621,68.65,496
12119,FL,Sumter,7.128571428571428,8.596483,8.4467535,0.14972997,92.30279898218829,95.82811848143513,,84.79643765903307,21.564885496183205,72.76814386640976,91.60305343511449,87.59541984732824,87.59541984732824,68.62,497
55059,WI,Kenosha,8.005714285714285,7.6411986,7.6772003,-0.036001854,29.103053435114507,18.1476846057572,30.8,76.59033078880407,43.86132315521628,80.37893384714194,92.68447837150129,84.95547073791349,84.95547073791349,68.6,498
36027,NY,Dutchess,7.931428571428571,7.763575,7.557546,0.20602877,57.283715012722645,90.78014184397165,46.8,92.36641221374046,44.465648854961835,77.5208734746307,63.26335877862596,88.26335877862596,88.26335877862596,68.56,499
40047,OK,Garfield,4.161428571428571,5.483513,5.716233,-0.23272035,53.62595419847328,28.91113892365457,,66.98473282442748,85.52798982188295,86.3519588953115,92.17557251908397,82.09287531806616,82.09287531806616,68.55,500
25001,MA,Barnstable,9.241428571428571,9.179083,8.910602,0.26848033,53.21246819338422,94.53483521068,94.6,90.7442748091603,31.32951653944021,38.921001926782274,45.51526717557252,89.09033078880407,89.09033078880407,68.53,501
37057,NC,Davidson,9.234285714285715,8.717832,8.58138,0.1364522,49.61832061068702,84.23028785982478,,91.53944020356232,58.14249363867684,64.45086705202311,86.92748091603053,87.21374045801527,87.21374045801527,68.52,502
55101,WI,Racine,8.108571428571429,7.7152567,7.701793,0.013463736,29.770992366412212,19.357530246141007,25.0,85.65521628498728,46.85114503816794,83.04431599229287,93.06615776081425,85.43256997455471,85.43256997455471,68.49,503
48285,TX,Lavaca,7.622857142857143,7.64959,8.094213,-0.4446218,37.18193384223918,84.73091364205257,,85.75063613231552,66.66666666666666,54.36737315350032,54.103053435114504,78.9440203562341,78.9440203562341,68.46,504
29019,MO,Boone,7.538571428571428,7.5102324,7.4681954,0.042037282,70.67430025445293,25.573633708802667,,87.81806615776081,49.713740458015266,93.77007064868336,92.2709923664122,85.75063613231552,85.75063613231552,68.45,505
55105,WI,Rock,8.914285714285715,8.342446,8.256103,0.086343564,26.81297709923664,14.935335836462244,,87.59541984732824,47.96437659033079,80.79640333975594,94.3384223918575,86.35496183206108,86.35496183206108,68.44,506
55073,WI,Marathon,7.390000000000001,7.4700093,7.3240395,0.14596987,40.0763358778626,0.0,,87.65903307888041,0.0,62.78098908156712,83.77862595419847,87.1501272264631,87.1501272264631,68.42,507
28123,MS,Scott,3.468571428571429,5.8729773,7.9535565,-2.0805795,43.00254452926209,81.56028368794325,,42.01653944020356,61.67302798982188,73.02504816955683,78.37150127226464,55.88422391857505,55.88422391857505,68.42,507
38015,ND,Burleigh,4.048571428571429,4.823622,4.8195724,0.0040495396,84.12849872773536,,,77.35368956743001,24.30025445292621,52.95439948619139,83.01526717557252,85.1145038167939,85.1145038167939,68.4,509
1043,AL,Cullman,7.727142857142858,7.879521,8.100615,-0.22109307,65.07633587786259,72.79933249895703,,80.24809160305344,59.605597964376585,82.27360308285164,90.04452926208651,81.93384223918575,81.93384223918575,68.39,510
13021,GA,Bibb,7.947142857142857,7.352137,7.817,-0.46486282,73.02798982188295,81.9357530246141,,80.43893129770991,42.970737913486005,94.18754014129736,87.65903307888041,78.49872773536896,78.49872773536896,68.38,511
47119,TN,Maury,10.81857142857143,9.389134,9.796446,-0.40731102,33.23791348600509,38.381309970796835,,74.55470737913485,28.530534351145036,60.886319845857415,93.95674300254453,79.29389312977099,79.29389312977099,68.38,511
12103,FL,Pinellas,11.088571428571427,10.65861,9.716092,0.94251865,81.13867684478372,98.87359198998749,99.2,96.85114503816794,20.642493638676847,95.53628773281952,99.04580152671757,98.21882951653944,98.21882951653944,68.36,513
47131,TN,Obion,7.602857142857142,6.6243715,6.8853617,-0.26099008,14.69465648854962,48.43554443053818,,38.07251908396945,81.45674300254453,81.7276814386641,70.64249363867684,81.29770992366412,81.29770992366412,68.35,514
27061,MN,Itasca,6.857142857142857,7.069306,7.654186,-0.58487976,44.783715012722645,,,75.44529262086515,39.79007633587786,79.67244701348748,28.085241730279897,76.7175572519084,76.7175572519084,68.33,515
47155,TN,Sevier,12.02,9.954474,10.488134,-0.53365976,78.72137404580153,56.48727576136837,,84.06488549618322,28.944020356234095,36.22350674373796,70.92875318066157,77.3854961832061,77.3854961832061,68.31,516
12115,FL,Sarasota,9.629999999999999,10.224734,9.278037,0.94669724,93.25699745547074,99.54109303295786,93.60000000000002,95.67430025445293,37.340966921119595,89.75594091201027,92.4618320610687,98.15521628498728,98.15521628498728,68.3,517
55009,WI,Brown,8.614285714285714,8.102015,7.731851,0.37016273,33.842239185750635,26.115978306216103,46.400000000000006,91.85750636132317,0.0,75.97944765574822,93.41603053435117,90.04452926208651,90.04452926208651,68.29,518
15009,HI,Maui,7.742857142857143,7.737273,7.146444,0.5908289,95.26081424936386,69.50354609929079,54.0,93.67048346055981,19.306615776081426,0.0,5.884223918575064,93.1297709923664,93.1297709923664,68.29,518
21199,KY,Pulaski,8.241428571428571,8.184394,8.586729,-0.40233412,64.15394402035624,56.19524405506884,,81.55216284987277,38.8676844783715,66.12074502247913,82.98346055979644,79.13486005089058,79.13486005089058,68.26,520
12097,FL,Osceola,10.422857142857142,10.523059,10.009676,0.51338285,94.81552162849873,94.15936587400918,,92.08015267175573,43.35241730279898,77.26396917148361,93.60687022900763,91.9529262086514,91.9529262086514,68.24,521
48451,TX,Tom Green,7.0442857142857145,7.1445727,7.6679716,-0.52339834,93.1297709923664,47.22569879015436,,76.65394402035624,97.45547073791349,88.50353243416828,73.72773536895673,77.32188295165395,77.32188295165395,68.2,522
18039,IN,Elkhart,7.861428571428571,8.353049,8.415708,-0.06265749,32.88804071246819,47.100542344597415,,84.0966921119593,47.105597964376585,72.86448298008992,90.64885496183204,83.7468193384224,83.7468193384224,68.18,523
36001,NY,Albany,6.467142857142856,7.0746512,6.982205,0.09244633,36.19592875318066,84.43888193575303,0.0,90.2671755725191,0.0,73.18561335902376,88.04071246819338,85.87786259541986,85.87786259541986,68.16,524
26139,MI,Ottawa,8.84142857142857,8.459218,8.58079,-0.12157182,34.44656488549619,26.366291197329993,35.199999999999996,88.04071246819338,0.0,63.55170199100834,87.72264631043257,82.8880407124682,82.8880407124682,68.16,524
55139,WI,Winnebago,8.514285714285714,7.911141,7.7495728,0.16156806,40.17175572519084,16.896120150187734,,89.34478371501272,26.11323155216285,75.0160565189467,91.2531806615776,86.83206106870229,86.83206106870229,68.15,526
30111,MT,Yellowstone,7.1571428571428575,7.636718,7.7067018,-0.069984026,93.44783715012723,,,84.54198473282443,35.591603053435115,72.25433526011561,28.944020356234095,83.5559796437659,83.5559796437659,68.14,527
45007,SC,Anderson,9.304285714285713,8.695284,8.504315,0.1909683,47.4236641221374,77.97246558197747,,88.13613231552164,50.572519083969475,78.42003853564547,90.80788804071248,87.18193384223919,87.18193384223919,68.12,528
34025,NJ,Monmouth,8.161428571428571,7.503207,6.660936,0.8422709,88.77226463104327,93.07467667918233,90.2,95.80152671755725,71.66030534351145,98.61913937058445,55.05725190839694,96.31043256997457,96.31043256997457,68.11,529
40051,OK,Grady,6.671428571428572,6.730684,7.3541217,-0.6234376,91.53944020356232,31.998331247392574,,62.69083969465649,75.12722646310432,85.32434168272319,93.8295165394402,75.73155216284987,75.73155216284987,68.11,529
47079,TN,Henry,8.417142857142858,7.8375382,7.817502,0.020035949,23.536895674300258,48.85273258239466,,38.80407124681934,65.68066157760815,74.53436095054592,83.9058524173028,84.7328244274809,84.7328244274809,68.09,531
1081,AL,Lee,7.251428571428571,7.917997,8.253656,-0.3356591,72.39185750636132,82.186065915728,,84.7328244274809,79.42111959287533,92.0038535645472,75.66793893129771,79.70737913486005,79.70737913486005,68.08,532
5045,AR,Faulkner,6.7871428571428565,7.3974466,7.2702193,0.12722762,77.7671755725191,52.816020025031285,,77.00381679389314,48.05979643765903,91.68272318561336,97.07379134860051,86.16412213740458,86.16412213740458,68.06,533
1119,AL,Sumter,2.9749999999999996,2.8735018,5.108019,-2.2345169,34.4147582697201,76.26199415936587,,54.770992366412216,57.09287531806616,67.91907514450867,81.74300254452926,53.021628498727736,53.021628498727736,68.06,533
16019,ID,Bonneville,11.362857142857141,10.07935,10.2190275,-0.13967867,90.33078880407125,,,78.5941475826972,19.40203562340967,81.24598587026333,16.189567430025445,82.41094147582697,82.41094147582697,68.05,535
25023,MA,Plymouth,7.6571428571428575,7.3566356,6.92607,0.43056512,53.78498727735369,90.6549853984147,94.4,92.90712468193384,69.97455470737913,83.94348105330765,48.21882951653944,90.36259541984732,90.36259541984732,68.03,536
48055,TX,Caldwell,9.258571428571429,8.719903,9.043547,-0.32364392,68.00254452926208,60.24196912807677,,87.11832061068702,85.71882951653944,74.11689145793194,82.85623409669213,79.77099236641223,79.77099236641223,68.02,537
49053,UT,Washington,9.92,9.750412,9.142831,0.6075812,99.84096692111959,,,93.35241730279897,38.83587786259542,90.81567116249197,6.011450381679389,92.8117048346056,92.8117048346056,68.01,538
47187,TN,Williamson,9.834285714285715,8.491416,8.428097,0.0633191,39.79007633587786,41.0095953274927,,88.23155216284987,35.782442748091604,72.54335260115607,88.8676844783715,85.14631043256999,85.14631043256999,68.0,539
12117,FL,Seminole,9.534285714285714,9.597682,9.086222,0.5114601,92.33460559796438,94.65999165623698,0.0,92.74809160305345,18.06615776081425,77.77777777777779,97.55089058524173,91.4440203562341,91.4440203562341,68.0,539
26065,MI,Ingham,7.527142857142857,7.7458,7.528438,0.21736185,29.580152671755727,45.974134334584896,,88.48600508905852,0.0,72.02954399486191,96.15139949109415,87.24554707379136,87.24554707379136,67.96,541
5055,AR,Greene,6.071428571428571,6.916583,7.201304,-0.2847213,29.961832061068705,46.05757196495619,,63.231552162849866,90.36259541984732,91.00834938985228,87.88167938931298,80.18447837150127,80.18447837150127,67.96,541
4023,AZ,Santa Cruz,9.27,8.6894455,8.392141,0.297304,98.05979643765905,17.271589486858574,,87.40458015267176,54.51653944020356,99.00449582530509,8.68320610687023,88.32697201017811,88.32697201017811,67.94,543
10001,DE,Kent,7.408571428571428,7.624684,7.5960793,0.028604677,64.8854961832061,91.2807676261994,69.6,82.8880407124682,84.89185750636132,87.63648041104688,68.60687022900763,84.51017811704835,84.51017811704835,67.92,544
48217,TX,Hill,10.728571428571428,8.104974,8.894514,-0.7895404,82.1882951653944,65.87400917813933,,45.896946564885496,82.09287531806616,75.65831727681439,89.79007633587787,72.96437659033079,72.96437659033079,67.89,545
12011,FL,Broward,9.974285714285715,9.959434,8.861026,1.0984081,97.01017811704837,99.83312473925741,97.0,99.42748091603053,34.70101781170484,98.77970456005139,96.27862595419847,99.45928753180662,99.45928753180662,67.88,546
25003,MA,Berkshire,8.695714285714285,7.637559,7.637786,-0.00022649765,25.19083969465649,83.60450563204004,,90.64885496183204,22.232824427480917,34.8747591522158,48.823155216284995,84.00127226463104,84.00127226463104,67.87,547
34001,NJ,Atlantic,10.111428571428572,8.660613,8.022245,0.63836724,94.30661577608143,95.78639966624947,96.2,92.6526717557252,84.16030534351145,89.08156711624919,53.21246819338422,92.970737913486,92.970737913486,67.87,547
40083,OK,Logan,6.651428571428572,7.2462134,7.908111,-0.6618976,78.46692111959288,20.69253233208177,,50.69974554707379,79.77099236641223,86.7694283879255,92.74809160305345,74.68193384223919,74.68193384223919,67.85,549
28133,MS,Sunflower,1.6057142857142856,2.6776607,3.6904962,-1.0128353,19.338422391857502,73.84230287859825,,54.99363867684478,88.74045801526718,78.06679511881826,81.07506361323156,69.62468193384224,69.62468193384224,67.79,550
48135,TX,Ector,5.688571428571429,6.432775,6.5064063,-0.07363098,88.32697201017811,36.2953692115144,,81.71119592875317,59.03307888040712,86.19139370584458,82.41094147582697,82.82442748091603,82.82442748091603,67.79,550
23003,ME,Aroostook,7.768571428571428,7.835261,8.07725,-0.24198855,26.240458015267176,83.06216103462661,,76.08142493638677,42.43002544529262,14.739884393063583,15.680661577608143,80.40712468193384,80.40712468193384,67.77,552
48189,TX,Hale,6.275714285714286,6.315032,6.6983314,-0.38329938,77.67175572519083,39.799749687108886,,43.447837150127235,92.90712468193384,32.369942196531795,85.49618320610686,78.43511450381678,78.43511450381678,67.77,552
49011,UT,Davis,9.264285714285714,8.837137,8.5518675,0.2852703,90.5852417302799,,0.0,59.478371501272264,41.0941475826972,86.25561978163134,34.44656488549619,87.81806615776081,87.81806615776081,67.77,552
22041,LA,Franklin,-0.5899999999999999,5.242307,8.652374,-3.4100664,21.183206106870227,73.59198998748435,,30.629770992366407,86.1323155216285,74.59858702633267,64.85368956743002,35.909669211195926,35.909669211195926,67.76,555
48053,TX,Burnet,9.87142857142857,8.450768,8.9580765,-0.50730795,88.8676844783715,60.40884438881936,,82.28371501272265,67.39821882951654,82.1451509312781,84.764631043257,76.62213740458014,76.62213740458014,67.74,556
36063,NY,Niagara,8.714285714285714,8.019185,8.042142,-0.02295654,33.81043256997455,57.1964956195244,31.2,90.99872773536897,17.716284987277355,58.57418111753372,52.35368956743003,83.36513994910942,83.36513994910942,67.71,557
40037,OK,Creek,6.791428571428571,7.2691693,7.294267,-0.025097983,93.79770992366413,15.727993324989567,,72.20101781170484,70.64249363867684,94.63712267180475,92.90712468193384,83.23791348600508,83.23791348600508,67.66,558
29187,MO,Saint Francois,6.367142857142857,7.239466,7.599637,-0.3601711,57.25190839694656,36.0450563204005,,70.35623409669212,25.0,95.69685292228645,85.1145038167939,78.53053435114504,78.53053435114504,67.66,558
34035,NJ,Somerset,6.68,6.62647,6.100221,0.52624893,35.400763358778626,83.4793491864831,29.4,95.03816793893128,58.460559796437664,88.0218368657675,72.32824427480917,90.9351145038168,90.9351145038168,67.64,560
54107,WV,Wood,5.661428571428572,6.2643137,6.5292363,-0.2649226,26.017811704834603,60.03337505214852,,89.59923664122137,27.767175572519083,67.53371868978806,32.85623409669211,79.83460559796438,79.83460559796438,67.64,560
40013,OK,Bryan,7.914285714285714,7.659019,8.293729,-0.63471,87.53180661577609,46.266166040884436,,54.134860050890595,90.13994910941477,92.2607578676943,94.75190839694656,74.55470737913485,74.55470737913485,67.6,562
37155,NC,Robeson,7.1899999999999995,6.111221,5.5615525,0.5496686,87.78625954198473,96.45390070921984,,86.38676844783714,64.79007633587787,89.01734104046243,96.97837150127225,91.0941475826972,91.0941475826972,67.55,563
48361,TX,Orange,6.057142857142857,7.161329,6.976091,0.18523738,89.44020356234098,95.2023362536504,80.2,78.46692111959288,43.09796437659033,74.05266538214515,89.2175572519084,85.90966921119593,85.90966921119593,67.52,564
18157,IN,Tippecanoe,8.872857142857143,8.467315,8.572775,-0.10546037,29.03944020356234,43.637880684188566,,79.70737913486005,56.48854961832062,85.87026332691072,83.33333333333334,81.8384223918575,81.8384223918575,67.52,564
26021,MI,Berrien,7.944285714285714,7.8725476,7.98503,-0.11248235,23.473282442748097,31.70629954109303,38.8,86.00508905852418,0.0,65.1252408477842,83.36513994910942,81.71119592875317,81.71119592875317,67.51,566
40135,OK,Sequoyah,6.257142857142857,6.924713,7.2228346,-0.2981213,96.11959287531806,41.46850229453483,,73.60050890585242,80.56615776081425,95.24727039177904,86.03689567430025,79.10305343511449,79.10305343511449,67.51,566
13067,GA,Cobb,9.881428571428572,9.416806,8.628466,0.7883399,51.68575063613231,68.08510638297872,,96.11959287531806,0.0,88.98522800256904,98.31424936386767,94.37022900763358,94.37022900763358,67.51,566
25021,MA,Norfolk,6.7457142857142856,7.1003814,6.4756703,0.62471145,49.77735368956743,92.19858156028369,85.2,95.45165394402035,41.38040712468193,89.56326268464997,68.95674300254453,92.01653944020357,92.01653944020357,67.49,569
37191,NC,Wayne,7.932857142857143,7.5197377,7.008462,0.5112757,55.37531806615776,96.53733833959117,,89.28117048346056,74.23664122137404,87.8291586384072,89.8854961832061,90.39440203562341,90.39440203562341,67.47,570
26115,MI,Monroe,6.484285714285714,7.5502043,7.600429,-0.050225157,33.20610687022901,44.180225281602006,46.0,87.37277353689568,0.0,73.89210019267823,89.24936386768448,82.47455470737911,82.47455470737911,67.45,571
37025,NC,Cabarrus,10.12142857142857,9.619713,9.341666,0.27804762,50.604325699745544,73.92574050896955,,92.17557251908397,48.21882951653944,68.24020552344253,89.09033078880407,87.05470737913485,87.05470737913485,67.44,572
35043,NM,Sandoval,8.857142857142858,8.130928,8.570181,-0.4392528,93.63867684478373,,,84.28753180661577,72.93256997455471,79.89723827874117,23.759541984732824,76.97201017811705,76.97201017811705,67.43,573
17183,IL,Vermilion,5.247142857142856,7.3719773,7.677059,-0.30508205,22.678117048346056,46.22444722569879,,76.46310432569975,87.11832061068702,79.09441233140655,79.70737913486005,78.81679389312977,78.81679389312977,67.41,574
5007,AR,Benton,10.344285714285714,9.2074375,8.801299,0.4061389,92.77989821882952,52.35711305798916,,90.42620865139949,45.73791348600509,94.7334617854849,79.54834605597965,88.74045801526718,88.74045801526718,67.38,575
27131,MN,Rice,6.124285714285714,7.011288,7.5507116,-0.53942305,33.0470737913486,,,77.44910941475827,52.989821882951645,51.34874759152216,89.40839694656488,75.44529262086515,75.44529262086515,67.37,576
41017,OR,Deschutes,8.917142857142858,8.652602,8.516051,0.13655059,97.77353689567428,,,88.89949109414758,15.298982188295165,54.11046885035324,8.746819338422391,84.92366412213741,84.92366412213741,67.37,576
28079,MS,Leake,5.454285714285715,6.8186646,8.7613,-1.9426354,51.908396946564885,81.7688777638715,,45.29262086513995,65.52162849872774,67.75850995504175,77.89440203562341,55.69338422391857,55.69338422391857,67.35,578
42107,PA,Schuylkill,8.224285714285715,7.794781,7.620005,0.17477635,55.62977099236641,82.60325406758449,,90.77608142493636,0.0,74.34168272318561,66.18956743002545,85.30534351145039,85.30534351145039,67.29,579
42125,PA,Washington,5.660000000000001,6.8042865,6.7829247,0.021361556,46.11959287531807,59.86649979140593,,91.412213740458,45.41984732824427,47.784200385356456,49.77735368956743,83.07888040712467,83.07888040712467,67.25,580
37179,NC,Union,10.111428571428572,9.381553,8.932068,0.4494846,41.603053435114504,81.39340842720067,,92.49363867684478,69.37022900763358,72.15799614643545,94.6882951653944,89.05852417302799,89.05852417302799,67.24,581
30013,MT,Cascade,8.594285714285714,7.914879,7.888037,0.026841436,84.16030534351145,,,83.39694656488551,33.396946564885496,45.82530507385999,20.801526717557252,83.14249363867683,83.14249363867683,67.24,581
48473,TX,Waller,8.132857142857143,7.382859,8.270288,-0.88742936,70.70610687022901,83.27075511055486,,65.64885496183206,91.22137404580153,69.94219653179191,90.20356234096693,70.26081424936386,70.26081424936386,67.22,583
28067,MS,Jones,6.121428571428571,6.3293066,6.5039887,-0.17468204,73.88676844783714,90.9887359198999,,71.50127226463104,54.07124681933843,84.48940269749518,93.19338422391856,80.21628498727735,80.21628498727735,67.2,584
21035,KY,Calloway,6.717142857142856,7.0937467,7.61433,-0.52058303,18.638676844783713,39.424280350438046,,50.667938931297705,66.03053435114504,73.53885677585099,79.29389312977099,75.3498727735369,75.3498727735369,67.19,585
13117,GA,Forsyth,9.938571428571427,8.990267,8.743256,0.24701047,48.31424936386768,55.7363370880267,,90.01272264631042,0.0,63.48747591522159,94.30661577608143,86.1323155216285,86.1323155216285,67.19,585
33015,NH,Rockingham,8.864285714285714,8.33037,8.100326,0.23004468,47.80534351145038,83.77138089278264,92.8,89.09033078880407,77.13104325699746,64.96467565831728,73.53689567430025,85.84605597964376,85.84605597964376,67.17,587
29141,MO,Morgan,11.218571428571428,9.754956,10.262944,-0.50798815,72.264631043257,36.253650396328744,,82.72900763358777,64.28117048346056,87.12267180475273,79.13486005089058,75.47709923664122,75.47709923664122,67.17,587
33011,NH,Hillsborough,9.097142857142858,8.807349,8.295823,0.5115272,67.04834605597965,92.57405089695453,,92.6208651399491,57.85623409669212,75.43352601156069,82.60178117048346,89.75826972010178,89.75826972010178,67.15,589
48117,TX,Deaf Smith,8.768571428571429,7.1068563,8.586512,-1.479656,85.75063613231552,0.0,,13.136132315521628,98.12340966921121,26.23635195889531,69.6882951653944,61.80025445292621,61.80025445292621,67.15,589
26147,MI,Saint Clair,7.55,7.995242,8.037082,-0.041840486,33.524173027989825,35.794743429286605,46.2,85.94147582697201,0.0,63.808606294155425,87.21374045801527,81.99745547073792,81.99745547073792,67.15,589
17037,IL,DeKalb,6.908571428571428,6.953843,7.0664124,-0.1125692,6.424936386768448,19.649561952440553,,82.98346055979644,74.74554707379136,58.991650610147715,88.10432569974553,80.82061068702289,80.82061068702289,67.06,592
22015,LA,Bossier,4.255714285714286,5.88634,5.8715577,0.014782463,38.645038167938935,74.76011681268253,,73.95038167938931,63.00890585241731,97.8805394990366,85.75063613231552,82.5381679389313,82.5381679389313,67.03,593
54099,WV,Wayne,5.111428571428571,6.720727,6.8964458,-0.1757184,76.08142493638677,46.725073007926575,,89.18575063613233,23.982188295165393,91.07257546563903,34.096692111959285,79.80279898218829,79.80279898218829,67.0,594
1127,AL,Walker,6.224285714285714,7.2243457,7.1922865,0.032059226,62.46819338422392,58.28118481435127,,85.7824427480916,39.53562340966921,84.6820809248555,93.92493638676845,82.60178117048346,82.60178117048346,66.94,595
17157,IL,Randolph,4.021428571428571,5.750428,6.0017242,-0.25129628,6.23409669211196,44.388819357530245,,57.82442748091603,57.283715012722645,89.24213230571611,80.1208651399491,78.62595419847328,78.62595419847328,66.94,595
28035,MS,Forrest,6.917142857142857,7.0707955,7.3594775,-0.28868213,81.71119592875317,90.40467250730079,,69.56106870229007,42.17557251908397,83.87925497752089,92.6526717557252,78.05343511450383,78.05343511450383,66.91,597
48471,TX,Walker,6.148571428571429,7.631256,8.217244,-0.5859882,78.11704834605598,84.10513141426783,,65.93511450381679,87.53180661577609,78.19524727039177,91.85750636132317,73.82315521628499,73.82315521628499,66.89,598
22085,LA,Sabine,4.7057142857142855,5.9118304,7.407814,-1.4959835,67.43002544529261,80.3087192323738,,66.53944020356234,54.039440203562336,76.46114322414901,72.01017811704835,60.973282442748086,60.973282442748086,66.85,599
38101,ND,Ward,3.5471428571428567,3.6372304,4.8619266,-1.224696,79.42111959287533,,,41.88931297709924,33.33333333333333,29.736673089274245,66.12595419847328,64.75826972010178,64.75826972010178,66.84,600
40019,OK,Carter,6.557142857142857,6.5870743,7.087586,-0.50051135,88.42239185750637,42.761785565289955,,63.39058524173028,82.85623409669213,91.90751445086704,94.02035623409668,74.87277353689568,74.87277353689568,66.81,601
4017,AZ,Navajo,11.040000000000001,10.358343,9.912863,0.44548056,98.79134860050893,0.0,,89.50381679389314,52.035623409669206,56.71162491971741,8.0470737913486,88.07251908396947,88.07251908396947,66.77,602
28083,MS,Leflore,2.0914285714285716,3.0037324,3.5959668,-0.5922345,22.519083969465647,71.71464330413016,,69.97455470737913,88.83587786259542,79.47976878612717,88.70865139949109,73.50508905852418,73.50508905852418,66.77,602
18095,IN,Madison,8.985714285714286,8.476932,8.798594,-0.3216636,19.1793893129771,25.65707133917397,,82.60178117048346,61.54580152671756,74.08477842003853,85.2735368956743,77.25826972010178,77.25826972010178,66.75,604
48183,TX,Gregg,7.532857142857142,7.451116,7.076501,0.374615,62.913486005089055,72.04839382561535,,76.84478371501272,65.99872773536896,93.86640976236352,97.90076335877863,86.99109414758269,86.99109414758269,66.72,605
42097,PA,Northumberland,6.165714285714286,6.15328,6.3351936,-0.18191393,31.32951653944021,79.80809345014602,,88.29516539440203,0.0,59.184328837508026,46.88295165394402,79.16666666666666,79.16666666666666,66.72,605
34007,NJ,Camden,9.392857142857142,8.527655,7.7057605,0.82189465,86.25954198473282,88.5273258239466,76.0,95.61068702290076,69.8473282442748,97.04560051380861,84.82824427480917,93.22519083969466,93.22519083969466,66.7,607
48257,TX,Kaufman,8.331428571428571,8.590212,8.979269,-0.38905737,79.9618320610687,50.31289111389236,,76.39949109414758,35.75063613231552,93.2883750802826,84.60559796437659,76.17684478371501,76.17684478371501,66.68,608
13151,GA,Henry,10.10142857142857,9.610543,9.76545,-0.15490659,43.034351145038165,64.37213183145599,,84.51017811704835,49.01399491094148,76.6859344894027,89.53562340966921,79.35750636132317,79.35750636132317,66.62,609
55063,WI,La Crosse,7.231428571428572,7.413543,7.4834685,-0.06992555,11.83206106870229,0.0,,74.04580152671755,27.003816793893133,88.47141939627488,84.57379134860051,80.53435114503816,80.53435114503816,66.62,609
12055,FL,Highlands,11.242857142857144,11.042235,10.472574,0.56966144,92.71628498727735,95.70296203587819,,78.4033078880407,73.1234096692112,72.57546563904945,82.5381679389313,89.44020356234098,89.44020356234098,66.58,611
40097,OK,Mayes,7.805714285714286,7.8082814,8.078061,-0.26977944,85.6234096692112,38.965373383395914,,75.85877862595419,71.11959287531806,90.78355812459858,88.29516539440203,77.57633587786259,77.57633587786259,66.54,612
36009,NY,Cattaraugus,8.258571428571429,7.2605567,7.244457,0.016100032,35.05089058524173,68.12682519816437,,89.91730279898219,0.0,21.09826589595376,68.35241730279898,81.58396946564885,81.58396946564885,66.54,612
37133,NC,Onslow,10.012857142857143,9.441552,8.468859,0.97269315,85.90966921119593,98.95702962035878,81.0,78.56234096692113,34.605597964376585,87.54014129736673,85.81424936386767,94.97455470737911,94.97455470737911,66.52,614
5075,AR,Lawrence,6.402857142857143,6.8351064,7.787684,-0.9525773,35.655216284987276,50.27117229870671,,52.51272264631043,85.08269720101781,77.10340398201669,83.46055979643766,67.87531806615776,67.87531806615776,66.48,615
18127,IN,Porter,7.432857142857143,7.417521,7.407296,0.010224649,60.527989821882954,13.224864413850646,27.4,79.9618320610687,0.0,70.35966602440591,94.40203562340967,81.39312977099237,81.39312977099237,66.48,615
28109,MS,Pearl River,6.774285714285715,8.029794,7.6837773,0.34601682,90.13994910941477,96.49561952440553,30.4,73.21882951653944,65.48982188295165,83.01220295439948,82.79262086513995,86.06870229007633,86.06870229007633,66.46,617
51087,VA,Henrico,7.967142857142856,7.880088,7.72257,0.1575176,34.541984732824424,81.81059657905716,35.8,85.36895674300254,77.83078880407125,87.86127167630057,80.97964376590332,83.39694656488551,83.39694656488551,66.45,618
24003,MD,Anne Arundel,5.771428571428571,6.559556,6.5090537,0.05050196,35.94147582697201,87.19232373800584,73.2,80.94783715012723,74.01399491094148,93.22414900449583,82.029262086514,81.87022900763358,81.87022900763358,66.44,619
37071,NC,Gaston,10.694285714285714,9.919206,9.655904,0.2633024,48.21882951653944,70.2127659574468,,88.54961832061069,38.54961832061068,68.33654463712267,91.0941475826972,84.86005089058524,84.86005089058524,66.44,619
19033,IA,Cerro Gordo,6.038571428571429,6.3005013,7.119834,-0.819333,26.653944020356235,11.514392991239047,,68.95674300254453,97.61450381679388,19.942196531791907,89.34478371501272,69.59287531806616,69.59287531806616,66.41,621
1031,AL,Coffee,6.418571428571428,7.502257,7.3363614,0.1658953,56.45674300254453,92.86608260325404,,84.4147582697201,55.089058524173026,64.7077713551702,90.2671755725191,83.42875318066157,83.42875318066157,66.41,621
55075,WI,Marinette,8.705714285714285,8.909971,8.979401,-0.06942967,46.723918575063614,0.0,15.8,72.70992366412213,18.79770992366412,23.763648041104688,49.04580152671756,80.02544529262089,80.02544529262089,66.36,623
37127,NC,Nash,8.51,8.28687,8.313121,-0.02625169,40.80788804071247,89.73717146433042,,82.5381679389313,88.13613231552164,83.91136801541425,84.86005089058524,80.59796437659033,80.59796437659033,66.34,624
12085,FL,Martin,10.968571428571428,10.364256,9.427129,0.9371271,90.39440203562341,98.7067167292449,73.0,83.33333333333334,61.06870229007634,67.8548490687219,74.84096692111959,94.08396946564885,94.08396946564885,66.32,625
12101,FL,Pasco,12.498571428571427,11.179306,10.108794,1.070512,95.38804071246821,98.12265331664581,90.8,95.38804071246821,19.147582697201017,90.07707129094413,98.40966921119592,95.96055979643766,95.96055979643766,66.32,625
48037,TX,Bowie,7.390000000000001,6.844849,6.9810586,-0.13620932,74.23664122137404,49.93742177722152,,68.86132315521628,70.45165394402035,91.49004495825304,93.73409669211196,79.00763358778626,79.00763358778626,66.32,625
41009,OR,Columbia,7.03,7.7370334,8.465114,-0.72808045,30.50254452926209,,50.4,68.1615776081425,0.0,90.46242774566474,13.295165394402035,70.67430025445293,70.67430025445293,66.3,628
51153,VA,Prince William,6.934285714285714,7.6143417,7.448185,0.16615663,18.225190839694655,82.9787234042553,48.8,87.97709923664122,54.293893129770986,93.41682723185613,76.52671755725191,83.17430025445293,83.17430025445293,66.28,629
37141,NC,Pender,9.668571428571427,9.609954,9.175087,0.43486676,86.92748091603053,97.16312056737588,81.6,69.72010178117048,37.75445292620866,62.87732819524727,70.86513994910942,86.92748091603053,86.92748091603053,66.27,630
13057,GA,Cherokee,10.595714285714285,9.573914,9.252095,0.3218184,58.778625954198475,54.192740926157704,,88.51781170483459,0.0,66.66666666666666,94.81552162849873,85.2735368956743,85.2735368956743,66.23,631
18019,IN,Clark,8.017142857142858,8.482177,8.437647,0.04452971,20.674300254452927,14.643304130162704,,81.1704834605598,40.235368956743,59.53757225433526,95.1653944020356,81.36132315521628,81.36132315521628,66.22,632
13095,GA,Dougherty,6.87,6.0410833,5.8939905,0.14709292,70.41984732824427,89.36170212765957,,87.56361323155215,70.99236641221374,76.17212588310855,79.19847328244275,82.79262086513995,82.79262086513995,66.22,632
54025,WV,Greenbrier,6.947142857142857,7.3847384,7.7348504,-0.35011172,57.22010178117048,53.40008343763037,,84.60559796437659,26.304071246819337,2.119460500963391,12.849872773536896,75.76335877862596,75.76335877862596,66.2,634
27013,MN,Blue Earth,5.757142857142857,6.4984574,7.100354,-0.6018969,31.838422391857502,,,65.87150127226464,78.7531806615776,69.26782273603082,77.06743002544529,72.20101781170484,72.20101781170484,66.18,635
6027,CA,Inyo,7.234285714285714,7.0323496,7.124339,-0.091989584,83.68320610687023,,,61.60941475826972,23.44147582697201,97.81631342324985,2.862595419847328,79.32569974554707,79.32569974554707,66.16,636
17105,IL,Livingston,6.3028571428571425,5.3744926,5.998558,-0.6240655,2.576335877862595,25.740508969545267,,81.07506361323156,73.25063613231552,49.10083493898523,52.44910941475827,71.78753180661577,71.78753180661577,66.13,637
23031,ME,York,9.31857142857143,9.248204,9.182099,0.066103734,56.265903307888046,91.53108051731333,86.6,81.26590330788804,65.77608142493638,52.82594733461785,46.46946564885496,81.45674300254453,81.45674300254453,66.12,638
35055,NM,Taos,8.35,8.322001,8.761842,-0.43984005,96.18320610687024,,,81.67938931297711,63.77226463104325,8.542068079640334,21.660305343511453,74.26844783715013,74.26844783715013,66.08,639
22077,LA,Pointe Coupee,4.422857142857143,4.8345575,6.071217,-1.2366594,11.800254452926207,86.52482269503547,0.0,26.272264631043257,91.18956743002543,66.73089274245343,78.81679389312977,63.072519083969475,63.072519083969475,66.07,640
35061,NM,Valencia,8.957142857142857,8.33208,8.202819,0.1292615,87.40458015267176,,,89.63104325699746,56.234096692111954,70.16698779704559,19.24300254452926,82.25190839694656,82.25190839694656,66.07,640
29145,MO,Newton,8.34142857142857,7.6839943,7.890556,-0.20656146,77.29007633587787,39.67459324155194,,80.02544529262089,78.14885496183206,90.14129736673088,87.94529262086515,77.51272264631042,77.51272264631042,66.06,642
27001,MN,Aitkin,8.471428571428572,7.7412763,9.437624,-1.6963482,57.601781170483456,,,69.37022900763358,43.225190839694655,43.25626204238921,23.886768447837152,56.583969465648856,56.583969465648856,66.06,642
17189,IL,Washington,4.498571428571428,4.5781507,6.374725,-1.796574,3.880407124681934,38.75677930746767,,38.99491094147582,66.6030534351145,90.17341040462429,44.24300254452926,55.152671755725194,55.152671755725194,66.04,644
48123,TX,De Witt,10.855714285714285,10.694648,10.443055,0.25159198,67.58905852417303,90.27951606174383,,89.2175572519084,71.97837150127226,66.57032755298651,70.73791348600508,83.9058524173028,83.9058524173028,66.04,644
48021,TX,Bastrop,9.20857142857143,8.734676,8.67644,0.05823534,71.78753180661577,63.24572382144347,,86.22773536895673,76.3676844783715,83.55812459858703,91.06234096692113,81.1704834605598,81.1704834605598,66.03,646
33009,NH,Grafton,10.281428571428572,8.711301,8.6083355,0.102965765,30.884223918575067,78.47309136420526,,90.07633587786259,0.0,44.3159922928709,24.36386768447837,81.77480916030534,81.77480916030534,66.02,647
55123,WI,Vernon,7.728571428571429,6.6672845,7.0483813,-0.38109705,17.239185750636132,9.637046307884855,,70.16539440203562,43.70229007633588,66.89145793192036,69.43384223918575,74.96819338422391,74.96819338422391,66.01,648
53021,WA,Franklin,9.007142857142856,9.194188,9.750526,-0.5563387,84.60559796437659,,,83.52417302798982,22.709923664122137,87.73281952472703,12.53180661577608,72.48727735368958,72.48727735368958,66.0,649
1071,AL,Jackson,7.788571428571429,7.727664,7.811946,-0.084281445,61.19592875318066,59.36587400917814,,78.72137404580153,83.36513994910942,53.72511239563262,92.36641221374046,79.03944020356234,79.03944020356234,65.97,650
51107,VA,Loudoun,7.134285714285714,7.090004,7.2368484,-0.14684446,37.43638676844784,80.10012515644556,,83.93765903307887,74.07760814249363,91.10468850353244,74.71374045801527,78.11704834605598,78.11704834605598,65.94,651
55001,WI,Adams,9.358571428571429,9.739419,10.397026,-0.65760654,53.11704834605598,9.470171047142262,,72.45547073791349,40.64885496183206,72.41490044958253,73.44147582697201,70.8969465648855,70.8969465648855,65.92,652
51710,VA,Norfolk City,6.677142857142857,6.6081886,6.5288672,0.07932142,32.91984732824427,92.94952023362536,82.39999999999998,75.3498727735369,0.0,88.2466281310212,74.14122137404581,81.23409669211196,81.23409669211196,65.91,653
47167,TN,Tipton,8.208571428571428,8.032107,7.9623246,0.06978308,31.96564885496183,46.47476011681268,,53.912213740458014,57.56997455470738,90.3339755940912,92.77989821882952,81.04325699745547,81.04325699745547,65.89,654
46013,SD,Brown,5.117142857142857,5.306067,5.7656198,-0.45955235,77.06743002544529,,,63.072519083969475,30.629770992366407,48.715478484264615,70.13358778625954,73.53689567430025,73.53689567430025,65.85,655
41053,OR,Polk,7.964285714285714,8.402539,8.910773,-0.5082353,43.447837150127235,,0.0,68.22519083969466,12.436386768447836,87.41168914579319,12.690839694656487,72.83715012722645,72.83715012722645,65.84,656
12015,FL,Charlotte,9.624285714285715,10.399117,9.314008,1.0851109,92.52544529262089,98.99874843554443,90.4,85.33715012722645,42.36641221374045,75.08028259473346,62.56361323155216,95.19720101781171,95.19720101781171,65.83,657
17117,IL,Macoupin,4.822857142857143,5.821566,5.8161435,0.00542266,9.287531806615776,24.447225698790152,,68.70229007633588,67.27099236641222,91.45793192035968,78.02162849872775,79.93002544529261,79.93002544529261,65.78,658
5115,AR,Pope,6.301428571428572,7.249382,7.3932543,-0.14387234,72.32824427480917,42.97037964121819,,75.28625954198473,51.87659033078881,86.1271676300578,94.62468193384224,77.83078880407125,77.83078880407125,65.78,658
53029,WA,Island,8.414285714285715,8.746908,8.877748,-0.13083853,35.43256997455471,,73.4,54.86641221374045,0.0,29.704560051380863,11.323155216284988,77.98982188295165,77.98982188295165,65.77,660
48373,TX,Polk,5.414285714285714,7.3983526,7.697521,-0.29916883,75.54071246819338,89.98748435544431,,63.80407124681934,0.0,77.13551701991008,87.46819338422391,75.57251908396947,75.57251908396947,65.74,661
39089,OH,Licking,9.071428571428571,8.341971,8.399065,-0.05709335,42.461832061068705,35.16896120150187,,85.97328244274809,66.0941475826972,79.38342967244701,61.45038167938931,78.91221374045801,78.91221374045801,65.71,662
51041,VA,Chesterfield,8.39,8.3574915,7.9875207,0.36997098,44.02035623409669,85.81560283687944,44.8,89.47201017811705,59.732824427480914,86.51252408477842,76.78117048346056,84.82824427480917,84.82824427480917,65.67,663
40147,OK,Washington,6.601428571428571,7.00875,7.257735,-0.24898513,78.43511450381678,28.785982478097623,,74.20483460559797,66.76208651399492,91.13680154142581,92.71628498727735,76.11323155216286,76.11323155216286,65.66,664
12109,FL,Saint Johns,9.37142857142857,9.242694,8.673968,0.56872624,89.40839694656488,93.70045890696704,89.0,89.40839694656488,34.06488549618321,82.24149004495825,85.40076335877863,87.53180661577609,87.53180661577609,65.63,665
17041,IL,Douglas,5.684285714285714,5.1696825,6.4057174,-1.236035,4.198473282442748,39.17396745932415,,60.05089058524173,89.28117048346056,53.53243416827232,47.20101781170484,62.11832061068703,62.11832061068703,65.59,666
48299,TX,Llano,10.62857142857143,8.142298,8.781083,-0.63878495,80.24809160305344,54.025865665415104,,82.50636132315522,67.93893129770993,59.409120102761726,67.58905852417303,70.3880407124682,70.3880407124682,65.53,667
40039,OK,Custer,3.217142857142857,4.8414826,6.074731,-1.2332488,76.81297709923663,23.863162286191073,,38.708651399491096,86.86386768447836,61.65703275529864,91.31679389312976,62.02290076335878,62.02290076335878,65.52,668
36105,NY,Sullivan,11.767142857142856,9.771223,9.8451,-0.07387727,29.548346055979646,79.18231122236129,,86.60941475826972,24.07760814249364,40.7514450867052,71.34223918575063,78.27608142493638,78.27608142493638,65.51,669
45003,SC,Aiken,8.388571428571428,8.726186,8.375375,0.35081142,82.22010178117048,90.11264080100125,,84.44656488549617,58.651399491094146,86.92999357739241,87.43638676844785,84.22391857506362,84.22391857506362,65.5,670
40111,OK,Okmulgee,7.022857142857142,6.7899823,7.1234,-0.33341768,91.73027989821882,23.27909887359199,,65.99872773536896,95.10178117048346,90.7514450867052,84.66921119592875,74.61832061068702,74.61832061068702,65.5,670
21047,KY,Christian,8.308571428571428,7.112717,7.0876355,0.025082247,14.503816793893128,34.4180225281602,,74.87277353689568,78.97582697201018,76.20423892100193,91.22137404580153,79.64376590330787,79.64376590330787,65.5,670
51550,VA,Chesapeake City,6.645714285714285,7.1671476,7.0455093,0.1216383,66.38040712468194,92.03170629954109,80.60000000000002,82.85623409669213,40.26717557251908,88.0539499036609,71.78753180661577,80.85241730279897,80.85241730279897,65.42,673
27097,MN,Morrison,8.061428571428571,7.579745,8.454846,-0.87510216,77.98982188295165,,,80.1526717557252,59.06488549618321,36.5446371226718,49.204834605597966,66.85750636132316,66.85750636132316,65.42,673
48221,TX,Hood,9.182857142857143,8.702579,9.3168545,-0.6142758,91.28498727735368,52.94117647058824,,61.927480916030525,49.61832061068702,79.60822093770071,92.1119592875318,70.51526717557252,70.51526717557252,65.42,673
35039,NM,Rio Arriba,7.4799999999999995,7.2651315,7.1647415,0.10038941,96.2150127226463,,,88.39058524173028,70.3880407124682,30.218368657675015,11.673027989821882,80.50254452926208,80.50254452926208,65.4,676
42051,PA,Fayette,5.587142857142857,6.6520543,6.4290633,0.22299096,45.229007633587784,60.116812682519814,,90.5852417302799,44.02035623409669,44.09120102761721,68.8295165394402,82.22010178117048,82.22010178117048,65.4,676
5067,AR,Jackson,4.417142857142857,4.754638,5.553576,-0.7989376,44.24300254452926,53.858990404672504,,43.92493638676845,88.42239185750637,70.03853564547207,89.63104325699746,67.84351145038168,67.84351145038168,65.38,678
42075,PA,Lebanon,7.627142857142857,7.5880837,7.5274916,0.060592312,22.487277353689567,86.816854401335,,84.86005089058524,69.59287531806616,75.72254335260115,70.26081424936386,79.89821882951654,79.89821882951654,65.37,679
40089,OK,McCurtain,6.177142857142856,6.526343,7.016675,-0.4903321,77.60814249363868,55.98664997914059,,75.89058524173028,91.57124681933843,82.81952472703918,76.68575063613233,72.04198473282443,72.04198473282443,65.31,680
40121,OK,Pittsburg,5.869999999999999,6.2108474,6.612203,-0.401356,95.19720101781171,44.096787651230706,,67.08015267175573,94.97455470737911,89.69171483622351,81.20229007633588,73.2824427480916,73.2824427480916,65.31,680
1053,AL,Escambia,7.267142857142857,6.996515,6.5601325,0.43638209,74.01399491094148,96.5790571547768,,67.27099236641222,63.93129770992366,83.78291586384074,83.04707379134861,85.01908396946563,85.01908396946563,65.3,682
20037,KS,Crawford,7.317142857142857,6.968633,7.500011,-0.5313776,33.71501272264631,28.160200250312887,,68.89312977099237,95.13358778625954,79.35131663455363,88.58142493638677,71.43765903307889,71.43765903307889,65.3,682
34015,NJ,Gloucester,8.958571428571428,7.8476095,7.293423,0.55418617,79.67557251908397,83.729662077597,84.2,87.91348600508906,77.7671755725191,93.6416184971098,69.56106870229007,86.64122137404581,86.64122137404581,65.28,684
48203,TX,Harrison,6.674285714285714,7.133499,7.2136226,-0.08012336,77.03562340966921,69.79557780559033,,63.48600508905853,67.23918575063614,92.16441875401412,93.51145038167938,77.70356234096693,77.70356234096693,65.26,685
1023,AL,Choctaw,3.6299999999999994,4.291795,4.8735127,-0.58171815,52.44910941475827,89.31998331247392,,73.53689567430025,31.743002544529265,46.0179833012203,77.83078880407125,70.61068702290076,70.61068702290076,65.24,686
42041,PA,Cumberland,6.938571428571429,7.373783,6.845654,0.5281289,47.55089058524173,87.44263662911973,,91.12595419847328,58.333333333333336,85.64547206165702,68.1615776081425,86.19592875318067,86.19592875318067,65.24,686
40131,OK,Rogers,7.382857142857143,7.586391,7.495713,0.090677775,86.00508905852418,24.6558197747184,,81.39312977099237,72.74173027989822,94.79768786127167,81.42493638676844,80.05725190839695,80.05725190839695,65.24,686
36083,NY,Rensselaer,7.061428571428571,7.181148,6.9389944,0.24215388,29.293893129770993,79.39090529828952,0.0,88.96310432569975,0.0,57.64290301862556,76.59033078880407,82.15648854961832,82.15648854961832,65.23,689
37163,NC,Sampson,7.988571428571428,7.5031924,6.6862016,0.81699085,69.49745547073792,97.49687108886108,0.0,69.62468193384224,88.23155216284987,79.06229929351318,80.21628498727735,90.20356234096693,90.20356234096693,65.22,690
36077,NY,Otsego,6.450000000000001,7.444867,7.649976,-0.20510848,25.699745547073793,64.62244472256988,,85.84605597964376,0.0,19.01091843288375,46.278625954198475,75.82697201017811,75.82697201017811,65.2,691
34005,NJ,Burlington,8.532857142857143,8.072112,7.00451,1.0676025,92.20737913486005,88.81935753024615,79.0,96.4058524173028,72.264631043257,93.80218368657674,78.2442748091603,93.60687022900763,93.60687022900763,65.16,692
48493,TX,Wilson,5.9799999999999995,7.6231794,7.842738,-0.21955879,71.66030534351145,63.7880684188569,,84.38295165394402,87.62722646310432,73.85998715478485,77.98982188295165,75.54071246819338,75.54071246819338,65.16,692
37049,NC,Craven,9.448571428571428,8.500171,7.4335213,1.0666502,83.30152671755725,98.6232790988736,54.2,76.04961832061069,50.731552162849866,84.20038535645472,86.38676844783714,93.57506361323156,93.57506361323156,65.15,694
48367,TX,Parker,8.925714285714287,8.802268,8.623329,0.17893897,96.2468193384224,45.18147684605757,,72.42366412213741,34.096692111959285,89.53114964675657,96.2150127226463,81.10687022900763,81.10687022900763,65.15,694
37089,NC,Henderson,9.26142857142857,9.234985,8.851483,0.38350245,45.32442748091603,70.42136003337505,,84.00127226463104,80.470737913486,2.504816955684007,80.56615776081425,83.77862595419847,83.77862595419847,65.05,696
41035,OR,Klamath,9.035714285714286,9.341533,9.375161,-0.03362853,94.40203562340967,,,78.49872773536896,24.650127226463106,69.87797045600513,4.325699745547073,77.92620865139949,77.92620865139949,65.05,696
12087,FL,Monroe,9.327142857142858,10.09102,9.149794,0.94122666,61.895674300254456,97.99749687108884,98.8,42.87531806615776,0.0,65.79961464354528,25.636132315521625,91.60305343511449,91.60305343511449,65.04,698
42007,PA,Beaver,6.13,6.8866353,7.1045294,-0.21789391,34.891857506361326,54.1093032957864,,87.02290076335878,0.0,45.696852922286446,56.55216284987278,75.31806615776081,75.31806615776081,65.04,698
5135,AR,Sharp,9.358571428571429,7.600335,8.334165,-0.73382956,54.51653944020356,51.06382978723404,,66.34860050890585,30.407124681933844,71.67630057803468,76.30407124681933,68.06615776081425,68.06615776081425,65.03,700
8043,CO,Fremont,9.299999999999999,9.212732,9.905859,-0.6931257,94.17938931297711,,,80.21628498727735,39.18575063613232,39.17790622992935,31.17048346055979,68.57506361323156,68.57506361323156,65.0,701
41041,OR,Lincoln,9.637142857142857,9.896326,9.067278,0.82904893,50.795165394402034,,71.8,86.57760814249363,12.690839694656487,38.053949903660886,11.19592875318066,89.94910941475827,89.94910941475827,65.0,701
27171,MN,Wright,6.401428571428572,6.963814,7.667047,-0.70323324,61.036895674300254,,,74.74554707379136,32.1882951653944,71.45150931278098,80.43893129770991,68.41603053435115,68.41603053435115,64.99,703
48477,TX,Washington,8.04857142857143,7.6323743,8.076576,-0.44420236,48.823155216284995,84.68919482686692,,72.67811704834605,78.9440203562341,68.36865767501605,82.63358778625954,71.97837150127226,71.97837150127226,64.96,704
48349,TX,Navarro,10.312857142857142,9.009409,9.211685,-0.2022765,82.28371501272265,61.45181476846058,,68.28880407124683,57.22010178117048,85.03532434168272,94.05216284987277,75.25445292620864,75.25445292620864,64.89,705
29209,MO,Stone,9.004285714285714,8.79485,8.888513,-0.093661584,64.09033078880407,39.340842720066746,,74.6501272264631,49.840966921119595,81.37443802183687,69.14758269720102,76.74936386768448,76.74936386768448,64.88,706
51760,VA,Richmond City,8.607142857142858,8.665977,8.640989,0.024986744,18.03435114503817,79.34918648310388,39.8,82.63358778625954,0.0,88.31085420680797,66.76208651399492,78.4033078880407,78.4033078880407,64.87,707
18063,IN,Hendricks,8.395714285714286,7.956478,8.043134,-0.08665558,10.655216284987278,12.348769294952024,,81.01145038167938,56.10687022900763,75.85099550417469,87.02290076335878,76.81297709923663,76.81297709923663,64.86,708
36101,NY,Steuben,6.381428571428572,6.7485204,6.8307033,-0.082182884,30.725190839694655,70.12932832707551,,87.53180661577609,55.50254452926209,44.44444444444444,58.11068702290076,76.8765903307888,76.8765903307888,64.86,708
55087,WI,Outagamie,8.66,7.864035,7.7456007,0.11843409,26.685750636132315,18.189403420942845,,77.09923664122137,0.0,71.09826589595376,86.83206106870229,79.67557251908397,79.67557251908397,64.85,710
22053,LA,Jefferson Davis,3.221428571428571,5.722446,5.9800296,-0.2575837,67.84351145038168,92.28201919065498,45.6,66.69847328244275,93.32061068702288,52.215799614643544,75.69974554707379,74.33206106870229,74.33206106870229,64.82,711
47189,TN,Wilson,9.104285714285714,9.106141,8.9560175,0.15012428,37.30916030534351,38.54818523153942,,82.09287531806616,31.17048346055979,61.9781631342325,85.84605597964376,79.99363867684478,79.99363867684478,64.79,712
24021,MD,Frederick,6.79,6.9989305,7.2570114,-0.2580813,27.63994910941476,79.26574885273259,,81.58396946564885,72.01017811704835,85.09955041746949,67.20737913486005,74.20483460559797,74.20483460559797,64.76,713
20151,KS,Pratt,4.497142857142857,5.5776696,7.208306,-1.6306365,80.59796437659033,0.0,,15.171755725190838,96.08778625954199,32.69107257546564,68.57506361323156,54.834605597964384,54.834605597964384,64.71,714
48325,TX,Medina,8.754285714285714,8.042275,8.683334,-0.6410596,85.24173027989822,59.03212348769294,,77.2264631043257,90.80788804071248,74.02055234425178,60.87786259541985,68.70229007633588,68.70229007633588,64.7,715
40145,OK,Wagoner,7.3342857142857145,7.3997602,7.7125206,-0.31276062,81.67938931297711,21.777221526908637,,70.61068702290076,89.85368956743001,94.02697495183045,72.04198473282443,73.25063613231552,73.25063613231552,64.67,716
5023,AR,Cleburne,7.117142857142857,8.644533,8.983783,-0.33925006,75.79516539440203,53.066332916145186,,73.31424936386767,33.74681933842239,66.15285806037251,88.77226463104327,72.70992366412213,72.70992366412213,64.58,717
13215,GA,Muscogee,6.691428571428571,7.4722123,7.179912,0.2923003,61.100508905852415,82.31122236128495,,87.27735368956743,26.049618320610683,90.9762363519589,71.27862595419847,81.55216284987277,81.55216284987277,64.57,718
26017,MI,Bay,8.211428571428572,7.4469705,7.3948197,0.05215066,14.662849872773537,42.09428452231956,45.8,81.48854961832062,0.0,53.596660244059095,83.96946564885496,78.18066157760815,78.18066157760815,64.57,718
48323,TX,Maverick,6.015714285714286,5.8937364,6.8367357,-0.9429997,48.473282442748086,65.8322903629537,,73.05979643765902,81.39312977099237,90.39820166987796,67.39821882951654,64.15394402035624,64.15394402035624,64.54,720
26077,MI,Kalamazoo,7.914285714285714,8.068532,7.745458,0.32307333,36.57760814249364,44.472256987901545,,83.14249363867683,0.0,57.06486833654464,93.67048346055981,81.67938931297711,81.67938931297711,64.42,721
40081,OK,Lincoln,6.421428571428572,6.747089,7.1581464,-0.41105726,92.8117048346056,18.73174801835628,,50.445292620865146,88.19974554707379,86.31984585741812,88.64503816793892,71.31043256997455,71.31043256997455,64.39,722
37107,NC,Lenoir,8.228571428571428,7.4105387,6.8751626,0.53537637,33.68320610687023,94.91030454735085,28.4,79.13486005089058,68.57506361323156,76.07578676942839,86.45038167938931,84.60559796437659,84.60559796437659,64.39,722
15007,HI,Kauai,8.52,7.977504,7.4504704,0.52703303,93.06615776081425,64.87275761368377,49.8,90.61704834605598,26.3676844783715,0.0,2.353689567430025,84.44656488549617,84.44656488549617,64.37,724
39023,OH,Clark,8.935714285714285,7.9145074,7.9076314,0.0068753785,25.03180661577608,40.00834376303714,,84.16030534351145,53.40330788804071,63.166345536287736,82.31552162849873,77.09923664122137,77.09923664122137,64.35,725
37135,NC,Orange,8.57,7.378174,7.2309365,0.14723696,28.435114503816795,81.89403420942845,,85.52798982188295,54.4529262086514,84.07193320488119,81.45674300254453,79.07124681933843,79.07124681933843,64.35,725
20099,KS,Labette,7.021428571428571,6.7753406,7.545218,-0.76987743,38.581424936386775,38.63162286191072,,68.73409669211196,81.99745547073792,71.86897880539499,83.5559796437659,66.18956743002545,66.18956743002545,64.34,727
55035,WI,Eau Claire,8.064285714285713,8.240798,8.143554,0.09724409,30.12086513994911,0.0,,79.93002544529261,16.412213740458014,67.37315350032112,80.59796437659033,78.30788804071247,78.30788804071247,64.32,728
37061,NC,Duplin,8.532857142857143,8.366551,7.478624,0.8879267,65.9033078880407,97.53858990404672,0.0,66.41221374045801,65.39440203562341,75.33718689788054,83.11068702290076,89.40839694656488,89.40839694656488,64.31,729
17121,IL,Marion,7.0,5.9870124,5.9733396,0.01367288,15.458015267175574,40.59240717563621,,68.12977099236642,64.44020356234097,83.26910725754657,70.54707379134861,77.13104325699746,77.13104325699746,64.31,729
19013,IA,Black Hawk,5.49,5.436354,5.4606667,-0.024312599,36.895674300254456,17.06299541093033,,76.62213740458014,96.66030534351144,44.76557482337829,91.38040712468192,76.59033078880407,76.59033078880407,64.31,729
22067,LA,Morehouse,2.5099999999999993,4.225669,5.7663217,-1.5406524,48.25063613231552,68.16854401335002,,59.44656488549617,72.67811704834605,79.57610789980733,68.44783715012723,55.27989821882952,55.27989821882952,64.3,732
54059,WV,Mingo,2.6125,3.6755438,3.9798746,-0.3043309,81.77480916030534,51.606174384647474,,86.03689567430025,13.581424936386767,66.50610147719973,12.213740458015266,72.58269720101781,72.58269720101781,64.27,733
45053,SC,Jasper,7.854285714285715,6.6286464,6.504855,0.123791285,76.7175572519084,96.20358781810597,59.0,34.82824427480916,46.978371501272264,71.54784842646114,35.846055979643765,78.5941475826972,78.5941475826972,64.27,733
8077,CO,Mesa,9.12,8.889529,9.003301,-0.11377124,89.94910941475827,,,81.90203562340967,73.85496183206108,59.34489402697495,17.68447837150127,75.12722646310432,75.12722646310432,64.21,735
13179,GA,Liberty,9.299999999999999,8.55251,8.100083,0.45242664,76.11323155216286,96.87108886107636,51.2,52.29007633587786,15.489821882951654,74.40590879897239,35.909669211195926,83.04707379134861,83.04707379134861,64.19,736
5107,AR,Phillips,5.279999999999999,1.223007,2.291616,-1.0686091,18.28880407124682,58.11430955360868,,46.151399491094146,75.09541984732824,75.24084778420038,78.18066157760815,61.67302798982188,61.67302798982188,64.18,737
13115,GA,Floyd,9.751428571428573,8.861173,8.481786,0.37938696,74.36386768447836,63.53775552774301,,82.41094147582697,69.11577608142494,63.744380218368654,94.78371501272264,81.96564885496184,81.96564885496184,64.16,738
55113,WI,Sawyer,9.615714285714287,8.974828,9.12766,-0.15283182,17.748091603053435,0.0,,62.086513994910945,33.81043256997455,33.17276814386641,30.216284987277355,74.49109414758269,74.49109414758269,64.16,738
48239,TX,Jackson,6.591428571428572,6.9486833,7.298534,-0.34985098,63.899491094147585,94.03420942845223,51.8,55.3117048346056,90.04452926208651,55.13808606294155,49.93638676844784,71.69211195928753,71.69211195928753,64.15,740
17107,IL,Logan,4.64,4.4074426,5.7238626,-1.31642,1.494910941475827,24.86441385064664,,53.68956743002544,92.43002544529261,74.95183044315993,69.81552162849873,58.11068702290076,58.11068702290076,64.14,741
39041,OH,Delaware,7.688571428571429,7.806698,7.6516128,0.15508471,26.74936386768448,27.284105131414265,,86.35496183206108,14.408396946564888,76.62170841361593,81.52035623409668,78.7531806615776,78.7531806615776,64.13,742
28113,MS,Pike,3.432857142857143,5.427136,5.863004,-0.43586832,71.53307888040712,87.2340425531915,,64.75826972010178,55.88422391857505,82.33782915863841,90.07633587786259,70.41984732824427,70.41984732824427,64.11,743
13127,GA,Glynn,9.232857142857142,9.079742,8.566123,0.5136189,92.1119592875318,95.86983729662077,89.60000000000002,54.198473282442755,14.599236641221374,81.0854206807964,43.12977099236641,83.68320610687023,83.68320610687023,64.08,744
45031,SC,Darlington,5.840000000000001,6.0397043,6.337655,-0.29795104,73.95038167938931,87.85982478097623,,64.2175572519084,53.975826972010175,81.18175979447656,84.35114503816794,72.264631043257,72.264631043257,64.07,745
1123,AL,Tallapoosa,7.508571428571429,7.1731687,7.811546,-0.6383771,75.06361323155215,74.21777221526908,,77.86259541984732,39.94910941475827,84.26461143224147,72.83715012722645,67.4618320610687,67.4618320610687,64.06,746
53025,WA,Grant,9.751428571428573,9.324707,9.288249,0.03645771,95.83333333333334,,,77.19465648854961,32.729007633587784,87.09055876685935,15.458015267175574,76.94020356234098,76.94020356234098,64.06,746
39085,OH,Lake,6.952857142857143,7.382314,7.3129883,0.06932664,28.880407124681938,49.47851481017939,38.6,86.10050890585242,0.0,67.14836223506744,75.19083969465649,77.35368956743001,77.35368956743001,64.03,748
31053,NE,Dodge,7.081428571428572,7.257828,7.8950768,-0.6372485,70.32442748091603,0.0,,67.33460559796438,78.56234096692113,54.75272960822094,84.22391857506362,67.39821882951654,67.39821882951654,64.02,749
21151,KY,Madison,7.591428571428572,8.114351,8.218901,-0.10454934,52.035623409669206,50.64664163537755,,75.98600508905852,20.674300254452927,61.111111111111114,85.30534351145039,74.84096692111959,74.84096692111959,64.0,750
51003,VA,Albemarle,6.827142857142857,6.7704115,6.6353645,0.13504706,64.34478371501272,82.64497288277013,,85.14631043256999,78.4033078880407,69.23570969813746,52.19465648854962,78.14885496183206,78.14885496183206,63.97,751
48265,TX,Kerr,8.648571428571428,8.9751835,8.909771,0.06541252,84.44656488549617,61.95244055068836,,85.24173027989822,77.2264631043257,67.40526653821452,78.88040712468194,77.16284987277355,77.16284987277355,63.96,752
17017,IL,Cass,4.647142857142858,3.5048661,6.1812377,-2.6763718,0.286259541984733,15.602836879432624,,28.117048346055977,84.12849872773536,64.83622350674374,32.60178117048346,38.645038167938935,38.645038167938935,63.95,753
18035,IN,Delaware,7.888571428571429,7.7750883,7.766093,0.008995942,21.81933842239186,31.78973717146433,,82.47455470737911,43.89312977099237,35.45279383429673,90.39440203562341,76.33587786259542,76.33587786259542,63.95,753
42049,PA,Erie,7.04,7.18528,6.6228037,0.5624759,36.92748091603055,71.08886107634544,36.4,90.71246819338423,0.0,40.62299293513166,66.57124681933843,84.0966921119593,84.0966921119593,63.94,755
23019,ME,Penobscot,9.251428571428571,8.713682,8.581266,0.13241632,29.262086513994912,86.69169795577805,41.0,83.01526717557252,60.2735368956743,36.127167630057805,32.31552162849873,78.02162849872775,78.02162849872775,63.92,756
29165,MO,Platte,8.147142857142857,7.8380523,8.175252,-0.3371996,60.591603053435115,0.0,,65.9033078880407,57.06106870229007,90.23763648041104,88.00890585241731,71.37404580152672,71.37404580152672,63.9,757
34041,NJ,Warren,8.501428571428573,7.517497,7.1866794,0.33081788,23.44147582697201,79.93324989570296,,86.54580152671755,78.43511450381678,72.22222222222221,49.68193384223918,80.75699745547074,80.75699745547074,63.9,757
5125,AR,Saline,6.1000000000000005,7.014073,6.905477,0.10859544,61.51399491094147,56.07008760951189,,74.90458015267176,25.41348600508906,92.35709698137443,89.05852417302799,77.63994910941476,77.63994910941476,63.9,757
48223,TX,Hopkins,9.1,8.281036,8.628549,-0.34751195,65.64885496183206,57.90571547768043,,58.0470737913486,66.69847328244275,76.36480411046885,91.9529262086514,71.2150127226463,71.2150127226463,63.89,760
54043,WV,Lincoln,4.977142857142858,5.806397,6.9726605,-1.1662638,71.97837150127226,47.43429286608261,,78.68956743002543,23.85496183206107,72.99293513166344,11.895674300254452,59.70101781170484,59.70101781170484,63.88,761
55039,WI,Fond du Lac,8.042857142857143,7.2856708,7.2673607,0.018310377,50.69974554707379,20.65081351689612,,74.33206106870229,23.346055979643765,71.35517019910084,88.48600508905852,76.30407124681933,76.30407124681933,63.86,762
42085,PA,Mercer,6.529999999999999,6.6004996,6.478997,0.12150257,36.354961832061065,64.78931998331248,,87.88167938931298,0.0,28.42003853564547,55.34351145038168,77.735368956743,77.735368956743,63.86,762
37195,NC,Wilson,9.288571428571428,7.8147445,7.790612,0.024132116,40.394402035623415,90.36295369211514,,77.16284987277355,88.29516539440203,80.05780346820809,70.22900763358778,76.27226463104327,76.27226463104327,63.81,764
31141,NE,Platte,7.264285714285714,7.303245,7.683518,-0.38027313,61.927480916030525,,,60.71882951653944,86.03689567430025,35.83815028901734,90.9033078880407,70.57888040712467,70.57888040712467,63.8,765
21193,KY,Perry,2.432,3.2988038,3.4868271,-0.18802316,77.92620865139949,44.3471005423446,,86.29134860050891,0.0,40.912010276172126,33.9058524173028,73.21882951653944,73.21882951653944,63.77,766
29037,MO,Cass,8.577142857142857,8.447545,8.513224,-0.06567907,29.4529262086514,17.77221526908636,,70.54707379134861,49.93638676844784,88.92100192678227,89.85368956743001,74.90458015267176,74.90458015267176,63.75,767
26093,MI,Livingston,6.778571428571429,7.342445,7.509604,-0.16715868,37.595419847328245,23.571130579891527,,73.98218829516541,0.0,64.22607578676943,91.50763358778626,73.47328244274809,73.47328244274809,63.75,767
35047,NM,San Miguel,6.4628571428571435,6.841858,6.9279275,-0.08606969,97.29643765903309,,,83.36513994910942,49.650127226463106,8.831085420680797,14.790076335877863,74.58651399491094,74.58651399491094,63.74,769
55127,WI,Walworth,8.328571428571427,8.102667,8.175967,-0.07330101,25.254452926208653,12.599082186065916,,73.15521628498728,43.670483460559794,73.956326268465,88.19974554707379,74.77735368956743,74.77735368956743,63.74,769
47017,TN,Carroll,8.29857142857143,7.979526,8.191964,-0.21243834,20.197201017811707,52.3988318731748,,27.2264631043257,55.152671755725194,82.46628131021194,87.11832061068702,72.80534351145039,72.80534351145039,63.73,771
17145,IL,Perry,5.067142857142857,5.5211587,5.782898,-0.2617391,3.848600508905852,40.50896954526492,,49.80916030534351,58.11068702290076,78.90173410404624,60.62340966921119,72.07379134860051,72.07379134860051,63.71,772
39045,OH,Fairfield,8.952857142857143,8.129058,8.35107,-0.22201225,26.304071246819337,29.453483521068,,81.80661577608143,77.3854961832061,79.25497752087347,71.5966921119593,72.6145038167939,72.6145038167939,63.71,772
13267,GA,Tattnall,10.425714285714287,7.9165883,8.438066,-0.5214777,63.072519083969475,93.95077179808092,,37.81806615776082,89.40839694656488,63.29479768786127,52.32188295165393,68.38422391857506,68.38422391857506,63.69,774
24027,MD,Howard,5.505714285714285,5.7280436,5.947288,-0.21924438,15.553435114503817,81.18481435127242,20.4,78.11704834605598,74.96819338422391,89.27424534360951,42.239185750636125,72.42366412213741,72.42366412213741,63.59,775
27027,MN,Clay,4.567142857142857,5.954983,6.083468,-0.12848441,65.96692111959288,,,82.44274809160305,49.395674300254456,38.72832369942197,62.02290076335878,73.66412213740458,73.66412213740458,63.57,776
45029,SC,Colleton,9.981428571428571,9.200402,8.48679,0.71361244,82.76081424936386,96.37046307884857,78.2,56.36132315521628,49.42748091603055,74.21323057161209,60.55979643765903,85.46437659033079,85.46437659033079,63.56,777
42081,PA,Lycoming,5.7,6.833689,6.537956,0.29573274,26.8765903307888,75.05214851898207,,88.99491094147582,0.0,52.536929993577395,50.413486005089055,79.58015267175573,79.58015267175573,63.55,778
6035,CA,Lassen,4.154285714285715,5.8157783,5.980968,-0.16518913,97.48727735368956,,,74.36386768447836,83.5559796437659,24.213230571612073,3.180661577608142,73.09160305343512,73.09160305343512,63.55,778
17075,IL,Iroquois,6.868571428571428,6.6228375,6.725742,-0.102904096,3.530534351145039,30.579891531080516,,79.58015267175573,22.58269720101781,43.99486191393706,57.1882951653944,73.95038167938931,73.95038167938931,63.54,780
23005,ME,Cumberland,9.530000000000001,8.906947,8.791389,0.11555832,38.93129770992366,90.69670421360031,78.4,72.29643765903307,41.03053435114504,59.216441875401415,25.47709923664122,77.00381679389314,77.00381679389314,63.53,781
54079,WV,Putnam,5.372857142857143,6.2971663,6.3905563,-0.09338982,50.349872773536894,51.522736754276174,,86.89567430025447,46.37404580152672,84.16827231856135,18.829516539440203,74.01399491094148,74.01399491094148,63.5,782
21101,KY,Henderson,6.785714285714286,6.5842834,6.7363963,-0.15211232,7.061068702290077,29.203170629954112,,74.93638676844785,71.18320610687023,73.82787411689145,56.48854961832062,73.15521628498728,73.15521628498728,63.48,783
55081,WI,Monroe,7.2542857142857144,7.4726205,7.2184854,0.25413465,33.26972010178117,11.347517730496454,,78.43511450381678,29.64376590330789,76.10789980732177,76.33587786259542,78.84860050890585,78.84860050890585,63.48,783
39165,OH,Warren,8.647142857142857,8.177322,7.9966655,0.18065664,37.659033078880405,21.27659574468085,,83.87404580152672,47.45547073791349,65.83172768143866,83.39694656488551,77.79898218829516,77.79898218829516,63.47,785
48001,TX,Anderson,8.304285714285713,8.053629,8.167682,-0.11405379,78.18066157760815,73.38339591155612,,69.6882951653944,63.358778625954194,78.32369942196532,92.33460559796438,73.6323155216285,73.6323155216285,63.46,786
18091,IN,La Porte,8.154285714285715,7.939919,7.678946,0.26097324,35.24173027989822,26.95035460992908,28.999999999999996,74.61832061068702,0.0,67.59794476557482,92.55725190839696,78.88040712468194,78.88040712468194,63.45,787
26025,MI,Calhoun,8.402857142857142,8.064173,8.112609,-0.04843664,28.466921119592875,37.5052148518982,,75.79516539440203,0.0,50.545921644187544,88.32697201017811,74.52290076335878,74.52290076335878,63.44,788
23011,ME,Kennebec,9.875714285714285,8.784247,8.7816725,0.0025750569,33.49236641221374,87.65123070504798,54.8,80.08905852417303,76.46310432569975,38.37508028259473,25.89058524173028,75.22264631043257,75.22264631043257,63.43,789
37035,NC,Catawba,9.680000000000001,9.276973,8.892024,0.38494867,36.60941475826972,76.88777638715061,,85.08269720101781,60.973282442748086,57.28965960179833,86.25954198473282,80.56615776081425,80.56615776081425,63.42,790
28011,MS,Bolivar,4.352857142857142,3.6086488,3.4915314,0.11711758,17.938931297709924,66.37463496036713,,76.8765903307888,89.02671755725191,84.0398201669878,82.91984732824427,76.78117048346056,76.78117048346056,63.41,791
20045,KS,Douglas,7.135714285714286,7.629817,7.6508336,-0.021016836,55.75699745547074,0.0,,72.7735368956743,50.69974554707379,70.26332691072575,92.39821882951652,74.80916030534351,74.80916030534351,63.39,792
17057,IL,Fulton,3.834285714285714,4.9938316,6.1406064,-1.146775,4.930025445292621,23.779724655819777,,57.63358778625955,65.83969465648855,76.71804752729608,74.01399491094148,59.00127226463104,59.00127226463104,63.39,792
27119,MN,Polk,5.128571428571428,5.3482347,5.9218974,-0.5736628,83.36513994910942,,,69.8473282442748,89.18575063613233,24.91971740526654,47.45547073791349,67.04834605597965,67.04834605597965,63.39,792
39025,OH,Clermont,8.594285714285714,8.362187,8.159444,0.2027426,41.38040712468193,20.859407592824365,,81.29770992366412,37.30916030534351,86.67308927424534,83.61959287531806,77.86259541984732,77.86259541984732,63.35,795
21117,KY,Kenton,8.19,8.190153,8.017853,0.17229962,20.928753180661577,13.141426783479348,,76.17684478371501,15.903307888040713,80.60372511239564,91.66666666666664,77.41730279898219,77.41730279898219,63.34,796
42015,PA,Bradford,5.402857142857143,6.4976377,6.6300874,-0.13244922,21.692111959287537,69.42010846891948,,86.1323155216285,0.0,32.65895953757225,31.552162849872772,73.1234096692112,73.1234096692112,63.33,797
5123,AR,Saint Francis,7.12,8.395532,8.410918,-0.01538627,27.067430025445297,51.230705047976635,,41.18956743002545,83.01526717557252,85.35645472061658,96.2468193384224,74.74554707379136,74.74554707379136,63.32,798
48089,TX,Colorado,5.698571428571428,6.7145495,7.620552,-0.9060027,49.42748091603055,87.98498122653316,,51.04961832061069,92.52544529262089,62.17084136159281,71.08778625954199,62.24554707379135,62.24554707379135,63.32,798
18105,IN,Monroe,7.591428571428572,8.119222,8.046423,0.072798386,31.17048346055979,23.821443471005423,,80.82061068702289,29.166666666666668,84.61785484906872,82.15648854961832,75.98600508905852,75.98600508905852,63.32,798
48331,TX,Milam,9.675714285714287,7.766898,8.967494,-1.2005962,65.61704834605598,77.76387150604923,,51.68575063613231,86.38676844783714,65.06101477199742,81.67938931297711,58.07888040712468,58.07888040712468,63.31,801
53039,WA,Klickitat,8.138571428571428,9.3493805,9.42306,-0.07367979,98.40966921119592,,,66.6030534351145,17.62086513994911,40.55876685934489,6.297709923664121,73.88676844783714,73.88676844783714,63.3,802
37159,NC,Rowan,10.09,9.6223755,9.050011,0.5723649,47.74173027989822,72.38214434710052,,84.764631043257,71.43765903307889,50.93127809890816,85.68702290076337,82.91984732824427,82.91984732824427,63.28,803
34011,NJ,Cumberland,8.928571428571429,7.6871862,7.1364784,0.5507076,85.7824427480916,91.9482686691698,88.4,72.2328244274809,84.00127226463104,88.15028901734104,54.039440203562336,82.56997455470739,82.56997455470739,63.26,804
28029,MS,Copiah,5.272857142857142,5.3143897,6.2748485,-0.9604584,49.55470737913486,78.05590321234877,,46.69211195928753,54.32569974554708,81.3102119460501,89.47201017811705,61.29134860050891,61.29134860050891,63.23,805
48147,TX,Fannin,9.448571428571428,8.357176,8.831389,-0.47421435,70.10178117048346,48.769294952023365,,36.45038167938932,99.10941475826972,89.59537572254337,87.30916030534351,68.12977099236642,68.12977099236642,63.23,805
18081,IN,Johnson,8.794285714285715,8.505668,8.511795,-0.0061272895,19.6882951653944,11.264080100125156,,78.91221374045801,50.38167938931297,65.63904945407836,89.31297709923663,74.6501272264631,74.6501272264631,63.21,807
42123,PA,Warren,6.418571428571428,6.516904,7.170443,-0.6535391,11.927480916030534,57.15477680433876,,82.82442748091603,0.0,9.666024405908798,21.946564885496183,65.55343511450383,65.55343511450383,63.2,808
45057,SC,Lancaster,9.525714285714287,9.127755,8.792963,0.33479142,45.10178117048346,74.96871088861077,,81.3295165394402,30.248091603053435,57.7713551701991,88.51781170483459,79.42111959287533,79.42111959287533,63.2,808
37051,NC,Cumberland,8.887142857142857,8.712362,7.6622787,1.050084,84.22391857506362,93.99249061326658,0.0,89.24936386768448,45.32442748091603,94.15542710340398,92.970737913486,89.47201017811705,89.47201017811705,63.2,808
19169,IA,Story,5.661428571428571,6.3103137,6.7306256,-0.42031208,30.343511450381676,14.351272423863165,,69.14758269720102,96.4058524173028,13.005780346820808,91.34860050890585,68.8295165394402,68.8295165394402,63.2,808
36039,NY,Greene,10.351428571428572,8.950462,9.402936,-0.45247278,18.861323155216287,81.43512724238632,19.0,81.77480916030534,0.0,34.58574181117534,54.51653944020356,68.28880407124683,68.28880407124683,63.16,812
29021,MO,Buchanan,7.428571428571429,6.714294,6.732356,-0.018062148,57.760814249363875,0.0,,68.51145038167938,72.29643765903307,89.78805394990364,89.7264631043257,74.36386768447836,74.36386768447836,63.15,813
54005,WV,Boone,6.638571428571429,8.660634,9.033679,-0.37304536,74.26844783715013,44.13850646641635,,85.01908396946563,0.0,60.14771997430957,10.591603053435112,69.37022900763358,69.37022900763358,63.14,814
1049,AL,DeKalb,8.891428571428571,8.202373,7.7894135,0.41295958,73.75954198473282,69.67042136003337,,81.74300254452926,87.27735368956743,64.03339755940912,88.26335877862596,80.37531806615776,80.37531806615776,63.13,815
27099,MN,Mower,7.257142857142857,7.112846,7.633113,-0.5202665,18.829516539440203,0.0,,74.96819338422391,91.85750636132317,41.040462427745666,81.1704834605598,67.27099236641222,67.27099236641222,63.12,816
17101,IL,Lawrence,5.622857142857143,6.7121835,8.514167,-1.8019829,0.540712468193384,22.110972048393823,,58.206106870229014,85.84605597964376,57.257546563904945,45.73791348600509,49.23664122137404,49.23664122137404,63.11,817
56021,WY,Laramie,6.882857142857143,8.228435,8.071938,0.15649693,91.85750636132317,,,66.95292620865139,27.86259541984733,19.235709698137445,88.35877862595419,76.68575063613233,76.68575063613233,63.08,818
26075,MI,Jackson,7.478571428571429,8.0900755,7.9458137,0.14426157,32.85623409669211,39.54943679599499,,77.13104325699746,0.0,57.67501605651895,93.57506361323156,76.46310432569975,76.46310432569975,63.06,819
17165,IL,Saline,5.507142857142857,5.889061,6.192547,-0.30348566,8.555979643765903,43.51272423863161,,57.410941475826974,67.01653944020356,78.45215157353884,68.4796437659033,70.13358778625954,70.13358778625954,63.03,820
48341,TX,Moore,5.912857142857143,5.71361,6.6015472,-0.8879369,89.24936386768448,0.0,,9.605597964376592,99.14122137404581,22.639691714836225,75.44529262086515,61.895674300254456,61.895674300254456,63.02,821
18177,IN,Wayne,6.814285714285715,7.6881633,7.702583,-0.01441942,20.706106870229007,28.035043804755944,,79.67557251908397,25.222646310432573,49.486191393705845,90.7442748091603,74.10941475826972,74.10941475826972,62.99,822
20015,KS,Butler,7.047142857142857,7.0343375,7.027538,0.0068001407,95.64249363867685,29.78723404255319,,67.74809160305344,55.27989821882952,83.97559409120102,90.17175572519085,74.39567430025447,74.39567430025447,62.99,822
40123,OK,Pontotoc,5.83,6.12786,6.9385076,-0.81064755,90.17175572519085,27.11722987067167,,45.578880407124686,75.60432569974553,79.03018625561978,88.45419847328245,62.913486005089055,62.913486005089055,62.98,824
31079,NE,Hall,7.514285714285714,7.280542,7.2797256,0.0008163452,50.636132315521635,,,70.10178117048346,91.82569974554707,17.116249197174053,89.94910941475827,74.23664122137404,74.23664122137404,62.95,825
39119,OH,Muskingum,8.085714285714285,7.6633787,7.8983717,-0.23499298,33.587786259541986,43.09553608677514,,83.81043256997457,67.68447837150127,62.813102119460495,56.329516539440206,70.92875318066157,70.92875318066157,62.95,825
32019,NV,Lyon,8.388571428571428,8.974275,9.174402,-0.20012848,96.78753180661576,,,63.45419847328244,69.91094147582697,67.56583172768144,2.194656488549618,71.4058524173028,71.4058524173028,62.94,827
20055,KS,Finney,5.944285714285714,6.532063,7.276071,-0.7440084,46.43765903307888,,,37.75445292620866,98.31424936386767,20.71290944123314,76.8765903307888,63.74045801526719,63.74045801526719,62.93,828
34019,NJ,Hunterdon,6.398571428571429,6.3264813,6.0055723,0.32090887,26.33587786259542,74.67667918231122,,86.76844783715013,72.99618320610686,72.12588310854207,51.43129770992366,78.68956743002543,78.68956743002543,62.93,828
29113,MO,Lincoln,7.482857142857143,8.10808,8.611093,-0.5030125,59.25572519083969,12.72423863162286,,70.29262086513995,43.25699745547074,92.61400128452152,72.93256997455471,67.08015267175573,67.08015267175573,62.91,830
29069,MO,Dunklin,4.956666666666667,5.9779587,5.547527,0.43043151,7.760814249363868,46.51647893199833,,42.716284987277355,94.24300254452926,89.62748876043673,73.69592875318067,80.1208651399491,80.1208651399491,62.87,831
48465,TX,Val Verde,5.992857142857142,7.237292,7.092194,0.14509757,85.01908396946563,57.6136837713809,,87.30916030534351,62.97709923664122,69.42838792549774,41.06234096692112,76.08142493638677,76.08142493638677,62.86,832
30063,MT,Missoula,10.275714285714287,8.870009,8.655931,0.21407771,95.76972010178118,,,68.63867684478372,15.966921119592875,53.500321130378936,10.146310432569974,77.03562340966921,77.03562340966921,62.85,833
36017,NY,Chenango,6.932857142857143,6.625629,6.745763,-0.12013446,26.494910941475823,66.41635377555278,,85.6234096692112,0.0,26.107899807321772,46.4058524173028,72.32824427480917,72.32824427480917,62.84,834
39057,OH,Greene,8.47857142857143,7.916867,7.79539,0.12147726,30.820610687022903,37.63037129745515,,75.41348600508906,46.723918575063614,65.3500321130379,81.29770992366412,75.66793893129771,75.66793893129771,62.82,835
32023,NV,Nye,9.117142857142857,9.39852,9.085226,0.3132937,80.91603053435115,,,81.87022900763358,47.20101781170484,97.10982658959536,1.526717557251908,78.33969465648855,78.33969465648855,62.81,836
51165,VA,Rockingham,6.410000000000001,6.996029,6.9177556,0.07827323,64.40839694656488,82.51981643721318,,84.63740458015268,82.1882951653944,72.31856133590237,29.134860050890588,75.03180661577609,75.03180661577609,62.8,837
39003,OH,Allen,7.090000000000001,7.1970224,7.236641,-0.03961846,9.35114503816794,46.808510638297875,,83.04707379134861,0.0,51.92678227360308,74.30025445292621,73.34605597964376,73.34605597964376,62.79,838
16055,ID,Kootenai,11.642857142857142,10.3763075,10.014056,0.36225098,79.51653944020356,,,86.32315521628499,14.026717557251908,83.10854206807964,22.010178117048344,78.97582697201018,78.97582697201018,62.78,839
40087,OK,McClain,7.224285714285714,6.8778276,7.6653166,-0.7874888,87.18193384223919,22.444722569879016,,53.276081424936386,75.92239185750637,81.02119460500963,89.12213740458014,62.81806615776081,62.81806615776081,62.77,840
17081,IL,Jefferson,5.822857142857143,6.2982354,6.0583005,0.23993519,9.701017811704835,39.13224864413851,,58.96946564885496,58.301526717557245,81.27809890815672,79.07124681933843,77.2264631043257,77.2264631043257,62.76,841
29091,MO,Howell,8.22,7.976364,7.6965384,0.2798254,75.44529262086515,41.67709637046307,,79.6119592875318,32.69720101781171,87.02633269107258,76.62213740458014,77.7671755725191,77.7671755725191,62.75,842
42089,PA,Monroe,9.165714285714285,9.280294,8.478946,0.8013476,51.55852417302798,82.43637880684189,,88.07251908396947,0.0,74.69492614001283,65.93511450381679,85.08269720101781,85.08269720101781,62.75,842
17001,IL,Adams,4.921428571428571,5.3115516,5.9969454,-0.68539387,5.216284987277354,23.946599916562366,,60.65521628498728,84.06488549618322,91.23314065510596,58.842239185750635,64.18575063613231,64.18575063613231,62.74,844
29093,MO,Iron,10.531428571428572,8.836654,9.137649,-0.30099487,50.82697201017812,28.619107217355022,,64.47201017811705,15.744274809160306,96.37122671804752,58.365139949109405,69.49745547073792,69.49745547073792,62.7,845
42019,PA,Butler,5.97,7.2801332,6.883191,0.3969418,38.99491094147582,57.029620358781806,,89.02671755725191,0.0,41.13680154142582,59.796437659033074,79.26208651399492,79.26208651399492,62.68,846
21009,KY,Barren,8.231428571428571,8.102105,8.510788,-0.40868232,16.571246819338423,45.01460158531498,,67.77989821882952,48.918575063613225,61.913937058445725,85.43256997455471,67.90712468193384,67.90712468193384,62.66,847
48463,TX,Uvalde,6.524285714285715,7.298305,7.555772,-0.25746685,73.21882951653944,62.4113475177305,,82.31552162849873,90.10814249363868,81.88824662813103,50.858778625954194,70.0381679389313,70.0381679389313,62.66,847
28099,MS,Neshoba,5.467142857142858,4.7137427,5.807956,-1.0942136,41.98473282442748,81.05965790571548,,41.38040712468193,56.965648854961835,69.58895311496468,86.00508905852418,58.269720101781175,58.269720101781175,62.65,849
28163,MS,Yazoo,4.628571428571428,4.505963,4.6797256,-0.17376272,44.529262086513995,70.50479766374636,,48.536895674300254,89.66284987277355,77.71355170199101,89.15394402035624,71.15139949109415,71.15139949109415,62.63,850
29009,MO,Barry,8.608571428571429,8.20879,8.104303,0.10448681,67.55725190839695,46.43304130162702,,79.42111959287533,71.88295165394402,83.07642903018626,85.01908396946563,75.06361323155215,75.06361323155215,62.63,850
40091,OK,McIntosh,8.757142857142856,8.076207,8.631988,-0.5557806,90.68066157760815,43.178973717146434,,59.82824427480916,93.22519083969466,90.5266538214515,79.51653944020356,65.77608142493638,65.77608142493638,62.62,852
40137,OK,Stephens,6.167142857142857,6.9386253,7.482265,-0.5436397,88.54961832061069,30.663329161451813,,54.166666666666664,74.68193384223919,82.94797687861272,89.75826972010178,65.93511450381679,65.93511450381679,62.62,852
13073,GA,Columbia,8.051428571428572,8.23557,8.000936,0.23463406,65.235368956743,79.68293700458908,,82.66539440203562,27.035623409669213,75.27296082209376,86.22773536895673,76.84478371501272,76.84478371501272,62.61,854
48143,TX,Erath,9.551428571428572,8.359923,8.252429,0.10749463,95.48346055979644,56.40383813099707,,72.07379134860051,65.01272264631042,58.89531149646756,82.82442748091603,75.0,75.0,62.58,855
27115,MN,Pine,8.19,8.738858,9.545997,-0.80713874,65.77608142493638,,,69.27480916030534,40.20356234096692,44.50867052023121,52.035623409669206,62.150127226463106,62.150127226463106,62.58,855
40035,OK,Craig,4.108333333333333,6.2755322,7.5553284,-1.2797961,60.43256997455471,32.332081768877764,,55.05725190839694,74.39567430025447,72.96082209377008,66.82569974554707,55.50254452926209,55.50254452926209,62.57,857
36003,NY,Allegany,6.998571428571429,6.897969,7.1577263,-0.25975725,19.720101781170484,64.08010012515645,,84.57379134860051,19.910941475826966,14.515093127809893,41.50763358778626,69.75190839694656,69.75190839694656,62.53,858
55055,WI,Jefferson,7.785714285714286,7.6369824,7.4593396,0.17764293,39.91730279898219,14.392991239048811,,79.48473282442748,37.62722646310432,71.29094412331408,86.1323155216285,75.79516539440203,75.79516539440203,62.48,859
33013,NH,Merrimack,9.707142857142857,8.716292,8.36555,0.35074234,35.17811704834606,84.81435127242385,,85.81424936386767,58.842239185750635,70.64868336544637,56.170483460559794,78.21246819338423,78.21246819338423,62.48,859
42013,PA,Blair,4.297142857142857,6.4953423,6.1815276,0.3138145,31.99745547073791,78.80684188569045,,87.46819338422391,0.0,40.87989723827874,58.87404580152672,77.67175572519083,77.67175572519083,62.47,861
36091,NY,Saratoga,6.502857142857144,7.046234,7.057612,-0.011377641,37.404580152671755,77.72215269086358,,83.30152671755725,0.0,59.47334617854849,69.91094147582697,73.02798982188295,73.02798982188295,62.43,862
48499,TX,Wood,9.187142857142858,8.422064,9.12711,-0.70504636,73.18702290076337,66.08260325406758,,59.28753180661578,81.26590330788804,84.8747591522158,39.726463104325695,63.231552162849866,63.231552162849866,62.4,863
37085,NC,Harnett,8.555714285714286,8.33911,8.181352,0.15775837,69.05216284987277,88.86107634543177,,73.91857506361323,64.59923664122137,83.52601156069365,87.08651399491094,75.28625954198473,75.28625954198473,62.37,864
13313,GA,Whitfield,9.487142857142857,8.982661,8.3828335,0.5998286,58.01526717557252,60.6174384647476,,75.54071246819338,36.83206106870229,49.64675658317277,93.9885496183206,81.48854961832062,81.48854961832062,62.37,864
13139,GA,Hall,10.328571428571427,9.695336,8.897209,0.7981272,50.445292620865146,66.87526074259492,,86.16412213740458,40.5852417302799,66.37764932562621,94.11577608142494,84.2557251908397,84.2557251908397,62.36,866
20035,KS,Cowley,6.67,6.8116164,7.0888796,-0.27726302,91.57124681933843,20.984564038381308,,56.297709923664115,64.3765903307888,78.548490687219,91.03053435114504,69.11577608142494,69.11577608142494,62.34,867
21093,KY,Hardin,8.162857142857144,8.077238,7.8970304,0.18020749,32.82442748091603,40.34209428452232,,73.69592875318067,30.057251908396953,71.96531791907515,84.19211195928753,75.50890585241731,75.50890585241731,62.32,868
18043,IN,Floyd,7.7942857142857145,8.201247,8.029635,0.17161176,19.274809160305345,9.803921568627452,,74.17302798982189,24.84096692111959,61.23956326268465,92.20737913486005,75.38167938931298,75.38167938931298,62.32,868
51510,VA,Alexandria City,4.561428571428571,5.312768,5.2600617,0.052706104,5.661577608142494,79.14059240717563,56.00000000000001,81.8384223918575,0.0,88.4393063583815,39.853689567430024,73.69592875318067,73.69592875318067,62.31,870
12053,FL,Hernando,12.255714285714287,11.401416,10.328741,1.0726761,88.00890585241731,96.078431372549,74.2,85.59160305343512,19.84732824427481,76.14001284521515,91.82569974554707,87.97709923664122,87.97709923664122,62.29,871
21107,KY,Hopkins,7.422857142857143,6.8641686,6.8905787,-0.026410341,18.76590330788804,29.912390488110137,,66.63486005089058,70.29262086513995,75.14450867052022,79.6119592875318,72.55089058524173,72.55089058524173,62.29,871
16017,ID,Bonner,12.27,11.1774235,10.864217,0.31320742,82.69720101781171,,,86.95928753180662,13.42239185750636,53.88567758509954,10.30534351145038,77.29007633587787,77.29007633587787,62.28,873
1051,AL,Elmore,6.01,6.6429596,6.693406,-0.050446577,61.863867684478365,75.38589904046725,,80.56615776081425,59.92366412213741,86.5446371226718,75.60432569974553,72.16921119592875,72.16921119592875,62.27,874
12019,FL,Clay,9.828571428571427,9.728144,9.143263,0.58488125,82.85623409669213,89.77889027951606,56.99999999999999,85.90966921119593,17.8117048346056,82.53050738599872,83.17430025445293,81.07506361323156,81.07506361323156,62.26,875
37065,NC,Edgecombe,8.162857142857144,6.843338,6.5917125,0.25162584,39.69465648854962,88.56904463913224,0.0,76.11323155216286,88.39058524173028,74.43802183686576,79.93002544529261,76.3676844783715,76.3676844783715,62.25,876
20125,KS,Montgomery,6.137142857142857,7.204131,7.1631656,0.04096547,70.22900763358778,34.91864831038799,,70.48346055979644,71.15139949109415,81.82402055234425,88.54961832061069,73.37786259541986,73.37786259541986,62.23,877
19187,IA,Webster,4.9314285714285715,5.723918,6.636661,-0.9127433,19.147582697201017,13.057989153108052,,47.105597964376585,95.96055979643766,13.61592806679512,92.08015267175573,59.98727735368957,59.98727735368957,62.23,877
30029,MT,Flathead,11.575714285714286,10.165273,9.193345,0.971927,95.45165394402035,,,79.80279898218829,24.491094147582697,57.16120745022479,4.611959287531807,86.45038167938931,86.45038167938931,62.23,877
55111,WI,Sauk,7.938571428571429,7.889503,7.936126,-0.0466234,27.162849872773535,9.011264080100124,,77.54452926208651,33.23791348600509,67.46949261400128,78.27608142493638,72.10559796437659,72.10559796437659,62.21,880
24025,MD,Harford,6.434285714285714,6.587573,6.6079836,-0.020410946,18.956743002544528,81.64372131831456,47.8,78.37150127226464,72.45547073791349,90.91201027617213,35.655216284987276,72.45547073791349,72.45547073791349,62.2,881
13031,GA,Bulloch,9.072857142857142,7.9576488,7.7635965,0.19405198,63.963104325699746,92.44889445139756,,60.55979643765903,83.26972010178118,83.46178548490687,80.18447837150127,75.41348600508906,75.41348600508906,62.18,882
29207,MO,Stoddard,6.115714285714286,6.842808,6.7283406,0.11446696,13.39058524173028,49.0613266583229,,41.603053435114504,69.17938931297711,85.16377649325628,75.28625954198473,74.30025445292621,74.30025445292621,62.18,882
37097,NC,Iredell,9.272857142857143,9.244516,8.652607,0.5919099,43.25699745547074,70.33792240300374,,86.64122137404581,52.3854961832061,46.40333975594091,85.87786259541986,80.78880407124683,80.78880407124683,62.07,884
37151,NC,Randolph,9.39,8.870408,8.28865,0.58175844,40.29898218829516,84.31372549019608,,84.82824427480917,62.913486005089055,65.22157996146436,87.40458015267176,80.62977099236642,80.62977099236642,62.06,885
45077,SC,Pickens,9.454285714285714,9.442283,9.074988,0.36729416,50.858778625954194,70.67167292448895,,84.03307888040712,37.88167938931298,60.66152858060373,55.37531806615776,77.60814249363868,77.60814249363868,62.06,885
29109,MO,Lawrence,8.974285714285715,7.9205527,8.357683,-0.43713048,53.43511450381679,40.13350020859407,,67.20737913486005,74.93638676844785,84.52151573538856,84.12849872773536,66.22137404580153,66.22137404580153,62.01,887
17177,IL,Stephenson,6.6571428571428575,6.3839545,6.271191,0.11276351,26.97201017811705,15.060492282019192,,77.92620865139949,81.04325699745547,63.712267180475266,82.25190839694656,73.91857506361323,73.91857506361323,62.0,888
39029,OH,Columbiana,7.232857142857142,6.705383,6.937339,-0.23195603,46.75572519083969,59.532749269920735,,82.15648854961832,0.0,60.46885035324342,69.97455470737913,69.05216284987277,69.05216284987277,61.98,889
55057,WI,Juneau,9.39857142857143,9.106505,9.212592,-0.1060866,46.533078880407125,8.552357113057989,,70.70610687022901,34.38295165394402,95.11881824020554,65.29898218829516,70.80152671755725,70.80152671755725,61.98,889
55141,WI,Wood,7.721428571428571,7.718145,7.458449,0.25969663,48.15521628498728,0.0,,77.67175572519083,14.440203562340969,49.582530507386,78.97582697201018,75.89058524173028,75.89058524173028,61.95,891
54049,WV,Marion,5.688571428571429,6.8475714,6.8983026,-0.05073101,30.18447837150127,58.78181059657906,,85.68702290076337,26.526717557251914,37.797045600513805,30.884223918575067,71.50127226463104,71.50127226463104,61.94,892
19179,IA,Wapello,6.644285714285715,6.3850417,6.8747315,-0.48968938,61.641221374045806,10.221109720483938,,69.30661577608143,97.20101781170484,75.11239563262684,81.77480916030534,65.33078880407125,65.33078880407125,61.93,893
18053,IN,Grant,8.137142857142857,7.16508,7.3636174,-0.19853719,15.648854961832065,32.248644138506464,,73.40966921119593,62.59541984732826,76.58959537572254,88.83587786259542,69.40203562340967,69.40203562340967,61.92,894
1079,AL,Lawrence,7.828571428571428,7.1118083,7.3116784,-0.19986984,33.14249363867685,62.95369211514393,,63.70865139949109,72.80534351145039,81.59922928709057,90.29898218829517,69.30661577608143,69.30661577608143,61.89,895
37047,NC,Columbus,8.902857142857142,8.119133,7.065746,1.0533873,77.70356234096693,96.7459324155194,19.4,64.59923664122137,47.264631043257,86.22350674373796,82.3473282442748,86.86386768447836,86.86386768447836,61.87,896
32510,NV,Carson City,8.361428571428572,9.368699,9.074389,0.2943094,93.54325699745549,,,46.0559796437659,14.69465648854962,54.17469492614001,1.876590330788804,76.14503816793892,76.14503816793892,61.84,897
17029,IL,Coles,6.145714285714285,5.9326224,6.0504656,-0.117843285,9.541984732824428,38.881935753024614,,74.49109414758269,89.2175572519084,70.74502247912653,72.10559796437659,70.35623409669212,70.35623409669212,61.83,898
17193,IL,White,4.26,4.7155433,5.9740176,-1.2584745,2.2264631043257,35.62786816854401,,44.274809160305345,67.6208651399491,65.73538856775852,59.860050890585235,54.26208651399491,54.26208651399491,61.8,899
5091,AR,Miller,6.067142857142857,6.9063354,6.9771295,-0.07079363,64.28117048346056,51.35586149353358,,57.283715012722645,79.80279898218829,87.1868978805395,84.89185750636132,70.83333333333334,70.83333333333334,61.74,900
48097,TX,Cooke,9.755714285714285,8.59708,8.489139,0.10794152,91.50763358778626,48.14351272423863,,66.82569974554707,97.96437659033079,77.39242132305716,91.47582697201018,73.31424936386767,73.31424936386767,61.73,901
34037,NJ,Sussex,8.61,7.82055,7.418615,0.4019344,36.704834605597966,71.46433041301627,,77.32188295165395,50.636132315521635,59.794476557482334,44.083969465648856,77.44910941475827,77.44910941475827,61.73,901
20103,KS,Leavenworth,8.191428571428572,7.61872,8.004053,-0.3853335,59.00127226463104,0.0,,61.832061068702295,45.76972010178117,88.79254977520874,86.51399491094148,66.34860050890585,66.34860050890585,61.71,903
37087,NC,Haywood,9.611428571428572,10.215752,9.827828,0.38792303,58.7468193384224,57.947434292866085,,83.5559796437659,44.75190839694657,0.0,57.760814249363875,77.19465648854961,77.19465648854961,61.7,904
21125,KY,Laurel,6.954285714285715,7.920155,7.9215302,-0.0013745172,89.50381679389314,50.9386733416771,,64.94910941475827,28.307888040712474,79.54399486191393,83.52417302798982,71.66030534351145,71.66030534351145,61.67,905
27017,MN,Carlton,7.369999999999999,7.2304645,7.3437448,-0.11328023,40.99872773536896,,,63.963104325699746,33.078880407124686,61.30378933847142,33.524173027989825,70.06997455470739,70.06997455470739,61.66,906
42021,PA,Cambria,4.961428571428571,5.7496734,5.4099593,0.33971375,41.03053435114504,76.22027534418022,,85.71882951653944,0.0,21.74052665382145,63.8676844783715,76.43129770992367,76.43129770992367,61.66,906
22039,LA,Evangeline,6.359999999999999,6.0488625,5.745726,0.3031363,68.6704834605598,89.5702962035878,0.0,62.27735368956743,88.07251908396947,69.01091843288376,87.78625954198473,75.92239185750637,75.92239185750637,61.66,906
5005,AR,Baxter,8.370000000000001,8.763312,8.716186,0.047126565,71.94656488549617,35.91989987484355,,64.3765903307888,0.0,76.043673731535,86.80025445292621,72.29643765903307,72.29643765903307,61.65,909
36113,NY,Warren,6.427142857142857,8.018098,8.681858,-0.66375965,24.87277353689567,67.2090112640801,,71.53307888040712,0.0,35.54913294797688,39.026717557251914,62.30916030534351,62.30916030534351,61.64,910
16049,ID,Idaho,10.700000000000001,10.08332,9.602534,0.48078558,98.72773536895673,,,72.90076335877863,14.949109414758269,37.89338471419397,6.075063613231553,78.37150127226464,78.37150127226464,61.64,910
39081,OH,Jefferson,7.3585714285714285,6.7655134,7.110767,-0.34525362,40.521628498727736,59.824780976220275,,81.64758269720103,31.806615776081426,51.412973667308925,50.19083969465649,66.73027989821882,66.73027989821882,61.62,912
21019,KY,Boyd,5.402857142857143,6.1525865,5.913099,0.23948704,68.44783715012723,50.521485189820616,,82.1882951653944,14.344783715012724,96.56390494540783,51.335877862595424,74.93638676844785,74.93638676844785,61.61,913
54103,WV,Wetzel,5.0,5.955975,6.9986143,-1.0426391,10.623409669211195,50.89695452649144,,78.27608142493638,26.272264631043257,22.96082209377007,15.935114503816797,56.902035623409674,56.902035623409674,61.6,914
35017,NM,Grant,7.725714285714287,7.820533,7.635139,0.18539402,96.94656488549616,7.926574885273258,,83.68320610687023,38.45419847328244,58.285163776493256,6.933842239185751,74.14122137404581,74.14122137404581,61.6,914
36089,NY,Saint Lawrence,5.368571428571428,7.423215,6.970225,0.45299026,33.11068702290076,59.157279933249896,,84.95547073791349,0.0,37.41168914579319,24.17302798982188,77.89440203562341,77.89440203562341,61.59,916
26151,MI,Sanilac,7.961428571428571,8.008031,8.09289,-0.08485896,12.181933842239186,55.444305381727155,26.6,66.15776081424937,0.0,45.88953114964676,63.00890585241731,70.32442748091603,70.32442748091603,61.59,916
46083,SD,Lincoln,6.878571428571428,7.1919928,7.799643,-0.60764986,65.10814249363868,,,56.61577608142495,68.54325699745547,42.806679511881825,93.32061068702288,62.97709923664122,62.97709923664122,61.58,918
48049,TX,Brown,7.524285714285715,7.7251196,8.195205,-0.47008538,86.16412213740458,44.97288277012933,,72.96437659033079,71.69211195928753,61.52858060372511,70.48346055979644,64.8854961832061,64.8854961832061,61.57,919
45047,SC,Greenwood,8.25,8.016292,7.923382,0.09290944,54.35750636132316,75.59449311639548,,66.22137404580153,33.68320610687023,70.8092485549133,85.59160305343512,72.74173027989822,72.74173027989822,61.55,920
21235,KY,Whitley,7.217142857142856,6.9905114,7.6482134,-0.6577019,85.1145038167939,44.72256987901543,,71.08778625954199,23.25063613231552,65.28580603725112,63.99491094147582,62.213740458015266,62.213740458015266,61.55,920
1009,AL,Blount,7.162857142857143,7.944459,8.153867,-0.20940773,65.04452926208651,62.99541093032958,,69.46564885496184,55.18447837150128,69.49261400128452,92.01653944020357,68.4796437659033,68.4796437659033,61.54,922
37099,NC,Jackson,10.257142857142856,9.711259,9.065187,0.646072,46.342239185750635,66.58322903629536,,83.20610687022901,55.025445292620866,1.862556197816313,62.150127226463106,80.470737913486,80.470737913486,61.53,923
29143,MO,New Madrid,5.947142857142857,5.6997533,5.660291,0.039461665,3.753180661577608,43.262411347517734,,22.58269720101781,79.70737913486005,88.34296724470136,59.510178117048355,71.9147582697201,71.9147582697201,61.51,924
37083,NC,Halifax,7.184285714285714,5.943853,5.830828,0.113025,43.98854961832061,88.48560700876095,0.0,73.37786259541986,89.47201017811705,74.9839434810533,79.67557251908397,72.90076335877863,72.90076335877863,61.48,925
17109,IL,McDonough,3.4857142857142853,3.2177691,5.61787,-2.400101,0.858778625954199,20.10846891948269,,21.087786259541986,83.49236641221374,82.20937700706486,52.00381679389313,37.53180661577608,37.53180661577608,61.44,926
42005,PA,Armstrong,6.377142857142857,6.7375264,6.8596992,-0.122172594,21.978371501272264,52.23195661243221,,85.05089058524173,0.0,30.79640333975594,34.160305343511446,69.3384223918575,69.3384223918575,61.35,927
55005,WI,Barron,8.81857142857143,8.168151,8.337682,-0.16953042,17.58905852417303,0.0,,59.06488549618321,20.51526717557252,76.33269107257547,75.0,68.63867684478372,68.63867684478372,61.34,928
46029,SD,Codington,6.274285714285715,6.5892534,7.245637,-0.656383,71.02417302798982,,,65.20356234096693,36.57760814249364,38.47141939627489,77.00381679389314,61.768447837150134,61.768447837150134,61.32,929
17141,IL,Ogle,6.408571428571428,6.3716035,6.362199,0.009404114,11.418575063613233,13.642052565707132,,77.03562340966921,75.76335877862596,41.74694926140013,79.89821882951654,71.08778625954199,71.08778625954199,61.3,930
26111,MI,Midland,7.942857142857143,7.4117866,7.3410306,0.07075572,32.63358778625955,34.668335419274094,,76.90839694656488,0.0,51.99100834938986,80.34351145038168,71.94656488549617,71.94656488549617,61.3,930
42055,PA,Franklin,6.7871428571428565,7.277846,6.8876867,0.3901589,51.335877862595424,85.56528994576554,,84.31933842239185,79.16666666666666,72.0616570327553,46.151399491094146,76.39949109414758,76.39949109414758,61.29,932
45059,SC,Laurens,9.22,8.677392,8.297514,0.37987795,49.07760814249364,76.76261994159364,,71.94656488549617,50.349872773536894,73.63519588953115,65.20356234096693,76.20865139949109,76.20865139949109,61.26,933
19045,IA,Clinton,5.471428571428572,6.2317204,6.6602044,-0.42848364,50.06361323155216,14.017521902377972,,66.92111959287533,92.39821882951652,54.23892100192679,79.03944020356234,64.82188295165395,64.82188295165395,61.24,934
37017,NC,Bladen,6.355714285714286,7.497962,6.5177503,0.9802112,84.63740458015268,96.4121818940342,18.6,65.7442748091603,51.653944020356235,65.60693641618496,78.14885496183206,84.57379134860051,84.57379134860051,61.23,935
37157,NC,Rockingham,8.827142857142857,8.425369,8.349385,0.075984515,23.759541984732824,78.68168544013349,,82.95165394402035,66.2531806615776,55.170199100834935,56.42493638676845,71.88295165394402,71.88295165394402,61.23,935
39013,OH,Belmont,5.492857142857143,5.9758463,5.6556196,0.32022715,40.68066157760814,55.319148936170215,,86.99109414758269,56.39312977099237,57.93192035966602,55.470737913486005,75.19083969465649,75.19083969465649,61.17,937
36093,NY,Schenectady,7.63,7.4379616,7.396522,0.041439805,21.533078880407125,75.71964956195244,,82.91984732824427,0.0,57.09698137443803,70.70610687022901,71.27862595419847,71.27862595419847,61.17,937
5033,AR,Crawford,8.115714285714287,7.665648,7.599547,0.06610142,91.06234096692113,43.38756779307468,,70.64249363867684,68.98854961832062,93.44894026974951,81.39312977099237,71.5966921119593,71.5966921119593,61.16,939
48013,TX,Atascosa,8.06857142857143,7.4003005,8.1104,-0.7100999,74.80916030534351,66.75010429703796,,61.036895674300254,92.2709923664122,80.4752729608221,81.96564885496184,60.68702290076335,60.68702290076335,61.15,940
21015,KY,Boone,7.785714285714286,8.02242,7.74942,0.27299905,24.681933842239182,13.516896120150188,,66.4440203562341,18.70229007633588,54.04624277456648,91.63486005089058,74.45928753180662,74.45928753180662,61.14,941
42039,PA,Crawford,7.158571428571428,6.8948264,6.5112205,0.38360646,36.00508905852418,67.08385481852316,,87.18193384223919,0.0,24.85549132947977,52.48091603053435,76.01781170483459,76.01781170483459,61.14,941
37113,NC,Macon,10.044285714285715,10.576135,10.348863,0.22727156,58.524173027989825,66.29119732999584,,70.80152671755725,32.88804071246819,0.0,60.909669211195926,73.79134860050891,73.79134860050891,61.13,943
37125,NC,Moore,9.515714285714285,8.614551,8.254542,0.36000818,81.80661577608143,88.2770129328327,,76.43129770992367,49.26844783715013,76.75016056518946,85.65521628498728,75.63613231552164,75.63613231552164,61.12,944
54033,WV,Harrison,4.655714285714285,5.852528,5.638372,0.21415631,25.222646310432573,60.575719649561954,,86.70483460559797,35.337150127226465,39.43481053307643,34.987277353689564,73.60050890585242,73.60050890585242,61.12,944
40073,OK,Kingfisher,4.387142857142857,5.5914373,6.567918,-0.9764805,52.25826972010178,34.459741343345854,,40.74427480916031,76.90839694656488,62.3956326268465,81.01145038167938,56.8384223918575,56.8384223918575,61.1,946
27169,MN,Winona,6.521428571428571,6.8379354,6.9150405,-0.077105284,16.825699745547073,0.0,,78.81679389312977,49.33206106870229,57.57867694283879,76.04961832061069,69.46564885496184,69.46564885496184,61.1,946
22061,LA,Lincoln,3.7685714285714282,4.533096,4.9716907,-0.43859443,29.70737913486005,67.00041718815186,,54.26208651399491,45.00636132315521,89.30635838150289,86.86386768447836,64.34478371501272,64.34478371501272,61.08,948
37137,NC,Pamlico,7.2542857142857144,8.97479,8.842015,0.13277385,77.95801526717557,95.66124322069254,58.2,17.748091603053435,18.51145038167939,43.15992292870906,36.418575063613225,72.36005089058524,72.36005089058524,61.07,949
39145,OH,Scioto,5.3500000000000005,5.9108744,5.927043,-0.016168764,34.19211195928753,43.22069253233208,,81.96564885496184,28.435114503816795,90.87989723827876,44.974554707379134,70.22900763358778,70.22900763358778,61.05,950
36109,NY,Tompkins,6.401428571428572,6.9622684,6.716736,0.24553214,22.232824427480917,64.53900709219859,,86.19592875318067,62.72264631043257,47.91265253693,58.96946564885496,73.85496183206108,73.85496183206108,61.03,951
13045,GA,Carroll,10.280000000000001,9.631302,9.62865,0.0026518276,78.65776081424937,64.66416353775553,,70.76972010178118,0.0,73.47463070006422,91.793893129771,70.45165394402035,70.45165394402035,61.03,951
45085,SC,Sumter,7.482857142857142,7.6499505,6.841906,0.80804485,78.97582697201018,91.90654985398415,,76.27226463104327,47.58269720101781,80.53949903660886,74.87277353689568,81.74300254452926,81.74300254452926,61.02,953
37001,NC,Alamance,9.711428571428572,9.052577,8.568557,0.48402023,30.947837150127228,81.85231539424282,,83.9058524173028,48.88676844783715,73.79576107899807,82.28371501272265,77.06743002544529,77.06743002544529,60.96,954
12051,FL,Hendry,11.098571428571429,10.320357,9.720069,0.60028917,93.28880407124684,94.24280350438048,25.6,64.34478371501272,83.42875318066157,54.01412973667309,37.595419847328245,78.65776081424937,78.65776081424937,60.94,955
41065,OR,Wasco,8.575714285714286,8.923823,9.09276,-0.16893585,98.09160305343512,,,59.223918575063614,17.525445292620866,42.581888246628125,4.739185750636132,67.8117048346056,67.8117048346056,60.92,956
23025,ME,Somerset,9.285714285714286,9.063847,9.218543,-0.1546968,22.07379134860051,85.89904046725071,,61.80025445292621,78.84860050890585,20.905587668593448,16.316793893129773,67.93893129770993,67.93893129770993,60.88,957
8037,CO,Eagle,9.958571428571428,9.089386,8.652759,0.43662733,75.50890585241731,,,86.51399491094148,25.254452926208653,0.0,14.408396946564888,76.24045801526718,76.24045801526718,60.88,957
24047,MD,Worcester,8.781428571428572,9.130461,9.266191,-0.13573013,65.87150127226464,91.98998748435545,88.0,50.09541984732826,65.45801526717557,56.45472061657033,16.0941475826972,68.19338422391857,68.19338422391857,60.87,959
21029,KY,Bullitt,7.307142857142857,8.135251,8.015905,0.119345054,26.84478371501272,13.350020859407593,,74.07760814249363,17.20737913486005,51.701991008349395,88.61323155216286,71.7557251908397,71.7557251908397,60.86,960
17125,IL,Mason,4.394285714285714,5.0978355,7.023587,-1.9257518,1.622137404580153,23.19566124322069,,47.20101781170484,86.92748091603053,57.38599871547848,52.06743002544529,43.034351145038165,43.034351145038165,60.86,960
54069,WV,Ohio,4.55,6.2772098,6.2941537,-0.016943624,15.267175572519085,52.10680016687525,,85.30534351145039,26.908396946564885,32.53050738599871,33.460559796437664,69.81552162849873,69.81552162849873,60.85,962
1093,AL,Marion,6.632857142857143,7.860433,7.9226255,-0.062192168,37.086513994910945,67.62619941593658,,63.99491094147582,37.595419847328245,67.63005780346822,90.68066157760815,69.14758269720102,69.14758269720102,60.83,963
54003,WV,Berkeley,7.847142857142857,8.062261,8.185077,-0.12281639,31.647582697201017,80.35043804755945,,79.83460559796438,68.51145038167938,71.80475272960823,42.589058524173026,68.25699745547074,68.25699745547074,60.81,964
31001,NE,Adams,7.047142857142858,6.663063,7.063597,-0.40053365,42.716284987277355,,,32.76081424936387,91.92111959287533,50.61014771997431,79.58015267175573,64.31297709923665,64.31297709923665,60.79,965
19061,IA,Dubuque,5.8500000000000005,6.206337,6.6549215,-0.44858453,22.80534351145038,11.055486024196911,,65.36259541984732,68.38422391857506,60.982658959537574,84.03307888040712,63.58142493638677,63.58142493638677,60.76,966
12107,FL,Putnam,11.377142857142857,10.800947,10.097101,0.703846,90.52162849872772,93.45014601585315,60.4,77.29007633587787,36.48218829516539,66.34553628773283,78.46692111959288,79.73918575063614,79.73918575063614,60.75,967
40115,OK,Ottawa,7.748571428571429,7.483509,7.039345,0.4441646,64.85368956743002,34.04255319148936,,78.2442748091603,97.32824427480917,85.9344894026975,73.60050890585242,76.04961832061069,76.04961832061069,60.73,968
12039,FL,Gadsden,8.827142857142857,7.518974,7.3349533,0.18402031,79.6119592875318,91.44764288694202,,57.665394402035616,77.48091603053437,67.69428387925498,83.81043256997457,72.39185750636132,72.39185750636132,60.73,968
24043,MD,Washington,7.2700000000000005,7.2173657,7.292417,-0.075051375,38.19974554707379,85.69044639132248,,73.09160305343512,85.81424936386767,79.1907514450867,61.959287531806616,68.76590330788804,68.76590330788804,60.73,968
48111,TX,Dallam,5.615714285714286,7.296082,8.6241255,-1.3280437,74.55470737913485,,,14.949109414758269,99.23664122137404,9.987154784842646,35.973282442748086,51.14503816793893,51.14503816793893,60.72,971
29155,MO,Pemiscot,3.364,3.5621846,2.9803512,0.58183336,3.944020356234097,46.30788485607009,,27.512722646310433,93.9885496183206,84.77842003853564,83.84223918575063,77.95801526717557,77.95801526717557,60.72,971
17095,IL,Knox,4.974285714285714,4.768522,5.665736,-0.89721423,1.11323155216285,22.069253233208176,,49.363867684478365,74.30025445292621,80.28259473346179,67.8117048346056,57.15648854961832,57.15648854961832,60.7,973
1047,AL,Dallas,5.047142857142857,5.212151,5.1388173,0.07333357,42.17557251908397,77.09637046307884,,75.19083969465649,71.34223918575063,81.95247270391779,83.26972010178118,70.76972010178118,70.76972010178118,60.69,974
19111,IA,Lee,4.687142857142857,5.776272,6.25295,-0.47667837,48.72773536895674,17.897371714643302,,70.3880407124682,82.8880407124682,84.90687219010918,70.32442748091603,62.945292620865146,62.945292620865146,60.64,975
30009,MT,Carbon,9.527142857142858,7.9576173,8.654968,-0.6973515,93.32061068702288,,,72.264631043257,37.43638676844784,20.937700706486833,17.080152671755723,59.796437659033074,59.796437659033074,60.62,976
13153,GA,Houston,8.337142857142856,7.8710527,7.806108,0.06494481,68.12977099236642,80.4755944931164,,71.5966921119593,67.36641221374046,92.45343609505461,79.38931297709924,70.48346055979644,70.48346055979644,60.61,977
27021,MN,Cass,7.8342857142857145,7.9314713,9.069796,-1.1383245,63.19974554707379,,,63.167938931297705,46.24681933842239,51.28452151573539,42.90712468193384,53.53053435114504,53.53053435114504,60.58,978
53017,WA,Douglas,8.278571428571428,8.658246,8.333667,0.32457948,94.72010178117048,,,82.06106870229009,18.193384223918574,67.82273603082851,6.743002544529262,74.07760814249363,74.07760814249363,60.58,978
47009,TN,Blount,11.084285714285715,9.326503,8.992328,0.3341751,69.43384223918575,55.569461827284115,,74.01399491094148,34.12849872773537,42.26075786769428,67.43002544529261,74.17302798982189,74.17302798982189,60.56,980
46135,SD,Yankton,6.901428571428572,7.075187,7.5101895,-0.4350025,75.60432569974553,,,57.25190839694656,93.73409669211196,63.42324983943482,86.67302798982189,63.358778625954194,63.358778625954194,60.55,981
12035,FL,Flagler,9.274285714285714,10.273982,9.324042,0.9499397,88.16793893129771,94.95202336253651,67.60000000000001,79.19847328244275,25.667938931297712,70.93770070648682,80.94783715012723,82.76081424936386,82.76081424936386,60.53,982
31019,NE,Buffalo,5.922857142857143,6.3453608,6.587566,-0.2422045,74.33206106870229,,,50.82697201017812,87.1501272264631,54.271034039820165,71.97837150127226,65.99872773536896,65.99872773536896,60.52,983
12063,FL,Jackson,8.06,7.5024943,7.052484,0.4500099,49.80916030534351,94.32624113475178,,60.94147582697202,80.94783715012723,68.52922286448297,59.44656488549617,75.69974554707379,75.69974554707379,60.51,984
39009,OH,Athens,5.817142857142857,6.250636,6.297067,-0.046431713,13.358778625954198,53.23320817688778,,83.65139949109415,44.14758269720102,73.76364804110469,37.37277353689568,68.73409669211196,68.73409669211196,60.51,984
4009,AZ,Graham,8.494285714285715,8.395191,8.726278,-0.33108738,94.27480916030532,13.68377138089278,,67.93893129770993,79.51653944020356,95.02247912652538,2.671755725190839,64.59923664122137,64.59923664122137,60.44,986
42033,PA,Clearfield,7.47,6.5145,6.661388,-0.14688762,34.25572519083969,71.04714226115978,,80.59796437659033,0.0,17.50160565189467,40.74427480916031,67.1119592875318,67.1119592875318,60.41,987
17063,IL,Grundy,5.817142857142857,6.329177,6.517758,-0.18858136,15.680661577608143,9.386733416770964,,66.47582697201018,37.27735368956743,45.857418111753375,68.76590330788804,66.50763358778626,66.50763358778626,60.4,988
48397,TX,Rockwall,7.8999999999999995,8.003457,7.8840594,0.11939716,66.57124681933843,33.95911556111806,,61.29134860050891,35.30534351145038,90.10918432883751,93.70229007633588,70.73791348600508,70.73791348600508,60.35,989
47003,TN,Bedford,10.502857142857142,10.293901,10.278838,0.015063559,18.98854961832061,55.02711722987067,,70.22900763358778,57.474554707379134,48.04110468850353,83.14249363867683,69.24300254452926,69.24300254452926,60.34,990
8075,CO,Logan,7.662857142857143,7.0848503,7.8149233,-0.7300734,63.58142493638677,,,46.62849872773537,89.75826972010178,19.781631342324985,73.31424936386767,58.7468193384224,58.7468193384224,60.32,991
29105,MO,Laclede,8.228571428571428,7.8021894,8.00488,-0.20269063,78.21246819338423,21.401752190237797,,61.35496183206107,41.31679389312977,86.83365446371225,58.93765903307888,66.03053435114504,66.03053435114504,60.26,992
55027,WI,Dodge,8.34,7.4912114,7.414302,0.07690995,47.58269720101781,18.439716312056735,,68.00254452926208,46.151399491094146,72.703917790623,85.33715012722645,69.91094147582697,69.91094147582697,60.24,993
47099,TN,Lawrence,10.65857142857143,9.774551,9.706267,0.06828417,14.090330788804073,54.65164789319983,,56.93384223918575,31.075063613231553,55.71612074502248,91.28498727735368,69.65648854961832,69.65648854961832,60.17,994
47047,TN,Fayette,7.221428571428571,8.215416,7.6954055,0.5200104,61.41857506361323,50.187734668335416,,51.590330788804074,58.0470737913486,82.5626204238921,89.44020356234098,75.95419847328245,75.95419847328245,60.15,995
28043,MS,Grenada,4.931428571428571,5.65153,6.590322,-0.93879265,49.1412213740458,60.74259491030455,,58.651399491094146,49.04580152671756,68.68978805394991,74.80916030534351,55.40712468193384,55.40712468193384,60.11,996
27007,MN,Beltrami,6.6499999999999995,7.1625047,7.730555,-0.56805015,82.47455470737911,,,72.55089058524173,58.396946564885496,39.9165061014772,40.776081424936386,60.55979643765903,60.55979643765903,60.09,997
48177,TX,Gonzales,10.864285714285714,8.784686,7.562919,1.2217672,73.09160305343512,88.65248226950354,,90.39440203562341,89.15394402035624,63.84071933204881,72.48727735368958,85.65521628498728,85.65521628498728,60.07,998
19049,IA,Dallas,5.2700000000000005,5.9137373,6.477362,-0.563625,40.64885496183206,12.557363370880267,,60.43256997455471,93.44783715012723,74.66281310211946,84.70101781170484,60.591603053435115,60.591603053435115,60.07,998
26121,MI,Muskegon,10.179999999999998,9.204473,9.084512,0.11996092,30.47073791348601,21.69378389653734,34.2,77.735368956743,0.0,62.748876043673725,80.40712468193384,70.10178117048346,70.10178117048346,60.03,1000
1091,AL,Marengo,5.43,5.9306717,7.083825,-1.1531534,38.83587786259542,77.43012098456404,,50.636132315521635,53.49872773536896,71.16249197174052,78.9440203562341,52.16284987277354,52.16284987277354,60.0,1001
38093,ND,Stutsman,3.9285714285714284,4.689676,6.2529535,-1.5632774,66.85750636132316,,,26.908396946564885,35.11450381679389,23.892100192678228,47.13740458015267,46.37404580152672,46.37404580152672,59.98,1002
48073,TX,Cherokee,7.8342857142857145,7.804787,8.278403,-0.4736156,77.83078880407125,70.71339173967459,,59.19211195928753,88.16793893129771,82.91586384071933,69.529262086514,61.641221374045806,61.641221374045806,59.96,1003
28027,MS,Coahoma,3.3485714285714283,4.6204114,5.0298796,-0.40946794,10.527989821882953,59.657905715477675,,46.278625954198475,80.1208651399491,78.29158638407193,86.60941475826972,62.5,62.5,59.94,1004
54053,WV,Mason,4.515714285714286,4.497685,5.2636566,-0.7659718,30.916030534351147,57.5302461410096,,76.30407124681933,58.93765903307888,69.36416184971098,15.966921119592875,57.44274809160306,57.44274809160306,59.92,1005
21133,KY,Letcher,3.0759999999999996,3.8252244,3.9347854,-0.10956089,76.49491094147582,41.17647058823529,,83.11068702290076,0.0,36.67308927424535,27.83078880407125,66.6030534351145,66.6030534351145,59.89,1006
13087,GA,Decatur,7.680000000000001,8.003945,7.446141,0.55780405,63.99491094147582,90.52982895285774,,76.97201017811705,73.75954198473282,49.19717405266538,80.82061068702289,75.85877862595419,75.85877862595419,59.83,1007
29119,MO,McDonald,10.094285714285714,8.604113,8.886737,-0.2826241,72.80534351145039,31.53942428035044,,73.72773536895673,69.21119592875317,74.47013487475915,73.34605597964376,63.99491094147582,63.99491094147582,59.8,1008
55131,WI,Washington,7.334285714285714,7.088343,7.062062,0.026281562,49.04580152671756,9.261576971214016,,66.12595419847328,33.14249363867685,71.99743095696853,84.06488549618322,68.32061068702289,68.32061068702289,59.79,1009
35007,NM,Colfax,7.698571428571428,8.6546545,9.326713,-0.6720577,97.51908396946563,,,58.5559796437659,39.75826972010178,18.946692357096985,16.06234096692112,58.492366412213734,58.492366412213734,59.78,1010
45033,SC,Dillon,6.101428571428571,10.125948,8.9576435,1.1683047,81.26590330788804,96.32874426366293,0.0,61.51399491094147,46.88295165394402,61.59280667951188,80.1526717557252,84.31933842239185,84.31933842239185,59.77,1011
21157,KY,Marshall,6.574285714285715,7.2711563,7.697247,-0.42609072,28.56234096692112,41.88569044639132,,47.264631043257,65.87150127226464,70.71290944123314,60.7824427480916,61.927480916030525,61.927480916030525,59.77,1011
39157,OH,Tuscarawas,6.541428571428571,7.088065,7.0075107,0.08055445,38.26335877862596,47.934918648310386,,82.25190839694656,65.36259541984732,65.5748233782916,46.56488549618321,69.0203562340967,69.0203562340967,59.76,1013
42111,PA,Somerset,4.744285714285715,6.4589,6.719066,-0.26016614,40.776081424936386,73.17480183562786,,79.99363867684478,50.76335877862596,20.263326910725755,35.46437659033079,64.2175572519084,64.2175572519084,59.75,1014
8067,CO,La Plata,7.602857142857142,7.8581576,7.336042,0.5221154,97.55089058524173,,,81.36132315521628,47.32824427480916,6.422607578676944,15.903307888040713,75.15903307888041,75.15903307888041,59.73,1015
5085,AR,Lonoke,6.475714285714285,7.4072194,6.881589,0.52563053,52.19465648854962,52.85773884021694,,69.3384223918575,40.04452926208651,85.00321130378934,86.19592875318067,75.09541984732824,75.09541984732824,59.67,1016
30081,MT,Ravalli,11.879999999999999,10.325513,9.558129,0.76738226,98.88676844783714,,,51.972010178117046,19.529262086513995,47.14193962748876,9.096692111959287,78.46692111959288,78.46692111959288,59.66,1017
48007,TX,Aransas,9.537142857142857,8.860299,9.319695,-0.45939603,61.832061068702295,91.23904881101376,67.80000000000001,50.795165394402034,16.793893129770993,58.798972382787404,58.587786259541986,61.19592875318066,61.19592875318066,59.64,1018
37189,NC,Watauga,10.914285714285715,9.544275,9.239784,0.3044912,40.93511450381679,61.869002920317065,,80.34351145038168,76.20865139949109,0.0,60.1145038167939,71.85114503816794,71.85114503816794,59.6,1019
17011,IL,Bureau,5.577142857142857,6.183524,6.559527,-0.3760026,13.040712468193384,25.114726741760535,,63.358778625954194,94.59287531806616,48.16955684007707,81.71119592875317,62.27735368956743,62.27735368956743,59.59,1020
28105,MS,Oktibbeha,6.090000000000001,6.7433724,7.0795927,-0.33622044,37.69083969465649,69.16979557780559,,53.24427480916031,53.05343511450383,81.21387283236996,83.30152671755725,62.786259541984734,62.786259541984734,59.57,1021
48233,TX,Hutchinson,6.54,6.7619867,6.7389145,0.023071868,94.94274809160304,0.0,,21.374045801526716,98.75954198473282,32.241490044958255,78.33969465648855,67.68447837150127,67.68447837150127,59.5,1022
23017,ME,Oxford,10.382857142857144,10.048736,10.151977,-0.1032411,27.2264631043257,86.10763454317897,,73.25063613231552,40.68066157760814,32.177263969171484,16.698473282442748,65.9033078880407,65.9033078880407,59.49,1023
29051,MO,Cole,8.124285714285714,7.1850486,6.7478843,0.43716446,71.72391857506362,17.855652899457656,,73.47328244274809,39.31297709923664,94.28387925497752,84.31933842239185,73.44147582697201,73.44147582697201,59.47,1024
30049,MT,Lewis and Clark,9.545714285714284,8.734498,8.448744,0.2857542,92.84351145038168,,,64.56743002544529,22.837150127226465,35.38856775850995,8.93765903307888,71.2468193384224,71.2468193384224,59.43,1025
51015,VA,Augusta,7.03,7.0336456,6.9311957,0.10244955,72.01017811704835,79.22403003754694,,80.18447837150127,71.2150127226463,52.76172125883109,34.12849872773537,68.60687022900763,68.60687022900763,59.4,1026
1045,AL,Dale,6.698571428571428,7.5589957,7.514702,0.044294186,44.56106870229007,89.27826449728828,,61.00508905852418,63.072519083969475,66.98779704560052,87.91348600508906,67.74809160305344,67.74809160305344,59.38,1027
48005,TX,Angelina,7.142857142857143,7.487821,7.1492057,0.33861527,80.470737913486,81.26825198164373,,68.6704834605598,61.35496183206107,95.15093127809891,67.49363867684478,71.81933842239185,71.81933842239185,59.35,1028
45025,SC,Chesterfield,6.901428571428572,7.872943,7.378152,0.49479097,76.74936386768448,91.03045473508551,,65.83969465648855,54.48473282442748,58.028259473346175,84.7328244274809,73.98218829516541,73.98218829516541,59.33,1029
33003,NH,Carroll,10.675714285714287,10.372499,10.091934,0.2805654,33.5559796437659,86.39966624947851,,81.99745547073792,0.0,34.168272318561336,18.893129770992367,70.96055979643766,70.96055979643766,59.32,1030
37193,NC,Wilkes,8.709999999999999,8.587844,7.4738355,1.1140081,52.735368956743,75.4276178556529,,89.69465648854961,63.80407124681934,28.00256904303147,72.51908396946563,82.63358778625954,82.63358778625954,59.31,1031
51590,VA,Danville City,8.30857142857143,8.009222,7.9349036,0.074318476,13.83587786259542,76.63746349603672,,81.52035623409668,0.0,50.89916506101477,61.54580152671756,68.03435114503816,68.03435114503816,59.31,1031
39123,OH,Ottawa,7.475714285714285,7.829226,8.386218,-0.5569928,14.026717557251908,43.97163120567376,49.0,72.6145038167939,0.0,33.23699421965318,72.80534351145039,59.16030534351145,59.16030534351145,59.3,1033
22119,LA,Webster,3.642857142857143,4.841394,4.657414,0.18398067,41.921119592875314,70.92198581560284,,64.98091603053436,45.260814249363875,90.65510597302506,78.21246819338423,69.529262086514,69.529262086514,59.29,1034
51700,VA,Newport News City,6.961428571428572,7.4962497,7.1177754,0.3784741,34.63740458015267,88.31873174801835,60.2,71.43765903307889,0.0,83.68657675016058,74.07760814249363,72.2328244274809,72.2328244274809,59.27,1035
13129,GA,Gordon,9.452857142857143,8.660281,8.633622,0.026659625,54.739185750636125,59.28243637880685,,62.054707379134854,98.69592875318067,36.99421965317919,76.97201017811705,67.20737913486005,67.20737913486005,59.23,1036
48279,TX,Lamb,6.755714285714285,7.4472146,7.845086,-0.39787194,85.84605597964376,43.67959949937423,,18.606870229007633,94.87913486005088,29.415542710340397,58.71501272264631,61.22773536895675,61.22773536895675,59.22,1037
47071,TN,Hardin,8.424285714285714,8.096608,7.8181396,0.2784679,28.944020356234095,58.86524822695035,,54.38931297709924,49.586513994910945,71.2267180475273,76.01781170483459,70.70610687022901,70.70610687022901,59.21,1038
34033,NJ,Salem,8.25,7.0502086,6.357148,0.69306034,68.06615776081425,76.80433875677932,95.8,69.78371501272265,79.38931297709924,76.49325626204238,35.146310432569976,76.52671755725191,76.52671755725191,59.21,1038
26157,MI,Tuscola,9.265714285714285,8.358976,7.9113183,0.4476579,15.966921119592875,49.10304547350855,32.4,79.23027989821882,0.0,43.898522800256906,74.42748091603053,73.05979643765902,73.05979643765902,59.2,1040
24039,MD,Somerset,7.63,6.853477,7.3659635,-0.51248616,85.81424936386767,88.77763871506049,93.2,24.33206106870229,66.47582697201018,37.54014129736673,16.857506361323153,59.573791348600516,59.573791348600516,59.2,1040
22083,LA,Richland,4.3757142857142854,5.251181,7.3933554,-2.142174,24.55470737913486,66.16604088443889,,30.756997455470735,74.6501272264631,73.98843930635837,71.81933842239185,36.67302798982188,36.67302798982188,59.19,1042
29123,MO,Madison,7.707142857142857,9.682139,10.809785,-1.1276443,30.216284987277355,33.708802670004175,,54.293893129770986,16.380407124681934,84.23249839434811,51.908396946564885,50.858778625954194,50.858778625954194,59.16,1043
12023,FL,Columbia,9.715714285714286,9.394761,9.173255,0.22150585,88.13613231552164,90.44639132248645,0.0,68.19338422391857,27.83078880407125,76.23635195889531,66.79389312977099,69.72010178117048,69.72010178117048,59.12,1044
55117,WI,Sheboygan,8.631428571428572,8.226252,7.9702253,0.25602695,27.099236641221378,21.526908635794744,27.0,71.7557251908397,0.0,68.01541425818883,84.4147582697201,70.19720101781171,70.19720101781171,59.11,1045
5063,AR,Independence,6.0371428571428565,7.5943527,7.4104304,0.18392208,70.48346055979644,50.68836045056321,,56.48854961832062,58.87404580152672,76.39691714836223,89.18575063613233,69.08396946564885,69.08396946564885,59.06,1046
42001,PA,Adams,6.567142857142857,6.9209247,6.8424497,0.07847537,44.179389312977094,84.06341259908217,,76.20865139949109,87.56361323155215,68.62556197816313,46.24681933842239,67.52544529262087,67.52544529262087,59.02,1047
37091,NC,Hertford,6.632857142857143,7.2545776,7.12882,0.12575708,31.393129770992367,93.57530246141009,39.6,50.858778625954194,82.79262086513995,62.36351958895312,47.58269720101781,68.1615776081425,68.1615776081425,59.01,1048
36019,NY,Clinton,6.572857142857143,6.875327,6.7014766,0.17385061,24.204834605597963,61.15978306216103,,82.3791348600509,0.0,47.23827874116891,26.304071246819337,68.79770992366412,68.79770992366412,58.99,1049
5029,AR,Conway,7.822857142857143,7.880656,8.576189,-0.6955336,74.90458015267176,52.732582394659985,,45.35623409669211,61.641221374045806,71.13037893384714,82.44274809160305,56.55216284987278,56.55216284987278,58.97,1050
40009,OK,Beckham,4.62,6.129185,6.727061,-0.5978754,90.71246819338423,20.27534418022528,,31.806615776081426,90.9351145038168,59.56968529222865,86.73664122137404,57.82442748091603,57.82442748091603,58.92,1051
42009,PA,Bedford,6.465714285714286,6.7803106,6.637316,0.14299472,29.230279898218832,77.80559032123487,,83.96946564885496,29.103053435114507,31.053307642903015,26.017811704834603,68.22519083969466,68.22519083969466,58.92,1051
1059,AL,Franklin,7.340000000000001,7.1389894,7.0287657,0.110224314,37.72264631043257,60.36712557363371,,54.67557251908397,40.13994910941476,70.29543994861915,93.16157760814248,67.71628498727735,67.71628498727735,58.9,1053
48165,TX,Gaines,7.318571428571429,7.3988395,8.005164,-0.60632473,93.38422391857506,39.3825615352524,,30.375318066157757,94.17938931297711,46.94926140012845,43.47964376590331,57.63358778625955,57.63358778625955,58.88,1054
26091,MI,Lenawee,7.278571428571429,8.077136,7.8048315,0.2723057,21.24681933842239,36.629119732999584,,71.37404580152672,36.418575063613225,55.234425176621706,84.38295165394402,69.94274809160305,69.94274809160305,58.87,1055
5003,AR,Ashley,4.417142857142857,4.8112826,5.677715,-0.866432,32.092875318066156,65.12307050479767,,54.007633587786266,80.85241730279897,78.67694283879256,72.58269720101781,53.912213740458014,53.912213740458014,58.85,1056
55095,WI,Polk,8.615714285714287,8.77522,8.97315,-0.19793007,41.66666666666667,,,55.18447837150128,27.29007633587786,60.0834938985228,76.49491094147582,63.295165394402034,63.295165394402034,58.85,1056
26005,MI,Allegan,8.585714285714285,8.695037,8.520205,0.17483194,32.60178117048346,37.96412181894034,28.199999999999996,79.35750636132317,0.0,45.08670520231214,76.27226463104327,68.51145038167938,68.51145038167938,58.84,1058
48289,TX,Leon,7.644285714285715,7.0912714,7.640887,-0.5496149,57.538167938931295,74.71839799749687,,39.408396946564885,97.67811704834605,49.93577392421323,61.100508905852415,58.301526717557245,58.301526717557245,58.82,1059
48419,TX,Shelby,3.9657142857142853,6.382859,7.114918,-0.73205936,70.54707379134861,83.22903629536921,,45.10178117048346,66.82569974554707,76.81438664097624,75.12722646310432,55.72519083969466,55.72519083969466,58.81,1060
42065,PA,Jefferson,5.632857142857143,6.0623345,6.6385703,-0.57623595,16.444020356234095,69.75385899040467,,74.52290076335878,0.0,13.744380218368658,31.20229007633587,57.88804071246819,57.88804071246819,58.8,1061
28001,MS,Adams,3.4057142857142852,4.593193,5.2081423,-0.61494935,41.0941475826972,75.21902377972467,,59.03307888040712,47.99618320610687,84.81053307642902,82.12468193384224,57.25190839694656,57.25190839694656,58.75,1062
39169,OH,Wayne,7.7871428571428565,7.8418164,7.912593,-0.07077595,38.77226463104326,52.14851898206091,,71.9147582697201,14.28117048346056,68.14386640976237,76.11323155216286,64.85368956743002,64.85368956743002,58.73,1063
1005,AL,Barbour,4.154285714285714,5.070927,6.3302464,-1.2593193,48.854961832061065,79.9749687108886,,50.76335877862596,70.0381679389313,69.46050096339114,78.62595419847328,48.1234096692112,48.1234096692112,58.71,1064
54055,WV,Mercer,6.142857142857143,6.8245597,6.8651767,-0.040616512,62.849872773536894,50.02085940759282,,78.33969465648855,24.55470737913486,2.215799614643545,17.20737913486005,65.235368956743,65.235368956743,58.71,1064
47105,TN,Loudon,11.281428571428572,8.572921,8.384845,0.18807602,44.14758269720102,53.149770546516486,,71.62849872773536,72.07379134860051,29.865125240847785,66.95292620865139,68.35241730279898,68.35241730279898,58.67,1066
47097,TN,Lauderdale,7.607142857142857,6.4483185,6.026246,0.42207226,19.052162849872772,50.10429703796411,,25.19083969465649,64.75826972010178,79.99357739242132,84.44656488549617,71.56488549618321,71.56488549618321,58.63,1067
16027,ID,Canyon,12.501428571428573,11.412245,10.976016,0.43622765,92.49363867684478,,,80.3117048346056,20.896946564885496,89.46692357096981,20.769720101781168,71.72391857506362,71.72391857506362,58.61,1068
18085,IN,Kosciusko,7.857142857142857,8.286315,8.231549,0.054765973,24.427480916030532,41.59365874009178,,63.676844783715005,59.573791348600516,57.48233782915864,85.94147582697201,66.31679389312977,66.31679389312977,58.58,1069
55017,WI,Chippewa,8.257142857142856,8.161829,8.034308,0.12752077,20.0381679389313,0.0,,71.02417302798982,12.881679389312978,54.59216441875402,70.8969465648855,67.33460559796438,67.33460559796438,58.58,1069
29159,MO,Pettis,7.344285714285715,7.0982084,7.35142,-0.25321168,51.74936386768449,27.86816854401335,,60.30534351145038,75.82697201017811,87.89338471419397,80.470737913486,61.959287531806616,61.959287531806616,58.57,1071
36069,NY,Ontario,7.844285714285713,7.485408,7.6241174,-0.13870952,38.295165394402034,58.906967042136,,78.84860050890585,75.66793893129771,47.01348747591521,43.95674300254453,63.54961832061069,63.54961832061069,58.56,1072
51770,VA,Roanoke City,8.467142857142857,8.367738,7.841613,0.52612525,8.524173027989821,74.59324155193993,,84.12849872773536,0.0,30.12202954399486,33.0470737913486,72.86895674300254,72.86895674300254,58.55,1073
56033,WY,Sheridan,7.801428571428572,8.201463,8.218478,-0.017015593,93.89312977099237,,,74.42748091603053,23.02798982188295,33.49389852280026,22.169211195928753,65.20356234096693,65.20356234096693,58.53,1074
37015,NC,Bertie,6.031428571428571,6.2728267,6.203851,0.068975285,36.1323155216285,93.32498957029621,43.8,46.37404580152672,79.54834605597965,60.27617212588311,62.054707379134854,66.38040712468194,66.38040712468194,58.52,1075
26143,MI,Roscommon,10.297142857142857,10.197624,10.816109,-0.6184845,69.72010178117048,25.94910304547351,,71.88295165394402,0.0,18.079640333975593,47.073791348600516,56.6793893129771,56.6793893129771,58.49,1076
18005,IN,Bartholomew,7.5842857142857145,7.92812,7.5331726,0.3949476,26.11323155216285,21.443471005423444,,77.98982188295165,50.413486005089055,60.78998073217726,87.34096692111959,70.86513994910942,70.86513994910942,58.47,1077
37023,NC,Burke,9.444285714285714,8.923554,8.575213,0.34834066,46.978371501272264,67.41760534000835,,79.32569974554707,62.02290076335878,65.25369299935774,75.22264631043257,70.16539440203562,70.16539440203562,58.45,1078
21121,KY,Knox,7.911428571428571,5.194717,4.5208693,0.6738478,84.7328244274809,39.09052982895287,,71.66030534351145,20.197201017811707,55.78034682080924,61.41857506361323,74.71374045801527,74.71374045801527,58.43,1079
19127,IA,Marshall,6.517142857142857,6.549257,6.74491,-0.19565259,62.086513994910945,15.227367542761783,,63.104325699745544,97.86895674300254,10.051380860629417,82.66539440203562,62.46819338422392,62.46819338422392,58.42,1080
28101,MS,Newton,1.6480000000000001,4.090823,4.996223,-0.9053999,38.74045801526719,80.05840634125991,,36.60941475826972,63.58142493638677,65.02890173410405,83.49236641221374,52.44910941475827,52.44910941475827,58.39,1081
39103,OH,Medina,7.46,7.700092,7.4290795,0.2710121,46.56488549618321,39.29912390488111,,75.50890585241731,0.0,69.07514450867052,84.63740458015268,68.95674300254453,68.95674300254453,58.38,1082
30003,MT,Big Horn,4.328,5.7930765,6.3541727,-0.5610962,94.8473282442748,,,55.1208651399491,38.51781170483461,34.938985228002565,12.05470737913486,57.22010178117048,57.22010178117048,58.36,1083
37045,NC,Cleveland,10.288571428571428,9.340119,8.990559,0.34956053,40.74427480916031,73.67542761785565,,75.15903307888041,59.31933842239185,54.6242774566474,79.77099236641223,70.00636132315522,70.00636132315522,58.36,1083
55125,WI,Vilas,9.597142857142856,9.161078,9.288107,-0.12702887,22.137404580152673,0.0,,60.87786259541985,20.06997455470738,12.684649967886962,29.07124681933842,63.26335877862596,63.26335877862596,58.33,1085
48459,TX,Upshur,8.63,8.0693655,7.9359756,0.13339002,77.32188295165395,61.326658322903626,,58.93765903307888,65.2671755725191,80.15414258188824,92.04834605597965,66.92111959287533,66.92111959287533,58.33,1085
28085,MS,Lincoln,4.204285714285715,5.8569593,7.037446,-1.1804867,62.213740458015266,79.64121818940342,,42.49363867684479,51.68575063613231,81.63134232498395,78.49872773536896,48.44147582697201,48.44147582697201,58.32,1087
18037,IN,Dubois,6.1814285714285715,6.7982216,7.2186236,-0.42040238,16.762086513994912,31.581143095536085,,66.06234096692111,61.100508905852415,63.51958895311497,58.7468193384224,59.12849872773537,59.12849872773537,58.32,1087
48225,TX,Houston,7.160000000000001,5.1923103,5.5021234,-0.30981278,77.79898218829516,77.55527743012098,,40.01272264631043,81.93384223918575,71.19460500963392,63.74045801526719,60.65521628498728,60.65521628498728,58.31,1089
37171,NC,Surry,9.424285714285714,8.31866,7.707187,0.61147255,28.053435114503817,71.50604922820192,,77.25826972010178,65.96692111959288,22.44701348747591,59.38295165394402,73.56870229007633,73.56870229007633,58.3,1090
39139,OH,Richland,9.205714285714285,8.418256,8.677942,-0.259686,35.591603053435115,44.680851063829785,,71.56488549618321,0.0,68.46499678869621,62.34096692111958,61.323155216284995,61.323155216284995,58.29,1091
13223,GA,Paulding,10.588571428571429,9.925883,9.566802,0.35908154,65.2671755725191,52.607425949103046,,73.85496183206108,36.76844783715013,58.54206807964033,88.93129770992367,69.97455470737913,69.97455470737913,58.27,1092
37105,NC,Lee,9.762857142857143,8.655893,8.471621,0.1842724,54.32569974554708,84.77263245723823,,71.69211195928753,53.11704834605598,72.19010918432883,81.48854961832062,67.49363867684478,67.49363867684478,58.26,1093
36021,NY,Columbia,8.547142857142857,8.453203,8.183547,0.2696568,38.676844783715005,81.30997079682936,0.0,79.89821882951654,16.921119592875318,44.18754014129737,68.6704834605598,68.6704834605598,68.6704834605598,58.25,1094
16013,ID,Blaine,10.337142857142856,9.665548,9.629076,0.036472525,93.8295165394402,,,70.51526717557252,15.648854961832065,64.29030186255619,7.697201017811704,65.36259541984732,65.36259541984732,58.23,1095
47001,TN,Anderson,11.464285714285714,9.743502,9.14873,0.594771,54.26208651399491,48.64413850646642,,77.70356234096693,23.6323155216285,33.33333333333333,79.99363867684478,73.18702290076337,73.18702290076337,58.23,1095
36045,NY,Jefferson,5.22,6.695993,6.758716,-0.06272316,27.958015267175572,53.191489361702125,16.2,77.95801526717557,0.0,33.6223506743738,27.89440203562341,63.963104325699746,63.963104325699746,58.23,1095
45027,SC,Clarendon,8.65857142857143,8.084726,7.2508492,0.8338768,81.1704834605598,94.20108468919483,0.0,50.22264631043257,50.82697201017812,83.14065510597302,60.33715012722646,76.49491094147582,76.49491094147582,58.2,1098
36075,NY,Oswego,8.61,7.594719,7.39665,0.1980691,35.68702290076336,60.659157279933254,33.6,82.12468193384224,0.0,47.687861271676304,43.09796437659033,67.55725190839695,67.55725190839695,58.2,1098
20169,KS,Saline,5.487142857142857,6.525501,6.424637,0.10086356,82.41094147582697,0.0,,58.81043256997456,47.36005089058524,77.9383429672447,91.412213740458,66.15776081424937,66.15776081424937,58.18,1100
45067,SC,Marion,9.487142857142857,7.5556707,6.4183187,1.1373526,68.54325699745547,94.78514810179391,17.2,55.50254452926209,36.06870229007634,67.27681438664096,74.96819338422391,80.69338422391857,80.69338422391857,58.17,1101
25015,MA,Hampshire,6.987142857142857,7.177177,6.810829,0.36634806,35.81424936386768,83.81309970796829,,79.38931297709924,63.963104325699746,59.312780989081574,46.9147582697201,69.8791348600509,69.8791348600509,58.17,1101
48241,TX,Jasper,5.781428571428571,6.11041,6.361711,-0.25130105,83.04707379134861,88.6942010846892,0.0,54.961832061068705,41.98473282442748,68.30443159922929,68.32061068702289,61.1323155216285,61.1323155216285,58.14,1103
40139,OK,Texas,4.171428571428572,5.515609,6.0838857,-0.56827724,83.42875318066157,,,11.895674300254452,99.01399491094149,18.17597944765575,59.31933842239185,56.64758269720102,56.64758269720102,58.12,1104
13099,GA,Early,3.9120000000000004,3.1280475,4.6373076,-1.5092599,49.93638676844784,87.40091781393409,,32.37913486005089,77.19465648854961,36.095054592164416,62.213740458015266,43.38422391857507,43.38422391857507,58.09,1105
5041,AR,Desha,2.284,0.61412686,2.8674264,-2.2532995,3.212468193384224,63.28744263662912,,33.396946564885496,70.73791348600508,64.00128452151573,55.56615776081425,32.88804071246819,32.88804071246819,58.07,1106
29043,MO,Christian,8.68,8.573766,8.428516,0.14524929,70.3880407124682,31.37254901960784,,70.0381679389313,38.16793893129771,88.95311496467566,80.75699745547074,66.47582697201018,66.47582697201018,58.02,1107
54061,WV,Monongalia,4.51,6.9482017,6.44264,0.5055619,30.788804071246815,63.16228619107217,,84.98727735368958,21.342239185750635,41.45793192035966,46.024173027989825,71.53307888040712,71.53307888040712,58.02,1107
18067,IN,Howard,8.292857142857143,8.0668,8.118496,-0.05169562,14.599236641221374,32.74926992073425,,64.50381679389314,59.796437659033074,69.1072575465639,83.68320610687023,63.676844783715005,63.676844783715005,58.01,1109
53055,WA,San Juan,8.52,6.8822737,8.949119,-2.0668454,41.31679389312977,,58.4,42.11195928753181,0.0,13.937058445728969,4.421119592875318,35.36895674300254,35.36895674300254,58.0,1110
53031,WA,Jefferson,9.104285714285714,9.062776,9.062895,-0.00011927741,23.505089058524177,,64.4,53.657760814249365,12.5,34.81053307642903,9.510178117048346,64.3765903307888,64.3765903307888,58.0,1110
37161,NC,Rutherford,10.202857142857143,9.197672,8.606074,0.5915974,63.231552162849866,66.70838548185232,,79.16666666666666,42.716284987277355,38.15028901734104,69.8473282442748,72.67811704834605,72.67811704834605,57.99,1112
49005,UT,Cache,10.18142857142857,9.445032,9.290419,0.15461479,85.33715012722645,,,45.76972010178117,57.98346055979644,56.229929351316635,21.151399491094143,66.53944020356234,66.53944020356234,57.99,1112
17027,IL,Clinton,5.877142857142857,5.9929113,5.9041953,0.088715896,7.919847328244274,33.249895702962036,,64.02671755725191,59.98727735368957,77.23185613359024,65.83969465648855,65.5852417302799,65.5852417302799,57.98,1114
31157,NE,Scotts Bluff,5.298571428571429,6.3972845,6.4337087,-0.0364244,64.18575063613231,,,48.02798982188295,95.86513994910942,20.35966602440591,59.98727735368957,63.835877862595424,63.835877862595424,57.98,1114
1107,AL,Pickens,6.545714285714285,3.4786475,4.8787766,-1.400129,27.89440203562341,69.2532332081769,,41.85750636132315,43.034351145038165,79.70456005138085,76.17684478371501,44.6882951653944,44.6882951653944,57.98,1114
56025,WY,Natrona,5.804285714285714,6.6509795,6.3298154,0.32116437,93.03435114503817,,,74.71374045801527,21.024173027989825,17.21258831085421,36.92748091603055,68.86132315521628,68.86132315521628,57.98,1114
39087,OH,Lawrence,5.88,6.855641,6.3800397,0.475601,53.24427480916031,48.393825615352526,,83.7468193384224,19.052162849872772,90.04495825305074,48.25063613231552,70.99236641221374,70.99236641221374,57.96,1118
31119,NE,Madison,7.031428571428571,7.3007665,7.544914,-0.24414709,79.73918575063614,,,62.75445292620865,78.05343511450383,33.397559409120106,83.07888040712467,60.87786259541985,60.87786259541985,57.96,1118
20009,KS,Barton,5.502857142857143,6.180496,6.46276,-0.2822639,74.07760814249363,0.0,,42.74809160305343,47.900763358778626,68.0796403339756,86.64122137404581,60.30534351145038,60.30534351145038,57.94,1120
48497,TX,Wise,8.860000000000001,8.842671,9.219002,-0.3763301,93.73409669211196,33.79224030037547,,60.01908396946565,37.02290076335878,85.70969813744381,75.85877862595419,58.96946564885496,58.96946564885496,57.93,1121
48357,TX,Ochiltree,2.667142857142857,3.8465908,5.939022,-2.0924315,76.24045801526718,27.70129328327076,,7.37913486005089,98.40966921119592,13.070006422607577,45.13358778625955,34.86005089058524,34.86005089058524,57.93,1121
24001,MD,Allegany,6.101428571428571,6.1509604,6.5584536,-0.40749332,20.960559796437657,67.66791823112224,,73.6323155216285,46.62849872773537,72.73603082851639,35.75063613231552,58.524173027989825,58.524173027989825,57.93,1121
44003,RI,Kent,8.917142857142858,8.562025,8.189479,0.37254617,21.119592875318062,82.39465999165624,59.599999999999994,80.88422391857506,23.759541984732824,65.89595375722543,39.05852417302799,69.43384223918575,69.43384223918575,57.91,1124
48199,TX,Hardin,5.797142857142857,7.445552,7.0628047,0.38274735,82.91984732824427,87.1506049228202,34.4,66.66666666666666,41.50763358778626,69.04303147077714,85.05089058524173,69.56106870229007,69.56106870229007,57.9,1125
21051,KY,Clay,8.6425,8.746102,8.534636,0.21146625,85.14631043256999,36.50396328744264,,80.97964376590332,29.67557251908397,47.527296082209375,41.31679389312977,67.14376590330788,67.14376590330788,57.89,1126
28093,MS,Marshall,8.37857142857143,8.18209,7.68177,0.5003204,79.19847328244275,49.144764288694205,,59.25572519083969,47.86895674300254,81.85613359023763,88.99491094147582,71.18320610687023,71.18320610687023,57.88,1127
29011,MO,Barton,10.47,7.868248,9.325022,-1.4567746,10.178117048346056,28.744263662911973,,45.92875318066159,92.77989821882952,62.042389210019266,64.50381679389314,43.60687022900763,43.60687022900763,57.84,1128
51179,VA,Stafford,7.121428571428572,7.581848,7.5090723,0.07277612,18.193384223918574,77.51355861493533,47.4,75.47709923664122,53.657760814249365,78.86962106615286,52.16284987277354,65.04452926208651,65.04452926208651,57.82,1129
54051,WV,Marshall,4.011428571428572,5.4223285,5.9370346,-0.5147065,23.85496183206107,51.731330830204435,,76.74936386768448,37.05470737913486,31.63134232498394,31.23409669211196,56.80661577608143,56.80661577608143,57.82,1129
13275,GA,Thomas,8.20142857142857,7.614731,7.473722,0.14100875,71.2468193384224,91.8648310387985,,57.347328244274806,53.78498727735369,61.01477199743096,51.20865139949109,65.96692111959288,65.96692111959288,57.8,1131
12027,FL,DeSoto,10.617142857142857,9.810502,8.551275,1.2592275,84.54198473282443,96.24530663329162,33.4,50.540712468193384,68.09796437659033,48.33012202954399,59.35114503816794,81.64758269720103,81.64758269720103,57.79,1132
51013,VA,Arlington,4.604285714285715,4.683056,4.4808393,0.20221671,5.725190839694656,80.43387567793073,41.6,73.79134860050891,17.970737913486005,89.88439306358381,44.14758269720102,66.79389312977099,66.79389312977099,57.78,1133
26107,MI,Mecosta,10.245714285714286,9.449667,9.025052,0.42461497,29.166666666666668,27.409261576971215,,62.786259541984734,0.0,29.030186255619785,62.81806615776081,69.8473282442748,69.8473282442748,57.75,1134
13059,GA,Clarke,10.241428571428571,9.74266,9.520452,0.22220802,25.636132315521625,71.33917396745932,,70.67430025445293,44.847328244274806,73.121387283237,79.42111959287533,66.95292620865139,66.95292620865139,57.72,1135
13071,GA,Colquitt,7.674285714285714,7.2930937,6.814672,0.47842127,68.98854961832062,90.86357947434293,,59.605597964376585,75.22264631043257,61.68914579319203,85.36895674300254,70.54707379134861,70.54707379134861,57.72,1135
26103,MI,Marquette,8.597142857142858,8.031415,7.6058145,0.42560092,68.70229007633588,0.0,34.599999999999994,59.12849872773537,17.938931297709924,22.70391779062299,21.501272264631044,69.78371501272265,69.78371501272265,57.71,1137
48171,TX,Gillespie,8.268571428571429,9.150553,9.578665,-0.4281121,84.00127226463104,55.360867751355855,,68.09796437659033,80.91603053435115,42.83879254977521,70.16539440203562,57.69720101781171,57.69720101781171,57.66,1138
26087,MI,Lapeer,7.339999999999999,8.008738,7.8146577,0.19407967,16.921119592875318,29.74551522736754,,68.41603053435115,0.0,47.463070006422605,84.47837150127225,66.41221374045801,66.41221374045801,57.65,1139
51185,VA,Tazewell,4.394285714285714,5.720452,5.9575663,-0.23711506,57.729007633587784,51.81476846057572,,75.06361323155215,59.70101781170484,0.0,15.362595419847327,60.17811704834607,60.17811704834607,57.56,1140
37037,NC,Chatham,9.06,8.273044,8.005893,0.26715082,32.98346055979644,83.35419274092614,,74.39567430025447,45.038167938931295,72.44701348747591,75.79516539440203,67.17557251908397,67.17557251908397,57.52,1141
55135,WI,Waupaca,8.675714285714287,7.8993325,7.595065,0.3042672,40.87150127226463,0.0,,66.2849872773537,16.825699745547073,54.56005138086062,76.81297709923663,67.58905852417303,67.58905852417303,57.46,1142
39167,OH,Washington,5.880000000000001,6.725831,6.6469216,0.07890984,22.614503816793892,57.363370880267,,80.53435114503816,61.927480916030525,64.48298008991651,33.078880407124686,64.40839694656488,64.40839694656488,57.45,1143
17181,IL,Union,3.7528571428571427,5.4053884,5.961623,-0.5562345,9.223918575063614,36.1284939507718,,38.93129770992366,60.846055979643765,84.13615928066795,61.57760814249363,55.37531806615776,55.37531806615776,57.4,1144
45055,SC,Kershaw,8.064285714285715,8.266786,8.017148,0.24963808,69.6882951653944,86.06591572799333,,64.40839694656488,23.695928753180663,76.94283879254978,72.90076335877863,66.66666666666666,66.66666666666666,57.38,1145
16005,ID,Bannock,11.845714285714285,10.09274,9.826433,0.2663064,96.91475826972008,,,51.87659033078881,16.221374045801525,78.9980732177264,15.139949109414758,66.88931297709924,66.88931297709924,57.38,1145
26045,MI,Eaton,7.6571428571428575,8.093726,7.770982,0.32274416,22.837150127226465,37.5886524822695,,72.01017811704835,0.0,45.02247912652537,86.48218829516541,67.6208651399491,67.6208651399491,57.35,1147
40049,OK,Garvin,10.02,7.9158254,8.012896,-0.09707008,87.21374045801527,41.093032957864,,54.898218829516544,88.26335877862596,77.36030828516378,85.08269720101781,61.704834605597966,61.704834605597966,57.34,1148
35037,NM,Quay,1.0900000000000003,-0.018973565,2.6231487,-2.6421223,85.71882951653944,,,38.45419847328244,89.59923664122137,30.314707771355167,13.263358778625957,25.95419847328244,25.95419847328244,57.33,1149
30067,MT,Park,11.651428571428571,10.287534,10.05612,0.23141281,93.51145038167938,,,55.62977099236641,23.600508905852415,17.662170841361593,8.269720101781171,66.2849872773537,66.2849872773537,57.32,1150
39101,OH,Marion,8.742857142857144,7.7342124,7.862191,-0.12797894,3.689567430025445,44.80600750938674,,64.8854961832061,0.0,40.20552344251766,62.945292620865146,61.100508905852415,61.100508905852415,57.25,1151
39043,OH,Erie,7.25,7.298381,7.4073725,-0.10899206,23.02798982188295,49.89570296203588,47.0,71.78753180661577,0.0,39.24213230571612,77.92620865139949,61.35496183206107,61.35496183206107,57.24,1152
39141,OH,Ross,7.855714285714285,7.6037817,7.6016126,0.0021687236,48.536895674300254,35.54443053817272,,74.45928753180662,68.86132315521628,77.97045600513809,56.297709923664115,62.88167938931297,62.88167938931297,57.23,1153
36043,NY,Herkimer,8.155714285714286,7.7252645,7.927688,-0.20242384,25.731552162849873,62.45306633291614,,78.53053435114504,0.0,33.076429030186254,38.645038167938935,60.01908396946565,60.01908396946565,57.23,1153
22065,LA,Madison,2.11,1.0839958,3.2464333,-2.1624374,4.89821882951654,69.62870254484773,,17.970737913486005,88.8676844783715,63.6480411046885,71.9147582697201,32.44274809160305,32.44274809160305,57.2,1155
48185,TX,Grimes,9.348571428571429,7.906634,8.321917,-0.41528317,59.38295165394402,84.93950771798082,,35.337150127226465,93.25699745547074,58.253050738599875,75.98600508905852,56.965648854961835,56.965648854961835,57.2,1155
29221,MO,Washington,8.324285714285713,8.395788,8.0375395,0.3582485,56.01145038167938,30.20442219440968,,52.639949109414765,20.960559796437657,96.01798330122028,65.17175572519083,67.77989821882952,67.77989821882952,57.18,1157
17195,IL,Whiteside,5.431428571428571,5.902206,5.6850286,0.21717729,14.122137404580156,18.35627868168544,,70.06997455470739,86.76844783715013,50.19267822736031,78.11704834605598,65.80788804071247,65.80788804071247,57.18,1157
38055,ND,McLean,3.3514285714285714,3.8826787,5.2810545,-1.3983756,76.97201017811705,,,33.11068702290076,32.092875318066156,15.735388567758507,45.5470737913486,43.09796437659033,43.09796437659033,57.17,1159
48149,TX,Fayette,8.22857142857143,7.7342157,8.070048,-0.33583263,49.713740458015266,80.5590321234877,,64.82188295165395,73.66412213740458,58.63840719332048,70.80152671755725,57.98346055979644,57.98346055979644,57.15,1160
13077,GA,Coweta,9.155714285714286,8.740678,8.531177,0.20950148,47.646310432569976,61.702127659574465,,72.13740458015268,46.4058524173028,70.19910083493899,80.6615776081425,65.61704834605598,65.61704834605598,57.14,1161
39173,OH,Wood,6.844285714285713,7.4215,7.2057223,0.21577814,13.549618320610689,43.88819357530246,13.0,75.69974554707379,0.0,47.43095696852922,80.50254452926208,65.68066157760815,65.68066157760815,57.13,1162
13033,GA,Burke,6.577142857142857,6.2108736,8.016423,-1.8055499,59.732824427480914,81.14309553608679,,31.29770992366413,80.59796437659033,65.3179190751445,58.61959287531806,37.30916030534351,37.30916030534351,57.13,1162
48467,TX,Van Zandt,9.472857142857142,9.540818,9.813292,-0.2724726,69.08396946564885,62.74509803921568,,53.62595419847328,77.16284987277355,80.02569043031471,77.7671755725191,58.778625954198475,58.778625954198475,57.1,1164
51650,VA,Hampton City,7.675714285714285,7.52286,7.582837,-0.05997736,24.268447837150127,85.39841468502296,80.4,62.59541984732826,0.0,78.7732819524727,56.13867684478372,61.73664122137404,61.73664122137404,57.09,1165
19007,IA,Appanoose,7.43,7.087348,8.606464,-1.5191163,59.510178117048355,9.052982895285774,,29.961832061068705,96.34223918575063,69.5247270391779,73.09160305343512,41.18956743002545,41.18956743002545,57.06,1166
48501,TX,Yoakum,3.62,4.286875,5.45969,-1.1728153,86.48218829516541,30.037546933667088,,36.354961832061065,96.2468193384224,26.878612716763005,34.28753180661578,46.0559796437659,46.0559796437659,57.06,1166
17025,IL,Clay,5.242857142857143,7.514446,9.039854,-1.5254084,5.279898218829516,37.29662077596996,,38.89949109414758,90.235368956743,62.10661528580603,41.412213740458014,41.06234096692112,41.06234096692112,57.04,1168
22011,LA,Beauregard,3.2357142857142853,5.761371,6.2499537,-0.48858264,86.29134860050891,82.47809762202753,22.6,59.92366412213741,73.09160305343512,61.46435452793835,48.05979643765903,55.56615776081425,55.56615776081425,57.01,1169
48445,TX,Terry,9.94,9.039693,9.778375,-0.738682,58.651399491094146,31.330830204422195,,11.673027989821882,94.78371501272264,29.57610789980732,54.54834605597965,52.035623409669206,52.035623409669206,57.0,1170
45087,SC,Union,9.781428571428572,7.3586917,7.656813,-0.29812112,53.46692111959288,71.13057989153107,,53.40330788804071,27.385496183206108,70.61657032755299,79.10305343511449,58.206106870229014,58.206106870229014,57.0,1170
35009,NM,Curry,4.3757142857142854,5.3203893,5.3607216,-0.040331908,95.70610687022901,0.0,,52.48091603053435,98.02798982188295,63.13423249839435,58.9058524173028,61.832061068702295,61.832061068702295,57.0,1170
5071,AR,Johnson,7.311428571428572,7.0472994,7.347812,-0.3005123,67.39821882951654,36.37880684188569,,61.959287531806616,46.533078880407125,79.31920359666024,78.91221374045801,58.14249363867684,58.14249363867684,56.98,1173
21073,KY,Franklin,8.620000000000001,8.340016,8.185761,0.15425481,15.012722646310433,28.410513141426787,,70.96055979643766,19.1793893129771,40.10918432883751,84.92366412213741,64.47201017811705,64.47201017811705,56.95,1174
37117,NC,Martin,6.96,6.6186495,6.3876224,0.23102753,35.36895674300254,92.40717563621192,31.6,55.025445292620866,79.99363867684478,56.74373795761078,60.24173027989822,65.45801526717557,65.45801526717557,56.91,1175
13111,GA,Fannin,10.348571428571429,10.499574,10.902941,-0.40336773,76.27226463104327,58.74009178139341,,66.0941475826972,59.38295165394402,6.005138086062941,63.899491094147585,56.48854961832062,56.48854961832062,56.88,1176
27019,MN,Carver,5.5442857142857145,6.4479017,6.6199718,-0.17207037,39.34478371501272,,,60.36895674300254,36.22773536895674,73.7315350032113,79.48473282442748,59.66921119592875,59.66921119592875,56.84,1177
13295,GA,Walker,10.275714285714287,9.450681,8.741571,0.7091089,60.87786259541985,52.649144764288685,,65.45801526717557,68.70229007633588,60.950545921644185,93.1297709923664,72.01017811704835,72.01017811704835,56.83,1178
51117,VA,Mecklenburg,7.4399999999999995,8.401377,8.951694,-0.55031747,24.30025445292621,85.273258239466,,56.583969465648856,96.11959287531806,51.637764932562625,33.842239185750635,54.32569974554708,54.32569974554708,56.83,1178
42073,PA,Lawrence,6.671428571428572,7.0540977,6.7583194,0.29577836,27.29007633587786,47.309136420525654,,83.07888040712467,0.0,29.351316634553633,37.72264631043257,66.12595419847328,66.12595419847328,56.79,1180
37109,NC,Lincoln,9.222857142857142,9.659469,8.817681,0.84178644,37.849872773536894,65.54025865665415,,83.23791348600508,44.052162849872765,39.627488760436734,78.43511450381678,73.75954198473282,73.75954198473282,56.77,1181
13123,GA,Gilmer,10.302857142857144,10.06478,9.623372,0.4414085,71.27862595419847,59.616186900292035,,75.31806615776081,62.213740458015266,7.032755298651253,75.25445292620864,68.09796437659033,68.09796437659033,56.75,1182
13015,GA,Bartow,10.314285714285715,9.705795,9.466395,0.2393996,62.18193384223919,50.14601585314977,,67.84351145038168,52.894402035623415,46.98137443802184,87.05470737913485,65.2671755725191,65.2671755725191,56.75,1182
1115,AL,Saint Clair,7.307142857142857,8.105149,7.374217,0.73093194,71.7557251908397,56.65415102211097,,75.92239185750637,44.211195928753185,71.70841361592807,91.76208651399493,72.13740458015268,72.13740458015268,56.74,1184
28041,MS,Greene,6.186666666666667,6.0248637,7.427274,-1.4024104,73.2824427480916,87.48435544430538,,38.26335877862596,36.19592875318066,48.23378291586384,56.87022900763359,42.17557251908397,42.17557251908397,56.73,1185
26055,MI,Grand Traverse,9.629999999999999,9.515426,9.243872,0.2715542,31.043256997455472,18.0642469753859,32.6,57.95165394402035,0.0,33.46178548490687,43.034351145038165,65.64885496183206,65.64885496183206,56.72,1186
31047,NE,Dawson,7.237142857142857,7.831612,7.584574,0.24703829,65.71246819338423,,,43.60687022900763,94.3384223918575,47.55940912010277,72.67811704834605,65.29898218829516,65.29898218829516,56.71,1187
21127,KY,Lawrence,4.8500000000000005,6.4805613,7.0899434,-0.60938215,66.95292620865139,34.2511472674176,,72.99618320610686,15.585241730279895,78.03468208092485,20.48346055979644,53.276081424936386,53.276081424936386,56.71,1187
29161,MO,Phelps,6.575714285714286,7.147254,7.721111,-0.573857,57.85623409669212,26.282853566958696,,52.35368956743003,29.70737913486005,89.85228002569043,38.45419847328244,53.721374045801525,53.721374045801525,56.69,1189
26155,MI,Shiawassee,7.897142857142858,8.018697,7.9895096,0.029186623,8.587786259541986,39.507717980809346,,55.152671755725194,0.0,55.748233782915875,86.16412213740458,62.18193384223919,62.18193384223919,56.68,1190
48455,TX,Trinity,7.394285714285714,8.165887,8.246538,-0.08065084,69.97455470737913,83.68794326241137,,40.26717557251908,0.0,53.403982016698784,63.39058524173028,60.62340966921119,60.62340966921119,56.68,1190
55109,WI,Saint Croix,7.339999999999999,7.7699647,7.600819,0.16914569,45.260814249363875,,,64.05852417302799,13.358778625954198,48.9402697495183,84.79643765903307,64.12213740458014,64.12213740458014,56.67,1192
47147,TN,Robertson,9.502857142857142,9.056192,9.146569,-0.09037658,23.568702290076335,32.91614518147685,,53.11704834605598,59.510178117048355,64.77199743095697,73.21882951653944,60.43256997455471,60.43256997455471,56.65,1193
5037,AR,Cross,8.041428571428572,8.430538,8.19806,0.23247783,12.5,49.56195244055069,,39.34478371501272,82.82442748091603,70.39177906229929,61.48218829516539,64.91730279898219,64.91730279898219,56.62,1194
55031,WI,Douglas,8.111428571428572,8.22365,8.170739,0.05291176,39.2175572519084,,24.0,61.45038167938931,15.680661577608143,61.43224149004496,27.353689567430024,62.37277353689568,62.37277353689568,56.61,1195
28005,MS,Amite,1.1171428571428572,3.373213,4.326445,-0.95323193,61.164122137404576,86.27450980392157,,46.31043256997455,49.96819338422392,61.33590237636481,67.14376590330788,48.21882951653944,48.21882951653944,56.6,1196
22031,LA,De Soto,3.412857142857143,5.088959,6.479638,-1.3906786,55.470737913486005,67.37588652482269,,46.24681933842239,51.908396946564885,82.40205523442519,50.0,42.01653944020356,42.01653944020356,56.57,1197
51171,VA,Shenandoah,7.611428571428571,7.967482,8.088275,-0.12079307,63.358778625954194,80.1418439716312,,73.88676844783714,59.28753180661578,46.37122671804752,27.29007633587786,59.82824427480916,59.82824427480916,56.56,1198
28091,MS,Marion,5.177142857142857,5.646388,5.7569833,-0.11059523,75.76335877862596,89.94576554025866,,48.05979643765903,46.75572519083969,67.05202312138728,73.37786259541986,59.95547073791349,59.95547073791349,56.55,1199
48363,TX,Palo Pinto,9.737142857142857,8.34537,8.793367,-0.44799668,90.2671755725191,43.47100542344597,,59.891857506361326,58.71501272264631,63.230571612074506,61.832061068702295,55.216284987277355,55.216284987277355,56.55,1199
36031,NY,Essex,7.9957142857142856,8.747619,8.663612,0.08400631,24.80916030534351,65.70713391739675,,76.94020356234098,0.0,30.98908156711625,23.791348600508904,62.65903307888042,62.65903307888042,56.54,1201
1019,AL,Cherokee,10.14,9.720024,9.58875,0.13127504,68.22519083969466,62.91197329995828,,70.41984732824427,89.79007633587787,44.637122671804754,82.95165394402035,63.32697201017812,63.32697201017812,56.54,1201
33007,NH,Coos,11.09142857142857,9.783598,8.980216,0.80338174,16.412213740458014,77.0546516478932,,77.63994910941476,0.0,12.748876043673732,10.623409669211195,72.7735368956743,72.7735368956743,56.54,1201
8087,CO,Morgan,7.894285714285714,8.221021,8.899762,-0.67874146,65.17175572519083,,,55.8206106870229,24.96819338422392,18.850353243416833,66.53944020356234,51.94020356234097,51.94020356234097,56.53,1204
39007,OH,Ashtabula,7.819999999999999,7.8283277,7.737624,0.09070403,36.10050890585242,52.31539424280351,28.799999999999997,72.58269720101781,0.0,50.96339113680153,78.7849872773537,62.59541984732826,62.59541984732826,56.46,1205
45021,SC,Cherokee,8.377142857142857,8.488743,7.8882747,0.6004682,37.46819338422392,71.00542344597413,,72.51908396946563,49.55470737913486,51.47719974309569,82.56997455470739,69.6882951653944,69.6882951653944,56.43,1206
54067,WV,Nicholas,8.281428571428572,7.22091,7.440945,-0.22003487,40.5852417302799,46.14100959532749,,67.04834605597965,26.431297709923665,7.996146435452794,9.669211195928751,58.17430025445292,58.17430025445292,56.43,1206
37167,NC,Stanly,9.601428571428572,8.470675,8.637794,-0.16711847,24.650127226463106,77.59699624530664,,69.91094147582697,56.07506361323155,58.092485549132945,65.10814249363868,58.842239185750635,58.842239185750635,56.39,1208
28031,MS,Covington,7.397142857142858,7.404056,8.139917,-0.73586124,55.56615776081425,87.77638715060492,,42.239185750636125,66.41221374045801,69.71740526653821,62.53180661577608,50.82697201017812,50.82697201017812,56.38,1209
27141,MN,Sherburne,6.948571428571428,7.3666816,7.9060984,-0.5394166,76.43129770992367,,,62.46819338422392,61.57760814249363,58.38150289017341,70.3880407124682,53.56234096692112,53.56234096692112,56.36,1210
55047,WI,Green Lake,8.48857142857143,7.8718176,8.089112,-0.21729544,47.073791348600516,12.682519816437212,,62.30916030534351,43.288804071246815,54.91329479768786,75.06361323155215,58.0470737913486,58.0470737913486,56.35,1211
25011,MA,Franklin,7.398571428571429,7.309003,7.335612,-0.02660891,36.99109414758271,78.63996662494786,,73.50508905852418,56.74300254452926,50.706486833654466,31.583969465648853,60.71882951653944,60.71882951653944,56.34,1212
5111,AR,Poinsett,7.874285714285714,7.229511,6.411637,0.8178741,7.442748091603053,44.2636629119733,,37.27735368956743,89.09033078880407,76.01156069364163,83.87404580152672,72.51908396946563,72.51908396946563,56.31,1213
30085,MT,Roosevelt,6.493333333333333,6.669628,7.1369095,-0.46728078,72.83715012722645,,,26.622137404580155,41.18956743002545,48.13744380218369,32.092875318066156,54.4529262086514,54.4529262086514,56.3,1214
13029,GA,Bryan,10.178571428571429,8.380866,7.9799805,0.40088555,79.99363867684478,93.86733416770964,63.8,41.76208651399491,20.737913486005088,67.11624919717406,40.64885496183206,66.63486005089058,66.63486005089058,56.3,1214
29083,MO,Henry,9.098571428571429,7.866966,8.446428,-0.57946306,43.54325699745547,27.659574468085108,,61.1323155216285,78.68956743002543,70.32755298651252,62.40458015267174,52.767175572519086,52.767175572519086,56.25,1216
31185,NE,York,6.594285714285713,6.018617,6.6315737,-0.61295646,37.37277353689568,,,24.96819338422392,85.49618320610686,26.42903018625562,67.01653944020356,52.25826972010178,52.25826972010178,56.23,1217
42027,PA,Centre,5.8985714285714295,7.1593366,6.65299,0.50634676,32.538167938931295,77.4718397997497,,81.23409669211196,0.0,48.00899165061015,42.84351145038168,67.970737913486,67.970737913486,56.23,1217
26043,MI,Dickinson,8.328571428571427,7.679686,7.785081,-0.105394974,27.767175572519083,0.0,,38.74045801526719,19.942748091603058,13.037893384714195,25.795165394402037,59.28753180661578,59.28753180661578,56.18,1219
48179,TX,Gray,5.36,5.968522,6.0283628,-0.059840884,93.67048346055981,26.992073425114725,,24.55470737913486,97.77353689567428,23.378291586384073,76.84478371501272,59.891857506361326,59.891857506361326,56.16,1220
30047,MT,Lake,10.76,9.493911,8.997874,0.49603653,92.6526717557252,,,57.15648854961832,23.950381679389313,38.66409762363519,3.276081424936387,67.6526717557252,67.6526717557252,56.14,1221
55043,WI,Grant,6.844285714285713,6.956984,6.9293313,0.027652707,16.666666666666664,15.310805173133083,,62.24554707379135,64.66284987277355,62.973667308927425,76.3676844783715,61.06870229007634,61.06870229007634,56.13,1222
39109,OH,Miami,8.335714285714285,8.187146,8.135605,0.051540885,21.024173027989825,33.54192740926158,,70.13358778625954,32.25190839694657,41.65061014771997,75.38167938931298,61.38676844783715,61.38676844783715,56.13,1222
47077,TN,Henderson,9.227142857142857,8.142182,7.961086,0.18109663,19.40203562340967,53.10805173133083,,32.79262086513995,40.489821882951645,69.91008349389853,80.02544529262089,63.104325699745544,63.104325699745544,56.08,1224
13185,GA,Lowndes,7.258571428571429,8.29785,7.4364924,0.86135757,72.51908396946563,91.15561118064247,,70.26081424936386,46.94656488549619,77.42453436095055,73.75954198473282,72.64631043256999,72.64631043256999,56.07,1225
19083,IA,Hardin,5.868571428571428,4.9955225,5.147464,-0.15194097,39.026717557251914,18.98206090947017,,52.86259541984733,96.43765903307887,11.143224149004496,72.16921119592875,58.396946564885496,58.396946564885496,56.06,1226
48099,TX,Coryell,8.308571428571428,8.84822,8.641105,0.20711483,83.23791348600508,58.48977889027952,,63.136132315521635,43.734096692111954,69.7495183044316,87.62722646310432,63.42239185750637,63.42239185750637,56.05,1227
28073,MS,Lamar,6.267142857142858,7.1521707,6.8308187,0.3213515,81.58396946564885,89.02795160617438,,62.11832061068703,36.6412213740458,80.66795118818241,73.79134860050891,64.98091603053436,64.98091603053436,56.03,1228
54035,WV,Jackson,4.465714285714285,6.55135,6.833796,-0.28244567,20.388040712468193,56.52899457655403,,75.82697201017811,34.033078880407125,58.124598587026334,12.754452926208652,56.45674300254453,56.45674300254453,56.01,1229
48259,TX,Kendall,8.288571428571428,8.092317,7.7295127,0.3628038,85.46437659033079,47.76804338756779,,75.12722646310432,72.7735368956743,46.24277456647399,73.56870229007633,65.48982188295165,65.48982188295165,55.99,1230
46005,SD,Beadle,6.28,6.8866677,7.8270726,-0.9404052,74.74554707379136,,,45.61068702290076,88.10432569974553,45.18304431599229,64.63104325699746,47.13740458015267,47.13740458015267,55.96,1231
30083,MT,Richland,3.414285714285714,4.619164,5.1618276,-0.54266363,54.99363867684478,,,25.06361323155216,32.60178117048346,46.11432241490045,27.003816793893133,52.703562340966926,52.703562340966926,55.96,1231
21013,KY,Bell,5.742857142857143,6.160535,5.613075,0.5474605,73.25063613231552,35.210680016687526,,82.029262086514,17.39821882951654,42.77456647398844,41.634860050890595,68.00254452926208,68.00254452926208,55.95,1233
17073,IL,Henry,4.881428571428572,5.5181093,5.747695,-0.22958556,7.124681933842239,19.31581143095536,,51.526717557251914,90.5852417302799,70.23121387283237,70.35623409669212,57.09287531806616,57.09287531806616,55.95,1233
42117,PA,Tioga,5.97,6.5569654,6.596549,-0.03958351,20.801526717557252,71.8397997496871,,78.9440203562341,0.0,15.928066795118816,23.982188295165393,59.764631043257,59.764631043257,55.95,1233
24013,MD,Carroll,6.178571428571429,6.4559207,6.5118194,-0.055898804,13.994910941475828,76.9712140175219,,66.73027989821882,74.61832061068702,75.17662170841362,36.354961832061065,59.510178117048355,59.510178117048355,55.94,1236
26067,MI,Ionia,8.832857142857142,9.015244,9.3312845,-0.31604132,21.596692111959285,34.000834376303715,,63.835877862595424,0.0,31.66345536287733,77.54452926208651,55.85241730279898,55.85241730279898,55.94,1236
19027,IA,Carroll,6.877142857142857,5.741843,5.9328804,-0.19103725,28.530534351145036,19.440967876512307,,37.53180661577608,94.6882951653944,20.42389210019268,85.46437659033079,57.601781170483456,57.601781170483456,55.94,1236
29027,MO,Callaway,8.181428571428572,7.206875,6.9442444,0.2626303,66.18956743002545,19.232373800584064,,68.35241730279898,57.3791348600509,91.55427103403983,61.641221374045806,63.93129770992366,63.93129770992366,55.92,1239
39063,OH,Hancock,6.111428571428571,6.8266673,7.266159,-0.4394919,1.876590330788804,39.591155611180646,,65.39440203562341,0.0,29.608220937700708,67.33460559796438,54.07124681933843,54.07124681933843,55.91,1240
50027,VT,Windsor,9.172857142857143,9.211133,9.113371,0.09776238,26.94020356234097,72.96620775969961,,76.7175572519084,0.0,69.97430956968529,30.089058524173034,61.57760814249363,61.57760814249363,55.9,1241
24015,MD,Cecil,6.821428571428571,6.741314,6.8574386,-0.11612459,25.286259541984737,78.30621610346267,56.599999999999994,60.75063613231551,92.8117048346056,78.25947334617854,48.60050890585242,58.5559796437659,58.5559796437659,55.89,1242
51800,VA,Suffolk City,7.255714285714285,7.219532,7.2244577,-0.004926341,55.597964376590326,88.19357530246141,61.0,53.975826972010175,93.09796437659033,71.93320488118175,55.72519083969466,60.1145038167939,60.1145038167939,55.89,1242
36057,NY,Montgomery,7.865714285714286,8.129072,7.7702374,0.3588349,27.735368956743,67.95994993742178,,80.470737913486,0.0,36.38407193320488,41.66666666666667,65.17175572519083,65.17175572519083,55.86,1244
19057,IA,Des Moines,4.76,5.2486444,5.5557833,-0.3071392,42.93893129770993,15.352523988318731,,56.04325699745547,84.98727735368958,83.3975594091201,69.40203562340967,55.78880407124682,55.78880407124682,55.84,1245
46011,SD,Brookings,6.7700000000000005,6.744385,7.459252,-0.71486706,64.24936386768448,,,48.44147582697201,42.652671755725194,40.36608863198459,80.27989821882952,50.06361323155216,50.06361323155216,55.84,1245
19051,IA,Davis,5.948571428571428,6.631395,7.3244476,-0.6930527,68.63867684478372,13.85064664163538,,32.66539440203562,98.66412213740456,75.69043031470778,68.73409669211196,50.349872773536894,50.349872773536894,55.83,1247
24019,MD,Dorchester,8.361428571428572,7.5958276,8.037632,-0.44180423,83.17430025445293,85.3566958698373,91.2,21.62849872773537,81.23409669211196,63.037893384714195,31.043256997455472,53.848600508905854,53.848600508905854,55.82,1248
5139,AR,Union,4.367142857142857,5.66531,6.103451,-0.43814084,27.92620865139949,59.44931163954944,,51.20865139949109,31.711195928753185,84.39306358381504,69.75190839694656,53.88040712468194,53.88040712468194,55.81,1249
19065,IA,Fayette,4.345714285714286,5.9095526,6.5596,-0.65004724,14.472010178117047,17.35502711722987,,59.16030534351145,86.29134860050891,40.33397559409121,71.53307888040712,50.89058524173028,50.89058524173028,55.8,1250
55071,WI,Manitowoc,9.595714285714285,7.9770894,7.3410707,0.6360193,19.21119592875318,21.735502711722987,32.2,69.65648854961832,0.0,79.92935131663457,77.25826972010178,68.92493638676844,68.92493638676844,55.79,1251
13069,GA,Coffee,8.044285714285715,7.6430397,7.670401,-0.027361019,68.1615776081425,89.69545264914477,,51.08142493638677,80.6615776081425,54.52793834296724,75.50890585241731,59.605597964376585,59.605597964376585,55.79,1251
35031,NM,McKinley,5.665714285714286,6.9680085,5.668075,1.2999332,78.68956743002543,0.0,,86.80025445292621,0.0,39.4990366088632,4.4529262086514,78.2442748091603,78.2442748091603,55.79,1251
27047,MN,Freeborn,7.0442857142857145,6.5204062,7.1609106,-0.6405038,24.36386768447837,,,49.1412213740458,93.06615776081425,25.850995504174698,79.64376590330787,50.98600508905853,50.98600508905853,55.78,1254
28071,MS,Lafayette,7.5,8.0808,7.761367,0.3194334,48.05979643765903,61.07634543178973,,47.773536895674305,31.520356234096692,80.70006422607578,81.10687022900763,64.44020356234097,64.44020356234097,55.77,1255
18109,IN,Morgan,8.365714285714287,8.200052,7.949257,0.2507955,23.091603053435115,9.887359198998748,,70.86513994910942,53.721374045801525,63.26268464996788,77.67175572519083,63.48600508905853,63.48600508905853,55.77,1255
47183,TN,Weakley,9.401428571428571,8.845791,7.841031,1.0047596,13.772264631043257,47.6011681268252,,21.882951653944023,66.15776081424937,68.59344894026975,77.86259541984732,74.04580152671755,74.04580152671755,55.76,1257
35006,NM,Cibola,5.328571428571429,6.983603,7.086798,-0.10319512,83.11068702290076,0.0,,73.44147582697201,25.286259541984737,22.800256904303147,9.033078880407125,58.365139949109405,58.365139949109405,55.7,1258
12049,FL,Hardee,9.751428571428571,9.187872,8.515559,0.6723123,82.8880407124682,91.36420525657071,0.0,26.3676844783715,62.65903307888042,34.296724470134876,42.49363867684479,69.17938931297711,69.17938931297711,55.66,1259
56039,WY,Teton,6.6899999999999995,8.551276,7.774783,0.7764932,90.64885496183204,,,34.73282442748092,16.444020356234095,2.151573538856776,19.40203562340967,70.64249363867684,70.64249363867684,55.66,1259
26073,MI,Isabella,6.880000000000001,7.6916533,7.2358084,0.45584473,18.352417302798983,33.04130162703379,,71.46946564885496,0.0,37.957610789980734,80.24809160305344,66.06234096692111,66.06234096692111,55.62,1261
47075,TN,Haywood,10.299999999999999,6.2353706,5.8770304,0.35833982,10.432569974554708,56.61243220692532,,24.87277353689567,65.61704834605598,69.55684007707129,66.85750636132316,64.69465648854961,64.69465648854961,55.62,1261
42087,PA,Mifflin,7.242857142857142,8.612467,7.9274893,0.6849777,26.59033078880407,77.34668335419273,,83.58778625954199,0.0,42.710340398201666,41.79389312977099,69.27480916030534,69.27480916030534,55.62,1261
17159,IL,Richland,4.45,6.840077,7.7642355,-0.92415905,2.735368956743003,38.67334167709637,,41.25318066157761,77.25826972010178,64.12973667308928,52.41730279898219,46.660305343511446,46.660305343511446,55.61,1264
48067,TX,Cass,6.904285714285714,6.620829,7.246381,-0.6255519,70.83333333333334,56.278681685440134,,39.91730279898219,68.6704834605598,79.64033397559409,73.98218829516541,50.795165394402034,50.795165394402034,55.58,1265
47145,TN,Roane,9.77,9.3861475,8.713785,0.6723627,47.67811704834607,48.56070087609512,,69.8791348600509,27.131043256997454,29.64033397559409,71.85114503816794,68.98854961832062,68.98854961832062,55.57,1266
31039,NE,Cuming,7.701428571428571,7.421913,7.570781,-0.14886798,86.38676844783714,,,49.204834605597966,89.7264631043257,44.57289659601798,71.4058524173028,57.283715012722645,57.283715012722645,55.48,1267
22037,LA,East Feliciana,3.5614285714285714,4.9068007,5.1150947,-0.208294,58.587786259541986,84.64747601168126,0.0,54.58015267175572,75.0,64.64354527938343,77.48091603053437,56.42493638676845,56.42493638676845,55.47,1268
39133,OH,Portage,7.457142857142857,7.3930554,6.9844055,0.40864974,39.18575063613232,55.48602419691281,,75.25445292620864,0.0,65.18946692357098,70.45165394402035,65.07633587786259,65.07633587786259,55.46,1269
37165,NC,Scotland,7.35,6.7490935,6.4413238,0.30776995,82.029262086514,86.9837296620776,,56.39312977099237,47.51908396946565,71.6120745022479,80.78880407124683,63.64503816793893,63.64503816793893,55.45,1270
47051,TN,Franklin,9.93142857142857,8.893745,9.023025,-0.12927921,17.270992366412212,47.476011681268254,,58.269720101781175,68.28880407124683,39.820166987797045,77.3854961832061,57.50636132315522,57.50636132315522,55.45,1270
13261,GA,Sumter,5.724285714285714,5.7604704,6.193003,-0.43253285,64.50381679389314,80.93450146015854,,53.49872773536896,95.51526717557253,68.94669235709698,65.42620865139949,53.18066157760815,53.18066157760815,55.42,1272
26071,MI,Iron,7.0,8.181581,8.480767,-0.29918638,43.288804071246815,0.0,,25.667938931297712,24.681933842239182,9.890815671162493,17.65267175572519,55.05725190839694,55.05725190839694,55.42,1272
40095,OK,Marshall,7.701428571428572,7.8595877,8.592192,-0.7326037,79.26208651399492,32.62411347517731,,38.83587786259542,73.05979643765902,74.91971740526654,81.36132315521628,48.98218829516539,48.98218829516539,55.42,1272
48365,TX,Panola,7.924285714285714,7.227302,7.4969745,-0.2696723,72.10559796437659,78.26449728827701,,44.338422391857506,0.0,75.30507385998717,81.55216284987277,55.43893129770993,55.43893129770993,55.4,1275
40007,OK,Beaver,1.4499999999999997,2.3030057,3.827745,-1.5247395,85.68702290076337,20.35878181059658,,5.343511450381679,98.53689567430024,10.533076429030183,34.95547073791349,37.81806615776082,37.81806615776082,55.4,1275
48115,TX,Dawson,7.6414285714285715,8.623364,10.080508,-1.4571441,56.965648854961835,34.292866082603254,,18.76590330788804,93.8295165394402,31.759794476557484,52.13104325699746,38.74045801526719,38.74045801526719,55.39,1277
36107,NY,Tioga,6.05,6.368804,6.3217535,0.047050614,23.886768447837152,62.70337922403005,,78.88040712468194,41.221374045801525,40.30186255619782,43.765903307888046,59.860050890585235,59.860050890585235,55.39,1277
47163,TN,Sullivan,9.785714285714286,9.553737,8.678111,0.87562644,36.48218829516539,54.69336670838548,,81.61577608142494,28.72137404580153,18.529222864482985,47.23282442748092,71.46946564885496,71.46946564885496,55.38,1279
26057,MI,Gratiot,8.395714285714286,7.9463706,8.305971,-0.35960013,6.647582697201019,39.04881101376721,,62.97709923664122,0.0,31.502890173410403,72.96437659033079,54.134860050890595,54.134860050890595,55.38,1279
18173,IN,Warrick,7.048571428571429,7.478293,7.0562706,0.42202213,35.55979643765903,22.56987901543596,,68.92493638676844,48.1234096692112,75.78676942838791,71.72391857506362,65.10814249363868,65.10814249363868,55.38,1279
8117,CO,Summit,10.31,10.172651,10.095428,0.07722313,53.56234096692112,,,65.42620865139949,0.0,0.0,21.787531806615775,60.20992366412214,60.20992366412214,55.35,1282
26063,MI,Huron,9.078571428571427,8.515388,8.519936,-0.004548005,9.732824427480915,58.23946599916562,43.2,64.12213740458014,0.0,41.55427103403982,52.767175572519086,59.03307888040712,59.03307888040712,55.34,1283
39083,OH,Knox,8.681428571428572,8.451747,8.311852,0.13989551,36.16412213740458,40.92615769712141,,71.97837150127226,0.0,58.50995504174696,64.31297709923665,61.036895674300254,61.036895674300254,55.33,1284
13205,GA,Mitchell,5.991666666666667,5.95952,5.6779613,0.28155798,56.07506361323155,89.82060909470171,,52.83078880407125,78.2442748091603,48.36223506743738,81.64758269720103,63.040712468193384,63.040712468193384,55.33,1284
21211,KY,Shelby,7.414285714285714,7.920153,7.7211313,0.1990211,21.374045801526716,20.317062995410932,,61.41857506361323,31.679389312977097,45.43994861913938,87.81806615776081,61.863867684478365,61.863867684478365,55.32,1286
48227,TX,Howard,6.375714285714286,7.221664,7.523295,-0.3016309,89.47201017811705,33.917396745932415,,45.41984732824427,94.65648854961832,57.418111753371875,66.0941475826972,54.80279898218829,54.80279898218829,55.31,1287
53065,WA,Stevens,10.058571428571428,9.575233,9.481081,0.09415211,96.46946564885496,,,68.60687022900763,13.8676844783715,62.01027617212588,12.46819338422392,60.33715012722646,60.33715012722646,55.3,1288
37079,NC,Greene,10.361428571428572,9.296679,9.039746,0.25693232,29.42111959287532,92.90780141843973,23.200000000000003,39.50381679389313,76.94020356234098,56.67951188182401,59.03307888040712,62.62722646310432,62.62722646310432,55.3,1288
42063,PA,Indiana,5.412857142857143,6.2511454,5.917362,0.33378378,37.94529262086514,70.79682937004588,,77.83078880407125,0.0,32.145150931278096,42.62086513994911,63.70865139949109,63.70865139949109,55.3,1288
38003,ND,Barnes,4.118571428571429,4.431245,5.361011,-0.9297661,65.42620865139949,,,41.28498727735369,24.745547073791354,19.07514450867052,41.76208651399491,45.896946564885496,45.896946564885496,55.27,1291
17049,IL,Effingham,5.725714285714285,6.0252366,6.390911,-0.3656745,10.877862595419847,40.25865665415102,,49.17302798982188,87.18193384223919,66.85934489402698,63.58142493638677,53.7531806615776,53.7531806615776,55.23,1292
42059,PA,Greene,4.328571428571428,4.9128594,5.1789737,-0.2661139,23.377862595419845,63.32916145181476,,74.26844783715013,39.05852417302799,22.511239563262684,34.66921119592875,55.1208651399491,55.1208651399491,55.22,1293
19139,IA,Muscatine,5.885714285714286,6.155232,6.2301555,-0.07492379,60.909669211195926,12.891113892365455,,62.56361323155216,80.1526717557252,76.52536929993578,54.99363867684478,57.760814249363875,57.760814249363875,55.2,1294
51810,VA,Virginia Beach City,6.5600000000000005,6.7761064,6.843909,-0.067802496,55.8206106870229,88.94451397580309,67.4,27.92620865139949,21.978371501272264,91.71483622350677,66.66666666666666,57.85623409669212,57.85623409669212,55.19,1295
22115,LA,Vernon,3.8985714285714286,6.512502,5.79356,0.7189425,79.80279898218829,87.02544847726323,,66.57124681933843,0.0,73.57096981374438,85.97328244274809,68.89312977099237,68.89312977099237,55.19,1295
22003,LA,Allen,4.741428571428571,5.672422,6.2470365,-0.5746142,76.65394402035624,84.98122653316645,30.6,45.06997455470738,79.26208651399492,51.86255619781631,65.13994910941476,50.69974554707379,50.69974554707379,55.17,1297
45089,SC,Williamsburg,7.474285714285714,6.6779513,5.0127416,1.665209,87.24554707379136,95.16061743846474,23.0,59.796437659033074,45.67430025445292,75.75465639049455,44.465648854961835,82.06106870229009,82.06106870229009,55.13,1298
47011,TN,Bradley,9.725714285714286,9.797313,8.746842,1.0504704,47.20101781170484,55.778055903212355,,69.05216284987277,52.639949109414765,46.33911368015414,88.42239185750637,73.40966921119593,73.40966921119593,55.12,1299
29049,MO,Clinton,8.858571428571429,7.4964523,7.6678414,-0.17138931,66.2531806615776,0.0,,65.55343511450383,68.00254452926208,62.42774566473989,72.36005089058524,56.234096692111954,56.234096692111954,55.11,1300
48019,TX,Bandera,8.821428571428571,8.941836,8.368391,0.5734452,86.67302798982189,46.64163537755528,,79.26208651399492,68.89312977099237,40.07707129094412,65.01272264631042,66.69847328244275,66.69847328244275,55.11,1300
30021,MT,Dawson,5.152857142857143,6.9024153,6.5323486,0.37006664,59.573791348600516,,,28.148854961832058,33.26972010178117,62.49197174052665,25.127226463104325,63.80407124681934,63.80407124681934,55.09,1302
47179,TN,Washington,9.49,9.043408,8.859091,0.18431671,42.77989821882952,55.86149353358365,,71.0559796437659,48.18702290076336,16.76300578034682,50.06361323155216,61.164122137404576,61.164122137404576,55.08,1303
48407,TX,San Jacinto,8.92,8.6609125,8.631428,0.029484954,68.35241730279898,74.50980392156865,,60.973282442748086,0.0,57.32177263969171,90.01272264631042,58.87404580152672,58.87404580152672,55.02,1304
36037,NY,Genesee,8.117142857142857,7.2496448,7.415611,-0.16596614,18.416030534351144,62.03587818105966,,71.11959287531806,73.98218829516541,34.26461143224149,29.548346055979646,56.10687022900763,56.10687022900763,55.01,1305
47141,TN,Putnam,10.055714285714286,9.71715,9.19047,0.52667916,27.131043256997454,47.97663746349603,,60.24173027989822,30.15267175572519,35.58124598587026,86.89567430025447,65.83969465648855,65.83969465648855,55.01,1305
38105,ND,Williams,5.0685714285714285,6.6681266,7.0031576,-0.33503118,77.41730279898219,,,42.90712468193384,40.0763358778626,20.77713551701991,53.11704834605598,53.657760814249365,53.657760814249365,54.97,1307
17059,IL,Gallatin,4.628571428571428,5.676716,7.416753,-1.7400371,1.208651399491094,35.71130579891531,,36.036895674300254,71.56488549618321,71.6441875401413,36.99109414758271,33.87404580152672,33.87404580152672,54.94,1308
29219,MO,Warren,8.218571428571428,7.768573,7.9773107,-0.20873816,56.55216284987278,9.51188986232791,,61.19592875318066,30.947837150127228,92.6461143224149,55.24809160305344,55.34351145038168,55.34351145038168,54.92,1309
1061,AL,Geneva,6.801428571428572,7.52821,7.876159,-0.34794948,37.786259541984734,87.27576136837713,,55.43893129770993,70.32442748091603,52.922286448298,51.590330788804074,53.37150127226463,53.37150127226463,54.92,1309
12121,FL,Suwannee,9.787142857142857,9.521411,8.588102,0.93330926,81.87022900763358,93.36670838548184,0.0,62.913486005089055,35.36895674300254,58.317276814386645,51.7175572519084,71.34223918575063,71.34223918575063,54.91,1311
47103,TN,Lincoln,9.897142857142857,9.259666,9.211629,0.048037563,15.489821882951654,53.81727158948686,,56.99745547073791,70.51526717557252,50.0,85.55979643765902,58.9058524173028,58.9058524173028,54.9,1312
18051,IN,Gibson,7.247142857142857,6.304207,7.03163,-0.727423,6.170483460559796,27.993324989570297,,36.92748091603055,95.76972010178118,68.81824020552344,38.74045801526719,47.99618320610687,47.99618320610687,54.89,1313
49043,UT,Summit,9.290000000000001,9.1806,9.040688,0.13991173,96.53307888040713,,,49.61832061068702,27.19465648854962,14.03339755940912,13.581424936386767,60.08269720101781,60.08269720101781,54.85,1314
45071,SC,Newberry,8.444285714285714,8.1676235,7.8912244,0.27639914,53.912213740458014,80.18356278681685,,62.88167938931297,43.38422391857507,56.87219010918433,80.88422391857506,61.99109414758269,61.99109414758269,54.84,1315
44009,RI,Washington,8.914285714285715,8.336,7.906631,0.42936996,23.059796437659035,82.22778473091363,76.2,75.38167938931298,43.54325699745547,46.4354527938343,29.389312977099237,64.02671755725191,64.02671755725191,54.79,1316
17191,IL,Wayne,8.192857142857143,9.647369,10.873372,-1.2260023,1.463104325699746,36.46224447225699,,35.43256997455471,70.57888040712467,86.41618497109826,46.85114503816794,40.74427480916031,40.74427480916031,54.77,1317
53071,WA,Walla Walla,8.537142857142857,7.86163,7.6875978,0.17403276,83.52417302798982,,,64.79007633587787,23.536895674300258,81.53500321130379,11.768447837150129,60.36895674300254,60.36895674300254,54.75,1318
19167,IA,Sioux,6.55,6.690885,7.0852237,-0.3943388,39.662849872773535,,,49.459287531806616,71.46946564885496,40.68721901091843,79.35750636132317,52.3854961832061,52.3854961832061,54.75,1318
39055,OH,Geauga,6.5442857142857145,6.8807974,6.712468,0.16832893,42.270992366412216,44.430538172715885,0.0,73.2824427480916,0.0,55.00963391136801,59.573791348600516,60.2735368956743,60.2735368956743,54.74,1320
5001,AR,Arkansas,5.51,6.336196,5.958108,0.3780875,19.84732824427481,60.95118898623279,,58.396946564885496,66.53944020356234,68.78612716763006,70.41984732824427,63.19974554707379,63.19974554707379,54.73,1321
17135,IL,Montgomery,6.241428571428571,5.8488035,5.312734,0.53606904,13.64503816793893,42.136003337505215,,58.7468193384224,79.93002544529261,79.4155427103404,71.46946564885496,65.39440203562341,65.39440203562341,54.72,1322
8089,CO,Otero,10.641428571428573,9.151527,9.6583605,-0.5068326,75.92239185750637,,,60.14631043256997,89.3765903307888,27.26396917148362,33.26972010178117,50.731552162849866,50.731552162849866,54.71,1323
33017,NH,Strafford,9.638571428571428,8.738675,8.294108,0.4445665,34.51017811704835,76.55402586566542,44.6,75.95419847328245,66.2849872773537,49.357739242132304,42.20737913486005,64.09033078880407,64.09033078880407,54.71,1323
40015,OK,Caddo,6.13,7.094233,6.6960707,0.39816242,85.59160305343512,39.21568627450981,,54.4529262086514,89.12213740458014,73.66730892742453,82.50636132315522,63.39058524173028,63.39058524173028,54.69,1325
28107,MS,Panola,8.418571428571429,7.610516,6.795807,0.81470966,63.42239185750637,67.79307467667918,,43.89312977099237,65.42620865139949,89.21001926782276,87.8498727735369,69.21119592875317,69.21119592875317,54.67,1326
26031,MI,Cheboygan,11.065714285714284,10.170255,10.046845,0.12340832,25.318066157760818,24.4889445139758,37.2,77.89440203562341,0.0,21.32305716120745,25.763358778625957,59.478371501272264,59.478371501272264,54.66,1327
51143,VA,Pittsylvania,7.778571428571429,7.297531,6.8652773,0.43225363,44.62468193384224,77.63871506049227,,77.41730279898219,73.21882951653944,52.50481695568401,40.426208651399484,63.77226463104325,63.77226463104325,54.64,1328
16065,ID,Madison,10.002857142857142,9.301313,9.233434,0.067879,70.26081424936386,,,57.79262086513995,21.278625954198475,77.00706486833656,9.891857506361324,58.61959287531806,58.61959287531806,54.62,1329
46015,SD,Brule,7.412857142857143,10.100514,10.026674,0.07383956,73.6323155216285,,,28.56234096692112,73.15521628498728,14.675658317276817,35.05089058524173,58.71501272264631,58.71501272264631,54.62,1329
37175,NC,Transylvania,9.484285714285715,9.948514,9.473283,0.4752299,43.95674300254453,59.94993742177722,,67.1119592875318,46.596692111959285,2.472703917790623,52.608142493638674,64.24936386768448,64.24936386768448,54.57,1331
38035,ND,Grand Forks,3.5300000000000002,5.52604,5.5152917,0.010748557,55.3117048346056,,,61.704834605597966,25.92239185750636,37.283236994219656,60.65521628498728,57.665394402035616,57.665394402035616,54.54,1332
6051,CA,Mono,7.098571428571428,7.8760176,8.654131,-0.7781138,91.15776081424936,,,46.88295165394402,78.11704834605598,23.410404624277454,2.512722646310432,46.50127226463104,46.50127226463104,54.5,1333
40133,OK,Seminole,8.455714285714285,6.384738,6.4068384,-0.022100244,91.12595419847328,33.87567793074677,,38.23155216284987,69.3384223918575,87.70070648683365,78.68956743002543,57.12468193384224,57.12468193384224,54.5,1333
1129,AL,Washington,5.166,5.7206416,6.5592947,-0.83865327,65.83969465648855,86.94201084689195,21.6,38.3587786259542,45.70610687022901,52.44059087989724,66.34860050890585,45.64249363867685,45.64249363867685,54.49,1335
37139,NC,Pasquotank,8.8,8.285159,8.189768,0.09539114,44.49745547073791,91.32248644138507,63.4,47.55089058524173,29.866412213740457,60.82209377007065,44.49745547073791,58.68320610687023,58.68320610687023,54.46,1336
16011,ID,Bingham,11.257142857142856,10.476946,10.272162,0.20478395,83.5559796437659,,,58.778625954198475,26.78117048346056,85.99871547848427,8.206106870229007,60.14631043256997,60.14631043256997,54.42,1337
42083,PA,McKean,6.517142857142857,6.496508,6.7427497,-0.24624157,10.209923664122138,61.74384647476012,,73.18702290076337,0.0,10.468850353243417,24.459287531806613,53.78498727735369,53.78498727735369,54.41,1338
17173,IL,Shelby,5.471428571428571,6.709987,7.096867,-0.38687983,12.563613231552162,40.67584480600751,,48.346055979643765,93.41603053435117,56.32626846499679,39.75826972010178,51.74936386768449,51.74936386768449,54.37,1339
1085,AL,Lowndes,3.896,3.0428824,5.0421295,-1.9992466,31.48854961832061,71.42261159783062,,31.870229007633593,52.25826972010178,72.67180475272961,67.08015267175573,29.07124681933842,29.07124681933842,54.36,1340
54087,WV,Roane,7.448333333333333,6.440515,7.303776,-0.8632607,17.111959287531807,51.481017939090535,,69.17938931297711,42.39821882951654,38.53564547206167,8.492366412213741,45.00636132315521,45.00636132315521,54.35,1341
31065,NE,Furnas,7.598571428571428,8.608916,8.98228,-0.37336427,19.87913486005089,,,18.829516539440203,95.22900763358777,23.089274245343606,37.18193384223918,51.87659033078881,51.87659033078881,54.34,1342
21119,KY,Knott,4.43,4.793362,5.1458216,-0.3524598,74.10941475826972,34.5014601585315,,73.1234096692112,0.0,32.88375080282594,19.49745547073791,52.09923664122137,52.09923664122137,54.31,1343
18017,IN,Cass,9.558571428571428,7.366252,7.3803635,-0.014111723,11.068702290076336,33.75052148518982,,64.09033078880407,69.08396946564885,63.32691072575466,60.43256997455471,56.77480916030534,56.77480916030534,54.27,1344
18083,IN,Knox,6.22,6.3230996,6.4407988,-0.11769921,8.206106870229007,26.449728827701293,,53.43511450381679,80.88422391857506,62.45985870263326,60.973282442748086,55.3117048346056,55.3117048346056,54.27,1344
39015,OH,Brown,9.221428571428572,8.23908,7.839137,0.3999432,60.65521628498728,26.78347934918649,,75.03180661577609,53.21246819338422,64.9325626204239,57.538167938931295,62.56361323155216,62.56361323155216,54.26,1346
55121,WI,Trempealeau,6.648571428571429,7.2825274,7.15808,0.12444738,13.16793893129771,0.0,,67.4618320610687,38.040712468193384,60.56518946692358,59.82824427480916,58.651399491094146,58.651399491094146,54.24,1347
28127,MS,Simpson,6.425714285714285,6.0996284,6.522893,-0.4232648,48.1234096692112,80.60075093867334,,51.55852417302798,57.729007633587784,71.4193962748876,76.7175572519084,50.95419847328244,50.95419847328244,54.23,1348
42115,PA,Susquehanna,4.581428571428572,6.1472087,6.3811383,-0.2339296,21.21501272264631,75.3441802252816,,70.99236641221374,0.0,24.05266538214515,46.978371501272264,53.5941475826972,53.5941475826972,54.22,1349
47123,TN,Monroe,11.137142857142857,8.92871,8.634547,0.29416266,68.57506361323156,60.32540675844806,,65.07633587786259,55.56615776081425,34.42517662170842,63.77226463104325,60.909669211195926,60.909669211195926,54.17,1350
5017,AR,Chicot,1.142,3.322937,4.246935,-0.9239974,8.428753180661577,65.74885273258239,,49.395674300254456,88.35877862595419,61.368015414258196,50.03180661577608,43.765903307888046,43.765903307888046,54.15,1351
42037,PA,Columbia,6.338571428571428,7.2636914,6.8838086,0.37988263,27.544529262086513,70.3796412181894,,78.62595419847328,0.0,52.47270391779062,36.1323155216285,62.054707379134854,62.054707379134854,54.14,1352
28025,MS,Clay,6.5200000000000005,5.7980566,6.8092637,-1.0112069,26.272264631043257,69.71214017521903,,33.778625954198475,61.895674300254456,62.138728323699425,75.09541984732824,42.525445292620866,42.525445292620866,54.14,1352
17021,IL,Christian,4.617142857142857,5.479905,5.6628575,-0.1829525,9.033078880407125,32.040050062578224,,41.50763358778626,91.2531806615776,68.17597944765575,44.75190839694657,54.039440203562336,54.039440203562336,54.09,1354
47177,TN,Warren,10.835714285714287,9.027189,8.538339,0.4888509,23.600508905852415,53.52523988318731,,56.965648854961835,83.11068702290076,20.74502247912653,84.95547073791349,63.45419847328244,63.45419847328244,54.08,1355
29195,MO,Saline,7.318571428571429,6.583786,6.9382515,-0.3544658,30.15267175572519,25.40675844806007,,58.492366412213734,82.47455470737911,80.98908156711624,60.527989821882954,51.62213740458015,51.62213740458015,54.08,1355
26117,MI,Montcalm,9.540000000000001,9.389823,9.365968,0.02385521,32.410941475826974,25.90738423028786,,61.641221374045806,0.0,32.33782915863841,76.46310432569975,56.87022900763359,56.87022900763359,54.05,1357
13233,GA,Polk,10.968571428571428,9.895933,9.359235,0.5366993,71.50127226463104,61.66040884438882,,66.03053435114504,81.87022900763358,41.49004495825305,86.32315521628499,64.05852417302799,64.05852417302799,54.04,1358
54009,WV,Brooke,6.2057142857142855,6.3741956,6.53758,-0.16338475,16.28498727735369,52.4822695035461,,75.66793893129771,22.264631043257,27.585099550417468,22.32824427480916,54.230279898218825,54.230279898218825,54.04,1358
23009,ME,Hancock,9.132857142857144,9.638804,9.7423725,-0.10356726,10.846055979643769,87.81810596579056,77.0,45.16539440203562,57.44274809160306,11.753371868978803,15.839694656488549,55.025445292620866,55.025445292620866,54.02,1360
38059,ND,Morton,4.03,5.0657525,5.55418,-0.4884277,73.91857506361323,,,40.426208651399484,23.40966921119593,28.034682080924856,57.347328244274806,49.586513994910945,49.586513994910945,54.0,1361
30105,MT,Valley,6.704285714285715,6.6046453,8.064569,-1.4599239,49.459287531806616,,,34.223918575063614,37.56361323155216,25.272960822093772,14.631043256997456,35.94147582697201,35.94147582697201,54.0,1361
19029,IA,Cass,5.755714285714285,6.8126855,6.5553665,0.2573184,40.55343511450381,17.563621193158113,,43.35241730279898,97.64631043256996,71.8368657675016,75.76335877862596,60.05089058524173,60.05089058524173,54.0,1361
26149,MI,Saint Joseph,8.224285714285715,7.951657,7.7972846,0.15437214,16.984732824427482,38.005840634125995,,68.06615776081425,61.99109414758269,33.75080282594733,63.51781170483461,58.587786259541986,58.587786259541986,53.99,1364
20191,KS,Sumner,7.631428571428572,6.565749,7.105391,-0.5396418,64.79007633587787,20.233625365039636,,46.723918575063614,77.79898218829516,66.63455362877329,79.00763358778626,48.823155216284995,48.823155216284995,53.98,1365
33005,NH,Cheshire,9.401428571428571,8.478019,8.180613,0.29740658,24.491094147582697,76.05340008343762,,74.84096692111959,0.0,51.57353885677585,43.63867684478372,60.49618320610687,60.49618320610687,53.94,1366
40001,OK,Adair,10.306666666666667,11.837524,12.015933,-0.17840822,90.61704834605598,42.26115978306216,,59.541984732824424,0.0,85.42068079640333,66.15776081424937,53.81679389312977,53.81679389312977,53.94,1366
29101,MO,Johnson,8.415714285714285,8.105089,8.19664,-0.09155113,28.816793893129773,22.194409678765123,,59.66921119592875,62.150127226463106,81.05330764290302,57.15648854961832,54.93002544529262,54.93002544529262,53.89,1368
27103,MN,Nicollet,5.721428571428571,5.697094,6.4665055,-0.7694112,17.334605597964376,,,50.31806615776081,63.136132315521635,52.08734746307001,56.99745547073791,45.38804071246819,45.38804071246819,53.88,1369
48337,TX,Montague,10.34,9.079,9.169548,-0.090547286,89.75826972010178,38.79849812265332,,30.725190839694655,98.18702290076337,78.09890815671162,77.57633587786259,54.86641221374045,54.86641221374045,53.85,1370
13191,GA,McIntosh,9.110000000000001,10.012625,9.269236,0.7433883,87.1501272264631,94.70171047142262,70.19999999999999,18.06615776081425,0.0,49.80732177263969,18.447837150127228,66.57124681933843,66.57124681933843,53.85,1370
2150,AK,Kodiak Island,5.797142857142857,6.59134,5.9463844,0.6449553,23.21882951653944,,0.0,4.421119592875318,0.0,,0.477099236641221,65.13994910941476,65.13994910941476,53.82,1372
42109,PA,Snyder,6.579999999999999,6.4115252,6.5377917,-0.12626632,17.68447837150127,77.26324572382144,,71.2468193384224,0.0,43.577392421323054,36.863867684478365,54.293893129770986,54.293893129770986,53.81,1373
23001,ME,Androscoggin,9.858571428571429,9.20074,8.985002,0.21573822,24.77735368956743,86.19107217355028,0.0,61.57760814249363,76.17684478371501,36.255619781631346,19.81552162849873,59.06488549618321,59.06488549618321,53.8,1374
29229,MO,Wright,10.182857142857143,8.336074,8.23725,0.09882331,64.59923664122137,31.289111389236545,,62.34096692111958,36.291348600508904,80.82851637764932,57.06106870229007,57.410941475826974,57.410941475826974,53.79,1375
37027,NC,Caldwell,9.605714285714285,9.146413,8.330223,0.8161889,51.972010178117046,66.04088443888193,,79.00763358778626,50.858778625954194,39.33847141939628,62.086513994910945,67.43002544529261,67.43002544529261,53.77,1376
54041,WV,Lewis,6.722857142857143,6.25727,7.1301703,-0.87290126,7.251908396946565,47.35085523571129,,69.08396946564885,33.36513994910941,19.7495183044316,11.545801526717558,43.70229007633588,43.70229007633588,53.76,1377
13237,GA,Putnam,10.139999999999999,9.599692,9.788539,-0.1888473,63.104325699745544,71.67292448894452,,67.90712468193384,83.58778625954199,56.551059730250486,49.395674300254456,53.30788804071247,53.30788804071247,53.76,1377
21177,KY,Muhlenberg,6.42,6.8671966,7.0584517,-0.191255,18.161577608142498,30.413016270337923,,45.73791348600509,69.05216284987277,73.50674373795762,54.61195928753181,53.24427480916031,53.24427480916031,53.75,1379
29215,MO,Texas,6.3585714285714285,8.502812,8.038152,0.4646606,64.94910941475827,37.21318314559866,,49.23664122137404,36.863867684478365,87.66859344894027,63.072519083969475,62.43638676844784,62.43638676844784,53.74,1380
37153,NC,Richmond,7.801428571428572,7.480747,7.1360846,0.34466293,79.89821882951654,85.98247809762202,,57.56997455470738,41.412213740458014,64.86833654463712,81.23409669211196,60.75063613231551,60.75063613231551,53.74,1380
39129,OH,Pickaway,7.7457142857142856,8.031968,8.38562,-0.35365263,18.575063613231553,26.65832290362954,,65.96692111959288,83.39694656488551,58.47784200385357,52.86259541984733,50.92239185750637,50.92239185750637,53.72,1382
55019,WI,Clark,8.188571428571429,7.691987,6.7938333,0.89815396,19.783715012722645,0.0,,69.11577608142494,24.58651399491094,58.34938985228002,71.69211195928753,68.44783715012723,68.44783715012723,53.7,1383
29169,MO,Pulaski,5.965714285714285,8.162679,7.826589,0.33608884,62.53180661577608,20.94284522319566,,62.43638676844784,26.685750636132315,89.82016698779705,61.51399491094147,60.527989821882954,60.527989821882954,53.68,1384
28117,MS,Prentiss,7.1000000000000005,7.689939,7.9933877,-0.3034481,44.59287531806616,56.77930746766792,,40.55343511450381,45.578880407124686,69.62106615285806,72.86895674300254,51.526717557251914,51.526717557251914,53.67,1385
21231,KY,Wayne,8.762857142857142,8.546274,8.622699,-0.076424494,38.00890585241729,52.52398831873175,,51.14503816793893,30.725190839694655,41.29736673089273,43.35241730279898,54.67557251908397,54.67557251908397,53.65,1386
12093,FL,Okeechobee,12.314285714285715,10.990005,9.240922,1.7490823,89.85368956743001,93.53358364622444,0.0,80.27989821882952,48.60050890585242,46.46756583172768,44.179389312977094,80.27989821882952,80.27989821882952,53.64,1387
36053,NY,Madison,7.561428571428571,7.264756,7.0030355,0.26172107,20.06997455470738,59.57446808510638,,77.06743002544529,0.0,35.77392421323057,41.85750636132315,59.38295165394402,59.38295165394402,53.63,1388
48293,TX,Limestone,9.662857142857144,8.638835,8.3812275,0.2576076,73.15521628498728,72.92448894451398,,49.586513994910945,84.79643765903307,57.5465639049454,63.42239185750637,59.25572519083969,59.25572519083969,53.6,1389
5009,AR,Boone,8.611428571428572,8.514621,8.03345,0.4811712,65.5852417302799,37.46349603671256,,51.24045801526719,0.0,64.41875401412975,78.5941475826972,62.34096692111958,62.34096692111958,53.57,1390
24045,MD,Wicomico,8.17,7.9357657,7.5648293,0.37093693,80.85241730279897,91.57279933249896,57.8,44.24300254452926,75.63613231552164,63.39113680154142,33.68320610687023,60.7824427480916,60.7824427480916,53.57,1390
39053,OH,Gallia,6.445714285714286,6.7135572,7.229438,-0.5158805,34.82824427480916,47.89319983312473,,67.58905852417303,31.647582697201017,84.36095054592163,26.11323155216285,48.31424936386768,48.31424936386768,53.56,1392
5103,AR,Ouachita,5.902857142857143,5.675663,5.984356,-0.30869308,28.498727735368956,56.15352523988319,,53.05343511450383,22.74173027989822,76.6538214515093,70.06997455470739,51.20865139949109,51.20865139949109,53.55,1393
55097,WI,Portage,7.814285714285715,7.790563,7.2771897,0.5133738,32.347328244274806,0.0,,66.79389312977099,18.3206106870229,43.0635838150289,70.19720101781171,62.72264631043257,62.72264631043257,53.54,1394
22069,LA,Natchitoches,4.659999999999999,4.873798,4.8094664,0.06433158,51.3676844783715,75.0104297037964,,61.25954198473281,59.63740458015267,85.77392421323057,64.2175572519084,56.39312977099237,56.39312977099237,53.52,1395
37009,NC,Ashe,10.984285714285715,10.297869,9.493088,0.80478084,47.86895674300254,63.49603671255737,,76.78117048346056,71.27862595419847,0.0,39.82188295165393,66.76208651399492,66.76208651399492,53.51,1396
18001,IN,Adams,8.315714285714286,7.9673676,8.202983,-0.23561594,10.400763358778626,39.84146850229454,,61.323155216284995,0.0,65.44637122671804,75.89058524173028,52.13104325699746,52.13104325699746,53.5,1397
36051,NY,Livingston,7.445714285714286,6.8833647,6.814389,0.068975076,17.65267175572519,57.32165206508135,,73.34605597964376,66.38040712468194,38.086062941554275,39.79007633587786,56.36132315521628,56.36132315521628,53.48,1398
55085,WI,Oneida,8.214285714285714,9.224405,8.712122,0.51228344,27.19465648854962,0.0,,61.100508905852415,29.230279898218832,14.804110468850354,46.723918575063614,62.53180661577608,62.53180661577608,53.45,1399
48219,TX,Hockley,6.321428571428571,6.708963,6.986103,-0.27714008,76.17684478371501,25.990821860659157,,24.77735368956743,93.67048346055981,27.617212588310853,74.55470737913485,51.43129770992366,51.43129770992366,53.44,1400
27085,MN,McLeod,7.465714285714285,7.147325,7.7669477,-0.61962277,22.201017811704833,,,46.50127226463104,42.525445292620866,54.33526011560693,67.87531806615776,46.596692111959285,46.596692111959285,53.43,1401
56029,WY,Park,8.907142857142857,8.467794,8.294157,0.1736379,82.72900763358777,,,60.7824427480916,38.26335877862596,8.220937700706486,25.8587786259542,57.729007633587784,57.729007633587784,53.42,1402
29015,MO,Benton,9.637142857142857,9.302537,8.477961,0.82457584,69.46564885496184,27.909887359198997,,67.36641221374046,76.24045801526718,78.22736030828517,74.6501272264631,66.82569974554707,66.82569974554707,53.4,1403
47031,TN,Coffee,10.72,9.607705,9.018386,0.5893196,11.545801526717558,51.89820609094702,,55.97964376590331,69.6882951653944,36.92999357739242,86.29134860050891,63.51781170483461,63.51781170483461,53.4,1403
27135,MN,Roseau,6.622857142857143,5.681348,6.4898763,-0.80852824,90.99872773536897,,,59.95547073791349,84.7328244274809,15.574823378291583,17.493638676844782,43.86132315521628,43.86132315521628,53.39,1405
29131,MO,Miller,8.64,9.369876,9.37464,-0.0047651017,70.0381679389313,28.86942010846892,,61.48218829516539,37.213740458015266,85.0674373795761,69.46564885496184,55.089058524173026,55.089058524173026,53.36,1406
50007,VT,Chittenden,8.120000000000001,7.9006543,7.278005,0.6226495,25.381679389312975,65.91572799332499,,76.3676844783715,0.0,73.15350032113038,29.51653944020356,63.899491094147585,63.899491094147585,53.36,1406
17051,IL,Fayette,5.508571428571429,6.3602533,6.8092813,-0.44902822,15.807888040712466,42.34459741343346,,49.52290076335878,73.72773536895673,70.90558766859345,53.43511450381679,48.75954198473281,48.75954198473281,53.31,1408
28003,MS,Alcorn,7.1899999999999995,7.0468106,6.3387756,0.708035,44.274809160305345,57.571964956195245,,51.62213740458015,45.229007633587784,74.85549132947978,87.53180661577609,65.01272264631042,65.01272264631042,53.31,1408
49003,UT,Box Elder,10.452857142857143,9.699794,9.637252,0.06254204,95.35623409669213,,,19.49745547073791,60.62340966921119,43.770070648683365,12.563613231552162,55.916030534351144,55.916030534351144,53.3,1410
21209,KY,Scott,7.917142857142857,8.070676,7.9954224,0.07525264,14.567430025445294,37.00458906967042,,58.14249363867684,22.07379134860051,50.03211303789339,80.53435114503816,56.07506361323155,56.07506361323155,53.29,1411
1133,AL,Winston,8.291428571428572,8.691426,8.391501,0.2999249,59.12849872773537,62.78681685440134,,64.7264631043257,26.176844783715016,62.71676300578035,79.23027989821882,59.19211195928753,59.19211195928753,53.27,1412
8099,CO,Prowers,12.328571428571427,8.090419,8.545488,-0.45506978,79.23027989821882,,,49.49109414758271,95.54707379134861,16.473988439306357,36.83206106870229,48.60050890585242,48.60050890585242,53.27,1412
39091,OH,Logan,8.59,8.514773,8.637874,-0.12310048,6.679389312977099,36.58740091781393,,67.68447837150127,27.25826972010178,27.906229929351316,61.19592875318066,53.21246819338422,53.21246819338422,53.25,1414
48195,TX,Hansford,7.872857142857143,5.6019125,6.5253973,-0.92348474,69.56106870229007,0.0,,3.912213740458016,98.8549618320611,10.62941554271034,36.6412213740458,41.98473282442748,41.98473282442748,53.25,1414
28017,MS,Chickasaw,9.378,8.675215,9.456622,-0.78140724,30.852417302798983,67.54276178556529,,26.494910941475823,78.27608142493638,66.47398843930635,72.6145038167939,43.92493638676845,43.92493638676845,53.23,1416
5133,AR,Sevier,7.8100000000000005,7.3902693,6.6717534,0.7185154,58.0470737913486,54.06758448060075,,48.15521628498728,46.69211195928753,66.40976236351959,63.54961832061069,64.94910941475827,64.94910941475827,53.21,1417
1025,AL,Clarke,3.5685714285714285,4.485992,4.586151,-0.10015881,43.92493638676845,89.61201501877348,22.2,40.394402035623415,27.067430025445297,66.21708413615927,67.77989821882952,53.40330788804071,53.40330788804071,53.18,1418
42103,PA,Pike,8.665714285714285,10.109329,9.321021,0.7883082,71.9147582697201,76.67918231122236,,78.7849872773537,15.139949109414758,39.852280025690426,27.798982188295163,65.87150127226464,65.87150127226464,53.18,1418
54081,WV,Raleigh,4.731428571428571,6.4739027,5.7101445,0.76375836,75.09541984732824,52.899457655402585,,80.91603053435115,18.416030534351144,13.359023763648043,15.585241730279895,65.52162849872774,65.52162849872774,53.18,1418
1109,AL,Pike,4.867142857142857,6.078949,6.848454,-0.7695046,33.87404580152672,83.56278681685441,,47.614503816793885,51.43129770992366,76.2684649967887,57.729007633587784,43.98854961832061,43.98854961832061,53.17,1421
1001,AL,Autauga,6.364285714285714,7.226898,7.024119,0.20277943,45.73791348600509,72.090112640801,,65.52162849872774,45.64249363867685,85.90237636480411,74.10941475826972,57.56997455470738,57.56997455470738,53.14,1422
29149,MO,Oregon,9.495,6.1102843,6.537589,-0.4273048,60.1145038167939,37.171464330413016,,46.43765903307888,0.0,68.97880539499036,61.99109414758269,48.69592875318066,48.69592875318066,53.12,1423
47055,TN,Giles,10.272857142857143,9.030072,8.581917,0.4481546,19.751908396946565,56.73758865248227,,60.846055979643765,33.651399491094146,44.99036608863199,85.17811704834605,60.94147582697202,60.94147582697202,53.1,1424
18027,IN,Daviess,8.26,8.943179,8.642958,0.3002224,22.391857506361323,30.329578639966627,,62.213740458015266,75.15903307888041,66.28131021194605,72.13740458015268,58.81043256997456,58.81043256997456,53.07,1425
17087,IL,Johnson,7.027142857142857,6.542539,6.7913556,-0.24881622,11.259541984732824,38.08927826449729,,37.88167938931298,52.54452926208651,68.85035324341683,56.04325699745547,51.08142493638677,51.08142493638677,53.06,1426
36011,NY,Cayuga,8.205714285714285,7.52868,7.0279346,0.5007453,32.44274809160305,64.74760116812682,21.4,78.0852417302799,56.6793893129771,42.42132305716121,39.18575063613232,61.51399491094147,61.51399491094147,53.02,1427
5015,AR,Carroll,9.29142857142857,8.911145,8.188729,0.7224154,64.91730279898219,50.43804755944931,,65.10814249363868,0.0,68.88246628131022,80.08905852417303,64.56743002544529,64.56743002544529,52.99,1428
42127,PA,Wayne,7.724285714285714,8.576889,8.441785,0.13510486,20.13358778625954,75.96996245306633,,71.31043256997455,0.0,31.95247270391779,30.438931297709924,56.329516539440206,56.329516539440206,52.99,1428
56001,WY,Albany,7.427142857142857,7.75133,8.176164,-0.42483464,84.66921119592875,,,44.083969465648856,0.0,0.0,36.73664122137404,48.473282442748086,48.473282442748086,52.99,1428
21037,KY,Campbell,8.165714285714285,8.042004,7.757092,0.28491157,14.376590330788805,10.554860241969129,,64.31297709923665,16.06234096692112,68.04752729608221,79.9618320610687,58.333333333333336,58.333333333333336,52.94,1431
48161,TX,Freestone,8.331428571428571,7.422269,7.2667356,0.15553331,70.06997455470739,71.54776804338758,,47.010178117048355,69.49745547073792,51.669877970456,73.1234096692112,56.52035623409669,56.52035623409669,52.94,1431
29167,MO,Polk,8.802857142857142,8.057645,8.041506,0.01613869,72.20101781170484,24.071756362119316,,57.88804071246819,65.5852417302799,81.75979447655747,73.47328244274809,54.48473282442748,54.48473282442748,52.9,1433
55115,WI,Shawano,9.44,7.9773936,7.344246,0.63314766,21.914758269720103,0.0,,59.732824427480914,0.0,41.779062299293514,65.9033078880407,63.136132315521635,63.136132315521635,52.9,1433
29107,MO,Lafayette,8.16,7.7424917,7.8645577,-0.12206622,34.033078880407125,16.937838965373384,,44.30661577608143,67.970737913486,75.46563904945408,66.22137404580153,52.51272264631043,52.51272264631043,52.89,1435
26159,MI,Van Buren,8.34142857142857,8.555731,8.112037,0.4436946,26.399491094147585,29.036295369211512,23.799999999999997,62.02290076335878,0.0,44.21965317919075,77.03562340966921,60.464376590330794,60.464376590330794,52.89,1435
19149,IA,Plymouth,6.077142857142857,6.120957,6.4794726,-0.35851547,70.51526717557252,,,45.229007633587784,90.33078880407125,41.682723185613355,77.35368956743001,49.204834605597966,49.204834605597966,52.89,1435
51085,VA,Hanover,7.037142857142858,6.931247,6.9801407,-0.048893623,31.743002544529265,74.88527325823947,25.2,61.54580152671756,91.03053435114504,58.1888246628131,51.01781170483461,53.49872773536896,53.49872773536896,52.87,1438
39149,OH,Shelby,7.4471428571428575,7.711739,7.568084,0.14365564,10.337150127226463,40.634125990821865,,63.32697201017812,12.595419847328245,30.571612074502248,68.54325699745547,56.202290076335885,56.202290076335885,52.87,1438
50025,VT,Windham,8.93142857142857,8.681028,8.48338,0.1976486,20.896946564885496,74.55152273675426,,71.27862595419847,0.0,38.27874116891458,40.01272264631043,56.93384223918575,56.93384223918575,52.85,1440
29186,MO,Sainte Genevieve,7.561428571428571,6.6206975,6.5867004,0.033997197,36.22773536895674,32.83270755110555,,52.608142493638674,28.912213740458014,93.2562620423892,57.88804071246819,54.61195928753181,54.61195928753181,52.84,1441
28039,MS,George,7.174285714285714,7.875808,7.5953207,0.28048685,75.57251908396947,92.65748852732582,16.8,31.17048346055979,52.35368956743003,50.38535645472062,49.55470737913486,57.95165394402035,57.95165394402035,52.78,1442
19175,IA,Union,5.672857142857143,6.656311,6.972088,-0.31577677,49.840966921119595,11.013767209011265,,30.089058524173034,95.35623409669213,82.72318561335904,57.09287531806616,49.52290076335878,49.52290076335878,52.75,1443
13055,GA,Chattooga,8.812857142857142,7.382808,7.352262,0.030545983,54.293893129770986,51.77304964539007,,59.510178117048355,63.70865139949109,28.098908156711627,84.54198473282443,54.35750636132316,54.35750636132316,52.74,1444
13103,GA,Effingham,9.557142857142859,8.308189,7.9320145,0.3761746,72.29643765903307,90.73842302878599,24.8,51.81297709923665,45.35623409669211,76.55748233782916,46.94656488549619,59.09669211195929,59.09669211195929,52.68,1445
36117,NY,Wayne,9.478571428571428,7.781676,7.6021843,0.17949176,40.33078880407125,57.40508969545266,16.400000000000002,72.32824427480917,34.9236641221374,46.563904945407835,38.26335877862596,56.265903307888046,56.265903307888046,52.65,1446
28153,MS,Wayne,4.392857142857143,6.019981,5.88311,0.13687126,56.902035623409674,89.23654568210263,,42.970737913486005,52.86259541984733,55.55555555555556,71.2150127226463,55.6615776081425,55.6615776081425,52.64,1447
42119,PA,Union,5.321428571428571,6.734948,6.619419,0.1155294,10.368956743002544,74.34292866082603,,71.81933842239185,0.0,44.733461785484906,33.74681933842239,55.24809160305344,55.24809160305344,52.59,1448
47107,TN,McMinn,10.034285714285714,9.219696,8.744558,0.47513744,49.23664122137404,50.35460992907801,,62.62722646310432,51.74936386768449,35.934489402697494,71.2468193384224,60.24173027989822,60.24173027989822,52.56,1449
55083,WI,Oconto,9.27142857142857,9.358589,8.794416,0.56417376,38.80407124681934,0.0,37.8,68.79770992366412,13.136132315521628,28.195247270391775,60.30534351145038,61.45038167938931,61.45038167938931,52.54,1450
42067,PA,Juniata,5.792857142857143,7.032604,8.080444,-1.0478402,16.475826972010175,76.72090112640801,,60.2735368956743,0.0,37.70070648683367,26.94020356234097,38.80407124681934,38.80407124681934,52.53,1451
54057,WV,Mineral,7.117142857142857,7.2398667,7.286465,-0.046598572,25.795165394402037,59.69962453066333,,74.23664122137404,51.14503816793893,33.30122029543995,18.543256997455472,52.83078880407125,52.83078880407125,52.52,1452
19171,IA,Tama,6.045714285714285,5.667211,6.2490573,-0.58184606,65.48982188295165,16.854401335002088,,42.39821882951654,97.26463104325701,21.57996146435453,57.410941475826974,45.32442748091603,45.32442748091603,52.52,1452
20057,KS,Ford,7.822857142857143,7.1386094,7.2631783,-0.12456846,68.03435114503816,,,37.5,95.80152671755725,27.39242132305716,71.31043256997455,51.68575063613231,51.68575063613231,52.49,1454
17067,IL,Hancock,4.632857142857143,4.621995,6.212436,-1.5904413,1.431297709923664,24.780976220275345,,24.17302798982188,84.0966921119593,80.44315992292871,34.51017811704835,31.075063613231553,31.075063613231553,52.48,1455
21197,KY,Powell,9.092857142857143,6.2240143,7.8012533,-1.5772389,43.19338422391857,34.83521068001669,,51.3676844783715,18.352417302798983,32.113037893384714,37.11832061068702,31.20229007633587,31.20229007633587,52.45,1456
19099,IA,Jasper,7.228571428571429,6.842195,7.530261,-0.68806565,53.0852417302799,12.223612849395076,,40.17175572519084,95.83333333333334,50.12845215157354,70.29262086513995,43.670483460559794,43.670483460559794,52.44,1457
28129,MS,Smith,5.2250000000000005,5.6158376,6.051108,-0.43526983,47.32824427480916,83.8965373383396,,40.80788804071247,60.81424936386769,56.03725112395632,71.15139949109415,47.20101781170484,47.20101781170484,52.43,1458
48457,TX,Tyler,7.394285714285714,7.6094704,7.0610833,0.54838735,85.87786259541986,88.6107634543179,,59.09669211195929,0.0,57.51445086705203,70.57888040712467,61.00508905852418,61.00508905852418,52.42,1459
5021,AR,Clay,10.625,8.799693,7.4902205,1.3094726,6.075063613231553,49.81226533166458,,39.98091603053435,95.99236641221374,82.7552986512524,71.11959287531806,71.62849872773536,71.62849872773536,52.39,1460
26041,MI,Delta,6.8500000000000005,7.7103124,7.7221937,-0.011880977,49.74554707379134,0.0,36.6,60.40076335877863,21.469465648854964,12.845215157353888,24.236641221374043,53.05343511450383,53.05343511450383,52.38,1461
47059,TN,Greene,10.072857142857144,9.045891,8.826768,0.21912275,45.038167938931295,48.51898206090947,,63.54961832061069,59.82824427480916,14.99678869621066,61.80025445292621,56.297709923664115,56.297709923664115,52.38,1461
36023,NY,Cortland,7.105714285714286,6.331511,6.4710193,-0.13950859,9.891857506361324,59.24071756362119,,71.85114503816794,0.0,23.15350032113038,37.404580152671755,51.24045801526719,51.24045801526719,52.37,1463
17139,IL,Moultrie,4.905714285714287,5.3842607,5.9643884,-0.580128,4.325699745547073,33.66708385481852,,49.07760814249364,88.70865139949109,55.84457289659601,45.896946564885496,45.038167938931295,45.038167938931295,52.36,1464
13175,GA,Laurens,6.441428571428571,7.1994944,7.385211,-0.18571629,65.7442748091603,78.59824780976219,,56.74300254452926,84.63740458015268,80.21836865767501,50.09541984732826,50.50890585241731,50.50890585241731,52.33,1465
51173,VA,Smyth,6.9957142857142856,6.9264936,6.591858,0.33463535,31.26590330788804,57.98915310805173,,61.895674300254456,61.22773536895675,0.0,21.087786259541986,57.79262086513995,57.79262086513995,52.32,1466
12075,FL,Levy,11.885714285714286,10.92051,9.99324,0.92727,87.27735368956743,91.6145181476846,72.6,51.335877862595424,40.33078880407125,53.082851637764925,58.68320610687023,66.0941475826972,66.0941475826972,52.31,1467
18129,IN,Posey,6.275714285714286,6.2060323,6.682529,-0.47649643,3.625954198473282,27.36754276178556,,51.176844783715005,51.526717557251914,58.44572896596018,55.85241730279898,46.31043256997455,46.31043256997455,52.27,1468
46129,SD,Walworth,3.1942857142857135,4.7540674,5.712104,-0.9580358,80.69338422391857,,,34.764631043257,41.82569974554708,18.432883750802823,27.67175572519084,39.50381679389313,39.50381679389313,52.25,1469
19041,IA,Clay,4.731428571428571,5.4116774,6.5908866,-1.1792096,29.64376590330789,,,53.7531806615776,61.73664122137404,16.634553628773283,53.78498727735369,36.38676844783715,36.38676844783715,52.24,1470
47043,TN,Dickson,9.747142857142858,9.431353,9.3908205,0.040533066,20.51526717557252,22.82019190654985,,44.59287531806616,30.820610687022903,56.61528580603725,75.41348600508906,53.46692111959288,53.46692111959288,52.22,1471
21141,KY,Logan,8.631428571428572,6.8128395,6.6871533,0.12568608,5.693384223918575,34.79349186483104,,41.634860050890595,58.269720101781175,53.33975594091201,67.68447837150127,54.64376590330788,54.64376590330788,52.21,1472
53059,WA,Skamania,8.525714285714285,8.500418,8.726856,-0.22643873,93.92493638676845,,17.4,49.77735368956743,12.72264631043257,38.69621066152858,5.629770992366412,49.68193384223918,49.68193384223918,52.2,1473
42121,PA,Venango,7.28,6.15683,5.960339,0.19649066,12.627226463104329,55.235711305798915,,74.14122137404581,0.0,15.028901734104046,34.541984732824424,55.597964376590326,55.597964376590326,52.19,1474
13097,GA,Douglas,11.01142857142857,10.368151,9.450987,0.9171648,43.06615776081425,53.44180225281602,,70.45165394402035,0.0,58.70263326910727,84.98727735368958,65.71246819338423,65.71246819338423,52.19,1474
51177,VA,Spotsylvania,7.717142857142856,7.8871765,7.8791833,0.007993971,17.43002544529262,72.17355027117229,17.599999999999998,65.33078880407125,46.087786259541986,74.373795761079,44.72010178117048,52.894402035623415,52.894402035623415,52.16,1476
29007,MO,Audrain,7.628571428571429,6.7124643,6.8074484,-0.094984375,41.82569974554708,23.153942428035045,,55.27989821882952,76.33587786259542,85.54913294797689,55.75699745547074,51.399491094147585,51.399491094147585,52.14,1477
47035,TN,Cumberland,10.368571428571428,9.866141,8.829886,1.0362551,72.55089058524173,51.43929912390488,,58.42875318066157,59.19211195928753,0.0,86.06870229007633,67.23918575063614,67.23918575063614,52.12,1478
30053,MT,Lincoln,10.402857142857142,11.1133585,10.286481,0.82687867,96.5966921119593,,,65.48982188295165,15.235368956743004,37.090558766859345,6.043256997455471,64.28117048346056,64.28117048346056,52.11,1479
20041,KS,Dickinson,5.3,6.22568,6.472544,-0.24686396,83.93765903307887,0.0,,48.6323155216285,50.795165394402034,83.23699421965318,75.95419847328245,49.1412213740458,49.1412213740458,52.07,1480
8045,CO,Garfield,8.767142857142856,8.77648,7.9242377,0.8522416,90.96692111959288,,,77.51272264631042,42.68447837150127,36.41618497109826,9.192111959287532,64.53562340966921,64.53562340966921,52.05,1481
33001,NH,Belknap,10.778571428571428,10.455224,10.108575,0.34664938,25.349872773536894,78.38965373383397,,70.32442748091603,34.44656488549619,42.45343609505459,31.361323155216287,57.3791348600509,57.3791348600509,52.03,1482
12089,FL,Nassau,10.927142857142856,10.072099,9.58546,0.48663908,86.51399491094148,88.36045056320401,75.8,59.00127226463104,16.253180661577606,71.77263969171483,53.62595419847328,59.31933842239185,59.31933842239185,52.01,1483
46081,SD,Lawrence,9.325714285714286,8.807755,9.035589,-0.2278345,93.22519083969466,,,57.12468193384224,15.362595419847327,16.923570969813746,37.81806615776082,49.26844783715013,49.26844783715013,52.0,1484
29055,MO,Crawford,7.152857142857143,7.1542215,6.971547,0.182674,53.5941475826972,30.246141009595327,,47.58269720101781,25.89058524173028,87.15478484264611,52.894402035623415,54.99363867684478,54.99363867684478,51.98,1485
17185,IL,Wabash,5.448571428571428,6.1728106,8.13655,-1.9637395,0.44529262086514,15.936587400917816,,25.82697201017812,68.35241730279898,54.495825305073865,29.103053435114507,24.84096692111959,24.84096692111959,51.98,1485
29203,MO,Shannon,7.925999999999999,7.925874,7.5539308,0.37194377,60.81424936386769,29.99582811848143,,45.960559796437664,0.0,75.04816955684007,44.6882951653944,57.538167938931295,57.538167938931295,51.93,1487
56005,WY,Campbell,5.534285714285715,6.0735083,5.8001595,0.2733488,92.90712468193384,,,40.235368956743,17.334605597964376,12.202954399486192,46.342239185750635,56.13867684478372,56.13867684478372,51.92,1488
21043,KY,Carter,5.082857142857143,6.4941053,6.4484024,0.045702543,58.23791348600509,36.96287025448478,,69.40203562340967,15.935114503816797,86.38407193320488,40.20356234096692,52.735368956743,52.735368956743,51.82,1489
48253,TX,Jones,7.145714285714286,6.7590966,7.766816,-1.00772,85.40076335877863,32.12348769294952,,39.69465648854962,87.81806615776081,54.97752087347463,54.35750636132316,37.94529262086514,37.94529262086514,51.82,1489
29139,MO,Montgomery,6.521428571428571,6.283759,7.259861,-0.97610193,44.43384223918575,21.02628285356696,,47.93256997455471,57.95165394402035,87.05844572896596,32.66539440203562,38.32697201017812,38.32697201017812,51.78,1491
28007,MS,Attala,2.6114285714285717,5.5367436,6.809337,-1.2725937,47.48727735368957,68.29370045890697,,27.89440203562341,60.75063613231551,60.59730250481695,73.02798982188295,34.160305343511446,34.160305343511446,51.78,1491
40103,OK,Noble,6.4799999999999995,6.29432,6.8677897,-0.5734693,75.38167938931298,23.988318731748016,,30.979643765903308,85.65521628498728,65.41425818882466,69.3384223918575,43.95674300254453,43.95674300254453,51.77,1493
56023,WY,Lincoln,8.97,9.196295,9.200456,-0.004161324,83.61959287531806,,,35.46437659033079,21.596692111959285,2.087347463070007,12.881679389312978,51.908396946564885,51.908396946564885,51.75,1494
17103,IL,Lee,6.051428571428572,5.8740764,5.700542,0.17353402,9.446564885496183,15.68627450980392,,62.53180661577608,79.58015267175573,31.856133590237633,69.78371501272265,54.38931297709924,54.38931297709924,51.74,1495
40153,OK,Woodward,2.16,4.7053466,5.4368243,-0.7314774,89.28117048346056,20.77596996245307,,36.83206106870229,79.86641221374046,75.88310854206806,51.3676844783715,41.634860050890595,41.634860050890595,51.72,1496
39143,OH,Sandusky,7.2128571428571435,7.5306406,7.182927,0.3477134,6.393129770992366,44.88944513975803,32.0,67.6526717557252,0.0,37.82915863840719,71.43765903307889,56.74300254452926,56.74300254452926,51.7,1497
37077,NC,Granville,8.962857142857143,8.274495,7.74171,0.5327846,35.30534351145038,85.44013350020859,,65.235368956743,74.84096692111959,70.52023121387283,67.93893129770993,59.35114503816794,59.35114503816794,51.7,1497
16079,ID,Shoshone,14.058571428571428,12.294359,11.509131,0.7852282,69.62468193384224,,,76.01781170483459,12.372773536895677,30.635838150289015,3.975826972010178,62.849872773536894,62.849872773536894,51.68,1499
27067,MN,Kandiyohi,7.162857142857143,7.134933,7.1681137,-0.03318085,49.96819338422392,,,52.16284987277354,62.46819338422392,57.450224791265256,58.396946564885496,51.3676844783715,51.3676844783715,51.68,1499
42025,PA,Carbon,9.142857142857142,8.730684,8.18304,0.54764384,41.348600508905854,73.13308302044223,,67.52544529262087,0.0,82.11303789338471,37.88167938931298,59.4147582697201,59.4147582697201,51.63,1501
55023,WI,Crawford,7.8342857142857145,7.015937,7.4076657,-0.39172956,13.931297709923664,8.1351689612015,,56.10687022900763,34.63740458015267,75.81888246628131,58.42875318066157,46.21501272264631,46.21501272264631,51.63,1501
5149,AR,Yell,7.177142857142856,7.346008,6.8235345,0.52247316,68.19338422391857,48.226950354609926,,64.85368956743002,44.083969465648856,72.35067437379577,81.13867684478372,58.93765903307888,58.93765903307888,51.57,1503
5059,AR,Hot Spring,7.771428571428571,8.462043,8.179678,0.28236482,55.24809160305344,53.35836462244472,,58.61959287531806,26.463104325699742,77.55298651252409,68.25699745547074,55.534351145038165,55.534351145038165,51.55,1504
40151,OK,Woods,3.1028571428571428,5.376466,7.047303,-1.6708378,74.68193384223919,19.148936170212767,,12.595419847328245,81.58396946564885,42.870905587668595,33.5559796437659,28.085241730279897,28.085241730279897,51.54,1505
56013,WY,Fremont,7.0928571428571425,6.9775505,6.389624,0.587927,92.55725190839696,,,66.50763358778626,35.718829516539444,15.1252408477842,19.59287531806616,59.732824427480914,59.732824427480914,51.51,1506
27113,MN,Pennington,3.62,5.16764,5.4891534,-0.32151255,82.25190839694656,,,67.8117048346056,70.16539440203562,14.57931920359666,26.399491094147585,46.978371501272264,46.978371501272264,51.51,1506
27045,MN,Fillmore,7.547142857142857,7.2669578,7.386448,-0.11949004,10.814249363867685,0.0,,66.18956743002545,46.81933842239186,35.998715478484264,62.27735368956743,49.77735368956743,49.77735368956743,51.49,1508
46035,SD,Davison,6.244285714285715,7.1106343,7.9770494,-0.8664147,68.38422391857506,,,35.909669211195926,66.63486005089058,25.46563904945408,75.54071246819338,39.24936386768448,39.24936386768448,51.47,1509
49021,UT,Iron,9.757142857142856,10.30223,9.582846,0.71938515,97.74173027989822,,,44.62468193384224,65.80788804071247,44.38021836865767,4.039440203562341,61.41857506361323,61.41857506361323,51.43,1510
46093,SD,Meade,8.51142857142857,7.8608704,7.99429,-0.1334193,96.0241730279898,,,51.94020356234097,20.801526717557252,24.084778420038536,33.61959287531807,49.459287531806616,49.459287531806616,51.43,1510
13277,GA,Tift,7.285714285714286,7.7743306,7.439583,0.33474827,55.69338422391857,86.44138506466416,,46.94656488549619,67.43002544529261,52.312138728323696,78.05343511450383,56.01145038167938,56.01145038167938,51.42,1512
12133,FL,Washington,9.682857142857143,9.608734,9.027312,0.58142227,60.2735368956743,92.49061326658325,22.4,35.718829516539444,35.87786259541985,49.90366088631985,68.86132315521628,59.44656488549617,59.44656488549617,51.41,1513
27015,MN,Brown,5.704285714285715,6.371078,6.433187,-0.0621093,24.07760814249364,,,44.465648854961835,64.8854961832061,42.67822736030829,56.583969465648856,50.38167938931297,50.38167938931297,51.39,1514
48071,TX,Chambers,7.298571428571429,7.562141,7.5199647,0.042176247,78.84860050890585,85.77388402169377,55.00000000000001,47.80534351145038,63.42239185750637,52.69749518304432,75.63613231552164,51.84478371501272,51.84478371501272,51.39,1514
5141,AR,Van Buren,5.888571428571429,7.838485,7.8814197,-0.042934895,75.19083969465649,36.337088026700044,,47.900763358778626,0.0,61.5606936416185,82.69720101781171,50.572519083969475,50.572519083969475,51.35,1516
17007,IL,Boone,7.244285714285715,7.214459,6.772659,0.4418003,8.301526717557252,8.844388819357532,,63.93129770992366,49.459287531806616,46.82080924855491,77.60814249363868,57.347328244274806,57.347328244274806,51.34,1517
47013,TN,Campbell,11.162857142857144,8.870163,8.379968,0.49019542,78.88040712468194,43.30413016270337,,65.71246819338423,21.787531806615775,8.477842003853564,71.0559796437659,58.01526717557252,58.01526717557252,51.33,1518
31035,NE,Clay,10.195714285714287,9.010472,8.658286,0.35218573,59.541984732824424,,,15.203562340966922,93.1297709923664,12.170841361592808,54.32569974554708,56.04325699745547,56.04325699745547,51.31,1519
13131,GA,Grady,7.737142857142857,7.9822555,7.842633,0.13962272,62.72264631043257,88.06841885690446,,40.71246819338422,60.40076335877863,51.12395632626846,76.08142493638677,52.989821882951645,52.989821882951645,51.28,1520
27009,MN,Benton,6.5042857142857144,7.5559525,7.5322585,0.02369363,67.6208651399491,,,61.67302798982188,57.665394402035616,45.95375722543353,67.71628498727735,51.335877862595424,51.335877862595424,51.27,1521
23021,ME,Piscataquis,10.272857142857143,8.878816,8.775687,0.10312823,9.16030534351145,75.80308719232374,,35.17811704834606,42.08015267175573,9.569685292228645,8.874045801526718,52.35368956743003,52.35368956743003,51.22,1522
51095,VA,James City,7.017142857142857,6.580312,6.4057765,0.17453551,46.4058524173028,82.10262828535669,53.2,60.81424936386769,85.2735368956743,61.62491971740527,51.14503816793893,53.33969465648855,53.33969465648855,51.21,1523
5027,AR,Columbia,4.76,6.0952024,6.719948,-0.6247455,31.806615776081426,61.03462661660409,,24.58651399491094,56.265903307888046,78.00256904303147,62.5,42.08015267175573,42.08015267175573,51.19,1524
20111,KS,Lyon,7.04,7.2709966,7.499385,-0.22838831,88.26335877862596,0.0,,49.30025445292621,54.70737913486005,60.179833012202955,69.65648854961832,47.646310432569976,47.646310432569976,51.19,1524
54065,WV,Morgan,5.410000000000001,6.021919,7.472753,-1.4508345,20.229007633587788,62.619941593658744,,55.88422391857505,51.78117048346056,34.84264611432242,18.384223918575064,30.438931297709924,30.438931297709924,51.17,1526
55041,WI,Forest,8.125714285714286,8.6274,8.869092,-0.24169214,13.42239185750636,0.0,,20.737913486005088,17.557251908396946,7.546563904945408,21.978371501272264,47.391857506361326,47.391857506361326,51.16,1527
55103,WI,Richland,7.475714285714285,7.2491455,7.1873255,0.06181928,14.821882951653944,8.635794743429287,,62.945292620865146,35.973282442748086,65.15735388567758,50.98600508905853,51.55852417302798,51.55852417302798,51.11,1528
21183,KY,Ohio,6.402857142857143,7.1698923,6.919856,0.2500363,11.768447837150129,40.842720066750104,,53.848600508905854,46.660305343511446,57.964033397559405,63.676844783715005,54.166666666666664,54.166666666666664,51.09,1529
12045,FL,Gulf,9.381428571428572,10.718419,10.08078,0.637638,74.20483460559797,93.4084272006675,61.6,25.159033078880405,13.39058524173028,39.017341040462426,38.136132315521635,59.541984732824424,59.541984732824424,51.06,1530
13285,GA,Troup,8.98857142857143,8.486231,7.821204,0.6650263,58.93765903307888,75.63621193158116,,67.71628498727735,0.0,69.29993577392422,74.68193384223919,59.92366412213741,59.92366412213741,51.06,1530
8049,CO,Grand,11.175714285714287,10.533944,10.55972,-0.025775502,78.53053435114504,,,62.37277353689568,26.653944020356235,0.0,26.14503816793893,50.19083969465649,50.19083969465649,51.04,1532
48015,TX,Austin,7.95,8.2876,8.102881,0.18471792,54.770992366412216,75.92824363788068,,57.729007633587784,83.87404580152672,61.40012845215157,77.32188295165395,53.14885496183206,53.14885496183206,51.04,1532
20161,KS,Riley,4.611428571428571,5.9542236,5.3868585,0.5673654,89.53562340966921,0.0,,59.860050890585235,24.80916030534351,79.96146435452793,84.28753180661577,58.460559796437664,58.460559796437664,51.01,1534
42099,PA,Perry,6.548571428571428,7.1272655,6.929173,0.19809222,24.96819338422392,76.13683771380893,,69.529262086514,14.217557251908396,74.50224791265252,31.615776081424933,53.11704834605598,53.11704834605598,50.93,1535
21179,KY,Nelson,7.844285714285713,8.299742,7.949863,0.34987894,24.58651399491094,25.44847726324572,,62.65903307888042,32.029262086513995,44.89402697495182,69.08396946564885,55.18447837150128,55.18447837150128,50.9,1536
47039,TN,Decatur,5.862857142857143,5.739432,6.581261,-0.8418293,13.263358778625957,47.017104714226114,,33.524173027989825,29.262086513994912,52.85806037251124,66.69847328244275,38.42239185750636,38.42239185750636,50.88,1537
17047,IL,Edwards,1.358,2.5207994,4.2316985,-1.710899,0.763358778625954,22.9453483521068,,21.501272264631044,91.60305343511449,48.97238278741169,30.025445292620866,26.14503816793893,26.14503816793893,50.85,1538
18087,IN,Lagrange,9.522857142857143,9.01377,8.143015,0.8707549,29.930025445292618,48.602419691280765,,65.61704834605598,75.73155216284987,38.0218368657675,80.85241730279897,62.40458015267174,62.40458015267174,50.85,1538
20175,KS,Seward,4.042857142857143,4.827943,5.362516,-0.534573,88.39058524173028,,,14.790076335877863,97.29643765903309,19.813744380218367,68.98854961832062,42.30279898218829,42.30279898218829,50.67,1540
36095,NY,Schoharie,7.527142857142858,7.074713,7.6733475,-0.5986348,11.227735368956743,64.83103879849811,,65.5852417302799,0.0,14.258188824662811,32.98346055979644,41.348600508905854,41.348600508905854,50.64,1541
51125,VA,Nelson,7.135714285714286,6.898132,8.010509,-1.1123768,46.660305343511446,67.58448060075094,,58.23791348600509,72.51908396946563,27.360308285163775,19.6882951653944,34.096692111959285,34.096692111959285,50.62,1542
27083,MN,Lyon,5.565714285714286,6.158071,6.600925,-0.44285336,17.302798982188293,,,57.22010178117048,76.43129770992367,34.68208092485549,41.28498727735369,43.47964376590331,43.47964376590331,50.61,1543
50023,VT,Washington,8.578571428571427,8.237817,8.05591,0.18190564,19.115776081424936,67.33416770963704,,70.8969465648855,0.0,55.81245985870263,13.931297709923664,52.2264631043257,52.2264631043257,50.6,1544
27147,MN,Steele,6.707142857142857,6.7078967,7.5998755,-0.8919789,10.464376590330788,,,42.20737913486005,64.18575063613231,25.52986512524085,70.99236641221374,37.150127226463106,37.150127226463106,50.6,1544
17033,IL,Crawford,3.212857142857143,5.7924066,6.6940646,-0.90165794,1.972010178117048,24.822695035460992,,43.70229007633588,71.72391857506362,55.42710340398202,44.37022900763359,37.02290076335878,37.02290076335878,50.6,1544
22121,LA,West Baton Rouge,4.2,4.532645,5.7981424,-1.2654971,2.926208651399491,81.97747183979975,16.0,13.008905852417302,77.60814249363868,59.2485549132948,65.55343511450383,31.838422391857502,31.838422391857502,50.56,1547
53043,WA,Lincoln,10.36,9.631067,9.25339,0.37767693,96.66030534351144,,,49.96819338422392,17.84351145038168,39.98073217726397,7.633587786259542,54.898218829516544,54.898218829516544,50.56,1547
36033,NY,Franklin,6.692857142857143,7.0040474,7.0539794,-0.049932446,17.493638676844782,57.73884021693784,,67.14376590330788,0.0,26.910725754656394,18.924936386768447,48.854961832061065,48.854961832061065,50.54,1549
19001,IA,Adair,8.59142857142857,7.837054,7.8411345,-0.004080977,34.06488549618321,14.726741760534,,23.791348600508904,94.56106870229009,59.50545921644188,62.37277353689568,49.49109414758271,49.49109414758271,50.54,1549
21185,KY,Oldham,6.79,7.327141,6.866956,0.46018404,16.539440203562343,8.719232373800583,,59.70101781170484,22.900763358778622,36.48041104688504,85.52798982188295,55.97964376590331,55.97964376590331,50.52,1551
27049,MN,Goodhue,6.57,7.1851206,7.6244173,-0.43929678,9.001272264631044,,,53.5941475826972,54.007633587786266,37.861271676300575,70.67430025445293,43.320610687022906,43.320610687022906,50.51,1552
51133,VA,Northumberland,8.27,8.776076,9.454068,-0.67799145,19.62468193384224,86.9002920317063,68.4,19.65648854961832,87.37277353689568,31.406551059730248,27.19465648854962,39.98091603053435,39.98091603053435,50.51,1552
54083,WV,Randolph,5.632857142857143,8.261344,7.7183843,0.5429592,16.857506361323153,50.81351689612015,,78.30788804071247,30.343511450381676,1.926782273603083,9.128498727735368,57.06106870229007,57.06106870229007,50.48,1554
31081,NE,Hamilton,6.909999999999999,6.817309,7.2997217,-0.48241353,28.403307888040715,,,16.889312977099237,84.44656488549617,22.318561335902377,50.731552162849866,42.62086513994911,42.62086513994911,50.46,1555
36035,NY,Fulton,7.51,7.5485415,7.598562,-0.050021,27.417302798982192,64.49728827701293,,66.38040712468194,0.0,27.520873474630704,40.04452926208651,48.6323155216285,48.6323155216285,50.43,1556
51083,VA,Halifax,6.767142857142857,6.6010666,6.766297,-0.16523053,25.540712468193384,78.55652899457657,,54.35750636132316,92.1119592875318,47.97687861271676,34.25572519083969,47.010178117048355,47.010178117048355,50.43,1556
21205,KY,Rowan,6.397142857142858,8.1018095,8.2000065,-0.098196946,46.596692111959285,45.056320400500624,,67.23918575063614,17.239185750636132,51.18818240205524,41.25318066157761,47.900763358778626,47.900763358778626,50.4,1558
39075,OH,Holmes,7.588571428571428,7.818524,7.022984,0.79554,46.88295165394402,52.02336253650396,,71.18320610687023,29.134860050890588,58.6062941554271,66.73027989821882,60.40076335877863,60.40076335877863,50.38,1559
55077,WI,Marquette,8.99,9.311954,9.430361,-0.11840602,36.73664122137404,7.592824363788068,,43.54325699745547,35.17811704834606,62.68464996788696,52.926208651399484,47.58269720101781,47.58269720101781,50.38,1559
19067,IA,Floyd,5.981428571428572,5.9814157,6.087796,-0.10637995,28.848600508905857,12.098456403838131,,56.265903307888046,93.86132315521628,20.873474630700063,68.00254452926208,47.74173027989822,47.74173027989822,50.38,1559
29127,MO,Marion,6.452857142857143,7.138504,7.2359343,-0.09743003,30.756997455470735,15.853149770546516,,59.31933842239185,61.60941475826972,79.73667308927423,45.801526717557245,47.86895674300254,47.86895674300254,50.38,1559
45069,SC,Marlboro,7.0614285714285705,5.5026135,4.9163404,0.5862728,73.66412213740458,88.23529411764706,,40.99872773536896,51.11323155216285,63.35902376364804,73.66412213740458,57.474554707379134,57.474554707379134,50.38,1559
28159,MS,Winston,3.65,5.2579246,5.9221554,-0.66423094,35.52798982188295,72.54901960784314,,22.232824427480917,58.07888040712468,63.58381502890174,79.16666666666666,39.885496183206115,39.885496183206115,50.37,1564
39037,OH,Darke,7.878571428571428,7.4630914,7.217491,0.24559991,12.309160305343513,37.755527743012095,,60.1145038167939,0.0,29.28709055876686,81.80661577608143,52.67175572519084,52.67175572519084,50.37,1564
27091,MN,Martin,6.868571428571428,6.6432223,6.906972,-0.26375014,17.970737913486005,,,39.31297709923664,83.17430025445293,41.875401412973666,68.51145038167938,45.48346055979644,45.48346055979644,50.35,1566
1021,AL,Chilton,7.201428571428571,8.267532,7.872351,0.39518148,63.26335877862596,58.072590738423024,,60.17811704834607,41.348600508905854,68.11175337186897,85.7824427480916,54.70737913486005,54.70737913486005,50.34,1567
53019,WA,Ferry,9.987142857142857,10.640669,10.461173,0.17949665,97.36005089058524,,,52.32188295165393,12.97709923664122,30.603725112395633,4.357506361323155,51.653944020356235,51.653944020356235,50.33,1568
18071,IN,Jackson,7.522857142857143,8.453394,8.17927,0.27412373,8.333333333333332,23.32081768877764,,57.601781170483456,55.470737913486005,47.33461785484907,83.20610687022901,52.926208651399484,52.926208651399484,50.3,1569
42035,PA,Clinton,5.3,6.9080787,6.7150354,0.19304354,15.203562340966922,66.79182311222361,,71.34223918575063,0.0,24.341682723185613,27.25826972010178,51.78117048346056,51.78117048346056,50.29,1570
24041,MD,Talbot,6.322857142857143,6.8122673,7.287246,-0.474979,71.15139949109415,83.18731748018357,70.6,28.021628498727736,85.75063613231552,81.69556840077071,31.647582697201017,42.36641221374045,42.36641221374045,50.28,1571
21225,KY,Union,6.4157142857142855,5.711566,6.1542654,-0.4426997,5.597964376590331,26.61660408844389,,35.973282442748086,82.95165394402035,60.53307642903019,38.676844783715005,42.77989821882952,42.77989821882952,50.26,1572
24011,MD,Caroline,7.087142857142857,7.347432,7.5819287,-0.23449646,63.74045801526719,88.15185648727577,53.400000000000006,26.55852417302799,92.68447837150129,57.70712909441234,24.1412213740458,45.70610687022901,45.70610687022901,50.26,1572
48487,TX,Wilbarger,8.782857142857143,7.7814264,7.988719,-0.20729229,63.51781170483461,29.28660826032541,,13.486005089058525,98.98218829516541,67.4373795761079,61.863867684478365,46.087786259541986,46.087786259541986,50.26,1572
19059,IA,Dickinson,6.967142857142858,7.3381233,8.240696,-0.9025727,54.230279898218825,,,49.87277353689568,43.00254452926209,31.535003211303792,64.02671755725191,36.323155216284995,36.323155216284995,50.26,1572
17133,IL,Monroe,6.228571428571429,5.80748,6.3112407,-0.5037602,1.908396946564886,17.02127659574468,,32.283715012722645,41.12595419847328,87.57225433526011,58.333333333333336,41.85750636132315,41.85750636132315,50.22,1576
28115,MS,Pontotoc,6.7299999999999995,7.564663,7.481641,0.083022185,45.41984732824427,64.95619524405507,,35.81424936386768,52.16284987277354,75.91522157996147,77.2264631043257,50.09541984732826,50.09541984732826,50.22,1576
50003,VT,Bennington,8.274285714285714,8.357244,8.111878,0.24536507,20.10178117048346,71.88151856487276,,64.53562340966921,0.0,27.039177906229927,20.865139949109416,52.32188295165393,52.32188295165393,50.2,1578
5083,AR,Logan,6.8,7.088756,7.136331,-0.04757554,71.56488549618321,44.931163954943685,,56.902035623409674,58.96946564885496,73.37829158638407,65.68066157760815,48.18702290076336,48.18702290076336,50.19,1579
27157,MN,Wabasha,7.638571428571429,7.4245567,7.6598215,-0.23526502,13.517811704834608,0.0,,61.06870229007634,48.75954198473281,33.87925497752087,61.67302798982188,45.5470737913486,45.5470737913486,50.18,1580
36115,NY,Washington,6.844285714285713,7.4514246,6.896642,0.55478215,20.451653944020357,72.71589486858572,,70.73791348600508,0.0,41.42581888246628,43.734096692111954,56.61577608142495,56.61577608142495,50.17,1581
13113,GA,Fayette,8.642857142857142,8.582548,7.695417,0.88713104,34.160305343511446,58.82352941176471,,70.57888040712467,42.93893129770993,56.90430314707772,80.72519083969466,61.25954198473281,61.25954198473281,50.16,1582
8119,CO,Teller,9.328571428571427,9.165399,9.87319,-0.7077917,97.04198473282445,,,15.935114503816797,0.0,2.440590879897238,27.958015267175572,38.83587786259542,38.83587786259542,50.15,1583
47019,TN,Carter,10.129999999999999,8.898386,7.873113,1.0252721,60.7824427480916,51.981643721318314,,77.3854961832061,32.538167938931295,13.712267180475274,45.41984732824427,63.167938931297705,63.167938931297705,50.14,1584
51740,VA,Portsmouth City,7.588571428571428,7.904347,7.53193,0.37241673,19.81552162849873,86.60826032540677,64.2,53.33969465648855,0.0,74.27745664739885,51.04961832061069,53.975826972010175,53.975826972010175,50.13,1585
37111,NC,McDowell,10.64857142857143,9.393189,8.645334,0.74785537,59.35114503816794,60.90947017104713,,72.48727735368958,64.05852417302799,21.772639691714836,56.07506361323155,59.223918575063614,59.223918575063614,50.12,1586
22111,LA,Union,4.732857142857142,6.5442586,6.475611,0.06864785,44.87913486005089,64.33041301627034,,57.760814249363875,41.9529262086514,76.84649967886962,64.59923664122137,49.650127226463106,49.650127226463106,50.1,1587
19197,IA,Wright,5.152857142857143,4.845778,5.357228,-0.51145,7.283715012722647,16.64580725907384,,35.05089058524173,97.90076335877863,10.500963391136802,54.38931297709924,41.50763358778626,41.50763358778626,50.1,1587
37069,NC,Franklin,9.281428571428572,9.340108,9.12399,0.2161186,27.035623409669213,74.63496036712557,,56.01145038167938,78.37150127226464,67.72639691714836,70.83333333333334,51.7175572519084,51.7175572519084,50.1,1587
18103,IN,Miami,8.871428571428572,7.8365674,7.5433736,0.29319376,9.096692111959287,33.33333333333333,,65.13994910941476,70.00636132315522,51.50931278098908,59.223918575063614,52.79898218829516,52.79898218829516,50.1,1587
20007,KS,Barber,4.02,3.8210068,4.412732,-0.59172493,92.2709923664122,18.940342094284524,,10.559796437659031,92.93893129770991,23.603082851637765,43.38422391857507,40.33078880407125,40.33078880407125,50.08,1591
42061,PA,Huntingdon,6.36,6.939433,6.823673,0.11576036,22.932569974554703,71.17229870671673,,68.76590330788804,0.0,28.13102119460501,27.067430025445297,50.25445292620865,50.25445292620865,50.07,1592
19151,IA,Pocahontas,10.129999999999999,5.7491403,6.859202,-1.1100619,4.230279898218829,,,18.09796437659033,98.21882951653944,13.2305716120745,49.650127226463106,33.0470737913486,33.0470737913486,50.07,1592
51103,VA,Lancaster,7.007142857142857,6.9284053,8.090741,-1.162336,18.384223918575064,85.48185231539425,60.6,13.708651399491096,95.57888040712469,29.80089916506101,21.43765903307888,32.283715012722645,32.283715012722645,50.06,1594
27041,MN,Douglas,6.8028571428571425,7.584981,7.8860154,-0.30103427,50.286259541984734,,,48.18702290076336,33.524173027989825,38.21451509312781,62.46819338422392,44.338422391857506,44.338422391857506,50.04,1595
5061,AR,Howard,6.484285714285714,6.4596567,6.4639096,-0.0042525018,45.67430025445292,56.904463913224866,,52.13104325699746,0.0,60.211946050096344,53.912213740458014,48.50508905852418,48.50508905852418,50.04,1595
8097,CO,Pitkin,9.038,9.644376,9.250501,0.39387593,76.59033078880407,,,58.17430025445292,22.55089058524173,0.0,6.902035623409669,54.103053435114504,54.103053435114504,50.04,1595
17127,IL,Massac,5.347142857142857,7.464385,6.535653,0.92873204,7.633587786259542,31.622861910721735,,43.034351145038165,76.97201017811705,72.80025690430315,66.50763358778626,61.60941475826972,61.60941475826972,50.04,1595
21055,KY,Crittenden,11.48857142857143,10.380572,11.674347,-1.293773,8.810432569974555,24.53066332916145,,30.788804071246815,67.55725190839695,49.03660886319847,47.74173027989822,30.375318066157757,30.375318066157757,50.03,1599
26059,MI,Hillsdale,8.645714285714286,8.510667,8.402334,0.10833257,18.00254452926209,33.20817688777639,,56.45674300254453,35.400763358778626,38.856775850995504,78.53053435114504,49.96819338422392,49.96819338422392,49.98,1600
50021,VT,Rutland,9.522857142857143,8.281584,8.134105,0.14747868,22.99618320610687,70.04589069670422,,67.30279898218829,0.0,55.52344251766217,25.82697201017812,50.47709923664122,50.47709923664122,49.96,1601
48353,TX,Nolan,6.978571428571429,6.5155635,7.265647,-0.75008386,86.60941475826972,26.825198164372132,,29.262086513994912,89.94910941475827,43.51316634553629,62.69083969465649,37.849872773536894,37.849872773536894,49.95,1602
19047,IA,Crawford,5.735714285714286,6.2309422,5.3416834,0.88925856,46.21501272264631,0.0,,56.07506361323155,98.37786259541984,30.732177263969177,82.3791348600509,60.846055979643765,60.846055979643765,49.94,1603
29181,MO,Ripley,15.15,14.915613,14.297477,0.6181364,44.75190839694657,40.21693783896538,,59.4147582697201,35.655216284987276,77.0712909441233,57.82442748091603,56.99745547073791,56.99745547073791,49.92,1604
55069,WI,Lincoln,8.455714285714285,8.094985,7.7843857,0.3105995,29.611959287531807,0.0,,56.202290076335885,30.47073791348601,18.625561978163137,44.02035623409669,52.639949109414765,52.639949109414765,49.9,1605
9015,CT,Windham,8.221428571428572,8.106775,7.9840097,0.12276513,,,,,,,,,,49.9,1605
21007,KY,Ballard,6.119999999999999,7.487066,8.102464,-0.6153975,6.011450381679389,29.62035878181059,,12.245547073791348,96.37404580152673,50.642260757867696,31.711195928753185,39.63104325699746,39.63104325699746,49.89,1607
47109,TN,McNairy,9.047142857142857,7.692002,7.527167,0.1648351,26.526717557251914,57.2799332498957,,33.30152671755725,41.157760814249365,66.95568400770713,60.2735368956743,50.540712468193384,50.540712468193384,49.87,1608
5065,AR,Izard,8.741428571428571,9.13027,8.7836685,0.34660164,62.054707379134854,41.05131414267834,,48.091603053435115,33.20610687022901,60.7257546563905,59.605597964376585,53.0852417302799,53.0852417302799,49.87,1608
9005,CT,Litchfield,7.821428571428571,7.526741,7.397359,0.1293821,,,,,,,,,,49.85,1610
46123,SD,Tripp,12.615,8.526425,9.359899,-0.8334727,79.10305343511449,,,37.11832061068702,54.961832061068705,24.59858702633269,37.69083969465649,36.45038167938932,36.45038167938932,49.83,1611
24017,MD,Charles,6.392857142857143,6.806092,7.0907364,-0.2846445,19.24300254452926,78.01418439716312,52.400000000000006,50.572519083969475,72.36005089058524,78.83750802825948,29.166666666666668,44.14758269720102,44.14758269720102,49.83,1611
29065,MO,Dent,8.49,7.467351,7.1488967,0.3184542,60.01908396946565,27.951606174384647,,32.69720101781171,29.07124681933842,78.96596017983302,44.94274809160305,52.54452926208651,52.54452926208651,49.79,1613
28061,MS,Jasper,7.454285714285715,7.1928396,7.844228,-0.6513882,46.50127226463104,80.97622027534418,,26.94020356234097,53.18066157760815,59.05587668593449,72.264631043257,38.8676844783715,38.8676844783715,49.76,1614
5049,AR,Fulton,6.6571428571428575,8.166545,7.9736013,0.19294357,56.04325699745547,32.874426366291196,,45.64249363867685,0.0,66.53821451509313,64.75826972010178,50.667938931297705,50.667938931297705,49.74,1615
27025,MN,Chisago,6.974285714285714,7.551762,7.786081,-0.2343187,65.45801526717557,,,55.6615776081425,35.20992366412214,39.14579319203597,64.15394402035624,44.529262086513995,44.529262086513995,49.67,1616
17085,IL,Jo Daviess,5.671428571428572,7.544017,7.2889915,0.25502545,21.469465648854964,16.437213183145598,,58.524173027989825,68.19338422391857,48.683365446371226,68.79770992366412,51.30407124681934,51.30407124681934,49.62,1617
18041,IN,Fayette,7.762857142857143,7.7730355,8.786168,-1.0131327,4.580152671755725,13.934084272006675,,48.72773536895674,33.460559796437664,26.589595375722546,68.19338422391857,33.49236641221374,33.49236641221374,49.61,1618
42131,PA,Wyoming,5.818571428571429,6.6020555,6.810299,-0.2082435,21.946564885496183,60.70087609511889,,69.24300254452926,0.0,29.22286448298009,20.642493638676847,44.783715012722645,44.783715012722645,49.61,1618
51035,VA,Carroll,7.161428571428572,7.9208617,8.102704,-0.18184246,55.88422391857505,61.284939507717986,,42.652671755725194,62.81806615776081,0.0,30.407124681933844,45.13358778625955,45.13358778625955,49.6,1620
16085,ID,Valley,13.385714285714286,12.599822,12.032593,0.5672291,97.45547073791349,,,55.78880407124682,12.818066157760812,17.565831727681438,3.594147582697201,55.62977099236641,55.62977099236641,49.59,1621
51019,VA,Bedford,7.351428571428571,7.5377975,7.2863426,0.25145516,66.63486005089058,73.00792657488527,,68.25699745547074,70.92875318066157,31.213872832369944,25.095419847328245,51.176844783715005,51.176844783715005,49.58,1622
55013,WI,Burnett,9.02142857142857,10.011422,9.888781,0.12264136,68.76590330788804,,,55.470737913486005,22.80534351145038,38.59987154784842,46.69211195928753,49.33206106870229,49.33206106870229,49.56,1623
28057,MS,Itawamba,5.875714285714286,7.7795606,7.636566,0.14299433,28.307888040712474,54.776804338756776,,28.212468193384225,40.74427480916031,70.7771355170199,66.41221374045801,49.61832061068702,49.61832061068702,49.56,1623
45049,SC,Hampton,9.684285714285716,8.130835,6.9034915,1.2273433,71.43765903307889,92.99123904881101,24.2,34.66921119592875,67.52544529262087,75.626204238921,42.93893129770993,64.79007633587787,64.79007633587787,49.53,1625
37039,NC,Cherokee,9.45142857142857,9.337297,8.682962,0.65433466,81.07506361323156,58.44806007509386,,67.87531806615776,36.16412213740458,6.518946692357098,68.09796437659033,56.71119592875318,56.71119592875318,49.52,1626
12129,FL,Wakulla,8.74,9.00839,9.066119,-0.05772931,84.47837150127225,84.48060075093868,61.2,33.61959287531807,13.772264631043257,46.8529222864483,50.92239185750637,46.69211195928753,46.69211195928753,49.51,1627
5137,AR,Stone,6.887142857142857,6.470681,6.301612,0.16906987,68.09796437659033,38.71506049228202,,47.391857506361326,31.424936386768447,53.66088631984586,75.03180661577609,49.87277353689568,49.87277353689568,49.5,1628
1057,AL,Fayette,5.7128571428571435,5.930522,6.592733,-0.66221124,27.512722646310433,63.99666249478515,,41.0941475826972,49.77735368956743,67.66217084136159,65.235368956743,38.16793893129771,38.16793893129771,49.49,1629
4001,AZ,Apache,10.617142857142857,10.435134,8.205562,2.229571,97.90076335877863,11.681268251981644,,80.72519083969466,50.25445292620865,46.660244059087994,3.625954198473282,78.7849872773537,78.7849872773537,49.49,1629
29163,MO,Pike,6.784285714285714,6.687183,7.1949654,-0.50778264,41.9529262086514,22.152690863579476,,45.13358778625955,55.597964376590326,88.69621066152858,37.94529262086514,40.29898218829516,40.29898218829516,49.47,1631
12123,FL,Taylor,8.375714285714286,9.030078,7.7459536,1.284125,81.42493638676844,92.69920734251149,76.6,46.81933842239186,15.776081424936386,53.1470777135517,37.150127226463106,65.42620865139949,65.42620865139949,49.45,1632
54019,WV,Fayette,7.1257142857142854,7.1252327,6.6866183,0.43861464,49.52290076335878,42.01084689194827,,72.93256997455471,18.129770992366407,11.528580603725112,10.687022900763358,53.43511450381679,53.43511450381679,49.39,1633
45011,SC,Barnwell,7.011428571428572,5.9938135,6.092059,-0.09824545,59.891857506361326,85.31497705465165,,35.01908396946565,54.58015267175572,62.074502247912655,66.06234096692111,45.83333333333333,45.83333333333333,49.36,1634
37093,NC,Hoke,8.802857142857142,8.821301,8.613618,0.2076839,80.18447837150127,83.97997496871089,,43.25699745547074,43.95674300254453,73.05716120745022,75.82697201017811,50.12722646310432,50.12722646310432,49.36,1634
19063,IA,Emmet,6.045714285714285,5.438581,5.754579,-0.31599814,23.823155216284988,,,20.419847328244277,96.75572519083968,24.791265253693,43.19338422391857,42.74809160305343,42.74809160305343,49.35,1636
18093,IN,Lawrence,8.378571428571428,8.197937,8.154927,0.043009453,15.585241730279895,15.561118064246976,,55.85241730279898,47.67811704834607,62.267180475272966,74.26844783715013,47.773536895674305,47.773536895674305,49.34,1637
51089,VA,Henry,7.587142857142857,7.953255,6.777276,1.1759789,22.264631043257,74.0508969545265,,76.55852417302799,67.58905852417303,37.251123956326275,43.670483460559794,63.61323155216285,63.61323155216285,49.3,1638
51193,VA,Westmoreland,8.84,8.473531,9.164218,-0.69068766,16.634860050890584,86.5665415102211,64.8,29.70737913486005,84.19211195928753,38.24662813102119,26.908396946564885,37.37277353689568,37.37277353689568,49.29,1639
5047,AR,Franklin,8.334285714285715,7.452065,7.277722,0.174343,82.5381679389313,46.93366708385482,,50.89058524173028,58.17430025445292,86.44829800899167,64.82188295165395,49.395674300254456,49.395674300254456,49.23,1640
26123,MI,Newaygo,9.05857142857143,9.520172,9.51104,0.009132862,44.81552162849873,22.236128493950773,,60.08269720101781,0.0,33.01220295439949,45.35623409669211,47.073791348600516,47.073791348600516,49.23,1640
16003,ID,Adams,14.514285714285714,13.132806,13.653638,-0.52083147,96.72391857506362,,,35.87786259541985,13.16793893129771,18.2723185613359,2.926208651399491,39.56743002544529,39.56743002544529,49.19,1642
46023,SD,Charles Mix,4.514,6.5258317,6.405535,0.120296195,76.94020356234098,,,40.458015267175576,85.1145038167939,26.846499678869623,55.3117048346056,48.536895674300254,48.536895674300254,49.18,1643
21085,KY,Grayson,7.162857142857143,7.9153433,8.0258255,-0.11048242,11.704834605597965,35.08552357113058,,48.2824427480916,29.00763358778626,54.43159922928709,70.76972010178118,45.260814249363875,45.260814249363875,49.16,1644
55089,WI,Ozaukee,6.795714285714285,7.0275836,6.77604,0.2515432,19.49745547073791,7.467667918231122,31.0,58.333333333333336,21.533078880407125,56.00513808606294,59.28753180661578,50.31806615776081,50.31806615776081,49.15,1645
37123,NC,Montgomery,8.704285714285714,7.9703445,7.8149757,0.1553688,45.06997455470738,83.6462244472257,,55.597964376590326,45.48346055979644,46.53179190751445,65.61704834605598,48.95038167938932,48.95038167938932,49.14,1646
27043,MN,Faribault,7.025714285714286,6.647803,6.73572,-0.08791716,9.573791348600508,,,48.98218829516539,93.51145038167938,35.90237636480411,57.69720101781171,45.51526717557252,45.51526717557252,49.13,1647
48415,TX,Scurry,5.295714285714285,5.808554,7.0021677,-1.1936133,88.23155216284987,22.861910721735505,,23.6323155216285,92.4618320610687,38.792549775208734,43.25699745547074,29.993638676844785,29.993638676844785,49.13,1647
54031,WV,Hardy,7.6414285714285715,7.9132853,8.217798,-0.3045133,57.029262086513995,72.67417605340009,,65.29898218829516,52.19465648854962,20.68079640333976,16.348600508905854,42.461832061068705,42.461832061068705,49.12,1649
37181,NC,Vance,9.365714285714287,7.9608855,7.8392196,0.12166602,17.39821882951654,79.05715477680434,,55.216284987277355,70.67430025445293,65.86384071933205,63.93129770992366,48.37786259541985,48.37786259541985,49.09,1650
20031,KS,Coffey,7.328571428571428,7.442878,8.243388,-0.8005112,78.49872773536896,0.0,,41.157760814249365,70.83333333333334,56.5189466923571,48.66412213740458,35.337150127226465,35.337150127226465,49.04,1651
24037,MD,Saint Marys,5.667142857142857,6.2520075,6.5333977,-0.28138974,59.03307888040712,85.1063829787234,63.0,36.76844783715013,72.32824427480917,67.30892742453436,39.3765903307888,42.55725190839695,42.55725190839695,49.01,1652
47115,TN,Marion,9.911428571428571,9.079333,8.2407255,0.8386079,59.66921119592875,37.71380892782645,,61.38676844783715,52.32188295165393,27.488760436737316,81.8384223918575,58.23791348600509,58.23791348600509,48.98,1653
40105,OK,Nowata,4.522,7.2651153,7.6669707,-0.40185556,54.4529262086514,25.78222778473091,,29.00763358778626,67.90712468193384,63.937058445728965,64.05852417302799,40.776081424936386,40.776081424936386,48.96,1654
29157,MO,Perry,6.677142857142856,7.1206927,7.132939,-0.012246166,17.048346055979643,35.9616186900292,,32.12468193384224,36.67302798982188,72.89659601798331,58.269720101781175,46.18320610687023,46.18320610687023,48.93,1655
8051,CO,Gunnison,9.29857142857143,9.8933,9.989059,-0.09575967,70.19720101781171,,,57.029262086513995,34.891857506361326,2.344251766217084,6.170483460559796,44.974554707379134,44.974554707379134,48.91,1656
13247,GA,Rockdale,11.468571428571428,10.458429,9.750958,0.70747215,35.87786259541985,53.94242803504381,,63.42239185750637,0.0,56.58317276814386,77.13104325699746,56.170483460559794,56.170483460559794,48.87,1657
22025,LA,Catahoula,4.32,2.6928432,4.7722063,-2.0793633,17.716284987277355,74.00917813934085,,14.472010178117047,87.72264631043257,58.06037251123957,30.375318066157757,17.016539440203562,17.016539440203562,48.86,1658
47117,TN,Marshall,10.59,9.927646,9.982447,-0.054800715,20.833333333333336,44.597413433458485,,49.74554707379134,28.18066157760814,32.7874116891458,76.24045801526718,45.41984732824427,45.41984732824427,48.85,1659
29217,MO,Vernon,8.241428571428571,7.2731314,7.288771,-0.015639544,24.52290076335878,31.038798498122656,,49.840966921119595,94.72010178117048,74.791265253693,51.30407124681934,45.960559796437664,45.960559796437664,48.84,1660
51161,VA,Roanoke,7.442857142857143,7.657589,7.2273493,0.4302394,32.31552162849873,68.46057571964957,,69.21119592875317,24.04580152671756,23.98843930635838,24.58651399491094,52.19465648854962,52.19465648854962,48.83,1661
37185,NC,Warren,8.747142857142856,9.227717,8.899727,0.32799152,26.55852417302799,84.85607008760951,,55.916030534351144,82.50636132315522,51.445086705202314,57.665394402035616,50.76335877862596,50.76335877862596,48.83,1661
26015,MI,Barry,8.642857142857142,8.4490385,8.458798,-0.009759222,24.84096692111959,21.068001668752608,,58.87404580152672,0.0,32.46628131021195,72.07379134860051,45.99236641221374,45.99236641221374,48.82,1663
40117,OK,Pawnee,6.128571428571428,7.6348605,7.496323,0.13853738,86.80025445292621,13.725490196078432,,35.36895674300254,79.19847328244275,73.3140655105973,70.00636132315522,48.091603053435115,48.091603053435115,48.82,1663
55045,WI,Green,8.275714285714285,7.2658553,7.240763,0.025092294,31.138676844783713,10.721735502711722,,44.40203562340967,33.969465648854964,52.34425176621709,65.5852417302799,46.4058524173028,46.4058524173028,48.78,1665
1113,AL,Russell,8.594285714285714,8.604075,7.984197,0.619878,55.6615776081425,75.177304964539,,66.85750636132316,76.30407124681933,77.296082209377,58.651399491094146,54.739185750636125,54.739185750636125,48.77,1666
54037,WV,Jefferson,8.245714285714286,7.4249654,7.295171,0.1297948,21.85114503816794,69.0863579474343,,64.18575063613231,76.11323155216286,61.078998073217726,36.57760814249364,47.80534351145038,47.80534351145038,48.74,1667
13279,GA,Toombs,8.75,7.7061334,7.9414268,-0.2352937,53.53053435114504,84.14685022945349,,37.786259541984734,77.44910941475827,64.32241490044959,63.80407124681934,42.652671755725194,42.652671755725194,48.73,1668
31099,NE,Kearney,6.845714285714286,7.291961,8.360141,-1.0681804,21.723918575063617,,,10.30534351145038,89.82188295165395,21.644187540141296,35.782442748091604,30.947837150127228,30.947837150127228,48.72,1669
12037,FL,Franklin,9.14857142857143,9.804962,9.763105,0.041856766,77.63994910941476,90.48811013767208,77.4,18.70229007633588,0.0,35.87026332691073,32.474554707379134,46.533078880407125,46.533078880407125,48.72,1669
13039,GA,Camden,8.992857142857142,8.82826,8.207952,0.62030953,84.38295165394402,91.07217355027117,71.6,35.55979643765903,0.0,58.95953757225434,49.96819338422392,54.54834605597965,54.54834605597965,48.67,1671
39147,OH,Seneca,7.4557142857142855,7.3968763,7.323993,0.07288293,2.830788804071247,44.05506883604506,,61.164122137404576,0.0,34.39306358381503,58.01526717557252,46.85114503816794,46.85114503816794,48.66,1672
36015,NY,Chemung,5.340000000000001,6.175229,5.5365267,0.6387022,22.646310432569976,66.33291614518147,,72.16921119592875,41.73027989821883,55.394990366088635,52.83078880407125,54.770992366412216,54.770992366412216,48.65,1673
18137,IN,Ripley,7.0842857142857145,7.658248,7.5832605,0.07498717,7.983460559796438,29.370045890696705,,53.81679389312977,51.81297709923665,33.269107257546565,79.45292620865139,46.78753180661578,46.78753180661578,48.62,1674
8015,CO,Chaffee,10.299999999999999,9.491584,9.1042385,0.38734517,71.69211195928753,,,64.69465648854961,30.53435114503817,7.771355170199101,12.72264631043257,51.11323155216285,51.11323155216285,48.59,1675
39031,OH,Coshocton,8.558571428571428,8.071307,7.827603,0.24370469,29.898218829516537,40.383813099707965,,66.76208651399492,28.848600508905857,50.35324341682723,46.75572519083969,49.07760814249364,49.07760814249364,48.58,1676
45001,SC,Abbeville,8.834285714285715,8.015492,8.0315695,-0.016077552,39.82188295165393,64.28869420108468,,37.62722646310432,35.6234096692112,74.82337829158638,66.2531806615776,45.35623409669211,45.35623409669211,48.54,1677
55067,WI,Langlade,8.222857142857142,8.915232,8.62261,0.29262188,20.610687022900763,0.0,,39.18575063613232,28.466921119592875,15.960179833012203,45.61068702290076,49.55470737913486,49.55470737913486,48.47,1678
20011,KS,Bourbon,6.307142857142857,7.497241,8.192928,-0.6956877,44.847328244274806,23.696287025448477,,40.108142493638674,76.59033078880407,63.68015414258189,43.70229007633588,35.655216284987276,35.655216284987276,48.46,1679
37095,NC,Hyde,11.242,12.093096,10.588453,1.5046413,74.71374045801527,94.57655402586566,84.39999999999998,12.690839694656487,51.972010178117046,30.154142581888248,21.723918575063617,66.4440203562341,66.4440203562341,48.41,1680
54089,WV,Summers,3.641428571428571,6.769028,7.131654,-0.362626,46.94656488549619,41.63537755527743,,59.63740458015267,27.449109414758272,2.24791265253693,6.838422391857506,40.235368956743,40.235368956743,48.41,1680
48093,TX,Comanche,9.072857142857142,7.9191823,7.508072,0.41111067,92.14376590330787,53.90070921985816,,54.739185750636125,80.02544529262089,43.12780989081567,67.52544529262087,51.01781170483461,51.01781170483461,48.37,1682
9011,CT,New London,7.732857142857143,7.7466726,7.4064035,0.3402688,,,,,,,,,,48.36,1683
28141,MS,Tishomingo,7.232857142857142,7.996848,8.576783,-0.5799345,37.24554707379134,57.07133917396746,,30.820610687022903,37.94529262086514,67.34104046242774,64.44020356234097,37.086513994910945,37.086513994910945,48.36,1683
29177,MO,Ray,8.328571428571427,8.139155,8.195478,-0.056322712,55.025445292620866,0.0,,48.791348600508904,65.33078880407125,70.5844572896596,57.91984732824428,44.37022900763359,44.37022900763359,48.33,1685
26037,MI,Clinton,7.321428571428571,7.850075,7.708598,0.14147677,13.199745547073793,34.3345848977889,,51.49491094147582,0.0,29.479768786127167,76.94020356234098,47.041984732824424,47.041984732824424,48.28,1686
22013,LA,Bienville,0.776,3.855721,5.022206,-1.166485,21.4058524173028,67.87651230705049,,25.127226463104325,43.63867684478372,71.32305716120744,54.166666666666664,28.65776081424936,28.65776081424936,48.27,1687
27105,MN,Nobles,8.805714285714286,7.5114713,7.1464767,0.36499497,19.974554707379134,,,48.50508905852418,66.4440203562341,43.22414900449582,73.50508905852418,50.15903307888042,50.15903307888042,48.26,1688
13047,GA,Catoosa,9.617142857142857,9.802393,8.405909,1.3964843,37.53180661577608,46.97538589904046,,65.04452926208651,50.95419847328244,41.90751445086705,84.51017811704835,64.63104325699746,64.63104325699746,48.26,1688
48205,TX,Hartley,3.7714285714285714,4.8493414,5.6930466,-0.8437053,71.11959287531806,,,5.089058524173027,98.09160305343512,6.840077071290944,26.494910941475823,33.11068702290076,33.11068702290076,48.23,1690
23029,ME,Washington,9.18142857142857,8.857372,8.673557,0.18381509,21.755725190839694,85.94075928243637,74.6,41.4440203562341,48.37786259541985,10.661528580603726,11.036895674300254,47.55089058524173,47.55089058524173,48.23,1690
49045,UT,Tooele,9.98,9.60192,9.321089,0.2808309,97.26463104325701,,,18.28880407124682,34.57379134860051,53.94990366088632,13.61323155216285,48.88676844783715,48.88676844783715,48.22,1692
5089,AR,Marion,7.795714285714285,9.495866,9.280711,0.21515425,64.98091603053436,32.7909887359199,,43.06615776081425,0.0,61.04688503532434,55.8206106870229,47.96437659033079,47.96437659033079,48.22,1692
19079,IA,Hamilton,4.837142857142857,6.0863376,6.230175,-0.14383774,13.486005089058525,18.856904463913224,,41.03053435114504,96.27862595419847,10.693641618497113,64.79007633587787,42.90712468193384,42.90712468193384,48.21,1694
39077,OH,Huron,6.848571428571428,7.753975,7.372928,0.38104716,15.744274809160306,45.39007092198582,,60.527989821882954,0.0,33.59023763648041,67.27099236641222,50.286259541984734,50.286259541984734,48.21,1694
13299,GA,Ware,8.977142857142857,7.7636757,7.4440126,0.31966275,73.72773536895673,87.73466833541926,,46.087786259541986,48.02798982188295,60.01926782273603,62.18193384223919,49.363867684478365,49.363867684478365,48.18,1696
19183,IA,Washington,5.652857142857143,6.6859903,6.733936,-0.0479456,54.898218829516544,20.066750104297036,,48.37786259541985,79.00763358778626,64.67565831727681,56.965648854961835,44.179389312977094,44.179389312977094,48.17,1697
19055,IA,Delaware,6.618571428571428,6.0081983,5.6582985,0.34989974,12.436386768447836,19.39924906132666,,61.73664122137404,80.97964376590332,34.00770712909441,58.460559796437664,49.74554707379134,49.74554707379134,48.16,1698
21149,KY,McLean,6.186,6.2158766,6.5031786,-0.28730184,4.516539440203562,26.866916979557782,,45.83333333333333,70.35623409669212,45.40783558124598,37.56361323155216,40.71246819338422,40.71246819338422,48.12,1699
17079,IL,Jasper,3.6060000000000003,4.172649,5.905427,-1.7327778,2.353689567430025,32.41551939924906,,28.37150127226463,84.51017811704835,37.21901091843288,29.357506361323153,20.419847328244277,20.419847328244277,48.12,1699
51131,VA,Northampton,10.751428571428573,9.03686,9.055744,-0.018884012,29.802798982188293,89.48685857321652,57.2,12.818066157760812,91.34860050890585,32.43416827231856,22.646310432569976,44.465648854961835,44.465648854961835,48.11,1701
18061,IN,Harrison,7.337142857142857,8.387502,7.936645,0.45085675,18.129770992366407,13.892365456821029,,56.71119592875318,44.6882951653944,50.99550417469493,82.09287531806616,51.04961832061069,51.04961832061069,48.11,1701
13297,GA,Walton,10.65,10.312358,9.582751,0.7296065,35.909669211195926,55.61118064246974,,65.17175572519083,51.49491094147582,60.854206807964026,73.82315521628499,54.961832061068705,54.961832061068705,48.1,1703
37131,NC,Northampton,7.748571428571429,6.6683793,6.699824,-0.031444278,24.904580152671755,84.60575719649562,17.8,44.72010178117048,88.32697201017811,48.87604367373154,54.739185750636125,44.211195928753185,44.211195928753185,48.07,1704
21161,KY,Mason,7.25,7.244638,7.630435,-0.3857968,6.552162849872774,35.377555277430126,,56.170483460559794,26.208651399491096,50.449582530507385,57.85623409669212,39.18575063613232,39.18575063613232,48.05,1705
31111,NE,Lincoln,5.644285714285714,6.1176314,5.8348627,0.28276888,74.61832061068702,,,48.473282442748086,80.78880407124683,51.027617212588304,62.786259541984734,48.56870229007634,48.56870229007634,48.05,1705
17169,IL,Schuyler,2.77,3.1598923,5.5241995,-2.364307,0.349872773536896,15.519399249061328,,8.174300254452927,61.51399491094147,55.10597302504818,27.576335877862597,11.354961832061068,11.354961832061068,48.02,1707
27057,MN,Hubbard,7.515714285714286,8.339439,9.006937,-0.6674975,66.41221374045801,,,54.64376590330788,67.8117048346056,21.708413615928063,37.849872773536894,35.17811704834606,35.17811704834606,48.02,1707
51139,VA,Page,7.558571428571428,7.7938046,8.266923,-0.47311774,53.33969465648855,77.01293283270755,,56.55216284987278,65.07633587786259,35.26011560693642,18.861323155216287,37.88167938931298,37.88167938931298,48.01,1709
39005,OH,Ashland,8.717142857142857,7.7007003,7.570221,0.13047989,30.025445292620866,43.76303712974551,,60.20992366412214,0.0,49.38985228002569,57.31552162849872,46.342239185750635,46.342239185750635,48.0,1710
17203,IL,Woodford,5.2299999999999995,5.337543,5.664327,-0.32678437,3.339694656488549,16.10346266166041,,51.463104325699746,70.22900763358778,49.421965317919074,52.67175572519084,39.91730279898219,39.91730279898219,48.0,1710
20115,KS,Marion,6.642857142857143,6.232719,6.696633,-0.46391374,78.0852417302799,0.0,,36.00508905852418,37.53180661577608,70.13487475915221,69.05216284987277,37.97709923664122,37.97709923664122,47.99,1712
31151,NE,Saline,8.338571428571429,7.3469253,7.4961853,-0.14925964,68.86132315521628,0.0,,38.61323155216285,77.92620865139949,17.983301220295438,69.0203562340967,42.39821882951654,42.39821882951654,47.99,1712
18077,IN,Jefferson,8.297142857142857,7.949781,7.678733,0.27104864,9.4147582697201,20.40050062578223,,55.94783715012722,29.770992366412212,32.85163776493256,82.06106870229009,48.2824427480916,48.2824427480916,47.98,1714
29225,MO,Webster,8.725714285714286,8.440313,8.430928,0.0093863355,69.14758269720102,23.52941176470588,,43.38422391857507,39.28117048346056,81.9203596660244,65.64885496183206,44.59287531806616,44.59287531806616,47.98,1714
9001,CT,Fairfield,6.897142857142858,6.9204926,6.5252748,0.39521804,,,,,,,,,,47.97,1716
16051,ID,Jefferson,10.017142857142858,10.127458,10.436723,-0.30926567,62.5,,,37.086513994910945,22.169211195928753,79.12652536929994,6.965648854961833,40.108142493638674,40.108142493638674,47.97,1716
18059,IN,Hancock,8.218571428571428,8.058193,8.087,-0.028807197,4.866412213740458,14.559866499791404,,57.06106870229007,52.57633587786259,45.664739884393065,73.85496183206108,44.02035623409669,44.02035623409669,47.96,1718
39071,OH,Highland,8.634285714285713,8.308037,8.394057,-0.086020336,60.33715012722646,45.8906967042136,,56.64758269720102,78.7849872773537,64.19396274887605,56.202290076335885,43.19338422391857,43.19338422391857,47.95,1719
48401,TX,Rusk,8.067142857142857,7.761649,7.0728064,0.6888431,72.99618320610686,71.63120567375887,,45.865139949109405,66.18956743002545,83.65446371226717,74.90458015267176,54.007633587786266,54.007633587786266,47.91,1720
17147,IL,Piatt,5.885714285714286,5.218531,5.885125,-0.6665948,3.975826972010178,22.02753441802253,,43.670483460559794,87.05470737913485,42.48554913294797,44.338422391857506,34.95547073791349,34.95547073791349,47.9,1721
19091,IA,Humboldt,3.948571428571428,4.5147643,5.9531255,-1.4383606,5.057251908396947,8.760951188986233,,18.893129770992367,95.29262086513997,9.377007064868335,45.45165394402035,24.07760814249364,24.07760814249364,47.88,1722
28037,MS,Franklin,-2.2250000000000005,2.3637595,4.281397,-1.917637,40.71246819338422,69.87901543596162,,23.18702290076336,44.783715012722645,55.68400770712909,57.3791348600509,17.334605597964376,17.334605597964376,47.87,1723
51061,VA,Fauquier,6.457142857142857,7.1928716,6.9387593,0.25411245,34.79643765903308,72.13183145598666,,65.77608142493638,45.29262086513995,62.58831085420681,16.475826972010175,47.67811704834607,47.67811704834607,47.8,1724
48297,TX,Live Oak,6.0928571428571425,6.8796053,7.6172214,-0.7376159,46.024173027989825,79.43262411347519,,25.286259541984737,64.2175572519084,55.459216441875405,38.963104325699746,33.74681933842239,33.74681933842239,47.8,1724
17061,IL,Greene,3.392857142857143,4.568015,6.7810965,-2.2130818,0.254452926208651,18.314559866499792,,13.199745547073793,68.44783715012723,61.849710982658955,31.90203562340967,12.97709923664122,12.97709923664122,47.77,1726
31025,NE,Cass,6.6257142857142854,6.672181,7.5978055,-0.9256242,74.14122137404581,0.0,,36.959287531806616,69.0203562340967,53.27552986512523,63.104325699745544,31.043256997455472,31.043256997455472,47.76,1727
26051,MI,Gladwin,7.768571428571428,9.495437,9.761642,-0.26620594,38.89949109414758,22.528160200250312,,53.9440203562341,0.0,18.46499678869621,48.95038167938932,40.26717557251908,40.26717557251908,47.75,1728
17035,IL,Cumberland,5.651428571428572,5.8782344,7.1631446,-1.2849102,4.675572519083969,32.957863996662496,,33.49236641221374,86.57760814249363,43.93063583815029,30.057251908396953,25.8587786259542,25.8587786259542,47.69,1729
51069,VA,Frederick,7.075714285714286,7.7019224,7.640464,0.061458893,57.82442748091603,76.38715060492282,,59.98727735368957,72.96437659033079,64.38664097623635,33.36513994910941,44.72010178117048,44.72010178117048,47.67,1730
18133,IN,Putnam,8.424285714285714,7.8734846,7.9433007,-0.0698156,9.987277353689567,19.482686691697957,,48.1234096692112,65.10814249363868,52.408477842003855,63.040712468193384,42.84351145038168,42.84351145038168,47.66,1731
47073,TN,Hawkins,10.098571428571429,9.396329,8.547606,0.848723,50.731552162849866,38.214434710054235,,64.66284987277355,34.160305343511446,12.588310854206808,49.904580152671755,55.75699745547074,55.75699745547074,47.66,1731
8083,CO,Montezuma,9.34142857142857,9.112224,8.8407135,0.2715104,93.60687022900763,,,56.13867684478372,72.6145038167939,25.626204238921,10.05089058524173,47.614503816793885,47.614503816793885,47.64,1733
8029,CO,Delta,9.984285714285715,9.624309,9.091245,0.5330642,86.73664122137404,,,69.59287531806616,68.92493638676844,18.914579319203597,8.810432569974555,51.27226463104325,51.27226463104325,47.64,1733
18145,IN,Shelby,8.124285714285715,8.066889,8.090023,-0.023134334,4.707379134860051,13.016270337922403,,52.54452926208651,60.1145038167939,40.39820166987797,78.84860050890585,43.416030534351144,43.416030534351144,47.61,1735
16039,ID,Elmore,12.775714285714285,11.832197,11.242927,0.58926976,97.64631043256996,,,30.057251908396953,18.03435114503817,58.73474630700064,7.061068702290077,51.972010178117046,51.972010178117046,47.59,1736
30089,MT,Sanders,10.322857142857144,9.864511,9.596036,0.2684748,91.18956743002543,,,61.863867684478365,20.006361323155215,31.085420680796403,4.707379134860051,47.36005089058524,47.36005089058524,47.54,1737
18011,IN,Boone,8.547142857142857,7.857289,7.8815103,-0.024221284,6.997455470737914,14.14267834793492,,56.8384223918575,57.347328244274806,55.940912010276165,39.599236641221374,43.225190839694655,43.225190839694655,47.53,1738
13291,GA,Union,10.517142857142858,10.978197,10.343478,0.63471925,71.88295165394402,56.23696287025448,,58.68320610687023,56.170483460559794,6.647398843930636,63.167938931297705,52.48091603053435,52.48091603053435,47.53,1738
16083,ID,Twin Falls,11.107142857142858,10.105485,9.864257,0.2412283,93.95674300254453,,,51.11323155216285,23.314249363867685,82.65895953757226,13.42239185750636,46.94656488549619,46.94656488549619,47.52,1740
32001,NV,Churchill,9.48857142857143,9.675814,9.4099865,0.26582766,64.47201017811705,,,53.21246819338422,76.84478371501272,24.951830443159924,1.685750636132316,47.264631043257,47.264631043257,47.51,1741
47069,TN,Hardeman,8.394285714285713,6.264983,4.8772674,1.3877153,34.9236641221374,58.69837296620776,,30.343511450381676,51.3676844783715,73.21772639691713,83.7468193384224,63.00890585241731,63.00890585241731,47.5,1742
55029,WI,Door,9.879999999999999,9.530879,9.284185,0.24669382,39.885496183206115,0.0,40.2,52.06743002544529,0.0,9.53757225433526,47.55089058524173,46.88295165394402,46.88295165394402,47.45,1743
19125,IA,Marion,6.612857142857143,6.199702,6.844867,-0.64516526,50.572519083969475,8.093450146015853,,41.221374045801525,88.48600508905852,61.49646756583172,67.74809160305344,34.35114503816794,34.35114503816794,47.45,1743
35051,NM,Sierra,8.364285714285714,8.797475,7.909528,0.8879472,83.14249363867683,12.43220692532332,,74.30025445292621,73.95038167938931,36.962106615285805,4.198473282442748,55.8206106870229,55.8206106870229,47.42,1745
35053,NM,Socorro,8.112857142857143,8.234189,6.940249,1.2939398,86.99109414758269,0.0,,76.24045801526718,72.42366412213741,27.64932562620424,7.092875318066158,61.48218829516539,61.48218829516539,47.4,1746
5043,AR,Drew,4.738571428571428,5.4625983,6.0393686,-0.5767705,25.667938931297712,56.57071339173968,,18.98854961832061,82.3791348600509,77.87411689145793,63.136132315521635,35.146310432569976,35.146310432569976,47.36,1747
9007,CT,Middlesex,7.304285714285714,7.4593325,6.977733,0.4815995,,,,,,,,,,47.36,1747
51197,VA,Wythe,7.644285714285715,7.1735296,6.780845,0.39268473,21.310432569974555,58.57321652065082,,50.25445292620865,66.31679389312977,0.0,14.75826972010178,48.72773536895674,48.72773536895674,47.35,1749
9009,CT,New Haven,7.638571428571429,7.492547,7.009331,0.48321587,,,,,,,,,,47.35,1749
49025,UT,Kane,9.94,10.222508,10.476181,-0.25367263,88.04071246819338,,,56.42493638676845,22.487277353689567,86.64097623635197,1.55852417302799,39.662849872773535,39.662849872773535,47.35,1749
20059,KS,Franklin,8.411428571428571,7.9815297,7.941472,0.040057626,50.22264631043257,0.0,,47.99618320610687,55.34351145038168,69.84585741811176,66.6030534351145,43.734096692111954,43.734096692111954,47.33,1752
21163,KY,Meade,7.688571428571429,7.949706,8.11074,-0.16103414,13.899491094147582,14.851898206090947,,45.19720101781171,31.106870229007633,49.293513166345534,75.92239185750637,40.903307888040715,40.903307888040715,47.32,1753
19177,IA,Van Buren,19.235,11.019198,11.697113,-0.67791486,52.16284987277354,13.47517730496454,,40.839694656488554,82.22010178117048,74.24534360950545,54.67557251908397,33.61959287531807,33.61959287531807,47.31,1754
51047,VA,Culpeper,6.905714285714287,7.3904824,7.1683917,0.22209065,35.49618320610687,70.88026700041719,,61.99109414758269,81.01145038167938,60.308285163776496,31.32951653944021,46.24681933842239,46.24681933842239,47.31,1754
9003,CT,Hartford,7.324285714285714,7.1539445,6.6561303,0.4978144,,,,,,,,,,47.25,1756
26089,MI,Leelanau,10.620000000000001,9.996656,9.617836,0.37881994,14.949109414758269,11.76470588235294,37.0,42.14376590330789,0.0,17.469492614001283,19.147582697201017,48.346055979643765,48.346055979643765,47.25,1756
8039,CO,Elbert,6.827142857142857,7.1285973,7.5766406,-0.4480432,95.06997455470739,,,29.930025445292618,34.28753180661578,9.473346178548493,48.854961832061065,36.57760814249364,36.57760814249364,47.17,1758
1067,AL,Henry,8.142857142857142,7.9922667,8.045183,-0.052916136,33.778625954198475,82.68669169795578,,38.39058524173028,81.1704834605598,43.86640976236352,72.55089058524173,42.04834605597965,42.04834605597965,47.14,1759
42105,PA,Potter,6.3585714285714285,5.6968145,6.7366548,-1.0398401,3.307888040712468,58.15602836879432,,55.24809160305344,0.0,6.61528580603725,15.044529262086517,28.148854961832058,28.148854961832058,47.11,1760
39135,OH,Preble,8.637142857142857,7.9272685,7.8883376,0.038930792,13.581424936386767,28.28535669586984,,51.399491094147585,30.089058524173034,33.81502890173411,76.65394402035624,43.288804071246815,43.288804071246815,47.11,1760
26023,MI,Branch,9.077142857142858,8.557165,7.901784,0.65538114,15.044529262086517,35.00208594075928,,60.909669211195926,60.7824427480916,37.50802825947335,74.23664122137404,51.81297709923665,51.81297709923665,47.05,1762
28131,MS,Stone,8.541428571428572,8.30948,7.6414742,0.6680061,84.28753180661577,91.11389236545682,,26.653944020356235,68.12977099236642,52.05523442517662,54.70737913486005,52.00381679389313,52.00381679389313,47.05,1762
18033,IN,DeKalb,8.194285714285714,7.8002057,7.8910766,-0.090870686,11.991094147582697,21.568627450980394,,51.78117048346056,57.82442748091603,25.176621708413617,67.6208651399491,41.31679389312977,41.31679389312977,47.04,1764
48371,TX,Pecos,6.325714285714286,6.368076,7.6091805,-1.2411047,64.82188295165395,30.454735085523566,,23.536895674300258,94.49745547073792,60.62941554271034,26.08142493638677,25.127226463104325,25.127226463104325,47.02,1765
18107,IN,Montgomery,7.808571428571428,7.5908318,7.693029,-0.102197,11.354961832061068,31.1639549436796,,42.77989821882952,71.37404580152672,53.69299935773925,48.346055979643765,40.99872773536896,40.99872773536896,46.96,1766
5079,AR,Lincoln,7.0200000000000005,7.232788,8.13518,-0.90239257,16.730279898218832,57.65540258656654,,24.36386768447837,90.77608142493636,65.70327552986512,53.5941475826972,29.770992366412212,29.770992366412212,46.96,1766
1017,AL,Chambers,7.807142857142857,7.417739,7.0752788,0.34245995,51.653944020356235,70.17104714226116,,57.474554707379134,38.708651399491096,82.7874116891458,67.30279898218829,47.23282442748092,47.23282442748092,46.95,1768
20095,KS,Kingman,5.2942857142857145,6.02364,6.509505,-0.48586458,86.70483460559797,20.442219440967875,,20.10178117048346,74.10941475826972,48.458574181117534,65.39440203562341,35.55979643765903,35.55979643765903,46.93,1769
13009,GA,Baldwin,9.975714285714286,8.465086,7.9171915,0.5478936,66.92111959287533,68.33541927409262,,63.19974554707379,73.31424936386767,73.3461785484907,51.94020356234097,50.03180661577608,50.03180661577608,46.91,1770
13251,GA,Screven,10.008571428571429,8.902327,8.7916,0.11072622,54.198473282442755,89.44513975803086,0.0,23.091603053435115,80.37531806615776,61.27167630057803,44.783715012722645,43.89312977099237,43.89312977099237,46.91,1770
23007,ME,Franklin,10.889999999999999,9.571623,9.478284,0.09333948,15.998727735368956,80.85106382978722,,52.989821882951645,41.06234096692112,15.446371226718048,12.372773536895677,43.63867684478372,43.63867684478372,46.9,1772
51680,VA,Lynchburg City,8.252857142857142,7.8850203,7.3850975,0.4999223,8.68320610687023,74.30120984564039,,65.2671755725191,0.0,45.24727039177906,31.838422391857502,49.30025445292621,49.30025445292621,46.88,1773
51155,VA,Pulaski,7.281428571428571,7.5704603,7.3082514,0.26220867,25.8587786259542,51.93992490613265,,65.80788804071247,68.32061068702289,0.0,17.716284987277355,45.92875318066159,45.92875318066159,46.86,1774
37005,NC,Alleghany,9.36,8.794648,9.332076,-0.5374275,45.76972010178117,59.07384230287859,,41.06234096692112,83.14249363867683,0.0,27.480916030534353,34.66921119592875,34.66921119592875,46.85,1775
28023,MS,Clarke,4.638571428571429,7.274547,7.7141137,-0.43956676,31.23409669211196,76.01168126825199,,36.73664122137404,55.69338422391857,53.5645472061657,65.99872773536896,36.036895674300254,36.036895674300254,46.84,1776
29111,MO,Lewis,5.812,6.1057777,7.1601877,-1.0544097,36.67302798982188,12.265331664580724,,37.05470737913486,62.24554707379135,82.9800899165061,32.79262086513995,27.385496183206108,27.385496183206108,46.83,1777
46087,SD,McCook,6.0842857142857145,7.8713036,7.780643,0.09065999,62.30916030534351,,,58.365139949109405,76.49491094147582,19.556840077071293,67.4618320610687,43.447837150127235,43.447837150127235,46.83,1777
13217,GA,Newton,10.76142857142857,9.981245,9.375253,0.6059922,40.426208651399484,54.3596161869003,,61.768447837150134,44.529262086513995,61.20745022479126,73.25063613231552,50.636132315521635,50.636132315521635,46.8,1779
5087,AR,Madison,9.20142857142857,8.107908,7.894494,0.2134147,71.2150127226463,45.51522736754276,,53.88040712468194,0.0,77.58509955041747,65.45801526717557,45.06997455470738,45.06997455470738,46.77,1780
17187,IL,Warren,3.954285714285714,4.5511694,6.442037,-1.8908681,0.190839694656489,17.480183562786817,,11.036895674300254,81.90203562340967,65.76750160565189,28.498727735368956,15.489821882951654,15.489821882951654,46.76,1781
17149,IL,Pike,4.967142857142856,4.7978125,5.6314173,-0.8336049,0.954198473282443,24.90613266583229,,33.651399491094146,81.80661577608143,77.19974309569685,33.01526717557252,30.343511450381676,30.343511450381676,46.76,1781
27153,MN,Todd,8.139999999999999,7.9775934,8.283845,-0.30625144,71.5966921119593,,,56.234096692111954,51.24045801526719,36.73731535003211,39.94910941475827,37.72264631043257,37.72264631043257,46.75,1783
54063,WV,Monroe,0.892,3.6675353,4.6398177,-0.97228205,50.25445292620865,45.6403838130997,,49.26844783715013,35.05089058524173,1.830443159922929,9.701017811704835,28.276081424936393,28.276081424936393,46.7,1784
30041,MT,Hill,5.568571428571429,7.278637,6.6634836,0.615153,62.786259541984734,,,43.416030534351144,44.59287531806616,24.727039177906228,8.333333333333332,50.445292620865146,50.445292620865146,46.64,1785
36123,NY,Yates,8.75,8.06211,7.71692,0.34519002,12.72264631043257,63.62119315811431,,67.49363867684478,74.36386768447836,28.80539499036609,29.70737913486005,46.62849872773537,46.62849872773537,46.63,1786
13107,GA,Emanuel,6.9957142857142856,8.299144,8.437357,-0.13821265,52.54452926208651,84.02169378389654,,34.12849872773537,76.74936386768448,65.92806679511882,58.81043256997456,39.853689567430024,39.853689567430024,46.63,1786
55033,WI,Dunn,8.67,8.050721,7.548494,0.50222737,11.895674300254452,0.0,,50.15903307888042,17.14376590330789,54.78484264611432,68.28880407124683,48.791348600508904,48.791348600508904,46.61,1788
37145,NC,Person,8.557142857142857,7.8054433,7.8136706,-0.008227416,20.865139949109416,72.46558197747184,,54.51653944020356,74.04580152671755,66.44187540141297,54.86641221374045,41.539440203562336,41.539440203562336,46.56,1789
19021,IA,Buena Vista,5.887142857142857,6.3607545,6.5288773,-0.16812314,17.87531806615776,,,32.91984732824427,74.58651399491094,26.300578034682083,73.95038167938931,39.28117048346056,39.28117048346056,46.56,1789
21089,KY,Greenup,5.422857142857143,7.094857,6.3116784,0.7831796,40.235368956743,39.63287442636629,,68.44783715012723,15.012722646310433,87.98972382787412,41.539440203562336,52.608142493638674,52.608142493638674,46.54,1791
48449,TX,Titus,8.912857142857144,8.442857,8.069691,0.37316564,73.40966921119593,56.69586983729663,,31.93384223918575,66.98473282442748,75.52986512524085,74.39567430025447,46.81933842239186,46.81933842239186,46.53,1792
30027,MT,Fergus,9.962857142857143,8.4026985,8.15011,0.2525882,80.40712468193384,,,36.48218829516539,31.838422391857502,20.29543994861914,15.712468193384224,45.10178117048346,45.10178117048346,46.51,1793
40149,OK,Washita,5.6085714285714285,5.206901,5.8881044,-0.6812035,68.89312977099237,25.15644555694618,,19.751908396946565,90.68066157760815,45.15093127809891,60.71882951653944,31.93384223918575,31.93384223918575,46.49,1794
39011,OH,Auglaize,7.777142857142857,7.284736,7.264523,0.020213025,5.248091603053435,39.883187317480186,,55.534351145038165,0.0,30.764290301862555,57.98346055979644,41.76208651399491,41.76208651399491,46.48,1795
13281,GA,Towns,10.622857142857143,10.769678,10.904342,-0.13466358,53.7531806615776,49.97914059240717,,53.56234096692112,40.99872773536896,4.784842646114322,48.1234096692112,39.599236641221374,39.599236641221374,46.48,1795
54097,WV,Upshur,6.582857142857143,8.234328,7.995513,0.23881514,10.71882951653944,47.80976220275344,,68.38422391857506,41.85750636132315,11.014771997430955,12.786259541984732,44.847328244274806,44.847328244274806,46.48,1795
41001,OR,Baker,11.432857142857143,11.183227,10.708537,0.47468868,96.0559796437659,,,47.837150127226465,16.730279898218832,40.26974951830443,5.947837150127226,48.15521628498728,48.15521628498728,46.48,1795
13105,GA,Elbert,9.129999999999999,8.341857,9.101127,-0.75927055,41.12595419847328,72.21526908635795,,35.75063613231552,54.80279898218829,74.14900449582531,40.93511450381679,30.788804071246815,30.788804071246815,46.46,1799
31121,NE,Merrick,7.551428571428572,7.9969344,7.888397,0.10853706,50.09541984732826,,,37.24554707379134,91.76208651399493,12.877328195247268,51.49491094147582,42.93893129770993,42.93893129770993,46.44,1800
31067,NE,Gage,7.767142857142857,6.9973154,7.0570016,-0.059685946,78.9440203562341,0.0,,32.44274809160305,63.54961832061069,48.554913294797686,78.4033078880407,40.55343511450381,40.55343511450381,46.43,1801
29153,MO,Ozark,5.978571428571429,7.9228806,8.325651,-0.40277103,60.75063613231551,27.450980392156865,,42.04834605597965,30.18447837150127,84.4572896596018,51.84478371501272,35.718829516539444,35.718829516539444,46.42,1802
19145,IA,Page,7.848571428571428,6.2282753,6.309269,-0.080993876,34.605597964376585,0.0,,27.544529262086513,85.6234096692112,85.67758509955041,69.62468193384224,40.20356234096692,40.20356234096692,46.41,1803
8107,CO,Routt,10.885714285714286,9.137311,9.703755,-0.566444,80.50254452926208,,,57.50636132315522,32.31552162849873,0.0,4.293893129770993,33.36513994910941,33.36513994910941,46.4,1804
36099,NY,Seneca,7.721428571428571,6.9058685,6.868594,0.037274737,25.82697201017812,59.40759282436379,,63.64503816793893,72.90076335877863,33.52601156069364,30.788804071246815,41.82569974554708,41.82569974554708,46.39,1805
5147,AR,Woodruff,3.5225,4.411423,4.341349,0.0700739,11.60941475826972,49.77054651647893,,34.478371501272264,87.40458015267176,46.885035324341686,65.71246819338423,42.270992366412216,42.270992366412216,46.38,1806
35057,NM,Torrance,5.473333333333333,4.7657323,4.4200516,0.34568083,91.412213740458,,,62.849872773536894,83.46055979643766,13.134232498394349,10.114503816793894,46.151399491094146,46.151399491094146,46.38,1806
31017,NE,Brown,5.324,6.0998545,8.85896,-2.7591057,58.492366412213734,,,2.290076335877862,67.87531806615776,13.102119460500964,19.338422391857502,2.385496183206107,2.385496183206107,46.3,1808
19015,IA,Boone,6.362857142857143,6.7104535,7.6158977,-0.9054436,15.935114503816797,9.345014601585316,,28.75318066157761,95.03816793893128,7.642903018625562,57.22010178117048,28.403307888040715,28.403307888040715,46.29,1809
46037,SD,Day,6.878333333333333,6.6781406,7.635983,-0.95784265,77.86259541984732,,,19.974554707379134,13.64503816793893,23.21772639691715,40.61704834605598,27.63994910941476,27.63994910941476,46.28,1810
21099,KY,Hart,8.268571428571429,8.174135,8.171589,0.0025463444,10.909669211195927,38.46474760116813,,49.713740458015266,33.9058524173028,40.783558124598585,63.835877862595424,41.12595419847328,41.12595419847328,46.28,1810
20139,KS,Osage,8.677142857142856,6.6327806,7.0323567,-0.3995762,74.93638676844785,0.0,,30.216284987277355,56.01145038167938,61.72125883108542,57.029262086513995,35.43256997455471,35.43256997455471,46.26,1812
22029,LA,Concordia,3.494285714285714,4.0093713,4.6840253,-0.6746545,11.100508905852417,77.3884021693784,0.0,22.837150127226465,86.00508905852418,73.69942196531792,49.1412213740458,31.552162849872772,31.552162849872772,46.25,1813
9013,CT,Tolland,6.977142857142858,7.274591,6.634387,0.6402044,,,,,,,,,,46.24,1814
22023,LA,Cameron,4.37,6.238476,6.760157,-0.5216812,86.54580152671755,82.14434710054235,84.6,5.916030534351145,61.45038167938931,18.978805394990367,26.685750636132315,33.651399491094146,33.651399491094146,46.22,1815
18181,IN,White,8.872857142857143,7.581216,7.7562637,-0.17504726,7.37913486005089,34.71005423445974,,48.56870229007634,14.53562340966921,43.44894026974952,52.54452926208651,38.51781170483461,38.51781170483461,46.22,1815
20021,KS,Cherokee,8.034285714285714,7.2658453,6.359894,0.9059511,56.297709923664115,26.1994159365874,,54.80279898218829,93.16157760814248,67.0199100834939,74.33206106870229,53.68956743002544,53.68956743002544,46.22,1815
5057,AR,Hempstead,7.265714285714286,7.6332345,6.8407435,0.7924911,32.76081424936387,64.99791405924071,,43.86132315521628,61.164122137404576,70.00642260757868,72.7735368956743,52.06743002544529,52.06743002544529,46.2,1818
40085,OK,Love,6.795714285714285,5.7849464,7.1942077,-1.4092611,79.35750636132317,30.95536086775136,,14.440203562340969,86.25954198473282,55.8766859344894,58.17430025445292,21.119592875318062,21.119592875318062,46.19,1819
27075,MN,Lake,8.244285714285713,7.416701,7.9096537,-0.4929533,62.34096692111958,,13.6,29.802798982188293,18.543256997455472,21.99743095696853,10.71882951653944,33.93765903307888,33.93765903307888,46.16,1820
39079,OH,Jackson,8.168571428571429,6.261092,6.621907,-0.36081538,20.35623409669211,49.3950771798081,,57.1882951653944,28.975826972010175,72.83236994219652,33.87404580152672,35.75063613231552,35.75063613231552,46.14,1821
6049,CA,Modoc,6.817142857142857,6.360526,6.439892,-0.07936593,92.93893129770991,,,44.81552162849873,96.50127226463104,29.768786127167633,1.145038167938931,39.69465648854962,39.69465648854962,46.14,1821
16035,ID,Clearwater,10.01,10.510465,10.074347,0.43611774,96.4058524173028,,,55.72519083969466,13.263358778625957,27.45664739884393,3.435114503816794,46.9147582697201,46.9147582697201,46.13,1823
27033,MN,Cottonwood,5.5200000000000005,5.803947,6.7342315,-0.9302846,32.56997455470738,,,30.916030534351147,66.34860050890585,46.78869621066153,42.8117048346056,27.70356234096692,27.70356234096692,46.12,1824
55137,WI,Waushara,9.414285714285715,9.086935,8.90724,0.17969534,51.27226463104325,8.927826449728828,,44.94274809160305,42.90712468193384,44.15542710340399,60.20992366412214,43.25699745547074,43.25699745547074,46.1,1825
19181,IA,Warren,6.077142857142857,6.2666945,6.594545,-0.32785037,59.4147582697201,7.634543178973717,,35.94147582697201,91.73027989821882,65.47848426461144,65.87150127226464,36.10050890585242,36.10050890585242,46.09,1826
47085,TN,Humphreys,10.221428571428572,8.271898,7.73544,0.53645813,10.782442748091604,41.84397163120568,,45.99236641221374,30.279898218829516,44.41233140655106,74.61832061068702,48.25063613231552,48.25063613231552,46.09,1826
21091,KY,Hancock,6.7457142857142856,6.8092117,7.659882,-0.85067,5.120865139949109,15.018773466833544,,48.25063613231552,31.23409669211196,35.2922286448298,34.35114503816794,28.75318066157761,28.75318066157761,46.08,1828
20079,KS,Harvey,6.748571428571429,6.2314615,6.353862,-0.12240035,67.33460559796438,0.0,,38.8676844783715,49.87277353689568,63.77649325626204,78.72137404580153,38.93129770992366,38.93129770992366,46.06,1829
13001,GA,Appling,9.549999999999999,8.358805,7.672487,0.68631786,52.926208651399484,90.90529828952856,,24.04580152671756,76.04961832061069,42.999357739242136,46.43765903307888,50.22264631043257,50.22264631043257,46.03,1830
55053,WI,Jackson,8.487142857142857,7.965346,7.4314866,0.5338594,30.979643765903308,0.0,,54.70737913486005,45.06997455470738,53.371868978805395,51.55852417302798,48.05979643765903,48.05979643765903,46.02,1831
51093,VA,Isle of Wight,6.3185714285714285,6.6189117,6.8023753,-0.18346384,48.44147582697201,82.56153525239883,61.8,36.863867684478365,91.88931297709925,49.743095696852926,32.283715012722645,37.913486005089055,37.913486005089055,45.98,1832
21207,KY,Russell,9.405714285714286,8.625753,9.2398405,-0.61408776,29.834605597964376,49.2282019190655,,35.655216284987276,32.98346055979644,35.195889531149646,64.09033078880407,31.870229007633593,31.870229007633593,45.98,1832
39131,OH,Pike,7.57,7.9872384,7.7909417,0.19629706,24.17302798982188,42.428035043804755,,63.8676844783715,53.81679389312977,68.20809248554913,37.43638676844784,43.12977099236641,43.12977099236641,45.92,1834
46127,SD,Union,6.51,6.6044874,6.8369513,-0.2324636,77.57633587786259,,,47.48727735368957,74.55470737913485,33.84714193962749,69.24300254452926,37.11832061068702,37.11832061068702,45.92,1834
13305,GA,Wayne,7.42,7.8019195,7.4993815,0.30253807,61.73664122137404,88.90279516061744,19.8,30.15267175572519,42.11195928753181,54.65639049454079,52.735368956743,44.62468193384224,44.62468193384224,45.92,1834
54027,WV,Hampshire,7.151428571428572,8.122512,8.286211,-0.16369864,54.93002544529262,65.6654151022111,,62.81806615776081,58.7468193384224,26.750160565189468,20.0381679389313,38.00890585241729,38.00890585241729,45.89,1837
51121,VA,Montgomery,6.905714285714285,7.688958,7.17645,0.5125085,36.959287531806616,57.113057989153106,,63.61323155216285,56.64758269720102,2.408477842003854,23.695928753180663,47.51908396946565,47.51908396946565,45.89,1837
30017,MT,Custer,6.83,7.631874,7.497562,0.1343126,85.36895674300254,,,38.295165394402034,26.94020356234097,38.31085420680797,16.157760814249365,42.14376590330789,42.14376590330789,45.86,1839
27005,MN,Becker,6.5042857142857144,7.4372163,7.6387033,-0.2014872,77.16284987277355,,,52.2264631043257,48.44147582697201,26.332691072575464,56.77480916030534,37.404580152671755,37.404580152671755,45.85,1840
48211,TX,Hemphill,1.2260000000000002,1.7516273,3.439317,-1.6876898,89.79007633587787,22.69503546099291,,3.625954198473282,89.8854961832061,8.766859344894026,51.176844783715005,16.50763358778626,16.50763358778626,45.83,1841
18113,IN,Noble,8.542857142857143,7.9981103,7.7053323,0.29277807,16.603053435114504,30.371297455152273,,48.409669211195926,69.46564885496184,28.48426461143224,74.45928753180662,44.24300254452926,44.24300254452926,45.8,1842
21045,KY,Casey,5.284285714285714,8.24949,8.468582,-0.21909295,17.8117048346056,44.764288694201085,,48.75954198473281,34.4147582697201,28.998073217726393,61.35496183206107,37.05470737913486,37.05470737913486,45.8,1842
20109,KS,Logan,4.7700000000000005,5.7959375,8.1295595,-2.3336215,31.552162849872772,,,6.170483460559796,79.48473282442748,9.184328837508028,26.3676844783715,7.37913486005089,7.37913486005089,45.8,1842
17015,IL,Carroll,5.761428571428572,7.04313,7.1222034,-0.079072915,13.072519083969466,12.05673758865248,,46.46946564885496,84.764631043257,35.966602440590876,55.88422391857505,39.026717557251914,39.026717557251914,45.8,1842
51147,VA,Prince Edward,6.014285714285714,7.506611,8.059402,-0.5527914,12.818066157760812,76.47058823529412,,25.254452926208653,97.55089058524173,36.03082851637765,26.59033078880407,32.37913486005089,32.37913486005089,45.8,1842
1035,AL,Conecuh,3.12,2.6517162,3.2924175,-0.6407014,49.87277353689568,84.89778890279516,,23.505089058524177,46.9147582697201,49.550417469492615,61.036895674300254,31.106870229007633,31.106870229007633,45.78,1847
29185,MO,Saint Clair,9.78,7.4811125,8.503557,-1.0224441,53.14885496183206,20.150187734668336,,35.846055979643765,80.82061068702289,57.00064226075787,36.06870229007634,25.636132315521625,25.636132315521625,45.73,1848
17065,IL,Hamilton,7.283333333333334,6.7712235,7.4245853,-0.653362,1.145038167938931,27.8264497288277,,12.53180661577608,52.735368956743,44.05908798972382,37.30916030534351,30.820610687022903,30.820610687022903,45.73,1848
17039,IL,Dewitt,5.478571428571429,5.1466374,5.901365,-0.7547275,2.099236641221374,19.27409261576971,,30.311704834605596,81.71119592875317,48.1053307642903,44.11577608142493,29.262086513994912,29.262086513994912,45.66,1850
31123,NE,Morrill,2.6239999999999997,3.438376,4.293341,-0.8549653,63.93129770992366,,,16.348600508905854,97.10559796437659,4.945407835581246,25.222646310432573,27.83078880407125,27.83078880407125,45.65,1851
18065,IN,Henry,9.018571428571429,8.255995,7.8970304,0.35896498,9.064885496183203,20.567375886524825,,54.834605597964384,38.99491094147582,26.62170841361593,80.69338422391857,44.81552162849873,44.81552162849873,45.62,1852
40011,OK,Blaine,2.24,4.6316557,5.1491075,-0.51745206,63.136132315521635,21.90237797246558,,17.43002544529262,82.5381679389313,41.07257546563905,51.68575063613231,32.347328244274806,32.347328244274806,45.54,1853
29147,MO,Nodaway,7.1571428571428575,6.7905517,6.3639846,0.42656735,52.989821882951645,0.0,,50.95419847328244,84.54198473282443,57.22543352601156,75.31806615776081,45.578880407124686,45.578880407124686,45.53,1854
21221,KY,Trigg,8.417142857142858,8.209536,7.5821033,0.6274327,12.53180661577608,24.405506883604502,,49.33206106870229,76.65394402035624,51.316634553628774,69.72010178117048,48.409669211195926,48.409669211195926,45.53,1854
47033,TN,Crockett,9.822857142857142,8.929017,7.998427,0.93059033,7.792620865139948,47.14226115978306,,14.058524173027989,60.68702290076335,59.087989723827874,55.152671755725194,52.57633587786259,52.57633587786259,45.49,1856
21021,KY,Boyle,7.824285714285715,7.933213,7.7857985,0.14741455,9.510178117048346,30.99707968293701,,43.19338422391857,19.720101781170484,34.104046242774565,76.39949109414758,41.57124681933841,41.57124681933841,45.48,1857
36121,NY,Wyoming,7.910000000000001,6.5620337,6.433739,0.12829436,13.104325699745548,62.4947851481018,,63.74045801526719,54.99363867684478,15.767501605651896,29.198473282442748,41.25318066157761,41.25318066157761,45.46,1858
22125,LA,West Feliciana,5.051428571428572,6.2650223,6.598987,-0.33396462,37.62722646310432,78.22277847309137,0.0,31.456743002544528,60.43256997455471,53.24341682723186,64.94910941475827,34.73282442748092,34.73282442748092,45.44,1859
21001,KY,Adair,10.258571428571429,8.943901,8.942418,0.0014832361,15.903307888040713,48.26866916979558,,44.49745547073791,38.136132315521635,34.64996788696211,65.7442748091603,39.44020356234097,39.44020356234097,45.44,1859
8103,CO,Rio Blanco,7.201428571428571,7.7385507,7.8628616,-0.1243106,91.63486005089058,,,50.98600508905853,34.66921119592875,2.055234425176621,3.721374045801527,37.595419847328245,37.595419847328245,45.4,1861
8019,CO,Clear Creek,8.472857142857142,8.613093,8.08775,0.52534443,93.9885496183206,,,40.04452926208651,0.0,0.0,18.70229007633588,46.723918575063614,46.723918575063614,45.4,1861
55065,WI,Lafayette,6.3757142857142854,6.9980154,7.4320955,-0.4340801,14.7264631043257,13.391739674593245,,27.25826972010178,45.99236641221374,38.4393063583815,44.56106870229007,33.14249363867685,33.14249363867685,45.35,1863
20121,KS,Miami,7.975714285714285,7.8183494,7.5462823,0.27206776,35.46437659033079,0.0,,46.85114503816794,37.37277353689568,73.41040462427746,67.1119592875318,43.06615776081425,43.06615776081425,45.35,1863
16037,ID,Custer,15.363999999999999,14.194577,13.254425,0.9401518,87.02290076335878,,,57.31552162849872,15.044529262086517,20.520231213872833,2.989821882951654,52.41730279898219,52.41730279898219,45.34,1865
26047,MI,Emmet,9.62857142857143,9.906898,9.982115,-0.07521677,16.189567430025445,12.849395077179809,31.4,53.14885496183206,0.0,20.391779062299292,28.117048346055977,38.136132315521635,38.136132315521635,45.33,1866
23027,ME,Waldo,9.411428571428571,9.079743,8.979197,0.10054704,17.62086513994911,82.81184814351272,58.8,39.599236641221374,54.739185750636125,19.845857418111752,15.298982188295165,40.61704834605598,40.61704834605598,45.33,1866
48031,TX,Blanco,10.114285714285714,8.695722,9.131448,-0.4357264,74.84096692111959,52.27367542761785,,51.43129770992366,82.63358778625954,30.186255619781633,41.98473282442748,33.01526717557252,33.01526717557252,45.3,1868
13147,GA,Hart,9.77142857142857,9.177862,9.440863,-0.26300022,23.18702290076336,73.34167709637046,,43.288804071246815,63.676844783715005,54.72061657032755,51.87659033078881,35.400763358778626,35.400763358778626,45.28,1869
48403,TX,Sabine,8.472857142857142,7.44152,8.646077,-1.2045568,58.61959287531806,73.75886524822694,,32.85623409669211,0.0,55.29865125240848,43.79770992366412,22.105597964376592,22.105597964376592,45.24,1870
12079,FL,Madison,9.85,9.483322,8.88281,0.60051346,63.45419847328244,90.57154776804339,,33.33333333333333,36.354961832061065,44.829800899165065,38.19974554707379,47.4236641221374,47.4236641221374,45.22,1871
1013,AL,Butler,6.761428571428572,7.154654,6.710134,0.4445192,31.075063613231553,85.85732165206508,,36.1323155216285,37.086513994910945,56.1014771997431,67.23918575063614,45.16539440203562,45.16539440203562,45.19,1872
17123,IL,Marshall,5.232857142857142,5.73253,6.5614543,-0.8289239,4.389312977099237,13.975803087192324,,35.11450381679389,82.72900763358777,34.77842003853564,40.394402035623415,27.2264631043257,27.2264631043257,45.16,1873
13091,GA,Dodge,8.531428571428572,7.5194488,7.0972857,0.42216343,60.846055979643765,79.72465581977471,,31.583969465648853,77.735368956743,70.10276172125883,30.279898218829516,44.75190839694657,44.75190839694657,45.14,1874
20171,KS,Scott,5.998571428571428,7.5620093,7.0185046,0.5435048,22.041984732824428,,,12.08651399491094,96.15139949109415,6.968529222864484,38.51781170483461,46.43765903307888,46.43765903307888,45.13,1875
31155,NE,Saunders,7.904285714285714,6.9577513,7.649116,-0.6913648,72.2328244274809,0.0,,32.474554707379134,77.09923664122137,20.456005138086063,59.4147582697201,29.103053435114507,29.103053435114507,45.13,1875
39105,OH,Meigs,8.715714285714286,8.431219,7.420056,1.0111624,8.365139949109416,55.6528994576554,,72.74173027989822,49.363867684478365,66.02440590879898,25.508905852417303,52.958015267175576,52.958015267175576,45.11,1877
48287,TX,Lee,8.368571428571428,8.320596,8.196403,0.124193124,46.46946564885496,72.5907384230288,,21.024173027989825,83.07888040712467,46.628131021194605,56.93384223918575,40.458015267175576,40.458015267175576,45.09,1878
48043,TX,Brewster,5.96,6.7146235,7.971818,-1.2571944,88.67684478371501,28.327075511055487,,33.74681933842239,74.42748091603053,62.6204238921002,15.012722646310433,21.055979643765905,21.055979643765905,45.08,1879
55093,WI,Pierce,7.198571428571428,7.745297,7.4849467,0.2603503,17.84351145038168,,,48.69592875318066,36.45038167938932,35.35645472061657,73.40966921119593,42.33460559796438,42.33460559796438,45.07,1880
18123,IN,Perry,6.617142857142857,7.187726,7.4471674,-0.25944117,5.947837150127226,17.146433041301627,,49.01399491094148,40.80788804071247,47.49518304431599,64.53562340966921,35.01908396946565,35.01908396946565,45.06,1881
18069,IN,Huntington,8.459999999999999,7.7416654,7.765245,-0.0235797,9.605597964376592,29.703796412181894,,48.31424936386768,64.09033078880407,55.266538214515094,67.90712468193384,38.23155216284987,38.23155216284987,45.01,1882
13075,GA,Cook,7.938571428571429,8.141524,8.405871,-0.26434678,45.64249363867685,86.23279098873591,,26.97201017811705,55.75699745547074,38.118175979447656,53.021628498727736,34.82824427480916,34.82824427480916,45.0,1883
26027,MI,Cass,7.988571428571428,8.57321,7.914824,0.65838605,19.020356234096692,31.83145598664998,,55.56615776081425,23.091603053435115,42.2286448298009,64.47201017811705,47.70992366412214,47.70992366412214,44.96,1884
13253,GA,Seminole,5.840000000000001,7.013526,7.651433,-0.63790715,35.973282442748086,85.06466416353776,,29.4529262086514,58.206106870229014,23.731535003211302,40.68066157760814,29.48473282442748,29.48473282442748,44.95,1885
26035,MI,Clare,9.428571428571429,8.935729,8.29283,0.64289844,42.74809160305343,21.485189820609097,,50.06361323155216,0.0,26.011560693641616,58.0470737913486,47.45547073791349,47.45547073791349,44.94,1886
13013,GA,Barrow,11.37857142857143,10.339554,9.825164,0.5143897,19.59287531806616,48.06007509386733,,58.07888040712468,0.0,54.81695568400771,66.38040712468194,45.61068702290076,45.61068702290076,44.92,1887
13289,GA,Twiggs,1.9400000000000002,3.6819103,5.8072143,-2.1253042,58.17430025445292,60.075093867334175,,13.676844783715012,71.4058524173028,70.55234425176621,25.667938931297712,8.492366412213741,8.492366412213741,44.89,1888
42047,PA,Elk,5.9314285714285715,6.2444863,5.747834,0.49665144,5.852417302798982,63.7046307884856,,67.970737913486,0.0,7.867694283879255,18.09796437659033,45.19720101781171,45.19720101781171,44.84,1889
51199,VA,York,5.195714285714287,6.302057,5.844445,0.45761165,55.916030534351144,81.68544013350021,57.4,57.91984732824428,36.73664122137404,51.95889531149647,42.36641221374045,44.65648854961832,44.65648854961832,44.84,1889
13081,GA,Crisp,7.008571428571428,6.108139,5.102188,1.0059509,61.06870229007634,80.39215686274511,,56.6793893129771,88.89949109414758,58.83108542068079,74.17302798982189,52.29007633587786,52.29007633587786,44.81,1891
17129,IL,Menard,4.58,5.600532,6.2679935,-0.6674613,3.594147582697201,16.520650813516895,,29.357506361323153,78.5941475826972,60.05138086062941,53.18066157760815,28.68956743002545,28.68956743002545,44.76,1892
8125,CO,Yuma,7.098571428571428,7.0824523,7.1632843,-0.08083204,60.17811704834607,,,12.94529262086514,51.335877862595424,6.069364161849711,45.32442748091603,36.80025445292621,36.80025445292621,44.69,1893
47143,TN,Rhea,9.922857142857143,9.511733,8.709584,0.8021479,48.2824427480916,46.55819774718398,,62.72264631043257,39.56743002544529,28.355812459858704,56.45674300254453,49.17302798982188,49.17302798982188,44.68,1894
45039,SC,Fairfield,7.034285714285715,6.6912613,6.480476,0.21078566,45.896946564885496,75.30246141009596,,42.589058524173026,27.544529262086513,69.33204881181759,70.51526717557252,40.80788804071247,40.80788804071247,44.65,1895
8014,CO,Broomfield,6.904285714285714,7.4061074,7.628582,-0.22247513,72.36005089058524,,,33.078880407124686,15.108142493638676,30.50738599871548,61.927480916030525,34.70101781170484,34.70101781170484,44.64,1896
19109,IA,Kossuth,4.195714285714286,5.420833,5.8120565,-0.39122343,13.295165394402035,,,26.685750636132315,93.89312977099237,10.14771997430957,61.1323155216285,32.25190839694657,32.25190839694657,44.6,1897
19011,IA,Benton,5.909999999999999,6.2541733,6.8866854,-0.63251203,36.38676844783715,11.80642469753859,,40.33078880407125,82.91984732824427,17.533718689788053,43.57506361323155,28.816793893129773,28.816793893129773,44.57,1898
51109,VA,Louisa,7.711428571428571,7.838607,8.225192,-0.3865854,22.709923664122137,79.84981226533166,,38.48600508905852,68.22519083969466,41.61849710982659,33.30152671755725,32.1882951653944,32.1882951653944,44.53,1899
26109,MI,Menominee,8.572857142857142,7.894971,7.405578,0.4893926,33.33333333333333,0.0,37.6,44.75190839694657,18.924936386768447,14.771997430956969,31.424936386768447,44.43384223918575,44.43384223918575,44.51,1900
8063,CO,Kit Carson,7.664285714285714,7.4457946,7.8061643,-0.36036927,42.43002544529262,,,20.29262086513995,37.24554707379134,5.394990366088632,57.50636132315522,32.474554707379134,32.474554707379134,44.49,1901
31137,NE,Phelps,7.33,6.4945617,6.3756604,0.118901186,7.856234096692112,,,17.016539440203562,91.793893129771,23.57096981374438,45.00636132315521,39.153944020356235,39.153944020356235,44.47,1902
1075,AL,Lamar,6.441666666666666,7.9945474,8.429545,-0.43499812,24.713740458015273,61.82728410513142,,31.647582697201017,37.849872773536894,50.32113037893384,61.768447837150134,31.393129770992367,31.393129770992367,44.47,1902
20113,KS,McPherson,4.884285714285714,6.001798,5.877513,0.124285765,67.36641221374046,0.0,,33.20610687022901,28.68956743002545,60.5009633911368,77.09923664122137,39.2175572519084,39.2175572519084,44.46,1904
20051,KS,Ellis,4.687142857142858,5.9096246,6.2484756,-0.33885163,60.68702290076335,,,34.44656488549619,60.909669211195926,16.955684007707127,57.63358778625955,32.69720101781171,32.69720101781171,44.45,1905
54073,WV,Pleasants,1.408,3.2274833,4.45007,-1.2225864,3.657760814249364,43.012098456403834,,50.03180661577608,25.318066157760818,19.717405266538215,12.404580152671755,20.260814249363868,20.260814249363868,44.44,1906
18147,IN,Spencer,7.8100000000000005,7.0549426,6.9102063,0.14473636,29.357506361323153,25.19816437213183,,45.45165394402035,61.036895674300254,54.68850353243416,55.534351145038165,39.408396946564885,39.408396946564885,44.41,1907
38077,ND,Richland,5.8100000000000005,6.1601653,6.30796,-0.14779416,53.975826972010175,,,29.48473282442748,16.189567430025445,23.63519588953115,49.61832061068702,35.30534351145038,35.30534351145038,44.41,1907
1065,AL,Hale,7.677142857142857,7.197416,7.073931,0.12348502,25.572519083969464,68.6691697955778,,41.79389312977099,38.19974554707379,58.92742453436095,68.22519083969466,39.090330788804074,39.090330788804074,44.4,1909
19043,IA,Clayton,7.007142857142857,6.607238,6.258619,0.34861895,12.340966921119591,14.893617021276595,,58.01526717557252,64.34478371501272,42.6461143224149,53.975826972010175,42.20737913486005,42.20737913486005,44.38,1910
47021,TN,Cheatham,9.338571428571429,9.455358,8.816912,0.6384459,14.790076335877863,17.521902377972467,,54.48473282442748,32.63358778625955,45.92164418754014,66.98473282442748,46.278625954198475,46.278625954198475,44.38,1910
39073,OH,Hocking,9.292857142857143,7.806909,7.094947,0.7119628,12.690839694656487,15.43596161869003,,68.8295165394402,32.474554707379134,48.298008991650605,33.778625954198475,47.29643765903308,47.29643765903308,44.37,1912
39027,OH,Clinton,8.8,7.982997,8.216109,-0.23311193,8.93765903307888,35.33583646224447,,44.65648854961832,67.4618320610687,59.76236351958896,55.50254452926209,34.00127226463104,34.00127226463104,44.36,1913
46047,SD,Fall River,10.352857142857143,8.435518,8.888268,-0.45274982,93.76590330788805,,,41.539440203562336,28.33969465648855,13.423249839434812,29.580152671755727,30.916030534351147,30.916030534351147,44.36,1913
30071,MT,Phillips,5.518571428571428,5.9516635,6.14608,-0.19441645,67.74809160305344,,,39.75826972010178,27.89440203562341,20.648683365446367,7.760814249363868,34.51017811704835,34.51017811704835,44.34,1915
46027,SD,Clay,7.047142857142857,7.208363,8.403835,-1.1954721,41.698473282442755,,,28.65776081424936,72.55089058524173,30.08991650610148,60.17811704834607,20.451653944020357,20.451653944020357,44.34,1915
17053,IL,Ford,6.235714285714287,5.6963773,6.4814343,-0.78505677,1.78117048346056,15.185648727576137,,35.591603053435115,54.198473282442755,31.34232498394348,44.052162849872765,26.208651399491096,26.208651399491096,44.34,1915
48305,TX,Lynn,6.1499999999999995,7.1814785,8.19391,-1.0124313,56.8384223918575,23.23738005840634,,4.516539440203562,94.02035623409668,15.992292870905588,36.959287531806616,22.99618320610687,22.99618320610687,44.33,1918
51580,VA,Covington City,4.824,5.2956195,7.2551727,-1.9595535,0.159033078880407,43.92991239048811,,23.568702290076335,0.0,2.954399486191394,5.375318066157761,9.669211195928751,9.669211195928751,44.31,1919
39039,OH,Defiance,7.728571428571429,7.5130157,7.1764026,0.33661374,6.902035623409669,27.033792240300375,,59.35114503816794,27.576335877862597,27.42453436095055,63.70865139949109,41.88931297709924,41.88931297709924,44.3,1920
19105,IA,Jones,5.927142857142856,6.3944445,6.7145305,-0.3200856,27.353689567430024,9.094701710471425,,46.4058524173028,76.39949109414758,24.43802183686577,50.95419847328244,32.66539440203562,32.66539440203562,44.3,1920
51067,VA,Franklin,7.8028571428571425,8.142352,7.743539,0.39881352,38.136132315521635,69.21151439299123,,62.150127226463106,67.30279898218829,25.40141297366731,17.87531806615776,42.716284987277355,42.716284987277355,44.28,1922
40005,OK,Atoka,6.533333333333334,7.3121266,7.7892756,-0.47714853,84.4147582697201,35.75302461410096,,20.5470737913486,68.4796437659033,64.90044958253051,49.74554707379134,30.407124681933844,30.407124681933844,44.28,1922
18175,IN,Washington,7.832857142857143,8.582163,8.303686,0.27847722,10.750636132315522,20.90112640801001,,47.36005089058524,55.94783715012722,44.70134874759152,77.29007633587787,40.93511450381679,40.93511450381679,44.24,1924
29039,MO,Cedar,9.782857142857143,8.093923,8.876907,-0.78298485,49.395674300254456,21.61034626616604,,24.745547073791354,59.478371501272264,67.50160565189466,63.295165394402034,26.049618320610683,26.049618320610683,44.24,1924
48065,TX,Carson,6.251428571428572,6.4114256,7.2530055,-0.8415799,86.86386768447836,0.0,,3.594147582697201,97.80534351145039,10.436737315350031,40.839694656488554,25.222646310432573,25.222646310432573,44.24,1924
24035,MD,Queen Annes,6.601428571428571,6.466664,6.561579,-0.09491505,59.605597964376585,78.5148101793909,67.2,34.160305343511446,92.49363867684478,57.996146435452786,33.20610687022901,35.6234096692112,35.6234096692112,44.2,1927
19157,IA,Poweshiek,5.577142857142857,6.550496,6.952363,-0.4018667,46.0559796437659,11.722987067167292,,20.260814249363868,95.26081424936386,48.65125240847784,59.764631043257,31.26590330788804,31.26590330788804,44.18,1928
8105,CO,Rio Grande,9.35,9.40004,8.764766,0.6352734,63.61323155216285,,,54.93002544529262,92.36641221374046,15.189466923570972,13.8676844783715,45.76972010178117,45.76972010178117,44.15,1929
1041,AL,Crenshaw,3.565714285714286,7.3299546,7.50431,-0.17435591,25.159033078880405,84.56403838130997,,33.587786259541986,36.38676844783715,48.426461143224145,63.19974554707379,34.38295165394402,34.38295165394402,44.14,1930
1131,AL,Wilcox,0.27600000000000013,3.7173958,3.7235508,-0.006155157,45.70610687022901,76.42886942010847,,53.0852417302799,36.323155216284995,44.79768786127168,54.07124681933843,36.704834605597966,36.704834605597966,44.12,1931
46067,SD,Hutchinson,9.13,7.9673953,7.1707788,0.79661685,68.95674300254453,,,35.24173027989822,98.2824427480916,24.53436095054592,65.07633587786259,47.93256997455471,47.93256997455471,44.1,1932
21065,KY,Estill,9.335714285714285,8.399345,8.037055,0.36229008,44.65648854961832,28.076762619941594,,63.899491094147585,17.17557251908397,34.74630700064226,37.75445292620866,41.79389312977099,41.79389312977099,44.08,1933
27089,MN,Marshall,4.472857142857142,5.4662213,6.3995705,-0.93334895,85.08269720101781,,,29.198473282442748,87.08651399491094,12.459858702633268,19.052162849872772,23.568702290076335,23.568702290076335,44.06,1934
29041,MO,Chariton,6.1739999999999995,4.3649535,4.8761826,-0.51122874,48.18702290076336,21.3183145598665,,44.14758269720102,73.02798982188295,63.070006422607584,50.636132315521635,29.42111959287532,29.42111959287532,44.02,1935
48133,TX,Eastland,9.268571428571429,8.145884,7.819091,0.32679254,88.07251908396947,46.76679182311222,,43.161577608142494,60.08269720101781,49.22928709055876,65.2671755725191,41.157760814249365,41.157760814249365,44.01,1936
13241,GA,Rabun,11.111428571428572,9.8995905,9.278494,0.6210968,64.05852417302799,61.57697121401752,,58.11068702290076,33.61959287531807,2.280025690430315,45.19720101781171,45.29262086513995,45.29262086513995,44.01,1936
19023,IA,Butler,5.885714285714286,5.4781365,6.1491423,-0.67100555,22.423664122137403,10.012515644555696,,37.213740458015266,88.54961832061069,12.8131021194605,48.2824427480916,27.099236641221378,27.099236641221378,43.98,1938
27023,MN,Chippewa,7.711428571428572,6.699369,6.665438,0.033931527,34.66921119592875,,,46.342239185750635,62.43638676844784,71.06615285806038,43.416030534351144,36.99109414758271,36.99109414758271,43.98,1938
22091,LA,Saint Helena,7.69,7.4959755,7.507318,-0.011342485,53.30788804071247,79.59949937421777,,34.95547073791349,85.90966921119593,54.46371226718048,69.17938931297711,36.291348600508904,36.291348600508904,43.95,1940
18029,IN,Dearborn,8.211428571428572,8.323637,7.697858,0.6257785,12.27735368956743,8.260325406758447,,52.57633587786259,25.986005089058523,35.80603725112395,75.47709923664122,45.229007633587784,45.229007633587784,43.94,1941
5113,AR,Polk,9.035714285714286,7.806235,7.116114,0.6901203,82.44274809160305,45.8072590738423,,53.37150127226463,0.0,68.43288375080283,63.48600508905853,46.11959287531807,46.11959287531807,43.94,1941
22027,LA,Claiborne,2.75,5.5592403,5.1805296,0.37871072,28.62595419847328,69.54526491447642,,35.20992366412214,47.23282442748092,73.0892742453436,62.97709923664122,41.73027989821883,41.73027989821883,43.93,1943
38021,ND,Dickey,3.36,3.804885,5.266727,-1.4618422,55.97964376590331,,,6.456743002544529,26.240458015267176,14.097623635195887,24.84096692111959,15.839694656488549,15.839694656488549,43.9,1944
47029,TN,Cocke,9.755714285714285,9.749711,8.457093,1.2926188,61.768447837150134,36.2119315811431,,68.4796437659033,51.94020356234097,18.143866409762364,50.22264631043257,54.51653944020356,54.51653944020356,43.9,1944
19131,IA,Mitchell,6.572857142857143,6.2396674,6.1401258,0.0995416,11.736641221374049,0.0,,36.16412213740458,90.29898218829517,16.15285806037251,47.67811704834607,37.69083969465649,37.69083969465649,43.87,1946
51135,VA,Nottoway,5.942857142857143,6.941204,7.462991,-0.52178705,8.778625954198473,78.89027951606174,,12.754452926208652,97.16921119592877,35.51701991008349,24.427480916030532,28.975826972010175,28.975826972010175,43.87,1946
36079,NY,Putnam,6.797142857142857,6.7902017,6.5386815,0.2515196,19.65648854961832,73.21652065081352,40.6,57.44274809160306,19.083969465648856,47.591522157996145,29.802798982188293,39.82188295165393,39.82188295165393,43.87,1946
13213,GA,Murray,8.588571428571429,9.653182,8.569134,1.0840482,53.276081424936386,52.77430120984564,,49.55470737913486,42.239185750636125,28.96596017983301,77.735368956743,51.463104325699746,51.463104325699746,43.84,1949
39051,OH,Fulton,6.824285714285714,7.218223,7.4097056,-0.19148251,8.142493638676845,28.70254484772633,,41.73027989821883,75.47709923664122,35.00321130378934,66.92111959287533,33.5559796437659,33.5559796437659,43.84,1949
19147,IA,Palo Alto,5.2457142857142856,5.4640512,6.932397,-1.4683456,10.973282442748092,,,8.969465648854962,82.98346055979644,10.01926782273603,38.77226463104326,15.458015267175574,15.458015267175574,43.76,1951
5011,AR,Bradley,6.228333333333334,4.68132,5.057531,-0.37621054,27.449109414758272,54.44305381727159,,24.491094147582697,54.61195928753181,85.13166345536288,53.30788804071247,30.756997455470735,30.756997455470735,43.74,1952
21239,KY,Woodford,8.11,7.3630548,7.0766554,0.2863994,7.697201017811704,33.83395911556112,,47.96437659033079,21.43765903307888,28.644829800899164,73.18702290076337,40.01272264631043,40.01272264631043,43.72,1953
21113,KY,Jessamine,8.285714285714286,8.297687,8.023081,0.27460656,6.743002544529262,40.42553191489361,,42.33460559796438,17.302798982188293,41.32947976878613,69.27480916030534,39.79007633587786,39.79007633587786,43.69,1954
21027,KY,Breckinridge,6.3428571428571425,8.010583,7.751729,0.25885376,10.496183206106872,30.83020442219441,,49.04580152671756,37.659033078880405,47.17405266538214,62.849872773536894,39.53562340966921,39.53562340966921,43.67,1955
19121,IA,Madison,7.017142857142857,6.517758,6.5424805,-0.024722338,59.92366412213741,8.594075928243639,,36.57760814249364,95.0063613231552,51.73410404624278,54.93002544529262,35.52798982188295,35.52798982188295,43.66,1956
51027,VA,Buchanan,3.0249999999999995,9.03637,7.9849787,1.0513916,72.04198473282443,46.09929078014184,,70.19720101781171,0.0,11.17533718689788,9.923664122137405,50.604325699745544,50.604325699745544,43.64,1957
39171,OH,Williams,7.2542857142857144,7.654159,7.042226,0.61193275,12.08651399491094,31.91489361702128,,51.84478371501272,45.16539440203562,33.78291586384072,74.36386768447836,44.40203562340967,44.40203562340967,43.62,1958
48315,TX,Marion,6.742,6.604196,7.069537,-0.46534148,51.08142493638677,51.689612015018774,,26.017811704834603,72.48727735368958,62.23506743737958,54.007633587786266,29.166666666666668,29.166666666666668,43.57,1959
21069,KY,Fleming,9.17,10.190264,10.5258255,-0.33556253,22.55089058524173,37.25490196078432,,47.073791348600516,29.51653944020356,39.37058445728966,54.230279898218825,30.979643765903308,30.979643765903308,43.56,1960
55037,WI,Florence,7.057142857142857,7.9149547,6.592482,1.3224725,8.619592875318066,0.0,,10.973282442748092,13.231552162849871,4.688503532434169,11.005089058524172,54.198473282442755,54.198473282442755,43.53,1961
21217,KY,Taylor,9.465714285714286,7.9622245,7.7428803,0.2193444,7.729007633587787,37.546933667083856,,40.61704834605598,31.99745547073791,38.88888888888889,68.89312977099237,38.708651399491096,38.708651399491096,43.53,1961
30001,MT,Beaverhead,8.877142857142857,9.437366,8.911549,0.52581674,84.31933842239185,,,36.323155216284995,39.090330788804074,5.009633911368015,6.806615776081425,42.87531806615776,42.87531806615776,43.46,1963
54029,WV,Hancock,6.932857142857143,5.9131813,5.5410867,0.37209502,16.50763358778626,51.31414267834794,,66.31679389312977,0.0,27.1034039820167,22.964376590330794,40.68066157760814,40.68066157760814,43.45,1964
47111,TN,Macon,10.414285714285715,9.252848,9.316179,-0.06333154,12.02290076335878,25.53191489361702,,31.23409669211196,62.786259541984734,43.4810533076429,68.92493638676844,34.57379134860051,34.57379134860051,43.45,1964
1111,AL,Randolph,6.95,6.7105346,7.056221,-0.34568647,63.77226463104325,71.9232373800584,,41.98473282442748,42.461832061068705,45.3757225433526,62.59541984732826,30.59796437659033,30.59796437659033,43.44,1966
27129,MN,Renville,7.2,6.1773744,5.960505,0.21686938,15.426208651399492,,,39.44020356234097,79.23027989821882,57.86769428387927,51.526717557251914,38.45419847328244,38.45419847328244,43.42,1967
13157,GA,Jackson,10.472857142857142,9.657446,9.186879,0.47056606,28.78498727735369,65.20650813516896,,47.4236641221374,59.12849872773537,46.499678869621064,69.37022900763358,41.921119592875314,41.921119592875314,43.37,1968
37007,NC,Anson,10.957142857142857,7.967155,6.9168134,1.0503415,58.460559796437664,82.85356695869838,,51.27226463104325,50.92239185750637,48.07321772639692,71.94656488549617,50.0,50.0,43.34,1969
22123,LA,West Carroll,5.815,6.007787,7.4197755,-1.4119889,23.66412213740458,62.828535669586984,,9.001272264631044,87.78625954198473,58.67052023121387,42.14376590330789,15.394402035623408,15.394402035623408,43.33,1970
16031,ID,Cassia,9.734285714285715,9.2020035,8.604602,0.5974016,94.6882951653944,,,52.735368956743,25.19083969465649,56.64739884393064,9.82824427480916,43.57506361323155,43.57506361323155,43.31,1971
30035,MT,Glacier,11.825714285714286,13.065292,11.902636,1.1626562,85.2735368956743,,,45.48346055979644,36.80025445292621,16.666666666666664,3.657760814249364,51.49491094147582,51.49491094147582,43.3,1972
12059,FL,Holmes,10.315714285714288,10.161046,9.14597,1.015075,32.220101781170484,91.48936170212765,0.0,26.463104325699742,44.62468193384224,41.971740526653825,52.989821882951645,49.42748091603055,49.42748091603055,43.3,1972
29081,MO,Harrison,9.292857142857143,8.388983,8.802573,-0.41359097,60.05089058524173,11.180642469753858,,28.053435114503817,90.64885496183204,66.6024405908799,58.14249363867684,29.325699745547073,29.325699745547073,43.28,1974
19133,IA,Monona,5.694285714285714,5.4571657,6.170678,-0.71351236,63.48600508905853,0.0,,25.03180661577608,89.34478371501272,31.69556840077071,57.95165394402035,25.095419847328245,25.095419847328245,43.27,1975
18099,IN,Marshall,7.658571428571428,7.8313756,7.3678465,0.46352962,6.71119592875318,31.66458072590738,,44.910941475826974,53.62595419847328,44.02697495183045,66.2849872773537,41.603053435114504,41.603053435114504,43.26,1976
13193,GA,Macon,10.644285714285713,4.12867,4.341339,-0.212669,43.225190839694655,80.26700041718814,,32.95165394402035,92.04834605597965,53.46820809248555,34.57379134860051,32.092875318066156,32.092875318066156,43.26,1976
42031,PA,Clarion,5.782857142857142,5.992931,6.350473,-0.3575421,16.316793893129773,63.41259908218606,,52.19465648854962,0.0,12.331406551059732,28.78498727735369,30.025445292620866,30.025445292620866,43.24,1978
47063,TN,Hamblen,10.271428571428572,9.848841,8.990157,0.8586845,40.20356234096692,39.92490613266583,,54.61195928753181,31.393129770992367,22.992935131663454,61.38676844783715,47.105597964376585,47.105597964376585,43.24,1978
50019,VT,Orleans,8.89,8.952729,8.825476,0.12725298,18.893129770992367,67.25073007926575,,60.68702290076335,0.0,25.369299935773924,11.100508905852417,36.83206106870229,36.83206106870229,43.24,1978
51025,VA,Brunswick,7.922857142857143,7.3446455,7.8368154,-0.49217004,21.501272264631044,79.89153108051731,,28.78498727735369,95.06997455470739,38.631984585741804,23.02798982188295,28.117048346055977,28.117048346055977,43.23,1981
53069,WA,Wahkiakum,9.838571428571429,10.09196,11.210848,-1.1188884,12.213740458015266,,70.39999999999999,17.557251908396946,0.0,39.884393063583815,3.944020356234097,19.274809160305345,19.274809160305345,43.21,1982
20133,KS,Neosho,4.775714285714286,6.2814994,6.458503,-0.1770026,21.055979643765905,24.32206925323321,,39.885496183206115,69.94274809160305,59.023763648041104,64.56743002544529,32.50636132315521,32.50636132315521,43.21,1982
51159,VA,Richmond,4.857142857142857,4.916934,6.6624765,-1.7455425,4.134860050890586,79.47434292866082,48.2,7.15648854961832,83.9058524173028,25.979447655748235,20.29262086513995,10.432569974554708,10.432569974554708,43.19,1984
28139,MS,Tippah,8.994285714285715,8.994933,8.36519,0.6297439,51.04961832061069,59.19899874843555,,25.986005089058523,46.11959287531807,66.08863198458575,78.56234096692113,43.79770992366412,43.79770992366412,43.19,1984
19117,IA,Lucas,8.178571428571429,6.685975,7.061707,-0.375732,54.58015267175572,7.968293700458908,,22.678117048346056,94.37022900763358,54.94540783558125,57.283715012722645,29.67557251908397,29.67557251908397,43.19,1984
48035,TX,Bosque,8.69,8.98049,8.836805,0.14368436,84.82824427480917,53.60867751355861,,40.29898218829516,42.14376590330789,56.422607578676946,71.37404580152672,36.895674300254456,36.895674300254456,43.16,1987
31011,NE,Boone,7.361428571428571,7.131569,6.528833,0.60273606,43.09796437659033,,,32.029262086513995,90.42620865139949,21.19460500963391,51.972010178117046,43.35241730279898,43.35241730279898,43.16,1987
8003,CO,Alamosa,8.528571428571428,7.5868254,7.195828,0.3909972,62.27735368956743,,,43.734096692111954,91.28498727735368,15.157353885677583,16.603053435114504,40.36259541984733,40.36259541984733,43.15,1989
37187,NC,Washington,8.91,8.764469,6.998243,1.7662258,47.23282442748092,93.78389653733832,47.2,20.769720101781168,36.92748091603055,53.85356454720617,41.57124681933841,59.63740458015267,59.63740458015267,43.14,1990
27095,MN,Mille Lacs,7.711428571428572,8.662421,9.11089,-0.44846883,65.80788804071247,,,46.21501272264631,39.12213740458015,28.580603725112397,30.820610687022903,28.498727735368956,28.498727735368956,43.11,1991
39107,OH,Mercer,7.012857142857143,7.317037,7.53884,-0.22180213,6.456743002544529,38.92365456821027,,42.08015267175573,0.0,17.37315350032113,67.04834605597965,31.647582697201017,31.647582697201017,43.1,1992
19087,IA,Henry,5.411428571428572,6.2232814,6.502144,-0.2788624,47.93256997455471,16.14518147684606,,26.717557251908396,78.30788804071247,80.95696852922286,48.536895674300254,30.852417302798983,30.852417302798983,43.1,1992
55107,WI,Rusk,9.712857142857143,8.84894,8.668595,0.18034574,6.615776081424936,0.0,,44.6882951653944,34.79643765903308,28.901734104046245,34.4147582697201,37.27735368956743,37.27735368956743,43.09,1994
46045,SD,Edmunds,4.72,3.104457,5.0835524,-1.9790951,69.17938931297711,,,8.015267175572518,47.614503816793885,12.299293513166344,23.123409669211195,6.965648854961833,6.965648854961833,43.09,1994
48313,TX,Madison,9.185714285714285,8.019285,8.005986,0.013299091,47.837150127226465,79.09887359198999,,23.823155216284988,79.32569974554707,40.46242774566474,55.43893129770993,34.891857506361326,34.891857506361326,43.07,1996
48069,TX,Castro,9.846,10.135982,10.155237,-0.0192554,73.79134860050891,0.0,,11.227735368956743,94.27480916030532,18.689788053949904,53.9440203562341,34.4147582697201,34.4147582697201,43.06,1997
33019,NH,Sullivan,11.219999999999999,9.068671,8.862535,0.20613602,13.740458015267176,67.0421360033375,,60.62340966921119,0.0,44.540783558124595,22.709923664122137,37.56361323155216,37.56361323155216,43.05,1998
29059,MO,Dallas,9.704285714285716,8.37984,7.8796244,0.5002157,73.53689567430025,16.020025031289112,,37.94529262086514,60.36895674300254,71.51573538856776,60.36895674300254,41.698473282442755,41.698473282442755,43.05,1998
20189,KS,Stevens,4.677142857142856,5.521942,5.138833,0.38310903,74.58651399491094,,,5.057251908396947,99.17302798982189,4.078355812459859,41.03053435114504,40.04452926208651,40.04452926208651,43.05,1998
21095,KY,Harlan,6.8725000000000005,4.7243767,2.5097384,2.2146382,69.81552162849873,42.5531914893617,,79.86641221374046,0.0,39.691714836223504,39.47201017811705,65.7442748091603,65.7442748091603,43.04,2001
20067,KS,Grant,3.6457142857142855,4.531091,6.032921,-1.5018295,51.11323155216285,,,3.11704834605598,95.19720101781171,3.40398201669878,30.15267175572519,13.549618320610689,13.549618320610689,43.03,2002
13311,GA,White,10.258571428571429,8.906944,8.113918,0.7930261,50.92239185750637,58.32290362953693,,46.18320610687023,41.79389312977099,13.904945407835582,61.323155216284995,45.73791348600509,45.73791348600509,43.02,2003
26069,MI,Iosco,9.648571428571428,9.799642,9.572769,0.22687162,60.71882951653944,40.05006257822278,41.4,52.926208651399484,0.0,19.91008349389852,36.67302798982188,37.75445292620866,37.75445292620866,43.0,2004
21017,KY,Bourbon,7.7,7.27949,6.936522,0.34296829,4.484732824427481,42.67834793491865,,53.78498727735369,29.993638676844785,36.833654463712264,59.00127226463104,39.3765903307888,39.3765903307888,43.0,2004
16043,ID,Fremont,13.309999999999999,11.214647,10.950808,0.26384,87.08651399491094,,,41.412213740458014,19.274809160305345,29.447655748233785,6.774809160305344,38.26335877862596,38.26335877862596,42.99,2006
8085,CO,Montrose,9.05857142857143,10.2000065,9.169702,1.0303061,78.56234096692113,,,67.43002544529261,58.42875318066157,15.703275529865124,8.9058524173028,49.01399491094148,49.01399491094148,42.99,2006
24029,MD,Kent,7.542857142857143,6.835374,7.3346496,-0.49927574,25.44529262086514,80.80934501460159,60.0,16.28498727735369,93.00254452926208,53.62877328195247,23.505089058524177,27.512722646310433,27.512722646310433,42.98,2008
55007,WI,Bayfield,9.60142857142857,9.041044,9.001819,0.039225068,17.4618320610687,0.0,24.4,33.460559796437664,21.914758269720103,31.3102119460501,16.030534351145036,35.08269720101781,35.08269720101781,42.98,2008
19097,IA,Jackson,6.464285714285714,5.8725433,5.7610903,0.11145266,35.718829516539444,10.80517313308302,,43.320610687022906,78.46692111959288,35.64547206165704,54.770992366412216,36.06870229007634,36.06870229007634,42.97,2010
56007,WY,Carbon,3.9285714285714284,6.041374,5.4555054,0.585869,81.90203562340967,,,50.349872773536894,20.48346055979644,0.0,8.619592875318066,42.68447837150127,42.68447837150127,42.94,2011
20069,KS,Gray,4.698,5.510105,5.3479505,0.16215463,39.05852417302799,,,10.209923664122138,97.13740458015269,7.193320488118175,45.038167938931295,36.73664122137404,36.73664122137404,42.94,2011
51195,VA,Wise,6.619999999999999,7.278184,6.1378694,1.1403149,84.2557251908397,48.685857321652065,,66.2531806615776,30.59796437659033,0.0,21.596692111959285,50.413486005089055,50.413486005089055,42.92,2013
16073,ID,Owyhee,13.14,12.094442,11.402194,0.69224745,95.80152671755725,,,58.71501272264631,20.0381679389313,48.20166987797045,6.23409669211196,44.11577608142493,44.11577608142493,42.91,2014
21167,KY,Mercer,9.347142857142856,8.425366,7.923648,0.5017179,11.005089058524172,33.29161451814768,,53.30788804071247,28.021628498727736,26.814386640976235,69.11577608142494,41.412213740458014,41.412213740458014,42.9,2015
38053,ND,McKenzie,5.54,8.168355,8.828734,-0.66037935,77.35368956743001,,,15.298982188295165,31.043256997455472,19.267822736030833,33.14249363867685,25.03180661577608,25.03180661577608,42.87,2016
48503,TX,Young,10.28857142857143,8.373532,8.227601,0.14593138,90.10814249363868,41.92740926157697,,34.891857506361326,92.33460559796438,59.82658959537572,49.80916030534351,36.354961832061065,36.354961832061065,42.87,2016
53075,WA,Whitman,8.43,8.440764,8.051657,0.38910857,68.25699745547074,,,58.842239185750635,19.974554707379134,60.75786769428389,10.432569974554708,39.75826972010178,39.75826972010178,42.86,2018
28013,MS,Calhoun,5.202,5.931222,6.399005,-0.46778288,26.3676844783715,63.57947434292866,,25.349872773536894,75.85877862595419,66.76300578034682,49.363867684478365,27.67175572519084,27.67175572519084,42.83,2019
8007,CO,Archuleta,10.620000000000001,10.484337,10.465781,0.018555403,94.46564885496184,,,51.653944020356235,30.852417302798983,3.307642903018625,9.637404580152673,34.478371501272264,34.478371501272264,42.82,2020
28145,MS,Union,7.888571428571429,8.440544,7.773893,0.6666508,47.264631043257,61.99415936587402,,38.104325699745544,45.38804071246819,72.09377007064869,47.36005089058524,43.51145038167939,43.51145038167939,42.79,2021
13255,GA,Spalding,10.324285714285713,9.706771,9.223432,0.48333928,37.913486005089055,56.32040050062577,,54.07124681933843,48.6323155216285,55.33076429030186,62.24554707379135,40.87150127226463,40.87150127226463,42.76,2022
31095,NE,Jefferson,7.384285714285714,7.7430353,8.4522505,-0.70921546,72.96437659033079,0.0,,25.0,66.22137404580153,32.01669877970456,50.47709923664122,24.10941475826972,24.10941475826972,42.75,2023
18055,IN,Greene,8.358571428571429,8.255411,7.65451,0.60090077,8.396946564885496,25.698790154359617,,52.035623409669206,57.31552162849872,59.6660244059088,63.45419847328244,42.49363867684479,42.49363867684479,42.74,2024
5019,AR,Clark,6.404285714285714,6.240382,5.737127,0.5032551,31.01145038167939,50.98039215686274,,38.136132315521635,47.646310432569976,67.79062299293514,68.38422391857506,41.0941475826972,41.0941475826972,42.73,2025
19009,IA,Audubon,6.675714285714286,8.964473,8.634643,0.32983062,33.36513994910941,15.10221109720484,,19.783715012722645,97.83715012722645,36.60886319845858,59.66921119592875,38.581424936386775,38.581424936386775,42.69,2026
55129,WI,Washburn,8.344285714285714,9.389054,9.469496,-0.08044161,39.47201017811705,,,32.538167938931295,28.56234096692112,32.62684649967887,35.52798982188295,32.76081424936387,32.76081424936387,42.66,2027
28147,MS,Walthall,3.914285714285714,7.213662,7.80497,-0.5913076,66.66666666666666,79.55778055903212,,26.304071246819337,51.7175572519084,51.79833012202955,36.10050890585242,25.540712468193384,25.540712468193384,42.63,2028
19035,IA,Cherokee,6.434285714285714,5.5584016,5.536196,0.02220537,24.459287531806613,,,39.05852417302799,80.34351145038168,27.809890815671164,60.75063613231551,34.12849872773537,34.12849872773537,42.62,2029
47081,TN,Hickman,11.417142857142858,8.918676,7.9677362,0.9509396,11.959287531806616,29.49520233625365,,46.78753180661578,36.036895674300254,43.67373153500321,82.1882951653944,47.16921119592875,47.16921119592875,42.62,2029
39059,OH,Guernsey,6.402857142857143,7.452693,7.188477,0.26421613,31.106870229007633,40.71756362119316,,58.9058524173028,62.34096692111958,47.719974309569686,36.76844783715013,37.5,37.5,42.61,2031
17175,IL,Stark,2.306,3.363256,5.250856,-1.8876002,0.826972010178117,10.471422611597832,,11.16412213740458,78.91221374045801,22.60757867694284,25.699745547073793,7.251908396946565,7.251908396946565,42.59,2032
49017,UT,Garfield,10.113333333333333,9.309829,9.024964,0.2848642,78.27608142493638,,,48.823155216284995,35.55979643765903,82.49839434810535,2.44910941475827,37.62722646310432,37.62722646310432,42.53,2033
32013,NV,Humboldt,7.338571428571428,7.431193,6.9185586,0.5126348,97.13740458015269,,,16.984732824427482,80.75699745547074,38.824662813102115,2.067430025445293,40.839694656488554,40.839694656488554,42.53,2033
39001,OH,Adams,7.637142857142857,7.8568997,7.1272435,0.7296558,63.040712468193384,41.760534000834376,,64.28117048346056,39.98091603053435,64.16184971098265,41.157760814249365,43.829516539440206,43.829516539440206,42.5,2035
51175,VA,Southampton,6.837142857142857,6.4804225,6.7450776,-0.26465508,15.776081424936386,83.93825615352523,21.0,29.770992366412212,88.04071246819338,43.96274887604367,23.377862595419845,29.802798982188293,29.802798982188293,42.47,2036
22049,LA,Jackson,4.755714285714285,4.9964585,5.5168457,-0.5203868,30.53435114503817,65.37338339591156,,27.576335877862597,0.0,70.96981374438022,62.62722646310432,26.176844783715016,26.176844783715016,42.45,2037
41063,OR,Wallowa,10.17,10.305437,10.267047,0.03839002,92.68447837150129,,,48.854961832061065,14.885496183206106,22.832369942196532,4.262086513994911,33.969465648854964,33.969465648854964,42.43,2038
48281,TX,Lampasas,9.848571428571429,8.29128,8.535384,-0.24410431,84.03307888040712,45.55694618272841,,41.921119592875314,43.19338422391857,37.925497752087345,61.22773536895675,29.930025445292618,29.930025445292618,42.39,2039
21175,KY,Morgan,5.534000000000001,6.658452,7.461032,-0.8025793,70.92875318066157,37.42177722152691,,45.70610687022901,0.0,37.66859344894027,29.64376590330789,22.07379134860051,22.07379134860051,42.38,2040
54077,WV,Preston,4.821428571428571,5.9746823,5.939316,0.03536633,27.385496183206108,55.11055486024197,,59.573791348600516,28.78498727735369,17.91907514450867,27.099236641221378,33.842239185750635,33.842239185750635,42.38,2040
48437,TX,Swisher,9.737142857142857,7.1054926,6.8132977,0.2921947,87.75445292620864,43.13725490196079,,11.83206106870229,93.47964376590332,21.290944123314063,61.06870229007634,37.43638676844784,37.43638676844784,42.38,2040
1099,AL,Monroe,6.428571428571429,6.171323,5.0771976,1.094125,42.239185750636125,87.94326241134752,18.0,41.9529262086514,61.19592875318066,59.15221579961464,60.591603053435115,48.66412213740458,48.66412213740458,42.36,2043
26127,MI,Oceana,9.875714285714285,9.451543,9.417922,0.033619743,34.57379134860051,20.60909470171047,26.8,43.63867684478372,0.0,30.475272960822092,30.916030534351147,33.71501272264631,33.71501272264631,42.33,2044
17131,IL,Mercer,4.35,4.770263,6.5101666,-1.7399036,1.081424936386768,11.305798915310806,,9.16030534351145,71.53307888040712,48.49068721901092,22.519083969465647,8.778625954198473,8.778625954198473,42.32,2045
12065,FL,Jefferson,8.584285714285715,8.742848,8.328592,0.4142566,71.34223918575063,86.7334167709637,39.4,28.085241730279897,30.025445292620866,44.669235709698135,57.25190839694656,38.99491094147582,38.99491094147582,42.3,2046
31043,NE,Dakota,8.425714285714285,7.185792,6.979256,0.20653574,78.05343511450383,,,33.81043256997455,74.49109414758269,60.24405908798972,75.57251908396947,36.00508905852418,36.00508905852418,42.26,2047
19085,IA,Harrison,7.574285714285715,7.015668,7.141885,-0.12621705,59.796437659033074,0.0,,37.02290076335878,86.41857506361323,19.364161849710985,60.08269720101781,31.29770992366413,31.29770992366413,42.25,2048
38089,ND,Stark,3.415714285714286,5.4760613,5.1698484,0.30621296,54.80279898218829,,,22.32824427480916,28.053435114503817,23.314065510597302,47.900763358778626,37.340966921119595,37.340966921119595,42.23,2049
37143,NC,Perquimans,7.2871428571428565,7.985497,7.6542935,0.33120355,29.134860050890588,89.65373383395911,52.2,15.903307888040713,45.13358778625955,53.21130378933847,35.24173027989822,37.659033078880405,37.659033078880405,42.21,2050
18023,IN,Clinton,9.944285714285714,8.017006,8.191363,-0.1743572,5.502544529262086,25.365039632874424,,34.86005089058524,64.94910941475827,48.90815671162492,56.71119592875318,30.53435114503817,30.53435114503817,42.2,2051
31059,NE,Fillmore,5.685714285714285,5.803038,6.7157245,-0.91268665,30.248091603053435,,,8.428753180661577,87.02290076335878,11.23956326268465,41.921119592875314,20.13358778625954,20.13358778625954,42.18,2052
55099,WI,Price,8.65,8.75297,8.793803,-0.04083361,13.708651399491096,0.0,,38.676844783715005,24.268447837150127,20.616570327552985,34.31933842239186,32.31552162849873,32.31552162849873,42.15,2053
55003,WI,Ashland,6.978571428571429,7.706823,7.7818995,-0.07507678,5.407124681933842,0.0,14.6,28.24427480916031,17.43002544529262,23.249839434810532,13.772264631043257,31.679389312977097,31.679389312977097,42.08,2054
29175,MO,Randolph,8.375714285714285,6.7043543,6.482882,0.22147234,38.3587786259542,14.601585314977056,,37.404580152671755,44.65648854961832,78.64482980089917,67.6526717557252,35.846055979643765,35.846055979643765,42.08,2054
29115,MO,Linn,7.204285714285715,6.020412,6.1231265,-0.10271406,50.667938931297705,16.186900292031705,,39.026717557251914,72.13740458015268,64.54720616570327,66.88931297709924,31.23409669211196,31.23409669211196,42.05,2056
20027,KS,Clay,6.38,7.553256,8.708395,-1.1551386,73.47328244274809,0.0,,22.36005089058524,23.568702290076335,55.58766859344894,44.211195928753185,16.444020356234095,16.444020356234095,42.04,2057
51167,VA,Russell,5.331428571428572,7.1843524,6.9076996,0.27665257,54.42111959287532,50.8552357113058,,48.21882951653944,48.536895674300254,0.0,16.380407124681934,36.54580152671756,36.54580152671756,42.04,2057
39033,OH,Crawford,9.06,7.887403,7.7025027,0.18490049,3.053435114503817,36.086775135586144,,51.908396946564885,0.0,26.204238921001927,42.04834605597965,35.24173027989822,35.24173027989822,42.03,2059
13321,GA,Worth,6.648571428571429,7.4290733,7.155832,0.27324143,53.40330788804071,80.51731330830204,,25.95419847328244,88.80407124681933,43.60950545921644,68.06615776081425,36.48218829516539,36.48218829516539,42.03,2059
29061,MO,Daviess,8.211666666666666,8.44536,8.627197,-0.18183732,51.7175572519084,0.0,,36.19592875318066,84.82824427480917,67.08413615928067,56.64758269720102,30.057251908396953,30.057251908396953,42.01,2061
19081,IA,Hancock,6.957142857142857,5.784656,6.0554214,-0.2707658,6.583969465648855,0.0,,21.596692111959285,95.32442748091603,9.023763648041104,50.50890585241731,28.78498727735369,28.78498727735369,42.0,2062
41061,OR,Union,8.88,8.973428,8.192904,0.78052324,91.88931297709925,,,37.46819338422392,16.030534351145036,46.05009633911368,6.138676844783715,43.54325699745547,43.54325699745547,42.0,2062
45023,SC,Chester,9.83,8.566401,7.8107057,0.75569504,45.48346055979644,63.8715060492282,,41.698473282442755,40.839694656488554,41.23314065510597,74.49109414758269,43.161577608142494,43.161577608142494,41.98,2064
54023,WV,Grant,14.58,13.23867,13.190813,0.047857285,51.463104325699746,64.58072590738423,,57.85623409669212,44.11577608142493,17.0199100834939,14.69465648854962,33.17430025445292,33.17430025445292,41.96,2065
19119,IA,Lyon,7.052857142857143,5.9573774,6.9059606,-0.9485832,28.37150127226463,,,19.62468193384224,72.04198473282443,29.897238278741167,45.92875318066159,19.1793893129771,19.1793893129771,41.96,2065
5129,AR,Searcy,7.438333333333333,8.839604,9.178239,-0.3386345,67.970737913486,17.229870671672927,,20.99236641221374,0.0,36.86576750160565,55.62977099236641,27.735368956743,27.735368956743,41.95,2067
26129,MI,Ogemaw,9.461428571428572,10.206696,9.886876,0.31981972,61.38676844783715,27.784730913642058,,43.12977099236641,0.0,17.341040462427745,36.19592875318066,36.959287531806616,36.959287531806616,41.94,2068
21049,KY,Clark,7.9071428571428575,7.955945,7.5385695,0.41737574,14.31297709923664,33.50020859407593,,47.29643765903308,22.519083969465647,43.641618497109825,68.03435114503816,38.295165394402034,38.295165394402034,41.93,2069
19189,IA,Winnebago,6.588571428571429,5.9132776,6.0399504,-0.1266725,13.61323155216285,,,25.636132315521625,96.0559796437659,10.789980732177264,45.83333333333333,30.661577608142498,30.661577608142498,41.93,2069
19195,IA,Worth,6.397142857142858,5.2146955,6.8212085,-1.6065131,3.180661577608142,,,10.71882951653944,89.31297709923663,9.505459216441874,36.00508905852418,9.860050890585242,9.860050890585242,41.92,2071
19123,IA,Mahaska,7.247142857142857,6.7411494,6.9250298,-0.1838805,42.36641221374045,11.13892365456821,,36.418575063613225,83.93765903307887,54.88118175979447,54.64376590330788,29.739185750636132,29.739185750636132,41.87,2072
51191,VA,Washington,8.389999999999999,8.293901,7.2746015,1.0193002,33.17430025445292,54.98539841468503,,63.51781170483461,53.276081424936386,0.0,30.12086513994911,46.56488549618321,46.56488549618321,41.83,2073
16045,ID,Gem,12.331428571428571,11.77751,11.615645,0.16186407,96.50127226463104,,,35.68702290076336,13.199745547073793,44.25176621708414,5.852417302798982,34.44656488549619,34.44656488549619,41.8,2074
39069,OH,Henry,6.724285714285714,7.3559647,7.2383833,0.11758117,3.466921119592875,36.79599499374218,,55.089058524173026,40.61704834605598,23.859987154784843,48.50508905852418,33.81043256997455,33.81043256997455,41.79,2075
13133,GA,Greene,11.115714285714287,9.468102,9.103145,0.3649583,57.56997455470738,73.42511472674175,,54.42111959287532,53.021628498727736,50.86705202312138,42.30279898218829,37.24554707379134,37.24554707379134,41.77,2076
23015,ME,Lincoln,10.025714285714287,9.4069605,9.421075,-0.014113835,18.70229007633588,83.43763037129746,69.8,28.848600508905857,32.76081424936387,14.38664097623635,14.885496183206106,31.806615776081426,31.806615776081426,41.71,2077
56031,WY,Platte,5.522857142857142,6.7536416,7.1994357,-0.44579425,87.59541984732824,,,33.17430025445292,36.51399491094148,9.280667951188182,33.587786259541986,25.731552162849873,25.731552162849873,41.7,2078
51005,VA,Alleghany,5.3585714285714285,7.610444,7.1751866,0.43525743,18.06615776081425,54.90196078431373,,56.329516539440206,26.59033078880407,3.692999357739242,9.38295165394402,38.07251908396945,38.07251908396945,41.69,2079
18153,IN,Sullivan,6.457142857142856,7.497296,8.297809,-0.80051357,2.798982188295165,24.155193992490613,,23.02798982188295,56.52035623409669,47.20616570327553,47.96437659033079,20.642493638676847,20.642493638676847,41.65,2080
45009,SC,Bamberg,10.164,7.715036,6.6723924,1.0426437,55.85241730279898,89.06967042136003,,20.642493638676847,56.45674300254453,50.513808606294155,35.49618320610687,46.46946564885496,46.46946564885496,41.62,2081
18117,IN,Orange,8.129999999999999,8.565585,7.944715,0.62086976,12.786259541984732,22.90362953692115,,47.646310432569976,52.48091603053435,50.80282594733462,76.74936386768448,40.489821882951645,40.489821882951645,41.59,2082
35029,NM,Luna,8.572857142857144,8.079634,6.6609473,1.4186867,82.12468193384224,9.595327492699209,,57.538167938931295,98.05979643765905,81.34232498394348,6.997455470737914,51.590330788804074,51.590330788804074,41.54,2083
27127,MN,Redwood,5.934285714285714,5.9975266,5.755309,0.24221738,18.606870229007633,,,39.28117048346056,76.27226463104327,68.65767501605652,39.34478371501272,35.05089058524173,35.05089058524173,41.53,2084
21137,KY,Lincoln,8.845714285714285,8.067215,7.9979825,0.06923233,24.33206106870229,42.46975385899041,,44.211195928753185,30.756997455470735,35.7096981374438,39.63104325699746,32.56997455470738,32.56997455470738,41.51,2085
8093,CO,Park,8.522857142857143,9.174463,9.8399105,-0.6654476,94.87913486005088,,,21.81933842239186,0.0,1.70199100834939,19.21119592875318,22.201017811704833,22.201017811704833,41.48,2086
51119,VA,Middlesex,6.828571428571428,7.5772214,8.12654,-0.5493191,31.424936386768447,85.52357113057991,57.99999999999999,11.323155216284988,78.18066157760815,28.25947334617855,23.18702290076336,23.791348600508904,23.791348600508904,41.46,2087
37169,NC,Stokes,9.861428571428572,8.769706,8.182653,0.5870529,16.0941475826972,68.71088861076345,,57.98346055979644,74.80916030534351,25.305073859987154,35.94147582697201,39.726463104325695,39.726463104325695,41.45,2088
40069,OK,Johnston,6.602857142857142,5.667083,6.101845,-0.434762,82.15648854961832,30.538172715894863,,19.052162849872772,81.36132315521628,70.07064868336545,59.12849872773537,25.381679389312975,25.381679389312975,41.45,2088
36049,NY,Lewis,4.202,7.0113573,7.493294,-0.48193622,13.454198473282442,47.392574050896954,,49.93638676844784,0.0,15.41425818882466,17.239185750636132,24.713740458015273,24.713740458015273,41.45,2088
31037,NE,Colfax,8.235714285714286,7.090069,7.2920218,-0.20195259,57.06106870229007,,,31.774809160305345,70.96055979643766,21.03403982016699,55.97964376590331,28.62595419847328,28.62595419847328,41.44,2091
29151,MO,Osage,7.494285714285715,7.0175796,6.9136376,0.103941955,35.846055979643765,14.05924071756362,,47.51908396946565,39.026717557251914,79.15863840719332,53.56234096692112,32.91984732824427,32.91984732824427,41.44,2091
26101,MI,Manistee,10.634285714285713,10.377951,9.967583,0.41036764,28.212468193384225,15.978306216103464,27.6,56.87022900763359,0.0,23.506743737957606,20.35623409669211,37.213740458015266,37.213740458015266,41.43,2093
22127,LA,Winn,2.004,6.3137155,6.447034,-0.13331816,33.078880407124686,66.12432206925324,,40.903307888040715,42.33460559796438,71.38728323699422,58.778625954198475,29.548346055979646,29.548346055979646,41.42,2094
20145,KS,Pawnee,7.76,9.294785,9.278297,0.016487632,55.1208651399491,0.0,,20.706106870229007,90.61704834605598,14.836223506743735,55.27989821882952,31.615776081424933,31.615776081424933,41.4,2095
18119,IN,Owen,8.052857142857144,8.264663,7.9980545,0.26660824,11.513994910941475,12.307050479766374,,49.42748091603055,46.50127226463104,49.77520873474631,45.76972010178117,35.11450381679389,35.11450381679389,41.39,2096
21171,KY,Monroe,8.095714285714285,7.083839,7.4144816,-0.33064246,11.036895674300254,42.511472674176055,,34.00127226463104,40.426208651399484,31.888246628131025,53.40330788804071,26.653944020356235,26.653944020356235,41.35,2097
21041,KY,Carroll,7.01,7.406476,7.965766,-0.5592897,2.671755725190839,12.932832707551109,,41.66666666666667,18.25699745547074,22.928709055876688,57.79262086513995,23.40966921119593,23.40966921119593,41.34,2098
5081,AR,Little River,7.022857142857143,7.251943,6.332851,0.9190927,37.88167938931298,42.803504380475594,,44.11577608142493,79.35750636132317,57.89980732177264,55.216284987277355,44.052162849872765,44.052162849872765,41.28,2099
39137,OH,Putnam,6.8999999999999995,7.3130884,7.1876006,0.1254874,2.258269720101781,40.175219023779725,,52.767175572519086,0.0,25.94733461785485,48.473282442748086,32.85623409669211,32.85623409669211,41.25,2100
47023,TN,Chester,9.415714285714285,8.614563,7.658953,0.95560986,14.53562340966921,47.64288694201085,,21.787531806615775,38.93129770992366,55.49132947976879,71.7557251908397,44.49745547073791,44.49745547073791,41.24,2101
37059,NC,Davie,8.081428571428573,8.44573,7.690009,0.7557208,23.123409669211195,69.96245306633291,,58.587786259541986,56.13867684478372,31.470777135517015,37.213740458015266,41.66666666666667,41.66666666666667,41.23,2102
5127,AR,Scott,5.667142857142857,7.879669,8.179314,-0.29964453,67.08015267175573,34.376303712974554,,45.038167938931295,0.0,49.32562620423892,41.82569974554708,26.84478371501272,26.84478371501272,41.23,2102
40099,OK,Murray,7.474285714285714,7.4141116,7.2991176,0.114993945,82.3791348600509,28.368794326241137,,31.48854961832061,67.71628498727735,64.73988439306359,68.63867684478372,32.538167938931295,32.538167938931295,41.17,2104
19191,IA,Winneshiek,6.68,6.485141,6.1092544,0.3758861,22.455470737913487,12.015018773466831,,47.45547073791349,75.57251908396947,34.61785484906873,60.81424936386769,36.19592875318066,36.19592875318066,41.16,2105
18169,IN,Wabash,8.414285714285715,7.780349,7.064866,0.71548223,9.669211195928751,30.87192323738006,,47.32824427480916,69.40203562340967,39.46692357096981,71.66030534351145,40.966921119592875,40.966921119592875,41.16,2105
31107,NE,Knox,6.048571428571429,7.1032305,7.1847086,-0.08147834,81.39312977099237,,,31.32951653944021,83.7468193384224,28.709055876685937,53.24427480916031,29.70737913486005,29.70737913486005,41.13,2107
41045,OR,Malheur,11.331428571428571,11.461317,11.180377,0.28093958,91.4440203562341,,,52.00381679389313,23.66412213740458,59.37700706486834,8.778625954198473,34.764631043257,34.764631043257,41.11,2108
54001,WV,Barbour,5.673333333333333,6.3395824,6.821404,-0.481822,11.641221374045802,47.68460575719649,,51.74936386768449,38.3587786259542,9.60179833012203,11.450381679389311,24.013994910941474,24.013994910941474,41.09,2109
30015,MT,Chouteau,8.822,8.124568,7.503615,0.6209537,72.58269720101781,,,50.38167938931297,49.49109414758271,16.40976236351959,11.863867684478372,39.47201017811705,39.47201017811705,41.08,2110
19025,IA,Calhoun,6.734285714285714,7.3175263,6.332767,0.98475933,8.492366412213741,14.685022945348353,,20.610687022900763,97.07379134860051,17.726396917148364,73.6323155216285,44.56106870229007,44.56106870229007,41.07,2111
16069,ID,Nez Perce,9.6,8.72861,8.568469,0.16014089,89.34478371501272,,,57.69720101781171,15.553435114503817,56.06936416184971,7.506361323155216,32.98346055979644,32.98346055979644,41.07,2111
37103,NC,Jones,10.21142857142857,8.5208645,6.112628,2.4082363,48.409669211195926,94.49311639549437,33.2,28.466921119592875,48.091603053435115,41.26525369299936,21.755725190839694,64.50381679389314,64.50381679389314,41.05,2113
47181,TN,Wayne,9.332857142857145,9.167991,8.289342,0.8786492,12.150127226463106,51.397580308719235,,47.74173027989822,27.353689567430024,37.6043673731535,73.88676844783714,42.970737913486005,42.970737913486005,41.02,2114
51540,VA,Charlottesville City,7.614285714285715,6.4179807,6.8651443,-0.44716406,0.318066157760814,69.46182728410513,,33.26972010178117,0.0,63.8728323699422,24.30025445292621,24.33206106870229,24.33206106870229,41.01,2115
20163,KS,Rooks,3.21,4.438262,5.5935946,-1.1553326,50.47709923664122,,,5.184478371501272,80.05725190839695,8.638407193320488,37.02290076335878,14.344783715012724,14.344783715012724,40.99,2116
49023,UT,Juab,9.907142857142857,9.647675,10.734421,-1.0867462,91.03053435114504,,,4.770992366412214,55.43893129770993,37.31535003211304,7.124681933842239,15.298982188295165,15.298982188295165,40.98,2117
20123,KS,Mitchell,3.7542857142857144,7.3012166,7.3447337,-0.043517094,33.30152671755725,,,21.21501272264631,70.13358778625954,31.727681438664096,40.13994910941476,29.834605597964376,29.834605597964376,40.93,2118
54091,WV,Taylor,4.561428571428572,5.727575,6.2225943,-0.4950187,14.917302798982188,45.431789737171464,,53.53053435114504,0.0,13.326910725754656,15.108142493638676,23.505089058524177,23.505089058524177,40.93,2118
38009,ND,Bottineau,2.402,4.3990774,5.2355204,-0.83644265,84.98727735368958,,,11.641221374045802,36.54580152671756,7.096981374438021,25.95419847328244,18.670483460559797,18.670483460559797,40.91,2120
49039,UT,Sanpete,9.705714285714285,9.753145,9.166525,0.5866212,89.02671755725191,,,24.52290076335878,56.297709923664115,45.31149646756583,12.5,38.61323155216285,38.61323155216285,40.89,2121
48145,TX,Falls,9.457142857142857,6.125824,6.419001,-0.29317704,54.48473282442748,68.04338756779308,,24.07760814249364,62.30916030534351,53.7893384714194,69.8791348600509,26.240458015267176,26.240458015267176,40.88,2122
37197,NC,Yadkin,8.418571428571429,8.769415,8.196488,0.5729261,17.525445292620866,68.21026282853568,,53.18066157760815,69.27480916030534,19.685292228644833,47.51908396946565,38.3587786259542,38.3587786259542,40.86,2123
31177,NE,Washington,7.895714285714285,7.032337,7.371472,-0.33913472,82.09287531806616,0.0,,27.067430025445297,69.8791348600509,18.336544637122675,66.47582697201018,25.508905852417303,25.508905852417303,40.84,2124
31101,NE,Keith,8.527142857142858,6.5635896,7.7366757,-1.1730868,66.76208651399492,,,15.267175572519085,75.89058524173028,16.088631984585742,27.385496183206108,13.772264631043257,13.772264631043257,40.82,2125
51057,VA,Essex,6.92,7.0060577,7.831481,-0.82542324,10.24173027989822,80.01668752607428,55.60000000000001,10.400763358778626,94.147582697201,27.681438664097623,22.868956743002546,18.575063613231553,18.575063613231553,40.78,2126
41013,OR,Crook,9.634285714285713,10.219154,9.972397,0.24675672,95.10178117048346,,,40.521628498727736,15.712468193384224,22.54335260115607,3.562340966921119,33.587786259541986,33.587786259541986,40.76,2127
28077,MS,Lawrence,4.214,5.7052875,6.0689054,-0.3636178,54.134860050890595,78.18105965790573,,28.33969465648855,48.823155216284995,53.05073859987155,56.265903307888046,25.0,25.0,40.75,2128
19017,IA,Bremer,5.451428571428571,5.4687414,5.8564444,-0.3877028,22.868956743002546,8.427200667501044,,33.36513994910941,86.16412213740458,18.368657675016056,52.29007633587786,24.55470737913486,24.55470737913486,40.7,2129
19037,IA,Chickasaw,7.0600000000000005,6.1061945,5.978715,0.12747954,19.561068702290076,12.14017521902378,,39.56743002544529,86.89567430025447,22.0616570327553,59.25572519083969,31.743002544529265,31.743002544529265,40.68,2130
26165,MI,Wexford,10.002857142857142,9.42465,9.140167,0.28448263,40.839694656488554,13.808927826449729,,45.00636132315521,0.0,25.240847784200387,32.06106870229007,33.9058524173028,33.9058524173028,40.66,2131
37041,NC,Chowan,7.782857142857144,8.2226305,7.9116645,0.31096524,26.049618320610683,89.52857738840217,52.0,13.899491094147582,49.23664122137404,63.969171483622354,27.131043256997454,34.28753180661578,34.28753180661578,40.66,2131
20181,KS,Sherman,8.131428571428572,7.7294683,9.065654,-1.3361863,28.085241730279897,,,7.919847328244274,58.01526717557252,3.628773281952473,32.56997455470738,11.16412213740458,11.16412213740458,40.66,2131
31041,NE,Custer,5.14,6.3089776,6.4439025,-0.13492529,82.31552162849873,,,43.47964376590331,74.26844783715013,28.227360308285164,50.31806615776081,27.989821882951656,27.989821882951656,40.64,2134
47089,TN,Jefferson,11.425714285714287,10.345346,9.276944,1.068403,42.90712468193384,42.88694201084689,,56.77480916030534,33.0470737913486,22.125883108542073,59.63740458015267,44.87913486005089,44.87913486005089,40.64,2134
18073,IN,Jasper,6.991428571428571,7.5394754,7.324508,0.21496709,18.670483460559797,26.324572382144343,,44.87913486005089,0.0,41.3937058445729,46.21501272264631,32.82442748091603,32.82442748091603,40.6,2136
29079,MO,Grundy,9.582857142857142,6.7800756,6.918592,-0.13851632,46.78753180661578,14.476428869420108,,30.248091603053435,84.95547073791349,61.78548490687219,64.69465648854961,27.86259541984733,27.86259541984733,40.6,2136
21097,KY,Harrison,6.767142857142857,7.8920712,7.6085906,0.28348088,9.82824427480916,32.99958281184814,,48.88676844783715,24.395674300254452,31.791907514450873,63.32697201017812,33.778625954198475,33.778625954198475,40.6,2136
31033,NE,Cheyenne,6.864285714285714,9.506204,9.642662,-0.13645776,43.38422391857507,,,27.735368956743,91.66666666666664,5.523442517662171,35.36895674300254,27.798982188295163,27.798982188295163,40.56,2139
51031,VA,Campbell,7.244285714285715,7.3772507,7.2033815,0.17386916,42.970737913486005,71.96495619524406,,49.650127226463106,53.9440203562341,40.71933204881182,22.99618320610687,31.99745547073791,31.99745547073791,40.48,2140
51163,VA,Rockbridge,5.834285714285714,7.60878,7.338593,0.2701867,59.06488549618321,69.12807676261994,,55.75699745547074,41.88931297709924,9.858702633269107,15.998727735368956,33.30152671755725,33.30152671755725,40.45,2141
27059,MN,Isanti,7.301428571428572,7.818142,8.001189,-0.18304743,65.01272264631042,,,43.98854961832061,32.347328244274806,37.76493256262042,50.69974554707379,26.908396946564885,26.908396946564885,40.44,2142
51077,VA,Grayson,6.402857142857143,7.062986,7.4049644,-0.3419784,45.578880407124686,54.23445974134334,,28.435114503816795,60.527989821882954,0.0,18.638676844783713,24.650127226463106,24.650127226463106,40.43,2143
56009,WY,Converse,5.001428571428572,5.925424,5.785173,0.14025085,91.0941475826972,,,40.36259541984733,23.059796437659035,7.000642260757868,24.204834605597963,31.424936386768447,31.424936386768447,40.43,2143
48063,TX,Camp,9.751428571428573,10.39316,9.682946,0.710213,70.99236641221374,54.73508552357112,,23.727735368956743,72.10559796437659,60.372511239563266,81.87022900763358,39.34478371501272,39.34478371501272,40.39,2145
16087,ID,Washington,13.69,12.612587,12.546685,0.06590104,95.61068702290076,,,38.16793893129771,14.185750636132315,38.34296724470135,5.470737913486006,30.311704834605596,30.311704834605596,40.39,2145
38061,ND,Mountrail,7.0633333333333335,8.096756,8.661956,-0.5652,78.7531806615776,,,11.927480916030534,32.95165394402035,13.583815028901732,32.538167938931295,21.374045801526716,21.374045801526716,40.35,2147
48475,TX,Ward,5.305714285714286,6.202752,7.1954064,-0.99265367,75.28625954198473,21.19315811430955,,27.099236641221378,58.492366412213734,39.0815671162492,26.526717557251914,15.362595419847327,15.362595419847327,40.35,2147
13119,GA,Franklin,9.302857142857144,9.296289,9.02525,0.2710392,27.608142493638677,68.58573216520651,,43.09796437659033,41.28498727735369,37.34746307000641,53.7531806615776,33.078880407124686,33.078880407124686,40.34,2149
31173,NE,Thurston,7.87,7.450069,7.65482,-0.20475149,85.97328244274809,,,18.956743002544528,85.05089058524173,67.2447013487476,51.653944020356235,26.399491094147585,26.399491094147585,40.34,2149
46109,SD,Roberts,10.631428571428572,6.476773,5.869026,0.6077465,74.04580152671755,,,38.040712468193384,0.0,37.15478484264611,50.445292620865146,37.786259541984734,37.786259541984734,40.33,2151
38071,ND,Ramsey,4.04,5.0512576,5.821873,-0.7706156,79.86641221374046,,,10.019083969465647,27.735368956743,11.078998073217726,27.162849872773535,18.3206106870229,18.3206106870229,40.27,2152
37149,NC,Polk,10.752857142857142,9.872095,9.309023,0.563072,43.47964376590331,60.867751355861486,,46.660305343511446,47.010178117048355,16.506101477199746,53.68956743002544,36.92748091603055,36.92748091603055,40.21,2153
21033,KY,Caldwell,9.858571428571427,8.583176,7.8748026,0.7083731,5.788804071246819,22.65331664580726,,30.59796437659033,71.78753180661577,52.119460500963385,61.164122137404576,38.963104325699746,38.963104325699746,40.21,2153
16015,ID,Boise,13.93857142857143,13.119147,11.700883,1.4182644,97.2328244274809,,,42.93893129770993,12.404580152671755,14.868336544637122,4.007633587786259,48.918575063613225,48.918575063613225,40.2,2155
39159,OH,Union,8.414285714285715,8.030717,7.7610497,0.2696673,4.103053435114504,23.028785982478094,,52.67175572519084,35.52798982188295,49.165061014772,49.49109414758271,32.729007633587784,32.729007633587784,40.17,2156
51037,VA,Charlotte,7.035714285714286,3.39048,4.212001,-0.8215207,11.323155216284988,74.09261576971214,,19.81552162849873,93.19338422391856,24.47013487475915,17.779898218829516,17.36641221374046,17.36641221374046,40.15,2157
27079,MN,Le Sueur,6.861428571428571,6.950292,7.3820066,-0.43171406,16.125954198473284,,,34.63740458015267,43.829516539440206,40.52665382145151,48.409669211195926,22.80534351145038,22.80534351145038,40.13,2158
1007,AL,Bibb,8.361428571428572,8.208895,7.4786277,0.7302667,48.66412213740458,50.06257822277848,,48.918575063613225,33.87404580152672,59.69813744380218,77.16284987277355,39.12213740458015,39.12213740458015,40.13,2158
21173,KY,Montgomery,8.687142857142858,8.377809,7.987793,0.39001516,30.661577608142498,36.92115143929912,,49.68193384223918,21.151399491094143,42.614001284521514,53.848600508905854,34.31933842239186,34.31933842239186,40.12,2160
17005,IL,Bond,6.505714285714285,8.411345,7.8851075,0.52623755,7.506361323155216,21.234876929495204,,30.47073791348601,53.43511450381679,65.9601798330122,58.492366412213734,36.22773536895674,36.22773536895674,40.12,2160
19073,IA,Greene,7.831428571428572,7.362522,7.148977,0.21354564,10.30534351145038,12.80767626199416,,12.02290076335878,96.88295165394402,15.67116249197174,65.52162849872774,31.774809160305345,31.774809160305345,40.09,2162
37173,NC,Swain,9.795714285714284,8.3640375,6.90934,1.4546974,60.30534351145038,54.15102211097205,,62.5,29.739185750636132,0.0,35.43256997455471,49.10941475826972,49.10941475826972,40.04,2163
27143,MN,Sibley,6.4314285714285715,6.652854,7.0547338,-0.40187985,13.80407124681934,,,31.20229007633587,60.87786259541985,35.74181117533718,42.33460559796438,22.964376590330794,22.964376590330794,40.0,2164
47185,TN,White,11.14857142857143,9.742097,9.032252,0.70984507,30.56615776081425,40.550688360450565,,42.68447837150127,39.63104325699746,18.208092485549127,65.96692111959288,38.54961832061068,38.54961832061068,39.99,2165
29135,MO,Moniteau,6.37,6.8166037,6.640368,0.176236,67.68447837150127,18.523153942428035,,32.50636132315521,58.9058524173028,82.01669877970456,56.234096692111954,31.01145038167939,31.01145038167939,39.97,2166
29067,MO,Douglas,8.274285714285714,7.6460495,7.988952,-0.34290272,58.68320610687023,27.15894868585732,,27.035623409669213,26.399491094147585,71.57996146435453,46.087786259541986,23.695928753180663,23.695928753180663,39.95,2167
46079,SD,Lake,9.044285714285715,7.5886292,7.295373,0.293256,53.88040712468194,,,34.096692111959285,47.80534351145038,38.56775850995504,72.99618320610686,32.63358778625955,32.63358778625955,39.95,2167
29121,MO,Macon,5.7128571428571435,6.8213015,6.2305603,0.59074086,52.639949109414765,20.817688777638715,,47.67811704834607,60.30534351145038,62.33140655105973,66.03053435114504,36.76844783715013,36.76844783715013,39.93,2169
6091,CA,Sierra,5.257142857142857,7.6826425,7.4631805,0.21946128,95.57888040712469,,,37.69083969465649,35.94147582697201,7.514450867052023,2.385496183206107,31.520356234096692,31.520356234096692,39.92,2170
27071,MN,Koochiching,7.014285714285714,8.465834,8.248792,0.21704234,33.93765903307888,,,52.25826972010178,41.634860050890595,37.1868978805395,5.343511450381679,31.48854961832061,31.48854961832061,39.92,2170
21003,KY,Allen,9.115714285714287,8.669318,8.31996,0.34935787,9.319338422391857,29.578639966624948,,27.449109414758272,43.57506361323155,40.59087989723828,69.49745547073792,33.33333333333333,33.33333333333333,39.91,2172
29075,MO,Gentry,2.73,8.109634,8.075014,0.034620713,51.87659033078881,0.0,,27.131043256997454,88.61323155216286,82.30571612074502,53.81679389312977,28.848600508905857,28.848600508905857,39.88,2173
45061,SC,Lee,5.357142857142857,6.489451,5.946692,0.5427589,57.410941475826974,85.23153942428036,,19.43384223918575,48.791348600508904,46.72447013487476,60.05089058524173,35.973282442748086,35.973282442748086,39.87,2174
38099,ND,Walsh,6.554285714285713,7.160737,7.112043,0.04869369,79.16666666666666,,,35.400763358778626,29.198473282442748,12.716763005780344,40.26717557251908,29.00763358778626,29.00763358778626,39.86,2175
20085,KS,Jackson,6.7057142857142855,7.0596395,7.542308,-0.48266816,89.18575063613233,0.0,,27.003816793893133,40.17175572519084,56.936416184971094,48.75954198473281,21.533078880407125,21.533078880407125,39.85,2176
48395,TX,Robertson,6.747142857142857,8.235649,8.138927,0.09672207,46.62849872773537,72.0066750104297,,37.30916030534351,66.12595419847328,49.26140012845215,62.30916030534351,29.580152671755727,29.580152671755727,39.81,2177
13109,GA,Evans,7.664,7.7924347,8.239315,-0.44688004,47.96437659033079,82.72841051314143,,20.801526717557252,63.51781170483461,46.692357096981375,33.71501272264631,21.914758269720103,21.914758269720103,39.79,2178
31145,NE,Red Willow,6.532857142857142,6.0052404,6.5623236,-0.55708325,23.950381679389313,,,10.909669211195927,86.51399491094148,26.172125883108546,40.966921119592875,20.29262086513995,20.29262086513995,39.75,2179
13187,GA,Lumpkin,9.864285714285714,9.781893,8.582092,1.1998001,45.99236641221374,43.05381727158949,,50.50890585241731,50.06361323155216,14.450867052023122,61.73664122137404,44.910941475826974,44.910941475826974,39.73,2180
21233,KY,Webster,6.295714285714285,5.767655,5.6856384,0.08201643,2.512722646310432,21.818940342094283,,31.838422391857502,69.81552162849873,46.596017983301216,39.69465648854962,29.230279898218832,29.230279898218832,39.73,2180
16077,ID,Power,11.301428571428572,8.492289,9.286713,-0.7944239,88.99491094147582,,,7.601781170483461,24.36386768447837,40.65510597302504,5.311704834605599,16.921119592875318,16.921119592875318,39.73,2180
18047,IN,Franklin,6.782857142857142,7.654783,7.209297,0.44548583,14.853689567430026,10.638297872340424,,52.703562340966926,39.69465648854962,23.92421323057161,60.464376590330794,34.223918575063614,34.223918575063614,39.68,2183
29137,MO,Monroe,8.008571428571429,7.731126,8.213433,-0.4823069,31.90203562340967,19.190654985398417,,24.10941475826972,60.05089058524173,82.88375080282596,43.161577608142494,21.183206106870227,21.183206106870227,39.67,2184
48051,TX,Burleson,8.294285714285715,8.10445,8.018156,0.08629363,42.55725190839695,72.50730079265749,,34.9236641221374,84.70101781170484,47.62363519588953,36.54580152671756,29.134860050890588,29.134860050890588,39.66,2185
29033,MO,Carroll,8.784285714285714,7.9112053,7.575583,0.33562252,43.86132315521628,0.0,,45.38804071246819,81.61577608142494,53.75722543352601,56.8384223918575,32.60178117048346,32.60178117048346,39.64,2186
56003,WY,Big Horn,8.718571428571428,8.306204,8.072114,0.23409054,61.35496183206107,,,52.41730279898219,39.34478371501272,8.798972382787412,16.730279898218832,31.138676844783713,31.138676844783713,39.62,2187
51029,VA,Buckingham,7.7299999999999995,7.6187906,8.25179,-0.63299936,20.737913486005088,75.46933667083854,,24.84096692111959,82.06106870229009,27.97045600513808,22.614503816793892,18.956743002544528,18.956743002544528,39.62,2187
13161,GA,Jeff Davis,8.98,8.0720625,8.038356,0.03370622,50.12722646310432,83.85481852315394,,21.85114503816794,69.14758269720102,40.944123314065514,51.399491094147585,28.212468193384225,28.212468193384225,39.56,2189
13019,GA,Berrien,7.78,9.23805,8.401219,0.8368311,53.657760814249365,86.6499791405924,,30.12086513994911,59.95547073791349,41.16891457931921,58.07888040712468,39.31297709923664,39.31297709923664,39.48,2190
29001,MO,Adair,5.518571428571428,7.059159,6.974508,0.08465079,42.87531806615776,9.970796829370046,,31.424936386768447,48.72773536895674,66.05651894669235,75.15903307888041,28.72137404580153,28.72137404580153,39.46,2191
47153,TN,Sequatchie,10.155714285714286,9.737394,8.8335905,0.903803,50.95419847328244,24.196912807676263,,35.08269720101781,30.216284987277355,16.28131021194605,47.4236641221374,40.17175572519084,40.17175572519084,39.43,2192
13025,GA,Brantley,5.091428571428572,8.062731,8.7163725,-0.65364116,67.77989821882952,83.1455986649979,20.200000000000003,15.871501272264632,39.47201017811705,39.65960179833012,30.661577608142498,18.28880407124682,18.28880407124682,39.43,2192
13269,GA,Taylor,6.167999999999999,6.984665,8.216196,-1.2315313,47.99618320610687,67.16729244889446,,16.762086513994912,78.65776081424937,41.00834938985228,31.96564885496183,10.146310432569974,10.146310432569974,39.41,2194
8095,CO,Phillips,8.015714285714285,8.5582075,9.625174,-1.0669658,31.520356234096692,,,8.269720101781171,88.77226463104327,7.064868336544637,32.95165394402035,12.340966921119591,12.340966921119591,39.35,2195
51169,VA,Scott,11.978333333333333,10.482511,9.436746,1.0457655,52.32188295165393,37.838965373383395,,65.01272264631042,46.278625954198475,4.238921001926782,19.942748091603058,41.9529262086514,41.9529262086514,39.33,2196
51137,VA,Orange,7.421428571428572,7.5729218,7.690376,-0.11745371,30.629770992366407,76.92949520233626,,35.6234096692112,82.12468193384224,42.742453436095055,25.381679389312975,25.572519083969464,25.572519083969464,39.3,2197
22043,LA,Grant,4.517142857142857,6.68739,6.517098,0.17029206,39.28117048346056,65.16478931998331,,40.0763358778626,44.338422391857506,72.60757867694284,60.846055979643765,29.611959287531807,29.611959287531807,39.3,2197
46125,SD,Turner,9.102857142857141,7.0820165,7.308658,-0.2266419,45.960559796437664,,,26.74936386768448,77.89440203562341,19.29993577392421,64.34478371501272,23.982188295165393,23.982188295165393,39.28,2199
13177,GA,Lee,7.1000000000000005,7.63169,7.4741054,0.15758453,60.20992366412214,74.80183562786817,,35.146310432569976,67.49363867684478,43.32048811817599,66.4440203562341,29.389312977099237,29.389312977099237,39.28,2199
29013,MO,Bates,9.275714285714287,6.9136147,6.672695,0.2409194,14.885496183206106,21.98581560283688,,39.53562340966921,60.14631043256997,62.90944123314065,52.79898218829516,30.47073791348601,30.47073791348601,39.24,2201
18125,IN,Pike,6.761428571428572,6.834272,7.390217,-0.5559448,11.577608142493638,24.363788068418856,,26.84478371501272,58.61959287531806,49.06872190109184,40.29898218829516,19.24300254452926,19.24300254452926,39.22,2202
31021,NE,Burt,9.152857142857142,8.01132,8.463269,-0.45194975,78.4033078880407,,,18.79770992366412,85.36895674300254,31.11753371868979,46.62849872773537,20.674300254452927,20.674300254452927,39.2,2203
29057,MO,Dade,7.972857142857143,8.237498,8.490568,-0.2530693,38.104325699745544,22.486441385064666,,27.70356234096692,75.3498727735369,64.51509312780989,45.70610687022901,23.282442748091604,23.282442748091604,39.11,2204
29017,MO,Bollinger,3.0557142857142856,7.205741,7.2399454,-0.034204517,22.105597964376592,24.238631622861913,,33.0470737913486,39.599236641221374,55.20231213872832,53.49872773536896,26.272264631043257,26.272264631043257,39.07,2205
37011,NC,Avery,12.698571428571428,10.4663925,8.9872675,1.4791251,34.31933842239186,61.49353358364622,,64.44020356234097,0.0,0.0,38.581424936386775,47.48727735368957,47.48727735368957,39.05,2206
21057,KY,Cumberland,8.226666666666667,6.972101,6.732574,0.23952748,6.202290076335878,35.878181059657905,,53.721374045801525,26.84478371501272,22.093770070648684,38.39058524173028,30.089058524173034,30.089058524173034,39.05,2206
29085,MO,Hickory,7.9079999999999995,8.419691,8.644777,-0.2250853,69.37022900763358,19.566124322069253,,32.410941475826974,52.67175572519084,56.96852922286448,46.533078880407125,23.473282442748097,23.473282442748097,39.01,2208
26007,MI,Alpena,9.864285714285714,8.78148,8.652801,0.12867872,15.61704834605598,26.074259491030453,36.0,51.01781170483461,0.0,24.566473988439306,24.93638676844784,28.33969465648855,28.33969465648855,38.96,2209
31023,NE,Butler,10.255714285714287,5.8840547,6.028146,-0.14409193,66.22137404580153,0.0,,20.928753180661577,75.98600508905852,22.414900449582532,50.572519083969475,24.459287531806613,24.459287531806613,38.93,2210
20117,KS,Marshall,5.590000000000001,5.4652905,5.824873,-0.35958242,81.23409669211196,0.0,,29.230279898218832,39.50381679389313,48.39434810533077,56.01145038167938,21.4058524173028,21.4058524173028,38.92,2211
19053,IA,Decatur,7.472857142857143,8.305999,8.500572,-0.1945738,52.09923664122137,8.468919482686692,,15.839694656488549,94.21119592875316,63.61592806679512,48.31424936386768,23.600508905852415,23.600508905852415,38.86,2212
17023,IL,Clark,6.618571428571428,6.80349,6.7300715,0.07341896,8.110687022900763,39.96662494785148,,31.043256997455472,79.03944020356234,52.79383429672448,37.786259541984734,27.32188295165394,27.32188295165394,38.84,2213
28137,MS,Tate,7.238571428571428,8.017988,6.946792,1.0711964,58.87404580152672,45.76554025865666,,26.526717557251914,50.19083969465649,76.30057803468208,74.93638676844785,41.221374045801525,41.221374045801525,38.78,2214
49051,UT,Wasatch,9.928571428571429,9.601099,9.076234,0.52486557,94.21119592875316,,,32.347328244274806,24.459287531806613,17.052023121387283,11.83206106870229,33.524173027989825,33.524173027989825,38.77,2215
50005,VT,Caledonia,8.568571428571428,7.7636056,7.474057,0.28954813,17.779898218829516,71.25573633708802,,52.79898218829516,0.0,27.328195247270394,10.2735368956743,30.15267175572519,30.15267175572519,38.73,2216
27093,MN,Meeker,7.511428571428572,7.981824,7.915482,0.06634198,25.95419847328244,,,36.291348600508904,43.765903307888046,43.705844572896595,48.44147582697201,26.97201017811705,26.97201017811705,38.71,2217
18135,IN,Randolph,7.88,7.301651,6.9147277,0.38692328,7.092875318066158,32.37380058406341,,46.978371501272264,0.0,18.81824020552344,69.30661577608143,31.456743002544528,31.456743002544528,38.7,2218
18183,IN,Whitley,8.411428571428571,7.4561334,7.555187,-0.099054165,10.146310432569974,26.741760534000836,,34.28753180661578,64.63104325699746,53.114964675658314,60.94147582697202,24.58651399491094,24.58651399491094,38.68,2219
29087,MO,Holt,1.6179999999999999,2.3301437,3.0629501,-0.7328064,32.79262086513995,0.0,,21.660305343511453,86.48218829516541,51.83044315992292,40.80788804071247,15.680661577608143,15.680661577608143,38.67,2220
40023,OK,Choctaw,6.675,6.341732,4.6331725,1.7085598,65.13994910941476,43.721318314559866,,26.81297709923664,96.91475826972008,85.19588953114965,80.62977099236642,49.904580152671755,49.904580152671755,38.65,2221
27161,MN,Waseca,7.351428571428571,6.921781,7.0085993,-0.08681835,15.171755725190838,,,24.395674300254452,79.9618320610687,19.20359666024406,47.105597964376585,24.681933842239182,24.681933842239182,38.64,2222
45081,SC,Saluda,11.700000000000001,9.306537,8.291261,1.0152766,52.29007633587786,75.67793074676679,,46.596692111959285,62.11832061068703,44.92614001284522,63.963104325699746,40.13994910941476,40.13994910941476,38.63,2223
40061,OK,Haskell,7.65,9.705417,9.364789,0.34062877,91.793893129771,40.80100125156446,,22.614503816793892,93.92493638676845,63.45536287732819,46.31043256997455,30.50254452926209,30.50254452926209,38.55,2224
13315,GA,Wilcox,4.1275,4.8504987,5.7395153,-0.8890166,39.98091603053435,77.30496453900709,,9.223918575063614,80.24809160305344,44.9582530507386,40.33078880407125,13.16793893129771,13.16793893129771,38.51,2225
19019,IA,Buchanan,5.748571428571429,6.149385,6.262435,-0.11304992,7.188295165394402,12.390488110137673,,38.581424936386775,81.10687022900763,24.66281310211946,37.46819338422392,24.04580152671756,24.04580152671756,38.5,2226
29205,MO,Shelby,15.376,7.3804536,8.067182,-0.68672764,20.769720101781168,14.100959532749268,,14.567430025445294,60.94147582697202,79.80089916506101,37.24554707379134,15.935114503816797,15.935114503816797,38.48,2227
21203,KY,Rockcastle,9.65,8.919006,8.1658325,0.75317466,47.51908396946565,35.502711722987065,,52.958015267175576,22.7735368956743,40.141297366730896,48.88676844783715,36.1323155216285,36.1323155216285,38.47,2228
22059,LA,LaSalle Parish,4.282857142857143,6.1195464,7.0742226,-0.954676,20.006361323155215,65.03963287442637,,23.377862595419845,32.56997455470738,62.84521515735389,30.756997455470735,12.150127226463106,12.150127226463106,38.47,2228
22021,LA,Caldwell,4.586,5.134401,6.2041287,-1.069728,25.986005089058523,62.244472256987905,,17.62086513994911,54.35750636132316,56.26204238921002,39.885496183206115,10.496183206106872,10.496183206106872,38.45,2230
29073,MO,Gasconade,8.194285714285714,7.408025,6.949926,0.45809922,34.28753180661578,15.894868585732166,,46.11959287531807,35.49618320610687,79.44765574823379,35.17811704834606,31.96564885496183,31.96564885496183,38.45,2230
19101,IA,Jefferson,5.452857142857143,7.9246593,7.813352,0.11130701,54.67557251908397,13.0997079682937,,20.35623409669211,82.31552162849873,79.51188182402055,54.134860050890595,27.067430025445297,27.067430025445297,38.44,2232
13287,GA,Turner,7.1499999999999995,5.9896684,6.62417,-0.634502,39.63104325699746,76.30371297455152,,8.333333333333332,68.25699745547074,28.38792549775209,49.42748091603055,16.603053435114504,16.603053435114504,38.44,2232
31093,NE,Howard,9.072857142857144,7.2541428,7.346208,-0.09206605,52.767175572519086,,,14.7264631043257,87.24554707379136,7.257546563904945,35.87786259541985,24.204834605597963,24.204834605597963,38.44,2232
41031,OR,Jefferson,9.157142857142857,9.81709,9.5057,0.3113899,94.91094147582696,,,36.6412213740458,18.73409669211196,21.86897880539499,2.958015267175572,29.866412213740457,29.866412213740457,38.43,2235
19135,IA,Monroe,4.5928571428571425,5.1417403,6.2221017,-1.0803614,40.01272264631043,7.300792657488528,,9.064885496183203,90.20356234096693,42.38921001926782,39.91730279898219,10.30534351145038,10.30534351145038,38.43,2235
21147,KY,McCreary,5.4799999999999995,7.718827,7.7303605,-0.011533837,74.17302798982189,48.477263245723826,,24.30025445292621,16.857506361323153,44.34810533076429,48.15521628498728,25.318066157760818,25.318066157760818,38.43,2235
18015,IN,Carroll,8.785714285714286,8.495496,8.198069,0.29742685,7.15648854961832,29.954109303295784,,47.23282442748092,59.891857506361326,36.31984585741811,42.55725190839695,29.64376590330789,29.64376590330789,38.42,2238
42113,PA,Sullivan,3.1799999999999997,6.037715,7.0861673,-1.0484524,5.979643765903308,58.94868585732165,,37.37277353689568,0.0,6.872190109184329,12.150127226463106,10.71882951653944,10.71882951653944,38.41,2239
21219,KY,Todd,9.224285714285715,9.640299,9.416965,0.22333457,2.894402035623409,30.079265748852738,,29.103053435114507,65.64885496183206,40.23763648041105,55.1208651399491,28.56234096692112,28.56234096692112,38.4,2240
37003,NC,Alexander,9.058571428571428,8.711145,7.2570252,1.4541203,28.148854961832058,67.83479349186483,,60.33715012722646,52.83078880407125,28.06679511881824,53.276081424936386,45.801526717557245,45.801526717557245,38.38,2241
13181,GA,Lincoln,7.494285714285715,7.879799,9.289482,-1.4096832,38.963104325699746,54.52649144764289,,12.72264631043257,0.0,22.22222222222222,33.93765903307888,5.534351145038168,5.534351145038168,38.35,2242
19005,IA,Allamakee,6.428571428571429,7.621782,6.7018204,0.91996145,16.698473282442748,11.639549436795996,,50.47709923664122,50.445292620865146,43.416827231856125,55.6615776081425,38.19974554707379,38.19974554707379,38.33,2243
21213,KY,Simpson,8.885714285714286,8.233957,8.110132,0.12382551,5.470737913486006,27.325823946599915,,24.204834605597963,45.10178117048346,39.2742453436095,55.40712468193384,27.003816793893133,27.003816793893133,38.32,2244
24009,MD,Calvert,5.422857142857143,6.3523493,6.0863543,0.2659951,52.57633587786259,81.72715894868585,59.4,28.912213740458014,66.95292620865139,68.4971098265896,17.334605597964376,28.912213740458014,28.912213740458014,38.28,2245
44005,RI,Newport,9.178571428571429,8.335005,7.5342526,0.80075234,13.676844783715012,80.22528160200251,61.4,53.021628498727736,42.01653944020356,34.4572896596018,16.984732824427482,36.418575063613225,36.418575063613225,38.27,2246
13027,GA,Brooks,12.981428571428571,11.5346575,10.3247175,1.2099398,56.36132315521628,86.02419691280767,,31.106870229007633,55.62977099236641,42.93513166345536,58.5559796437659,42.11195928753181,42.11195928753181,38.25,2247
20159,KS,Rice,5.951428571428572,6.904781,6.660491,0.24428977,76.84478371501272,0.0,,22.169211195928753,63.8676844783715,46.14643545279383,62.75445292620865,28.530534351145036,28.530534351145036,38.24,2248
20149,KS,Pottawatomie,5.4157142857142855,6.659535,6.247859,0.41167632,90.7442748091603,0.0,,33.969465648854964,25.8587786259542,56.13359023763648,57.474554707379134,30.884223918575067,30.884223918575067,38.24,2248
37199,NC,Yancey,10.377142857142857,10.87056,9.646555,1.224004,51.78117048346056,54.943679599499376,,55.37531806615776,51.01781170483461,0.0,35.08269720101781,42.239185750636125,42.239185750636125,38.21,2250
20029,KS,Cloud,7.068571428571429,7.2511888,7.5955987,-0.3444097,62.11832061068703,,,22.264631043257,31.48854961832061,48.619139370584456,47.86895674300254,20.165394402035624,20.165394402035624,38.19,2251
26039,MI,Crawford,9.398571428571428,10.134865,10.63,-0.49513558,75.22264631043257,13.266583229036296,,35.52798982188295,0.0,10.822093770070648,26.33587786259542,18.03435114503817,18.03435114503817,38.18,2252
20077,KS,Harper,9.6075,9.719301,9.2586565,0.46064484,79.48473282442748,22.40300375469337,,16.316793893129773,88.00890585241731,47.65574823378291,62.72264631043257,31.32951653944021,31.32951653944021,38.12,2253
20061,KS,Geary,5.751428571428571,6.9972215,5.8718743,1.1253471,81.96564885496184,0.0,,40.776081424936386,25.795165394402037,67.18047527296082,81.26590330788804,40.5852417302799,40.5852417302799,38.08,2254
19185,IA,Wayne,7.078571428571428,8.887935,9.079123,-0.19118778,43.161577608142494,8.88610763454318,,14.026717557251908,94.81552162849873,52.7296082209377,55.18447837150128,22.010178117048344,22.010178117048344,38.03,2255
5109,AR,Pike,6.909999999999999,5.2660737,5.1289315,0.13714206,49.904580152671755,49.645390070921984,,39.94910941475827,38.645038167938935,51.0597302504817,43.06615776081425,26.55852417302799,26.55852417302799,38.0,2256
18151,IN,Steuben,8.051428571428572,8.614419,8.42512,0.18929842,12.94529262086514,28.493950771798083,,38.19974554707379,52.608142493638674,26.97495183044316,60.40076335877863,27.19465648854962,27.19465648854962,37.95,2257
18149,IN,Starke,8.775714285714285,7.7838287,7.753663,0.030165536,13.136132315521628,21.109720483938258,,27.480916030534353,0.0,35.067437379576106,59.732824427480914,24.93638676844784,24.93638676844784,37.94,2258
32021,NV,Mineral,10.596,4.420433,5.4649544,-1.044521,49.33206106870229,,,12.91348600508906,47.041984732824424,38.985228002569045,1.272264631043257,9.79643765903308,9.79643765903308,37.92,2259
48399,TX,Runnels,8.52,7.4276013,7.2840247,0.14357649,72.48727735368958,33.12473925740509,,23.40966921119593,85.20992366412213,37.05844572896597,42.11195928753181,26.494910941475823,26.494910941475823,37.92,2259
51187,VA,Warren,7.797142857142857,8.198325,7.6888313,0.5094945,36.418575063613225,59.90821860659157,,55.69338422391857,56.04325699745547,48.587026332691075,24.650127226463106,31.583969465648853,31.583969465648853,37.9,2261
13227,GA,Pickens,10.29142857142857,9.532159,8.784879,0.7472803,59.82824427480916,41.25990821860659,,45.260814249363875,37.72264631043257,16.82723185613359,62.43638676844784,34.79643765903308,34.79643765903308,37.84,2262
46019,SD,Butte,9.932857142857143,9.449485,9.523324,-0.07383899,86.89567430025447,,,33.42875318066158,19.6882951653944,13.55170199100835,23.282442748091604,23.25063613231552,23.25063613231552,37.83,2263
27121,MN,Pope,6.648571428571429,7.6380816,7.8982797,-0.2601978,36.51399491094148,,,36.704834605597966,41.921119592875314,36.57675016056519,30.18447837150127,20.5470737913486,20.5470737913486,37.78,2264
38049,ND,McHenry,2.424,6.0120554,6.8963776,-0.88432264,87.43638676844785,,,8.142493638676845,25.03180661577608,7.225433526011561,27.608142493638677,11.736641221374049,11.736641221374049,37.76,2265
20053,KS,Ellsworth,6.171428571428571,7.0510297,7.6913486,-0.6403193,77.3854961832061,0.0,,16.06234096692112,54.103053435114504,34.90687219010918,51.27226463104325,15.171755725190838,15.171755725190838,37.76,2265
56015,WY,Goshen,6.708571428571429,7.4270973,7.1197095,0.30738828,72.6145038167939,,,31.01145038167939,55.37531806615776,13.648041104688504,47.010178117048355,28.466921119592875,28.466921119592875,37.76,2265
39127,OH,Perry,9.389999999999999,8.297302,8.16617,0.13113175,18.447837150127228,19.107217355027117,,47.041984732824424,64.98091603053436,47.398843930635834,32.44274809160305,25.986005089058523,25.986005089058523,37.76,2265
13257,GA,Stephens,10.085714285714285,9.937853,9.273885,0.66396856,37.02290076335878,59.78306216103462,,44.02035623409669,22.932569974554703,30.892742453436096,56.80661577608143,33.42875318066158,33.42875318066158,37.74,2269
29117,MO,Livingston,7.40142857142857,7.568431,7.642033,-0.07360257,38.23155216284987,0.0,,26.431297709923665,76.8765903307888,56.358381502890175,64.8854961832061,23.02798982188295,23.02798982188295,37.71,2270
39097,OH,Madison,8.202857142857143,8.016992,7.9505353,0.06645612,2.862595419847328,21.652065081351687,,41.475826972010175,44.24300254452926,31.984585741811177,43.92493638676845,24.904580152671755,24.904580152671755,37.67,2271
8113,CO,San Miguel,10.774000000000001,9.478576,9.821343,-0.34276733,80.1208651399491,,,31.552162849872772,23.473282442748097,7.161207450224791,3.403307888040712,19.115776081424936,19.115776081424936,37.65,2272
13143,GA,Haralson,9.417142857142858,9.019689,8.755391,0.26429695,69.40203562340967,54.48477263245723,,39.24936386768448,53.24427480916031,35.228002569043035,58.206106870229014,27.608142493638677,27.608142493638677,37.63,2273
28015,MS,Carroll,2.81,3.5241618,3.5636392,-0.03947723,47.13740458015267,58.65665415102212,,20.388040712468193,68.1615776081425,51.60565189466923,47.32824427480916,23.314249363867685,23.314249363867685,37.62,2274
30099,MT,Teton,9.892857142857142,9.919087,10.262466,-0.3433791,73.50508905852418,,,32.1882951653944,37.18193384223918,9.152215799614645,5.025445292620865,19.020356234096692,19.020356234096692,37.6,2275
39047,OH,Fayette,9.768571428571429,8.382173,8.234618,0.14755453,5.089058524173027,33.08302044221944,,42.461832061068705,65.93511450381679,46.27488760436738,43.320610687022906,25.89058524173028,25.89058524173028,37.59,2276
51081,VA,Greensville,6.76,8.652408,9.07947,-0.42706218,12.245547073791348,79.30746766791825,,16.189567430025445,91.47582697201018,39.72382787411689,19.87913486005089,17.779898218829516,17.779898218829516,37.57,2277
20119,KS,Meade,5.4383333333333335,4.654977,5.2388377,-0.58386105,87.62722646310432,,,2.894402035623409,95.41984732824429,6.262042389210019,32.88804071246819,15.553435114503817,15.553435114503817,37.56,2278
18031,IN,Decatur,8.362857142857143,8.034452,8.0800905,-0.04563829,6.806615776081425,18.89862327909887,,36.51399491094148,42.74809160305343,20.84136159280668,59.541984732824424,23.123409669211195,23.123409669211195,37.56,2278
20167,KS,Russell,4.691666666666666,6.6966825,7.493395,-0.79671246,58.9058524173028,0.0,,9.923664122137405,70.06997455470739,34.071933204881184,45.960559796437664,12.53180661577608,12.53180661577608,37.54,2280
21079,KY,Garrard,8.522857142857143,8.6778345,8.211294,0.46653956,18.09796437659033,44.847726324572385,,40.93511450381679,32.06106870229007,29.190751445086704,57.56997455470738,30.248091603053435,30.248091603053435,37.53,2281
27173,MN,Yellow Medicine,7.279999999999999,6.7507167,6.2931495,0.45756698,25.508905852417303,,,29.293893129770993,63.167938931297705,88.59987154784844,33.49236641221374,29.961832061068705,29.961832061068705,37.45,2282
30093,MT,Silver Bow,10.515714285714285,9.802767,8.768859,1.0339077,80.72519083969466,,,21.692111959287537,14.472010178117047,13.872832369942197,9.764631043256998,38.040712468193384,38.040712468193384,37.44,2283
30087,MT,Rosebud,6.8342857142857145,8.434754,6.562657,1.8720981,95.0063613231552,,,56.52035623409669,33.5559796437659,31.82402055234425,10.082697201017812,49.713740458015266,49.713740458015266,37.4,2284
41037,OR,Lake,8.775714285714285,10.07019,10.379422,-0.3092319,89.2175572519084,,,37.595419847328245,20.165394402035624,24.277456647398843,2.035623409669211,19.083969465648856,19.083969465648856,37.39,2285
21155,KY,Marion,7.7299999999999995,7.988331,7.4978256,0.49050525,11.1323155216285,37.04630788485607,,39.662849872773535,29.802798982188293,27.874116891457938,61.895674300254456,30.216284987277355,30.216284987277355,37.35,2286
17171,IL,Scott,3.096,3.2653022,4.725808,-1.4605055,0.095419847328244,9.219858156028367,,5.120865139949109,71.5966921119593,35.131663455362876,15.235368956743004,2.767175572519084,2.767175572519084,37.32,2287
27151,MN,Swift,8.19,8.055379,7.927438,0.12794134,46.31043256997455,,,36.38676844783715,56.77480916030534,61.81759794476558,28.56234096692112,25.06361323155216,25.06361323155216,37.31,2288
31125,NE,Nance,8.075999999999999,7.172297,7.285147,-0.11285019,42.84351145038168,,,14.090330788804073,84.86005089058524,12.235067437379575,34.891857506361326,21.660305343511453,21.660305343511453,37.3,2289
18049,IN,Fulton,8.265714285714285,7.182616,7.3972564,-0.21464038,5.375318066157761,32.49895702962036,,20.51526717557252,70.10178117048346,37.63648041104688,50.82697201017812,20.197201017811707,20.197201017811707,37.29,2290
27055,MN,Houston,7.365714285714286,7.506471,7.057824,0.44864726,8.842239185750635,7.509386733416772,,46.024173027989825,42.30279898218829,35.48490687219011,41.88931297709924,29.51653944020356,29.51653944020356,37.29,2290
25019,MA,Nantucket,4.4174999999999995,6.7232285,5.6146116,1.1086171,13.008905852417302,90.94701710471422,70.0,16.571246819338423,21.85114503816794,0.0,4.103053435114504,38.676844783715005,38.676844783715005,37.24,2292
18165,IN,Vermillion,6.884285714285714,6.337146,6.3030524,0.034092937,7.347328244274809,29.32832707551106,,32.98346055979644,58.5559796437659,38.40719332048812,39.53562340966921,23.44147582697201,23.44147582697201,37.16,2293
51007,VA,Amelia,8.452857142857143,6.4293327,7.201799,-0.7724661,6.297709923664121,67.75135586149354,,11.38676844783715,94.46564885496184,25.497752087347465,19.84732824427481,11.959287531806616,11.959287531806616,37.08,2294
56011,WY,Crook,7.40142857142857,6.884298,7.3644643,-0.48016664,85.05089058524173,,,20.13358778625954,18.670483460559797,4.206807964033398,22.201017811704833,16.06234096692112,16.06234096692112,37.08,2294
20143,KS,Ottawa,6.314285714285715,8.390683,8.810068,-0.41938466,72.64631043256999,0.0,,23.982188295165393,33.778625954198475,36.44829800899166,43.89312977099237,16.889312977099237,16.889312977099237,37.07,2296
20127,KS,Morris,4.366,5.1633224,4.828738,0.33458424,84.06488549618322,0.0,,27.767175572519083,48.95038167938932,80.92485549132948,54.198473282442755,27.449109414758272,27.449109414758272,37.06,2297
39065,OH,Hardin,8.127142857142857,7.2699738,7.1380424,0.1319313,1.272264631043257,43.59616186900292,,40.20356234096692,0.0,23.474630700064225,36.291348600508904,24.427480916030532,24.427480916030532,36.97,2298
55015,WI,Calumet,8.372857142857143,7.8852777,7.338367,0.54691136,10.082697201017812,10.179390905298288,,33.14249363867685,0.0,46.2106615285806,58.23791348600509,30.18447837150127,30.18447837150127,36.93,2299
39021,OH,Champaign,8.465714285714286,8.208869,7.9031534,0.30571523,3.371501272264631,27.617855652899458,,43.79770992366412,50.31806615776081,26.36480411046885,46.37404580152672,26.74936386768448,26.74936386768448,36.91,2300
21143,KY,Lyon,6.785714285714286,8.278338,7.8188324,0.4595061,12.754452926208652,17.813934084272006,,18.161577608142498,69.56106870229007,45.98587026332691,48.02798982188295,28.880407124681938,28.880407124681938,36.89,2301
47025,TN,Claiborne,9.338571428571429,9.3802395,7.927236,1.4530029,81.36132315521628,43.42928660826033,,51.7175572519084,29.325699745547073,9.762363519588952,47.80534351145038,42.8117048346056,42.8117048346056,36.88,2302
13235,GA,Pulaski,12.331428571428571,11.862788,12.159169,-0.2963801,56.170483460559794,74.25949103045474,,20.674300254452927,82.60178117048346,55.07385998715478,27.92620865139949,18.161577608142498,18.161577608142498,36.84,2303
37115,NC,Madison,8.790000000000001,9.068898,8.707133,0.36176544,62.56361323155216,41.55193992490614,,46.75572519083969,15.203562340966922,0.0,25.349872773536894,27.353689567430024,27.353689567430024,36.82,2304
19173,IA,Taylor,8.344285714285714,7.7419167,6.5843225,1.1575943,36.54580152671756,10.346266166040884,,20.865139949109416,97.36005089058524,81.5028901734104,54.26208651399491,38.48600508905852,38.48600508905852,36.79,2305
18139,IN,Rush,6.725714285714287,7.0819917,7.532525,-0.4505339,1.240458015267176,19.941593658740093,,28.498727735368956,48.50508905852418,15.863840719332048,54.834605597964384,15.776081424936386,15.776081424936386,36.73,2306
8011,CO,Bent,11.36,9.837421,11.009064,-1.1716418,64.69465648854961,,,7.569974554707379,66.88931297709924,7.89980732177264,19.65648854961832,5.629770992366412,5.629770992366412,36.72,2307
41027,OR,Hood River,7.14,8.137518,7.426155,0.71136284,94.78371501272264,,,30.438931297709924,15.076335877862595,45.728965960179835,6.552162849872774,32.06106870229007,32.06106870229007,36.71,2308
55119,WI,Taylor,6.2042857142857155,7.863317,6.7724233,1.0908941,14.408396946564888,0.0,,42.525445292620866,18.98854961832061,31.374438021836863,48.6323155216285,37.18193384223918,37.18193384223918,36.61,2309
8055,CO,Huerfano,8.642857142857142,7.7764244,7.6017265,0.17469798,87.56361323155215,,,47.86895674300254,29.961832061068705,18.24020552344252,11.704834605597965,24.236641221374043,24.236641221374043,36.57,2310
51049,VA,Cumberland,7.321428571428571,8.035906,8.1834135,-0.14750685,8.078880407124682,72.88277012932832,,16.50763358778626,96.46946564885496,22.28644829800899,17.557251908396946,19.720101781170484,19.720101781170484,36.57,2310
26105,MI,Mason,9.735714285714286,9.561288,9.304645,0.25664228,41.539440203562336,15.811430955360867,32.800000000000004,44.847328244274806,0.0,34.32883750802826,25.159033078880405,25.349872773536894,25.349872773536894,36.55,2312
13023,GA,Bleckley,8.95,8.310446,8.029937,0.2805092,48.98218829516539,73.80058406341261,,15.966921119592875,78.02162849872775,80.08991650610147,28.403307888040715,25.667938931297712,25.667938931297712,36.54,2313
27063,MN,Jackson,6.258571428571429,6.6984377,6.645597,0.052840333,32.37913486005089,,,33.23791348600509,63.61323155216285,28.612716763005775,41.475826972010175,22.423664122137403,22.423664122137403,36.52,2314
21191,KY,Pendleton,9.128571428571428,8.443366,7.857861,0.58550537,5.534351145038168,8.343763037129746,,49.10941475826972,18.28880407124682,35.16377649325626,51.81297709923665,29.898218829516537,29.898218829516537,36.51,2315
30057,MT,Madison,11.657142857142857,12.063644,10.683418,1.3802259,87.34096692111959,,,29.834605597964376,29.834605597964376,5.65189466923571,4.071246819338422,41.03053435114504,41.03053435114504,36.5,2316
37075,NC,Graham,10.09142857142857,8.981207,9.093886,-0.1126805,49.586513994910945,42.636629119733,,38.00890585241729,0.0,0.0,26.78117048346056,20.06997455470738,20.06997455470738,36.5,2316
39161,OH,Van Wert,7.927142857142856,7.2452846,7.354341,-0.10905661,3.435114503816794,29.828952857738837,,33.68320610687023,0.0,20.552344251766215,48.18702290076336,20.10178117048346,20.10178117048346,36.49,2318
51141,VA,Patrick,9.959999999999999,9.076554,9.130125,-0.053570423,22.32824427480916,64.20525657071339,,42.270992366412216,62.37277353689568,7.418111753371869,21.310432569974555,20.865139949109416,20.865139949109416,36.48,2319
51111,VA,Lunenburg,7.752857142857143,8.397599,8.522554,-0.124956094,15.362595419847327,76.51230705047976,,17.080152671755723,92.17557251908397,34.36095054592164,22.900763358778622,19.84732824427481,19.84732824427481,36.48,2319
13137,GA,Habersham,9.257142857142856,9.96295,8.731429,1.2315204,48.60050890585242,58.36462244472257,,44.052162849872765,34.82824427480916,8.606294155427104,60.68702290076335,38.89949109414758,38.89949109414758,36.48,2319
17083,IL,Jersey,5.144285714285714,4.774695,4.9690847,-0.19439001,0.477099236641221,8.802670004171882,,18.03435114503817,45.51526717557252,79.28709055876686,38.07251908396945,18.861323155216287,18.861323155216287,36.47,2322
28111,MS,Perry,6.138,6.7921357,6.9407806,-0.14864497,70.61068702290076,80.68418856904464,,23.600508905852415,36.25954198473281,39.78805394990366,44.274809160305345,19.49745547073791,19.49745547073791,36.47,2322
27011,MN,Big Stone,8.212857142857143,6.115283,7.0442505,-0.9289679,32.029262086513995,,,13.581424936386767,23.918575063613233,30.700064226075785,23.25063613231552,8.524173027989821,8.524173027989821,36.46,2324
16059,ID,Lemhi,13.02,11.052835,9.636793,1.4160423,93.19338422391856,,,59.764631043257,14.376590330788805,12.491971740526656,3.148854961832061,41.4440203562341,41.4440203562341,36.46,2324
56045,WY,Weston,4.905714285714287,6.335664,7.309906,-0.9742423,83.7468193384224,,,8.206106870229007,14.662849872773537,4.977520873474631,22.264631043257,7.888040712468193,7.888040712468193,36.46,2324
26079,MI,Kalkaska,9.764285714285716,10.320946,10.340544,-0.019598076,54.961832061068705,10.680016687526074,,31.361323155216287,0.0,16.89145793192036,27.735368956743,21.278625954198475,21.278625954198475,36.45,2327
38057,ND,Mercer,2.8185714285714285,3.793522,4.339999,-0.5464775,61.57760814249363,,,16.412213740458014,20.99236641221374,14.065510597302506,28.530534351145036,13.8676844783715,13.8676844783715,36.45,2327
31029,NE,Chase,5.554,5.556056,6.614118,-1.0580617,25.095419847328245,,,3.657760814249364,68.03435114503816,12.010276172125884,25.286259541984737,6.679389312977099,6.679389312977099,36.44,2329
31083,NE,Harlan,7.141666666666667,8.780028,8.031266,0.748761,35.01908396946565,,,9.255725190839694,92.84351145038168,17.4373795761079,35.81424936386768,32.029262086513995,32.029262086513995,36.43,2330
6003,CA,Alpine,6.3100000000000005,6.493347,7.2718706,-0.77852297,89.12213740458014,,,11.19592875318066,0.0,4.592164418754014,1.081424936386768,10.559796437659031,10.559796437659031,36.42,2331
21053,KY,Clinton,8.635000000000002,8.217608,7.9948344,0.22277445,33.42875318066158,45.47350855235711,,40.966921119592875,23.377862595419845,23.699421965317917,46.18320610687023,24.52290076335878,24.52290076335878,36.37,2332
12013,FL,Calhoun,10.905714285714286,8.621265,6.943919,1.6773466,59.63740458015267,89.11138923654568,21.2,32.156488549618324,49.204834605597966,42.32498394348105,56.61577608142495,44.94274809160305,44.94274809160305,36.37,2332
21005,KY,Anderson,7.508571428571429,8.288645,7.927773,0.36087173,8.015267175572518,18.564872757613685,,34.38295165394402,17.68447837150127,25.722543352601157,64.18575063613231,26.33587786259542,26.33587786259542,36.31,2334
19089,IA,Howard,6.801428571428572,7.150666,7.553006,-0.4023401,9.255725190839694,9.55360867751356,,25.41348600508906,78.33969465648855,16.730892742453435,40.5852417302799,15.585241730279895,15.585241730279895,36.29,2335
28097,MS,Montgomery,4.795714285714285,6.258077,6.9897966,-0.73171955,27.83078880407125,53.69211514392991,,14.599236641221374,47.93256997455471,45.34360950545921,44.847328244274806,10.909669211195927,10.909669211195927,36.27,2336
40141,OK,Tillman,8.559999999999999,8.698216,9.243868,-0.5456515,52.703562340966926,35.127242386316226,,6.743002544529262,87.91348600508906,48.26589595375722,41.0941475826972,13.42239185750636,13.42239185750636,36.22,2337
8071,CO,Las Animas,9.585714285714285,8.507544,8.324806,0.18273667,91.82569974554707,,,36.25954198473281,49.17302798982188,25.43352601156069,14.090330788804073,23.6323155216285,23.6323155216285,36.21,2338
18079,IN,Jennings,8.708571428571428,8.893937,8.120685,0.7732529,14.217557251908396,23.445974134334584,,44.37022900763359,51.176844783715005,29.126525369299937,67.84351145038168,31.90203562340967,31.90203562340967,36.2,2339
19077,IA,Guthrie,6.744285714285715,7.5999427,7.2082686,0.39167398,39.090330788804074,10.054234459741345,,22.010178117048344,94.94274809160304,29.96146435452794,64.12213740458014,26.526717557251914,26.526717557251914,36.19,2340
42093,PA,Montour,4.138571428571429,5.4423614,5.89346,-0.4510981,4.643765903307888,61.201501877346686,,38.32697201017812,0.0,27.135517019910083,20.32442748091603,14.662849872773537,14.662849872773537,36.17,2341
5105,AR,Perry,8.274285714285714,10.550212,10.046275,0.50393623,55.05725190839694,34.96036712557363,,38.54961832061068,54.54834605597965,55.61978163134233,64.24936386768448,28.053435114503817,28.053435114503817,36.16,2342
20193,KS,Thomas,6.305714285714286,6.1717257,6.9890265,-0.8173011,15.394402035623408,,,6.329516539440204,82.15648854961832,12.780989081567116,36.51399491094148,9.446564885496183,9.446564885496183,36.13,2343
21187,KY,Owen,7.13,7.6578984,8.06,-0.40210137,5.629770992366412,13.183145598664996,,30.852417302798983,21.501272264631044,25.08028259473346,50.604325699745544,15.203562340966922,15.203562340966922,36.1,2344
51181,VA,Surry,6.711428571428572,6.957513,8.105234,-1.1477216,16.889312977099237,69.58698372966208,42.0,6.011450381679389,81.67938931297711,21.25883108542068,14.217557251908396,4.707379134860051,4.707379134860051,36.08,2345
19039,IA,Clarke,7.337142857142857,7.440332,7.6120944,-0.1717621,42.01653944020356,7.801418439716312,,9.637404580152673,92.58905852417303,54.303147077713554,44.59287531806616,18.384223918575064,18.384223918575064,36.07,2346
20203,KS,Wichita,4.109999999999999,6.697234,7.591468,-0.89423364,9.955470737913483,,,4.389312977099237,80.40712468193384,4.720616570327553,17.970737913486005,8.174300254452927,8.174300254452927,36.04,2347
20081,KS,Haskell,5.0200000000000005,3.8953,4.299371,-0.40407056,24.93638676844784,,,1.812977099236641,96.2150127226463,4.142581888246628,25.986005089058523,15.012722646310433,15.012722646310433,36.02,2348
51097,VA,King and Queen,7.031428571428571,7.00336,7.32199,-0.31862995,17.557251908396946,68.41885690446391,51.6,16.475826972010175,95.70610687022901,22.4791265253693,19.115776081424936,16.189567430025445,16.189567430025445,36.0,2349
19107,IA,Keokuk,6.991428571428571,6.1511602,6.0649,0.086260185,44.37022900763359,10.429703796412182,,29.580152671755727,80.53435114503816,52.02312138728323,42.270992366412216,21.85114503816794,21.85114503816794,35.99,2350
18161,IN,Union,6.467142857142856,6.4046364,7.4989543,-1.0943182,0.413486005089058,9.8456403838131,,9.541984732824428,28.212468193384225,11.560693641618498,28.37150127226463,5.216284987277354,5.216284987277354,35.96,2351
16057,ID,Latah,9.924285714285714,9.525119,8.619864,0.90525544,92.08015267175573,,,50.413486005089055,15.998727735368956,51.252408477842,9.446564885496183,33.26972010178117,33.26972010178117,35.95,2352
51620,VA,Franklin City,7.292857142857144,6.600026,7.5233026,-0.9232761,2.067430025445293,78.84856070087609,16.6,11.800254452926207,0.0,34.52151573538857,19.910941475826966,7.538167938931298,7.538167938931298,35.92,2353
26011,MI,Arenac,7.857142857142857,8.626144,8.635568,-0.009423392,35.11450381679389,29.662077596996244,39.2,37.43638676844784,0.0,13.776493256262045,31.870229007633593,20.32442748091603,20.32442748091603,35.9,2354
21109,KY,Jackson,2.5925,3.9262772,3.6551385,0.27113876,79.83460559796438,39.25740508969545,,42.43002544529262,0.0,33.71868978805395,31.806615776081426,24.17302798982188,24.17302798982188,35.86,2355
17009,IL,Brown,3.75,5.297241,6.39883,-1.1015886,0.22264631043257,9.136420525657073,,4.071246819338422,54.93002544529262,62.55619781631342,17.748091603053435,4.739185750636132,4.739185750636132,35.77,2356
20001,KS,Allen,5.201428571428571,6.6639075,7.015514,-0.35160595,22.36005089058524,16.77096370463079,,26.33587786259542,55.916030534351144,54.399486191393706,35.273536895674305,15.267175572519085,15.267175572519085,35.77,2356
21075,KY,Fulton,19.29,15.019862,13.117931,1.9019308,4.834605597964376,34.58489778890279,,19.21119592875318,84.03307888040712,51.15606936416185,50.349872773536894,46.75572519083969,46.75572519083969,35.7,2358
53051,WA,Pend Oreille,9.87857142857143,10.556605,9.987433,0.569173,76.8765903307888,,,54.32569974554708,13.072519083969466,32.81952472703918,5.916030534351145,28.021628498727736,28.021628498727736,35.69,2359
19095,IA,Iowa,6.069999999999999,6.309326,5.723541,0.58578557,61.1323155216285,10.888610763454318,,32.60178117048346,75.19083969465649,49.71098265895954,59.891857506361326,28.24427480916031,28.24427480916031,35.68,2360
51011,VA,Appomattox,7.0042857142857144,6.6891303,7.750956,-1.0618246,21.342239185750635,60.99290780141844,,14.662849872773537,44.72010178117048,20.070648683365448,15.076335877862595,5.089058524173027,5.089058524173027,35.67,2361
8073,CO,Lincoln,7.734285714285714,8.324544,9.215836,-0.89129114,58.42875318066157,,,14.75826972010178,63.48600508905853,5.716120745022479,25.06361323155216,7.474554707379134,7.474554707379134,35.67,2361
30061,MT,Mineral,8.711428571428572,9.585179,10.485408,-0.9002286,85.55979643765902,,,15.998727735368956,13.326972010178118,15.478484264611431,1.304071246819339,7.347328244274809,7.347328244274809,35.66,2363
17045,IL,Edgar,5.424285714285714,6.7396917,5.675367,1.064325,10.019083969465647,42.59491030454734,,30.025445292620866,86.45038167938931,59.44123314065511,48.091603053435115,34.9236641221374,34.9236641221374,35.66,2363
47139,TN,Polk,10.837142857142856,9.60951,8.810432,0.7990776,75.63613231552164,46.01585314977055,,42.55725190839695,42.77989821882952,18.65767501605652,50.667938931297705,31.17048346055979,31.17048346055979,35.65,2365
50017,VT,Orange,8.371428571428572,8.681315,8.211556,0.46975973,17.17557251908397,65.45682102628285,,50.0,0.0,36.70520231213873,13.326972010178118,26.431297709923665,26.431297709923665,35.59,2366
47005,TN,Benton,9.998571428571429,8.692778,7.324557,1.3682212,15.839694656488549,40.46725073007927,,20.197201017811707,31.138676844783713,50.06422607578676,55.916030534351144,39.05852417302799,39.05852417302799,35.59,2366
56037,WY,Sweetwater,3.6914285714285713,5.409333,4.639248,0.7700858,66.15776081424937,,,52.44910941475827,19.62468193384224,0.0,9.35114503816794,30.629770992366407,30.629770992366407,35.58,2368
30091,MT,Sheridan,3.611666666666667,4.544529,4.8815646,-0.3370352,51.20865139949109,,,13.263358778625957,37.11832061068702,16.859344894026975,16.125954198473284,15.076335877862595,15.076335877862595,35.57,2369
38073,ND,Ransom,8.648571428571428,8.430403,8.899656,-0.46925363,59.764631043257,,,14.344783715012724,18.384223918575064,13.166345536287732,24.07760814249364,13.199745547073793,13.199745547073793,35.56,2370
31003,NE,Antelope,9.669999999999998,8.949629,8.969192,-0.019563127,58.07888040712468,,,11.354961832061068,84.22391857506362,21.836865767501607,43.829516539440206,19.46564885496183,19.46564885496183,35.54,2371
39125,OH,Paulding,8.025714285714285,7.7319345,7.6266217,0.105312824,4.421119592875318,32.29036295369212,,39.153944020356235,0.0,17.148362235067438,51.24045801526719,21.151399491094143,21.151399491094143,35.51,2372
18143,IN,Scott,7.74,8.607945,8.424532,0.18341276,6.138676844783715,19.98331247392574,,23.918575063613233,37.913486005089055,31.920359666024407,72.64631043256999,22.264631043257,22.264631043257,35.51,2372
27065,MN,Kanabec,7.882857142857143,8.154913,8.037311,0.117601596,63.32697201017812,,,34.541984732824424,33.842239185750635,26.718047527296086,38.00890585241729,21.310432569974555,21.310432569974555,35.5,2374
18021,IN,Clay,8.55,7.981793,7.451439,0.53035444,6.838422391857506,18.39799749687109,,34.19211195928753,57.601781170483456,49.454078355812456,45.260814249363875,27.035623409669213,27.035623409669213,35.46,2375
26029,MI,Charlevoix,11.319999999999999,10.378739,10.179536,0.19920336,16.221374045801525,17.73049645390071,26.4,32.31552162849873,0.0,17.758509955041745,20.674300254452927,22.32824427480916,22.32824427480916,35.44,2376
27165,MN,Watonwan,7.624285714285714,7.069204,6.7600617,0.30914262,9.192111959287532,,,24.904580152671755,75.28625954198473,41.5863840719332,44.43384223918575,23.886768447837152,23.886768447837152,35.44,2376
29003,MO,Andrew,8.294285714285715,7.7655683,7.557835,0.20773295,50.15903307888042,0.0,,24.650127226463106,71.81933842239185,50.09633911368015,65.48982188295165,22.137404580152673,22.137404580152673,35.28,2378
42057,PA,Fulton,5.644285714285714,7.6700935,8.483088,-0.8129943,22.7735368956743,71.21401752190238,,21.469465648854964,25.604325699745544,18.015414258188827,15.489821882951654,7.760814249363868,7.760814249363868,35.26,2379
49037,UT,San Juan,8.795714285714286,7.93572,7.3924828,0.54323757,82.3473282442748,,,23.950381679389313,56.87022900763359,78.1631342324984,5.438931297709924,26.81297709923664,26.81297709923664,35.26,2379
53001,WA,Adams,10.042857142857143,10.395668,10.104104,0.2915638,85.20992366412213,,,34.31933842239186,20.5470737913486,51.8946692357097,7.188295165394402,23.21882951653944,23.21882951653944,35.23,2381
31013,NE,Box Butte,5.0528571428571425,5.89338,5.7626886,0.13069163,61.323155216284995,,,5.852417302798982,96.56488549618322,9.95504174694926,31.106870229007633,20.960559796437657,20.960559796437657,35.23,2381
31159,NE,Seward,7.411428571428572,7.5633736,7.152843,0.41053078,72.07379134860051,0.0,,22.964376590330794,64.85368956743002,18.047527296082208,59.92366412213741,24.87277353689567,24.87277353689567,35.22,2383
38069,ND,Pierce,1.982,3.3995895,4.527928,-1.1283383,56.48854961832062,,,2.512722646310432,23.727735368956743,5.876685934489402,15.648854961832065,3.244274809160305,3.244274809160305,35.21,2384
51683,VA,Manassas City,6.525714285714286,6.87352,7.0391307,-0.16561058,0.795165394402036,65.24822695035462,,31.679389312977097,0.0,58.220937700706486,28.466921119592875,16.634860050890584,16.634860050890584,35.15,2385
31147,NE,Richardson,4.11,6.0399075,6.4019804,-0.362073,66.88931297709924,0.0,,16.666666666666664,77.57633587786259,53.307642903018625,48.791348600508904,13.83587786259542,13.83587786259542,35.13,2386
50011,VT,Franklin,8.205714285714286,8.054799,7.321097,0.7337018,12.595419847328245,59.11556111806424,,52.09923664122137,0.0,37.44380218368658,14.821882951653944,29.198473282442748,29.198473282442748,35.12,2387
8047,CO,Gilpin,7.351428571428571,7.1761518,8.069834,-0.8936815,87.5,,,11.577608142493638,0.0,0.0,15.871501272264632,6.361323155216285,6.361323155216285,35.12,2387
51053,VA,Dinwiddie,7.802857142857143,7.5326333,7.5009856,0.03164765,21.882951653944023,66.54151022110972,,22.105597964376592,93.95674300254453,42.29287090558767,28.053435114503817,19.338422391857502,19.338422391857502,35.11,2389
40063,OK,Hughes,13.180000000000001,9.802147,8.706873,1.0952743,89.69465648854961,37.922403003754695,,17.525445292620866,65.235368956743,61.7533718689788,64.28117048346056,34.033078880407125,34.033078880407125,34.99,2390
47161,TN,Stewart,9.468571428571428,8.701799,7.9336143,0.76818436,7.601781170483461,19.02377972465582,,22.80534351145038,34.764631043257,39.21001926782274,64.98091603053436,29.357506361323153,29.357506361323153,34.95,2391
31143,NE,Polk,9.007142857142856,7.630578,7.118436,0.5121419,38.39058524173028,,,16.444020356234095,81.29770992366412,23.02504816955684,36.80025445292621,25.699745547073793,25.699745547073793,34.92,2392
36097,NY,Schuyler,7.76,7.3450384,7.496209,-0.1511706,6.933842239185751,57.82227784730913,,39.090330788804074,66.06234096692111,20.32755298651252,22.137404580152673,16.253180661577606,16.253180661577606,34.85,2393
27073,MN,Lac Qui Parle,7.582857142857143,6.721564,6.6897116,0.031852365,29.67557251908397,,,25.572519083969464,59.09669211195929,59.95504174694927,29.961832061068705,18.79770992366412,18.79770992366412,34.84,2394
19069,IA,Franklin,7.61,6.730174,6.47391,0.25626394,6.106870229007633,11.556111806424695,,13.963104325699746,95.73791348600508,8.253050738599873,50.286259541984734,21.946564885496183,21.946564885496183,34.84,2394
46115,SD,Spink,5.703999999999999,6.270957,6.3142276,-0.04327073,66.53944020356234,,,25.318066157760818,38.74045801526719,21.901091843288377,33.969465648854964,17.65267175572519,17.65267175572519,34.8,2396
38019,ND,Cavalier,4.274,4.3261027,4.7789526,-0.45285004,52.79898218829516,,,6.774809160305344,35.01908396946565,5.844572896596018,16.889312977099237,11.83206106870229,11.83206106870229,34.76,2397
18179,IN,Wells,8.254285714285714,8.200853,7.8683887,0.33246443,4.961832061068702,26.533166458072593,,37.659033078880405,39.662849872773535,47.84842646114322,59.06488549618321,22.837150127226465,22.837150127226465,34.75,2398
55049,WI,Iowa,8.177142857142858,8.223469,7.840907,0.3825617,19.46564885496183,8.17688777638715,,31.743002544529265,27.989821882951656,43.834296724470136,49.33206106870229,23.377862595419845,23.377862595419845,34.67,2399
19115,IA,Louisa,3.8757142857142854,5.7171164,5.755671,-0.0385546,35.20992366412214,11.848143512724238,,20.896946564885496,77.29007633587787,52.18368657675016,34.19211195928753,17.4618320610687,17.4618320610687,34.67,2399
53003,WA,Asotin,8.538571428571428,8.263522,8.269202,-0.0056796074,89.3765903307888,,,38.51781170483461,13.83587786259542,53.82145150931279,6.870229007633588,17.90712468193384,17.90712468193384,34.66,2401
51063,VA,Floyd,7.357142857142857,5.9194674,6.719028,-0.7995604,49.363867684478365,53.274926992073425,,17.270992366412212,64.56743002544529,2.376364804110469,10.973282442748092,6.615776081424936,6.615776081424936,34.59,2402
13195,GA,Madison,10.288571428571428,9.663504,8.873312,0.7901913,29.739185750636132,69.33667083854819,,34.4147582697201,54.38931297709924,43.73795761078998,58.524173027989825,28.944020356234095,28.944020356234095,34.59,2402
19141,IA,Obrien,6.168571428571428,6.3174014,6.4204965,-0.10309464,12.659033078880409,,,18.51145038167939,67.1119592875318,20.969813744380215,48.72773536895674,16.412213740458014,16.412213740458014,34.59,2402
26133,MI,Osceola,9.9,9.282844,8.846004,0.4368399,23.282442748091604,19.6912807676262,,36.67302798982188,0.0,20.134874759152215,36.45038167938932,23.918575063613233,23.918575063613233,34.56,2405
39121,OH,Noble,7.706,7.311119,7.6192827,-0.3081635,22.58269720101781,48.977889027951605,,35.782442748091604,42.49363867684479,28.74116891457932,24.681933842239182,13.454198473282442,13.454198473282442,34.55,2406
21103,KY,Henry,7.175714285714286,7.6001897,7.7432327,-0.14304304,5.916030534351145,9.678765123070503,,27.29007633587786,22.455470737913487,20.809248554913296,50.15903307888042,15.744274809160306,15.744274809160306,34.54,2407
21077,KY,Gallatin,7.432857142857143,6.7144923,6.741673,-0.027181353,2.003816793893129,7.175636211931582,,33.87404580152672,19.783715012722645,18.72190109184329,46.660305343511446,17.270992366412212,17.270992366412212,34.49,2408
47159,TN,Smith,10.237142857142857,8.936434,8.8563,0.080133505,5.884223918575064,23.112223612849395,,31.615776081424933,42.04834605597965,25.818882466281313,49.840966921119595,18.76590330788804,18.76590330788804,34.48,2409
27039,MN,Dodge,6.718571428571429,6.8344502,7.075106,-0.24065593,4.4529262086514,,,23.85496183206107,61.768447837150134,24.694926140012846,43.447837150127235,14.217557251908396,14.217557251908396,34.46,2410
12007,FL,Bradford,9.957142857142857,10.057017,8.683272,1.3737457,80.78880407124683,87.56779307467669,0.0,30.56615776081425,17.748091603053435,47.88053949903661,41.348600508905854,36.863867684478365,36.863867684478365,34.45,2411
13225,GA,Peach,8.335714285714285,8.123552,7.7738824,0.34966984,56.329516539440206,70.75511055486025,,22.709923664122137,88.93129770992367,66.69877970456005,27.035623409669213,22.487277353689567,22.487277353689567,34.45,2411
46009,SD,Bon Homme,6.85,8.136745,8.611649,-0.47490364,53.49872773536896,,,8.874045801526718,85.68702290076337,23.18561335902376,33.17430025445292,10.846055979643769,10.846055979643769,34.42,2413
38031,ND,Foster,4.155714285714286,4.0707803,4.7894125,-0.7186324,48.37786259541985,,,3.180661577608142,24.427480916030532,8.413615928066795,18.3206106870229,7.410941475826973,7.410941475826973,34.41,2414
32029,NV,Storey,9.964285714285714,9.98398,9.43716,0.54682034,96.31043256997457,,,9.82824427480916,14.7264631043257,6.390494540783558,1.972010178117048,25.159033078880405,25.159033078880405,34.4,2415
12047,FL,Hamilton,12.099999999999998,9.637826,7.812588,1.8252382,69.27480916030534,90.0709219858156,,25.89058524173028,38.48600508905852,40.815671162491974,33.396946564885496,43.00254452926209,43.00254452926209,34.35,2416
56043,WY,Washakie,7.132857142857143,7.462127,6.964837,0.49729,66.73027989821882,,,48.60050890585242,29.48473282442748,7.482337829158639,14.980916030534353,24.36386768447837,24.36386768447837,34.35,2416
13189,GA,McDuffie,7.331428571428572,7.927419,7.3823366,0.5450831,59.95547073791349,65.33166458072591,,28.18066157760814,52.00381679389313,45.568400770712906,59.95547073791349,24.96819338422392,24.96819338422392,34.32,2418
16009,ID,Benewah,9.52,9.254385,9.064321,0.1900645,74.77735368956743,,,46.9147582697201,14.249363867684478,27.007064868336546,5.089058524173027,19.87913486005089,19.87913486005089,34.27,2419
29125,MO,Maries,6.307142857142857,5.883473,5.6147757,0.26869792,45.5470737913486,17.647058823529413,,28.944020356234095,37.81806615776082,64.61143224149004,43.86132315521628,20.833333333333336,20.833333333333336,34.19,2420
19137,IA,Montgomery,8.122857142857143,7.6073337,6.4230165,1.1843169,34.95547073791349,0.0,,34.57379134860051,82.69720101781171,69.78163134232499,61.60941475826972,33.68320610687023,33.68320610687023,34.19,2420
51660,VA,Harrisonburg City,6.732857142857142,7.490477,6.809643,0.68083394,10.559796437659031,70.6299541093033,,44.179389312977094,0.0,41.201027617212596,23.155216284987276,26.59033078880407,26.59033078880407,34.18,2422
19165,IA,Shelby,7.774285714285715,7.5379715,7.1236215,0.41435006,21.087786259541986,0.0,,19.46564885496183,78.81679389312977,36.19139370584457,63.231552162849866,22.7735368956743,22.7735368956743,34.14,2423
18025,IN,Crawford,9.338571428571429,8.95327,8.322685,0.6305846,8.460559796437659,12.76595744680851,,40.87150127226463,27.2264631043257,43.802183686576754,60.49618320610687,25.795165394402037,25.795165394402037,34.13,2424
45017,SC,Calhoun,6.361428571428571,8.342485,7.934649,0.40783715,51.81297709923665,81.01793909052984,,19.40203562340967,60.17811704834607,41.714836223506744,37.913486005089055,22.646310432569976,22.646310432569976,34.12,2425
38067,ND,Pembina,4.738571428571428,8.251503,7.9664392,0.28506353,63.8676844783715,,,28.68956743002545,31.93384223918575,11.946050096339114,21.278625954198475,20.928753180661577,20.928753180661577,34.12,2425
13035,GA,Butts,10.991428571428571,10.022924,9.763356,0.25956815,38.61323155216285,48.35210680016688,,32.092875318066156,53.912213740458014,44.60500963391138,44.87913486005089,20.51526717557252,20.51526717557252,34.1,2427
19031,IA,Cedar,5.67,6.168351,5.837997,0.33035445,31.774809160305345,10.262828535669586,,27.608142493638677,80.3117048346056,42.549775208734744,45.64249363867685,21.501272264631044,21.501272264631044,34.09,2428
18013,IN,Brown,8.715714285714286,8.779649,8.573664,0.20598486,8.269720101781171,7.092198581560284,,37.97709923664122,20.610687022900763,33.04431599229287,51.08142493638677,19.6882951653944,19.6882951653944,34.06,2429
47129,TN,Morgan,9.392857142857142,8.57995,8.411466,0.16848496,63.54961832061069,33.37505214851898,,25.699745547073793,24.77735368956743,4.527938342967245,39.28117048346056,19.052162849872772,19.052162849872772,34.0,2430
47041,TN,DeKalb,11.197142857142856,9.585388,8.955122,0.63026667,7.665394402035624,47.72632457238215,,34.51017811704835,52.51272264631043,24.373795761079,48.918575063613225,25.47709923664122,25.47709923664122,33.97,2431
39115,OH,Morgan,5.6579999999999995,5.1840415,5.0687766,0.11526489,11.19592875318066,36.42052565707134,,45.32442748091603,53.7531806615776,32.49839434810533,16.9529262086514,18.225190839694655,18.225190839694655,33.96,2432
51145,VA,Powhatan,7.747142857142857,7.386615,7.066106,0.32050863,12.849872773536896,61.53525239883187,,29.739185750636132,91.53944020356232,33.204881181759795,26.049618320610683,21.087786259541986,21.087786259541986,33.95,2433
38011,ND,Bowman,2.306,3.0477452,4.0775766,-1.0298318,56.71119592875318,,,2.44910941475827,25.508905852417303,6.80796403339756,11.513994910941475,2.099236641221374,2.099236641221374,33.94,2434
31179,NE,Wayne,8.34142857142857,7.3267593,7.5066295,-0.17987,58.206106870229014,,,16.539440203562343,72.86895674300254,59.987154784842645,43.51145038167939,13.963104325699746,13.963104325699746,33.9,2435
21229,KY,Washington,8.562857142857142,8.532836,8.511588,0.02124788,11.482188295165397,25.823946599916564,,27.83078880407125,23.18702290076336,20.102761721258833,53.33969465648855,16.730279898218832,16.730279898218832,33.88,2436
26009,MI,Antrim,11.448571428571428,10.542233,9.8747835,0.66745,26.14503816793893,17.188151856487277,15.6,38.645038167938935,0.0,16.987797045600512,26.81297709923664,25.763358778625957,25.763358778625957,33.86,2437
13273,GA,Terrell,9.305714285714286,8.803759,8.792109,0.011650835,41.50763358778626,73.50855235711306,,12.881679389312978,84.35114503816794,28.933847141939633,50.12722646310432,16.539440203562343,16.539440203562343,33.85,2438
38025,ND,Dunn,3.68,6.78222,7.178274,-0.39605427,83.87404580152672,,,10.114503816793894,27.92620865139949,8.670520231213873,24.04580152671756,10.782442748091604,10.782442748091604,33.83,2439
48059,TX,Callahan,8.654285714285715,8.13957,8.254163,-0.114593305,81.99745547073792,28.952857738840216,,13.8676844783715,59.860050890585235,43.35260115606936,52.703562340966926,14.69465648854962,14.69465648854962,33.81,2440
20197,KS,Wabaunsee,5.912857142857143,6.8402467,6.9565654,-0.116318226,88.61323155216286,0.0,,27.19465648854962,36.704834605597966,36.769428387925494,33.42875318066158,14.631043256997456,14.631043256997456,33.79,2441
31129,NE,Nuckolls,3.726,5.754451,5.3122163,0.4422342,42.08015267175573,,,10.623409669211195,87.34096692111959,22.76814386640976,38.42239185750636,22.455470737913487,22.455470737913487,33.78,2442
18075,IN,Jay,5.798571428571429,7.7994285,7.327704,0.47172457,5.184478371501272,38.506466416353774,,36.80025445292621,0.0,16.602440590879898,61.704834605597966,22.868956743002546,22.868956743002546,33.78,2442
51033,VA,Caroline,7.772857142857142,7.49739,7.175003,0.32238716,19.43384223918575,78.97371714643305,26.200000000000003,26.78117048346056,78.21246819338423,39.113680154142585,30.248091603053435,20.706106870229007,20.706106870229007,33.75,2444
20023,KS,Cheyenne,10.474,9.278372,9.831057,-0.55268294,62.945292620865146,,,8.587786259541986,67.14376590330788,3.789338471419396,35.337150127226465,8.396946564885496,8.396946564885496,33.74,2445
29173,MO,Ralls,7.622857142857143,7.777905,7.9197364,-0.14183153,32.12468193384224,10.84689194826867,,27.162849872773535,52.926208651399484,74.72703917790624,21.183206106870227,14.058524173027989,14.058524173027989,33.68,2446
24023,MD,Garrett,8.628571428571428,8.159503,8.162717,-0.0032134056,31.93384223918575,63.82978723404256,,34.70101781170484,56.71119592875318,3.94990366088632,21.21501272264631,15.998727735368956,15.998727735368956,33.68,2446
51840,VA,Winchester City,7.474285714285714,6.9731593,6.9058814,0.0672776,5.152671755725191,69.92073425114727,,31.90203562340967,0.0,48.747591522158,25.254452926208653,16.857506361323153,16.857506361323153,33.62,2448
37121,NC,Mitchell,7.857142857142857,7.878882,7.3006177,0.5782637,33.396946564885496,52.56570713391739,,39.79007633587786,0.0,0.0,26.622137404580155,23.950381679389313,23.950381679389313,33.57,2449
51073,VA,Gloucester,6.668571428571428,7.3812985,6.8917737,0.48952478,45.19720101781171,75.7613683771381,66.60000000000001,25.8587786259542,75.50890585241731,45.7931920359666,29.866412213740457,22.614503816793892,22.614503816793892,33.53,2450
27159,MN,Wadena,8.885714285714286,8.496625,8.689714,-0.19308996,65.55343511450383,,,27.63994910941476,59.541984732824424,18.111753371868975,30.311704834605596,12.94529262086514,12.94529262086514,33.49,2451
19161,IA,Sac,7.798571428571429,6.971672,6.130856,0.8408161,9.764631043256998,0.0,,17.17557251908397,92.01653944020357,16.21708413615928,60.01908396946565,27.29007633587786,27.29007633587786,33.4,2452
20013,KS,Brown,6.094285714285715,6.3423576,6.352237,-0.00987993,71.4058524173028,0.0,,17.65267175572519,73.79134860050891,56.39049454078355,54.961832061068705,15.330788804071249,15.330788804071249,33.39,2453
12041,FL,Gilchrist,9.795714285714284,9.931299,9.036231,0.89506835,77.2264631043257,84.27200667501043,25.8,31.393129770992367,31.361323155216287,37.47591522157997,31.01145038167939,27.958015267175572,27.958015267175572,33.35,2454
51113,VA,Madison,8.69,8.778829,9.271436,-0.49260738,39.75826972010178,70.29620358781811,,19.529262086513995,57.69720101781171,27.29608220937701,13.899491094147582,8.428753180661577,8.428753180661577,33.33,2455
37053,NC,Currituck,8.360000000000001,8.912028,8.713788,0.1982411,57.15648854961832,80.72590738423028,57.599999999999994,24.459287531806613,17.080152671755723,38.76043673731535,21.85114503816794,18.06615776081425,18.06615776081425,33.3,2456
46101,SD,Moody,7.577142857142856,7.5624666,6.73079,0.8316768,54.039440203562336,,,26.14503816793893,62.53180661577608,34.55362877328195,62.913486005089055,26.94020356234097,26.94020356234097,33.29,2457
26153,MI,Schoolcraft,7.188571428571429,7.543919,8.149116,-0.6051963,34.35114503816794,0.0,14.2,23.66412213740458,13.549618320610689,3.114964675658317,8.015267175572518,6.743002544529262,6.743002544529262,33.28,2458
21031,KY,Butler,8.476666666666667,7.7421837,7.5326543,0.20952903,5.311704834605599,19.607843137254903,,23.695928753180663,31.29770992366413,38.18240205523443,45.578880407124686,18.129770992366407,18.129770992366407,33.25,2459
36073,NY,Orleans,7.907142857142857,7.5637884,7.353784,0.21000382,12.46819338422392,51.85648727576137,13.8,39.853689567430024,17.90712468193384,28.291586384071927,22.391857506361323,17.87531806615776,17.87531806615776,33.12,2460
8021,CO,Conejos,9.057500000000001,8.955979,8.384842,0.57113814,58.333333333333336,,,33.71501272264631,75.44529262086515,9.087989723827874,9.4147582697201,22.932569974554703,22.932569974554703,33.11,2461
46091,SD,Marshall,6.566666666666666,7.249583,7.2795334,-0.029950589,76.62213740458014,,,10.368956743002544,0.0,16.377649325626205,32.12468193384224,14.472010178117047,14.472010178117047,33.1,2462
46097,SD,Miner,1.815,3.0524702,3.8682032,-0.815733,40.26717557251908,,,4.166666666666666,71.62849872773536,11.881824020552344,26.55852417302799,3.435114503816794,3.435114503816794,33.1,2462
29025,MO,Caldwell,7.3428571428571425,6.604291,6.639028,-0.034737434,45.38804071246819,0.0,,21.914758269720103,67.17557251908397,49.83943481053308,37.659033078880405,14.408396946564888,14.408396946564888,33.1,2462
20087,KS,Jefferson,7.8100000000000005,7.423599,7.083068,0.34053054,67.71628498727735,0.0,,32.56997455470738,46.43765903307888,55.65189466923571,47.837150127226465,19.65648854961832,19.65648854961832,33.09,2465
23013,ME,Knox,11.074285714285717,9.841604,8.852481,0.9891224,16.793893129770993,82.89528577388403,69.19999999999999,21.43765903307888,35.846055979643765,11.496467565831727,12.818066157760812,28.5941475826972,28.5941475826972,33.01,2466
48003,TX,Andrews,4.927142857142857,6.203363,6.607672,-0.40430856,74.96819338422391,15.76971214017522,,10.782442748091604,84.92366412213741,31.149646756583167,18.352417302798983,8.969465648854962,8.969465648854962,32.98,2467
16053,ID,Jerome,10.934285714285716,10.701327,10.209558,0.49176952,90.235368956743,,,31.138676844783713,24.10941475826972,72.9287090558767,8.969465648854962,21.469465648854964,21.469465648854964,32.94,2468
26019,MI,Benzie,10.561428571428573,10.494037,9.913439,0.58059806,12.118320610687022,8.677513558614935,27.200000000000003,37.18193384223918,0.0,16.120745022479127,17.302798982188293,22.709923664122137,22.709923664122137,32.93,2469
51183,VA,Sussex,6.378571428571428,5.6520743,5.745629,-0.09355395,19.910941475826966,73.25823946599917,,17.302798982188293,88.51781170483459,32.947976878612714,20.833333333333336,13.231552162849871,13.231552162849871,32.93,2469
23023,ME,Sagadahoc,9.838571428571429,9.601181,8.968603,0.6325782,14.344783715012724,77.93074676679183,74.8,26.08142493638677,27.480916030534353,14.322414900449582,13.104325699745548,23.346055979643765,23.346055979643765,32.89,2471
18121,IN,Parke,8.34,7.6399207,6.7045784,0.9353428,9.637404580152673,26.408010012515643,,34.35114503816794,68.73409669211196,45.21515735388568,47.48727735368957,27.576335877862597,27.576335877862597,32.88,2472
51075,VA,Goochland,7.592857142857143,7.1070547,7.0278234,0.07923137,9.478371501272264,60.158531497705475,,28.72137404580153,70.61068702290076,28.676942838792552,24.80916030534351,15.521628498727736,15.521628498727736,32.86,2473
46077,SD,Kingsbury,8.331428571428571,8.4490795,8.914628,-0.46554795,54.70737913486005,,,9.446564885496183,50.09541984732826,21.93320488118176,34.38295165394402,7.856234096692112,7.856234096692112,32.85,2474
18009,IN,Blackford,10.661428571428571,7.998267,8.38262,-0.38435248,2.544529262086514,21.360033375052147,,18.670483460559797,29.930025445292618,36.3519588953115,45.16539440203562,9.001272264631044,9.001272264631044,32.85,2474
39111,OH,Monroe,10.012,8.585612,7.663008,0.9226047,18.25699745547074,54.81852315394243,,50.92239185750637,52.703562340966926,29.67244701348747,23.918575063613233,27.25826972010178,27.25826972010178,32.81,2476
48429,TX,Stephens,11.376,11.575918,11.934333,-0.35841408,76.01781170483459,26.90863579474343,,18.73409669211196,48.25063613231552,38.50353243416828,34.00127226463104,9.223918575063614,9.223918575063614,32.78,2477
19075,IA,Grundy,6.0842857142857145,6.088893,6.169075,-0.08018177,8.0470737913486,9.303295786399666,,14.185750636132315,89.24936386768448,9.40912010276172,34.764631043257,13.136132315521628,13.136132315521628,32.78,2477
41025,OR,Harney,10.777142857142858,11.757044,11.081286,0.67575777,95.73791348600508,,,28.530534351145036,19.21119592875318,25.048169556840076,2.480916030534351,23.66412213740458,23.66412213740458,32.74,2479
13049,GA,Charlton,19.7,21.060495,20.161419,0.8990774,72.16921119592875,88.02670004171883,18.4,16.157760814249365,19.46564885496183,46.082209377007075,27.2264631043257,26.717557251908396,26.717557251908396,32.7,2480
27031,MN,Cook,8.857142857142858,7.4886894,7.685403,-0.19671349,79.58015267175573,0.0,14.4,19.84732824427481,22.137404580152673,8.188824662813103,2.894402035623409,11.227735368956743,11.227735368956743,32.65,2481
8111,CO,San Juan,14.583999999999998,13.6,13.835385,-0.23538485,33.61959287531807,,,4.007633587786259,0.0,0.0,1.590330788804071,10.687022900763358,10.687022900763358,32.65,2481
2220,AK,Sitka,8.105714285714287,6.6433115,5.9424357,0.7008757,8.746819338422391,,34.0,2.639949109414758,0.0,,0.095419847328244,23.823155216284988,23.823155216284988,32.64,2483
51023,VA,Botetourt,7.385714285714286,7.25458,6.9569583,0.29762128,25.06361323155216,56.02836879432624,,42.36641221374045,28.880407124681938,10.21194605009634,12.02290076335878,18.09796437659033,18.09796437659033,32.61,2484
56019,WY,Johnson,6.225714285714285,7.6515174,7.266328,0.38519034,87.8498727735369,,,36.895674300254456,19.59287531806616,6.711624919717406,15.61704834605598,19.306615776081426,19.306615776081426,32.6,2485
13005,GA,Bacon,9.37857142857143,9.470544,8.986817,0.48372668,56.583969465648856,84.35544430538174,,15.394402035623408,64.24936386768448,33.42967244701349,37.53180661577608,20.57888040712468,20.57888040712468,32.55,2486
2110,AK,Juneau,4.798571428571429,5.5226517,5.6848116,-0.16216023,19.529262086513995,,38.0,12.213740458015266,0.0,,0.572519083969466,11.513994910941475,11.513994910941475,32.55,2486
27107,MN,Norman,5.882857142857143,6.2336497,6.187921,0.04572881,47.041984732824424,,,17.58905852417303,76.68575063613233,12.427745664739884,23.091603053435115,14.376590330788805,14.376590330788805,32.52,2488
20005,KS,Atchison,9.242857142857144,7.8384123,7.678784,0.15962853,72.74173027989822,0.0,,21.723918575063617,60.49618320610687,52.56904303147078,49.459287531806616,15.966921119592875,15.966921119592875,32.51,2489
26001,MI,Alcona,10.114285714285714,9.725662,9.43717,0.28849295,41.25318066157761,29.536921151439294,30.0,41.31679389312977,0.0,11.464354527938344,20.737913486005088,17.748091603053435,17.748091603053435,32.5,2490
8091,CO,Ouray,11.221428571428572,10.473674,10.186128,0.287546,71.85114503816794,,,24.681933842239182,22.010178117048344,1.734104046242774,2.639949109414758,17.716284987277355,17.716284987277355,32.49,2491
8121,CO,Washington,11.404,8.337239,8.45419,-0.11695032,60.464376590330794,,,15.585241730279895,46.56488549618321,9.312780989081569,32.220101781170484,11.991094147582697,11.991094147582697,32.47,2492
51101,VA,King William,7.534285714285715,6.813128,7.1892686,-0.37614042,8.9058524173028,63.66291197329996,50.6,14.376590330788805,86.70483460559797,26.39691714836224,19.370229007633593,8.269720101781171,8.269720101781171,32.43,2493
29063,MO,DeKalb,9.441428571428572,9.60324,9.425782,0.17745736,46.37404580152672,0.0,,20.960559796437657,68.76590330788804,43.38471419396275,56.36132315521628,16.030534351145036,16.030534351145036,32.42,2494
47007,TN,Bledsoe,8.907142857142857,9.446242,8.690337,0.75590533,56.99745547073791,35.294117647058826,,27.86259541984733,54.67557251908397,16.249197174052664,55.025445292620866,24.1412213740458,24.1412213740458,32.42,2494
51775,VA,Salem City,7.425714285714286,7.5123363,7.1472497,0.36508664,1.367684478371501,57.69712140175219,,44.783715012722645,0.0,11.111111111111112,12.627226463104329,18.638676844783713,18.638676844783713,32.41,2496
45065,SC,McCormick,4.4879999999999995,4.213583,4.4954886,-0.28190544,34.764631043257,62.3279098873592,,16.793893129770993,0.0,33.975594091201025,40.0763358778626,9.541984732824428,9.541984732824428,32.4,2497
38081,ND,Sargent,3.0325,4.5732493,5.0045176,-0.43126845,41.28498727735369,,,2.735368956743003,16.984732824427482,10.179833012202955,16.921119592875318,7.442748091603053,7.442748091603053,32.4,2497
17155,IL,Putnam,6.152857142857143,5.154878,5.452048,-0.29716918,4.357506361323155,8.51063829787234,,19.59287531806616,62.75445292620865,19.396274887604367,32.729007633587784,9.16030534351145,9.16030534351145,32.32,2499
49041,UT,Sevier,9.917142857142858,9.729752,9.057809,0.67194307,78.5941475826972,,,22.137404580152673,53.14885496183206,27.842003853564545,5.248091603053435,22.74173027989822,22.74173027989822,32.3,2500
38097,ND,Traill,5.272857142857142,5.1804113,5.337065,-0.15665397,23.314249363867685,,,12.659033078880409,21.882951653944023,10.372511239563265,29.993638676844785,11.005089058524172,11.005089058524172,32.25,2501
46033,SD,Custer,9.992857142857144,9.342919,9.110757,0.23216319,94.24300254452926,,,19.306615776081426,16.157760814249365,5.105973025048169,22.07379134860051,16.348600508905854,16.348600508905854,32.19,2502
51099,VA,King George,6.47,6.9513583,6.973937,-0.022578647,12.372773536895677,79.76637463496037,43.6,19.274809160305345,62.18193384223919,37.026332691072575,12.27735368956743,12.754452926208652,12.754452926208652,32.19,2502
51071,VA,Giles,7.095714285714286,7.139668,6.8846726,0.25499564,12.91348600508906,36.87943262411347,,42.17557251908397,22.646310432569976,0.0,10.209923664122138,16.571246819338423,16.571246819338423,32.15,2504
31131,NE,Otoe,6.925714285714285,6.8908873,6.5330048,0.35788244,67.49363867684478,0.0,,21.119592875318062,66.50763358778626,51.541425818882466,50.38167938931297,18.00254452926209,18.00254452926209,32.14,2505
27101,MN,Murray,7.134285714285715,5.896741,5.409477,0.48726425,20.642493638676847,,,25.795165394402037,77.54452926208651,44.861913937058446,39.408396946564885,19.81552162849873,19.81552162849873,32.14,2505
31167,NE,Stanton,6.51,7.290487,7.055415,0.23507197,68.92493638676844,,,25.222646310432573,70.19720101781171,15.79961464354528,38.89949109414758,16.221374045801525,16.221374045801525,32.11,2507
39117,OH,Morrow,8.571428571428571,9.177613,8.359434,0.81817883,16.380407124681934,19.816437213183143,,44.974554707379134,0.0,27.199743095696853,40.55343511450381,24.395674300254452,24.395674300254452,32.1,2508
20165,KS,Rush,1.343333333333333,3.638809,4.200704,-0.56189543,42.525445292620866,0.0,,6.26590330788804,67.20737913486005,5.459216441875402,31.456743002544528,4.961832061068702,4.961832061068702,32.08,2509
37033,NC,Caswell,9.252857142857142,9.161491,8.484835,0.67665637,24.10941475826972,73.63370880267,,37.72264631043257,71.31043256997455,36.897880539499035,39.50381679389313,22.36005089058524,22.36005089058524,32.08,2509
27133,MN,Rock,6.62,6.1091075,6.3545866,-0.24547863,7.538167938931298,,,15.076335877862595,56.93384223918575,22.15799614643545,36.16412213740458,9.4147582697201,9.4147582697201,32.08,2509
21139,KY,Livingston,8.468571428571428,8.260608,7.2429914,1.0176166,6.520356234096693,24.113475177304963,,23.346055979643765,68.8295165394402,50.28901734104046,49.07760814249364,27.131043256997454,27.131043256997454,32.07,2512
51079,VA,Greene,6.775714285714286,6.2825246,6.531441,-0.24891646,42.8117048346056,63.45431789737171,,24.80916030534351,54.26208651399491,31.27809890815671,14.249363867684478,9.287531806615776,9.287531806615776,32.04,2513
51630,VA,Fredericksburg City,6.172857142857143,6.779473,7.0691495,-0.2896767,1.749363867684478,57.863996662494785,17.0,20.57888040712468,0.0,39.04945407835581,21.024173027989825,8.71501272264631,8.71501272264631,32.04,2513
31063,NE,Frontier,2.9800000000000004,1.8383996,1.7711784,0.06722134,41.76208651399491,,,7.442748091603053,73.18702290076337,17.308927424534364,29.230279898218832,13.676844783715012,13.676844783715012,32.02,2515
26141,MI,Presque Isle,10.862857142857143,10.028574,9.384877,0.64369774,14.058524173027989,23.404255319148938,15.2,43.95674300254453,0.0,15.285806037251124,20.13358778625954,21.755725190839694,21.755725190839694,32.01,2516
19093,IA,Ida,5.862857142857143,7.197686,6.79665,0.40103608,20.165394402035624,,,18.447837150127228,77.98982188295165,24.24534360950546,59.09669211195929,18.352417302798983,18.352417302798983,32.01,2516
30073,MT,Pondera,9.81142857142857,10.091966,9.239647,0.85231894,70.29262086513995,,,29.325699745547073,44.274809160305345,13.294797687861273,4.548346055979644,24.618320610687025,24.618320610687025,31.97,2518
51009,VA,Amherst,7.024285714285715,7.6458077,7.0457883,0.60001934,45.13358778625955,66.24947851481018,,41.57124681933841,37.69083969465649,21.483622350674377,22.232824427480917,20.99236641221374,20.99236641221374,31.93,2519
31027,NE,Cedar,5.258571428571429,7.084819,6.4293814,0.65543747,71.18320610687023,,,24.93638676844784,85.55979643765902,32.59473346178549,42.77989821882952,21.692111959287537,21.692111959287537,31.89,2520
47015,TN,Cannon,10.239999999999998,9.085266,8.340593,0.7446729,4.166666666666666,27.200667501042968,,39.47201017811705,50.12722646310432,20.488118175979448,57.601781170483456,22.900763358778622,22.900763358778622,31.87,2521
30039,MT,Granite,12.212857142857144,13.045812,13.262492,-0.21668138,88.64503816793892,,,11.1323155216285,17.016539440203562,4.174694926140013,2.735368956743003,9.38295165394402,9.38295165394402,31.86,2522
18111,IN,Newton,6.88,6.898028,6.94936,-0.051332373,10.2735368956743,16.3537755527743,,19.338422391857502,0.0,27.55298651252409,32.50636132315521,11.673027989821882,11.673027989821882,31.84,2523
31139,NE,Pierce,7.825714285714286,8.454581,8.321709,0.13287307,67.14376590330788,,,20.451653944020357,72.20101781170484,15.895953757225437,41.603053435114504,14.185750636132315,14.185750636132315,31.81,2524
18171,IN,Warren,6.148571428571429,7.00975,7.4758058,-0.4660556,2.480916030534351,23.738005840634127,,12.27735368956743,39.2175572519084,23.057161207450225,23.823155216284988,5.756997455470738,5.756997455470738,31.8,2525
12029,FL,Dixie,10.209999999999999,10.91318,9.260345,1.6528339,72.93256997455471,87.10888610763455,73.6,28.816793893129773,21.087786259541986,36.51252408477841,26.176844783715016,35.49618320610687,35.49618320610687,31.79,2526
26013,MI,Baraga,8.462857142857143,6.5597014,6.6658206,-0.1061189,15.139949109414758,0.0,29.6,13.295165394402035,20.57888040712468,7.610789980732177,6.26590330788804,10.655216284987278,10.655216284987278,31.72,2527
50015,VT,Lamoille,9.475714285714286,8.741452,8.274028,0.46742406,13.963104325699746,61.618690029203165,,42.8117048346056,0.0,21.67630057803468,9.987277353689567,18.25699745547074,18.25699745547074,31.49,2528
26033,MI,Chippewa,8.662857142857144,8.764433,7.7211847,1.0432483,75.41348600508906,16.478931998331248,44.2,49.904580152671755,0.0,8.124598587026332,7.315521628498728,26.304071246819337,26.304071246819337,31.47,2529
36041,NY,Hamilton,9.251666666666667,8.847303,8.600273,0.24703002,3.11704834605598,46.89194826866917,,41.82569974554708,0.0,3.500321130378934,11.227735368956743,15.108142493638676,15.108142493638676,31.47,2529
51127,VA,New Kent,7.04,7.233672,7.052499,0.18117298,27.32188295165394,66.91697955778055,52.8,22.519083969465647,87.88167938931298,32.91586384071933,24.87277353689567,14.122137404580156,14.122137404580156,31.43,2531
28155,MS,Webster,5.251428571428572,6.3438077,6.268014,0.07579364,23.727735368956743,55.402586566541515,,13.42239185750636,61.323155216284995,46.17854849068721,48.37786259541985,12.595419847328245,12.595419847328245,31.41,2532
47133,TN,Overton,9.947142857142856,9.976352,9.206497,0.7698553,28.33969465648855,39.71631205673759,,27.353689567430024,42.270992366412216,16.698779704560053,45.229007633587784,22.232824427480917,22.232824427480917,31.36,2533
13303,GA,Washington,8.352857142857143,8.740956,7.8419714,0.8989854,53.81679389312977,73.71714643304131,,26.208651399491096,87.43638676844785,60.69364161849711,36.22773536895674,23.759541984732824,23.759541984732824,31.21,2534
19129,IA,Mills,7.457142857142857,7.0722246,6.5398865,0.53233814,52.3854961832061,0.0,,27.385496183206108,65.29898218829516,40.04495825305074,55.94783715012722,18.479643765903308,18.479643765903308,31.15,2535
19003,IA,Adams,7.7675,7.6177874,6.936898,0.6808892,31.679389312977097,8.385481852315396,,11.513994910941475,95.64249363867685,53.01862556197816,38.040712468193384,20.35623409669211,20.35623409669211,31.04,2536
39175,OH,Wyandot,7.234285714285714,6.8498125,6.375958,0.47385454,0.986005089058524,41.71881518564873,,30.53435114503817,0.0,17.405266538214516,40.458015267175576,17.39821882951654,17.39821882951654,31.02,2537
29053,MO,Cooper,8.69,7.7245054,7.0343757,0.69012976,40.36259541984733,12.473925740508967,,29.898218829516537,64.53562340966921,67.88696210661529,50.76335877862596,20.388040712468193,20.388040712468193,30.99,2538
16081,ID,Teton,14.09142857142857,11.437311,10.097966,1.3393456,90.87150127226464,,,27.958015267175572,15.871501272264632,9.698137443802183,10.559796437659031,29.4529262086514,29.4529262086514,30.97,2539
27155,MN,Traverse,2.7,5.0598364,5.3779783,-0.31814212,15.871501272264632,,,13.740458015267176,0.0,17.24470134874759,18.479643765903308,6.170483460559796,6.170483460559796,30.96,2540
31031,NE,Cherry,5.7299999999999995,5.9766707,5.7658525,0.21081886,88.35877862595419,,,14.980916030534353,69.75190839694656,19.49261400128452,26.272264631043257,13.581424936386767,13.581424936386767,30.95,2541
48175,TX,Goliad,12.275714285714287,9.366644,8.510478,0.8561654,55.72519083969466,85.02294534835211,,19.942748091603058,61.1323155216285,29.511881824020552,30.979643765903308,22.58269720101781,22.58269720101781,30.92,2542
41049,OR,Morrow,9.94,11.240379,10.112993,1.127386,91.9529262086514,,,40.13994910941476,21.055979643765905,50.256904303147074,4.166666666666666,26.3676844783715,26.3676844783715,30.91,2543
37073,NC,Gates,6.501428571428571,6.9937873,6.987477,0.0063106334,12.97709923664122,77.88902795160617,40.8,13.772264631043257,56.61577608142495,30.378933847141944,22.29643765903308,10.464376590330788,10.464376590330788,30.83,2544
21011,KY,Bath,5.427142857142857,7.3653407,7.126373,0.23896773,26.176844783715016,26.49144764288694,,29.548346055979646,21.946564885496183,32.75529865125241,32.63358778625955,13.708651399491096,13.708651399491096,30.82,2545
51017,VA,Bath,2.558,4.007535,4.3595886,-0.35205382,20.99236641221374,47.559449311639554,,16.698473282442748,23.791348600508904,2.312138728323699,4.389312977099237,5.375318066157761,5.375318066157761,30.8,2546
46043,SD,Douglas,10.51,11.6633415,11.655745,0.0075969696,53.848600508905854,,,10.464376590330788,63.99491094147582,11.817597944765575,37.086513994910945,10.400763358778626,10.400763358778626,30.79,2547
47135,TN,Perry,12.448333333333332,7.386454,5.7288375,1.6576165,7.824427480916031,42.17772215269087,,47.13740458015267,28.37150127226463,30.539499036608863,60.14631043256997,33.396946564885496,33.396946564885496,30.7,2548
47091,TN,Johnson,11.367142857142856,9.669333,8.381222,1.2881119,54.86641221374045,51.147267417605335,,47.16921119592875,47.773536895674305,1.991008349389852,25.41348600508906,28.18066157760814,28.18066157760814,30.69,2549
51820,VA,Waynesboro City,8.262857142857142,8.353508,8.335179,0.018328598,2.639949109414758,61.36837713808928,,31.075063613231553,0.0,22.35067437379576,16.412213740458014,10.337150127226463,10.337150127226463,30.68,2550
46065,SD,Hughes,5.884285714285714,6.2534986,5.794848,0.45865068,77.00381679389314,,,32.63358778625955,40.36259541984733,30.956968529222863,26.74936386768448,16.475826972010175,16.475826972010175,30.66,2551
13085,GA,Dawson,10.342857142857142,9.492301,8.643773,0.84852827,33.460559796437664,36.75427617855653,,33.93765903307888,39.408396946564885,14.482980089916506,51.463104325699746,21.882951653944023,21.882951653944023,30.63,2552
46051,SD,Grant,7.8100000000000005,7.850562,7.215985,0.634577,54.61195928753181,,,17.334605597964376,35.24173027989822,30.86062941554271,34.605597964376585,18.893129770992367,18.893129770992367,30.63,2552
21123,KY,Larue,8.82857142857143,8.682176,8.505256,0.17691994,7.029262086513994,25.281602002503128,,22.868956743002546,29.580152671755727,25.208734746307,36.25954198473281,12.436386768447836,12.436386768447836,30.62,2554
47151,TN,Scott,11.0,8.034986,6.884823,1.1501626,68.8295165394402,43.84647476011681,,29.166666666666668,20.10178117048346,6.165703275529865,46.78753180661578,26.11323155216285,26.11323155216285,30.62,2554
39019,OH,Carroll,7.138571428571429,8.149678,7.431943,0.7177349,24.745547073791354,36.17021276595745,,42.84351145038168,44.974554707379134,34.232498394348106,27.989821882951656,19.942748091603058,19.942748091603058,30.57,2556
29005,MO,Atchison,10.024285714285714,9.278084,8.428485,0.8495982,28.75318066157761,0.0,,25.604325699745544,90.2671755725191,62.52408477842004,43.60687022900763,21.723918575063617,21.723918575063617,30.54,2557
55051,WI,Iron,8.667142857142858,9.340663,9.221215,0.11944781,7.410941475826973,0.0,21.8,18.384223918575064,15.61704834605598,11.43224149004496,12.245547073791348,11.482188295165397,11.482188295165397,30.54,2557
41023,OR,Grant,11.395714285714286,10.314844,8.714536,1.6003088,93.57506361323156,,,50.19083969465649,13.899491094147582,29.383429672447015,2.290076335877862,32.12468193384224,32.12468193384224,30.47,2559
48307,TX,McCulloch,9.558571428571428,7.8887167,7.8546667,0.034049954,69.3384223918575,30.621610346266166,,16.825699745547073,83.30152671755725,33.65446371226718,29.48473282442748,10.05089058524173,10.05089058524173,30.43,2560
46059,SD,Hand,1.92,2.2735114,2.4921346,-0.2186232,77.48091603053437,,,6.202290076335878,53.56234096692112,14.611432241490045,20.197201017811707,6.456743002544529,6.456743002544529,30.4,2561
48077,TX,Clay,8.655714285714286,8.122322,7.7805133,0.3418086,87.88167938931298,27.57613683771381,,14.153944020356237,68.79770992366412,45.50417469492614,52.25826972010178,14.28117048346056,14.28117048346056,30.38,2562
51149,VA,Prince George,7.432857142857143,7.4440236,7.1272626,0.316761,24.236641221374043,70.00417188151856,40.0,17.938931297709924,84.60559796437659,44.1233140655106,28.021628498727736,13.899491094147582,13.899491094147582,30.36,2563
26053,MI,Gogebic,10.482857142857142,10.140145,8.987411,1.1527348,14.440203562340969,0.0,13.4,30.18447837150127,13.80407124681934,11.400128452151574,19.020356234096692,25.604325699745544,25.604325699745544,30.35,2564
27081,MN,Lincoln,7.908571428571428,6.2623672,5.6335416,0.6288256,32.1882951653944,,,28.880407124681938,66.85750636132316,50.73859987154785,28.435114503816795,18.193384223918574,18.193384223918574,30.32,2565
45037,SC,Edgefield,8.1,8.906977,8.006621,0.90035564,57.88804071246819,69.83729662077597,,31.26590330788804,63.899491094147585,44.28387925497752,34.223918575063614,21.978371501272264,21.978371501272264,30.31,2566
13083,GA,Dade,9.825714285714286,9.334549,7.6332145,1.7013344,50.0,38.130997079682935,,37.340966921119595,45.5470737913486,24.630700064226076,74.04580152671755,33.20610687022901,33.20610687022901,30.3,2567
26137,MI,Otsego,10.518571428571429,10.418004,9.758561,0.65944195,44.974554707379134,18.02252816020025,,28.975826972010175,0.0,17.694283879254975,27.86259541984733,18.416030534351144,18.416030534351144,30.22,2568
37043,NC,Clay,10.574285714285717,10.494283,9.225555,1.2687274,64.31297709923665,47.85148101793909,,43.829516539440206,40.108142493638674,4.624277456647398,44.529262086513995,26.8765903307888,26.8765903307888,30.17,2569
8027,CO,Custer,10.780000000000001,9.085793,9.449735,-0.36394176,81.61577608142494,,,9.510178117048346,32.50636132315521,3.211303789338472,7.665394402035624,3.912213740458016,3.912213740458016,30.15,2570
50001,VT,Addison,7.8828571428571435,8.030226,6.760777,1.2694484,21.43765903307888,67.45932415519398,,47.70992366412214,0.0,45.63262684649968,20.260814249363868,26.78117048346056,26.78117048346056,30.12,2571
8115,CO,Sedgwick,12.596,11.8092,11.981617,-0.17241701,34.12849872773537,,,3.880407124681934,87.8498727735369,5.587668593448941,23.346055979643765,6.520356234096693,6.520356234096693,30.11,2572
47101,TN,Lewis,10.605714285714285,9.472656,9.114057,0.35859945,9.38295165394402,37.12974551522737,,13.326972010178118,21.183206106870227,27.167630057803464,59.19211195928753,13.931297709923664,13.931297709923664,30.09,2573
21181,KY,Nicholas,13.034,10.9698,10.250238,0.7195612,2.290076335877862,31.20567375886525,,41.348600508905854,25.349872773536894,23.442517662170843,35.68702290076336,18.98854961832061,18.98854961832061,30.08,2574
21081,KY,Grant,8.358571428571429,8.546194,8.017625,0.5285695,7.220101781170484,7.759699624530664,,17.14376590330789,17.58905852417303,43.03147077713552,64.3765903307888,16.28498727735369,16.28498727735369,30.07,2575
27117,MN,Pipestone,7.497142857142856,7.5145802,7.0931277,0.42145276,19.083969465648856,,,18.543256997455472,67.33460559796438,41.10468850353243,38.54961832061068,14.7264631043257,14.7264631043257,30.04,2576
27167,MN,Wilkin,6.072857142857144,6.4259286,6.6723404,-0.24641208,19.942748091603058,,,12.563613231552162,0.0,11.30378933847142,19.1793893129771,5.343511450381679,5.343511450381679,30.04,2576
48343,TX,Morris,11.928571428571429,12.137128,10.3009815,1.8361456,64.63104325699746,49.3116395494368,,24.236641221374043,0.0,59.89081567116249,79.26208651399492,34.541984732824424,34.541984732824424,30.02,2578
51790,VA,Staunton City,8.495714285714286,8.662597,8.528359,0.1342366,11.16412213740458,62.286191072173544,,30.407124681933844,0.0,23.827874116891454,15.521628498727736,10.623409669211195,10.623409669211195,30.01,2579
16071,ID,Oneida,12.017142857142858,10.544629,11.066681,-0.5220518,81.20229007633588,,,4.866412213740458,15.458015267175574,17.084136159280668,2.576335877862595,1.399491094147583,1.399491094147583,30.0,2580
16021,ID,Boundary,11.592857142857143,10.327016,9.08543,1.2415851,80.6615776081425,,,45.801526717557245,15.171755725190838,30.92485549132948,3.530534351145039,26.08142493638677,26.08142493638677,29.96,2581
21215,KY,Spencer,7.237142857142857,7.5731134,7.2363195,0.33679384,9.128498727735368,7.84313725490196,,22.55089058524173,20.706106870229007,21.355170199100833,56.6793893129771,13.326972010178118,13.326972010178118,29.94,2582
13145,GA,Harris,6.967142857142858,7.9499865,7.083897,0.8660894,49.01399491094148,64.70588235294117,,39.726463104325695,50.50890585241731,46.917148362235075,36.704834605597966,20.769720101781168,20.769720101781168,29.94,2582
29089,MO,Howard,8.518571428571429,7.765964,7.3937607,0.37220305,31.870229007633593,10.095953274926991,,23.21882951653944,55.78880407124682,61.946050096339114,44.62468193384224,13.80407124681934,13.80407124681934,29.93,2584
49001,UT,Beaver,10.872857142857143,9.201521,9.060124,0.14139631,85.30534351145039,,,7.951653944020356,55.85241730279898,32.048811817597944,1.749363867684478,10.368956743002544,10.368956743002544,29.83,2585
13155,GA,Irwin,8.301428571428572,6.5071096,6.1223216,0.38478765,23.25063613231552,78.13934084272006,,7.792620865139948,62.27735368956743,24.98394348105331,35.01908396946565,13.64503816793893,13.64503816793893,29.76,2586
1029,AL,Cleburne,9.18142857142857,10.666029,9.292036,1.3739938,67.27099236641222,65.4151022110972,,37.150127226463106,48.473282442748086,35.32434168272319,70.0381679389313,27.480916030534353,27.480916030534353,29.73,2587
46057,SD,Hamlin,10.728571428571428,9.667075,9.538633,0.1284415,47.391857506361326,,,16.030534351145036,40.29898218829516,26.685934489402698,34.82824427480916,9.987277353689567,9.987277353689567,29.73,2587
13229,GA,Pierce,10.537142857142856,8.91114,7.876571,1.0345689,69.0203562340967,84.52231956612432,,18.3206106870229,50.15903307888042,37.98972382787411,36.60941475826972,22.678117048346056,22.678117048346056,29.71,2589
51640,VA,Galax City,9.301428571428572,8.225327,8.319787,-0.09446085,23.695928753180663,46.18272841051314,,13.231552162849871,0.0,0.0,13.740458015267176,6.806615776081425,6.806615776081425,29.7,2590
55061,WI,Kewaunee,8.524285714285714,8.047287,7.3930526,0.65423447,9.860050890585242,16.562369628702545,30.2,24.427480916030532,0.0,19.62106615285806,39.662849872773535,17.302798982188293,17.302798982188293,29.69,2591
50013,VT,Grand Isle,8.128571428571428,8.089262,8.5277605,-0.43849763,4.611959287531807,34.54317897371715,,12.786259541984732,0.0,13.680154142581888,4.770992366412214,1.908396946564886,1.908396946564886,29.67,2592
47049,TN,Fentress,10.605714285714285,9.231326,7.7787046,1.4526223,68.4796437659033,46.39132248644138,,21.342239185750635,31.26590330788804,5.427103403982017,47.646310432569976,28.435114503816795,28.435114503816795,29.65,2593
8053,CO,Hinsdale,7.714,8.197283,8.684433,-0.4871501,50.19083969465649,,,7.347328244274809,0.0,0.0,1.622137404580153,1.017811704834606,1.017811704834606,29.56,2594
18155,IN,Switzerland,6.921428571428572,8.473058,8.187423,0.28563446,3.021628498727735,10.930329578639968,,21.533078880407125,32.82442748091603,19.877970456005137,49.17302798982188,11.60941475826972,11.60941475826972,29.43,2595
47061,TN,Grundy,10.297142857142857,10.417479,8.51696,1.9005182,56.13867684478372,45.26491447642887,,29.389312977099237,52.13104325699746,5.748233782915864,74.52290076335878,34.25572519083969,34.25572519083969,29.42,2596
51670,VA,Hopewell City,11.084285714285715,10.117084,9.428526,0.68855935,3.244274809160305,75.55277430120985,48.6,29.993638676844785,0.0,47.10982658959538,33.11068702290076,17.239185750636132,17.239185750636132,29.42,2596
18101,IN,Martin,7.081428571428572,6.980127,6.64154,0.33858702,2.608142493638677,13.308302044221945,,28.276081424936393,43.12977099236641,35.67758509955042,34.73282442748092,12.309160305343513,12.309160305343513,29.41,2598
48159,TX,Franklin,10.782857142857143,9.033704,7.777984,1.2557191,58.842239185750635,55.527743012098455,,17.048346055979643,67.04834605597965,50.481695568400774,72.29643765903307,24.80916030534351,24.80916030534351,29.22,2599
51595,VA,Emporia City,18.49,16.087717,16.229689,-0.14197159,0.922391857506361,73.8840216937839,,13.454198473282442,0.0,23.281952472703917,16.253180661577606,4.993638676844784,4.993638676844784,29.13,2600
13293,GA,Upson,10.918571428571429,9.450968,8.7286625,0.72230524,41.57124681933841,64.16353775552774,,31.711195928753185,51.55852417302798,50.77071290944123,38.99491094147582,17.14376590330789,17.14376590330789,29.13,2600
20131,KS,Nemaha,10.415714285714285,7.3216205,6.5787835,0.7428375,82.82442748091603,0.0,,23.314249363867685,53.33969465648855,51.09184328837508,58.301526717557245,17.43002544529262,17.43002544529262,29.13,2600
16067,ID,Minidoka,10.415714285714285,9.829324,8.868281,0.9610427,55.34351145038168,,,32.06106870229007,26.017811704834603,71.74052665382146,8.301526717557252,20.48346055979644,20.48346055979644,29.13,2600
13219,GA,Oconee,10.104285714285714,9.1848345,8.285215,0.8996193,25.89058524173028,58.61493533583646,,34.987277353689564,54.42111959287532,39.53114964675659,40.489821882951645,19.43384223918575,19.43384223918575,29.03,2604
8025,CO,Crowley,9.273333333333333,8.072398,8.280862,-0.20846288,62.65903307888042,,,6.424936386768448,37.97709923664122,10.982658959537572,14.662849872773537,3.880407124681934,3.880407124681934,29.03,2604
13207,GA,Monroe,8.01142857142857,8.481847,7.629556,0.8522907,53.37150127226463,64.24697538589903,,31.96564885496183,51.27226463104325,56.84007707129094,42.08015267175573,18.70229007633588,18.70229007633588,29.0,2606
1027,AL,Clay,8.981428571428571,10.192335,8.771895,1.4204391,71.08778625954199,67.50104297037964,,35.30534351145038,30.311704834605596,39.948619139370585,67.17557251908397,26.685750636132315,26.685750636132315,29.0,2606
47087,TN,Jackson,10.475714285714286,9.884485,8.756732,1.1277525,6.965648854961833,25.323320817688774,,36.99109414758271,25.159033078880405,24.18111753371869,53.05343511450383,22.519083969465647,22.519083969465647,28.97,2608
26131,MI,Ontonagon,8.944285714285714,7.2521844,7.4287868,-0.17660293,31.583969465648853,0.0,15.0,13.040712468193384,22.36005089058524,5.940912010276172,7.474554707379134,4.198473282442748,4.198473282442748,28.97,2608
51045,VA,Craig,7.926666666666667,8.627247,8.657127,-0.029880246,8.651399491094146,34.62661660408845,,26.240458015267176,24.52290076335878,2.023121387283237,5.152671755725191,6.23409669211196,6.23409669211196,28.96,2610
17071,IL,Henderson,4.2175,4.965732,4.1790085,0.7867236,1.653944020356234,13.558614935335836,,24.713740458015273,80.27989821882952,52.15157353885678,28.5941475826972,17.525445292620866,17.525445292620866,28.87,2611
13079,GA,Crawford,8.831428571428571,5.8721514,6.050946,-0.17879465,44.211195928753185,58.53149770546517,,8.301526717557252,68.06615776081425,39.56326268464997,22.58269720101781,3.944020356234097,3.944020356234097,28.86,2612
19143,IA,Osceola,6.892857142857143,6.395678,5.797649,0.59802926,12.881679389312978,,,14.885496183206106,59.35114503816794,26.525369299935775,42.652671755725194,14.853689567430026,14.853689567430026,28.86,2612
51157,VA,Rappahannock,6.541428571428571,7.2637362,7.2315173,0.03221931,38.51781170483461,55.27743012098456,,20.48346055979644,59.00127226463104,25.88310854206808,12.118320610687022,6.902035623409669,6.902035623409669,28.85,2614
32015,NV,Lander,7.061666666666667,8.189112,7.4329057,0.7562062,94.02035623409668,,,15.712468193384224,74.87277353689568,29.062299293513167,1.844783715012722,16.984732824427482,16.984732824427482,28.81,2615
49027,UT,Millard,11.497142857142858,9.940703,8.806955,1.1337477,91.22137404580153,,,16.253180661577606,79.29389312977099,37.37957610789981,8.078880407124682,22.169211195928753,22.169211195928753,28.75,2616
51021,VA,Bland,10.533333333333333,11.073102,10.584517,0.4885861,6.361323155216285,33.58364622444723,,29.51653944020356,50.98600508905853,0.0,4.993638676844784,13.040712468193384,13.040712468193384,28.72,2617
51530,VA,Buena Vista City,8.63,8.876669,9.080591,-0.2039223,1.017811704834606,53.02461410095954,,16.380407124681934,0.0,4.463712267180475,7.442748091603053,3.276081424936387,3.276081424936387,28.7,2618
27125,MN,Red Lake,3.474,3.308168,3.5891852,-0.28101757,48.75954198473281,,,8.237913486005088,61.832061068702295,5.780346820809249,8.587786259541986,2.162849872773537,2.162849872773537,28.68,2619
13163,GA,Jefferson,8.811428571428573,6.874718,5.4690714,1.4056464,51.49491094147582,75.84480600750939,,24.268447837150127,87.75445292620864,53.917790622992925,46.81933842239186,25.82697201017812,25.82697201017812,28.67,2620
21023,KY,Bracken,7.214285714285714,7.830089,7.4062195,0.4238697,1.55852417302799,8.051731330830204,,26.176844783715016,18.09796437659033,23.667308927424536,31.93384223918575,12.02290076335878,12.02290076335878,28.66,2621
51065,VA,Fluvanna,7.001428571428571,7.254515,6.720622,0.533893,16.253180661577606,67.70963704630788,,26.11323155216285,62.40458015267174,33.911368015414254,23.536895674300258,13.486005089058525,13.486005089058525,28.62,2622
27149,MN,Stevens,5.261428571428572,6.6904473,6.6146154,0.07583165,20.57888040712468,,,10.591603053435112,29.611959287531807,30.346820809248555,24.77735368956743,7.029262086513994,7.029262086513994,28.61,2623
5097,AR,Montgomery,11.366,11.7934675,10.032475,1.7609934,61.45038167938931,42.219440967876515,,48.66412213740458,0.0,53.43609505459217,49.713740458015266,30.693384223918574,30.693384223918574,28.61,2623
13211,GA,Morgan,10.27,9.359176,8.391863,0.96731186,38.32697201017812,57.446808510638306,,38.42239185750636,57.15648854961832,36.80154142581888,38.708651399491096,19.370229007633593,19.370229007633593,28.52,2625
13201,GA,Miller,6.7316666666666665,9.543883,8.473822,1.0700612,36.036895674300254,82.93700458906967,,17.493638676844782,64.91730279898219,20.166987797045604,39.31297709923664,20.801526717557252,20.801526717557252,28.52,2625
50009,VT,Essex,10.028333333333334,7.4997964,7.678396,-0.1786,3.816793893129771,56.362119315811434,,15.362595419847327,0.0,12.524084778420038,4.866412213740458,3.212468193384224,3.212468193384224,28.49,2627
26119,MI,Montmorency,10.084285714285715,10.0691395,9.344047,0.7250927,60.36895674300254,17.605340008343763,,38.77226463104326,0.0,13.48747591522158,20.99236641221374,15.871501272264632,15.871501272264632,28.47,2628
51678,VA,Lexington City,7.102857142857142,8.957011,9.090429,-0.13341805,2.321882951653944,58.030871923237385,,13.104325699745548,0.0,5.17019910083494,9.541984732824428,3.721374045801527,3.721374045801527,28.42,2629
30095,MT,Stillwater,8.612857142857143,8.871629,8.067041,0.80458724,87.05470737913485,,,36.22773536895674,25.44529262086514,14.16184971098266,6.615776081424936,16.762086513994912,16.762086513994912,28.36,2630
26061,MI,Houghton,9.845714285714285,8.958059,7.6132226,1.344837,22.74173027989822,0.0,14.000000000000002,43.00254452926209,20.32442748091603,10.725754656390494,6.202290076335878,24.30025445292621,24.30025445292621,28.34,2631
21169,KY,Metcalfe,7.777142857142858,8.376952,7.1963935,1.180558,6.774809160305344,30.74676679182311,,33.01526717557252,39.91730279898219,31.18175979447656,48.69592875318066,21.787531806615775,21.787531806615775,28.23,2632
46039,SD,Deuel,11.464,9.440872,9.321702,0.11916985,69.94274809160305,,,9.287531806615776,38.00890585241729,30.667951188182403,32.410941475826974,6.870229007633588,6.870229007633588,28.22,2633
27051,MN,Grant,9.501428571428571,8.182525,8.336196,-0.15367134,14.28117048346056,,,8.71501272264631,31.870229007633593,13.808606294155426,20.451653944020357,2.989821882951654,2.989821882951654,28.2,2634
18007,IN,Benton,8.987142857142857,7.770394,7.782126,-0.0117319655,1.176844783715013,23.48769294952023,,8.492366412213741,0.0,22.254335260115607,29.4529262086514,4.866412213740458,4.866412213740458,28.14,2635
16047,ID,Gooding,11.664285714285713,11.127771,9.663657,1.4641155,95.29262086513997,,,25.92239185750636,20.865139949109416,56.165703275529864,9.573791348600508,25.44529262086514,25.44529262086514,28.07,2636
20043,KS,Doniphan,10.111428571428572,8.637601,7.987858,0.6497432,51.84478371501272,0.0,,16.634860050890584,75.38167938931298,42.13230571612073,57.44274809160306,13.994910941475828,13.994910941475828,28.06,2637
13249,GA,Schley,5.212000000000001,5.4662046,5.7633963,-0.29719138,21.787531806615775,51.64789319983313,,1.844783715012722,45.19720101781171,19.460500963391137,14.058524173027989,0.604325699745547,0.604325699745547,28.01,2638
27029,MN,Clearwater,5.014285714285714,5.2852907,5.32631,-0.04101961,65.52162849872774,,,10.941475826972011,60.24173027989822,12.13872832369942,17.270992366412212,4.166666666666666,4.166666666666666,28.0,2639
51043,VA,Clarke,6.99,6.777742,6.620223,0.15751942,32.95165394402035,55.694618272841055,,16.603053435114504,64.02671755725191,54.2068079640334,14.472010178117047,6.933842239185751,6.933842239185751,27.99,2640
18045,IN,Fountain,7.897142857142858,8.901971,7.717998,1.1839734,6.488549618320611,29.07801418439716,,21.055979643765905,62.5,37.73281952472704,36.895674300254456,21.24681933842239,21.24681933842239,27.94,2641
31127,NE,Nemaha,6.392857142857143,7.803373,7.165333,0.63804066,66.79389312977099,0.0,,15.744274809160306,76.78117048346056,52.601156069364166,49.10941475826972,13.39058524173028,13.39058524173028,27.84,2642
13209,GA,Montgomery,6.694,7.4891768,7.246713,0.2424639,37.11832061068702,70.54651647893199,,14.821882951653944,63.26335877862596,42.90301862556198,31.99745547073791,7.824427480916031,7.824427480916031,27.83,2643
27077,MN,Lake of the Woods,7.512857142857143,7.697787,7.7468424,-0.049055986,55.43893129770993,,,17.716284987277355,49.07760814249364,5.202312138728324,5.184478371501272,3.530534351145039,3.530534351145039,27.73,2644
31089,NE,Holt,4.777142857142857,6.5849156,5.651849,0.9330667,70.45165394402035,,,10.814249363867685,81.07506361323156,21.547848426461144,38.93129770992366,17.20737913486005,17.20737913486005,27.68,2645
26113,MI,Missaukee,9.96142857142857,9.86148,9.356903,0.50457656,35.146310432569976,17.939090529828952,,21.946564885496183,0.0,11.046885035324342,25.19083969465649,11.100508905852417,11.100508905852417,27.63,2646
21223,KY,Trimble,5.557142857142857,6.531371,5.957589,0.57378185,3.562340966921119,14.267834793491865,,23.473282442748097,25.47709923664122,18.75401412973667,52.57633587786259,11.895674300254452,11.895674300254452,27.54,2647
12003,FL,Baker,8.868571428571428,8.43472,7.7597823,0.67493725,76.20865139949109,74.46808510638297,0.0,22.74173027989822,16.634860050890584,57.353885677585104,31.48854961832061,13.263358778625957,13.263358778625957,27.52,2648
13043,GA,Candler,10.31,10.265267,9.710714,0.55455303,35.08269720101781,78.3479349186483,,12.436386768447836,59.66921119592875,47.04560051380861,32.82442748091603,11.577608142493638,11.577608142493638,27.52,2648
55078,WI,Menominee,4.9275,4.7904534,4.399329,0.39112422,3.085241730279898,0.0,,7.410941475826973,0.0,14.64354527938343,21.469465648854964,9.128498727735368,9.128498727735368,27.44,2650
26085,MI,Lake,11.67,10.314826,8.99673,1.3180956,43.51145038167939,14.518147684605756,,40.64885496183206,0.0,21.965317919075144,23.727735368956743,22.041984732824428,22.041984732824428,27.39,2651
41021,OR,Gilliam,8.948333333333334,9.515016,9.570688,-0.055672485,88.29516539440203,,,6.965648854961833,15.807888040712466,12.909441233140656,1.367684478371501,2.735368956743003,2.735368956743003,27.38,2652
13011,GA,Banks,8.928571428571429,9.153971,8.495212,0.65875995,24.395674300254452,60.78431372549019,,19.720101781170484,54.834605597964384,26.043673731535005,37.340966921119595,12.404580152671755,12.404580152671755,27.2,2653
30065,MT,Musselshell,9.25,11.148507,10.144807,1.0037007,91.92111959287533,,,15.521628498727736,24.87277353689567,17.597944765574823,8.110687022900763,17.048346055979643,17.048346055979643,27.1,2654
31073,NE,Gosper,6.34,6.924862,6.412053,0.5128094,22.010178117048344,,,2.067430025445293,86.19592875318067,10.244059087989724,20.388040712468193,9.82824427480916,9.82824427480916,26.93,2655
27069,MN,Kittson,7.594285714285713,7.5896506,7.4315805,0.15806995,74.45928753180662,,,13.549618320610689,54.64376590330788,5.684007707129094,13.549618320610689,4.802798982188295,4.802798982188295,26.91,2656
51610,VA,Falls Church City,4.708571428571427,4.3382545,4.401736,-0.06348137,0.127226463104326,53.733833959115564,,5.438931297709924,0.0,31.438664097623636,12.97709923664122,1.622137404580153,1.622137404580153,26.87,2657
13017,GA,Ben Hill,8.287142857142857,9.252801,7.615148,1.6376523,42.39821882951654,77.2215269086358,,23.25063613231552,61.48218829516539,41.84328837508029,64.66284987277355,25.41348600508906,25.41348600508906,26.83,2658
26083,MI,Keweenaw,8.484,8.837949,8.959143,-0.121194005,15.298982188295165,0.0,14.8,5.025445292620865,12.563613231552162,3.082851637764933,1.78117048346056,0.66793893129771,0.66793893129771,26.8,2659
51750,VA,Radford City,7.414285714285714,7.841605,7.8173375,0.024267843,2.703562340966921,28.452231956612433,,11.418575063613233,0.0,0.0,8.142493638676845,2.639949109414758,2.639949109414758,26.77,2660
13199,GA,Meriwether,8.617142857142857,9.312518,8.10748,1.2050388,44.6882951653944,53.7755527743012,,35.273536895674305,64.15394402035624,42.51766217084136,45.06997455470738,19.21119592875318,19.21119592875318,26.76,2661
44001,RI,Bristol,8.741428571428571,8.229776,7.0014734,1.2283033,3.721374045801527,74.17605340008345,65.8,36.10050890585242,16.889312977099237,28.516377649325623,12.94529262086514,19.40203562340967,19.40203562340967,26.69,2662
30007,MT,Broadwater,12.607142857142858,11.874105,10.767539,1.1065671,72.90076335877863,,,19.083969465648856,30.438931297709924,8.92742453436095,5.120865139949109,17.68447837150127,17.68447837150127,26.69,2662
26095,MI,Luce,7.922857142857143,7.7062235,7.6613626,0.04486062,45.35623409669211,0.0,13.2,15.489821882951654,13.454198473282442,3.275529865125241,3.689567430025445,2.576335877862595,2.576335877862595,26.59,2664
48237,TX,Jack,9.414285714285715,5.803987,5.1241736,0.6798131,86.22773536895673,30.120984564038384,,10.05089058524173,75.31806615776081,59.12010276172126,41.38040712468193,11.38676844783715,11.38676844783715,26.54,2665
51036,VA,Charles City,6.55,6.39836,5.8621116,0.53624827,21.564885496183205,66.62494785148102,45.2,9.319338422391857,93.28880407124684,23.795761078998073,17.525445292620866,9.319338422391857,9.319338422391857,26.51,2666
30043,MT,Jefferson,9.061428571428571,8.966752,7.534191,1.4325613,89.05852417302799,,,29.42111959287532,19.751908396946565,10.083493898522802,5.661577608142494,21.564885496183205,21.564885496183205,26.34,2667
21087,KY,Green,10.075999999999999,9.270467,8.371594,0.89887255,4.293893129770993,31.956612432206928,,22.391857506361323,38.89949109414758,25.75465639049454,46.11959287531807,14.026717557251908,14.026717557251908,26.32,2668
12125,FL,Union,9.584,9.898767,9.219397,0.67937076,73.85496183206108,81.47684605757196,0.0,11.068702290076336,18.76590330788804,36.64097623635196,27.70356234096692,10.877862595419847,10.877862595419847,26.28,2669
29171,MO,Putnam,3.97,5.073407,4.5687094,0.5046978,40.108142493638674,11.889862327909889,,10.146310432569974,71.02417302798982,46.756583172768146,42.970737913486005,8.237913486005088,8.237913486005088,26.19,2670
31051,NE,Dixon,7.251666666666668,6.926767,6.37462,0.55214685,67.6526717557252,,,12.46819338422392,73.88676844783714,31.24598587026333,35.6234096692112,8.842239185750635,8.842239185750635,26.16,2671
51730,VA,Petersburg City,9.938571428571427,9.44561,8.309698,1.1359122,15.108142493638676,68.91948268669171,36.2,34.033078880407125,0.0,50.417469492614,28.975826972010175,16.9529262086514,16.9529262086514,26.12,2672
48379,TX,Rains,9.489999999999998,9.221952,8.28464,0.93731105,42.49363867684479,41.969128076762615,,12.5,56.99745547073791,47.94476557482338,62.11832061068703,14.090330788804073,14.090330788804073,26.08,2673
5053,AR,Grant,6.865714285714286,7.7987394,6.7464914,1.0522479,24.1412213740458,37.79724655819774,,16.730279898218832,18.956743002544528,61.143224149004496,54.42111959287532,15.712468193384224,15.712468193384224,26.08,2673
47083,TN,Houston,12.04857142857143,10.091065,9.21795,0.87311524,2.958015267175572,24.69753858990405,,13.994910941475828,30.884223918575067,26.94283879254977,45.865139949109405,13.104325699745548,13.104325699745548,26.04,2675
46117,SD,Stanley,4.608,5.0214605,4.711342,0.3101189,60.49618320610687,,,20.0381679389313,30.693384223918574,12.26718047527296,10.877862595419847,5.057251908396947,5.057251908396947,25.96,2676
20093,KS,Kearny,6.357142857142856,5.4623446,4.9133234,0.5490211,32.156488549618324,,,3.212468193384224,93.76590330788805,3.018625561978163,21.055979643765905,8.365139949109416,8.365139949109416,25.94,2677
31175,NE,Valley,11.824000000000002,10.199148,8.391128,1.8080202,66.34860050890585,,,12.05470737913486,89.44020356234098,8.895311496467565,30.53435114503817,26.017811704834603,26.017811704834603,25.93,2678
28161,MS,Yalobusha,9.14,9.5668125,8.216692,1.3501203,39.153944020356235,53.98414685022945,,19.147582697201017,44.81552162849873,57.835581245985864,49.23664122137404,19.529262086513995,19.529262086513995,25.9,2679
51115,VA,Mathews,7.147142857142858,7.02386,6.19659,0.8272704,40.13994910941476,70.58823529411765,80.0,11.60941475826972,48.854961832061065,25.112395632626843,16.825699745547073,12.181933842239186,12.181933842239186,25.9,2679
1087,AL,Macon,6.621428571428572,8.138755,6.478859,1.659896,52.83078880407125,68.87776387150605,,34.79643765903308,71.50127226463104,59.73025048169557,47.99618320610687,23.85496183206107,23.85496183206107,25.89,2681
2130,AK,Ketchikan Gateway,7.065714285714286,5.9033422,5.81366,0.08968217,10.941475826972011,,26.0,4.548346055979644,0.0,,0.190839694656489,1.685750636132316,1.685750636132316,25.82,2682
16023,ID,Butte,13.252857142857142,12.689345,12.389428,0.29991636,55.50254452926209,,,9.128498727735368,18.225190839694655,27.745664739884393,3.021628498727735,4.421119592875318,4.421119592875318,25.72,2683
8079,CO,Mineral,6.9125,7.836893,7.448703,0.38819075,45.801526717557245,,,7.474554707379134,0.0,0.0,2.321882951653944,5.438931297709924,5.438931297709924,25.6,2684
56041,WY,Uinta,8.258571428571429,8.428536,7.233506,1.1950294,83.49236641221374,,,34.06488549618321,17.779898218829516,0.0,10.400763358778626,16.698473282442748,16.698473282442748,25.57,2685
30101,MT,Toole,6.525714285714286,7.9158125,6.972553,0.9432599,47.900763358778626,,,17.779898218829516,39.82188295165393,11.368015414258188,3.848600508905852,13.008905852417302,13.008905852417302,25.49,2686
31105,NE,Kimball,9.972857142857142,9.003963,8.447821,0.5561423,55.216284987277355,,,7.315521628498728,78.72137404580153,3.821451509312781,23.85496183206107,7.569974554707379,7.569974554707379,25.49,2686
31045,NE,Dawes,7.112857142857144,7.4964857,7.0761046,0.42038104,81.29770992366412,,,6.106870229007633,66.73027989821882,9.441233140655106,21.564885496183205,5.566157760814249,5.566157760814249,25.44,2688
47137,TN,Pickett,8.612857142857143,9.163656,8.804284,0.35937232,12.05470737913486,35.586149353358365,,9.192111959287532,18.893129770992367,8.349389852280027,25.731552162849873,4.611959287531807,4.611959287531807,25.39,2689
47121,TN,Meigs,9.522857142857143,9.443124,8.504644,0.93847996,32.25190839694657,28.201919065498537,,21.278625954198475,39.726463104325695,19.043031470777137,35.55979643765903,12.72264631043257,12.72264631043257,25.38,2690
51600,VA,Fairfax City,5.702857142857143,6.066661,5.6447797,0.42188102,1.049618320610687,62.161034626616605,,13.517811704834608,0.0,42.10019267822736,20.10178117048346,5.279898218829516,5.279898218829516,25.29,2691
16075,ID,Payette,13.004285714285714,12.431998,11.160008,1.2719895,89.98091603053437,,,33.9058524173028,14.790076335877863,48.522800256904304,6.71119592875318,17.111959287531807,17.111959287531807,25.23,2692
13169,GA,Jones,8.317142857142857,9.018149,7.794571,1.223579,60.14631043256997,62.57822277847309,,27.989821882951656,46.342239185750635,64.57931920359667,39.98091603053435,16.380407124681934,16.380407124681934,25.21,2693
21061,KY,Edmonson,7.13,8.886781,8.043193,0.84358746,3.498727735368957,16.270337922403,,18.575063613231553,26.08142493638677,28.45215157353886,40.903307888040715,11.036895674300254,11.036895674300254,25.2,2694
5025,AR,Cleveland,4.598571428571428,7.5323234,6.792052,0.7402721,25.41348600508906,51.27242386316229,,13.931297709923664,19.65648854961832,52.247912652536925,40.36259541984733,9.478371501272264,9.478371501272264,25.15,2695
51690,VA,Martinsville City,8.852857142857143,9.317306,8.566819,0.7504856,0.604325699745547,59.32415519399249,,23.059796437659035,0.0,17.79062299293513,26.8765903307888,9.573791348600508,9.573791348600508,25.13,2696
19159,IA,Ringgold,8.537142857142857,8.136853,7.0432944,1.0935583,32.474554707379134,7.717980809345015,,4.961832061068702,93.79770992366413,63.19845857418112,31.520356234096692,14.153944020356237,14.153944020356237,25.01,2697
8081,CO,Moffat,8.464285714285714,8.728506,7.784973,0.9435334,87.46819338422391,,,30.693384223918574,34.31933842239186,1.894669235709698,2.703562340966921,12.05470737913486,12.05470737913486,25.01,2697
55011,WI,Buffalo,8.595714285714285,8.31799,7.1798825,1.1381079,4.262086513994911,0.0,,24.618320610687025,40.93511450381679,29.99357739242132,36.38676844783715,14.53562340966921,14.53562340966921,24.88,2699
25007,MA,Dukes,11.355714285714287,10.878604,9.563338,1.3152666,27.86259541984733,80.76762619941593,55.400000000000006,31.99745547073791,19.87913486005089,8.156711624919717,10.655216284987278,16.793893129770993,16.793893129770993,24.77,2700
51685,VA,Manassas Park City,7.352857142857142,7.3883433,6.9052043,0.4831389,0.381679389312977,54.86024196912808,,15.108142493638676,0.0,43.19203596660244,16.634860050890584,4.930025445292621,4.930025445292621,24.68,2701
31135,NE,Perkins,6.712000000000001,6.5749373,6.1271243,0.44781265,17.20737913486005,,,2.258269720101781,72.2328244274809,8.50995504174695,19.720101781170484,4.357506361323155,4.357506361323155,24.64,2702
26003,MI,Alger,7.284285714285715,8.16716,7.3431654,0.82399464,28.912213740458014,0.0,15.4,22.041984732824428,16.603053435114504,4.752729608220937,9.064885496183203,9.605597964376592,9.605597964376592,24.62,2703
20195,KS,Trego,4.215,3.9034517,3.5640903,0.33936125,46.81933842239186,,,3.562340966921119,63.45419847328244,4.56005138086063,29.03944020356234,2.703562340966921,2.703562340966921,24.57,2704
26135,MI,Oscoda,8.732857142857142,10.661453,9.4318075,1.2296458,75.98600508905852,17.104714226115977,,25.540712468193384,0.0,10.115606936416183,22.74173027989822,15.139949109414758,15.139949109414758,24.54,2705
18159,IN,Tipton,8.574285714285713,8.127019,7.3365097,0.79050857,1.399491094147583,14.226115978306217,,18.861323155216287,49.52290076335878,28.548490687219015,42.17557251908397,8.874045801526718,8.874045801526718,24.49,2706
47027,TN,Clay,13.518333333333333,12.55321,11.435554,1.1176568,4.071246819338422,35.41927409261577,,27.67175572519084,26.33587786259542,17.18047527296082,38.48600508905852,13.295165394402035,13.295165394402035,24.4,2707
48425,TX,Somervell,9.041428571428572,8.891513,7.942145,0.94936836,81.04325699745547,42.92866082603254,,20.06997455470738,43.79770992366412,28.7732819524727,42.74809160305343,10.814249363867685,10.814249363867685,24.34,2708
46061,SD,Hanson,7.558,7.65318,6.409374,1.2438052,54.834605597964384,,,15.044529262086517,80.62977099236642,16.056518946692357,43.54325699745547,14.821882951653944,14.821882951653944,24.28,2709
51735,VA,Poquoson City,5.574285714285714,6.719195,6.3105683,0.4086267,17.36641221374046,60.450563204005,62.4,7.061068702290077,0.0,21.61207450224791,13.008905852417302,2.353689567430025,2.353689567430025,23.91,2710
18131,IN,Pulaski,9.751428571428573,8.016115,6.9632683,1.0528469,1.940203562340967,31.080517313308302,,18.352417302798983,18.606870229007633,30.28259473346179,34.63740458015267,11.19592875318066,11.19592875318066,23.81,2711
13231,GA,Pike,8.860000000000001,9.075467,8.243113,0.8323549,33.651399491094146,50.22945348352107,,20.229007633587788,51.20865139949109,35.42068079640334,29.739185750636132,8.0470737913486,8.0470737913486,23.78,2712
55091,WI,Pepin,7.664285714285714,8.343452,7.5620794,0.7813733,2.194656488549618,0.0,,16.221374045801525,34.51017811704835,22.8965960179833,30.947837150127228,7.188295165394402,7.188295165394402,23.71,2713
13093,GA,Dooly,9.656666666666666,6.8267703,5.4840007,1.34277,42.652671755725194,75.13558614935336,,15.648854961832065,90.55343511450383,42.035966602440595,28.880407124681938,14.949109414758269,14.949109414758269,23.65,2714
51830,VA,Williamsburg City,8.372857142857143,7.784622,7.32661,0.4580125,8.237913486005088,66.95869837296621,37.4,6.615776081424936,0.0,24.887604367373154,18.956743002544528,2.417302798982188,2.417302798982188,23.59,2715
30059,MT,Meagher,10.430000000000001,11.941006,11.413054,0.52795243,68.41603053435115,,,9.701017811704835,20.769720101781168,3.853564547206165,5.216284987277354,2.798982188295165,2.798982188295165,23.29,2716
37029,NC,Camden,8.31,7.892675,7.3673663,0.5253092,24.013994910941474,72.4238631622862,50.2,6.297709923664121,32.91984732824427,24.020552344251765,13.64503816793893,2.544529262086514,2.544529262086514,23.18,2717
13197,GA,Marion,8.84,8.499397,7.671947,0.82745004,49.49109414758271,61.410095953274926,,12.849872773536896,71.2468193384224,34.200385356454724,25.318066157760818,6.71119592875318,6.71119592875318,23.14,2718
19071,IA,Fremont,8.061428571428571,7.3754797,5.954612,1.4208679,36.83206106870229,0.0,,18.416030534351144,79.83460559796438,51.76621708413616,45.67430025445292,14.980916030534353,14.980916030534353,23.11,2719
8057,CO,Jackson,9.722500000000002,9.428232,8.234773,1.19346,23.982188295165393,,,5.820610687022901,0.0,0.0,3.371501272264631,11.768447837150129,11.768447837150129,23.1,2720
48193,TX,Hamilton,9.632857142857144,9.697664,8.399534,1.2981302,84.86005089058524,46.85022945348352,,17.111959287531807,50.286259541984734,29.09441233140655,46.596692111959285,12.849872773536896,12.849872773536896,22.91,2721
51570,VA,Colonial Heights City,8.397142857142857,8.0096855,7.19264,0.81704587,1.717557251908397,58.9904046725073,43.0,19.561068702290076,0.0,29.25497752087348,21.62849872773537,6.043256997455471,6.043256997455471,22.88,2722
13149,GA,Heard,8.879999999999999,9.575945,8.274834,1.3011122,51.590330788804074,56.11180642469754,,22.29643765903308,53.53053435114504,27.71355170199101,51.74936386768449,12.818066157760812,12.818066157760812,22.87,2723
13263,GA,Talbot,4.333333333333333,7.675045,7.082123,0.5929217,40.458015267175576,53.56695869837298,,9.764631043256998,41.698473282442755,28.163134232498393,26.653944020356235,2.862595419847328,2.862595419847328,22.86,2724
47127,TN,Moore,10.617142857142856,8.801027,7.701127,1.0999,2.417302798982188,32.58239465999166,,19.24300254452926,26.97201017811705,17.276814386640975,50.540712468193384,9.923664122137405,9.923664122137405,22.83,2725
56017,WY,Hot Springs,7.964285714285714,9.408891,7.8605676,1.5483235,66.4440203562341,,,39.3765903307888,16.348600508905854,5.362877328195247,11.38676844783715,16.0941475826972,16.0941475826972,22.77,2726
13159,GA,Jasper,10.585714285714285,9.470064,8.47554,0.99452484,41.412213740458014,50.563204005006256,,19.910941475826966,53.30788804071247,37.57225433526011,30.59796437659033,8.078880407124682,8.078880407124682,22.65,2727
51520,VA,Bristol City,9.528571428571428,9.175031,8.119888,1.0551416,0.636132315521628,33.166458072590736,,23.123409669211195,0.0,0.0,16.50763358778626,8.619592875318066,8.619592875318066,22.49,2728
35028,NM,Los Alamos,10.040000000000001,9.188142,8.4797125,0.70842963,83.39694656488551,,,11.100508905852417,0.0,6.326268464996788,3.784987277353689,3.594147582697201,3.594147582697201,22.41,2729
8109,CO,Saguache,8.6925,7.836395,6.3593307,1.4770641,64.12213740458014,,,17.4618320610687,83.68320610687023,8.44572896596018,7.951653944020356,14.249363867684478,14.249363867684478,22.35,2730
30097,MT,Sweet Grass,10.315999999999999,9.973579,8.918871,1.0547081,88.10432569974553,,,19.6882951653944,18.161577608142498,6.583172768143866,3.753180661577608,8.142493638676845,8.142493638676845,22.26,2731
13317,GA,Wilkes,9.956,10.568176,9.169851,1.3983241,34.70101781170484,73.04964539007092,,15.680661577608143,64.31297709923665,43.09569685292229,29.325699745547073,12.91348600508906,12.91348600508906,22.23,2732
32033,NV,White Pine,8.34,8.547996,7.17373,1.3742657,84.19211195928753,,,24.1412213740458,48.56870229007634,20.03853564547206,1.017811704834606,12.5,12.5,22.19,2733
47169,TN,Trousdale,10.415714285714285,9.883437,8.959236,0.92420065,3.148854961832061,7.259073842302878,,13.358778625954198,20.451653944020357,19.653179190751445,32.1882951653944,6.106870229007633,6.106870229007633,22.15,2734
32027,NV,Pershing,11.3125,10.411282,9.448501,0.9627811,87.30916030534351,,,7.506361323155216,76.7175572519084,32.30571612074502,1.176844783715013,6.011450381679389,6.011450381679389,21.83,2735
48009,TX,Archer,8.667142857142858,8.721621,7.6093454,1.1122752,84.35114503816794,28.82770129328327,,8.619592875318066,70.80152671755725,41.52215799614643,31.743002544529265,7.697201017811704,7.697201017811704,21.63,2736
53013,WA,Columbia,9.005714285714285,8.259616,7.0642066,1.1954088,73.34605597964376,,,30.661577608142498,14.853689567430026,25.56197816313423,3.212468193384224,8.555979643765903,8.555979643765903,21.47,2737
30023,MT,Deer Lodge,14.388571428571428,11.295033,9.446708,1.8483258,73.60050890585242,,,10.527989821882953,15.267175572519085,7.385998715478484,5.534351145038168,17.58905852417303,17.58905852417303,21.4,2738
30077,MT,Powell,12.005714285714285,9.885789,8.565841,1.3199474,86.35496183206108,,,15.776081424936386,21.81933842239186,5.908798972382788,2.162849872773537,9.955470737913483,9.955470737913483,21.3,2739
53023,WA,Garfield,9.608571428571429,9.734991,9.007575,0.7274162,69.21119592875317,,,10.337150127226463,14.631043256997456,14.900449582530506,2.099236641221374,1.590330788804071,1.590330788804071,21.27,2740
39163,OH,Vinton,8.858571428571429,8.645219,7.1810064,1.4642127,4.039440203562341,33.41677096370463,,34.605597964376585,40.394402035623415,41.93962748876043,21.342239185750635,11.800254452926207,11.800254452926207,21.2,2741
27087,MN,Mahnomen,8.726,8.992177,7.859094,1.1330829,58.301526717557245,,,11.545801526717558,65.9033078880407,11.59280667951188,22.932569974554703,7.124681933842239,7.124681933842239,21.19,2742
30025,MT,Fallon,1.9583333333333333,3.3456023,2.2692819,1.0763206,56.52035623409669,,,5.534351145038168,20.13358778625954,13.19845857418112,10.527989821882953,5.407124681933842,5.407124681933842,20.73,2743
1037,AL,Coosa,7.978,8.79471,7.0474105,1.7472985,64.44020356234097,55.15227367542762,,34.25572519083969,20.35623409669211,39.30635838150289,37.27735368956743,14.567430025445294,14.567430025445294,20.6,2744
40033,OK,Cotton,5.774,6.598474,5.5236278,1.0748459,67.01653944020356,21.860659157279933,,6.488549618320611,73.60050890585242,33.55812459858703,28.276081424936393,4.89821882951654,4.89821882951654,20.48,2745
13221,GA,Oglethorpe,10.721428571428572,9.713699,8.402701,1.310998,29.389312977099237,65.62369628702544,,13.83587786259542,62.88167938931297,32.20937700706487,28.72137404580153,8.110687022900763,8.110687022900763,20.43,2746
49029,UT,Morgan,10.332857142857142,10.069918,9.090189,0.97972786,84.0966921119593,,,10.687022900763358,23.155216284987276,7.931920359666024,5.566157760814249,3.466921119592875,3.466921119592875,20.43,2746
13165,GA,Jenkins,19.19,18.36326,16.853111,1.510148,32.06106870229007,75.2607425949103,,15.012722646310433,67.08015267175573,44.47655748233783,30.725190839694655,10.750636132315522,10.750636132315522,20.35,2748
49033,UT,Rich,17.002000000000002,13.098961,12.288759,0.8102006,75.89058524173028,,,3.021628498727735,29.42111959287532,1.798330122029544,2.830788804071247,0.826972010178117,0.826972010178117,20.3,2749
13141,GA,Hancock,9.928571428571429,10.41392,8.776065,1.6378567,54.07124681933843,62.11931581143095,,26.8765903307888,60.464376590330794,43.54527938342967,28.848600508905857,11.863867684478372,11.863867684478372,20.01,2750
49019,UT,Grand,10.18857142857143,9.690808,8.156859,1.5339488,58.5559796437659,,,25.381679389312975,38.80407124681934,32.273603082851636,4.961832061068702,10.2735368956743,10.2735368956743,19.94,2751
56035,WY,Sublette,9.135714285714286,10.03299,7.68925,2.3437405,87.72264631043257,,,21.4058524173028,20.388040712468193,0.0,5.788804071246819,21.62849872773537,21.62849872773537,19.94,2751
8065,CO,Lake,11.845714285714285,10.927183,9.692375,1.2348081,23.40966921119593,,,8.746819338422391,0.0,0.0,8.365139949109416,5.661577608142494,5.661577608142494,19.74,2753
13319,GA,Wilkinson,8.858333333333333,7.7173386,6.5546412,1.1626972,41.88931297709924,63.20400500625782,,8.778625954198473,63.104325699745544,45.11881824020552,16.571246819338423,4.643765903307888,4.643765903307888,19.73,2754
26097,MI,Mackinac,11.75,10.434507,8.943331,1.4911764,47.614503816793885,15.269086357947431,36.8,29.67557251908397,0.0,4.399486191393706,9.319338422391857,9.096692111959287,9.096692111959287,19.65,2755
31169,NE,Thayer,23.709999999999997,20.868858,17.199903,3.6689548,44.72010178117048,,,22.201017811704833,85.59160305343512,24.405908798972384,49.26844783715013,38.39058524173028,38.39058524173028,19.01,2756
49007,UT,Carbon,11.129999999999999,10.71068,9.13622,1.5744613,66.82569974554707,,,22.7735368956743,30.916030534351147,26.140012845215153,12.340966921119591,8.68320610687023,8.68320610687023,18.86,2757
47171,TN,Unicoi,9.632857142857144,6.9243026,5.1795874,1.7447157,32.50636132315521,34.16770963704631,,27.417302798982192,0.0,1.766217084136159,17.4618320610687,10.591603053435112,10.591603053435112,18.62,2758
16041,ID,Franklin,12.458571428571428,11.940814,10.367477,1.5733372,78.7849872773537,,,17.39821882951654,16.50763358778626,26.557482337829157,3.244274809160305,7.633587786259542,7.633587786259542,18.34,2759
47175,TN,Van Buren,12.145714285714286,9.644038,8.407796,1.2362431,36.291348600508904,18.60659157279933,,7.538167938931298,26.717557251908396,3.050738599871548,27.449109414758272,2.671755725190839,2.671755725190839,18.22,2760
16007,ID,Bear Lake,12.661428571428571,12.187715,10.668399,1.5193146,78.37150127226464,,,7.220101781170484,15.394402035623408,5.491329479768786,2.003816793893129,6.583969465648855,6.583969465648855,18.19,2761
13171,GA,Lamar,10.404285714285715,9.916979,8.311288,1.6056912,34.86005089058524,64.91447642886942,,15.235368956743004,52.2264631043257,38.953114964675656,34.70101781170484,7.792620865139948,7.792620865139948,18.19,2761
12077,FL,Liberty,12.075999999999999,11.794017,9.772654,2.0213633,68.60687022900763,82.06090947017105,28.6,8.9058524173028,13.61323155216285,24.11689145793192,28.307888040712474,12.659033078880409,12.659033078880409,17.7,2763
20107,KS,Linn,10.504285714285714,9.537048,7.53723,1.9998186,36.323155216284995,10.972048393825617,,22.932569974554703,40.87150127226463,45.600513808606294,38.8676844783715,12.245547073791348,12.245547073791348,17.65,2764
47057,TN,Grainger,9.837142857142856,10.474541,7.975309,2.4992316,48.69592875318066,24.947851481017935,,33.5559796437659,42.589058524173026,14.290301862556198,39.153944020356235,18.606870229007633,18.606870229007633,17.32,2765
32017,NV,Lincoln,21.34,20.51379,17.491337,3.0224533,91.60305343511449,,,38.963104325699746,62.69083969465649,25.14450867052023,1.11323155216285,25.92239185750636,25.92239185750636,17.3,2766
39067,OH,Harrison,8.967142857142857,7.401735,5.3824644,2.0192711,16.9529262086514,34.751773049645394,,27.32188295165394,60.33715012722646,26.78227360308285,18.225190839694655,11.418575063613233,11.418575063613233,17.09,2767
18115,IN,Ohio,11.54857142857143,11.14491,9.677072,1.4678384,0.89058524173028,7.050479766374634,,7.760814249363868,22.678117048346056,11.84971098265896,34.478371501272264,3.371501272264631,3.371501272264631,16.94,2768
16029,ID,Caribou,11.082857142857142,11.687829,9.816124,1.8717058,80.97964376590332,,,10.655216284987278,18.00254452926209,9.055876685934487,3.11704834605598,7.220101781170484,7.220101781170484,16.02,2769
20003,KS,Anderson,12.665714285714285,12.014518,9.387147,2.6273706,37.150127226463106,0.0,,19.1793893129771,76.01781170483459,53.17919075144509,40.71246819338422,17.8117048346056,17.8117048346056,16.01,2770
47173,TN,Union,11.545714285714284,11.083092,8.731949,2.3511426,50.413486005089055,22.987067167292448,,26.049618320610683,0.0,11.624919717405266,35.30534351145038,12.881679389312978,12.881679389312978,15.48,2771
16063,ID,Lincoln,14.865714285714287,14.308851,12.214449,2.0944016,92.04834605597965,,,14.408396946564888,18.575063613231553,40.17341040462428,3.912213740458016,9.064885496183203,9.064885496183203,15.38,2772
49013,UT,Duchesne,8.871428571428572,8.743393,6.606914,2.136479,80.43893129770991,,,15.330788804071249,49.68193384223918,21.001926782273603,7.029262086513994,7.601781170483461,7.601781170483461,14.34,2773
49047,UT,Uintah,9.868571428571428,9.832808,7.5705686,2.2622387,71.37404580152672,,,10.2735368956743,51.590330788804074,26.493256262042394,9.605597964376592,3.975826972010178,3.975826972010178,11.63,2774
28009,MS,Benton,16.833333333333332,14.818095,11.660417,3.1576786,50.38167938931297,37.38005840634126,,14.249363867684478,39.3765903307888,49.13294797687861,54.898218829516544,15.235368956743004,15.235368956743004,10.97,2775
48119,TX,Delta,13.958333333333334,10.67361,7.903274,2.770335,39.599236641221374,41.38506466416354,,6.361323155216285,79.6119592875318,36.28773281952473,49.30025445292621,8.9058524173028,8.9058524173028,10.52,2776
16061,ID,Lewis,12.5175,11.750895,9.284609,2.4662843,85.94147582697201,,,11.991094147582697,15.330788804071249,19.332048811817597,2.798982188295165,3.085241730279898,3.085241730279898,9.74,2777
5101,AR,Newton,12.331999999999999,12.597153,9.036663,3.5604904,50.98600508905853,17.688777638715063,,21.310432569974555,0.0,37.12267180475273,51.11323155216285,18.447837150127228,18.447837150127228,9.74,2777
49015,UT,Emery,10.117142857142856,9.389197,6.1563373,3.2328594,59.28753180661578,,,12.404580152671755,40.458015267175576,32.080924855491325,5.057251908396947,6.997455470737914,6.997455470737914,6.3,2779
49055,UT,Wayne,15.148,11.603279,8.439755,3.1635237,53.68956743002544,,,6.902035623409669,31.01145038167939,39.59537572254335,2.2264631043257,1.876590330788804,1.876590330788804,4.21,2780
